time,elapsed_s,hr_bpm,hr_conf,spo2_pct,spo2_conf,spo2_level,spo2_r,spo2_flags,hrv_rmssd_ms,hrv_conf,hrv_rri_in_window,resp_rpm,resp_windows,wear,motion,motion_mg,acc_g,ppg_green_raw,agc,rhr,lost_frames
2026-09-20 11:01:15,1.0,49,84,,0,0,,0,,0,0,,0,未知,unknown,0.0,0.119 0.451 -0.881,13176687 13519950 15125344 15491128,g2/12mA/12mA g2/12mA/12mA g8/12mA/12mA g3/12mA/12mA,,0
2026-09-20 11:01:16,2.0,48,87,95,4,5,0.6788,57,,30,0,,0,未知,unknown,0.0,0.137 0.492 -0.852,13176610 13520428 15122554 15491131,g2/12mA/12mA g2/12mA/12mA g8/12mA/12mA g3/12mA/12mA,,0
2026-09-20 11:01:17,3.1,47,91,95,5,5,0.6523,56,,30,0,,0,未知,still,1.4,0.117 0.449 -0.885,13177463 13521170 15126188 15490165,g2/12mA/12mA g2/12mA/12mA g8/12mA/12mA g3/12mA/12mA,,0
2026-09-20 11:01:18,4.1,46,89,95,5,2,0.7219,56,,30,0,,0,未知,still,1.0,0.137 0.492 -0.852,13178418 13521597 15125378 15487614,g2/12mA/12mA g2/12mA/12mA g8/12mA/12mA g3/12mA/12mA,,0
2026-09-20 11:01:19,5.1,46,88,95,5,2,0.7219,56,,30,0,,0,未知,still,1.7,0.119 0.449 -0.883,13178179 13522033 15126896 15487554,g2/12mA/12mA g2/12mA/12mA g8/12mA/12mA g3/12mA/12mA,,0
2026-09-20 11:01:20,6.2,46,88,95,21,5,0.6764,48,,30,0,,0,未知,still,1.2,0.117 0.449 -0.881,13178931 13522417 15127450 15487878,g2/12mA/12mA g2/12mA/12mA g8/12mA/12mA g3/12mA/12mA,,0
2026-09-20 11:01:21,7.2,45,96,96,21,2,0.6898,56,,30,0,,0,未知,still,1.2,0.119 0.449 -0.883,13178726 13522706 15127221 15487444,g2/12mA/12mA g2/12mA/12mA g8/12mA/12mA g3/12mA/12mA,,0
2026-09-20 11:01:22,8.2,45,98,95,0,5,0.6838,56,,30,0,,0,未知,still,1.0,0.119 0.449 -0.883,13178400 13523208 15126009 15487444,g2/12mA/12mA g2/12mA/12mA g8/12mA/12mA g3/12mA/12mA,,0
2026-09-20 11:01:23,9.2,45,95,95,0,5,0.6838,56,,30,0,,0,未知,still,1.0,0.117 0.451 -0.883,13178429 13523388 15126034 15486805,g2/12mA/12mA g2/12mA/12mA g8/12mA/12mA g3/12mA/12mA,,0
2026-09-20 11:01:24,10.3,46,92,96,0,2,0.7076,56,,30,0,,0,未知,still,0.8,0.117 0.449 -0.883,13181506 13522613 15125011 15480927,g2/12mA/12mA g2/12mA/12mA g8/12mA/12mA g3/12mA/12mA,,0
2026-09-20 11:01:25,11.3,46,92,96,0,2,0.7184,56,,30,0,,0,未知,still,0.8,0.117 0.451 -0.883,13181644 13522748 15122487 15481070,g2/12mA/12mA g2/12mA/12mA g8/12mA/12mA g3/12mA/12mA,,0
2026-09-20 11:01:26,12.3,47,91,96,1,2,0.7096,60,,30,0,,0,未知,still,0.4,0.137 0.492 -0.854,13181610 13523159 15125402 15480516,g2/12mA/12mA g2/12mA/12mA g8/12mA/12mA g3/12mA/12mA,,0
2026-09-20 11:01:27,13.3,46,91,96,1,2,0.7096,60,,30,0,,0,未知,still,0.8,0.119 0.451 -0.881,13181548 13523276 15133279 15480370,g2/12mA/12mA g2/12mA/12mA g8/12mA/12mA g3/12mA/12mA,,0
2026-09-20 11:01:28,14.4,46,91,95,1,2,0.6954,60,,30,0,,0,未佩戴,light,46.7,-0.037 -0.076 -1.008,13114503 13754629 15418186 15109749,g2/12mA/12mA g2/12mA/12mA g8/12mA/12mA g3/12mA/12mA,,0
2026-09-20 11:01:29,15.4,46,91,96,19,2,0.7030,29,,30,0,,0,未佩戴,light,46.7,0.162 0.336 -0.879,8409775 8398674 8768821 8410321,g2/12mA/12mA g2/12mA/12mA g8/12mA/12mA g3/12mA/12mA,,0
2026-09-20 11:01:30,16.4,50,91,96,19,2,0.7030,29,,30,0,,0,未佩戴,active,88.1,0.000 0.254 -0.924,8402863 8393154 8573839 8396953,g2/12mA/12mA g2/12mA/12mA g7/12mA/12mA g2/12mA/12mA,,0
2026-09-20 11:01:31,17.4,53,91,95,19,2,0.7161,29,,30,0,,0,已佩戴,active,74.6,-0.271 0.051 -0.994,16536293 16570316 16546335 16500334,g8/153mA/153mA g8/153mA/153mA g8/153mA/153mA g8/153mA/153mA,,0
2026-09-20 11:01:32,18.4,57,91,95,19,5,0.6815,29,,30,0,,0,已佩戴,active,204.4,-0.088 -0.023 -1.084,16534748 16570204 16522344 16536089,g7/153mA/153mA g7/153mA/153mA g7/153mA/153mA g7/153mA/153mA,,0
2026-09-20 11:01:33,19.5,57,91,95,19,2,0.7125,21,,30,0,,0,已佩戴,active,204.4,-0.088 -0.023 -1.084,16534748 16570204 16522344 16536089,g7/153mA/153mA g7/153mA/153mA g7/153mA/153mA g7/153mA/153mA,,0
2026-09-20 11:01:34,20.5,60,91,95,19,2,0.7125,21,,20,0,,0,已佩戴,active,128.1,0.000 0.146 -0.867,16541173 16571631 16544937 16534058,g6/153mA/153mA g6/153mA/153mA g6/153mA/153mA g6/153mA/153mA,,0
2026-09-20 11:01:35,21.5,62,91,96,19,2,0.7241,21,,20,0,,0,已佩戴,active,93.2,-0.100 -0.055 -0.980,8415225 12330172 13809952 15548861,g0/12mA/12mA g8/12mA/12mA g8/12mA/12mA g8/12mA/12mA,,0
2026-09-20 11:01:36,22.5,63,91,95,19,2,0.7420,21,,20,0,,0,已佩戴,light,24.6,-0.004 0.189 -0.953,11580747 13010883 10886318 11615988,g5/83mA/83mA g5/83mA/83mA g4/83mA/83mA g4/83mA/83mA,,0
2026-09-20 11:01:37,23.6,63,91,94,18,2,0.7488,21,,20,0,,0,已佩戴,light,24.6,-0.004 0.189 -0.953,11580747 13010883 10886318 11615988,g5/83mA/83mA g5/83mA/83mA g4/83mA/83mA g4/83mA/83mA,,0
2026-09-20 11:01:38,24.6,67,94,94,18,2,0.7488,21,,20,0,,0,已佩戴,light,35.2,0.023 0.225 -0.932,11549889 12952400 10831130 11740315,g5/83mA/83mA g5/83mA/83mA g4/83mA/83mA g4/83mA/83mA,,0
2026-09-20 11:01:39,25.6,68,94,95,20,2,0.7383,4,,20,0,,0,已佩戴,still,10.3,-0.037 0.072 -0.990,11443298 12738624 10723201 11648919,g5/83mA/83mA g5/83mA/83mA g4/83mA/83mA g4/83mA/83mA,,0
2026-09-20 11:01:41,26.6,67,94,95,19,2,0.7301,20,,20,0,,0,已佩戴,still,7.4,0.027 0.242 -0.938,11371030 12573304 10662338 11632199,g5/83mA/83mA g5/83mA/83mA g4/83mA/83mA g4/83mA/83mA,,0
2026-09-20 11:01:42,27.7,67,94,95,19,2,0.7139,20,,20,0,,0,已佩戴,still,7.4,0.027 0.242 -0.938,11371030 12573304 10662338 11632199,g5/83mA/83mA g5/83mA/83mA g4/83mA/83mA g4/83mA/83mA,,0
2026-09-20 11:01:43,28.7,63,96,95,19,2,0.7139,20,,20,0,,0,已佩戴,still,8.9,0.031 0.238 -0.928,11395984 12522315 10656844 11663679,g5/83mA/83mA g5/83mA/83mA g4/83mA/83mA g4/83mA/83mA,,0
2026-09-20 11:01:44,29.7,62,97,95,40,2,0.7340,16,,20,0,,0,已佩戴,still,10.2,-0.027 0.086 -0.994,11219678 12251096 10535564 11503496,g5/83mA/83mA g5/83mA/83mA g4/83mA/83mA g4/83mA/83mA,,0
2026-09-20 11:01:45,30.8,62,97,94,27,2,0.7283,32,,20,0,,0,已佩戴,still,10.2,-0.027 0.086 -0.994,11219678 12251096 10535564 11503496,g5/83mA/83mA g5/83mA/83mA g4/83mA/83mA g4/83mA/83mA,,0
2026-09-20 11:01:46,31.8,60,98,94,27,2,0.7283,32,,20,0,,0,已佩戴,still,4.1,-0.025 0.084 -0.990,11139647 12100999 10478885 11429463,g5/83mA/83mA g5/83mA/83mA g4/83mA/83mA g4/83mA/83mA,,0
2026-09-20 11:01:47,32.8,59,98,95,19,2,0.8122,20,,20,0,,0,已佩戴,still,5.5,-0.047 0.084 -1.010,11135354 12144252 10501150 11476690,g5/83mA/83mA g5/83mA/83mA g4/83mA/83mA g4/83mA/83mA,,0
2026-09-20 11:01:48,33.8,58,98,94,19,2,0.7736,20,,20,0,,0,已佩戴,light,29.0,0.004 0.221 -0.936,11004647 12032151 10393341 11370400,g5/83mA/83mA g5/83mA/83mA g4/83mA/83mA g4/83mA/83mA,,0
2026-09-20 11:01:49,34.9,58,98,94,19,2,0.7736,20,,20,0,,0,已佩戴,light,44.5,-0.055 0.082 -0.988,11010039 12034404 10393845 11341666,g5/83mA/83mA g5/83mA/83mA g4/83mA/83mA g4/83mA/83mA,,0
2026-09-20 11:01:50,35.9,56,98,94,19,2,0.7736,20,,20,0,,0,已佩戴,light,44.5,-0.053 0.076 -0.990,11095564 12189202 10469099 11408782,g5/83mA/83mA g5/83mA/83mA g4/83mA/83mA g4/83mA/83mA,,0
2026-09-20 11:01:51,36.9,57,98,94,19,2,0.7388,28,,10,0,,0,已佩戴,still,6.4,-0.088 0.068 -0.980,11222229 12774720 10162947 11315919,g5/83mA/83mA g5/83mA/83mA g4/83mA/83mA g4/83mA/83mA,,0
2026-09-20 11:01:52,37.9,57,98,96,19,2,0.7175,28,,10,0,,0,已佩戴,still,18.5,-0.166 0.029 -0.988,16398154 16472104 16417753 11042696,g5/83mA/83mA g5/83mA/83mA g4/83mA/83mA g4/83mA/83mA,,0
2026-09-20 11:01:53,38.9,57,98,95,19,2,0.7147,20,,10,0,,0,已佩戴,still,18.5,-0.166 0.029 -0.988,16398154 16472104 16417753 11042696,g5/83mA/83mA g5/83mA/83mA g4/83mA/83mA g4/83mA/83mA,,0
2026-09-20 11:01:54,40.0,59,98,95,19,2,0.7660,28,,20,0,,0,已佩戴,light,29.2,-0.068 -0.154 -0.926,16461457 16260351 16333011 16442987,g5/83mA/83mA g5/83mA/83mA g5/83mA/83mA g4/83mA/83mA,,0
2026-09-20 11:01:55,41.0,60,99,94,19,2,0.7349,21,,20,0,,0,已佩戴,active,102.8,0.000 -0.367 -0.787,12885609 14908812 12237781 10560808,g5/48mA/48mA g5/48mA/48mA g5/48mA/48mA g3/48mA/48mA,,0
2026-09-20 11:01:56,42.0,61,98,95,1,2,0.6965,53,,20,0,,0,已佩戴,active,116.9,0.008 0.033 -1.066,8566331 15458097 16162941 9459187,g0/12mA/12mA g6/12mA/12mA g6/12mA/12mA g4/12mA/12mA,,0
2026-09-20 11:01:57,43.0,62,98,95,8,2,0.7144,53,,20,0,,0,已佩戴,active,122.9,-0.051 -0.145 -1.084,13005481 11974634 13131387 11105162,g5/12mA/12mA g5/12mA/12mA g5/12mA/12mA g5/12mA/12mA,,0
2026-09-20 11:01:58,44.1,62,98,94,12,2,0.7612,49,,20,0,,0,已佩戴,active,122.9,-0.062 -0.154 -1.016,12432379 11680066 12576274 9721862,g5/12mA/12mA g5/12mA/12mA g5/12mA/12mA g5/12mA/12mA,,0
2026-09-20 11:01:59,45.1,63,98,95,23,2,0.7839,33,,20,0,,0,已佩戴,light,59.6,-0.119 -0.094 -1.000,8985379 9183705 9656666 9654338,g5/12mA/12mA g5/12mA/12mA g5/12mA/12mA g5/12mA/12mA,,0
2026-09-20 11:02:00,46.1,65,97,95,41,2,0.7712,33,,20,0,,0,已佩戴,light,38.6,-0.127 0.072 -0.914,9033050 9261910 9189726 12706964,g5/12mA/12mA g5/12mA/12mA g5/12mA/12mA g7/12mA/12mA,,0
2026-09-20 11:02:01,47.1,65,97,95,41,2,0.7712,33,,20,0,,0,已佩戴,still,18.5,-0.283 -0.109 -0.930,11793558 12963047 9418297 11323691,g5/82mA/82mA g5/82mA/82mA g3/82mA/82mA g4/82mA/82mA,55,0
2026-09-20 11:02:02,48.2,66,97,94,3,2,0.7776,53,,20,0,,0,已佩戴,still,18.5,-0.174 0.098 -0.885,12027639 13389355 9656982 11475241,g5/82mA/82mA g5/82mA/82mA g3/82mA/82mA g4/82mA/82mA,55,0
2026-09-20 11:02:03,49.2,67,96,94,2,2,0.7791,60,,20,0,,0,已佩戴,light,20.6,-0.314 -0.082 -0.951,12125748 13503801 12909590 11551372,g5/82mA/82mA g5/82mA/82mA g5/82mA/82mA g4/82mA/82mA,55,0
2026-09-20 11:02:04,50.2,67,96,94,2,2,0.7791,60,,20,0,,0,已佩戴,still,3.0,-0.186 0.096 -0.906,12153645 13487489 13010055 11586136,g5/82mA/82mA g5/82mA/82mA g5/82mA/82mA g4/82mA/82mA,55,0
2026-09-20 11:02:05,51.2,66,96,97,0,2,0.8104,61,,20,0,,0,已佩戴,still,12.5,-0.326 -0.080 -0.941,12173139 13513817 13016196 11611858,g5/82mA/82mA g5/82mA/82mA g5/82mA/82mA g4/82mA/82mA,55,0
2026-09-20 11:02:06,52.3,65,97,97,0,2,0.8357,61,,20,0,,0,已佩戴,still,2.8,-0.322 -0.086 -0.947,12119332 13473378 12926441 11587545,g5/82mA/82mA g5/82mA/82mA g5/82mA/82mA g4/82mA/82mA,55,0
2026-09-20 11:02:07,53.3,65,97,95,1,2,0.8261,53,,20,0,,0,已佩戴,still,2.8,-0.189 0.096 -0.904,12067838 13442965 12870500 11563018,g5/82mA/82mA g5/82mA/82mA g5/82mA/82mA g4/82mA/82mA,55,0
2026-09-20 11:02:08,54.3,63,98,95,19,2,0.7777,21,,20,0,,0,已佩戴,still,12.6,-0.197 0.094 -0.900,12010867 13381130 12795067 11527691,g5/82mA/82mA g5/82mA/82mA g5/82mA/82mA g4/82mA/82mA,55,0
2026-09-20 11:02:09,55.3,62,99,95,18,2,0.7238,21,,20,0,,0,已佩戴,still,13.2,-0.324 -0.082 -0.947,12138424 13477567 13010984 11601205,g5/82mA/82mA g5/82mA/82mA g5/82mA/82mA g4/82mA/82mA,55,0
2026-09-20 11:02:10,56.3,61,99,96,18,2,0.7210,17,,20,0,,0,已佩戴,still,3.3,-0.318 -0.080 -0.947,12218764 13555074 13136478 11638254,g5/82mA/82mA g5/82mA/82mA g5/82mA/82mA g4/82mA/82mA,55,0
2026-09-20 11:02:11,57.3,61,99,96,40,2,0.7213,25,,20,0,,0,已佩戴,still,3.3,-0.195 0.074 -0.908,12226706 13561797 13143312 11641872,g5/82mA/82mA g5/82mA/82mA g5/82mA/82mA g4/82mA/82mA,55,0
2026-09-20 11:02:12,58.4,59,99,95,19,2,0.7436,25,,20,0,,0,已佩戴,still,12.0,-0.205 0.080 -0.908,12279284 13634669 13235621 11687191,g5/82mA/82mA g5/82mA/82mA g5/82mA/82mA g4/82mA/82mA,55,0
2026-09-20 11:02:13,59.4,58,99,96,20,2,0.7254,9,,20,0,,0,已佩戴,still,11.6,-0.318 -0.078 -0.955,12378742 13627700 13361439 11700738,g5/82mA/82mA g5/82mA/82mA g5/82mA/82mA g4/82mA/82mA,55,0
2026-09-20 11:02:14,60.4,58,99,96,19,2,0.7122,25,,20,0,,0,已佩戴,still,13.0,-0.227 -0.162 -0.969,12242737 13641528 12956990 11768971,g5/82mA/82mA g5/82mA/82mA g5/82mA/82mA g4/82mA/82mA,55,0
2026-09-20 11:02:15,61.4,58,99,96,19,2,0.7091,29,,20,0,,0,已佩戴,still,13.0,-0.145 0.070 -0.828,12265549 13660589 12910912 11777416,g5/82mA/82mA g5/82mA/82mA g5/82mA/82mA g4/82mA/82mA,55,0
2026-09-20 11:02:16,62.5,57,99,95,19,2,0.7082,28,,20,0,,0,已佩戴,light,27.3,-0.166 0.096 -0.824,12156094 13713559 12818322 11871858,g5/82mA/82mA g5/82mA/82mA g5/82mA/82mA g4/82mA/82mA,55,0
2026-09-20 11:02:17,63.5,57,99,96,19,2,0.7134,28,,20,0,,0,已佩戴,light,26.3,-0.266 -0.127 -0.953,12091904 13500227 12763057 11718501,g5/82mA/82mA g5/82mA/82mA g5/82mA/82mA g4/82mA/82mA,55,0
2026-09-20 11:02:18,64.5,57,99,96,20,2,0.7255,9,,20,0,,0,已佩戴,still,1.6,-0.264 -0.131 -0.955,12071548 13457663 12735698 11698955,g5/82mA/82mA g5/82mA/82mA g5/82mA/82mA g4/82mA/82mA,55,0
2026-09-20 11:02:19,65.6,56,99,96,19,2,0.7161,17,,20,0,,0,已佩戴,still,1.6,-0.152 0.082 -0.824,12019995 13464191 12605100 11714857,g5/82mA/82mA g5/82mA/82mA g5/82mA/82mA g4/82mA/82mA,55,0
2026-09-20 11:02:20,66.6,56,99,95,19,2,0.6998,29,,20,0,,0,已佩戴,light,26.6,-0.262 -0.127 -0.961,12013529 13519549 12654839 11763186,g5/82mA/82mA g5/82mA/82mA g5/82mA/82mA g4/82mA/82mA,55,0
2026-09-20 11:02:21,67.6,55,99,95,19,2,0.6998,29,,20,0,,0,已佩戴,still,2.3,-0.146 0.090 -0.826,12202819 13769232 13029292 11884399,g5/82mA/82mA g5/82mA/82mA g5/82mA/82mA g4/82mA/82mA,55,0
2026-09-20 11:02:22,68.6,55,99,96,19,2,0.7039,29,,20,0,,0,已佩戴,still,2.3,-0.146 0.090 -0.826,12202819 13769232 13029292 11884399,g5/82mA/82mA g5/82mA/82mA g5/82mA/82mA g4/82mA/82mA,55,0
2026-09-20 11:02:24,69.6,54,99,95,28,2,0.7634,57,,30,0,,0,已佩戴,light,26.5,-0.262 -0.119 -0.959,12304025 13881384 13209770 11902307,g5/82mA/82mA g5/82mA/82mA g5/82mA/82mA g4/82mA/82mA,55,0
2026-09-20 11:02:25,70.7,54,99,94,32,2,0.8064,40,,30,0,,0,已佩戴,still,1.8,-0.264 -0.119 -0.959,12260610 13754986 13163729 11824722,g5/82mA/82mA g5/82mA/82mA g5/82mA/82mA g4/82mA/82mA,55,0
2026-09-20 11:02:26,71.7,54,99,94,32,2,0.8064,40,,100,1,,0,已佩戴,still,1.4,-0.256 -0.123 -0.963,12135336 13605365 13015267 11716035,g5/82mA/82mA g5/82mA/82mA g5/82mA/82mA g4/82mA/82mA,55,0
2026-09-20 11:02:27,72.7,54,99,97,65,2,0.8105,0,,100,1,,0,已佩戴,still,1.4,-0.256 -0.123 -0.963,12135336 13605365 13015267 11716035,g5/82mA/82mA g5/82mA/82mA g5/82mA/82mA g4/82mA/82mA,55,0
2026-09-20 11:02:28,73.8,53,99,95,71,2,0.8571,0,,100,2,,0,已佩戴,still,4.1,-0.252 -0.133 -0.961,12075387 13591876 12850246 11691670,g5/82mA/82mA g5/82mA/82mA g5/82mA/82mA g4/82mA/82mA,55,0
2026-09-20 11:02:29,74.8,53,99,95,39,2,0.8906,16,,100,3,,0,已佩戴,still,2.6,-0.264 -0.119 -0.957,12090813 13553136 12891512 11672670,g5/82mA/82mA g5/82mA/82mA g5/82mA/82mA g4/82mA/82mA,55,0
2026-09-20 11:02:30,75.8,53,99,95,39,2,0.8906,16,,100,4,,0,已佩戴,still,2.9,-0.242 -0.107 -0.980,12177969 13657969 13048061 11628949,g5/82mA/82mA g5/82mA/82mA g5/82mA/82mA g4/82mA/82mA,55,0
2026-09-20 11:02:31,76.8,53,99,95,22,2,0.8712,16,,100,4,,0,已佩戴,still,2.9,-0.242 -0.107 -0.980,12177969 13657969 13048061 11628949,g5/82mA/82mA g5/82mA/82mA g5/82mA/82mA g4/82mA/82mA,55,0
2026-09-20 11:02:32,77.9,53,99,95,19,2,0.8631,17,,100,6,,0,已佩戴,light,27.9,-0.225 -0.121 -0.969,11965932 13352253 12692659 11425989,g5/82mA/82mA g5/82mA/82mA g5/82mA/82mA g4/82mA/82mA,55,0
2026-09-20 11:02:33,78.9,53,99,95,19,2,0.8250,17,,100,7,,1,已佩戴,still,5.3,-0.227 -0.111 -0.969,11917491 13354998 12722637 11478652,g5/82mA/82mA g5/82mA/82mA g5/82mA/82mA g4/82mA/82mA,55,0
2026-09-20 11:02:34,79.9,53,99,95,19,2,0.8250,17,,100,8,,1,已佩戴,still,17.0,-0.229 -0.111 -0.969,11985596 13393073 12776664 11538696,g5/82mA/82mA g5/82mA/82mA g5/82mA/82mA g4/82mA/82mA,55,0
2026-09-20 11:02:35,80.9,53,99,97,19,2,0.8229,17,,100,8,,1,已佩戴,still,17.0,-0.229 -0.111 -0.969,11985596 13393073 12776664 11538696,g5/82mA/82mA g5/82mA/82mA g5/82mA/82mA g4/82mA/82mA,55,0
2026-09-20 11:02:36,81.9,54,100,95,19,2,0.8337,17,,100,10,,1,已佩戴,still,2.5,-0.230 -0.096 -0.971,12065006 13463935 12853404 11582656,g5/82mA/82mA g5/82mA/82mA g5/82mA/82mA g4/82mA/82mA,55,0
2026-09-20 11:02:37,82.9,55,100,97,21,2,0.8163,0,,100,11,,1,已佩戴,still,1.5,-0.232 -0.096 -0.971,12074098 13471672 12875867 11575107,g5/82mA/82mA g5/82mA/82mA g5/82mA/82mA g4/82mA/82mA,55,0
2026-09-20 11:02:38,84.0,55,100,97,21,2,0.8163,0,,100,11,,1,已佩戴,still,1.4,-0.225 -0.102 -0.973,12129356 13525504 12957348 11602953,g5/82mA/82mA g5/82mA/82mA g5/82mA/82mA g4/82mA/82mA,55,0
2026-09-20 11:02:39,85.0,55,100,94,19,2,0.7761,20,,100,13,,1,已佩戴,still,1.9,-0.205 -0.125 -0.971,12159590 13611148 13016803 11648936,g5/82mA/82mA g5/82mA/82mA g5/82mA/82mA g4/82mA/82mA,55,0
2026-09-20 11:02:40,86.1,55,100,95,61,2,0.8074,0,,100,14,,1,已佩戴,still,1.9,-0.238 -0.113 -0.967,12258844 13635839 13098070 11706130,g5/82mA/82mA g5/82mA/82mA g5/82mA/82mA g4/82mA/82mA,55,0
2026-09-20 11:02:41,87.1,56,100,94,61,2,0.7938,0,,100,15,,1,已佩戴,still,2.8,-0.158 -0.109 -0.977,12269603 13705734 13122965 11694135,g5/82mA/82mA g5/82mA/82mA g5/82mA/82mA g4/82mA/82mA,55,0
2026-09-20 11:02:42,88.1,57,100,94,61,2,0.7938,0,,100,16,,1,已佩戴,still,6.3,-0.188 -0.102 -0.975,12357799 13690942 13142887 11792705,g5/82mA/82mA g5/82mA/82mA g5/82mA/82mA g4/82mA/82mA,55,0
2026-09-20 11:02:43,89.2,58,100,94,19,2,0.7940,20,,100,17,,1,已佩戴,still,3.4,-0.168 -0.092 -0.982,12460753 13790357 13266316 11847730,g5/82mA/82mA g5/82mA/82mA g5/82mA/82mA g4/82mA/82mA,55,0
2026-09-20 11:02:44,90.2,58,100,94,19,2,0.7518,16,,100,18,,1,已佩戴,still,3.4,-0.168 -0.092 -0.982,12460753 13790357 13266316 11847730,g5/82mA/82mA g5/82mA/82mA g5/82mA/82mA g4/82mA/82mA,55,0
2026-09-20 11:02:45,91.2,58,100,94,19,2,0.7372,16,,100,19,,1,已佩戴,still,2.9,-0.201 -0.088 -0.975,12537388 13880898 13388289 11884466,g5/82mA/82mA g5/82mA/82mA g5/82mA/82mA g4/82mA/82mA,55,0
2026-09-20 11:02:46,92.2,58,100,94,19,2,0.7372,16,,100,19,,1,已佩戴,still,2.8,-0.178 -0.080 -0.982,12600058 13948874 13483564 11917517,g5/82mA/82mA g5/82mA/82mA g5/82mA/82mA g4/82mA/82mA,55,0
2026-09-20 11:02:47,93.2,58,100,94,19,2,0.7384,28,,100,20,,1,已佩戴,still,2.3,-0.178 -0.078 -0.980,12645538 13993837 13545383 11938717,g5/82mA/82mA g5/82mA/82mA g5/82mA/82mA g4/82mA/82mA,55,0
2026-09-20 11:02:48,94.3,58,100,96,15,2,0.7265,48,,100,21,,1,已佩戴,still,2.3,-0.178 -0.078 -0.980,12645538 13993837 13545383 11938717,g5/82mA/82mA g5/82mA/82mA g5/82mA/82mA g4/82mA/82mA,55,0
2026-09-20 11:02:49,95.3,58,100,95,48,2,0.7272,32,,100,22,,1,已佩戴,still,1.3,-0.178 -0.076 -0.984,12662354 14004347 13554485 11945269,g5/82mA/82mA g5/82mA/82mA g5/82mA/82mA g4/82mA/82mA,55,0
2026-09-20 11:02:50,96.3,57,100,95,48,2,0.7272,32,,100,23,,1,已佩戴,still,1.7,-0.182 -0.078 -0.982,12611098 13933254 13465853 11922993,g5/82mA/82mA g5/82mA/82mA g5/82mA/82mA g4/82mA/82mA,55,0
2026-09-20 11:02:51,97.3,57,100,95,64,5,0.6690,0,,100,24,,1,已佩戴,still,1.4,-0.188 -0.070 -0.980,12602475 13901127 13431627 11914906,g5/82mA/82mA g5/82mA/82mA g5/82mA/82mA g4/82mA/82mA,55,0
2026-09-20 11:02:52,98.4,57,100,95,94,5,0.6661,0,,100,25,,1,已佩戴,still,1.4,-0.182 -0.074 -0.980,12569638 13837681 13377598 11885841,g5/82mA/82mA g5/82mA/82mA g5/82mA/82mA g4/82mA/82mA,55,0
2026-09-20 11:02:53,99.4,57,100,95,74,5,0.6642,0,,100,27,,1,已佩戴,still,0.9,-0.182 -0.076 -0.982,12530623 13756966 13306054 11845428,g5/82mA/82mA g5/82mA/82mA g5/82mA/82mA g4/82mA/82mA,55,0
2026-09-20 11:02:54,100.4,56,100,95,75,5,0.6450,0,,100,28,,1,已佩戴,still,1.0,-0.186 -0.070 -0.980,12499255 13697322 13238565 11818145,g5/82mA/82mA g5/82mA/82mA g5/82mA/82mA g4/82mA/82mA,55,0
2026-09-20 11:02:55,101.4,56,100,95,69,5,0.6476,32,,100,28,,1,已佩戴,still,0.8,-0.186 -0.070 -0.980,12491441 13663711 13184409 11810553,g5/82mA/82mA g5/82mA/82mA g5/82mA/82mA g4/82mA/82mA,55,0
2026-09-20 11:02:56,102.4,56,100,96,74,5,0.6241,0,,100,29,,1,已佩戴,still,0.8,-0.186 -0.070 -0.980,12491441 13663711 13184409 11810553,g5/82mA/82mA g5/82mA/82mA g5/82mA/82mA g4/82mA/82mA,55,0
2026-09-20 11:02:57,103.4,54,100,96,74,5,0.6241,0,48.5,100,31,,1,已佩戴,still,0.6,-0.186 -0.074 -0.979,12468875 13624305 13115911 11806295,g5/82mA/82mA g5/82mA/82mA g5/82mA/82mA g4/82mA/82mA,55,0
2026-09-20 11:02:58,104.5,53,100,96,82,5,0.6244,0,48.5,100,31,,1,已佩戴,still,1.1,-0.189 -0.068 -0.980,12422866 13547481 13019618 11775583,g5/82mA/82mA g5/82mA/82mA g5/82mA/82mA g4/82mA/82mA,55,0
2026-09-20 11:02:59,105.5,53,100,96,84,5,0.6120,0,47.7,100,32,,1,已佩戴,still,0.9,-0.189 -0.070 -0.979,12418199 13527628 13000901 11769302,g5/82mA/82mA g5/82mA/82mA g5/82mA/82mA g4/82mA/82mA,55,0
2026-09-20 11:03:00,106.5,53,100,97,83,5,0.5818,0,47.0,100,33,,1,已佩戴,still,0.9,-0.188 -0.070 -0.979,12381805 13493128 12939143 11751720,g5/82mA/82mA g5/82mA/82mA g5/82mA/82mA g4/82mA/82mA,55,0
2026-09-20 11:03:01,107.5,52,100,97,83,5,0.5818,0,47.0,100,34,,1,已佩戴,still,1.3,-0.188 -0.072 -0.982,12325258 13432546 12845811 11718278,g5/82mA/82mA g5/82mA/82mA g5/82mA/82mA g4/82mA/82mA,55,0
2026-09-20 11:03:02,108.5,51,100,97,77,5,0.5548,0,47.0,100,34,,1,已佩戴,still,1.2,-0.191 -0.070 -0.979,12259297 13372719 12748212 11674429,g5/82mA/82mA g5/82mA/82mA g5/82mA/82mA g4/82mA/82mA,55,0
2026-09-20 11:03:03,109.5,51,100,97,97,5,0.5513,0,46.6,100,35,,1,已佩戴,still,1.1,-0.195 -0.070 -0.979,12246943 13377392 12728815 11671349,g5/82mA/82mA g5/82mA/82mA g5/82mA/82mA g4/82mA/82mA,55,0
2026-09-20 11:03:04,110.5,51,100,98,84,5,0.5372,0,47.6,100,36,,1,已佩戴,still,1.1,-0.188 -0.070 -0.980,12201188 13333517 12670528 11633443,g5/82mA/82mA g5/82mA/82mA g5/82mA/82mA g4/82mA/82mA,55,0
2026-09-20 11:03:05,111.5,50,100,98,52,5,0.5324,0,46.9,100,38,,1,已佩戴,still,1.1,-0.189 -0.074 -0.979,12182616 13336221 12648260 11620790,g5/82mA/82mA g5/82mA/82mA g5/82mA/82mA g4/82mA/82mA,55,0
2026-09-20 11:03:06,112.6,50,100,97,48,5,0.5513,0,46.4,100,39,,1,已佩戴,still,1.1,-0.193 -0.070 -0.977,12197990 13368239 12677669 11634108,g5/82mA/82mA g5/82mA/82mA g5/82mA/82mA g4/82mA/82mA,55,0
2026-09-20 11:03:07,113.6,50,100,98,50,5,0.5306,0,46.4,100,39,,1,已佩戴,still,1.2,-0.195 -0.070 -0.977,12220111 13415305 12725281 11656674,g5/82mA/82mA g5/82mA/82mA g5/82mA/82mA g4/82mA/82mA,55,0
2026-09-20 11:03:08,114.6,50,100,98,53,5,0.5366,0,47.1,100,40,,1,已佩戴,still,1.2,-0.191 -0.074 -0.977,12195927 13402968 12701786 11647588,g5/82mA/82mA g5/82mA/82mA g5/82mA/82mA g4/82mA/82mA,55,0
2026-09-20 11:03:09,115.6,50,100,98,53,5,0.5366,0,48.4,100,42,12.3,2,已佩戴,still,1.2,-0.191 -0.070 -0.980,12179307 13406579 12704867 11647051,g5/82mA/82mA g5/82mA/82mA g5/82mA/82mA g4/82mA/82mA,55,0
2026-09-20 11:03:11,116.6,49,100,98,82,5,0.5413,0,48.4,100,42,12.3,2,已佩戴,still,3.1,-0.191 -0.074 -0.977,12200635 13441813 12731313 11670400,g5/82mA/82mA g5/82mA/82mA g5/82mA/82mA g4/82mA/82mA,55,0
2026-09-20 11:03:12,117.7,49,100,98,81,5,0.5319,0,48.7,100,43,12.3,2,已佩戴,still,3.1,-0.191 -0.074 -0.977,12200635 13441813 12731313 11670400,g5/82mA/82mA g5/82mA/82mA g5/82mA/82mA g4/82mA/82mA,55,0
2026-09-20 11:03:13,118.7,49,100,98,81,5,0.5319,0,48.2,100,44,12.3,2,已佩戴,still,1.5,-0.156 -0.092 -0.986,12187360 13323424 12662832 11625620,g5/82mA/82mA g5/82mA/82mA g5/82mA/82mA g4/82mA/82mA,54,0
2026-09-20 11:03:14,119.7,49,100,98,70,5,0.5383,0,47.3,100,46,12.3,2,已佩戴,still,4.6,-0.064 -0.045 -0.982,11932488 13174401 12642324 11447283,g5/82mA/82mA g5/82mA/82mA g5/82mA/82mA g4/82mA/82mA,54,0
2026-09-20 11:03:15,120.7,49,100,98,53,5,0.5270,36,47.3,100,46,12.0,3,已佩戴,still,13.3,0.027 -0.104 -0.975,11885166 13089710 12626363 11396257,g5/82mA/82mA g5/82mA/82mA g5/82mA/82mA g4/82mA/82mA,54,0
2026-09-20 11:03:16,121.7,49,100,98,36,5,0.5091,36,46.7,100,47,12.0,3,已佩戴,still,13.3,0.027 -0.104 -0.975,11885166 13089710 12626363 11396257,g5/82mA/82mA g5/82mA/82mA g5/82mA/82mA g4/82mA/82mA,54,0
2026-09-20 11:03:17,122.7,50,100,98,36,5,0.5091,36,46.3,100,49,12.0,3,已佩戴,still,18.3,-0.016 0.045 -0.957,11656374 13014114 12561856 11342664,g5/82mA/82mA g5/82mA/82mA g5/82mA/82mA g4/82mA/82mA,54,0
2026-09-20 11:03:18,123.8,51,99,98,19,5,0.5041,21,46.3,100,49,12.0,3,已佩戴,active,92.7,0.064 0.070 -1.008,11779653 13145011 12863914 11321917,g5/82mA/82mA g5/82mA/82mA g5/82mA/82mA g4/82mA/82mA,54,0
2026-09-20 11:03:19,124.8,51,99,98,19,5,0.4936,17,46.3,100,50,12.0,3,已佩戴,still,20.0,-0.023 0.117 -0.977,11919948 13297047 13025658 11414839,g5/82mA/82mA g5/82mA/82mA g5/82mA/82mA g4/82mA/82mA,54,0
2026-09-20 11:03:20,125.9,51,99,97,36,5,0.5456,1,46.3,100,50,12.0,3,已佩戴,still,20.0,-0.023 0.117 -0.977,11919948 13297047 13025658 11414839,g5/82mA/82mA g5/82mA/82mA g5/82mA/82mA g4/82mA/82mA,54,0
2026-09-20 11:03:21,126.9,53,99,97,35,5,0.5524,1,47.5,90,52,12.0,3,已佩戴,still,4.8,-0.031 0.113 -0.977,11990665 13284974 13012954 11468354,g5/82mA/82mA g5/82mA/82mA g5/82mA/82mA g4/82mA/82mA,54,0
2026-09-20 11:03:22,127.9,54,99,98,19,5,0.5334,20,49.4,90,53,12.0,3,已佩戴,still,3.9,0.035 0.203 -0.977,12032954 13306627 12979215 11527774,g5/82mA/82mA g5/82mA/82mA g5/82mA/82mA g4/82mA/82mA,54,0
2026-09-20 11:03:23,128.9,55,98,97,19,5,0.5506,28,49.2,90,54,12.0,3,已佩戴,still,6.7,-0.057 0.123 -0.979,12384543 13559440 13345795 11761266,g5/82mA/82mA g5/82mA/82mA g5/82mA/82mA g4/82mA/82mA,54,0
2026-09-20 11:03:24,129.9,55,98,97,19,5,0.5506,28,49.2,90,54,12.0,3,已佩戴,still,6.7,-0.057 0.123 -0.979,12384543 13559440 13345795 11761266,g5/82mA/82mA g5/82mA/82mA g5/82mA/82mA g4/82mA/82mA,54,0
2026-09-20 11:03:25,130.9,56,99,97,19,5,0.5506,28,49.3,90,55,12.0,3,已佩戴,still,10.7,-0.072 0.129 -0.996,12687812 14124892 13879799 11929332,g5/82mA/82mA g5/82mA/82mA g5/82mA/82mA g4/82mA/82mA,54,0
2026-09-20 11:03:26,131.9,56,99,97,12,5,0.5570,56,49.3,90,56,12.3,4,已佩戴,light,24.0,-0.010 0.232 -1.006,12714379 14248049 13906928 11941514,g5/82mA/82mA g5/82mA/82mA g5/82mA/82mA g4/82mA/82mA,54,0
2026-09-20 11:03:27,133.0,57,99,97,12,5,0.5570,56,49.3,90,56,12.3,4,已佩戴,still,9.0,-0.021 0.227 -0.973,12658363 14156825 13790827 11906008,g5/82mA/82mA g5/82mA/82mA g5/82mA/82mA g4/82mA/82mA,54,0
2026-09-20 11:03:28,134.0,57,98,97,13,5,0.5524,48,49.3,80,58,12.3,4,已佩戴,still,9.0,-0.059 0.131 -0.980,12792054 14287635 13976909 11930552,g5/82mA/82mA g5/82mA/82mA g5/82mA/82mA g4/82mA/82mA,54,0
2026-09-20 11:03:29,135.1,58,97,97,36,5,0.5738,32,49.1,80,59,12.3,4,已佩戴,still,5.1,-0.002 0.219 -0.975,12647075 14209277 13722431 11933453,g5/82mA/82mA g5/82mA/82mA g5/82mA/82mA g4/82mA/82mA,54,0
2026-09-20 11:03:30,136.1,58,98,97,30,5,0.5773,32,49.1,20,59,12.3,4,已佩戴,still,12.6,-0.008 0.221 -0.977,12608745 14133365 13611585 11946405,g5/82mA/82mA g5/82mA/82mA g5/82mA/82mA g4/82mA/82mA,54,0
2026-09-20 11:03:31,137.1,58,97,97,30,5,0.5773,32,49.1,20,59,12.3,4,已佩戴,still,4.0,-0.055 0.229 -0.939,12742240 14230832 13730843 12014244,g5/82mA/82mA g5/82mA/82mA g5/82mA/82mA g4/82mA/82mA,54,0
2026-09-20 11:03:32,138.1,58,97,97,28,5,0.5870,32,49.1,20,59,12.3,4,已佩戴,still,14.9,-0.008 0.219 -0.969,12757189 14267731 13747564 11991372,g5/82mA/82mA g5/82mA/82mA g5/82mA/82mA g4/82mA/82mA,54,0
2026-09-20 11:03:33,139.1,58,97,97,28,5,0.5870,32,49.1,20,59,12.3,4,已佩戴,still,14.9,0.000 0.221 -1.008,12707204 14283575 13582919 12026844,g5/82mA/82mA g5/82mA/82mA g5/82mA/82mA g4/82mA/82mA,54,0
2026-09-20 11:03:34,140.1,58,96,97,15,5,0.5859,48,49.1,20,59,12.3,4,已佩戴,still,9.6,-0.016 0.223 -0.975,12496883 13852447 13280111 11831599,g5/82mA/82mA g5/82mA/82mA g5/82mA/82mA g4/82mA/82mA,54,0
2026-09-20 11:03:35,141.2,57,96,97,15,5,0.5859,48,49.1,20,59,12.3,4,已佩戴,still,2.0,-0.014 0.230 -0.971,12306925 13514891 13024360 11692249,g5/82mA/82mA g5/82mA/82mA g5/82mA/82mA g4/82mA/82mA,54,0
2026-09-20 11:03:36,142.2,56,97,97,19,5,0.5728,16,49.1,20,59,12.0,3,已佩戴,still,17.3,0.092 0.277 -0.965,11843781 13123077 12694542 11388424,g5/82mA/82mA g5/82mA/82mA g5/82mA/82mA g4/82mA/82mA,54,0
2026-09-20 11:03:37,143.2,56,97,97,19,5,0.5520,16,49.1,20,59,12.0,3,已佩戴,still,17.3,0.021 0.230 -0.971,11973987 13294964 12880337 11466248,g5/82mA/82mA g5/82mA/82mA g5/82mA/82mA g4/82mA/82mA,54,0
2026-09-20 11:03:38,144.2,55,97,97,19,5,0.5686,20,49.1,20,59,12.0,3,已佩戴,light,22.7,0.072 0.225 -0.963,11941652 13247632 12875789 11444689,g5/82mA/82mA g5/82mA/82mA g5/82mA/82mA g4/82mA/82mA,54,0
2026-09-20 11:03:39,145.3,54,97,97,19,5,0.5686,20,49.1,20,59,12.0,3,已佩戴,still,5.9,0.043 0.229 -0.971,11979190 13260224 12930851 11470941,g5/82mA/82mA g5/82mA/82mA g5/82mA/82mA g4/82mA/82mA,54,0
2026-09-20 11:03:40,146.3,54,97,97,19,5,0.5885,20,49.1,20,59,12.0,3,已佩戴,still,1.7,0.066 0.230 -0.967,12069834 13348616 13025700 11524799,g5/82mA/82mA g5/82mA/82mA g5/82mA/82mA g4/82mA/82mA,54,0
2026-09-20 11:03:41,147.3,54,98,97,19,5,0.5759,20,49.1,20,59,12.3,4,已佩戴,still,1.7,0.072 0.232 -0.971,11999980 13274796 12957894 11490545,g5/82mA/82mA g5/82mA/82mA g5/82mA/82mA g4/82mA/82mA,54,0
2026-09-20 11:03:42,148.3,53,98,97,19,5,0.5637,20,49.1,30,59,12.3,4,已佩戴,still,1.2,0.039 0.229 -0.971,12027229 13318827 12984348 11517189,g5/82mA/82mA g5/82mA/82mA g5/82mA/82mA g4/82mA/82mA,54,0
2026-09-20 11:03:43,149.3,53,98,97,19,5,0.5637,20,49.1,30,59,12.3,4,已佩戴,still,1.3,0.039 0.227 -0.971,12085206 13385368 13031177 11554076,g5/82mA/82mA g5/82mA/82mA g5/82mA/82mA g4/82mA/82mA,54,0
2026-09-20 11:03:44,150.4,53,99,97,74,5,0.5834,0,49.1,30,59,12.3,4,已佩戴,still,1.2,0.066 0.230 -0.969,12050997 13355562 12981278 11537715,g5/82mA/82mA g5/82mA/82mA g5/82mA/82mA g4/82mA/82mA,54,0
2026-09-20 11:03:45,151.4,53,99,97,79,5,0.5897,0,49.1,30,59,12.3,4,已佩戴,still,1.2,0.062 0.230 -0.967,12105698 13427949 13040458 11577888,g5/82mA/82mA g5/82mA/82mA g5/82mA/82mA g4/82mA/82mA,54,0
2026-09-20 11:03:46,152.4,52,99,97,79,5,0.5897,0,49.1,30,59,12.5,5,已佩戴,still,1.6,0.057 0.234 -0.963,12029175 13355562 12936812 11537169,g5/82mA/82mA g5/82mA/82mA g5/82mA/82mA g4/82mA/82mA,54,0
2026-09-20 11:03:47,153.4,52,99,97,83,5,0.5495,0,49.1,30,59,12.5,5,已佩戴,still,3.1,0.072 0.219 -0.969,12048549 13376975 12936446 11550127,g5/82mA/82mA g5/82mA/82mA g5/82mA/82mA g4/82mA/82mA,54,0
2026-09-20 11:03:48,154.4,52,99,97,81,5,0.5731,0,49.1,30,59,12.5,5,已佩戴,still,3.5,0.068 0.225 -0.967,12054588 13391641 12939775 11556041,g5/82mA/82mA g5/82mA/82mA g5/82mA/82mA g4/82mA/82mA,54,0
2026-09-20 11:03:49,155.4,52,99,97,82,5,0.5725,0,49.1,30,59,12.5,5,已佩戴,still,3.5,0.066 0.229 -0.967,12098764 13431857 12981867 11581387,g5/82mA/82mA g5/82mA/82mA g5/82mA/82mA g4/82mA/82mA,54,0
2026-09-20 11:03:50,156.4,52,99,97,82,5,0.5725,0,49.8,100,61,12.5,5,已佩戴,still,2.0,0.047 0.219 -0.971,12160795 13515940 13055867 11621279,g5/82mA/82mA g5/82mA/82mA g5/82mA/82mA g4/82mA/82mA,54,0
2026-09-20 11:03:51,157.4,52,99,97,67,5,0.5486,0,49.3,100,62,13.9,6,已佩戴,still,1.6,0.076 0.225 -0.969,12085447 13444475 12987754 11589029,g5/82mA/82mA g5/82mA/82mA g5/82mA/82mA g4/82mA/82mA,53,0
2026-09-20 11:03:52,158.5,52,100,97,63,5,0.5466,0,49.3,100,62,13.9,6,已佩戴,still,1.5,0.043 0.221 -0.971,12043488 13389533 12931567 11565568,g5/82mA/82mA g5/82mA/82mA g5/82mA/82mA g4/82mA/82mA,53,0
2026-09-20 11:03:53,159.5,52,100,97,67,5,0.5518,0,48.9,100,63,13.9,6,已佩戴,still,1.5,0.043 0.221 -0.971,12043488 13389533 12931567 11565568,g5/82mA/82mA g5/82mA/82mA g5/82mA/82mA g4/82mA/82mA,53,0
2026-09-20 11:03:54,160.5,53,100,97,67,5,0.5518,0,48.1,100,65,13.9,6,已佩戴,still,2.0,0.039 0.223 -0.971,12051551 13380619 12923795 11567522,g5/82mA/82mA g5/82mA/82mA g5/82mA/82mA g4/82mA/82mA,53,0
2026-09-20 11:03:55,161.6,53,100,97,96,5,0.5612,0,48.1,100,66,13.9,6,已佩戴,still,1.5,0.066 0.225 -0.971,12070637 13384072 12922148 11573281,g5/82mA/82mA g5/82mA/82mA g5/82mA/82mA g4/82mA/82mA,53,0
2026-09-20 11:03:56,162.6,53,100,97,80,5,0.5584,0,48.1,100,66,13.9,6,已佩戴,still,1.8,0.068 0.221 -0.969,12056815 13383092 12899473 11582077,g5/82mA/82mA g5/82mA/82mA g5/82mA/82mA g4/82mA/82mA,53,0
2026-09-20 11:03:57,163.6,53,100,97,78,5,0.5559,0,48.0,100,67,13.9,6,已佩戴,still,1.8,0.068 0.221 -0.969,12056815 13383092 12899473 11582077,g5/82mA/82mA g5/82mA/82mA g5/82mA/82mA g4/82mA/82mA,53,0
2026-09-20 11:03:59,164.6,54,100,97,78,5,0.5559,0,47.5,100,69,13.9,6,已佩戴,still,1.4,-0.018 0.139 -0.971,11987404 13275495 12789777 11533132,g5/82mA/82mA g5/82mA/82mA g5/82mA/82mA g4/82mA/82mA,53,0
2026-09-20 11:04:00,165.7,54,100,97,69,5,0.5507,0,47.2,100,70,13.9,6,已佩戴,still,2.9,0.061 0.215 -0.967,11863045 13090913 12676107 11452991,g5/82mA/82mA g5/82mA/82mA g5/82mA/82mA g4/82mA/82mA,53,0
2026-09-20 11:04:01,166.7,54,100,97,52,5,0.5633,0,47.2,100,70,13.9,6,已佩戴,still,2.9,0.061 0.215 -0.967,11863045 13090913 12676107 11452991,g5/82mA/82mA g5/82mA/82mA g5/82mA/82mA g4/82mA/82mA,53,0
2026-09-20 11:04:02,167.7,54,100,97,52,5,0.5633,0,47.7,100,72,13.9,6,已佩戴,still,12.7,0.053 0.203 -0.975,11644492 12870279 12460583 11267437,g5/82mA/82mA g5/82mA/82mA g5/82mA/82mA g4/82mA/82mA,53,0
2026-09-20 11:04:03,168.8,54,100,97,46,5,0.5504,48,47.6,100,73,13.9,6,已佩戴,still,3.0,0.061 0.189 -0.977,11428779 12571515 12230528 11063710,g5/82mA/82mA g5/82mA/82mA g5/82mA/82mA g4/82mA/82mA,53,0
2026-09-20 11:04:04,169.8,55,100,97,41,5,0.5793,48,47.8,100,74,13.9,6,已佩戴,still,4.1,0.045 0.199 -0.975,11393811 12422943 12198510 10994016,g5/82mA/82mA g5/82mA/82mA g5/82mA/82mA g4/82mA/82mA,53,0
2026-09-20 11:04:05,170.8,55,100,97,41,5,0.5793,48,47.8,100,74,13.9,6,已佩戴,still,4.1,0.045 0.199 -0.975,11393811 12422943 12198510 10994016,g5/82mA/82mA g5/82mA/82mA g5/82mA/82mA g4/82mA/82mA,53,0
2026-09-20 11:04:06,171.8,55,100,97,41,5,0.5793,48,47.8,100,76,13.9,6,已佩戴,still,2.8,0.070 0.184 -0.979,11511386 12524201 12370534 11094073,g5/82mA/82mA g5/82mA/82mA g5/82mA/82mA g4/82mA/82mA,53,0
2026-09-20 11:04:07,172.9,55,100,95,44,5,0.6416,32,48.4,100,77,13.9,6,已佩戴,still,2.9,0.066 0.172 -0.982,11579150 12564748 12390822 11141813,g5/82mA/82mA g5/82mA/82mA g5/82mA/82mA g4/82mA/82mA,53,0
2026-09-20 11:04:08,173.9,56,100,96,7,5,0.6141,32,48.1,100,78,13.9,6,已佩戴,still,1.7,0.053 0.193 -0.975,11609061 12540708 12384296 11148748,g5/82mA/82mA g5/82mA/82mA g5/82mA/82mA g4/82mA/82mA,53,0
2026-09-20 11:04:09,174.9,56,100,96,7,5,0.6141,32,48.1,100,78,13.9,6,已佩戴,still,2.3,0.051 0.178 -0.975,11664437 12597696 12451257 11181109,g5/82mA/82mA g5/82mA/82mA g5/82mA/82mA g4/82mA/82mA,53,0
2026-09-20 11:04:10,175.9,56,100,96,59,5,0.6279,32,47.4,100,80,13.9,6,已佩戴,still,2.3,0.057 0.189 -0.975,11642358 12552190 12429529 11162134,g5/82mA/82mA g5/82mA/82mA g5/82mA/82mA g4/82mA/82mA,53,0
2026-09-20 11:04:11,176.9,56,100,96,35,5,0.6266,40,48.7,100,81,13.9,6,已佩戴,still,3.4,0.078 0.168 -0.975,11658354 12586973 12472663 11171970,g5/82mA/82mA g5/82mA/82mA g5/82mA/82mA g4/82mA/82mA,53,0
2026-09-20 11:04:12,178.0,56,100,96,46,5,0.5967,32,48.6,100,82,15.3,6,已佩戴,still,13.6,0.146 -0.016 -0.945,11627198 12664061 12546518 11156189,g5/82mA/82mA g5/82mA/82mA g5/82mA/82mA g4/82mA/82mA,53,0
2026-09-20 11:04:13,179.0,56,100,96,46,5,0.5967,32,48.6,100,82,15.3,6,已佩戴,still,18.9,0.191 -0.139 -0.965,11588876 12650991 12488019 11123794,g5/82mA/82mA g5/82mA/82mA g5/82mA/82mA g4/82mA/82mA,53,0
2026-09-20 11:04:14,180.0,56,100,96,5,5,0.5933,48,48.1,100,84,15.3,6,已佩戴,still,18.9,0.111 -0.033 -0.949,11663508 12778517 12581241 11171160,g5/82mA/82mA g5/82mA/82mA g5/82mA/82mA g4/82mA/82mA,53,0
2026-09-20 11:04:15,181.0,56,100,97,11,5,0.5736,32,48.0,100,85,15.3,6,已佩戴,still,14.9,0.174 -0.182 -0.965,11663908 12801943 12595930 11201198,g5/82mA/82mA g5/82mA/82mA g5/82mA/82mA g4/82mA/82mA,53,0
2026-09-20 11:04:16,182.0,56,100,96,38,5,0.6229,1,47.7,100,86,15.3,6,已佩戴,still,3.4,0.059 -0.027 -0.971,11684581 12812395 12642502 11238386,g5/82mA/82mA g5/82mA/82mA g5/82mA/82mA g4/82mA/82mA,53,0
2026-09-20 11:04:17,183.1,55,100,96,38,5,0.6229,1,47.7,100,86,15.6,6,已佩戴,light,21.4,0.082 -0.166 -0.979,11712280 12784643 12686456 11229361,g5/82mA/82mA g5/82mA/82mA g5/82mA/82mA g4/82mA/82mA,53,0
2026-09-20 11:04:18,184.1,55,100,96,19,5,0.6140,17,47.2,100,88,15.6,6,已佩戴,light,21.4,0.047 -0.029 -0.975,11724070 12834702 12719745 11237320,g5/82mA/82mA g5/82mA/82mA g5/82mA/82mA g4/82mA/82mA,53,0
2026-09-20 11:04:19,185.1,55,99,97,19,2,0.7152,16,47.0,100,89,15.6,6,已佩戴,still,4.5,0.064 -0.162 -0.969,11717902 12902365 12775855 11268375,g5/82mA/82mA g5/82mA/82mA g5/82mA/82mA g4/82mA/82mA,53,0
2026-09-20 11:04:20,186.1,56,100,97,19,2,0.7152,16,46.8,100,90,15.6,6,已佩戴,still,7.2,-0.020 -0.129 -0.984,11698784 12968574 12770549 11286928,g5/82mA/82mA g5/82mA/82mA g5/82mA/82mA g4/82mA/82mA,53,0
2026-09-20 11:04:21,187.1,56,100,95,39,2,0.7282,32,49.2,100,91,15.6,6,已佩戴,still,11.9,0.039 -0.150 -0.980,11666638 12926558 12710539 11275660,g5/82mA/82mA g5/82mA/82mA g5/82mA/82mA g4/82mA/82mA,53,0
2026-09-20 11:04:22,188.2,56,100,95,38,2,0.7303,0,49.1,100,92,15.3,7,已佩戴,still,3.3,0.045 -0.154 -0.982,11689008 12909761 12701674 11283407,g5/82mA/82mA g5/82mA/82mA g5/82mA/82mA g4/82mA/82mA,53,0
2026-09-20 11:04:23,189.2,56,100,96,34,2,0.7222,32,49.0,100,93,15.3,7,已佩戴,still,3.3,-0.023 -0.131 -0.982,11624076 12836699 12625081 11239914,g5/82mA/82mA g5/82mA/82mA g5/82mA/82mA g4/82mA/82mA,53,0
2026-09-20 11:04:24,190.2,57,100,96,34,2,0.7222,32,50.7,100,95,15.3,7,已佩戴,still,1.2,0.039 -0.152 -0.980,11654507 12874237 12652109 11249834,g5/82mA/82mA g5/82mA/82mA g5/82mA/82mA g4/82mA/82mA,53,0
2026-09-20 11:04:25,191.2,57,100,97,28,2,0.7253,32,51.5,100,97,15.3,7,已佩戴,still,1.0,0.045 -0.152 -0.980,11688580 12924742 12690208 11265731,g5/82mA/82mA g5/82mA/82mA g5/82mA/82mA g4/82mA/82mA,53,0
2026-09-20 11:04:26,192.2,57,100,96,32,2,0.7014,48,53.0,100,98,15.3,7,已佩戴,still,1.0,0.045 -0.156 -0.980,11664139 12910700 12671783 11252711,g5/82mA/82mA g5/82mA/82mA g5/82mA/82mA g4/82mA/82mA,53,0
2026-09-20 11:04:27,193.2,57,100,97,33,2,0.6976,48,53.0,100,99,15.3,7,已佩戴,still,1.0,0.041 -0.152 -0.980,11713568 12961998 12729787 11276939,g5/82mA/82mA g5/82mA/82mA g5/82mA/82mA g4/82mA/82mA,53,0
2026-09-20 11:04:28,194.3,57,100,97,33,2,0.6976,48,52.7,100,100,15.3,7,已佩戴,still,2.1,0.037 -0.154 -0.979,11636524 12883910 12646905 11229447,g5/82mA/82mA g5/82mA/82mA g5/82mA/82mA g4/82mA/82mA,53,0
2026-09-20 11:04:29,195.3,57,100,96,79,5,0.6233,0,52.7,100,101,15.3,7,已佩戴,still,1.2,0.047 -0.152 -0.984,11613736 12826531 12615245 11199902,g5/82mA/82mA g5/82mA/82mA g5/82mA/82mA g4/82mA/82mA,53,0
2026-09-20 11:04:30,196.3,57,100,96,48,5,0.6189,0,52.5,100,102,15.3,7,已佩戴,still,2.0,0.033 -0.152 -0.982,11605512 12818469 12599002 11197001,g5/82mA/82mA g5/82mA/82mA g5/82mA/82mA g4/82mA/82mA,53,0
2026-09-20 11:04:31,197.3,56,100,96,39,5,0.6092,0,52.3,100,103,15.3,7,已佩戴,still,2.0,0.045 -0.158 -0.982,11578759 12766335 12565441 11161750,g5/82mA/82mA g5/82mA/82mA g5/82mA/82mA g4/82mA/82mA,53,0
2026-09-20 11:04:32,198.3,55,100,96,39,5,0.6092,0,52.0,100,104,15.3,7,已佩戴,still,1.9,0.037 -0.168 -0.980,11321823 12457212 12203672 10954517,g5/82mA/82mA g5/82mA/82mA g5/82mA/82mA g4/82mA/82mA,53,0
2026-09-20 11:04:33,199.3,55,100,96,39,5,0.6326,0,51.8,100,105,15.3,8,已佩戴,still,18.8,0.057 -0.178 -0.992,11486697 12615312 12331845 11083947,g5/82mA/82mA g5/82mA/82mA g5/82mA/82mA g4/82mA/82mA,53,0
2026-09-20 11:04:34,200.4,55,100,95,58,5,0.6612,32,51.8,100,106,15.3,8,已佩戴,still,18.8,0.008 -0.158 -0.938,11077941 12089258 11875595 10757745,g5/82mA/82mA g5/82mA/82mA g5/82mA/82mA g4/82mA/82mA,53,0
2026-09-20 11:04:35,201.4,55,100,95,58,5,0.6612,32,51.5,100,107,15.3,8,已佩戴,still,18.3,0.062 -0.174 -0.965,11380458 12509133 12229368 11031283,g5/82mA/82mA g5/82mA/82mA g5/82mA/82mA g4/82mA/82mA,53,0
2026-09-20 11:04:36,202.4,55,99,96,6,5,0.6157,48,51.3,100,108,15.3,8,已佩戴,still,5.9,0.031 -0.166 -0.979,11542202 12683043 12410120 11139764,g5/82mA/82mA g5/82mA/82mA g5/82mA/82mA g4/82mA/82mA,53,0
2026-09-20 11:04:37,203.4,55,99,96,6,5,0.5936,56,51.6,100,109,15.3,8,已佩戴,still,5.7,-0.201 -0.146 -0.980,11897503 13126702 12639951 11349276,g5/82mA/82mA g5/82mA/82mA g5/82mA/82mA g4/82mA/82mA,53,0
2026-09-20 11:04:38,204.5,55,99,97,5,5,0.5869,56,54.3,100,110,15.3,8,已佩戴,still,5.7,-0.201 -0.191 -1.000,11906792 13136776 12670819 11354574,g5/82mA/82mA g5/82mA/82mA g5/82mA/82mA g4/82mA/82mA,53,0
2026-09-20 11:04:39,205.5,58,99,97,5,5,0.5869,56,54.2,100,111,15.3,8,未佩戴,light,23.2,0.430 -0.375 -0.533,8830816 8591770 8833282 8469953,g5/82mA/82mA g5/82mA/82mA g5/82mA/82mA g4/82mA/82mA,53,0
2026-09-20 11:04:40,206.5,58,99,96,18,5,0.5936,17,58.6,100,112,15.3,8,未佩戴,active,105.3,0.895 -0.602 0.039,8792068 8461099 8551912 8460202,g5/82mA/82mA g4/82mA/82mA g4/82mA/82mA g4/82mA/82mA,53,0
2026-09-20 11:04:41,207.5,60,99,95,18,5,0.6423,21,58.6,100,112,15.3,8,未佩戴,light,44.3,0.709 -0.586 -0.111,11782083 11477945 12342278 10708717,g8/153mA/153mA g8/153mA/153mA g8/153mA/153mA g8/153mA/153mA,53,7
2026-09-20 11:04:42,208.6,60,99,95,18,5,0.6423,21,58.6,100,112,15.3,8,未佩戴,light,44.3,0.643 -0.574 -0.146,9209510 9374172 9371561 9099039,g8/153mA/153mA g8/153mA/153mA g8/153mA/153mA g8/153mA/153mA,53,7
2026-09-20 11:04:43,209.6,63,99,97,18,5,0.5768,21,58.6,80,113,15.3,7,未佩戴,light,50.0,0.076 -0.766 -0.371,8644675 8475191 8640485 8499677,g8/153mA/153mA g8/153mA/153mA g8/153mA/153mA g8/153mA/153mA,53,7
2026-09-20 11:04:44,210.6,64,97,96,19,5,0.5945,21,58.3,80,116,15.3,7,未佩戴,active,113.0,0.115 -1.053 -0.080,8661403 8484277 8655466 8510280,g8/153mA/153mA g8/153mA/153mA g8/153mA/153mA g8/153mA/153mA,53,7
2026-09-20 11:04:45,211.6,64,95,96,36,5,0.5958,5,58.3,40,116,15.3,7,未佩戴,still,11.1,0.082 -0.988 -0.102,8662095 8485488 8656635 8513352,g8/153mA/153mA g8/153mA/153mA g8/153mA/153mA g8/153mA/153mA,53,7
2026-09-20 11:04:47,212.7,64,95,96,19,5,0.6148,21,58.3,30,116,15.3,7,未佩戴,still,11.1,0.129 -1.000 -0.090,8663997 8486981 8658272 8514845,g8/153mA/153mA g8/153mA/153mA g8/153mA/153mA g8/153mA/153mA,53,7
2026-09-20 11:04:48,213.7,66,92,96,19,5,0.6148,21,58.3,20,116,15.3,7,未佩戴,still,2.6,-0.014 -0.746 -0.398,8657820 8478170 8648743 8508387,g8/153mA/153mA g8/153mA/153mA g8/153mA/153mA g8/153mA/153mA,53,7
2026-09-20 11:04:49,214.7,67,93,96,42,5,0.6305,61,58.3,20,116,15.2,6,未佩戴,light,25.2,0.078 -0.988 -0.107,8655525 8476471 8644630 8506493,g8/153mA/153mA g8/153mA/153mA g8/153mA/153mA g8/153mA/153mA,53,7
2026-09-20 11:04:50,215.7,67,93,95,43,5,0.6668,61,58.3,20,116,15.2,6,未佩戴,still,0.4,0.074 -0.988 -0.111,8656172 8476993 8646430 8507840,g8/153mA/153mA g8/153mA/153mA g8/153mA/153mA g8/153mA/153mA,53,19
2026-09-20 11:04:51,216.7,67,93,95,40,5,0.6597,60,58.3,20,116,15.2,6,未佩戴,still,0.4,0.000 -0.719 -0.367,8668571 8485455 8658068 8517993,g8/153mA/153mA g8/153mA/153mA g8/153mA/153mA g8/153mA/153mA,53,19
2026-09-20 11:04:52,217.7,70,87,95,40,5,0.6597,60,58.3,20,116,15.2,6,未佩戴,light,34.1,0.074 -0.986 -0.113,8658239 8477965 8646619 8509854,g8/153mA/153mA g8/153mA/153mA g8/153mA/153mA g8/153mA/153mA,53,24
2026-09-20 11:04:53,218.8,70,88,95,2,5,0.6517,57,58.3,20,116,15.2,6,未佩戴,still,1.0,0.074 -0.986 -0.115,8660294 8480114 8649819 8512183,g8/153mA/153mA g8/153mA/153mA g8/153mA/153mA g8/153mA/153mA,53,35
2026-09-20 11:04:54,219.8,70,88,95,5,5,0.6501,57,58.3,20,116,15.1,5,未佩戴,still,1.0,0.074 -0.986 -0.115,8660294 8480114 8649819 8512183,g8/153mA/153mA g8/153mA/153mA g8/153mA/153mA g8/153mA/153mA,53,35
2026-09-20 11:04:55,220.8,71,85,95,5,5,0.6501,57,58.3,10,116,15.1,5,未佩戴,still,0.8,0.072 -0.986 -0.117,8667905 8486529 8657410 8523487,g8/153mA/153mA g8/153mA/153mA g8/153mA/153mA g8/153mA/153mA,53,45
2026-09-20 11:04:56,221.8,71,86,95,0,2,0.6935,56,58.3,10,116,15.1,5,未佩戴,still,1.1,0.072 -0.988 -0.117,8660814 8478594 8648230 8513616,g8/153mA/153mA g8/153mA/153mA g8/153mA/153mA g8/153mA/153mA,53,45
2026-09-20 11:04:57,222.9,71,86,95,0,2,0.6949,56,58.3,10,116,15.1,5,未佩戴,still,0.9,0.072 -0.988 -0.117,8667000 8483348 8652387 8518692,g8/153mA/153mA g8/153mA/153mA g8/153mA/153mA g8/153mA/153mA,53,45
2026-09-20 11:04:58,223.9,70,87,95,0,2,0.6949,56,58.3,10,116,15.1,5,未佩戴,still,2.8,0.068 -0.986 -0.121,8660976 8477912 8647480 8512449,g8/153mA/153mA g8/153mA/153mA g8/153mA/153mA g8/153mA/153mA,53,45
2026-09-20 11:04:59,224.9,70,89,95,0,2,0.7082,56,58.3,10,116,15.1,5,未佩戴,still,2.8,0.070 -0.986 -0.119,8661087 8480379 8647974 8513635,g8/153mA/153mA g8/153mA/153mA g8/153mA/153mA g8/153mA/153mA,53,50
2026-09-20 11:05:00,225.9,69,89,94,20,2,0.7348,60,58.3,10,116,15.1,5,未佩戴,still,1.1,0.070 -0.986 -0.123,8662854 8480465 8648607 8514615,g8/153mA/153mA g8/153mA/153mA g8/153mA/153mA g8/153mA/153mA,53,62
2026-09-20 11:05:01,227.0,67,89,94,20,2,0.7458,60,58.3,10,116,15.1,5,未佩戴,still,0.9,0.070 -0.988 -0.121,8662546 8480932 8648580 8516746,g8/153mA/153mA g8/153mA/153mA g8/153mA/153mA g8/153mA/153mA,53,62
2026-09-20 11:05:02,228.0,67,89,94,20,2,0.7458,60,58.3,10,116,15.1,5,未佩戴,still,1.7,0.066 -0.986 -0.125,8662693 8480096 8649280 8518384,g8/153mA/153mA g8/153mA/153mA g8/153mA/153mA g8/153mA/153mA,53,62
2026-09-20 11:05:03,229.0,66,89,94,9,2,0.7456,56,58.3,10,116,15.1,5,未佩戴,still,1.7,0.070 -0.986 -0.121,8663594 8481147 8650782 8517498,g8/153mA/153mA g8/153mA/153mA g8/153mA/153mA g8/153mA/153mA,53,62
2026-09-20 11:05:04,230.0,66,90,94,4,2,0.7612,60,58.3,10,116,15.1,5,未佩戴,still,1.0,0.068 -0.988 -0.127,8664773 8483033 8652112 8519733,g8/153mA/153mA g8/153mA/153mA g8/153mA/153mA g8/153mA/153mA,53,62
2026-09-20 11:05:05,231.0,66,89,94,20,2,0.7725,56,58.3,10,116,15.1,5,未佩戴,still,0.5,0.070 -0.988 -0.121,8665864 8481888 8650294 8518327,g8/153mA/153mA g8/153mA/153mA g8/153mA/153mA g8/153mA/153mA,53,62
2026-09-20 11:05:06,232.1,66,90,94,20,2,0.7725,56,58.3,10,116,15.1,5,未佩戴,still,1.0,0.066 -0.988 -0.127,8663212 8480634 8649100 8519622,g8/153mA/153mA g8/153mA/153mA g8/153mA/153mA g8/153mA/153mA,53,62
2026-09-20 11:05:07,233.1,66,90,95,0,2,0.7614,60,58.3,10,116,15.1,5,未佩戴,still,1.0,0.066 -0.986 -0.127,8664851 8483571 8650841 8520023,g8/153mA/153mA g8/153mA/153mA g8/153mA/153mA g8/153mA/153mA,53,68
2026-09-20 11:05:08,234.1,66,90,94,0,2,0.7905,60,58.3,10,116,15.1,5,未佩戴,still,1.0,0.066 -0.986 -0.129,8663083 8480770 8647642 8518581,g8/153mA/153mA g8/153mA/153mA g8/153mA/153mA g8/153mA/153mA,53,73
2026-09-20 11:05:09,235.1,66,91,94,0,2,0.7905,60,58.3,10,116,15.1,5,未佩戴,still,1.3,0.068 -0.986 -0.125,8665575 8481445 8650100 8521516,g8/153mA/153mA g8/153mA/153mA g8/153mA/153mA g8/153mA/153mA,53,73
2026-09-20 11:05:10,236.1,66,91,95,0,2,0.7758,56,58.3,10,116,15.1,5,未佩戴,still,0.9,0.064 -0.986 -0.129,8665276 8480890 8651864 8521414,g8/153mA/153mA g8/153mA/153mA g8/153mA/153mA g8/153mA/153mA,53,73
2026-09-20 11:05:11,237.1,64,92,94,0,2,0.7471,56,58.3,10,116,15.1,5,未佩戴,still,0.4,0.064 -0.986 -0.131,8663304 8480123 8647002 8519973,g8/153mA/153mA g8/153mA/153mA g8/153mA/153mA g8/153mA/153mA,53,78
2026-09-20 11:05:12,238.1,64,92,95,0,2,0.7758,56,58.3,10,116,15.1,5,未佩戴,still,0.4,0.066 -0.986 -0.125,8670822 8487281 8656711 8525166,g8/153mA/153mA g8/153mA/153mA g8/153mA/153mA g8/153mA/153mA,53,78
2026-09-20 11:05:13,239.2,63,92,95,0,2,0.7758,56,58.3,10,116,15.1,5,未佩戴,still,0.9,-0.006 -0.719 -0.381,8667273 8483586 8652651 8523078,g8/153mA/153mA g8/153mA/153mA g8/153mA/153mA g8/153mA/153mA,53,78
2026-09-20 11:05:14,240.2,61,92,95,1,2,0.7940,40,58.3,10,116,15.1,5,未佩戴,light,30.6,0.066 -0.982 -0.135,8661447 8479500 8647455 8518710,g8/153mA/153mA g8/153mA/153mA g8/153mA/153mA g8/153mA/153mA,53,78
2026-09-20 11:05:15,241.2,61,92,94,20,2,0.8029,60,58.3,10,116,13.9,4,未佩戴,light,30.6,0.066 -0.982 -0.135,8661447 8479500 8647455 8518710,g8/153mA/153mA g8/153mA/153mA g8/153mA/153mA g8/153mA/153mA,53,78
2026-09-20 11:05:16,242.2,60,93,95,0,2,0.8098,60,58.3,10,116,13.9,4,未佩戴,still,3.4,0.043 -0.990 -0.141,8668050 8483477 8651464 8521345,g8/153mA/153mA g8/153mA/153mA g8/153mA/153mA g8/153mA/153mA,53,78
2026-09-20 11:05:17,243.2,60,92,95,0,2,0.8098,60,58.3,30,116,13.9,4,未佩戴,still,17.4,0.051 -0.986 -0.139,8665397 8482904 8649835 8522692,g8/153mA/153mA g8/153mA/153mA g8/153mA/153mA g8/153mA/153mA,53,78
2026-09-20 11:05:18,244.2,60,92,97,0,2,0.8154,60,58.3,30,116,13.9,4,未佩戴,still,1.2,0.041 -0.984 -0.143,8666232 8482803 8648494 8522642,g8/153mA/153mA g8/153mA/153mA g8/153mA/153mA g8/153mA/153mA,53,78
2026-09-20 11:05:19,245.2,60,92,94,0,2,0.8029,60,58.3,30,116,13.9,4,未佩戴,still,1.6,0.047 -0.986 -0.145,8668655 8483808 8652300 8526088,g8/153mA/153mA g8/153mA/153mA g8/153mA/153mA g8/153mA/153mA,53,78
2026-09-20 11:05:20,246.3,61,91,95,0,2,0.8053,60,58.3,30,116,13.9,4,未佩戴,still,1.6,0.045 -0.990 -0.143,8668296 8481487 8651686 8521969,g8/153mA/153mA g8/153mA/153mA g8/153mA/153mA g8/153mA/153mA,53,78
2026-09-20 11:05:21,247.3,62,92,95,0,2,0.8053,60,58.3,30,116,12.6,3,未佩戴,still,13.4,0.043 -0.988 -0.154,8666486 8480875 8647138 8521576,g8/153mA/153mA g8/153mA/153mA g8/153mA/153mA g8/153mA/153mA,53,78
2026-09-20 11:05:22,248.3,62,92,97,0,2,0.8262,60,58.3,30,116,12.6,3,未佩戴,still,13.4,0.043 -0.988 -0.154,8666486 8480875 8647138 8521576,g8/153mA/153mA g8/153mA/153mA g8/153mA/153mA g8/153mA/153mA,53,86
2026-09-20 11:05:23,249.3,64,93,97,0,2,0.8347,60,58.3,30,116,12.6,3,未佩戴,still,13.9,0.049 -0.984 -0.152,8666598 8482758 8651661 8523802,g8/153mA/153mA g8/153mA/153mA g8/153mA/153mA g8/153mA/153mA,53,104
2026-09-20 11:05:24,250.3,65,93,95,0,2,0.8338,60,58.3,30,116,12.6,3,未佩戴,still,1.0,0.047 -0.984 -0.152,8662207 8477776 8644197 8518078,g8/153mA/153mA g8/153mA/153mA g8/153mA/153mA g8/153mA/153mA,53,127
2026-09-20 11:05:25,251.3,66,91,95,0,2,0.8338,60,58.3,30,116,12.6,3,未佩戴,still,0.9,0.049 -0.984 -0.154,8668534 8483108 8650509 8523957,g8/153mA/153mA g8/153mA/153mA g8/153mA/153mA g8/153mA/153mA,53,133
2026-09-20 11:05:26,252.4,66,91,95,1,2,0.8121,40,58.3,30,116,13.5,2,未佩戴,still,1.2,0.051 -0.982 -0.154,8666547 8480457 8647967 8521020,g8/153mA/153mA g8/153mA/153mA g8/153mA/153mA g8/153mA/153mA,53,143
2026-09-20 11:05:27,253.4,66,91,95,20,2,0.8300,56,58.3,30,116,13.5,2,未佩戴,still,1.2,0.051 -0.982 -0.154,8666547 8480457 8647967 8521020,g8/153mA/153mA g8/153mA/153mA g8/153mA/153mA g8/153mA/153mA,53,143
2026-09-20 11:05:28,254.4,66,91,95,20,2,0.8300,56,58.3,30,116,13.5,2,未佩戴,still,1.4,-0.018 -0.717 -0.398,8668612 8481821 8649631 8523181,g8/153mA/153mA g8/153mA/153mA g8/153mA/153mA g8/153mA/153mA,53,143
2026-09-20 11:05:29,255.4,65,92,94,0,2,0.7966,60,58.3,30,116,13.5,2,未佩戴,light,29.4,0.049 -0.984 -0.154,8663628 8479568 8646039 8521158,g8/153mA/153mA g8/153mA/153mA g8/153mA/153mA g8/153mA/153mA,53,143
2026-09-20 11:05:30,256.4,65,92,97,0,2,0.8370,60,58.3,30,116,13.5,2,未佩戴,still,1.0,-0.020 -0.895 -0.201,8664158 8478945 8645680 8520595,g8/153mA/153mA g8/153mA/153mA g8/153mA/153mA g8/153mA/153mA,53,143
2026-09-20 11:05:31,257.4,65,92,97,0,2,0.8137,60,58.3,30,116,13.5,2,未佩戴,still,1.0,-0.020 -0.895 -0.201,8664158 8478945 8645680 8520595,g8/153mA/153mA g8/153mA/153mA g8/153mA/153mA g8/153mA/153mA,53,143
2026-09-20 11:05:32,258.5,64,93,97,0,2,0.8137,60,58.3,10,116,,1,未佩戴,light,46.3,-0.021 -0.936 -0.182,8669611 8484456 8650953 8526412,g8/153mA/153mA g8/153mA/153mA g8/153mA/153mA g8/153mA/153mA,53,143
2026-09-20 11:05:33,259.5,65,93,97,0,2,0.8270,57,58.3,10,116,,1,未佩戴,still,8.8,-0.010 -0.982 -0.164,8664090 8480540 8648060 8523777,g8/153mA/153mA g8/153mA/153mA g8/153mA/153mA g8/153mA/153mA,53,143
2026-09-20 11:05:34,260.5,65,93,97,0,2,0.8410,57,58.3,10,116,,1,未佩戴,still,2.6,-0.035 -0.938 -0.191,8665514 8480669 8648436 8524297,g8/153mA/153mA g8/153mA/153mA g8/153mA/153mA g8/153mA/153mA,53,143
2026-09-20 11:05:35,261.5,65,93,95,0,2,0.8471,56,58.3,10,116,,1,未佩戴,still,2.6,-0.035 -0.938 -0.191,8665514 8480669 8648436 8524297,g8/153mA/153mA g8/153mA/153mA g8/153mA/153mA g8/153mA/153mA,53,143
2026-09-20 11:05:36,262.5,66,93,95,0,2,0.8471,56,58.3,10,116,,1,未佩戴,still,7.1,-0.035 -0.936 -0.193,8667818 8482578 8650116 8525628,g8/153mA/153mA g8/153mA/153mA g8/153mA/153mA g8/153mA/153mA,53,143
2026-09-20 11:05:37,263.6,67,94,97,0,2,0.8261,56,58.3,10,116,,0,未佩戴,still,10.0,-0.037 -0.982 -0.174,8668537 8483381 8650143 8525738,g8/153mA/153mA g8/153mA/153mA g8/153mA/153mA g8/153mA/153mA,53,143
2026-09-20 11:05:38,264.6,67,93,95,0,2,0.8442,56,58.3,10,116,,0,未佩戴,still,1.4,-0.006 -0.982 -0.166,8670729 8484525 8651337 8527933,g8/153mA/153mA g8/153mA/153mA g8/153mA/153mA g8/153mA/153mA,53,143
2026-09-20 11:05:39,265.6,67,93,95,0,2,0.8571,56,58.3,10,116,,0,未佩戴,still,1.4,-0.006 -0.982 -0.166,8670729 8484525 8651337 8527933,g8/153mA/153mA g8/153mA/153mA g8/153mA/153mA g8/153mA/153mA,53,143
2026-09-20 11:05:40,266.6,69,94,95,0,2,0.8571,56,58.3,0,116,,0,未佩戴,still,1.0,-0.031 -0.979 -0.166,8669943 8482878 8651201 8526328,g8/153mA/153mA g8/153mA/153mA g8/153mA/153mA g8/153mA/153mA,53,143
2026-09-20 11:05:41,267.6,69,94,95,0,2,0.8646,60,58.3,0,116,,0,未佩戴,still,1.9,-0.039 -0.980 -0.176,8661148 8477359 8643658 8518949,g8/153mA/153mA g8/153mA/153mA g8/153mA/153mA g8/153mA/153mA,53,143
2026-09-20 11:05:43,268.7,69,94,95,0,2,0.8584,60,58.3,0,116,,0,未佩戴,still,1.9,-0.039 -0.980 -0.176,8661148 8477359 8643658 8518949,g8/153mA/153mA g8/153mA/153mA g8/153mA/153mA g8/153mA/153mA,53,143
2026-09-20 11:05:44,269.7,69,94,95,0,2,0.8584,60,58.3,10,116,,0,未佩戴,still,1.8,-0.066 -0.721 -0.422,8666607 8480660 8646158 8524989,g8/153mA/153mA g8/153mA/153mA g8/153mA/153mA g8/153mA/153mA,53,143
2026-09-20 11:05:45,270.7,69,94,95,0,2,0.8718,56,58.3,10,116,,0,未佩戴,light,27.3,-0.018 -0.975 -0.186,8670593 8484414 8651924 8529338,g8/153mA/153mA g8/153mA/153mA g8/153mA/153mA g8/153mA/153mA,53,143
2026-09-20 11:05:46,271.7,69,94,95,0,2,0.8649,60,58.3,10,116,,0,未佩戴,still,1.5,0.000 -0.982 -0.184,8669985 8482913 8650757 8529108,g8/153mA/153mA g8/153mA/153mA g8/153mA/153mA g8/153mA/153mA,53,143
2026-09-20 11:05:47,272.8,69,94,95,0,2,0.8649,60,58.3,10,116,,0,未佩戴,still,0.6,0.010 -0.980 -0.184,8664935 8477905 8645655 8522830,g8/153mA/153mA g8/153mA/153mA g8/153mA/153mA g8/153mA/153mA,53,143
2026-09-20 11:05:48,273.8,69,93,95,40,2,0.8731,56,58.3,10,116,,0,未佩戴,still,0.6,0.000 -0.984 -0.186,8660611 8475329 8641099 8518949,g8/153mA/153mA g8/153mA/153mA g8/153mA/153mA g8/153mA/153mA,53,143
2026-09-20 11:05:49,274.8,69,93,95,0,2,0.8734,56,58.3,10,116,,0,未佩戴,still,0.8,0.031 -0.977 -0.188,8663740 8478281 8642643 8521441,g8/153mA/153mA g8/153mA/153mA g8/153mA/153mA g8/153mA/153mA,53,143
2026-09-20 11:05:50,275.9,70,94,95,0,2,0.8818,56,58.3,10,116,,0,未佩戴,still,5.5,0.059 -0.975 -0.213,8668824 8483117 8649204 8526446,g8/153mA/153mA g8/153mA/153mA g8/153mA/153mA g8/153mA/153mA,53,143
2026-09-20 11:05:51,276.9,70,93,95,0,2,0.8818,56,58.3,10,116,,0,未佩戴,light,48.1,0.086 -0.969 -0.223,8671113 8484824 8652394 8530637,g8/153mA/153mA g8/153mA/153mA g8/153mA/153mA g8/153mA/153mA,53,143
2026-09-20 11:05:52,277.9,70,92,96,0,2,0.8903,56,58.3,10,116,,0,未佩戴,still,1.6,0.082 -0.969 -0.219,8666079 8480216 8645407 8524066,g8/153mA/153mA g8/153mA/153mA g8/153mA/153mA g8/153mA/153mA,53,143
2026-09-20 11:05:53,278.9,70,92,95,0,2,0.8938,56,58.3,10,116,,0,未佩戴,still,1.6,0.084 -0.969 -0.221,8666659 8481549 8646729 8525082,g8/153mA/153mA g8/153mA/153mA g8/153mA/153mA g8/153mA/153mA,53,143
2026-09-20 11:05:54,280.0,70,91,95,0,2,0.8601,56,58.3,10,116,,0,未佩戴,still,0.7,0.049 -0.977 -0.209,8667409 8483322 8649656 8526721,g8/153mA/153mA g8/153mA/153mA g8/153mA/153mA g8/153mA/153mA,53,143
2026-09-20 11:05:55,281.0,72,91,95,0,2,0.8601,56,58.3,10,116,,0,未佩戴,still,1.0,0.055 -0.973 -0.221,8668109 8481267 8646592 8526781,g8/153mA/153mA g8/153mA/153mA g8/153mA/153mA g8/153mA/153mA,53,143
2026-09-20 11:05:56,282.0,72,91,95,0,2,0.8841,56,58.3,10,116,,0,未佩戴,still,1.0,0.006 -0.699 -0.449,8670209 8484558 8650424 8528998,g8/153mA/153mA g8/153mA/153mA g8/153mA/153mA g8/153mA/153mA,53,143
2026-09-20 11:05:57,283.0,72,91,95,0,2,0.8704,56,58.3,10,116,,0,未佩戴,light,33.7,0.086 -1.010 -0.242,8668083 8483560 8648513 8528393,g8/153mA/153mA g8/153mA/153mA g8/153mA/153mA g8/153mA/153mA,53,143
2026-09-20 11:05:58,284.1,75,93,95,0,2,0.8776,56,58.3,10,116,,0,未佩戴,still,8.0,0.053 -0.961 -0.221,8669456 8481429 8647360 8526814,g8/153mA/153mA g8/153mA/153mA g8/153mA/153mA g8/153mA/153mA,53,143
2026-09-20 11:05:59,285.1,76,89,95,0,2,0.8776,56,58.3,10,116,,0,未佩戴,still,3.3,0.074 -0.965 -0.238,8667973 8481658 8650143 8526226,g8/153mA/153mA g8/153mA/153mA g8/153mA/153mA g8/153mA/153mA,53,143
2026-09-20 11:06:00,286.1,76,89,97,0,2,0.8408,60,58.3,0,116,,0,未佩戴,still,13.3,0.053 -1.016 -0.242,8666889 8481165 8647053 8525244,g8/153mA/153mA g8/153mA/153mA g8/153mA/153mA g8/153mA/153mA,53,143
2026-09-20 11:06:01,287.1,76,88,95,20,2,0.8719,60,58.3,0,116,,0,未佩戴,still,13.3,0.068 -0.967 -0.236,8668357 8483135 8649682 8527394,g8/153mA/153mA g8/153mA/153mA g8/153mA/153mA g8/153mA/153mA,53,143
2026-09-20 11:06:02,288.2,76,87,95,20,2,0.8719,60,58.3,0,116,,0,未佩戴,light,27.9,0.066 -0.963 -0.229,8668066 8480292 8647992 8528137,g8/153mA/153mA g8/153mA/153mA g8/153mA/153mA g8/153mA/153mA,53,143
2026-09-20 11:06:03,289.2,77,86,95,20,2,0.8276,56,58.3,0,116,,0,未佩戴,still,1.9,0.061 -0.969 -0.230,8667282 8481897 8647695 8527394,g8/153mA/153mA g8/153mA/153mA g8/153mA/153mA g8/153mA/153mA,53,143
2026-09-20 11:06:04,290.2,77,86,95,2,2,0.8492,56,58.3,0,116,,0,未佩戴,still,2.8,0.059 -0.969 -0.232,8674669 8488143 8653656 8532045,g8/153mA/153mA g8/153mA/153mA g8/153mA/153mA g8/153mA/153mA,53,143
2026-09-20 11:06:05,291.3,77,86,97,0,2,0.8359,56,58.3,0,116,,0,未佩戴,still,2.8,0.066 -0.965 -0.230,8674310 8486700 8654842 8532556,g8/153mA/153mA g8/153mA/153mA g8/153mA/153mA g8/153mA/153mA,53,143
2026-09-20 11:06:06,292.3,77,87,97,0,2,0.8359,56,58.3,0,116,,0,未佩戴,still,1.3,0.066 -0.969 -0.230,8669227 8483322 8648343 8531737,g8/153mA/153mA g8/153mA/153mA g8/153mA/153mA g8/153mA/153mA,53,143
2026-09-20 11:06:07,293.3,77,88,97,0,2,0.8399,56,58.3,0,116,,0,未佩戴,still,2.3,0.059 -0.967 -0.230,8669193 8483484 8649401 8528317,g8/153mA/153mA g8/153mA/153mA g8/153mA/153mA g8/153mA/153mA,53,143
2026-09-20 11:06:08,294.4,77,88,95,0,2,0.8478,56,58.3,0,116,,0,未佩戴,still,2.2,0.066 -0.957 -0.229,8663145 8478100 8644136 8523598,g8/153mA/153mA g8/153mA/153mA g8/153mA/153mA g8/153mA/153mA,53,143
2026-09-20 11:06:09,295.4,77,88,97,0,2,0.8241,56,58.3,0,116,,0,未佩戴,still,2.2,0.066 -0.957 -0.229,8663145 8478100 8644136 8523598,g8/153mA/153mA g8/153mA/153mA g8/153mA/153mA g8/153mA/153mA,53,143
2026-09-20 11:06:10,296.4,77,89,97,0,2,0.8241,56,58.3,0,116,,0,未佩戴,still,4.5,-0.010 -0.705 -0.451,8673407 8485164 8651643 8532376,g8/153mA/153mA g8/153mA/153mA g8/153mA/153mA g8/153mA/153mA,53,143
2026-09-20 11:06:11,297.4,76,89,97,0,2,0.8081,56,58.3,0,116,,0,未佩戴,light,26.7,0.057 -0.969 -0.230,8671189 8484798 8650007 8528205,g8/153mA/153mA g8/153mA/153mA g8/153mA/153mA g8/153mA/153mA,53,143
2026-09-20 11:06:12,298.5,76,89,95,0,2,0.8040,56,58.3,0,116,,0,未佩戴,still,4.3,0.057 -0.967 -0.229,10106555 9622968 10052177 9833913,g8/153mA/153mA g8/153mA/153mA g8/153mA/153mA g8/153mA/153mA,53,143
2026-09-20 11:06:13,299.5,76,89,97,23,2,0.8164,60,58.3,10,116,,0,已佩戴,still,4.3,0.057 -0.963 -0.230,10785147 10200493 10673157 10516839,g8/153mA/153mA g8/153mA/153mA g8/153mA/153mA g8/153mA/153mA,53,143
2026-09-20 11:06:14,300.5,76,90,97,17,2,0.8115,60,58.3,10,116,,0,已佩戴,still,3.3,0.057 -0.967 -0.229,15734365 15282148 15336952 15708531,g8/153mA/153mA g8/153mA/153mA g8/153mA/153mA g8/153mA/153mA,53,143
2026-09-20 11:06:15,301.6,76,90,95,0,2,0.8025,60,58.3,10,116,,0,未佩戴,still,3.9,0.061 -0.965 -0.230,15863886 16216268 16295182 15845143,g7/153mA/153mA g7/153mA/153mA g7/153mA/153mA g7/153mA/153mA,53,143
2026-09-20 11:06:16,302.6,76,90,95,0,2,0.8001,60,58.3,10,116,,0,未佩戴,still,3.9,0.061 -0.965 -0.230,15863886 16216268 16295182 15845143,g7/153mA/153mA g7/153mA/153mA g7/153mA/153mA g7/153mA/153mA,53,143
2026-09-20 11:06:17,303.6,76,91,95,0,2,0.8001,60,58.3,10,116,,0,未佩戴,still,7.2,0.057 -0.967 -0.229,8575417 8456508 8563559 8488474,g6/153mA/153mA g6/153mA/153mA g6/153mA/153mA g6/153mA/153mA,53,143
2026-09-20 11:06:18,304.6,75,91,95,19,2,0.8526,20,58.3,10,116,,0,未佩戴,still,1.6,0.057 -0.967 -0.229,8463256 8412565 8456824 8424533,g5/153mA/153mA g5/153mA/153mA g5/153mA/153mA g5/153mA/153mA,53,143
2026-09-20 11:06:20,305.7,74,90,97,18,2,0.8444,20,58.3,10,116,,0,未佩戴,still,3.1,0.055 -0.967 -0.229,9002619 8662657 8953837 8813608,g8/153mA/153mA g8/153mA/153mA g8/153mA/153mA g8/153mA/153mA,53,143
2026-09-20 11:06:21,306.7,74,90,97,18,2,0.8444,20,58.3,10,116,,0,未佩戴,still,3.1,0.055 -0.967 -0.229,9002619 8662657 8953837 8813608,g8/153mA/153mA g8/153mA/153mA g8/153mA/153mA g8/153mA/153mA,53,143
2026-09-20 11:06:22,307.7,72,93,97,18,2,0.8444,20,58.3,10,116,,0,未佩戴,still,3.9,-0.016 -0.705 -0.451,8666061 8476703 8645937 8526498,g8/153mA/153mA g8/153mA/153mA g8/153mA/153mA g8/153mA/153mA,53,143
2026-09-20 11:06:23,308.7,71,94,95,18,2,0.8223,16,58.3,10,116,,0,未佩戴,light,36.2,0.057 -0.977 -0.232,8661967 8473818 8643146 8522353,g8/153mA/153mA g8/153mA/153mA g8/153mA/153mA g8/153mA/153mA,53,143
2026-09-20 11:06:24,309.7,70,93,95,8,2,0.8142,52,58.3,10,116,,0,未佩戴,still,9.3,0.053 -0.967 -0.230,8667487 8480292 8648896 8527804,g8/153mA/153mA g8/153mA/153mA g8/153mA/153mA g8/153mA/153mA,53,143
2026-09-20 11:06:25,310.7,70,93,95,8,2,0.8142,52,58.3,10,116,,0,未佩戴,still,3.2,0.055 -0.967 -0.232,8669310 8482725 8646064 8526823,g8/153mA/153mA g8/153mA/153mA g8/153mA/153mA g8/153mA/153mA,53,143
2026-09-20 11:06:26,311.7,70,93,97,18,2,0.8087,28,58.3,20,116,,0,未佩戴,still,3.2,0.053 -0.971 -0.232,8671881 8483049 8652233 8532685,g8/153mA/153mA g8/153mA/153mA g8/153mA/153mA g8/153mA/153mA,53,143
2026-09-20 11:06:27,312.7,70,93,97,19,2,0.8269,28,58.3,20,116,,0,未佩戴,still,5.2,0.055 -0.969 -0.232,8672323 8484927 8653348 8532974,g8/153mA/153mA g8/153mA/153mA g8/153mA/153mA g8/153mA/153mA,53,143
2026-09-20 11:06:28,313.7,69,92,95,20,2,0.8439,60,58.3,20,116,,0,未佩戴,still,2.7,0.053 -0.967 -0.230,8666703 8479791 8646969 8526285,g8/153mA/153mA g8/153mA/153mA g8/153mA/153mA g8/153mA/153mA,53,143
2026-09-20 11:06:29,314.8,69,92,95,20,2,0.8439,60,58.3,20,116,,0,未佩戴,still,2.7,0.053 -0.967 -0.230,8666703 8479791 8646969 8526285,g8/153mA/153mA g8/153mA/153mA g8/153mA/153mA g8/153mA/153mA,53,143
2026-09-20 11:06:30,315.8,69,93,95,20,2,0.8439,60,58.3,20,116,,0,未佩戴,still,3.8,0.047 -0.971 -0.232,8664422 8477871 8643019 8522865,g8/153mA/153mA g8/153mA/153mA g8/153mA/153mA g8/153mA/153mA,53,143
2026-09-20 11:06:31,316.8,69,93,97,0,2,0.8402,56,58.3,20,116,,0,未佩戴,still,5.3,0.049 -0.971 -0.232,8662912 8475224 8638060 8519000,g8/153mA/153mA g8/153mA/153mA g8/153mA/153mA g8/153mA/153mA,53,143
2026-09-20 11:06:32,317.8,70,92,95,0,2,0.8475,56,58.3,20,116,,0,未佩戴,still,2.6,0.031 -0.971 -0.225,8663510 8477461 8642626 8524672,g8/153mA/153mA g8/153mA/153mA g8/153mA/153mA g8/153mA/153mA,53,143
2026-09-20 11:06:33,318.9,70,92,95,0,2,0.8475,56,58.3,20,116,,0,未佩戴,still,2.6,0.031 -0.971 -0.225,8663510 8477461 8642626 8524672,g8/153mA/153mA g8/153mA/153mA g8/153mA/153mA g8/153mA/153mA,53,143
2026-09-20 11:06:34,319.9,70,92,95,0,2,0.8475,56,58.3,20,116,,0,未佩戴,still,4.9,-0.037 -0.711 -0.445,8697243 8501401 8679812 8555259,g8/153mA/153mA g8/153mA/153mA g8/153mA/153mA g8/153mA/153mA,53,143
2026-09-20 11:06:35,321.0,70,93,95,19,2,0.8258,28,58.3,10,116,,0,未佩戴,light,26.3,0.021 -0.973 -0.221,8666429 8477785 8646652 8527914,g8/153mA/153mA g8/153mA/153mA g8/153mA/153mA g8/153mA/153mA,53,143
2026-09-20 11:06:36,322.0,69,93,95,19,2,0.8258,28,58.3,10,116,,0,未佩戴,still,0.8,-0.037 -0.705 -0.443,8661616 8475167 8640108 8521901,g8/153mA/153mA g8/153mA/153mA g8/153mA/153mA g8/153mA/153mA,53,143
2026-09-20 11:06:37,323.0,69,90,95,19,2,0.8126,20,58.3,10,116,,0,未佩戴,light,27.7,0.021 -0.977 -0.221,8666121 8477742 8646952 8526159,g8/153mA/153mA g8/153mA/153mA g8/153mA/153mA g8/153mA/153mA,53,143
2026-09-20 11:06:38,324.0,69,90,97,19,2,0.8087,29,58.3,10,116,,0,未佩戴,still,2.1,0.021 -0.973 -0.223,8670396 8480574 8647668 8530201,g8/153mA/153mA g8/153mA/153mA g8/153mA/153mA g8/153mA/153mA,53,143
2026-09-20 11:06:39,325.1,70,92,95,19,2,0.8142,29,58.3,10,116,,0,未佩戴,still,2.1,0.021 -0.971 -0.223,8667487 8480849 8648674 8528947,g8/153mA/153mA g8/153mA/153mA g8/153mA/153mA g8/153mA/153mA,53,143
2026-09-20 11:06:40,326.1,69,92,95,19,2,0.8142,29,58.3,10,116,,0,未佩戴,still,1.0,0.021 -0.969 -0.221,8669396 8480183 8643580 8525227,g8/153mA/153mA g8/153mA/153mA g8/153mA/153mA g8/153mA/153mA,53,149
2026-09-20 11:06:41,327.2,69,92,97,8,2,0.8317,60,58.3,10,116,,0,未佩戴,still,1.5,0.021 -0.973 -0.223,8667246 8479859 8646960 8527922,g8/153mA/153mA g8/153mA/153mA g8/153mA/153mA g8/153mA/153mA,53,149
2026-09-20 11:06:42,328.2,69,92,95,20,2,0.8164,60,58.3,10,116,,0,未佩戴,still,1.1,0.020 -0.973 -0.223,8673843 8483143 8651175 8533401,g8/153mA/153mA g8/153mA/153mA g8/153mA/153mA g8/153mA/153mA,53,149
2026-09-20 11:06:43,329.2,69,92,97,0,2,0.8136,60,58.3,10,116,,0,未佩戴,still,1.1,0.020 -0.973 -0.221,8668100 8480412 8644351 8526412,g8/153mA/153mA g8/153mA/153mA g8/153mA/153mA g8/153mA/153mA,53,149
2026-09-20 11:06:44,330.2,69,92,97,0,2,0.8136,60,58.3,10,116,,0,未佩戴,still,1.6,0.021 -0.973 -0.221,8666207 8478203 8647677 8527846,g8/153mA/153mA g8/153mA/153mA g8/153mA/153mA g8/153mA/153mA,53,149
2026-09-20 11:06:45,331.3,69,93,95,0,2,0.8326,60,58.3,10,116,,0,未佩戴,still,1.6,0.021 -0.971 -0.223,8667401 8477419 8645458 8528648,g8/153mA/153mA g8/153mA/153mA g8/153mA/153mA g8/153mA/153mA,53,149
2026-09-20 11:06:46,332.3,69,93,97,0,2,0.8240,60,58.3,10,116,,0,未佩戴,still,1.5,0.021 -0.971 -0.221,8668364 8479978 8644188 8526457,g8/153mA/153mA g8/153mA/153mA g8/153mA/153mA g8/153mA/153mA,53,149
2026-09-20 11:06:47,333.3,69,93,97,0,2,0.8247,60,58.3,10,116,,0,未佩戴,still,1.5,0.021 -0.973 -0.221,8664048 8476454 8640435 8523027,g8/153mA/153mA g8/153mA/153mA g8/153mA/153mA g8/153mA/153mA,53,149
2026-09-20 11:06:48,334.4,69,92,97,0,2,0.8247,60,58.3,10,116,,0,未佩戴,still,1.2,0.021 -0.971 -0.223,8661745 8475551 8635477 8519733,g8/153mA/153mA g8/153mA/153mA g8/153mA/153mA g8/153mA/153mA,53,149
2026-09-20 11:06:49,335.4,69,92,94,0,2,0.7887,40,58.3,10,116,,0,未佩戴,still,1.4,0.021 -0.973 -0.223,8671358 8483553 8650500 8531864,g8/153mA/153mA g8/153mA/153mA g8/153mA/153mA g8/153mA/153mA,53,150
2026-09-20 11:06:50,336.4,69,92,95,0,2,0.7973,56,58.3,10,116,,0,未佩戴,still,1.4,0.021 -0.973 -0.223,8671358 8483553 8650500 8531864,g8/153mA/153mA g8/153mA/153mA g8/153mA/153mA g8/153mA/153mA,53,150
2026-09-20 11:06:51,337.5,70,92,95,0,2,0.7973,56,58.3,10,116,,0,未佩戴,still,2.2,0.021 -0.971 -0.221,8663510 8476531 8640108 8523351,g8/153mA/153mA g8/153mA/153mA g8/153mA/153mA g8/153mA/153mA,53,150
2026-09-20 11:06:52,338.5,70,92,94,0,2,0.8074,56,58.3,10,116,,0,未佩戴,still,1.2,0.021 -0.971 -0.223,8668544 8478970 8649237 8530542,g8/153mA/153mA g8/153mA/153mA g8/153mA/153mA g8/153mA/153mA,53,150
2026-09-20 11:06:53,339.5,70,90,94,0,2,0.8074,56,58.3,10,116,,0,未佩戴,still,1.2,-0.037 -0.709 -0.445,8666018 8480089 8644954 8525331,g8/153mA/153mA g8/153mA/153mA g8/153mA/153mA g8/153mA/153mA,53,150
2026-09-20 11:06:54,340.5,70,90,97,0,2,0.8243,56,58.3,10,116,,0,未佩戴,still,1.2,-0.037 -0.709 -0.445,8666018 8480089 8644954 8525331,g8/153mA/153mA g8/153mA/153mA g8/153mA/153mA g8/153mA/153mA,53,150
2026-09-20 11:06:55,341.6,71,90,97,0,2,0.8243,56,58.3,30,116,,0,未佩戴,light,26.6,0.021 -0.973 -0.223,8665593 8478563 8639701 8523146,g8/153mA/153mA g8/153mA/153mA g8/153mA/153mA g8/153mA/153mA,53,150
2026-09-20 11:06:56,342.6,71,90,97,0,2,0.8278,60,58.3,30,116,,0,未佩戴,still,0.9,0.021 -0.977 -0.223,8663427 8477461 8644306 8525884,g8/153mA/153mA g8/153mA/153mA g8/153mA/153mA g8/153mA/153mA,53,150
2026-09-20 11:06:57,343.6,71,91,97,0,2,0.8183,60,58.3,30,116,,0,未佩戴,still,2.2,0.018 -0.984 -0.223,8663631 8478450 8641738 8523145,g8/153mA/153mA g8/153mA/153mA g8/153mA/153mA g8/153mA/153mA,53,150
2026-09-20 11:06:59,344.6,71,91,95,0,2,0.8118,60,58.3,30,116,,0,未佩戴,still,2.2,0.018 -0.984 -0.223,8663631 8478450 8641738 8523145,g8/153mA/153mA g8/153mA/153mA g8/153mA/153mA g8/153mA/153mA,53,150
2026-09-20 11:07:00,345.7,71,93,94,0,2,0.7864,60,58.3,30,116,,0,未佩戴,still,16.3,0.021 -0.973 -0.223,8673074 8484158 8654117 8534730,g8/153mA/153mA g8/153mA/153mA g8/153mA/153mA g8/153mA/153mA,53,150
2026-09-20 11:07:01,346.7,71,93,94,0,2,0.7989,56,58.3,30,116,,0,未佩戴,still,1.3,0.021 -0.973 -0.223,8668090 8477699 8642702 8524171,g8/153mA/153mA g8/153mA/153mA g8/153mA/153mA g8/153mA/153mA,53,156
2026-09-20 11:07:02,347.7,70,92,95,0,2,0.8322,56,58.3,20,116,,0,未佩戴,still,1.2,0.021 -0.973 -0.223,8667562 8478690 8648034 8530593,g8/153mA/153mA g8/153mA/153mA g8/153mA/153mA g8/153mA/153mA,53,156
2026-09-20 11:07:03,348.8,70,92,95,0,2,0.8322,56,58.3,20,116,,0,未佩戴,still,1.4,0.021 -0.973 -0.223,8665780 8478382 8644972 8529049,g8/153mA/153mA g8/153mA/153mA g8/153mA/153mA g8/153mA/153mA,53,156
2026-09-20 11:07:04,349.8,70,91,97,0,2,0.8376,56,58.3,10,116,,0,未佩戴,still,1.4,0.020 -0.973 -0.223,8671206 8482555 8645228 8528444,g8/153mA/153mA g8/153mA/153mA g8/153mA/153mA g8/153mA/153mA,53,156
2026-09-20 11:07:05,350.9,70,91,97,0,2,0.8248,56,58.3,10,116,,0,未佩戴,still,1.0,0.020 -0.971 -0.223,8669746 8481436 8649194 8531302,g8/153mA/153mA g8/153mA/153mA g8/153mA/153mA g8/153mA/153mA,53,156
2026-09-20 11:07:06,351.9,70,91,97,0,2,0.8308,60,58.3,10,116,,0,未佩戴,still,1.1,0.020 -0.973 -0.223,8664603 8477555 8642157 8523649,g8/153mA/153mA g8/153mA/153mA g8/153mA/153mA g8/153mA/153mA,53,162
2026-09-20 11:07:07,352.9,70,91,97,0,2,0.8308,60,58.3,10,116,,0,未佩戴,still,1.2,0.020 -0.971 -0.223,8672136 8484780 8652523 8534312,g8/153mA/153mA g8/153mA/153mA g8/153mA/153mA g8/153mA/153mA,53,162
2026-09-20 11:07:08,353.9,70,90,94,0,2,0.8056,56,58.3,10,116,,0,未佩戴,still,1.2,0.020 -0.965 -0.225,8671588 8482931 8650764 8534195,g8/153mA/153mA g8/153mA/153mA g8/153mA/153mA g8/153mA/153mA,53,162
2026-09-20 11:07:09,354.9,70,90,95,0,2,0.8137,56,58.3,10,116,,0,未佩戴,still,2.1,0.020 -0.975 -0.221,8665175 8477042 8641005 8523487,g8/153mA/153mA g8/153mA/153mA g8/153mA/153mA g8/153mA/153mA,53,162
2026-09-20 11:07:10,356.0,70,91,95,0,2,0.8137,56,58.3,10,116,,0,未佩戴,still,2.1,-0.035 -0.705 -0.447,8664791 8478270 8640255 8523334,g8/153mA/153mA g8/153mA/153mA g8/153mA/153mA g8/153mA/153mA,53,162
2026-09-20 11:07:11,357.0,70,91,95,0,2,0.7970,56,58.3,10,116,,0,未佩戴,light,27.1,0.021 -0.971 -0.223,8668996 8481130 8648829 8531805,g8/153mA/153mA g8/153mA/153mA g8/153mA/153mA g8/153mA/153mA,53,162
2026-09-20 11:07:12,358.0,71,91,97,0,2,0.8186,56,58.3,10,116,,0,未佩戴,still,1.1,0.020 -0.971 -0.223,8666489 8480763 8646073 8529467,g8/153mA/153mA g8/153mA/153mA g8/153mA/153mA g8/153mA/153mA,53,162
2026-09-20 11:07:13,359.0,71,91,97,0,2,0.8391,60,58.3,10,116,,0,未佩戴,still,1.1,0.021 -0.969 -0.223,8668160 8481036 8643258 8527316,g8/153mA/153mA g8/153mA/153mA g8/153mA/153mA g8/153mA/153mA,53,162
2026-09-20 11:07:14,360.0,70,89,97,0,2,0.8391,60,58.3,10,116,,0,未佩戴,still,1.5,0.020 -0.971 -0.223,8668800 8481463 8648812 8531839,g8/153mA/153mA g8/153mA/153mA g8/153mA/153mA g8/153mA/153mA,53,162
2026-09-20 11:07:15,361.1,70,89,95,0,2,0.8248,56,58.3,10,116,,0,未佩戴,still,1.3,0.020 -0.971 -0.223,8670088 8483315 8648426 8530739,g8/153mA/153mA g8/153mA/153mA g8/153mA/153mA g8/153mA/153mA,53,162
2026-09-20 11:07:16,362.1,70,89,97,0,2,0.8347,56,58.3,10,116,,0,未佩戴,still,1.4,0.020 -0.971 -0.223,8661412 8475020 8638933 8522206,g8/153mA/153mA g8/153mA/153mA g8/153mA/153mA g8/153mA/153mA,53,162
2026-09-20 11:07:17,363.1,69,89,95,7,2,0.8387,56,58.3,10,116,,0,未佩戴,still,1.4,-0.037 -0.707 -0.445,8675778 8486324 8654970 8538357,g8/153mA/153mA g8/153mA/153mA g8/153mA/153mA g8/153mA/153mA,53,162
2026-09-20 11:07:18,364.1,69,89,95,7,2,0.8387,56,58.3,10,116,,0,未佩戴,light,26.8,0.021 -0.971 -0.223,8663247 8476514 8640202 8523717,g8/153mA/153mA g8/153mA/153mA g8/153mA/153mA g8/153mA/153mA,53,162
2026-09-20 11:07:19,365.1,69,90,97,0,2,0.8343,60,58.3,10,116,,0,未佩戴,still,0.9,0.020 -0.973 -0.225,8664901 8477699 8640759 8524750,g8/153mA/153mA g8/153mA/153mA g8/153mA/153mA g8/153mA/153mA,53,162
2026-09-20 11:07:20,366.2,69,90,95,0,2,0.8154,60,58.3,10,116,,0,未佩戴,still,1.3,0.020 -0.971 -0.225,8669184 8481120 8648460 8531609,g8/153mA/153mA g8/153mA/153mA g8/153mA/153mA g8/153mA/153mA,53,162
2026-09-20 11:07:21,367.2,69,90,95,0,2,0.8477,56,58.3,10,116,,0,未佩戴,still,1.3,0.020 -0.971 -0.223,8668220 8480593 8647131 8531397,g8/153mA/153mA g8/153mA/153mA g8/153mA/153mA g8/153mA/153mA,53,162
2026-09-20 11:07:22,368.2,71,91,95,0,2,0.8477,56,58.3,10,116,,0,未佩戴,still,1.0,0.021 -0.971 -0.223,8672758 8484117 8651099 8535337,g8/153mA/153mA g8/153mA/153mA g8/153mA/153mA g8/153mA/153mA,53,162
2026-09-20 11:07:23,369.2,71,91,95,0,2,0.8390,60,58.3,10,116,,0,未佩戴,still,1.7,0.020 -0.973 -0.225,8664158 8476820 8643478 8526515,g8/153mA/153mA g8/153mA/153mA g8/153mA/153mA g8/153mA/153mA,53,162
2026-09-20 11:07:24,370.3,71,91,97,0,2,0.8448,56,58.3,10,116,,0,未佩戴,still,1.7,0.020 -0.973 -0.223,8669362 8483586 8650389 8532787,g8/153mA/153mA g8/153mA/153mA g8/153mA/153mA g8/153mA/153mA,53,162
2026-09-20 11:07:25,371.3,70,91,97,0,2,0.8448,56,58.3,10,116,,0,未佩戴,still,1.3,-0.039 -0.709 -0.447,8662564 8474406 8641559 8526021,g8/153mA/153mA g8/153mA/153mA g8/153mA/153mA g8/153mA/153mA,53,162
2026-09-20 11:07:26,372.3,69,91,95,0,2,0.8621,60,58.2,10,115,,0,未佩戴,light,26.3,0.020 -0.971 -0.223,8662051 8474211 8637592 8522224,g8/153mA/153mA g8/153mA/153mA g8/153mA/153mA g8/153mA/153mA,53,162
2026-09-20 11:07:27,373.4,69,90,95,0,2,0.8611,60,58.2,10,115,,0,未佩戴,still,1.3,0.020 -0.971 -0.225,8673347 8487145 8647745 8532429,g8/153mA/153mA g8/153mA/153mA g8/153mA/153mA g8/153mA/153mA,53,170
2026-09-20 11:07:28,374.4,69,90,95,0,2,0.8454,60,58.2,10,115,,0,未佩戴,still,1.3,0.020 -0.971 -0.225,8673347 8487145 8647745 8532429,g8/153mA/153mA g8/153mA/153mA g8/153mA/153mA g8/153mA/153mA,53,170
2026-09-20 11:07:29,375.5,65,91,95,0,2,0.8454,60,57.9,10,113,,0,未佩戴,still,1.3,0.018 -0.975 -0.225,8671230 8482179 8646012 8529511,g8/153mA/153mA g8/153mA/153mA g8/153mA/153mA g8/153mA/153mA,53,170
2026-09-20 11:07:30,376.5,65,90,95,0,2,0.8411,56,58.1,10,112,,0,未佩戴,still,1.4,0.020 -0.973 -0.225,8662717 8475993 8635902 8521969,g8/153mA/153mA g8/153mA/153mA g8/153mA/153mA g8/153mA/153mA,53,170
2026-09-20 11:07:31,377.5,64,90,95,1,2,0.8283,56,58.3,10,111,,0,未佩戴,still,1.0,0.020 -0.971 -0.225,8667129 8480422 8641509 8526532,g8/153mA/153mA g8/153mA/153mA g8/153mA/153mA g8/153mA/153mA,53,170
2026-09-20 11:07:32,378.5,64,90,95,0,2,0.8600,56,58.3,10,111,,0,未佩戴,still,1.0,0.020 -0.971 -0.225,8667129 8480422 8641509 8526532,g8/153mA/153mA g8/153mA/153mA g8/153mA/153mA g8/153mA/153mA,53,170
2026-09-20 11:07:33,379.6,64,89,95,0,2,0.8600,56,58.1,10,109,,0,未佩戴,still,1.3,0.020 -0.973 -0.225,8666761 8479083 8643684 8527549,g8/153mA/153mA g8/153mA/153mA g8/153mA/153mA g8/153mA/153mA,53,170
2026-09-20 11:07:34,380.6,64,89,95,0,2,0.8798,60,58.3,10,108,,0,未佩戴,still,1.4,0.020 -0.973 -0.223,8669884 8480431 8647567 8529587,g8/153mA/153mA g8/153mA/153mA g8/153mA/153mA g8/153mA/153mA,53,175
2026-09-20 11:07:35,381.6,63,90,96,0,2,0.8904,56,58.6,10,107,,0,未佩戴,still,1.1,0.020 -0.973 -0.223,8665104 8478375 8648172 8531951,g8/153mA/153mA g8/153mA/153mA g8/153mA/153mA g8/153mA/153mA,53,175
2026-09-20 11:07:36,382.6,63,90,96,0,2,0.8904,56,58.6,10,107,,0,未佩戴,still,1.1,0.020 -0.973 -0.223,8665104 8478375 8648172 8531951,g8/153mA/153mA g8/153mA/153mA g8/153mA/153mA g8/153mA/153mA,53,175
2026-09-20 11:07:37,383.6,63,91,96,0,2,0.8904,56,58.9,10,105,,0,未佩戴,still,1.1,-0.039 -0.709 -0.447,8669140 8480609 8641397 8527027,g8/153mA/153mA g8/153mA/153mA g8/153mA/153mA g8/153mA/153mA,53,175
2026-09-20 11:07:39,384.7,61,94,95,20,2,0.8837,56,59.1,10,103,,0,未佩戴,light,26.4,0.020 -0.973 -0.225,8668733 8480276 8642943 8529074,g8/153mA/153mA g8/153mA/153mA g8/153mA/153mA g8/153mA/153mA,53,175
2026-09-20 11:07:40,385.7,60,94,95,20,2,0.8837,56,59.3,10,102,,0,未佩戴,still,1.3,0.020 -0.971 -0.225,8662419 8475567 8636620 8522086,g8/153mA/153mA g8/153mA/153mA g8/153mA/153mA g8/153mA/153mA,53,175
2026-09-20 11:07:41,386.7,60,94,95,8,2,0.8479,56,59.3,10,102,,0,未佩戴,still,1.3,0.020 -0.971 -0.225,8662419 8475567 8636620 8522086,g8/153mA/153mA g8/153mA/153mA g8/153mA/153mA g8/153mA/153mA,53,175
2026-09-20 11:07:42,387.7,60,93,95,8,2,0.8479,56,59.5,10,101,,0,未佩戴,still,1.4,0.020 -0.971 -0.225,8661454 8474602 8639562 8523547,g8/153mA/153mA g8/153mA/153mA g8/153mA/153mA g8/153mA/153mA,53,175
2026-09-20 11:07:43,388.7,59,92,95,20,2,0.8630,56,59.5,10,99,,0,未佩戴,still,1.1,0.020 -0.975 -0.225,8662888 8476796 8637286 8522924,g8/153mA/153mA g8/153mA/153mA g8/153mA/153mA g8/153mA/153mA,53,175
2026-09-20 11:07:44,389.8,59,95,95,20,2,0.8630,56,59.5,10,99,,0,未佩戴,still,1.5,0.020 -0.973 -0.225,8664185 8477042 8641731 8526344,g8/153mA/153mA g8/153mA/153mA g8/153mA/153mA g8/153mA/153mA,53,175
2026-09-20 11:07:45,390.8,59,94,95,2,2,0.8592,56,59.6,10,98,,0,未佩戴,light,26.6,0.020 -0.971 -0.223,8668979 8479466 8646635 8530313,g8/153mA/153mA g8/153mA/153mA g8/153mA/153mA g8/153mA/153mA,53,175
2026-09-20 11:07:46,391.8,58,95,97,0,2,0.8318,56,59.6,10,97,,0,未佩戴,light,26.6,0.020 -0.973 -0.225,8666897 8479399 8642122 8526081,g8/153mA/153mA g8/153mA/153mA g8/153mA/153mA g8/153mA/153mA,53,175
2026-09-20 11:07:47,392.8,58,94,97,0,2,0.8453,60,59.6,10,97,,0,未佩戴,still,1.5,0.020 -0.971 -0.225,8667111 8479270 8647284 8531421,g8/153mA/153mA g8/153mA/153mA g8/153mA/153mA g8/153mA/153mA,53,175
2026-09-20 11:07:48,393.9,60,92,97,0,2,0.8453,60,59.6,10,97,,0,未佩戴,still,1.5,0.020 -0.973 -0.225,8668526 8479799 8645926 8531138,g8/153mA/153mA g8/153mA/153mA g8/153mA/153mA g8/153mA/153mA,53,175
2026-09-20 11:07:49,394.9,60,92,97,0,2,0.8422,56,60.1,10,95,,0,未佩戴,still,0.9,0.020 -0.971 -0.225,8671196 8481481 8647225 8531251,g8/153mA/153mA g8/153mA/153mA g8/153mA/153mA g8/153mA/153mA,53,175
2026-09-20 11:07:50,395.9,60,91,95,0,2,0.8614,56,60.4,10,94,,0,未佩戴,still,0.9,0.020 -0.973 -0.223,8663220 8475533 8641184 8526013,g8/153mA/153mA g8/153mA/153mA g8/153mA/153mA g8/153mA/153mA,53,175
2026-09-20 11:07:51,396.9,60,91,95,0,2,0.8690,56,60.8,10,93,,0,未佩戴,still,0.9,0.020 -0.973 -0.225,8669516 8481855 8650073 8534014,g8/153mA/153mA g8/153mA/153mA g8/153mA/153mA g8/153mA/153mA,53,175
2026-09-20 11:07:52,398.0,58,93,95,0,2,0.8690,56,60.8,10,93,,0,未佩戴,still,1.6,0.020 -0.971 -0.225,8670481 8481360 8648395 8530943,g8/153mA/153mA g8/153mA/153mA g8/153mA/153mA g8/153mA/153mA,53,175
2026-09-20 11:07:53,399.0,55,94,95,0,2,0.8767,56,61.4,10,91,,0,未佩戴,still,0.9,0.020 -0.971 -0.225,8666907 8479791 8642352 8527489,g8/153mA/153mA g8/153mA/153mA g8/153mA/153mA g8/153mA/153mA,53,175
2026-09-20 11:07:54,400.0,55,94,95,0,2,0.8923,56,62.1,10,89,,0,未佩戴,still,0.9,0.020 -0.973 -0.225,8670037 8481351 8648743 8531456,g8/153mA/153mA g8/153mA/153mA g8/153mA/153mA g8/153mA/153mA,53,175
2026-09-20 11:07:55,401.0,54,94,95,0,2,0.8874,56,62.4,10,88,,0,未佩戴,still,1.1,0.020 -0.971 -0.227,8667092 8478529 8641977 8526235,g8/153mA/153mA g8/153mA/153mA g8/153mA/153mA g8/153mA/153mA,53,175
2026-09-20 11:07:56,402.1,51,93,95,0,2,0.8874,56,62.8,10,87,,0,未佩戴,still,0.9,0.018 -0.971 -0.225,8662700 8476796 8638599 8523656,g8/153mA/153mA g8/153mA/153mA g8/153mA/153mA g8/153mA/153mA,53,175
2026-09-20 11:07:57,403.1,51,93,95,0,2,0.8584,56,62.8,10,87,,0,未佩戴,still,1.0,0.020 -0.969 -0.225,8668032 8481369 8646226 8530098,g8/153mA/153mA g8/153mA/153mA g8/153mA/153mA g8/153mA/153mA,53,175
2026-09-20 11:07:58,404.2,51,93,95,32,2,0.8663,44,61.8,10,85,,0,未佩戴,still,1.0,0.020 -0.973 -0.225,8668289 8482835 8644009 8527360,g8/153mA/153mA g8/153mA/153mA g8/153mA/153mA g8/153mA/153mA,53,175
2026-09-20 11:07:59,405.2,51,93,95,32,2,0.8663,44,62.2,10,84,,0,未佩戴,still,1.6,0.020 -0.971 -0.225,8665950 8480676 8643454 8528709,g8/153mA/153mA g8/153mA/153mA g8/153mA/153mA g8/153mA/153mA,53,175
2026-09-20 11:08:00,406.2,51,93,95,0,2,0.8694,44,62.4,10,83,,0,未佩戴,still,1.1,0.018 -0.971 -0.225,8667521 8479193 8644144 8528077,g8/153mA/153mA g8/153mA/153mA g8/153mA/153mA g8/153mA/153mA,53,175
2026-09-20 11:08:01,407.2,51,93,95,0,2,0.8742,44,62.4,10,83,,0,未佩戴,still,1.5,0.020 -0.971 -0.225,8665284 8478978 8639701 8524638,g8/153mA/153mA g8/153mA/153mA g8/153mA/153mA g8/153mA/153mA,53,175
2026-09-20 11:08:02,408.2,51,93,96,0,2,0.8923,60,62.4,10,83,,0,未佩戴,still,1.5,0.020 -0.971 -0.225,8665284 8478978 8639701 8524638,g8/153mA/153mA g8/153mA/153mA g8/153mA/153mA g8/153mA/153mA,53,175
2026-09-20 11:08:03,409.2,49,94,96,0,2,0.8923,60,62.5,10,81,,0,未佩戴,still,1.1,0.020 -0.971 -0.225,8666931 8479354 8647089 8531421,g8/153mA/153mA g8/153mA/153mA g8/153mA/153mA g8/153mA/153mA,53,175
2026-09-20 11:08:04,410.3,49,94,95,0,2,0.8530,60,62.5,10,81,,0,未佩戴,still,1.0,0.020 -0.973 -0.225,8667570 8479866 8644963 8532753,g8/153mA/153mA g8/153mA/153mA g8/153mA/153mA g8/153mA/153mA,53,175
2026-09-20 11:08:05,411.3,49,94,95,1,2,0.8485,60,62.9,10,80,,0,未佩戴,still,1.2,0.020 -0.973 -0.225,8666904 8480574 8645605 8530226,g8/153mA/153mA g8/153mA/153mA g8/153mA/153mA g8/153mA/153mA,53,175
2026-09-20 11:08:06,412.3,49,94,95,2,2,0.8765,60,63.2,10,79,,0,未佩戴,still,1.2,0.020 -0.973 -0.225,8666904 8480574 8645605 8530226,g8/153mA/153mA g8/153mA/153mA g8/153mA/153mA g8/153mA/153mA,53,175
2026-09-20 11:08:07,413.3,48,94,95,2,2,0.8765,60,63.5,10,77,,0,未佩戴,still,1.3,0.020 -0.971 -0.225,8668424 8481906 8645109 8530260,g8/153mA/153mA g8/153mA/153mA g8/153mA/153mA g8/153mA/153mA,53,175
2026-09-20 11:08:08,414.4,48,94,95,20,2,0.8521,60,63.6,10,76,,0,未佩戴,still,0.9,0.020 -0.971 -0.225,8669901 8482495 8645476 8529664,g8/153mA/153mA g8/153mA/153mA g8/153mA/153mA g8/153mA/153mA,53,175
2026-09-20 11:08:09,415.4,48,94,95,2,2,0.8620,56,63.6,10,76,,0,未佩戴,still,1.2,0.020 -0.971 -0.225,8664143 8476454 8641781 8528034,g8/153mA/153mA g8/153mA/153mA g8/153mA/153mA g8/153mA/153mA,53,175
2026-09-20 11:08:10,416.4,48,94,95,6,2,0.8581,56,63.6,10,76,,0,未佩戴,still,1.2,0.020 -0.971 -0.225,8664143 8476454 8641781 8528034,g8/153mA/153mA g8/153mA/153mA g8/153mA/153mA g8/153mA/153mA,53,175
2026-09-20 11:08:11,417.4,48,94,95,0,2,0.8564,60,63.8,10,73,,0,未佩戴,still,1.0,0.020 -0.971 -0.225,8669679 8482374 8649153 8534236,g8/153mA/153mA g8/153mA/153mA g8/153mA/153mA g8/153mA/153mA,53,175
2026-09-20 11:08:12,418.5,48,94,95,0,2,0.8617,60,63.8,10,73,,0,未佩戴,still,1.2,0.020 -0.971 -0.225,8670873 8481564 8648478 8532138,g8/153mA/153mA g8/153mA/153mA g8/153mA/153mA g8/153mA/153mA,53,175
2026-09-20 11:08:13,419.5,48,94,95,4,2,0.8768,60,64.7,30,71,,0,未佩戴,still,2.6,0.018 -0.971 -0.225,8667665 8481240 8643523 8528750,g8/153mA/153mA g8/153mA/153mA g8/153mA/153mA g8/153mA/153mA,53,175
2026-09-20 11:08:14,420.5,48,94,97,4,2,0.8366,60,64.7,30,71,,0,未佩戴,still,2.6,0.018 -0.971 -0.225,8667665 8481240 8643523 8528750,g8/153mA/153mA g8/153mA/153mA g8/153mA/153mA g8/153mA/153mA,53,175
2026-09-20 11:08:15,421.5,47,96,97,4,2,0.8366,60,65.6,10,69,,0,未佩戴,still,1.3,0.014 -0.979 -0.225,8664338 8476590 8639965 8526081,g8/153mA/153mA g8/153mA/153mA g8/153mA/153mA g8/153mA/153mA,53,175
2026-09-20 11:08:16,422.5,47,95,97,0,2,0.8254,60,65.9,10,67,,0,未佩戴,still,6.7,0.018 -0.973 -0.227,8666805 8477374 8642898 8529032,g8/153mA/153mA g8/153mA/153mA g8/153mA/153mA g8/153mA/153mA,53,175
2026-09-20 11:08:17,423.5,47,95,97,0,2,0.8190,60,65.9,10,67,,0,未佩戴,still,6.7,0.018 -0.973 -0.227,8666805 8477374 8642898 8529032,g8/153mA/153mA g8/153mA/153mA g8/153mA/153mA g8/153mA/153mA,53,175
2026-09-20 11:08:18,424.5,45,96,97,0,2,0.8163,60,65.9,10,67,,0,未佩戴,still,1.1,0.020 -0.971 -0.225,8668177 8479057 8647882 8533657,g8/153mA/153mA g8/153mA/153mA g8/153mA/153mA g8/153mA/153mA,53,175
2026-09-20 11:08:19,425.6,46,96,97,0,2,0.8213,60,65.7,10,66,,0,未佩戴,still,1.4,0.020 -0.971 -0.225,8674389 8487613 8651804 8538145,g8/153mA/153mA g8/153mA/153mA g8/153mA/153mA g8/153mA/153mA,53,175
2026-09-20 11:08:20,426.6,45,96,95,0,2,0.8487,60,65.8,10,65,,0,未佩戴,still,2.2,0.018 -0.971 -0.225,8664192 8477785 8639367 8524435,g8/153mA/153mA g8/153mA/153mA g8/153mA/153mA g8/153mA/153mA,53,175
2026-09-20 11:08:22,427.7,45,96,95,0,2,0.8487,60,65.8,10,65,,0,未佩戴,still,4.3,0.018 -0.973 -0.227,8669909 8481931 8648888 8533503,g8/153mA/153mA g8/153mA/153mA g8/153mA/153mA g8/153mA/153mA,53,175
2026-09-20 11:08:23,428.7,45,95,95,0,2,0.8442,60,65.2,10,63,,0,未佩戴,still,4.3,0.018 -0.971 -0.225,8665617 8479542 8642762 8529108,g8/153mA/153mA g8/153mA/153mA g8/153mA/153mA g8/153mA/153mA,53,175
2026-09-20 11:08:24,429.7,45,95,97,0,2,0.8226,60,65.4,10,62,,0,未佩戴,still,2.8,0.018 -0.971 -0.225,8666650 8478570 8644675 8529255,g8/153mA/153mA g8/153mA/153mA g8/153mA/153mA g8/153mA/153mA,53,175
2026-09-20 11:08:25,430.7,45,95,95,0,2,0.8477,60,65.4,10,62,,0,未佩戴,still,1.0,0.020 -0.971 -0.225,8661462 8474961 8636697 8522823,g8/153mA/153mA g8/153mA/153mA g8/153mA/153mA g8/153mA/153mA,53,175
2026-09-20 11:08:26,431.8,45,95,95,0,2,0.8477,60,65.4,10,62,,0,未佩戴,still,1.4,0.018 -0.971 -0.227,8663262 8474372 8641414 8525842,g8/153mA/153mA g8/153mA/153mA g8/153mA/153mA g8/153mA/153mA,53,175
2026-09-20 11:08:27,432.8,46,94,95,0,2,0.8225,60,66.0,10,60,,0,未佩戴,still,1.4,0.018 -0.971 -0.225,8670812 8485275 8648385 8534603,g8/153mA/153mA g8/153mA/153mA g8/153mA/153mA g8/153mA/153mA,53,175
2026-09-20 11:08:28,433.8,45,94,97,0,2,0.8130,60,66.0,10,59,,0,未佩戴,still,12.4,0.018 -0.973 -0.227,8670037 8483033 8647830 8532487,g8/153mA/153mA g8/153mA/153mA g8/153mA/153mA g8/153mA/153mA,53,175
2026-09-20 11:08:29,434.8,46,94,97,0,2,0.8401,60,66.3,10,57,,0,未佩戴,still,1.2,0.018 -0.971 -0.225,8668756 8480789 8645203 8530569,g8/153mA/153mA g8/153mA/153mA g8/153mA/153mA g8/153mA/153mA,53,175
2026-09-20 11:08:30,435.8,45,95,97,0,2,0.8401,60,66.3,10,57,,0,未佩戴,still,1.3,0.018 -0.971 -0.227,8672435 8483996 8652146 8537964,g8/153mA/153mA g8/153mA/153mA g8/153mA/153mA g8/153mA/153mA,53,175
2026-09-20 11:08:31,436.8,46,95,95,0,2,0.8285,56,66.3,10,57,,0,未佩戴,still,1.3,0.018 -0.971 -0.225,8667375 8477648 8643580 8528000,g8/153mA/153mA g8/153mA/153mA g8/153mA/153mA g8/153mA/153mA,53,175
2026-09-20 11:08:32,437.8,45,97,97,0,2,0.8142,60,66.3,10,57,,0,未佩戴,still,2.9,0.018 -0.971 -0.225,8661249 8474048 8636066 8523351,g8/153mA/153mA g8/153mA/153mA g8/153mA/153mA g8/153mA/153mA,53,175
2026-09-20 11:08:33,438.8,45,96,97,0,2,0.8142,60,66.3,10,57,,0,未佩戴,still,1.2,0.018 -0.971 -0.225,8663714 8475183 8641347 8528452,g8/153mA/153mA g8/153mA/153mA g8/153mA/153mA g8/153mA/153mA,52,175
2026-09-20 11:08:34,439.9,45,96,95,0,2,0.8433,56,66.3,10,57,,0,未佩戴,still,1.1,0.018 -0.971 -0.227,8665898 8478476 8642907 8529382,g8/153mA/153mA g8/153mA/153mA g8/153mA/153mA g8/153mA/153mA,52,175
2026-09-20 11:08:35,440.9,45,96,95,0,2,0.8430,56,66.3,10,57,,0,未佩戴,still,1.0,0.018 -0.973 -0.227,8665404 8478699 8645937 8531164,g8/153mA/153mA g8/153mA/153mA g8/153mA/153mA g8/153mA/153mA,52,175
2026-09-20 11:08:36,441.9,44,97,97,0,2,0.8217,56,66.3,10,57,,0,未佩戴,still,1.0,0.020 -0.971 -0.225,8664185 8475363 8643086 8527891,g8/153mA/153mA g8/153mA/153mA g8/153mA/153mA g8/153mA/153mA,51,175
2026-09-20 11:08:37,442.9,44,96,97,0,2,0.8217,56,66.3,10,57,,0,未佩戴,still,1.6,0.018 -0.973 -0.227,8665123 8477077 8640860 8527606,g8/153mA/153mA g8/153mA/153mA g8/153mA/153mA g8/153mA/153mA,51,175
2026-09-20 11:08:38,444.0,44,97,94,0,2,0.7922,56,66.3,10,57,,0,未佩戴,still,1.8,0.018 -0.971 -0.229,8661352 8473758 8637004 8524537,g8/153mA/153mA g8/153mA/153mA g8/153mA/153mA g8/153mA/153mA,50,175
2026-09-20 11:08:39,445.0,44,97,97,0,2,0.8245,56,66.3,10,57,,0,未佩戴,still,1.5,0.018 -0.967 -0.227,8665389 8477905 8639572 8526149,g8/153mA/153mA g8/153mA/153mA g8/153mA/153mA g8/153mA/153mA,50,175
2026-09-20 11:08:40,446.0,44,97,95,0,2,0.8019,56,66.3,10,57,,0,未佩戴,still,1.5,0.014 -0.973 -0.225,8666002 8477069 8643351 8529270,g8/153mA/153mA g8/153mA/153mA g8/153mA/153mA g8/153mA/153mA,50,175
2026-09-20 11:08:41,447.0,44,96,95,0,2,0.8019,56,66.3,10,57,,0,未佩戴,still,8.5,0.018 -0.971 -0.225,8664226 8477487 8640630 8525978,g8/153mA/153mA g8/153mA/153mA g8/153mA/153mA g8/153mA/153mA,50,175
2026-09-20 11:08:42,448.1,45,95,97,1,2,0.8310,56,66.3,10,57,,0,未佩戴,still,10.3,0.020 -0.975 -0.227,8668996 8481838 8645833 8532352,g8/153mA/153mA g8/153mA/153mA g8/153mA/153mA g8/153mA/153mA,49,175
2026-09-20 11:08:43,449.1,45,95,97,0,2,0.8284,56,66.3,10,57,,0,未佩戴,still,1.5,0.018 -0.969 -0.225,8673176 8484227 8650782 8535611,g8/153mA/153mA g8/153mA/153mA g8/153mA/153mA g8/153mA/153mA,49,175
2026-09-20 11:08:44,450.1,45,95,97,0,2,0.8129,60,66.3,10,57,,0,未佩戴,still,1.5,0.018 -0.969 -0.225,8665685 8477171 8640894 8527029,g8/153mA/153mA g8/153mA/153mA g8/153mA/153mA g8/153mA/153mA,49,175
2026-09-20 11:08:45,451.1,45,95,97,0,2,0.8129,60,66.3,10,57,,0,未佩戴,still,13.8,0.016 -0.975 -0.229,8662392 8474918 8639137 8525621,g8/153mA/153mA g8/153mA/153mA g8/153mA/153mA g8/153mA/153mA,48,175
2026-09-20 11:08:46,452.2,45,94,97,0,2,0.8293,60,66.3,10,57,,0,未佩戴,still,19.0,0.014 -0.936 -0.225,8664406 8476172 8641474 8528427,g8/153mA/153mA g8/153mA/153mA g8/153mA/153mA g8/153mA/153mA,48,175
2026-09-20 11:08:47,453.2,45,94,95,0,2,0.8511,60,66.3,10,57,,0,未佩戴,still,6.1,0.018 -0.969 -0.229,8668544 8479440 8645895 8533325,g8/153mA/153mA g8/153mA/153mA g8/153mA/153mA g8/153mA/153mA,48,175
2026-09-20 11:08:48,454.2,45,94,95,0,2,0.8445,60,66.3,10,57,,0,未佩戴,still,6.1,0.018 -0.971 -0.227,8665917 8479200 8643640 8528554,g8/153mA/153mA g8/153mA/153mA g8/153mA/153mA g8/153mA/153mA,48,175
2026-09-20 11:08:49,455.3,45,94,95,0,2,0.8445,60,66.3,10,57,,0,未佩戴,still,1.7,0.018 -0.971 -0.227,8666674 8479287 8645262 8532094,g8/153mA/153mA g8/153mA/153mA g8/153mA/153mA g8/153mA/153mA,47,175
2026-09-20 11:08:50,456.3,46,94,95,0,2,0.8849,44,66.3,0,57,,0,未佩戴,still,1.2,0.016 -0.973 -0.229,8665430 8478740 8644939 8531668,g8/153mA/153mA g8/153mA/153mA g8/153mA/153mA g8/153mA/153mA,47,175
2026-09-20 11:08:51,457.3,46,94,95,0,2,0.8439,60,66.3,0,57,,0,未佩戴,still,1.2,0.016 -0.973 -0.229,8665430 8478740 8644939 8531668,g8/153mA/153mA g8/153mA/153mA g8/153mA/153mA g8/153mA/153mA,47,175
2026-09-20 11:08:52,458.3,47,95,95,0,2,0.8439,60,67.4,0,54,,0,未佩戴,still,1.4,0.018 -0.971 -0.227,8664305 8477000 8641219 8529100,g8/153mA/153mA g8/153mA/153mA g8/153mA/153mA g8/153mA/153mA,47,175
2026-09-20 11:08:53,459.4,48,95,95,0,2,0.8618,56,68.0,20,53,,0,未佩戴,still,2.1,0.016 -0.971 -0.229,8670676 8482596 8646448 8533195,g8/153mA/153mA g8/153mA/153mA g8/153mA/153mA g8/153mA/153mA,47,175
2026-09-20 11:08:54,460.4,49,96,95,0,2,0.8618,56,68.0,20,53,,0,未佩戴,still,0.4,-0.039 -0.707 -0.449,8671256 8483348 8643813 8529997,g8/153mA/153mA g8/153mA/153mA g8/153mA/153mA g8/153mA/153mA,47,175
2026-09-20 11:08:55,461.4,49,96,95,0,2,0.8569,56,68.0,20,53,,0,未佩戴,still,0.4,-0.039 -0.707 -0.449,8671256 8483348 8643813 8529997,g8/153mA/153mA g8/153mA/153mA g8/153mA/153mA g8/153mA/153mA,47,175
2026-09-20 11:08:56,462.4,50,96,95,0,2,0.8216,60,69.6,10,50,,0,未佩戴,light,26.5,-0.039 -0.709 -0.451,8667505 8479107 8642157 8530885,g8/153mA/153mA g8/153mA/153mA g8/153mA/153mA g8/153mA/153mA,47,175
2026-09-20 11:08:57,463.4,50,96,95,0,2,0.8115,61,70.2,10,49,,0,未佩戴,light,26.0,0.018 -0.971 -0.229,8671496 8484278 8650866 8536089,g8/153mA/153mA g8/153mA/153mA g8/153mA/153mA g8/153mA/153mA,47,175
2026-09-20 11:08:58,464.4,50,95,95,0,2,0.8042,61,70.2,20,49,,0,未佩戴,still,19.0,-0.057 -0.744 -0.422,8668587 8480754 8645552 8533648,g8/153mA/153mA g8/153mA/153mA g8/153mA/153mA g8/153mA/153mA,47,175
2026-09-20 11:08:59,465.5,50,95,95,0,2,0.8042,61,70.2,20,49,,0,未佩戴,still,19.0,-0.057 -0.744 -0.422,8668587 8480754 8645552 8533648,g8/153mA/153mA g8/153mA/153mA g8/153mA/153mA g8/153mA/153mA,47,175
2026-09-20 11:09:00,466.5,53,95,97,0,2,0.8353,57,72.4,20,46,,0,未佩戴,light,23.4,-0.057 -0.744 -0.422,8667341 8479551 8642909 8531138,g8/153mA/153mA g8/153mA/153mA g8/153mA/153mA g8/153mA/153mA,47,175
2026-09-20 11:09:01,467.5,54,95,95,1,2,0.8730,57,72.4,20,46,,0,未佩戴,light,23.3,0.016 -0.973 -0.229,8671650 8483783 8650143 8537547,g8/153mA/153mA g8/153mA/153mA g8/153mA/153mA g8/153mA/153mA,47,175
2026-09-20 11:09:02,468.5,55,95,95,0,2,0.8667,57,72.7,10,44,,0,未佩戴,still,2.4,-0.047 -0.770 -0.400,8670029 8480754 8647054 8534041,g8/153mA/153mA g8/153mA/153mA g8/153mA/153mA g8/153mA/153mA,47,175
2026-09-20 11:09:03,469.5,55,95,95,0,2,0.8667,57,72.7,10,44,,0,未佩戴,still,2.4,-0.047 -0.770 -0.400,8670029 8480754 8647054 8534041,g8/153mA/153mA g8/153mA/153mA g8/153mA/153mA g8/153mA/153mA,47,175
2026-09-20 11:09:04,470.5,57,95,95,0,2,0.8705,57,73.3,10,42,,0,未佩戴,light,21.9,-0.049 -0.770 -0.398,8668066 8481564 8643939 8530577,g8/153mA/153mA g8/153mA/153mA g8/153mA/153mA g8/153mA/153mA,47,175
2026-09-20 11:09:05,471.6,60,94,95,0,2,0.8626,57,73.3,10,42,,0,未佩戴,light,21.6,0.016 -0.973 -0.229,8669415 8484140 8641866 8529433,g8/153mA/153mA g8/153mA/153mA g8/153mA/153mA g8/153mA/153mA,47,175
2026-09-20 11:09:06,472.6,63,94,95,0,2,0.8626,57,74.8,20,39,,0,未佩戴,still,7.8,0.074 -0.578 -0.246,8673801 8485488 8651898 8539185,g8/153mA/153mA g8/153mA/153mA g8/153mA/153mA g8/153mA/153mA,47,175
2026-09-20 11:09:07,473.6,65,94,95,0,2,0.8533,57,74.8,20,39,,0,未佩戴,light,60.8,0.016 -0.969 -0.229,8663913 8477290 8643206 8528411,g8/153mA/153mA g8/153mA/153mA g8/153mA/153mA g8/153mA/153mA,47,175
2026-09-20 11:09:08,474.6,65,94,95,0,2,0.8705,57,75.9,20,38,,0,未佩戴,light,60.8,0.016 -0.969 -0.229,8663913 8477290 8643206 8528411,g8/153mA/153mA g8/153mA/153mA g8/153mA/153mA g8/153mA/153mA,47,175
2026-09-20 11:09:09,475.6,66,94,95,0,2,0.8449,57,75.9,20,38,,0,未佩戴,still,3.5,0.072 -0.580 -0.246,8663723 8475224 8641441 8527812,g8/153mA/153mA g8/153mA/153mA g8/153mA/153mA g8/153mA/153mA,47,175
2026-09-20 11:09:10,476.6,67,94,95,0,2,0.8449,57,76.8,30,35,,0,未佩戴,light,60.6,0.072 -0.584 -0.246,8666591 8477367 8641806 8529074,g8/153mA/153mA g8/153mA/153mA g8/153mA/153mA g8/153mA/153mA,47,175
2026-09-20 11:09:12,477.6,67,93,95,0,2,0.8635,57,76.8,30,35,,0,未佩戴,light,59.9,0.016 -0.971 -0.230,8664953 8479287 8637038 8526942,g8/153mA/153mA g8/153mA/153mA g8/153mA/153mA g8/153mA/153mA,47,175
2026-09-20 11:09:13,478.6,67,93,95,0,2,0.8762,57,77.8,30,34,,0,未佩戴,light,59.9,0.016 -0.971 -0.230,8664953 8479287 8637038 8526942,g8/153mA/153mA g8/153mA/153mA g8/153mA/153mA g8/153mA/153mA,47,175
2026-09-20 11:09:14,479.7,66,93,95,0,2,0.8618,57,77.8,30,34,,0,未佩戴,still,1.8,0.016 -0.969 -0.229,8667954 8482194 8647216 8532727,g8/153mA/153mA g8/153mA/153mA g8/153mA/153mA g8/153mA/153mA,47,175
2026-09-20 11:09:15,480.7,66,93,95,0,2,0.8618,57,77.8,30,34,,0,未佩戴,still,2.2,0.016 -0.971 -0.229,8661078 8475107 8637055 8523580,g8/153mA/153mA g8/153mA/153mA g8/153mA/153mA g8/153mA/153mA,47,175
2026-09-20 11:09:16,481.7,63,95,95,0,2,0.8733,56,81.5,30,31,,0,未佩戴,still,1.5,0.016 -0.975 -0.230,8665446 8477393 8643693 8531660,g8/153mA/153mA g8/153mA/153mA g8/153mA/153mA g8/153mA/153mA,47,175
2026-09-20 11:09:17,482.7,63,95,95,0,2,0.8623,56,83.0,30,30,,0,未佩戴,still,1.5,0.016 -0.969 -0.229,8663212 8477333 8637114 8526873,g8/153mA/153mA g8/153mA/153mA g8/153mA/153mA g8/153mA/153mA,47,175
2026-09-20 11:09:18,483.8,58,96,95,20,2,0.8525,56,83.0,30,30,,0,未佩戴,still,1.8,0.016 -0.971 -0.229,8666718 8477249 8644212 8530628,g8/153mA/153mA g8/153mA/153mA g8/153mA/153mA g8/153mA/153mA,47,175
2026-09-20 11:09:19,484.8,49,98,95,20,2,0.8525,56,83.0,30,30,,0,未佩戴,still,1.4,0.016 -0.971 -0.230,8671026 8481617 8645006 8533801,g8/153mA/153mA g8/153mA/153mA g8/153mA/153mA g8/153mA/153mA,47,175
2026-09-20 11:09:20,485.8,49,98,95,0,2,0.8852,56,83.0,30,27,,0,未佩戴,still,1.4,0.016 -0.969 -0.229,8667988 8480327 8640673 8528845,g8/153mA/153mA g8/153mA/153mA g8/153mA/153mA g8/153mA/153mA,47,175
2026-09-20 11:09:21,486.8,48,98,95,0,2,0.8791,56,83.0,30,26,,0,未佩戴,still,2.4,0.016 -0.971 -0.229,8663639 8475506 8638530 8527293,g8/153mA/153mA g8/153mA/153mA g8/153mA/153mA g8/153mA/153mA,47,175
2026-09-20 11:09:22,487.9,46,98,95,0,2,0.8691,56,83.0,10,24,,0,未佩戴,still,1.0,0.016 -0.973 -0.229,8669857 8483792 8648403 8534894,g8/153mA/153mA g8/153mA/153mA g8/153mA/153mA g8/153mA/153mA,47,175
2026-09-20 11:09:23,488.9,44,97,95,0,2,0.8691,56,83.0,10,24,,0,未佩戴,still,1.0,0.016 -0.973 -0.229,8667503 8481053 8644161 8530851,g8/153mA/153mA g8/153mA/153mA g8/153mA/153mA g8/153mA/153mA,47,175
2026-09-20 11:09:24,489.9,44,97,95,0,2,0.8751,60,83.0,10,23,,0,未佩戴,still,1.5,0.016 -0.969 -0.230,8666625 8477538 8642830 8530313,g8/153mA/153mA g8/153mA/153mA g8/153mA/153mA g8/153mA/153mA,47,175
2026-09-20 11:09:25,490.9,44,97,95,0,2,0.9008,60,83.0,10,21,,0,未佩戴,still,1.5,0.016 -0.969 -0.229,8664858 8476794 8641005 8528998,g8/153mA/153mA g8/153mA/153mA g8/153mA/153mA g8/153mA/153mA,47,175
2026-09-20 11:09:26,492.0,44,96,95,0,2,0.9008,60,83.0,10,18,,0,未佩戴,still,1.8,0.016 -0.967 -0.229,8668151 8479782 8642166 8531130,g8/153mA/153mA g8/153mA/153mA g8/153mA/153mA g8/153mA/153mA,47,175
2026-09-20 11:09:27,493.0,44,95,95,20,2,0.8839,60,83.0,10,18,,0,未佩戴,still,3.1,0.018 -0.969 -0.230,8671444 8482341 8643930 8532395,g8/153mA/153mA g8/153mA/153mA g8/153mA/153mA g8/153mA/153mA,47,175
2026-09-20 11:09:28,494.0,44,95,95,21,2,0.9149,60,83.0,10,17,,0,未佩戴,still,3.3,0.016 -0.971 -0.229,8663417 8476018 8642115 8529066,g8/153mA/153mA g8/153mA/153mA g8/153mA/153mA g8/153mA/153mA,47,175
2026-09-20 11:09:29,495.1,44,95,95,20,2,0.9009,60,83.0,10,17,,0,未佩戴,still,3.3,0.016 -0.971 -0.229,8663417 8476018 8642115 8529066,g8/153mA/153mA g8/153mA/153mA g8/153mA/153mA g8/153mA/153mA,47,175
2026-09-20 11:09:30,496.1,43,94,95,0,2,0.8821,60,83.0,10,14,,0,未佩戴,still,1.4,0.016 -0.971 -0.229,8670413 8480812 8644265 8532914,g8/153mA/153mA g8/153mA/153mA g8/153mA/153mA g8/153mA/153mA,47,175
2026-09-20 11:09:31,497.1,44,94,95,0,2,0.8731,60,83.0,10,13,,0,未佩戴,still,1.8,0.014 -0.969 -0.230,8667069 8477631 8644066 8530807,g8/153mA/153mA g8/153mA/153mA g8/153mA/153mA g8/153mA/153mA,47,175
2026-09-20 11:09:32,498.1,44,94,95,0,2,0.8801,44,83.0,10,13,,0,未佩戴,still,1.3,0.016 -0.969 -0.229,8666549 8480209 8638779 8527257,g8/153mA/153mA g8/153mA/153mA g8/153mA/153mA g8/153mA/153mA,47,175
2026-09-20 11:09:33,499.2,44,94,95,0,2,0.8697,40,83.0,10,13,,0,未佩戴,still,1.3,0.016 -0.969 -0.229,8666549 8480209 8638779 8527257,g8/153mA/153mA g8/153mA/153mA g8/153mA/153mA g8/153mA/153mA,47,175
2026-09-20 11:09:34,500.2,44,95,95,3,2,0.8688,44,83.0,10,10,,0,未佩戴,still,1.2,0.016 -0.971 -0.229,8664569 8477922 8640748 8527880,g8/153mA/153mA g8/153mA/153mA g8/153mA/153mA g8/153mA/153mA,47,175
2026-09-20 11:09:35,501.2,44,96,95,1,2,0.8773,44,83.0,10,9,,0,未佩戴,still,1.2,0.016 -0.971 -0.229,8666632 8476839 8641799 8531753,g8/153mA/153mA g8/153mA/153mA g8/153mA/153mA g8/153mA/153mA,47,175
2026-09-20 11:09:36,502.3,44,96,95,0,2,0.8646,44,83.0,10,9,,0,未佩戴,still,0.8,0.016 -0.971 -0.229,8664629 8477487 8637328 8526337,g8/153mA/153mA g8/153mA/153mA g8/153mA/153mA g8/153mA/153mA,47,175
2026-09-20 11:09:37,503.3,44,96,96,0,2,0.8884,60,83.0,10,8,,0,未佩戴,still,0.8,0.016 -0.971 -0.229,8664629 8477487 8637328 8526337,g8/153mA/153mA g8/153mA/153mA g8/153mA/153mA g8/153mA/153mA,47,175
2026-09-20 11:09:38,504.3,44,96,96,0,2,0.8884,60,83.0,10,6,,0,未佩戴,still,2.0,0.016 -0.969 -0.229,8670702 8481812 8648836 8537207,g8/153mA/153mA g8/153mA/153mA g8/153mA/153mA g8/153mA/153mA,47,175
2026-09-20 11:09:39,505.3,43,96,95,0,2,0.8951,60,83.0,10,6,,0,未佩戴,still,1.3,0.016 -0.969 -0.229,8666659 8480063 8639410 8528665,g8/153mA/153mA g8/153mA/153mA g8/153mA/153mA g8/153mA/153mA,47,175
2026-09-20 11:09:40,506.4,43,96,95,0,2,0.8916,56,83.0,10,5,,0,未佩戴,still,1.3,0.016 -0.969 -0.229,8666659 8480063 8639410 8528665,g8/153mA/153mA g8/153mA/153mA g8/153mA/153mA g8/153mA/153mA,47,181
2026-09-20 11:09:41,507.4,43,96,95,0,2,0.8916,56,83.0,10,4,,0,未佩戴,still,2.4,0.014 -0.973 -0.230,8670651 8481606 8648350 8534594,g8/153mA/153mA g8/153mA/153mA g8/153mA/153mA g8/153mA/153mA,47,181
2026-09-20 11:09:42,508.4,44,96,96,0,2,0.8994,56,83.0,10,4,,0,未佩戴,still,8.9,0.016 -0.971 -0.230,8665634 8477922 8642823 8529715,g8/153mA/153mA g8/153mA/153mA g8/153mA/153mA g8/153mA/153mA,47,181
2026-09-20 11:09:43,509.4,44,96,96,0,2,0.8962,60,83.0,10,4,,0,未佩戴,still,3.6,0.016 -0.971 -0.230,8670183 8482383 8645858 8536386,g8/153mA/153mA g8/153mA/153mA g8/153mA/153mA g8/153mA/153mA,47,181
2026-09-20 11:09:44,510.4,44,96,96,0,2,0.8940,60,83.0,10,4,,0,未佩戴,still,3.6,0.016 -0.971 -0.230,8670183 8482383 8645858 8536386,g8/153mA/153mA g8/153mA/153mA g8/153mA/153mA g8/153mA/153mA,47,181
2026-09-20 11:09:45,511.5,44,97,96,0,2,0.8940,60,83.0,10,0,,0,未佩戴,still,1.4,0.016 -0.969 -0.230,8659056 8473469 8632671 8521279,g8/153mA/153mA g8/153mA/153mA g8/153mA/153mA g8/153mA/153mA,47,181
2026-09-20 11:09:46,512.5,45,97,96,0,2,0.8964,60,83.0,10,0,,0,未佩戴,still,1.1,0.016 -0.971 -0.229,8666369 8479918 8643215 8533186,g8/153mA/153mA g8/153mA/153mA g8/153mA/153mA g8/153mA/153mA,47,186
2026-09-20 11:09:47,513.5,45,97,96,15,2,0.8824,44,83.0,10,0,,0,未佩戴,still,1.2,0.018 -0.969 -0.230,8664192 8476736 8636474 8524638,g8/153mA/153mA g8/153mA/153mA g8/153mA/153mA g8/153mA/153mA,47,191
2026-09-20 11:09:48,514.5,45,97,96,15,2,0.8896,44,83.0,10,0,,0,未佩戴,still,2.6,0.014 -0.969 -0.229,8669884 8480770 8645961 8535337,g8/153mA/153mA g8/153mA/153mA g8/153mA/153mA g8/153mA/153mA,47,191
2026-09-20 11:09:49,515.6,44,98,96,0,2,0.9082,60,83.0,10,0,,0,未佩戴,still,2.6,0.014 -0.971 -0.230,8663621 8477648 8640221 8529074,g8/153mA/153mA g8/153mA/153mA g8/153mA/153mA g8/153mA/153mA,47,191
2026-09-20 11:09:50,516.6,45,98,96,0,2,0.9043,56,83.0,10,0,,0,未佩戴,still,2.1,0.016 -0.971 -0.230,8666700 8480985 8639121 8526491,g8/153mA/153mA g8/153mA/153mA g8/153mA/153mA g8/153mA/153mA,47,191
2026-09-20 11:09:51,517.6,45,98,95,0,2,0.9085,56,83.0,10,0,,0,未佩戴,still,1.3,0.020 -0.973 -0.234,8669969 8480559 8646892 8535977,g8/153mA/153mA g8/153mA/153mA g8/153mA/153mA g8/153mA/153mA,47,191
2026-09-20 11:09:53,518.7,45,98,95,0,2,0.9085,56,83.0,10,0,,0,未佩戴,still,18.1,0.021 -0.967 -0.238,8663067 8477180 8635912 8525663,g8/153mA/153mA g8/153mA/153mA g8/153mA/153mA g8/153mA/153mA,47,191
2026-09-20 11:09:54,519.7,45,97,95,0,2,0.9143,56,83.0,10,0,,0,未佩戴,still,18.1,0.018 -0.969 -0.234,8668218 8480352 8641047 8531028,g8/153mA/153mA g8/153mA/153mA g8/153mA/153mA g8/153mA/153mA,47,191
2026-09-20 11:09:55,520.7,45,97,95,1,2,0.9080,56,83.0,10,0,,0,未佩戴,still,4.4,0.020 -0.969 -0.238,8669396 8481573 8646012 8534083,g8/153mA/153mA g8/153mA/153mA g8/153mA/153mA g8/153mA/153mA,47,191
2026-09-20 11:09:56,521.8,45,97,96,2,2,0.8900,56,83.0,10,0,,0,未佩戴,still,1.4,0.018 -0.967 -0.234,8671351 8483535 8646712 8536157,g8/153mA/153mA g8/153mA/153mA g8/153mA/153mA g8/153mA/153mA,47,191
2026-09-20 11:09:57,522.8,45,98,96,2,2,0.8900,56,83.0,10,0,,0,未佩戴,still,5.5,0.020 -0.969 -0.238,8664542 8478339 8639761 8527248,g8/153mA/153mA g8/153mA/153mA g8/153mA/153mA g8/153mA/153mA,47,191
2026-09-20 11:09:58,523.8,44,98,96,0,2,0.8987,56,83.0,10,0,,0,未佩戴,still,5.5,0.018 -0.969 -0.234,8661556 8474075 8639001 8528120,g8/153mA/153mA g8/153mA/153mA g8/153mA/153mA g8/153mA/153mA,47,191
2026-09-20 11:09:59,524.8,44,98,96,0,2,0.8990,60,83.0,10,0,,0,未佩戴,still,0.8,0.020 -0.969 -0.238,8665763 8480130 8637439 8528606,g8/153mA/153mA g8/153mA/153mA g8/153mA/153mA g8/153mA/153mA,47,196
