t,func,frame_id,raw0,raw1,raw2,raw3,gsx,gsy,gsz,agc,res0,res1,res2,res3,res4,res5
0.001,HRV,18,8921043,9172947,9430332,9813266,-217,210,-421,g4/33mA/33mA g4/33mA/33mA g4/33mA/33mA g4/33mA/33mA,,,,,,
0.002,HR,19,11758009,13325924,11018955,11997156,-130,221,-443,g5/117mA/117mA g5/117mA/117mA g4/117mA/117mA g4/117mA/117mA,,,,,,
0.002,HR,20,11763536,13328986,11023025,11997541,-122,225,-444,g5/117mA/117mA g5/117mA/117mA g4/117mA/117mA g4/117mA/117mA,,,,,,
0.002,HR,21,11767051,13334303,11025335,11998283,-120,225,-446,g5/117mA/117mA g5/117mA/117mA g4/117mA/117mA g4/117mA/117mA,,,,,,
0.002,HR,22,11769686,13338430,11028127,12000441,-123,223,-448,g5/117mA/117mA g5/117mA/117mA g4/117mA/117mA g4/117mA/117mA,,,,,,
0.002,HR,23,11775847,13344640,11032510,12003367,-128,225,-442,g5/117mA/117mA g5/117mA/117mA g4/117mA/117mA g4/117mA/117mA,,,,,,
0.003,HR,24,11785991,13351484,11039917,12006141,-125,224,-443,g5/117mA/117mA g5/117mA/117mA g4/117mA/117mA g4/117mA/117mA,,,,,,
0.003,HR,25,11802397,13360508,11050759,12008646,-117,222,-448,g5/117mA/117mA g5/117mA/117mA g4/117mA/117mA g4/117mA/117mA,,,,,,
0.003,HR,26,11809315,13375397,11053037,12010098,-122,222,-445,g5/117mA/117mA g5/117mA/117mA g4/117mA/117mA g4/117mA/117mA,67,94,0,1,0,0
0.003,HR,27,11815320,13390070,11054180,12020081,-119,228,-442,g5/117mA/117mA g5/117mA/117mA g4/117mA/117mA g4/117mA/117mA,,,,,,
0.003,HR,28,11831445,13400982,11060980,12029010,-113,237,-441,g5/117mA/117mA g5/117mA/117mA g4/117mA/117mA g4/117mA/117mA,,,,,,
0.059,HR,29,11844362,13412576,11067455,12038619,-105,240,-444,g5/117mA/117mA g5/117mA/117mA g4/117mA/117mA g4/117mA/117mA,,,,,,
0.059,HR,30,11856850,13422916,11074375,12046801,-118,229,-444,g5/117mA/117mA g5/117mA/117mA g4/117mA/117mA g4/117mA/117mA,,,,,,
0.059,HR,31,11872948,13434108,11081326,12052422,-135,217,-443,g5/117mA/117mA g5/117mA/117mA g4/117mA/117mA g4/117mA/117mA,,,,,,
0.059,HR,32,11888784,13441702,11088978,12055150,-122,223,-445,g5/117mA/117mA g5/117mA/117mA g4/117mA/117mA g4/117mA/117mA,,,,,,
0.059,HR,33,11901785,13449627,11096178,12057846,-118,226,-446,g5/117mA/117mA g5/117mA/117mA g4/117mA/117mA g4/117mA/117mA,,,,,,
0.06,HR,34,11911170,13456761,11101118,12063606,-118,227,-446,g5/117mA/117mA g5/117mA/117mA g4/117mA/117mA g4/117mA/117mA,,,,,,
0.06,HR,35,11915111,13465196,11105223,12067497,-120,223,-446,g5/117mA/117mA g5/117mA/117mA g4/117mA/117mA g4/117mA/117mA,,,,,,
0.06,HR,36,11914327,13479735,11104368,12074509,-125,229,-443,g5/117mA/117mA g5/117mA/117mA g4/117mA/117mA g4/117mA/117mA,,,,,,
0.06,HR,37,11918976,13488795,11107440,12081854,-125,231,-443,g5/117mA/117mA g5/117mA/117mA g4/117mA/117mA g4/117mA/117mA,,,,,,
0.06,HR,38,11926731,13495849,11113081,12088422,-111,216,-455,g5/117mA/117mA g5/117mA/117mA g4/117mA/117mA g4/117mA/117mA,,,,,,
0.06,HR,39,11932488,13496813,11117132,12092247,-122,214,-451,g5/117mA/117mA g5/117mA/117mA g4/117mA/117mA g4/117mA/117mA,,,,,,
0.149,HR,40,11925954,13489025,11110759,12083286,-130,216,-446,g5/117mA/117mA g5/117mA/117mA g4/117mA/117mA g4/117mA/117mA,,,,,,
0.149,HR,41,11921963,13480681,11106639,12068939,-118,219,-449,g5/117mA/117mA g5/117mA/117mA g4/117mA/117mA g4/117mA/117mA,,,,,,
0.149,HR,42,11922927,13479768,11105179,12060099,-119,222,-448,g5/117mA/117mA g5/117mA/117mA g4/117mA/117mA g4/117mA/117mA,,,,,,
0.149,HR,43,11920545,13479400,11104813,12058342,-122,224,-447,g5/117mA/117mA g5/117mA/117mA g4/117mA/117mA g4/117mA/117mA,,,,,,
0.149,HR,44,11911349,13483821,11102791,12056841,-123,221,-447,g5/117mA/117mA g5/117mA/117mA g4/117mA/117mA g4/117mA/117mA,,,,,,
0.179,HR,45,11906931,13489236,11102067,12060568,-122,221,-446,g5/117mA/117mA g5/117mA/117mA g4/117mA/117mA g4/117mA/117mA,,,,,,
0.179,HR,46,11910479,13493035,11105272,12061516,-124,220,-446,g5/117mA/117mA g5/117mA/117mA g4/117mA/117mA g4/117mA/117mA,,,,,,
0.179,HR,47,11916621,13494996,11108483,12062079,-132,216,-446,g5/117mA/117mA g5/117mA/117mA g4/117mA/117mA g4/117mA/117mA,,,,,,
0.179,HR,48,11921937,13498894,11111142,12066131,-120,225,-444,g5/117mA/117mA g5/117mA/117mA g4/117mA/117mA g4/117mA/117mA,,,,,,
0.179,HR,49,11932763,13502238,11116135,12068785,-112,227,-445,g5/117mA/117mA g5/117mA/117mA g4/117mA/117mA g4/117mA/117mA,,,,,,
0.179,HR,50,11940501,13506120,11118608,12071062,-112,220,-449,g5/117mA/117mA g5/117mA/117mA g4/117mA/117mA g4/117mA/117mA,,,,,,
0.179,HR,51,11942256,13510310,11119017,12075763,-128,210,-451,g5/117mA/117mA g5/117mA/117mA g4/117mA/117mA g4/117mA/117mA,67,94,0,1,0,0
0.179,HR,52,11936073,13518143,11116903,12077512,-148,203,-450,g5/117mA/117mA g5/117mA/117mA g4/117mA/117mA g4/117mA/117mA,,,,,,
0.239,HRV,19,11758009,13325924,11018955,11997156,-130,221,-443,g5/117mA/117mA g5/117mA/117mA g4/117mA/117mA g4/117mA/117mA,,,,,,
0.239,HRV,20,11763536,13328986,11023025,11997541,-122,225,-444,g5/117mA/117mA g5/117mA/117mA g4/117mA/117mA g4/117mA/117mA,,,,,,
0.239,HRV,21,11767051,13334303,11025335,11998283,-120,225,-446,g5/117mA/117mA g5/117mA/117mA g4/117mA/117mA g4/117mA/117mA,,,,,,
0.239,HRV,22,11769686,13338430,11028127,12000441,-123,223,-448,g5/117mA/117mA g5/117mA/117mA g4/117mA/117mA g4/117mA/117mA,,,,,,
0.239,HRV,23,11775847,13344640,11032510,12003367,-128,225,-442,g5/117mA/117mA g5/117mA/117mA g4/117mA/117mA g4/117mA/117mA,,,,,,
0.295,HRV,24,11785991,13351484,11039917,12006141,-125,224,-443,g5/117mA/117mA g5/117mA/117mA g4/117mA/117mA g4/117mA/117mA,,,,,,
0.295,HRV,25,11802397,13360508,11050759,12008646,-117,222,-448,g5/117mA/117mA g5/117mA/117mA g4/117mA/117mA g4/117mA/117mA,,,,,,
0.295,HRV,26,11809315,13375397,11053037,12010098,-122,222,-445,g5/117mA/117mA g5/117mA/117mA g4/117mA/117mA g4/117mA/117mA,858,0,0,0,20,1
0.295,HRV,27,11815320,13390070,11054180,12020081,-119,228,-442,g5/117mA/117mA g5/117mA/117mA g4/117mA/117mA g4/117mA/117mA,,,,,,
0.295,HRV,28,11831445,13400982,11060980,12029010,-113,237,-441,g5/117mA/117mA g5/117mA/117mA g4/117mA/117mA g4/117mA/117mA,,,,,,
0.322,HRV,29,11844362,13412576,11067455,12038619,-105,240,-444,g5/117mA/117mA g5/117mA/117mA g4/117mA/117mA g4/117mA/117mA,,,,,,
0.322,HRV,30,11856850,13422916,11074375,12046801,-118,229,-444,g5/117mA/117mA g5/117mA/117mA g4/117mA/117mA g4/117mA/117mA,,,,,,
0.322,HRV,31,11872948,13434108,11081326,12052422,-135,217,-443,g5/117mA/117mA g5/117mA/117mA g4/117mA/117mA g4/117mA/117mA,,,,,,
0.322,HRV,32,11888784,13441702,11088978,12055150,-122,223,-445,g5/117mA/117mA g5/117mA/117mA g4/117mA/117mA g4/117mA/117mA,,,,,,
0.322,HRV,33,11901785,13449627,11096178,12057846,-118,226,-446,g5/117mA/117mA g5/117mA/117mA g4/117mA/117mA g4/117mA/117mA,,,,,,
0.357,HRV,34,11911170,13456761,11101118,12063606,-118,227,-446,g5/117mA/117mA g5/117mA/117mA g4/117mA/117mA g4/117mA/117mA,,,,,,
0.357,HRV,35,11915111,13465196,11105223,12067497,-120,223,-446,g5/117mA/117mA g5/117mA/117mA g4/117mA/117mA g4/117mA/117mA,,,,,,
0.357,HRV,36,11914327,13479735,11104368,12074509,-125,229,-443,g5/117mA/117mA g5/117mA/117mA g4/117mA/117mA g4/117mA/117mA,,,,,,
0.357,HRV,37,11918976,13488795,11107440,12081854,-125,231,-443,g5/117mA/117mA g5/117mA/117mA g4/117mA/117mA g4/117mA/117mA,,,,,,
0.357,HRV,38,11926731,13495849,11113081,12088422,-111,216,-455,g5/117mA/117mA g5/117mA/117mA g4/117mA/117mA g4/117mA/117mA,,,,,,
0.357,HRV,39,11932488,13496813,11117132,12092247,-122,214,-451,g5/117mA/117mA g5/117mA/117mA g4/117mA/117mA g4/117mA/117mA,,,,,,
1.315,HRV,40,11925954,13489025,11110759,12083286,-130,216,-446,g5/117mA/117mA g5/117mA/117mA g4/117mA/117mA g4/117mA/117mA,,,,,,
1.315,HRV,41,11921963,13480681,11106639,12068939,-118,219,-449,g5/117mA/117mA g5/117mA/117mA g4/117mA/117mA g4/117mA/117mA,,,,,,
1.315,HRV,42,11922927,13479768,11105179,12060099,-119,222,-448,g5/117mA/117mA g5/117mA/117mA g4/117mA/117mA g4/117mA/117mA,,,,,,
1.316,HRV,43,11920545,13479400,11104813,12058342,-122,224,-447,g5/117mA/117mA g5/117mA/117mA g4/117mA/117mA g4/117mA/117mA,,,,,,
1.316,HRV,44,11911349,13483821,11102791,12056841,-123,221,-447,g5/117mA/117mA g5/117mA/117mA g4/117mA/117mA g4/117mA/117mA,,,,,,
1.382,HRV,45,11906931,13489236,11102067,12060568,-122,221,-446,g5/117mA/117mA g5/117mA/117mA g4/117mA/117mA g4/117mA/117mA,,,,,,
1.382,HRV,46,11910479,13493035,11105272,12061516,-124,220,-446,g5/117mA/117mA g5/117mA/117mA g4/117mA/117mA g4/117mA/117mA,,,,,,
1.382,HRV,47,11916621,13494996,11108483,12062079,-132,216,-446,g5/117mA/117mA g5/117mA/117mA g4/117mA/117mA g4/117mA/117mA,,,,,,
1.382,HRV,48,11921937,13498894,11111142,12066131,-120,225,-444,g5/117mA/117mA g5/117mA/117mA g4/117mA/117mA g4/117mA/117mA,,,,,,
1.382,HRV,49,11932763,13502238,11116135,12068785,-112,227,-445,g5/117mA/117mA g5/117mA/117mA g4/117mA/117mA g4/117mA/117mA,,,,,,
1.382,HRV,50,11940501,13506120,11118608,12071062,-112,220,-449,g5/117mA/117mA g5/117mA/117mA g4/117mA/117mA g4/117mA/117mA,,,,,,
1.435,HRV,51,11942256,13510310,11119017,12075763,-128,210,-451,g5/117mA/117mA g5/117mA/117mA g4/117mA/117mA g4/117mA/117mA,824,0,0,0,20,1
1.435,HRV,52,11936073,13518143,11116903,12077512,-148,203,-450,g5/117mA/117mA g5/117mA/117mA g4/117mA/117mA g4/117mA/117mA,,,,,,
1.852,HR,53,11933241,13526008,11117269,12084312,-113,226,-454,g5/117mA/117mA g5/117mA/117mA g4/117mA/117mA g4/117mA/117mA,,,,,,
1.852,HR,54,11940101,13529462,11123411,12088373,-128,218,-451,g5/117mA/117mA g5/117mA/117mA g4/117mA/117mA g4/117mA/117mA,,,,,,
1.852,HR,55,11951180,13534862,11129025,12092067,-144,210,-449,g5/117mA/117mA g5/117mA/117mA g4/117mA/117mA g4/117mA/117mA,,,,,,
1.852,HR,56,11959645,13544246,11133606,12098916,-146,208,-447,g5/117mA/117mA g5/117mA/117mA g4/117mA/117mA g4/117mA/117mA,,,,,,
1.852,HR,57,11974402,13553981,11140346,12107611,-138,211,-447,g5/117mA/117mA g5/117mA/117mA g4/117mA/117mA g4/117mA/117mA,,,,,,
1.856,HR,58,11987415,13562445,11145182,12113625,-131,214,-447,g5/117mA/117mA g5/117mA/117mA g4/117mA/117mA g4/117mA/117mA,,,,,,
1.856,HR,59,11995576,13568936,11148323,12120543,-133,214,-447,g5/117mA/117mA g5/117mA/117mA g4/117mA/117mA g4/117mA/117mA,,,,,,
1.856,HR,60,12005814,13575156,11152920,12127539,-135,214,-447,g5/117mA/117mA g5/117mA/117mA g4/117mA/117mA g4/117mA/117mA,,,,,,
1.856,HR,61,12018604,13582048,11158313,12130219,-129,220,-448,g5/117mA/117mA g5/117mA/117mA g4/117mA/117mA g4/117mA/117mA,,,,,,
1.856,HR,62,12027691,13586314,11163722,12133570,-119,229,-448,g5/117mA/117mA g5/117mA/117mA g4/117mA/117mA g4/117mA/117mA,,,,,,
1.856,HR,63,12039258,13590299,11171375,12138468,-113,233,-448,g5/117mA/117mA g5/117mA/117mA g4/117mA/117mA g4/117mA/117mA,,,,,,
1.919,HR,64,12047798,13594923,11177694,12142128,-117,227,-449,g5/117mA/117mA g5/117mA/117mA g4/117mA/117mA g4/117mA/117mA,,,,,,
1.919,HR,65,12054863,13599351,11182566,12146562,-120,220,-449,g5/117mA/117mA g5/117mA/117mA g4/117mA/117mA g4/117mA/117mA,,,,,,
1.919,HR,66,12060577,13604802,11186712,12151137,-121,220,-448,g5/117mA/117mA g5/117mA/117mA g4/117mA/117mA g4/117mA/117mA,,,,,,
1.919,HR,67,12058580,13603949,11186712,12151110,-121,220,-447,g5/117mA/117mA g5/117mA/117mA g4/117mA/117mA g4/117mA/117mA,,,,,,
1.919,HR,68,12035716,13592790,11176041,12138861,-122,219,-447,g5/117mA/117mA g5/117mA/117mA g4/117mA/117mA g4/117mA/117mA,,,,,,
2.223,HR,69,12019166,13582808,11167595,12129981,-126,216,-448,g5/117mA/117mA g5/117mA/117mA g4/117mA/117mA g4/117mA/117mA,,,,,,
2.224,HR,70,12013009,13579062,11164583,12126208,-131,213,-449,g5/117mA/117mA g5/117mA/117mA g4/117mA/117mA g4/117mA/117mA,,,,,,
2.224,HR,71,12009918,13578747,11163208,12127539,-128,215,-448,g5/117mA/117mA g5/117mA/117mA g4/117mA/117mA g4/117mA/117mA,,,,,,
2.224,HR,72,12008547,13579412,11161878,12131831,-125,217,-448,g5/117mA/117mA g5/117mA/117mA g4/117mA/117mA g4/117mA/117mA,,,,,,
2.224,HR,73,11998649,13581418,11157511,12136003,-122,218,-448,g5/117mA/117mA g5/117mA/117mA g4/117mA/117mA g4/117mA/117mA,,,,,,
2.224,HR,74,11989042,13597099,11152230,12139671,-119,220,-448,g5/117mA/117mA g5/117mA/117mA g4/117mA/117mA g4/117mA/117mA,,,,,,
2.281,HR,75,11988112,13602601,11154388,12146238,-117,221,-448,g5/117mA/117mA g5/117mA/117mA g4/117mA/117mA g4/117mA/117mA,,,,,,
2.281,HR,76,11989282,13604871,11157417,12148602,-120,220,-448,g5/117mA/117mA g5/117mA/117mA g4/117mA/117mA g4/117mA/117mA,67,94,0,1,0,0
2.281,HR,77,11987056,13606474,11155974,12149883,-124,219,-448,g5/117mA/117mA g5/117mA/117mA g4/117mA/117mA g4/117mA/117mA,,,,,,
2.281,HR,78,11984829,13609724,11153483,12154235,-124,219,-448,g5/117mA/117mA g5/117mA/117mA g4/117mA/117mA g4/117mA/117mA,,,,,,
2.281,HR,79,11984580,13611652,11153168,12157484,-124,219,-448,g5/117mA/117mA g5/117mA/117mA g4/117mA/117mA g4/117mA/117mA,,,,,,
2.302,HR,80,11984598,13614365,11154909,12162270,-124,218,-448,g5/117mA/117mA g5/117mA/117mA g4/117mA/117mA g4/117mA/117mA,,,,,,
2.302,HR,81,11985750,13617087,11156205,12168138,-125,217,-448,g5/117mA/117mA g5/117mA/117mA g4/117mA/117mA g4/117mA/117mA,,,,,,
2.302,HR,82,11986219,13617249,11157033,12173633,-126,216,-448,g5/117mA/117mA g5/117mA/117mA g4/117mA/117mA g4/117mA/117mA,,,,,,
2.302,HR,83,11986466,13616516,11158339,12178266,-122,208,-453,g5/117mA/117mA g5/117mA/117mA g4/117mA/117mA g4/117mA/117mA,,,,,,
2.302,HR,84,11986193,13617907,11159600,12183931,-117,199,-458,g5/117mA/117mA g5/117mA/117mA g4/117mA/117mA g4/117mA/117mA,,,,,,
2.302,HR,85,11986210,13620499,11160105,12192787,-117,197,-459,g5/117mA/117mA g5/117mA/117mA g4/117mA/117mA g4/117mA/117mA,,,,,,
2.33,HR,86,11985145,13625080,11158543,12204388,-125,206,-452,g5/117mA/117mA g5/117mA/117mA g4/117mA/117mA g4/117mA/117mA,,,,,,
2.399,HRV,53,11933241,13526008,11117269,12084312,-113,226,-454,g5/117mA/117mA g5/117mA/117mA g4/117mA/117mA g4/117mA/117mA,,,,,,
2.399,HRV,54,11940101,13529462,11123411,12088373,-128,218,-451,g5/117mA/117mA g5/117mA/117mA g4/117mA/117mA g4/117mA/117mA,,,,,,
2.399,HRV,55,11951180,13534862,11129025,12092067,-144,210,-449,g5/117mA/117mA g5/117mA/117mA g4/117mA/117mA g4/117mA/117mA,,,,,,
2.399,HRV,56,11959645,13544246,11133606,12098916,-146,208,-447,g5/117mA/117mA g5/117mA/117mA g4/117mA/117mA g4/117mA/117mA,,,,,,
2.399,HRV,57,11974402,13553981,11140346,12107611,-138,211,-447,g5/117mA/117mA g5/117mA/117mA g4/117mA/117mA g4/117mA/117mA,,,,,,
2.423,HRV,58,11987415,13562445,11145182,12113625,-131,214,-447,g5/117mA/117mA g5/117mA/117mA g4/117mA/117mA g4/117mA/117mA,,,,,,
2.423,HRV,59,11995576,13568936,11148323,12120543,-133,214,-447,g5/117mA/117mA g5/117mA/117mA g4/117mA/117mA g4/117mA/117mA,,,,,,
2.423,HRV,60,12005814,13575156,11152920,12127539,-135,214,-447,g5/117mA/117mA g5/117mA/117mA g4/117mA/117mA g4/117mA/117mA,,,,,,
2.423,HRV,61,12018604,13582048,11158313,12130219,-129,220,-448,g5/117mA/117mA g5/117mA/117mA g4/117mA/117mA g4/117mA/117mA,,,,,,
2.423,HRV,62,12027691,13586314,11163722,12133570,-119,229,-448,g5/117mA/117mA g5/117mA/117mA g4/117mA/117mA g4/117mA/117mA,,,,,,
2.423,HRV,63,12039258,13590299,11171375,12138468,-113,233,-448,g5/117mA/117mA g5/117mA/117mA g4/117mA/117mA g4/117mA/117mA,,,,,,
2.513,HRV,64,12047798,13594923,11177694,12142128,-117,227,-449,g5/117mA/117mA g5/117mA/117mA g4/117mA/117mA g4/117mA/117mA,,,,,,
2.513,HRV,65,12054863,13599351,11182566,12146562,-120,220,-449,g5/117mA/117mA g5/117mA/117mA g4/117mA/117mA g4/117mA/117mA,,,,,,
2.513,HRV,66,12060577,13604802,11186712,12151137,-121,220,-448,g5/117mA/117mA g5/117mA/117mA g4/117mA/117mA g4/117mA/117mA,,,,,,
2.513,HRV,67,12058580,13603949,11186712,12151110,-121,220,-447,g5/117mA/117mA g5/117mA/117mA g4/117mA/117mA g4/117mA/117mA,,,,,,
2.513,HRV,68,12035716,13592790,11176041,12138861,-122,219,-447,g5/117mA/117mA g5/117mA/117mA g4/117mA/117mA g4/117mA/117mA,,,,,,
2.52,HRV,69,12019166,13582808,11167595,12129981,-126,216,-448,g5/117mA/117mA g5/117mA/117mA g4/117mA/117mA g4/117mA/117mA,,,,,,
2.521,HRV,70,12013009,13579062,11164583,12126208,-131,213,-449,g5/117mA/117mA g5/117mA/117mA g4/117mA/117mA g4/117mA/117mA,,,,,,
2.521,HRV,71,12009918,13578747,11163208,12127539,-128,215,-448,g5/117mA/117mA g5/117mA/117mA g4/117mA/117mA g4/117mA/117mA,,,,,,
2.521,HRV,72,12008547,13579412,11161878,12131831,-125,217,-448,g5/117mA/117mA g5/117mA/117mA g4/117mA/117mA g4/117mA/117mA,,,,,,
2.521,HRV,73,11998649,13581418,11157511,12136003,-122,218,-448,g5/117mA/117mA g5/117mA/117mA g4/117mA/117mA g4/117mA/117mA,,,,,,
2.521,HRV,74,11989042,13597099,11152230,12139671,-119,220,-448,g5/117mA/117mA g5/117mA/117mA g4/117mA/117mA g4/117mA/117mA,,,,,,
2.578,HRV,75,11988112,13602601,11154388,12146238,-117,221,-448,g5/117mA/117mA g5/117mA/117mA g4/117mA/117mA g4/117mA/117mA,,,,,,
2.578,HRV,76,11989282,13604871,11157417,12148602,-120,220,-448,g5/117mA/117mA g5/117mA/117mA g4/117mA/117mA g4/117mA/117mA,851,821,0,0,20,2
2.578,HRV,77,11987056,13606474,11155974,12149883,-124,219,-448,g5/117mA/117mA g5/117mA/117mA g4/117mA/117mA g4/117mA/117mA,,,,,,
2.578,HRV,78,11984829,13609724,11153483,12154235,-124,219,-448,g5/117mA/117mA g5/117mA/117mA g4/117mA/117mA g4/117mA/117mA,,,,,,
2.578,HRV,79,11984580,13611652,11153168,12157484,-124,219,-448,g5/117mA/117mA g5/117mA/117mA g4/117mA/117mA g4/117mA/117mA,,,,,,
2.643,HRV,80,11984598,13614365,11154909,12162270,-124,218,-448,g5/117mA/117mA g5/117mA/117mA g4/117mA/117mA g4/117mA/117mA,,,,,,
2.643,HRV,81,11985750,13617087,11156205,12168138,-125,217,-448,g5/117mA/117mA g5/117mA/117mA g4/117mA/117mA g4/117mA/117mA,,,,,,
2.643,HRV,82,11986219,13617249,11157033,12173633,-126,216,-448,g5/117mA/117mA g5/117mA/117mA g4/117mA/117mA g4/117mA/117mA,,,,,,
2.643,HRV,83,11986466,13616516,11158339,12178266,-122,208,-453,g5/117mA/117mA g5/117mA/117mA g4/117mA/117mA g4/117mA/117mA,,,,,,
2.643,HRV,84,11986193,13617907,11159600,12183931,-117,199,-458,g5/117mA/117mA g5/117mA/117mA g4/117mA/117mA g4/117mA/117mA,,,,,,
2.643,HRV,85,11986210,13620499,11160105,12192787,-117,197,-459,g5/117mA/117mA g5/117mA/117mA g4/117mA/117mA g4/117mA/117mA,,,,,,
2.644,HRV,86,11985145,13625080,11158543,12204388,-125,206,-452,g5/117mA/117mA g5/117mA/117mA g4/117mA/117mA g4/117mA/117mA,,,,,,
2.661,HR,87,11979497,13636658,11153219,12221494,-139,220,-440,g5/117mA/117mA g5/117mA/117mA g4/117mA/117mA g4/117mA/117mA,,,,,,
2.661,HR,88,11976314,13658745,11145031,12241381,-139,211,-444,g5/117mA/117mA g5/117mA/117mA g4/117mA/117mA g4/117mA/117mA,,,,,,
2.661,HR,89,11972971,13694747,11132019,12261873,-128,208,-451,g5/117mA/117mA g5/117mA/117mA g4/117mA/117mA g4/117mA/117mA,,,,,,
2.661,HR,90,11979752,13740979,11123640,12279549,-110,211,-460,g5/117mA/117mA g5/117mA/117mA g4/117mA/117mA g4/117mA/117mA,,,,,,
2.661,HR,91,11996098,13782833,11126686,12293548,-115,227,-446,g5/117mA/117mA g5/117mA/117mA g4/117mA/117mA g4/117mA/117mA,,,,,,
2.696,HR,92,12005952,13813877,11132949,12303522,-113,236,-442,g5/117mA/117mA g5/117mA/117mA g4/117mA/117mA g4/117mA/117mA,,,,,,
2.696,HR,93,12008614,13836041,11135739,12304894,-106,240,-445,g5/117mA/117mA g5/117mA/117mA g4/117mA/117mA g4/117mA/117mA,,,,,,
2.696,HR,94,12010182,13845212,11132097,12302941,-112,239,-442,g5/117mA/117mA g5/117mA/117mA g4/117mA/117mA g4/117mA/117mA,,,,,,
2.696,HR,95,12014168,13857805,11126302,12302404,-112,233,-440,g5/117mA/117mA g5/117mA/117mA g4/117mA/117mA g4/117mA/117mA,,,,,,
2.696,HR,96,12025395,13879381,11127250,12306166,-109,225,-440,g5/117mA/117mA g5/117mA/117mA g4/117mA/117mA g4/117mA/117mA,,,,,,
2.696,HR,97,12038439,13906406,11132259,12311695,-116,226,-446,g5/117mA/117mA g5/117mA/117mA g4/117mA/117mA g4/117mA/117mA,,,,,,
2.755,HR,98,12053463,13938826,11141437,12319015,-108,229,-447,g5/117mA/117mA g5/117mA/117mA g4/117mA/117mA g4/117mA/117mA,,,,,,
2.755,HR,99,12065362,13974751,11151904,12327802,-99,232,-446,g5/117mA/117mA g5/117mA/117mA g4/117mA/117mA g4/117mA/117mA,,,,,,
2.755,HR,100,12074398,14006940,11157408,12337450,-122,232,-444,g5/117mA/117mA g5/117mA/117mA g4/117mA/117mA g4/117mA/117mA,,,,,,
2.755,HR,101,12078254,14033805,11159890,12345129,-123,230,-444,g5/117mA/117mA g5/117mA/117mA g4/117mA/117mA g4/117mA/117mA,66,95,0,1,0,0
2.755,HR,102,12083169,14049767,11159582,12352781,-116,229,-444,g5/117mA/117mA g5/117mA/117mA g4/117mA/117mA g4/117mA/117mA,,,,,,
2.782,HR,103,12091615,14066395,11160625,12361901,-114,229,-446,g5/117mA/117mA g5/117mA/117mA g4/117mA/117mA g4/117mA/117mA,,,,,,
2.782,HR,104,12103916,14082398,11162383,12373000,-108,230,-446,g5/117mA/117mA g5/117mA/117mA g4/117mA/117mA g4/117mA/117mA,,,,,,
2.782,HR,105,12115271,14094539,11163772,12384782,-105,231,-446,g5/117mA/117mA g5/117mA/117mA g4/117mA/117mA g4/117mA/117mA,,,,,,
2.782,HR,106,12128588,14109348,11165411,12396154,-115,231,-447,g5/117mA/117mA g5/117mA/117mA g4/117mA/117mA g4/117mA/117mA,,,,,,
2.782,HR,107,12142673,14125754,11168090,12409139,-115,218,-450,g5/117mA/117mA g5/117mA/117mA g4/117mA/117mA g4/117mA/117mA,,,,,,
2.782,HR,108,12154004,14138023,11171545,12421219,-112,212,-451,g5/117mA/117mA g5/117mA/117mA g4/117mA/117mA g4/117mA/117mA,,,,,,
2.816,HR,109,12162177,14149982,11173831,12432232,-109,227,-446,g5/117mA/117mA g5/117mA/117mA g4/117mA/117mA g4/117mA/117mA,,,,,,
2.816,HR,110,12169199,14158891,11176108,12442138,-109,229,-447,g5/117mA/117mA g5/117mA/117mA g4/117mA/117mA g4/117mA/117mA,,,,,,
2.816,HR,111,12174886,14168342,11180017,12449679,-109,231,-446,g5/117mA/117mA g5/117mA/117mA g4/117mA/117mA g4/117mA/117mA,,,,,,
2.816,HR,112,12181065,14178212,11185179,12455839,-110,237,-442,g5/117mA/117mA g5/117mA/117mA g4/117mA/117mA g4/117mA/117mA,,,,,,
2.816,HR,113,12180970,14180226,11187917,12459969,-108,229,-446,g5/117mA/117mA g5/117mA/117mA g4/117mA/117mA g4/117mA/117mA,,,,,,
2.876,HR,114,12164258,14169672,11180160,12457085,-105,223,-450,g5/117mA/117mA g5/117mA/117mA g4/117mA/117mA g4/117mA/117mA,,,,,,
2.876,HR,115,12150624,14160168,11171459,12451233,-105,223,-451,g5/117mA/117mA g5/117mA/117mA g4/117mA/117mA g4/117mA/117mA,,,,,,
2.876,HR,116,12146820,14158437,11167022,12448408,-111,227,-447,g5/117mA/117mA g5/117mA/117mA g4/117mA/117mA g4/117mA/117mA,,,,,,
2.876,HR,117,12147963,14160417,11165546,12449262,-114,229,-444,g5/117mA/117mA g5/117mA/117mA g4/117mA/117mA g4/117mA/117mA,,,,,,
2.876,HR,118,12150864,14162652,11167015,12452340,-112,229,-445,g5/117mA/117mA g5/117mA/117mA g4/117mA/117mA g4/117mA/117mA,,,,,,
2.876,HR,119,12153448,14165850,11169164,12455149,-109,217,-451,g5/117mA/117mA g5/117mA/117mA g4/117mA/117mA g4/117mA/117mA,,,,,,
2.876,HR,120,12156758,14172173,11171203,12457878,-127,206,-452,g5/117mA/117mA g5/117mA/117mA g4/117mA/117mA g4/117mA/117mA,,,,,,
2.935,HRV,87,11979497,13636658,11153219,12221494,-139,220,-440,g5/117mA/117mA g5/117mA/117mA g4/117mA/117mA g4/117mA/117mA,,,,,,
2.935,HRV,88,11976314,13658745,11145031,12241381,-139,211,-444,g5/117mA/117mA g5/117mA/117mA g4/117mA/117mA g4/117mA/117mA,,,,,,
2.935,HRV,89,11972971,13694747,11132019,12261873,-128,208,-451,g5/117mA/117mA g5/117mA/117mA g4/117mA/117mA g4/117mA/117mA,,,,,,
2.935,HRV,90,11979752,13740979,11123640,12279549,-110,211,-460,g5/117mA/117mA g5/117mA/117mA g4/117mA/117mA g4/117mA/117mA,,,,,,
2.935,HRV,91,11996098,13782833,11126686,12293548,-115,227,-446,g5/117mA/117mA g5/117mA/117mA g4/117mA/117mA g4/117mA/117mA,,,,,,
2.997,HRV,92,12005952,13813877,11132949,12303522,-113,236,-442,g5/117mA/117mA g5/117mA/117mA g4/117mA/117mA g4/117mA/117mA,,,,,,
2.997,HRV,93,12008614,13836041,11135739,12304894,-106,240,-445,g5/117mA/117mA g5/117mA/117mA g4/117mA/117mA g4/117mA/117mA,,,,,,
2.997,HRV,94,12010182,13845212,11132097,12302941,-112,239,-442,g5/117mA/117mA g5/117mA/117mA g4/117mA/117mA g4/117mA/117mA,,,,,,
2.997,HRV,95,12014168,13857805,11126302,12302404,-112,233,-440,g5/117mA/117mA g5/117mA/117mA g4/117mA/117mA g4/117mA/117mA,,,,,,
2.997,HRV,96,12025395,13879381,11127250,12306166,-109,225,-440,g5/117mA/117mA g5/117mA/117mA g4/117mA/117mA g4/117mA/117mA,,,,,,
2.997,HRV,97,12038439,13906406,11132259,12311695,-116,226,-446,g5/117mA/117mA g5/117mA/117mA g4/117mA/117mA g4/117mA/117mA,,,,,,
2.999,HRV,98,12053463,13938826,11141437,12319015,-108,229,-447,g5/117mA/117mA g5/117mA/117mA g4/117mA/117mA g4/117mA/117mA,,,,,,
2.999,HRV,99,12065362,13974751,11151904,12327802,-99,232,-446,g5/117mA/117mA g5/117mA/117mA g4/117mA/117mA g4/117mA/117mA,,,,,,
2.999,HRV,100,12074398,14006940,11157408,12337450,-122,232,-444,g5/117mA/117mA g5/117mA/117mA g4/117mA/117mA g4/117mA/117mA,,,,,,
2.999,HRV,101,12078254,14033805,11159890,12345129,-123,230,-444,g5/117mA/117mA g5/117mA/117mA g4/117mA/117mA g4/117mA/117mA,805,805,800,0,20,3
3.067,HRV,102,12083169,14049767,11159582,12352781,-116,229,-444,g5/117mA/117mA g5/117mA/117mA g4/117mA/117mA g4/117mA/117mA,,,,,,
3.067,HRV,103,12091615,14066395,11160625,12361901,-114,229,-446,g5/117mA/117mA g5/117mA/117mA g4/117mA/117mA g4/117mA/117mA,,,,,,
3.067,HRV,104,12103916,14082398,11162383,12373000,-108,230,-446,g5/117mA/117mA g5/117mA/117mA g4/117mA/117mA g4/117mA/117mA,,,,,,
3.067,HRV,105,12115271,14094539,11163772,12384782,-105,231,-446,g5/117mA/117mA g5/117mA/117mA g4/117mA/117mA g4/117mA/117mA,,,,,,
3.067,HRV,106,12128588,14109348,11165411,12396154,-115,231,-447,g5/117mA/117mA g5/117mA/117mA g4/117mA/117mA g4/117mA/117mA,,,,,,
3.067,HRV,107,12142673,14125754,11168090,12409139,-115,218,-450,g5/117mA/117mA g5/117mA/117mA g4/117mA/117mA g4/117mA/117mA,,,,,,
3.116,HRV,108,12154004,14138023,11171545,12421219,-112,212,-451,g5/117mA/117mA g5/117mA/117mA g4/117mA/117mA g4/117mA/117mA,,,,,,
3.116,HRV,109,12162177,14149982,11173831,12432232,-109,227,-446,g5/117mA/117mA g5/117mA/117mA g4/117mA/117mA g4/117mA/117mA,,,,,,
3.116,HRV,110,12169199,14158891,11176108,12442138,-109,229,-447,g5/117mA/117mA g5/117mA/117mA g4/117mA/117mA g4/117mA/117mA,,,,,,
3.116,HRV,111,12174886,14168342,11180017,12449679,-109,231,-446,g5/117mA/117mA g5/117mA/117mA g4/117mA/117mA g4/117mA/117mA,,,,,,
3.116,HRV,112,12181065,14178212,11185179,12455839,-110,237,-442,g5/117mA/117mA g5/117mA/117mA g4/117mA/117mA g4/117mA/117mA,,,,,,
3.178,HRV,113,12180970,14180226,11187917,12459969,-108,229,-446,g5/117mA/117mA g5/117mA/117mA g4/117mA/117mA g4/117mA/117mA,,,,,,
3.178,HRV,114,12164258,14169672,11180160,12457085,-105,223,-450,g5/117mA/117mA g5/117mA/117mA g4/117mA/117mA g4/117mA/117mA,,,,,,
3.178,HRV,115,12150624,14160168,11171459,12451233,-105,223,-451,g5/117mA/117mA g5/117mA/117mA g4/117mA/117mA g4/117mA/117mA,,,,,,
3.178,HRV,116,12146820,14158437,11167022,12448408,-111,227,-447,g5/117mA/117mA g5/117mA/117mA g4/117mA/117mA g4/117mA/117mA,,,,,,
3.178,HRV,117,12147963,14160417,11165546,12449262,-114,229,-444,g5/117mA/117mA g5/117mA/117mA g4/117mA/117mA g4/117mA/117mA,,,,,,
3.178,HRV,118,12150864,14162652,11167015,12452340,-112,229,-445,g5/117mA/117mA g5/117mA/117mA g4/117mA/117mA g4/117mA/117mA,,,,,,
3.596,HRV,119,12153448,14165850,11169164,12455149,-109,217,-451,g5/117mA/117mA g5/117mA/117mA g4/117mA/117mA g4/117mA/117mA,,,,,,
3.596,HRV,120,12156758,14172173,11171203,12457878,-127,206,-452,g5/117mA/117mA g5/117mA/117mA g4/117mA/117mA g4/117mA/117mA,,,,,,
3.838,HR,121,12159703,14177428,11172593,12459208,-104,218,-453,g5/117mA/117mA g5/117mA/117mA g4/117mA/117mA g4/117mA/117mA,,,,,,
3.838,HR,122,12161954,14180602,11173694,12459414,-103,222,-452,g5/117mA/117mA g5/117mA/117mA g4/117mA/117mA g4/117mA/117mA,,,,,,
3.838,HR,123,12163389,14181010,11174334,12460029,-103,225,-450,g5/117mA/117mA g5/117mA/117mA g4/117mA/117mA g4/117mA/117mA,,,,,,
3.838,HR,124,12165087,14180883,11174436,12461810,-104,225,-448,g5/117mA/117mA g5/117mA/117mA g4/117mA/117mA g4/117mA/117mA,,,,,,
3.838,HR,125,12166654,14182557,11174309,12464524,-106,227,-447,g5/117mA/117mA g5/117mA/117mA g4/117mA/117mA g4/117mA/117mA,,,,,,
3.894,HR,126,12168974,14185601,11174590,12468235,-103,224,-451,g5/117mA/117mA g5/117mA/117mA g4/117mA/117mA g4/117mA/117mA,65,95,0,1,0,0
3.894,HR,127,12172276,14188732,11175570,12472688,-97,217,-458,g5/117mA/117mA g5/117mA/117mA g4/117mA/117mA g4/117mA/117mA,,,,,,
3.894,HR,128,12176482,14192477,11177219,12477116,-101,223,-451,g5/117mA/117mA g5/117mA/117mA g4/117mA/117mA g4/117mA/117mA,,,,,,
3.894,HR,129,12180612,14195940,11179434,12481305,-103,226,-449,g5/117mA/117mA g5/117mA/117mA g4/117mA/117mA g4/117mA/117mA,,,,,,
3.894,HR,130,12184435,14200155,11181960,12485280,-103,226,-450,g5/117mA/117mA g5/117mA/117mA g4/117mA/117mA g4/117mA/117mA,,,,,,
3.895,HR,131,12187421,14203441,11183948,12489118,-103,226,-449,g5/117mA/117mA g5/117mA/117mA g4/117mA/117mA g4/117mA/117mA,,,,,,
3.895,HR,132,12190885,14206962,11186543,12492812,-103,226,-449,g5/117mA/117mA g5/117mA/117mA g4/117mA/117mA g4/117mA/117mA,,,,,,
3.895,HR,133,12194346,14210495,11189077,12496243,-102,226,-449,g5/117mA/117mA g5/117mA/117mA g4/117mA/117mA g4/117mA/117mA,,,,,,
3.895,HR,134,12191771,14208072,11188930,12496243,-102,226,-449,g5/117mA/117mA g5/117mA/117mA g4/117mA/117mA g4/117mA/117mA,,,,,,
3.895,HR,135,12177141,14191700,11182423,12486901,-101,225,-450,g5/117mA/117mA g5/117mA/117mA g4/117mA/117mA g4/117mA/117mA,,,,,,
3.895,HR,136,12166210,14176950,11176662,12477670,-101,225,-450,g5/117mA/117mA g5/117mA/117mA g4/117mA/117mA g4/117mA/117mA,,,,,,
4.014,HR,137,12161706,14167473,11175035,12472388,-102,225,-450,g5/117mA/117mA g5/117mA/117mA g4/117mA/117mA g4/117mA/117mA,,,,,,
4.014,HR,138,12159703,14160920,11175152,12470539,-101,225,-450,g5/117mA/117mA g5/117mA/117mA g4/117mA/117mA g4/117mA/117mA,,,,,,
4.014,HR,139,12157527,14156910,11174726,12470358,-101,225,-451,g5/117mA/117mA g5/117mA/117mA g4/117mA/117mA g4/117mA/117mA,,,,,,
4.014,HR,140,12156017,14153447,11174975,12470196,-101,225,-451,g5/117mA/117mA g5/117mA/117mA g4/117mA/117mA g4/117mA/117mA,,,,,,
4.014,HR,141,12156306,14152448,11175461,12471495,-101,225,-450,g5/117mA/117mA g5/117mA/117mA g4/117mA/117mA g4/117mA/117mA,,,,,,
4.014,HR,142,12156076,14150152,11176569,12472143,-100,225,-450,g5/117mA/117mA g5/117mA/117mA g4/117mA/117mA g4/117mA/117mA,,,,,,
4.017,HR,143,12154115,14146612,11176790,12471997,-100,225,-450,g5/117mA/117mA g5/117mA/117mA g4/117mA/117mA g4/117mA/117mA,,,,,,
4.017,HR,144,12153245,14141614,11176884,12470905,-100,225,-451,g5/117mA/117mA g5/117mA/117mA g4/117mA/117mA g4/117mA/117mA,,,,,,
4.018,HR,145,12152620,14137937,11177558,12471126,-100,225,-450,g5/117mA/117mA g5/117mA/117mA g4/117mA/117mA g4/117mA/117mA,,,,,,
4.018,HR,146,12153090,14135564,11179309,12472527,-100,225,-450,g5/117mA/117mA g5/117mA/117mA g4/117mA/117mA g4/117mA/117mA,,,,,,
4.018,HR,147,12155582,14134320,11181449,12474300,-99,225,-451,g5/117mA/117mA g5/117mA/117mA g4/117mA/117mA g4/117mA/117mA,,,,,,
4.018,HR,148,12158362,14134277,11184060,12477227,-99,225,-451,g5/117mA/117mA g5/117mA/117mA g4/117mA/117mA g4/117mA/117mA,,,,,,
4.079,HR,149,12161469,14134772,11186841,12479957,-99,225,-451,g5/117mA/117mA g5/117mA/117mA g4/117mA/117mA g4/117mA/117mA,,,,,,
4.079,HR,150,12163966,14135309,11189238,12483055,-98,225,-451,g5/117mA/117mA g5/117mA/117mA g4/117mA/117mA g4/117mA/117mA,,,,,,
4.079,HR,151,12166817,14135914,11192198,12486049,-98,225,-451,g5/117mA/117mA g5/117mA/117mA g4/117mA/117mA g4/117mA/117mA,64,96,0,1,0,0
4.079,HR,152,12170119,14136750,11194579,12489928,-98,225,-451,g5/117mA/117mA g5/117mA/117mA g4/117mA/117mA g4/117mA/117mA,,,,,,
4.079,HR,153,12171842,14137800,11196950,12493163,-98,225,-451,g5/117mA/117mA g5/117mA/117mA g4/117mA/117mA g4/117mA/117mA,,,,,,
4.079,HR,154,12174606,14138994,11199638,12497164,-120,216,-449,g5/117mA/117mA g5/117mA/117mA g4/117mA/117mA g4/117mA/117mA,,,,,,
4.101,HRV,121,12159703,14177428,11172593,12459208,-104,218,-453,g5/117mA/117mA g5/117mA/117mA g4/117mA/117mA g4/117mA/117mA,,,,,,
4.101,HRV,122,12161954,14180602,11173694,12459414,-103,222,-452,g5/117mA/117mA g5/117mA/117mA g4/117mA/117mA g4/117mA/117mA,,,,,,
4.101,HRV,123,12163389,14181010,11174334,12460029,-103,225,-450,g5/117mA/117mA g5/117mA/117mA g4/117mA/117mA g4/117mA/117mA,,,,,,
4.101,HRV,124,12165087,14180883,11174436,12461810,-104,225,-448,g5/117mA/117mA g5/117mA/117mA g4/117mA/117mA g4/117mA/117mA,,,,,,
4.101,HRV,125,12166654,14182557,11174309,12464524,-106,227,-447,g5/117mA/117mA g5/117mA/117mA g4/117mA/117mA g4/117mA/117mA,,,,,,
4.137,HRV,126,12168974,14185601,11174590,12468235,-103,224,-451,g5/117mA/117mA g5/117mA/117mA g4/117mA/117mA g4/117mA/117mA,930,840,0,0,20,2
4.137,HRV,127,12172276,14188732,11175570,12472688,-97,217,-458,g5/117mA/117mA g5/117mA/117mA g4/117mA/117mA g4/117mA/117mA,,,,,,
4.137,HRV,128,12176482,14192477,11177219,12477116,-101,223,-451,g5/117mA/117mA g5/117mA/117mA g4/117mA/117mA g4/117mA/117mA,,,,,,
4.137,HRV,129,12180612,14195940,11179434,12481305,-103,226,-449,g5/117mA/117mA g5/117mA/117mA g4/117mA/117mA g4/117mA/117mA,,,,,,
4.137,HRV,130,12184435,14200155,11181960,12485280,-103,226,-450,g5/117mA/117mA g5/117mA/117mA g4/117mA/117mA g4/117mA/117mA,,,,,,
4.196,HRV,131,12187421,14203441,11183948,12489118,-103,226,-449,g5/117mA/117mA g5/117mA/117mA g4/117mA/117mA g4/117mA/117mA,,,,,,
4.196,HRV,132,12190885,14206962,11186543,12492812,-103,226,-449,g5/117mA/117mA g5/117mA/117mA g4/117mA/117mA g4/117mA/117mA,,,,,,
4.196,HRV,133,12194346,14210495,11189077,12496243,-102,226,-449,g5/117mA/117mA g5/117mA/117mA g4/117mA/117mA g4/117mA/117mA,,,,,,
4.196,HRV,134,12191771,14208072,11188930,12496243,-102,226,-449,g5/117mA/117mA g5/117mA/117mA g4/117mA/117mA g4/117mA/117mA,,,,,,
4.196,HRV,135,12177141,14191700,11182423,12486901,-101,225,-450,g5/117mA/117mA g5/117mA/117mA g4/117mA/117mA g4/117mA/117mA,,,,,,
4.196,HRV,136,12166210,14176950,11176662,12477670,-101,225,-450,g5/117mA/117mA g5/117mA/117mA g4/117mA/117mA g4/117mA/117mA,,,,,,
4.221,HRV,137,12161706,14167473,11175035,12472388,-102,225,-450,g5/117mA/117mA g5/117mA/117mA g4/117mA/117mA g4/117mA/117mA,,,,,,
4.221,HRV,138,12159703,14160920,11175152,12470539,-101,225,-450,g5/117mA/117mA g5/117mA/117mA g4/117mA/117mA g4/117mA/117mA,,,,,,
4.221,HRV,139,12157527,14156910,11174726,12470358,-101,225,-451,g5/117mA/117mA g5/117mA/117mA g4/117mA/117mA g4/117mA/117mA,,,,,,
4.221,HRV,140,12156017,14153447,11174975,12470196,-101,225,-451,g5/117mA/117mA g5/117mA/117mA g4/117mA/117mA g4/117mA/117mA,,,,,,
4.221,HRV,141,12156306,14152448,11175461,12471495,-101,225,-450,g5/117mA/117mA g5/117mA/117mA g4/117mA/117mA g4/117mA/117mA,,,,,,
4.221,HRV,142,12156076,14150152,11176569,12472143,-100,225,-450,g5/117mA/117mA g5/117mA/117mA g4/117mA/117mA g4/117mA/117mA,,,,,,
4.254,HRV,143,12154115,14146612,11176790,12471997,-100,225,-450,g5/117mA/117mA g5/117mA/117mA g4/117mA/117mA g4/117mA/117mA,,,,,,
4.254,HRV,144,12153245,14141614,11176884,12470905,-100,225,-451,g5/117mA/117mA g5/117mA/117mA g4/117mA/117mA g4/117mA/117mA,,,,,,
4.254,HRV,145,12152620,14137937,11177558,12471126,-100,225,-450,g5/117mA/117mA g5/117mA/117mA g4/117mA/117mA g4/117mA/117mA,,,,,,
4.254,HRV,146,12153090,14135564,11179309,12472527,-100,225,-450,g5/117mA/117mA g5/117mA/117mA g4/117mA/117mA g4/117mA/117mA,,,,,,
4.254,HRV,147,12155582,14134320,11181449,12474300,-99,225,-451,g5/117mA/117mA g5/117mA/117mA g4/117mA/117mA g4/117mA/117mA,,,,,,
4.254,HRV,148,12158362,14134277,11184060,12477227,-99,225,-451,g5/117mA/117mA g5/117mA/117mA g4/117mA/117mA g4/117mA/117mA,,,,,,
4.316,HRV,149,12161469,14134772,11186841,12479957,-99,225,-451,g5/117mA/117mA g5/117mA/117mA g4/117mA/117mA g4/117mA/117mA,,,,,,
4.316,HRV,150,12163966,14135309,11189238,12483055,-98,225,-451,g5/117mA/117mA g5/117mA/117mA g4/117mA/117mA g4/117mA/117mA,,,,,,
4.316,HRV,151,12166817,14135914,11192198,12486049,-98,225,-451,g5/117mA/117mA g5/117mA/117mA g4/117mA/117mA g4/117mA/117mA,815,815,0,0,20,2
4.316,HRV,152,12170119,14136750,11194579,12489928,-98,225,-451,g5/117mA/117mA g5/117mA/117mA g4/117mA/117mA g4/117mA/117mA,,,,,,
4.316,HRV,153,12171842,14137800,11196950,12493163,-98,225,-451,g5/117mA/117mA g5/117mA/117mA g4/117mA/117mA g4/117mA/117mA,,,,,,
4.341,HRV,154,12174606,14138994,11199638,12497164,-120,216,-449,g5/117mA/117mA g5/117mA/117mA g4/117mA/117mA g4/117mA/117mA,,,,,,
5.335,HR,155,12178164,14139841,11202752,12500389,-96,228,-450,g5/117mA/117mA g5/117mA/117mA g4/117mA/117mA g4/117mA/117mA,,,,,,
5.335,HR,156,12181720,14140768,11205943,12504417,-96,227,-449,g5/117mA/117mA g5/117mA/117mA g4/117mA/117mA g4/117mA/117mA,,,,,,
5.335,HR,157,12186099,14141528,11209047,12508221,-96,227,-450,g5/117mA/117mA g5/117mA/117mA g4/117mA/117mA g4/117mA/117mA,,,,,,
5.335,HR,158,12189255,14143849,11211667,12512727,-96,227,-450,g5/117mA/117mA g5/117mA/117mA g4/117mA/117mA g4/117mA/117mA,,,,,,
5.335,HR,159,12193792,14145632,11214943,12516745,-96,227,-450,g5/117mA/117mA g5/117mA/117mA g4/117mA/117mA g4/117mA/117mA,,,,,,
5.396,HR,160,12197606,14146921,11218440,12521000,-96,227,-450,g5/117mA/117mA g5/117mA/117mA g4/117mA/117mA g4/117mA/117mA,,,,,,
5.396,HR,161,12190705,14139703,11216615,12519566,-96,227,-450,g5/117mA/117mA g5/117mA/117mA g4/117mA/117mA g4/117mA/117mA,,,,,,
5.396,HR,162,12173439,14119219,11208262,12508254,-96,227,-450,g5/117mA/117mA g5/117mA/117mA g4/117mA/117mA g4/117mA/117mA,,,,,,
5.396,HR,163,12160599,14100579,11202087,12497591,-96,227,-450,g5/117mA/117mA g5/117mA/117mA g4/117mA/117mA g4/117mA/117mA,,,,,,
5.396,HR,164,12154446,14089983,11199153,12492473,-96,227,-450,g5/117mA/117mA g5/117mA/117mA g4/117mA/117mA g4/117mA/117mA,,,,,,
5.396,HR,165,12152093,14082936,11198682,12489861,-96,226,-450,g5/117mA/117mA g5/117mA/117mA g4/117mA/117mA g4/117mA/117mA,,,,,,
5.422,HR,166,12150198,14077560,11198486,12488734,-96,226,-450,g5/117mA/117mA g5/117mA/117mA g4/117mA/117mA g4/117mA/117mA,,,,,,
5.422,HR,167,12149038,14072118,11198845,12487984,-96,226,-450,g5/117mA/117mA g5/117mA/117mA g4/117mA/117mA g4/117mA/117mA,,,,,,
5.422,HR,168,12148662,14068767,11199740,12488052,-96,226,-450,g5/117mA/117mA g5/117mA/117mA g4/117mA/117mA g4/117mA/117mA,,,,,,
5.422,HR,169,12148595,14065404,11201079,12488489,-96,226,-450,g5/117mA/117mA g5/117mA/117mA g4/117mA/117mA g4/117mA/117mA,,,,,,
5.422,HR,170,12148031,14060713,11201489,12488113,-96,226,-451,g5/117mA/117mA g5/117mA/117mA g4/117mA/117mA g4/117mA/117mA,,,,,,
5.422,HR,171,12146087,14056718,11201439,12487780,-96,226,-451,g5/117mA/117mA g5/117mA/117mA g4/117mA/117mA g4/117mA/117mA,,,,,,
5.456,HR,172,12145865,14053306,11202162,12488191,-96,226,-451,g5/117mA/117mA g5/117mA/117mA g4/117mA/117mA g4/117mA/117mA,,,,,,
5.456,HR,173,12146760,14050610,11203442,12489622,-96,226,-450,g5/117mA/117mA g5/117mA/117mA g4/117mA/117mA g4/117mA/117mA,,,,,,
5.457,HR,174,12148550,14049843,11205798,12491660,-96,226,-450,g5/117mA/117mA g5/117mA/117mA g4/117mA/117mA g4/117mA/117mA,,,,,,
5.457,HR,175,12151051,14050406,11208135,12494614,-95,227,-450,g5/117mA/117mA g5/117mA/117mA g4/117mA/117mA g4/117mA/117mA,,,,,,
5.457,HR,176,12154251,14051106,11210710,12497609,-95,227,-451,g5/117mA/117mA g5/117mA/117mA g4/117mA/117mA g4/117mA/117mA,64,96,0,1,0,0
5.531,HR,177,12157296,14051977,11213544,12500440,-95,227,-451,g5/117mA/117mA g5/117mA/117mA g4/117mA/117mA g4/117mA/117mA,,,,,,
5.531,HR,178,12160282,14053092,11216230,12503374,-95,227,-451,g5/117mA/117mA g5/117mA/117mA g4/117mA/117mA g4/117mA/117mA,,,,,,
5.531,HR,179,12163303,14054297,11218910,12506872,-95,227,-451,g5/117mA/117mA g5/117mA/117mA g4/117mA/117mA g4/117mA/117mA,,,,,,
5.531,HR,180,12166074,14055533,11221273,12509840,-95,227,-451,g5/117mA/117mA g5/117mA/117mA g4/117mA/117mA g4/117mA/117mA,,,,,,
5.531,HR,181,12169606,14057001,11224225,12512826,-95,227,-451,g5/117mA/117mA g5/117mA/117mA g4/117mA/117mA g4/117mA/117mA,,,,,,
5.531,HR,182,12173198,14058237,11227263,12515891,-95,227,-452,g5/117mA/117mA g5/117mA/117mA g4/117mA/117mA g4/117mA/117mA,,,,,,
5.541,HR,183,12177046,14060038,11230275,12519294,-95,227,-452,g5/117mA/117mA g5/117mA/117mA g4/117mA/117mA g4/117mA/117mA,,,,,,
5.541,HR,184,12181653,14062315,11233422,12522894,-95,227,-452,g5/117mA/117mA g5/117mA/117mA g4/117mA/117mA g4/117mA/117mA,,,,,,
5.541,HR,185,12185704,14064430,11236764,12526511,-95,227,-451,g5/117mA/117mA g5/117mA/117mA g4/117mA/117mA g4/117mA/117mA,,,,,,
5.541,HR,186,12189571,14067479,11239674,12530565,-95,227,-450,g5/117mA/117mA g5/117mA/117mA g4/117mA/117mA g4/117mA/117mA,,,,,,
5.541,HR,187,12193544,14070360,11242542,12534189,-96,226,-450,g5/117mA/117mA g5/117mA/117mA g4/117mA/117mA g4/117mA/117mA,,,,,,
5.541,HR,188,12197666,14073388,11246167,12537977,-98,225,-450,g5/117mA/117mA g5/117mA/117mA g4/117mA/117mA g4/117mA/117mA,,,,,,
5.579,HRV,155,12178164,14139841,11202752,12500389,-96,228,-450,g5/117mA/117mA g5/117mA/117mA g4/117mA/117mA g4/117mA/117mA,,,,,,
5.579,HRV,156,12181720,14140768,11205943,12504417,-96,227,-449,g5/117mA/117mA g5/117mA/117mA g4/117mA/117mA g4/117mA/117mA,,,,,,
5.579,HRV,157,12186099,14141528,11209047,12508221,-96,227,-450,g5/117mA/117mA g5/117mA/117mA g4/117mA/117mA g4/117mA/117mA,,,,,,
5.579,HRV,158,12189255,14143849,11211667,12512727,-96,227,-450,g5/117mA/117mA g5/117mA/117mA g4/117mA/117mA g4/117mA/117mA,,,,,,
5.579,HRV,159,12193792,14145632,11214943,12516745,-96,227,-450,g5/117mA/117mA g5/117mA/117mA g4/117mA/117mA g4/117mA/117mA,,,,,,
5.638,HRV,160,12197606,14146921,11218440,12521000,-96,227,-450,g5/117mA/117mA g5/117mA/117mA g4/117mA/117mA g4/117mA/117mA,,,,,,
5.639,HRV,161,12190705,14139703,11216615,12519566,-96,227,-450,g5/117mA/117mA g5/117mA/117mA g4/117mA/117mA g4/117mA/117mA,,,,,,
5.639,HRV,162,12173439,14119219,11208262,12508254,-96,227,-450,g5/117mA/117mA g5/117mA/117mA g4/117mA/117mA g4/117mA/117mA,,,,,,
5.639,HRV,163,12160599,14100579,11202087,12497591,-96,227,-450,g5/117mA/117mA g5/117mA/117mA g4/117mA/117mA g4/117mA/117mA,,,,,,
5.639,HRV,164,12154446,14089983,11199153,12492473,-96,227,-450,g5/117mA/117mA g5/117mA/117mA g4/117mA/117mA g4/117mA/117mA,,,,,,
5.639,HRV,165,12152093,14082936,11198682,12489861,-96,226,-450,g5/117mA/117mA g5/117mA/117mA g4/117mA/117mA g4/117mA/117mA,,,,,,
5.722,HRV,166,12150198,14077560,11198486,12488734,-96,226,-450,g5/117mA/117mA g5/117mA/117mA g4/117mA/117mA g4/117mA/117mA,,,,,,
5.722,HRV,167,12149038,14072118,11198845,12487984,-96,226,-450,g5/117mA/117mA g5/117mA/117mA g4/117mA/117mA g4/117mA/117mA,,,,,,
5.722,HRV,168,12148662,14068767,11199740,12488052,-96,226,-450,g5/117mA/117mA g5/117mA/117mA g4/117mA/117mA g4/117mA/117mA,,,,,,
5.722,HRV,169,12148595,14065404,11201079,12488489,-96,226,-450,g5/117mA/117mA g5/117mA/117mA g4/117mA/117mA g4/117mA/117mA,,,,,,
5.722,HRV,170,12148031,14060713,11201489,12488113,-96,226,-451,g5/117mA/117mA g5/117mA/117mA g4/117mA/117mA g4/117mA/117mA,,,,,,
5.722,HRV,171,12146087,14056718,11201439,12487780,-96,226,-451,g5/117mA/117mA g5/117mA/117mA g4/117mA/117mA g4/117mA/117mA,,,,,,
5.813,HRV,172,12145865,14053306,11202162,12488191,-96,226,-451,g5/117mA/117mA g5/117mA/117mA g4/117mA/117mA g4/117mA/117mA,,,,,,
5.813,HRV,173,12146760,14050610,11203442,12489622,-96,226,-450,g5/117mA/117mA g5/117mA/117mA g4/117mA/117mA g4/117mA/117mA,,,,,,
5.813,HRV,174,12148550,14049843,11205798,12491660,-96,226,-450,g5/117mA/117mA g5/117mA/117mA g4/117mA/117mA g4/117mA/117mA,,,,,,
5.813,HRV,175,12151051,14050406,11208135,12494614,-95,227,-450,g5/117mA/117mA g5/117mA/117mA g4/117mA/117mA g4/117mA/117mA,,,,,,
5.813,HRV,176,12154251,14051106,11210710,12497609,-95,227,-451,g5/117mA/117mA g5/117mA/117mA g4/117mA/117mA g4/117mA/117mA,802,0,0,0,20,1
5.819,HRV,177,12157296,14051977,11213544,12500440,-95,227,-451,g5/117mA/117mA g5/117mA/117mA g4/117mA/117mA g4/117mA/117mA,,,,,,
5.819,HRV,178,12160282,14053092,11216230,12503374,-95,227,-451,g5/117mA/117mA g5/117mA/117mA g4/117mA/117mA g4/117mA/117mA,,,,,,
5.819,HRV,179,12163303,14054297,11218910,12506872,-95,227,-451,g5/117mA/117mA g5/117mA/117mA g4/117mA/117mA g4/117mA/117mA,,,,,,
5.819,HRV,180,12166074,14055533,11221273,12509840,-95,227,-451,g5/117mA/117mA g5/117mA/117mA g4/117mA/117mA g4/117mA/117mA,,,,,,
5.819,HRV,181,12169606,14057001,11224225,12512826,-95,227,-451,g5/117mA/117mA g5/117mA/117mA g4/117mA/117mA g4/117mA/117mA,,,,,,
5.819,HRV,182,12173198,14058237,11227263,12515891,-95,227,-452,g5/117mA/117mA g5/117mA/117mA g4/117mA/117mA g4/117mA/117mA,,,,,,
5.904,HRV,183,12177046,14060038,11230275,12519294,-95,227,-452,g5/117mA/117mA g5/117mA/117mA g4/117mA/117mA g4/117mA/117mA,,,,,,
5.904,HRV,184,12181653,14062315,11233422,12522894,-95,227,-452,g5/117mA/117mA g5/117mA/117mA g4/117mA/117mA g4/117mA/117mA,,,,,,
5.904,HRV,185,12185704,14064430,11236764,12526511,-95,227,-451,g5/117mA/117mA g5/117mA/117mA g4/117mA/117mA g4/117mA/117mA,,,,,,
5.904,HRV,186,12189571,14067479,11239674,12530565,-95,227,-450,g5/117mA/117mA g5/117mA/117mA g4/117mA/117mA g4/117mA/117mA,,,,,,
5.904,HRV,187,12193544,14070360,11242542,12534189,-96,226,-450,g5/117mA/117mA g5/117mA/117mA g4/117mA/117mA g4/117mA/117mA,,,,,,
5.904,HRV,188,12197666,14073388,11246167,12537977,-98,225,-450,g5/117mA/117mA g5/117mA/117mA g4/117mA/117mA g4/117mA/117mA,,,,,,
6.296,HR,189,12202145,14075206,11249298,12541450,-95,227,-450,g5/117mA/117mA g5/117mA/117mA g4/117mA/117mA g4/117mA/117mA,,,,,,
6.296,HR,190,12202306,14075387,11250647,12543233,-95,227,-450,g5/117mA/117mA g5/117mA/117mA g4/117mA/117mA g4/117mA/117mA,,,,,,
6.296,HR,191,12189168,14061078,11245492,12534805,-95,227,-450,g5/117mA/117mA g5/117mA/117mA g4/117mA/117mA g4/117mA/117mA,,,,,,
6.296,HR,192,12178708,14045033,11240879,12524473,-95,227,-451,g5/117mA/117mA g5/117mA/117mA g4/117mA/117mA g4/117mA/117mA,,,,,,
6.296,HR,193,12173368,14034206,11239180,12518185,-95,227,-451,g5/117mA/117mA g5/117mA/117mA g4/117mA/117mA g4/117mA/117mA,,,,,,
6.354,HR,194,12171655,14028233,11239444,12514695,-95,227,-451,g5/117mA/117mA g5/117mA/117mA g4/117mA/117mA g4/117mA/117mA,,,,,,
6.354,HR,195,12171278,14025273,11239802,12513886,-95,227,-451,g5/117mA/117mA g5/117mA/117mA g4/117mA/117mA g4/117mA/117mA,,,,,,
6.354,HR,196,12171851,14023643,11241049,12513142,-95,227,-451,g5/117mA/117mA g5/117mA/117mA g4/117mA/117mA g4/117mA/117mA,,,,,,
6.354,HR,197,12173029,14022858,11242703,12513433,-95,227,-451,g5/117mA/117mA g5/117mA/117mA g4/117mA/117mA g4/117mA/117mA,,,,,,
6.354,HR,198,12174273,14022739,11244016,12514354,-95,227,-450,g5/117mA/117mA g5/117mA/117mA g4/117mA/117mA g4/117mA/117mA,,,,,,
6.355,HR,199,12175263,14021672,11245067,12515011,-95,227,-450,g5/117mA/117mA g5/117mA/117mA g4/117mA/117mA g4/117mA/117mA,,,,,,
6.447,HR,200,12174862,14020915,11245800,12515182,-95,227,-450,g5/117mA/117mA g5/117mA/117mA g4/117mA/117mA g4/117mA/117mA,,,,,,
6.447,HR,201,12175408,14020657,11246561,12515344,-94,227,-451,g5/117mA/117mA g5/117mA/117mA g4/117mA/117mA g4/117mA/117mA,63,96,0,1,0,0
6.447,HR,202,12176859,14020554,11248199,12516223,-94,227,-451,g5/117mA/117mA g5/117mA/117mA g4/117mA/117mA g4/117mA/117mA,,,,,,
6.447,HR,203,12179596,14022132,11250211,12517503,-94,227,-451,g5/117mA/117mA g5/117mA/117mA g4/117mA/117mA g4/117mA/117mA,,,,,,
6.447,HR,204,12183043,14024684,11252029,12520088,-94,227,-451,g5/117mA/117mA g5/117mA/117mA g4/117mA/117mA g4/117mA/117mA,,,,,,
6.532,HR,205,12186405,14028489,11254008,12522749,-95,227,-450,g5/117mA/117mA g5/117mA/117mA g4/117mA/117mA g4/117mA/117mA,,,,,,
6.532,HR,206,12190652,14032866,11256551,12525718,-95,228,-450,g5/117mA/117mA g5/117mA/117mA g4/117mA/117mA g4/117mA/117mA,,,,,,
6.532,HR,207,12194305,14036184,11258896,12528790,-94,227,-450,g5/117mA/117mA g5/117mA/117mA g4/117mA/117mA g4/117mA/117mA,,,,,,
6.532,HR,208,12197649,14040756,11260125,12531588,-94,227,-450,g5/117mA/117mA g5/117mA/117mA g4/117mA/117mA g4/117mA/117mA,,,,,,
6.532,HR,209,12200533,14044751,11262206,12535060,-94,227,-451,g5/117mA/117mA g5/117mA/117mA g4/117mA/117mA g4/117mA/117mA,,,,,,
6.532,HR,210,12203740,14049127,11263870,12538157,-94,227,-451,g5/117mA/117mA g5/117mA/117mA g4/117mA/117mA g4/117mA/117mA,,,,,,
6.537,HR,211,12207818,14053461,11265943,12541707,-94,227,-450,g5/117mA/117mA g5/117mA/117mA g4/117mA/117mA g4/117mA/117mA,,,,,,
6.537,HR,212,12211863,14058306,11267999,12544795,-94,227,-450,g5/117mA/117mA g5/117mA/117mA g4/117mA/117mA g4/117mA/117mA,,,,,,
6.537,HR,213,12215881,14063247,11270114,12548556,-94,227,-450,g5/117mA/117mA g5/117mA/117mA g4/117mA/117mA g4/117mA/117mA,,,,,,
6.537,HR,214,12219873,14069057,11272110,12552405,-94,227,-450,g5/117mA/117mA g5/117mA/117mA g4/117mA/117mA g4/117mA/117mA,,,,,,
6.537,HR,215,12224165,14074618,11274057,12556278,-94,227,-450,g5/117mA/117mA g5/117mA/117mA g4/117mA/117mA g4/117mA/117mA,,,,,,
6.661,HR,216,12228472,14080196,11276181,12560500,-94,227,-451,g5/117mA/117mA g5/117mA/117mA g4/117mA/117mA g4/117mA/117mA,,,,,,
6.661,HR,217,12233353,14085708,11278425,12564048,-94,227,-451,g5/117mA/117mA g5/117mA/117mA g4/117mA/117mA g4/117mA/117mA,,,,,,
6.661,HR,218,12237984,14091048,11280676,12567761,-96,227,-450,g5/117mA/117mA g5/117mA/117mA g4/117mA/117mA g4/117mA/117mA,,,,,,
6.661,HR,219,12239562,14095393,11281701,12570695,-98,227,-450,g5/117mA/117mA g5/117mA/117mA g4/117mA/117mA g4/117mA/117mA,,,,,,
6.661,HR,220,12231254,14089334,11277579,12566386,-95,226,-450,g5/117mA/117mA g5/117mA/117mA g4/117mA/117mA g4/117mA/117mA,,,,,,
6.661,HR,221,12222944,14079337,11273688,12558180,-94,226,-451,g5/117mA/117mA g5/117mA/117mA g4/117mA/117mA g4/117mA/117mA,,,,,,
6.661,HR,222,12219216,14072716,11272648,12552549,-90,163,-467,g5/117mA/117mA g5/117mA/117mA g4/117mA/117mA g4/117mA/117mA,,,,,,
6.662,HRV,189,12202145,14075206,11249298,12541450,-95,227,-450,g5/117mA/117mA g5/117mA/117mA g4/117mA/117mA g4/117mA/117mA,,,,,,
6.662,HRV,190,12202306,14075387,11250647,12543233,-95,227,-450,g5/117mA/117mA g5/117mA/117mA g4/117mA/117mA g4/117mA/117mA,,,,,,
6.662,HRV,191,12189168,14061078,11245492,12534805,-95,227,-450,g5/117mA/117mA g5/117mA/117mA g4/117mA/117mA g4/117mA/117mA,,,,,,
6.662,HRV,192,12178708,14045033,11240879,12524473,-95,227,-451,g5/117mA/117mA g5/117mA/117mA g4/117mA/117mA g4/117mA/117mA,,,,,,
6.662,HRV,193,12173368,14034206,11239180,12518185,-95,227,-451,g5/117mA/117mA g5/117mA/117mA g4/117mA/117mA g4/117mA/117mA,,,,,,
6.741,HRV,194,12171655,14028233,11239444,12514695,-95,227,-451,g5/117mA/117mA g5/117mA/117mA g4/117mA/117mA g4/117mA/117mA,,,,,,
6.741,HRV,195,12171278,14025273,11239802,12513886,-95,227,-451,g5/117mA/117mA g5/117mA/117mA g4/117mA/117mA g4/117mA/117mA,,,,,,
6.741,HRV,196,12171851,14023643,11241049,12513142,-95,227,-451,g5/117mA/117mA g5/117mA/117mA g4/117mA/117mA g4/117mA/117mA,,,,,,
6.741,HRV,197,12173029,14022858,11242703,12513433,-95,227,-451,g5/117mA/117mA g5/117mA/117mA g4/117mA/117mA g4/117mA/117mA,,,,,,
6.741,HRV,198,12174273,14022739,11244016,12514354,-95,227,-450,g5/117mA/117mA g5/117mA/117mA g4/117mA/117mA g4/117mA/117mA,,,,,,
6.741,HRV,199,12175263,14021672,11245067,12515011,-95,227,-450,g5/117mA/117mA g5/117mA/117mA g4/117mA/117mA g4/117mA/117mA,,,,,,
6.777,HRV,205,12178625,14025477,11247046,12517672,-95,227,-450,g5/117mA/117mA g5/117mA/117mA g4/117mA/117mA g4/117mA/117mA,,,,,,
6.777,HRV,206,12182872,14029854,11249589,12520641,-95,228,-450,g5/117mA/117mA g5/117mA/117mA g4/117mA/117mA g4/117mA/117mA,,,,,,
6.777,HRV,207,12186525,14033172,11251934,12523713,-94,227,-450,g5/117mA/117mA g5/117mA/117mA g4/117mA/117mA g4/117mA/117mA,,,,,,
6.777,HRV,208,12189869,14037744,11253163,12526511,-94,227,-450,g5/117mA/117mA g5/117mA/117mA g4/117mA/117mA g4/117mA/117mA,,,,,,
6.777,HRV,209,12192753,14041739,11255244,12529983,-94,227,-451,g5/117mA/117mA g5/117mA/117mA g4/117mA/117mA g4/117mA/117mA,,,,,,
6.777,HRV,210,12195960,14046115,11256908,12533080,-94,227,-451,g5/117mA/117mA g5/117mA/117mA g4/117mA/117mA g4/117mA/117mA,,,,,,
6.832,HRV,211,12207818,14053461,11265943,12541707,-94,227,-450,g5/117mA/117mA g5/117mA/117mA g4/117mA/117mA g4/117mA/117mA,,,,,,
6.833,HRV,212,12211863,14058306,11267999,12544795,-94,227,-450,g5/117mA/117mA g5/117mA/117mA g4/117mA/117mA g4/117mA/117mA,,,,,,
6.833,HRV,213,12215881,14063247,11270114,12548556,-94,227,-450,g5/117mA/117mA g5/117mA/117mA g4/117mA/117mA g4/117mA/117mA,,,,,,
6.833,HRV,214,12219873,14069057,11272110,12552405,-94,227,-450,g5/117mA/117mA g5/117mA/117mA g4/117mA/117mA g4/117mA/117mA,,,,,,
6.833,HRV,215,12224165,14074618,11274057,12556278,-94,227,-450,g5/117mA/117mA g5/117mA/117mA g4/117mA/117mA g4/117mA/117mA,,,,,,
6.866,HRV,216,12228472,14080196,11276181,12560500,-94,227,-451,g5/117mA/117mA g5/117mA/117mA g4/117mA/117mA g4/117mA/117mA,,,,,,
6.866,HRV,217,12233353,14085708,11278425,12564048,-94,227,-451,g5/117mA/117mA g5/117mA/117mA g4/117mA/117mA g4/117mA/117mA,,,,,,
6.866,HRV,218,12237984,14091048,11280676,12567761,-96,227,-450,g5/117mA/117mA g5/117mA/117mA g4/117mA/117mA g4/117mA/117mA,,,,,,
6.866,HRV,219,12239562,14095393,11281701,12570695,-98,227,-450,g5/117mA/117mA g5/117mA/117mA g4/117mA/117mA g4/117mA/117mA,,,,,,
6.866,HRV,220,12231254,14089334,11277579,12566386,-95,226,-450,g5/117mA/117mA g5/117mA/117mA g4/117mA/117mA g4/117mA/117mA,,,,,,
6.866,HRV,221,12222944,14079337,11273688,12558180,-94,226,-451,g5/117mA/117mA g5/117mA/117mA g4/117mA/117mA g4/117mA/117mA,,,,,,
6.891,HRV,222,12219216,14072716,11272648,12552549,-90,163,-467,g5/117mA/117mA g5/117mA/117mA g4/117mA/117mA g4/117mA/117mA,,,,,,
7.198,HR,223,12219394,14070634,11272732,12550202,-94,228,-450,g5/117mA/117mA g5/117mA/117mA g4/117mA/117mA g4/117mA/117mA,,,,,,
7.198,HR,224,12221375,14071734,11273860,12550153,-94,228,-450,g5/117mA/117mA g5/117mA/117mA g4/117mA/117mA g4/117mA/117mA,,,,,,
7.198,HR,225,12223404,14074397,11274576,12550817,-94,227,-450,g5/117mA/117mA g5/117mA/117mA g4/117mA/117mA g4/117mA/117mA,,,,,,
7.198,HR,226,12225708,14076682,11275660,12552149,-94,227,-450,g5/117mA/117mA g5/117mA/117mA g4/117mA/117mA g4/117mA/117mA,62,96,0,1,0,0
7.198,HR,227,12228728,14079677,11277126,12553701,-94,227,-450,g5/117mA/117mA g5/117mA/117mA g4/117mA/117mA g4/117mA/117mA,,,,,,
7.257,HR,228,12229983,14081408,11278098,12554785,-94,228,-450,g5/117mA/117mA g5/117mA/117mA g4/117mA/117mA g4/117mA/117mA,,,,,,
7.257,HR,229,12231952,14082125,11278543,12554998,-95,227,-450,g5/117mA/117mA g5/117mA/117mA g4/117mA/117mA g4/117mA/117mA,,,,,,
7.257,HR,230,12232824,14083517,11279107,12555485,-95,227,-450,g5/117mA/117mA g5/117mA/117mA g4/117mA/117mA g4/117mA/117mA,,,,,,
7.257,HR,231,12234820,14084651,11280087,12556234,-94,227,-450,g5/117mA/117mA g5/117mA/117mA g4/117mA/117mA g4/117mA/117mA,,,,,,
7.257,HR,232,12237857,14087953,11281426,12557737,-94,227,-450,g5/117mA/117mA g5/117mA/117mA g4/117mA/117mA g4/117mA/117mA,,,,,,
7.257,HR,233,12241754,14091722,11283295,12560671,-95,227,-450,g5/117mA/117mA g5/117mA/117mA g4/117mA/117mA g4/117mA/117mA,,,,,,
7.343,HR,234,12246088,14096483,11285222,12563656,-95,227,-450,g5/117mA/117mA g5/117mA/117mA g4/117mA/117mA g4/117mA/117mA,,,,,,
7.343,HR,235,12250372,14101432,11286931,12566386,-95,227,-451,g5/117mA/117mA g5/117mA/117mA g4/117mA/117mA g4/117mA/117mA,,,,,,
7.343,HR,236,12253803,14106227,11288312,12569322,-95,227,-450,g5/117mA/117mA g5/117mA/117mA g4/117mA/117mA g4/117mA/117mA,,,,,,
7.343,HR,237,12257335,14110423,11289702,12572622,-95,227,-450,g5/117mA/117mA g5/117mA/117mA g4/117mA/117mA g4/117mA/117mA,,,,,,
7.343,HR,238,12260302,14114809,11291025,12576036,-95,227,-450,g5/117mA/117mA g5/117mA/117mA g4/117mA/117mA g4/117mA/117mA,,,,,,
7.616,HR,245,12287109,14148694,11301971,12598609,-93,228,-450,g5/117mA/117mA g5/117mA/117mA g4/117mA/117mA g4/117mA/117mA,,,,,,
7.616,HR,246,12291331,14153028,11304154,12601628,-94,228,-451,g5/117mA/117mA g5/117mA/117mA g4/117mA/117mA g4/117mA/117mA,,,,,,
7.616,HR,247,12291827,14155435,11304614,12603251,-94,228,-451,g5/117mA/117mA g5/117mA/117mA g4/117mA/117mA g4/117mA/117mA,,,,,,
7.616,HR,248,12282782,14146417,11300009,12597125,-95,228,-450,g5/117mA/117mA g5/117mA/117mA g4/117mA/117mA g4/117mA/117mA,,,,,,
7.616,HR,249,12275523,14135693,11296884,12589216,-95,228,-450,g5/117mA/117mA g5/117mA/117mA g4/117mA/117mA g4/117mA/117mA,,,,,,
7.677,HR,250,12272809,14129509,11295649,12584046,-94,228,-450,g5/117mA/117mA g5/117mA/117mA g4/117mA/117mA g4/117mA/117mA,,,,,,
7.677,HR,251,12273509,14127051,11296529,12581564,-94,228,-450,g5/117mA/117mA g5/117mA/117mA g4/117mA/117mA g4/117mA/117mA,62,96,0,1,0,0
7.677,HR,252,12276129,14126573,11298131,12581470,-93,228,-450,g5/117mA/117mA g5/117mA/117mA g4/117mA/117mA g4/117mA/117mA,,,,,,
7.677,HR,253,12278431,14127084,11299497,12581829,-93,229,-450,g5/117mA/117mA g5/117mA/117mA g4/117mA/117mA g4/117mA/117mA,,,,,,
7.677,HR,254,12282278,14128766,11301108,12583474,-93,229,-450,g5/117mA/117mA g5/117mA/117mA g4/117mA/117mA g4/117mA/117mA,,,,,,
7.731,HR,255,12284335,14129976,11302498,12584856,-94,228,-450,g5/117mA/117mA g5/117mA/117mA g4/117mA/117mA g4/117mA/117mA,,,,,,
7.731,HR,0,12285759,14129916,11303531,12585642,-90,164,-466,g5/117mA/117mA g5/117mA/117mA g4/117mA/117mA g4/117mA/117mA,,,,,,
7.857,HRV,223,12219394,14070634,11272732,12550202,-94,228,-450,g5/117mA/117mA g5/117mA/117mA g4/117mA/117mA g4/117mA/117mA,,,,,,
7.857,HRV,224,12221375,14071734,11273860,12550153,-94,228,-450,g5/117mA/117mA g5/117mA/117mA g4/117mA/117mA g4/117mA/117mA,,,,,,
7.857,HRV,225,12223404,14074397,11274576,12550817,-94,227,-450,g5/117mA/117mA g5/117mA/117mA g4/117mA/117mA g4/117mA/117mA,,,,,,
7.857,HRV,226,12225708,14076682,11275660,12552149,-94,227,-450,g5/117mA/117mA g5/117mA/117mA g4/117mA/117mA g4/117mA/117mA,784,784,0,0,30,2
7.871,HRV,227,12228728,14079677,11277126,12553701,-94,227,-450,g5/117mA/117mA g5/117mA/117mA g4/117mA/117mA g4/117mA/117mA,,,,,,
7.871,HRV,228,12229983,14081408,11278098,12554785,-94,228,-450,g5/117mA/117mA g5/117mA/117mA g4/117mA/117mA g4/117mA/117mA,,,,,,
7.871,HRV,229,12231952,14082125,11278543,12554998,-95,227,-450,g5/117mA/117mA g5/117mA/117mA g4/117mA/117mA g4/117mA/117mA,,,,,,
7.871,HRV,230,12232824,14083517,11279107,12555485,-95,227,-450,g5/117mA/117mA g5/117mA/117mA g4/117mA/117mA g4/117mA/117mA,,,,,,
7.871,HRV,231,12234820,14084651,11280087,12556234,-94,227,-450,g5/117mA/117mA g5/117mA/117mA g4/117mA/117mA g4/117mA/117mA,,,,,,
7.871,HRV,232,12237857,14087953,11281426,12557737,-94,227,-450,g5/117mA/117mA g5/117mA/117mA g4/117mA/117mA g4/117mA/117mA,,,,,,
7.976,HRV,233,12241754,14091722,11283295,12560671,-95,227,-450,g5/117mA/117mA g5/117mA/117mA g4/117mA/117mA g4/117mA/117mA,,,,,,
7.976,HRV,234,12246088,14096483,11285222,12563656,-95,227,-450,g5/117mA/117mA g5/117mA/117mA g4/117mA/117mA g4/117mA/117mA,,,,,,
7.976,HRV,235,12250372,14101432,11286931,12566386,-95,227,-451,g5/117mA/117mA g5/117mA/117mA g4/117mA/117mA g4/117mA/117mA,,,,,,
7.976,HRV,236,12253803,14106227,11288312,12569322,-95,227,-450,g5/117mA/117mA g5/117mA/117mA g4/117mA/117mA g4/117mA/117mA,,,,,,
7.976,HRV,237,12257335,14110423,11289702,12572622,-95,227,-450,g5/117mA/117mA g5/117mA/117mA g4/117mA/117mA g4/117mA/117mA,,,,,,
8.036,HRV,238,12260302,14114809,11291025,12576036,-95,227,-450,g5/117mA/117mA g5/117mA/117mA g4/117mA/117mA g4/117mA/117mA,,,,,,
8.036,HRV,239,12262930,14119526,11292424,12578707,-95,227,-451,g5/117mA/117mA g5/117mA/117mA g4/117mA/117mA g4/117mA/117mA,,,,,,
8.036,HRV,240,12267094,14123843,11293686,12581940,-95,227,-451,g5/117mA/117mA g5/117mA/117mA g4/117mA/117mA g4/117mA/117mA,,,,,,
8.036,HRV,241,12271146,14128441,11295145,12585308,-95,227,-450,g5/117mA/117mA g5/117mA/117mA g4/117mA/117mA g4/117mA/117mA,,,,,,
8.036,HRV,242,12275070,14133448,11296808,12588535,-94,227,-450,g5/117mA/117mA g5/117mA/117mA g4/117mA/117mA g4/117mA/117mA,,,,,,
8.036,HRV,243,12279208,14139123,11298532,12592168,-93,228,-450,g5/117mA/117mA g5/117mA/117mA g4/117mA/117mA g4/117mA/117mA,,,,,,
8.037,HRV,244,12282996,14144267,11300137,12595350,-93,228,-450,g5/117mA/117mA g5/117mA/117mA g4/117mA/117mA g4/117mA/117mA,,,,,,
8.037,HRV,245,12287109,14148694,11301971,12598609,-93,228,-450,g5/117mA/117mA g5/117mA/117mA g4/117mA/117mA g4/117mA/117mA,,,,,,
8.037,HRV,246,12291331,14153028,11304154,12601628,-94,228,-451,g5/117mA/117mA g5/117mA/117mA g4/117mA/117mA g4/117mA/117mA,,,,,,
8.037,HRV,247,12291827,14155435,11304614,12603251,-94,228,-451,g5/117mA/117mA g5/117mA/117mA g4/117mA/117mA g4/117mA/117mA,,,,,,
8.037,HRV,248,12282782,14146417,11300009,12597125,-95,228,-450,g5/117mA/117mA g5/117mA/117mA g4/117mA/117mA g4/117mA/117mA,,,,,,
8.099,HRV,249,12275523,14135693,11296884,12589216,-95,228,-450,g5/117mA/117mA g5/117mA/117mA g4/117mA/117mA g4/117mA/117mA,,,,,,
8.099,HRV,250,12272809,14129509,11295649,12584046,-94,228,-450,g5/117mA/117mA g5/117mA/117mA g4/117mA/117mA g4/117mA/117mA,,,,,,
8.099,HRV,251,12273509,14127051,11296529,12581564,-94,228,-450,g5/117mA/117mA g5/117mA/117mA g4/117mA/117mA g4/117mA/117mA,787,0,0,0,30,1
8.099,HRV,252,12276129,14126573,11298131,12581470,-93,228,-450,g5/117mA/117mA g5/117mA/117mA g4/117mA/117mA g4/117mA/117mA,,,,,,
8.099,HRV,253,12278431,14127084,11299497,12581829,-93,229,-450,g5/117mA/117mA g5/117mA/117mA g4/117mA/117mA g4/117mA/117mA,,,,,,
8.099,HRV,254,12282278,14128766,11301108,12583474,-93,229,-450,g5/117mA/117mA g5/117mA/117mA g4/117mA/117mA g4/117mA/117mA,,,,,,
8.099,HRV,255,12284335,14129976,11302498,12584856,-94,228,-450,g5/117mA/117mA g5/117mA/117mA g4/117mA/117mA g4/117mA/117mA,,,,,,
8.099,HRV,0,12285759,14129916,11303531,12585642,-90,164,-466,g5/117mA/117mA g5/117mA/117mA g4/117mA/117mA g4/117mA/117mA,,,,,,
8.279,HR,1,12286459,14129039,11304053,12585496,-92,229,-450,g5/117mA/117mA g5/117mA/117mA g4/117mA/117mA g4/117mA/117mA,,,,,,
8.279,HR,2,12287875,14127973,11305058,12585616,-92,229,-450,g5/117mA/117mA g5/117mA/117mA g4/117mA/117mA g4/117mA/117mA,,,,,,
8.279,HR,3,12289471,14128612,11306422,12586528,-93,229,-450,g5/117mA/117mA g5/117mA/117mA g4/117mA/117mA g4/117mA/117mA,,,,,,
8.279,HR,4,12292670,14130395,11308019,12588422,-94,228,-450,g5/117mA/117mA g5/117mA/117mA g4/117mA/117mA g4/117mA/117mA,,,,,,
8.279,HR,5,12296748,14132579,11310244,12590658,-94,228,-450,g5/117mA/117mA g5/117mA/117mA g4/117mA/117mA g4/117mA/117mA,,,,,,
8.303,HR,6,12299913,14136291,11311909,12593122,-94,227,-450,g5/117mA/117mA g5/117mA/117mA g4/117mA/117mA g4/117mA/117mA,,,,,,
8.303,HR,7,12303342,14139661,11313906,12595761,-96,227,-450,g5/117mA/117mA g5/117mA/117mA g4/117mA/117mA g4/117mA/117mA,,,,,,
8.303,HR,8,12306464,14143091,11315414,12598679,-97,227,-450,g5/117mA/117mA g5/117mA/117mA g4/117mA/117mA g4/117mA/117mA,,,,,,
8.303,HR,9,12309229,14145343,11317250,12600743,-95,227,-450,g5/117mA/117mA g5/117mA/117mA g4/117mA/117mA g4/117mA/117mA,,,,,,
8.303,HR,10,12312514,14147722,11319169,12603360,-94,227,-450,g5/117mA/117mA g5/117mA/117mA g4/117mA/117mA g4/117mA/117mA,,,,,,
8.303,HR,11,12315431,14149907,11320909,12605622,-94,228,-450,g5/117mA/117mA g5/117mA/117mA g4/117mA/117mA g4/117mA/117mA,,,,,,
8.338,HR,12,12318307,14152208,11322768,12607890,-94,228,-450,g5/117mA/117mA g5/117mA/117mA g4/117mA/117mA g4/117mA/117mA,,,,,,
8.338,HR,13,12321104,14155126,11324407,12610655,-94,228,-450,g5/117mA/117mA g5/117mA/117mA g4/117mA/117mA g4/117mA/117mA,,,,,,
8.338,HR,14,12324756,14157874,11326770,12613232,-94,228,-450,g5/117mA/117mA g5/117mA/117mA g4/117mA/117mA g4/117mA/117mA,,,,,,
8.338,HR,15,12328722,14160647,11328870,12616441,-94,228,-450,g5/117mA/117mA g5/117mA/117mA g4/117mA/117mA g4/117mA/117mA,,,,,,
8.338,HR,16,12332085,14164476,11330764,12619929,-94,228,-450,g5/117mA/117mA g5/117mA/117mA g4/117mA/117mA g4/117mA/117mA,,,,,,
8.338,HR,17,12334644,14167744,11332622,12623050,-94,228,-450,g5/117mA/117mA g5/117mA/117mA g4/117mA/117mA g4/117mA/117mA,,,,,,
8.454,HR,18,12338739,14170245,11335054,12625389,-94,228,-450,g5/117mA/117mA g5/117mA/117mA g4/117mA/117mA g4/117mA/117mA,,,,,,
8.454,HR,19,12339328,14171381,11336334,12626917,-94,228,-450,g5/117mA/117mA g5/117mA/117mA g4/117mA/117mA g4/117mA/117mA,,,,,,
8.454,HR,20,12329791,14161765,11332103,12621448,-93,228,-450,g5/117mA/117mA g5/117mA/117mA g4/117mA/117mA g4/117mA/117mA,61,97,0,1,0,0
8.454,HR,21,12320524,14147365,11327915,12613199,-93,228,-450,g5/117mA/117mA g5/117mA/117mA g4/117mA/117mA g4/117mA/117mA,,,,,,
8.454,HR,22,12315234,14136810,11326063,12606603,-93,229,-450,g5/117mA/117mA g5/117mA/117mA g4/117mA/117mA g4/117mA/117mA,,,,,,
8.457,HR,23,12313845,14129516,11326233,12602765,-93,229,-450,g5/117mA/117mA g5/117mA/117mA g4/117mA/117mA g4/117mA/117mA,,,,,,
8.457,HR,24,12314374,14125815,11327410,12602083,-94,228,-450,g5/117mA/117mA g5/117mA/117mA g4/117mA/117mA g4/117mA/117mA,,,,,,
8.457,HR,25,12315602,14123784,11327881,12601500,-94,228,-450,g5/117mA/117mA g5/117mA/117mA g4/117mA/117mA g4/117mA/117mA,,,,,,
8.457,HR,26,12317113,14122163,11328980,12602141,-94,228,-450,g5/117mA/117mA g5/117mA/117mA g4/117mA/117mA g4/117mA/117mA,,,,,,
8.457,HR,27,12318691,14122077,11330558,12602532,-94,228,-450,g5/117mA/117mA g5/117mA/117mA g4/117mA/117mA g4/117mA/117mA,,,,,,
8.457,HR,28,12318717,14119749,11331190,12603233,-94,228,-450,g5/117mA/117mA g5/117mA/117mA g4/117mA/117mA g4/117mA/117mA,,,,,,
8.513,HR,29,12318811,14117591,11331530,12602550,-96,229,-450,g5/117mA/117mA g5/117mA/117mA g4/117mA/117mA g4/117mA/117mA,,,,,,
8.514,HR,30,12318273,14114024,11332025,12602080,-100,229,-449,g5/117mA/117mA g5/117mA/117mA g4/117mA/117mA g4/117mA/117mA,,,,,,
8.514,HR,31,12318698,14110508,11332760,12601579,-99,229,-449,g5/117mA/117mA g5/117mA/117mA g4/117mA/117mA g4/117mA/117mA,,,,,,
8.514,HR,32,12319576,14108947,11333920,12601707,-94,227,-451,g5/117mA/117mA g5/117mA/117mA g4/117mA/117mA g4/117mA/117mA,,,,,,
8.515,HR,33,12321684,14108811,11335754,12602184,-91,226,-451,g5/117mA/117mA g5/117mA/117mA g4/117mA/117mA g4/117mA/117mA,,,,,,
8.515,HR,34,12323827,14108965,11337802,12602602,-92,227,-450,g5/117mA/117mA g5/117mA/117mA g4/117mA/117mA g4/117mA/117mA,,,,,,
8.519,HRV,1,12286459,14129039,11304053,12585496,-92,229,-450,g5/117mA/117mA g5/117mA/117mA g4/117mA/117mA g4/117mA/117mA,,,,,,
8.519,HRV,2,12287875,14127973,11305058,12585616,-92,229,-450,g5/117mA/117mA g5/117mA/117mA g4/117mA/117mA g4/117mA/117mA,,,,,,
8.52,HRV,3,12289471,14128612,11306422,12586528,-93,229,-450,g5/117mA/117mA g5/117mA/117mA g4/117mA/117mA g4/117mA/117mA,,,,,,
8.52,HRV,4,12292670,14130395,11308019,12588422,-94,228,-450,g5/117mA/117mA g5/117mA/117mA g4/117mA/117mA g4/117mA/117mA,,,,,,
8.52,HRV,5,12296748,14132579,11310244,12590658,-94,228,-450,g5/117mA/117mA g5/117mA/117mA g4/117mA/117mA g4/117mA/117mA,,,,,,
8.639,HRV,6,12299913,14136291,11311909,12593122,-94,227,-450,g5/117mA/117mA g5/117mA/117mA g4/117mA/117mA g4/117mA/117mA,,,,,,
8.639,HRV,7,12303342,14139661,11313906,12595761,-96,227,-450,g5/117mA/117mA g5/117mA/117mA g4/117mA/117mA g4/117mA/117mA,,,,,,
8.639,HRV,8,12306464,14143091,11315414,12598679,-97,227,-450,g5/117mA/117mA g5/117mA/117mA g4/117mA/117mA g4/117mA/117mA,,,,,,
8.639,HRV,9,12309229,14145343,11317250,12600743,-95,227,-450,g5/117mA/117mA g5/117mA/117mA g4/117mA/117mA g4/117mA/117mA,,,,,,
8.639,HRV,10,12312514,14147722,11319169,12603360,-94,227,-450,g5/117mA/117mA g5/117mA/117mA g4/117mA/117mA g4/117mA/117mA,,,,,,
8.639,HRV,11,12315431,14149907,11320909,12605622,-94,228,-450,g5/117mA/117mA g5/117mA/117mA g4/117mA/117mA g4/117mA/117mA,,,,,,
8.646,HRV,12,12318307,14152208,11322768,12607890,-94,228,-450,g5/117mA/117mA g5/117mA/117mA g4/117mA/117mA g4/117mA/117mA,,,,,,
8.646,HRV,13,12321104,14155126,11324407,12610655,-94,228,-450,g5/117mA/117mA g5/117mA/117mA g4/117mA/117mA g4/117mA/117mA,,,,,,
8.646,HRV,14,12324756,14157874,11326770,12613232,-94,228,-450,g5/117mA/117mA g5/117mA/117mA g4/117mA/117mA g4/117mA/117mA,,,,,,
8.646,HRV,15,12328722,14160647,11328870,12616441,-94,228,-450,g5/117mA/117mA g5/117mA/117mA g4/117mA/117mA g4/117mA/117mA,,,,,,
8.646,HRV,16,12332085,14164476,11330764,12619929,-94,228,-450,g5/117mA/117mA g5/117mA/117mA g4/117mA/117mA g4/117mA/117mA,,,,,,
8.646,HRV,17,12334644,14167744,11332622,12623050,-94,228,-450,g5/117mA/117mA g5/117mA/117mA g4/117mA/117mA g4/117mA/117mA,,,,,,
9.412,HRV,18,12338739,14170245,11335054,12625389,-94,228,-450,g5/117mA/117mA g5/117mA/117mA g4/117mA/117mA g4/117mA/117mA,,,,,,
9.412,HRV,19,12339328,14171381,11336334,12626917,-94,228,-450,g5/117mA/117mA g5/117mA/117mA g4/117mA/117mA g4/117mA/117mA,,,,,,
9.412,HRV,20,12329791,14161765,11332103,12621448,-93,228,-450,g5/117mA/117mA g5/117mA/117mA g4/117mA/117mA g4/117mA/117mA,788,788,0,0,30,2
9.413,HRV,21,12320524,14147365,11327915,12613199,-93,228,-450,g5/117mA/117mA g5/117mA/117mA g4/117mA/117mA g4/117mA/117mA,,,,,,
9.413,HRV,22,12315234,14136810,11326063,12606603,-93,229,-450,g5/117mA/117mA g5/117mA/117mA g4/117mA/117mA g4/117mA/117mA,,,,,,
9.417,HRV,23,12313845,14129516,11326233,12602765,-93,229,-450,g5/117mA/117mA g5/117mA/117mA g4/117mA/117mA g4/117mA/117mA,,,,,,
9.417,HRV,24,12314374,14125815,11327410,12602083,-94,228,-450,g5/117mA/117mA g5/117mA/117mA g4/117mA/117mA g4/117mA/117mA,,,,,,
9.417,HRV,25,12315602,14123784,11327881,12601500,-94,228,-450,g5/117mA/117mA g5/117mA/117mA g4/117mA/117mA g4/117mA/117mA,,,,,,
9.417,HRV,26,12317113,14122163,11328980,12602141,-94,228,-450,g5/117mA/117mA g5/117mA/117mA g4/117mA/117mA g4/117mA/117mA,,,,,,
9.417,HRV,27,12318691,14122077,11330558,12602532,-94,228,-450,g5/117mA/117mA g5/117mA/117mA g4/117mA/117mA g4/117mA/117mA,,,,,,
9.417,HRV,28,12318717,14119749,11331190,12603233,-94,228,-450,g5/117mA/117mA g5/117mA/117mA g4/117mA/117mA g4/117mA/117mA,,,,,,
9.478,HRV,29,12318811,14117591,11331530,12602550,-96,229,-450,g5/117mA/117mA g5/117mA/117mA g4/117mA/117mA g4/117mA/117mA,,,,,,
9.478,HRV,30,12318273,14114024,11332025,12602080,-100,229,-449,g5/117mA/117mA g5/117mA/117mA g4/117mA/117mA g4/117mA/117mA,,,,,,
9.478,HRV,31,12318698,14110508,11332760,12601579,-99,229,-449,g5/117mA/117mA g5/117mA/117mA g4/117mA/117mA g4/117mA/117mA,,,,,,
9.478,HRV,32,12319576,14108947,11333920,12601707,-94,227,-451,g5/117mA/117mA g5/117mA/117mA g4/117mA/117mA g4/117mA/117mA,,,,,,
9.478,HRV,33,12321684,14108811,11335754,12602184,-91,226,-451,g5/117mA/117mA g5/117mA/117mA g4/117mA/117mA g4/117mA/117mA,,,,,,
9.478,HRV,34,12323827,14108965,11337802,12602602,-92,227,-450,g5/117mA/117mA g5/117mA/117mA g4/117mA/117mA g4/117mA/117mA,,,,,,
9.922,HR,35,12326070,14109680,11339781,12603779,-94,228,-451,g5/117mA/117mA g5/117mA/117mA g4/117mA/117mA g4/117mA/117mA,,,,,,
9.922,HR,36,12328416,14111660,11341572,12605597,-91,228,-450,g5/117mA/117mA g5/117mA/117mA g4/117mA/117mA g4/117mA/117mA,,,,,,
9.922,HR,37,12330559,14113606,11343022,12607422,-91,228,-450,g5/117mA/117mA g5/117mA/117mA g4/117mA/117mA g4/117mA/117mA,,,,,,
9.922,HR,38,12332024,14115372,11344378,12609623,-94,228,-450,g5/117mA/117mA g5/117mA/117mA g4/117mA/117mA g4/117mA/117mA,,,,,,
9.922,HR,39,12333995,14117674,11345991,12612062,-94,228,-450,g5/117mA/117mA g5/117mA/117mA g4/117mA/117mA g4/117mA/117mA,,,,,,
9.957,HR,40,12335079,14119832,11346923,12614675,-94,228,-450,g5/117mA/117mA g5/117mA/117mA g4/117mA/117mA g4/117mA/117mA,,,,,,
9.957,HR,41,12337782,14121531,11348678,12617054,-93,229,-451,g5/117mA/117mA g5/117mA/117mA g4/117mA/117mA g4/117mA/117mA,,,,,,
9.957,HR,42,12339778,14124090,11349914,12619905,-92,228,-451,g5/117mA/117mA g5/117mA/117mA g4/117mA/117mA g4/117mA/117mA,,,,,,
9.957,HR,43,12342560,14126862,11351340,12622668,-92,228,-450,g5/117mA/117mA g5/117mA/117mA g4/117mA/117mA g4/117mA/117mA,,,,,,
9.957,HR,44,12345633,14129245,11352910,12625620,-94,228,-450,g5/117mA/117mA g5/117mA/117mA g4/117mA/117mA g4/117mA/117mA,,,,,,
9.982,HR,50,12334961,14120578,11347690,12620042,-94,228,-450,g5/117mA/117mA g5/117mA/117mA g4/117mA/117mA g4/117mA/117mA,,,,,,
9.982,HR,51,12323364,14103821,11341701,12610869,-94,228,-450,g5/117mA/117mA g5/117mA/117mA g4/117mA/117mA g4/117mA/117mA,,,,,,
9.982,HR,52,12316303,14089362,11337512,12603114,-94,228,-450,g5/117mA/117mA g5/117mA/117mA g4/117mA/117mA g4/117mA/117mA,,,,,,
9.982,HR,53,12313000,14078886,11335859,12597945,-94,228,-451,g5/117mA/117mA g5/117mA/117mA g4/117mA/117mA g4/117mA/117mA,,,,,,
9.983,HR,54,12312599,14073562,11335303,12595752,-94,228,-451,g5/117mA/117mA g5/117mA/117mA g4/117mA/117mA g4/117mA/117mA,,,,,,
9.983,HR,55,12312496,14070022,11335020,12594677,-94,228,-450,g5/117mA/117mA g5/117mA/117mA g4/117mA/117mA g4/117mA/117mA,,,,,,
10.011,HR,68,12335028,14075070,11344413,12617898,-94,228,-450,g5/117mA/117mA g5/117mA/117mA g4/117mA/117mA g4/117mA/117mA,,,,,,
10.382,HRV,35,12326070,14109680,11339781,12603779,-94,228,-451,g5/117mA/117mA g5/117mA/117mA g4/117mA/117mA g4/117mA/117mA,,,,,,
10.382,HRV,36,12328416,14111660,11341572,12605597,-91,228,-450,g5/117mA/117mA g5/117mA/117mA g4/117mA/117mA g4/117mA/117mA,,,,,,
10.382,HRV,37,12330559,14113606,11343022,12607422,-91,228,-450,g5/117mA/117mA g5/117mA/117mA g4/117mA/117mA g4/117mA/117mA,,,,,,
10.382,HRV,38,12332024,14115372,11344378,12609623,-94,228,-450,g5/117mA/117mA g5/117mA/117mA g4/117mA/117mA g4/117mA/117mA,,,,,,
10.382,HRV,39,12333995,14117674,11345991,12612062,-94,228,-450,g5/117mA/117mA g5/117mA/117mA g4/117mA/117mA g4/117mA/117mA,,,,,,
10.444,HRV,40,12335079,14119832,11346923,12614675,-94,228,-450,g5/117mA/117mA g5/117mA/117mA g4/117mA/117mA g4/117mA/117mA,,,,,,
10.444,HRV,41,12337782,14121531,11348678,12617054,-93,229,-451,g5/117mA/117mA g5/117mA/117mA g4/117mA/117mA g4/117mA/117mA,,,,,,
10.444,HRV,42,12339778,14124090,11349914,12619905,-92,228,-451,g5/117mA/117mA g5/117mA/117mA g4/117mA/117mA g4/117mA/117mA,,,,,,
10.444,HRV,43,12342560,14126862,11351340,12622668,-92,228,-450,g5/117mA/117mA g5/117mA/117mA g4/117mA/117mA g4/117mA/117mA,,,,,,
10.444,HRV,44,12345633,14129245,11352910,12625620,-94,228,-450,g5/117mA/117mA g5/117mA/117mA g4/117mA/117mA g4/117mA/117mA,,,,,,
10.463,HRV,45,12348080,14132664,11354496,12628340,-94,228,-450,g5/117mA/117mA g5/117mA/117mA g4/117mA/117mA g4/117mA/117mA,833,803,0,0,30,2
10.463,HRV,46,12350810,14135470,11355818,12631642,-94,228,-450,g5/117mA/117mA g5/117mA/117mA g4/117mA/117mA g4/117mA/117mA,,,,,,
10.463,HRV,47,12353088,14138636,11357328,12634269,-94,228,-451,g5/117mA/117mA g5/117mA/117mA g4/117mA/117mA g4/117mA/117mA,,,,,,
10.463,HRV,48,12356006,14140684,11359283,12636786,-94,228,-451,g5/117mA/117mA g5/117mA/117mA g4/117mA/117mA g4/117mA/117mA,,,,,,
10.464,HRV,49,12356647,14142450,11359640,12638851,-94,228,-450,g5/117mA/117mA g5/117mA/117mA g4/117mA/117mA g4/117mA/117mA,,,,,,
10.556,HRV,50,12345975,14133783,11354420,12633273,-94,228,-450,g5/117mA/117mA g5/117mA/117mA g4/117mA/117mA g4/117mA/117mA,,,,,,
10.556,HRV,51,12334378,14117026,11348431,12624100,-94,228,-450,g5/117mA/117mA g5/117mA/117mA g4/117mA/117mA g4/117mA/117mA,,,,,,
10.556,HRV,52,12327317,14102567,11344242,12616345,-94,228,-450,g5/117mA/117mA g5/117mA/117mA g4/117mA/117mA g4/117mA/117mA,,,,,,
10.556,HRV,53,12324014,14092091,11342589,12611176,-94,228,-451,g5/117mA/117mA g5/117mA/117mA g4/117mA/117mA g4/117mA/117mA,,,,,,
10.556,HRV,54,12323613,14086767,11342033,12608983,-94,228,-451,g5/117mA/117mA g5/117mA/117mA g4/117mA/117mA g4/117mA/117mA,,,,,,
10.556,HRV,55,12323510,14083227,11341750,12607908,-94,228,-450,g5/117mA/117mA g5/117mA/117mA g4/117mA/117mA g4/117mA/117mA,,,,,,
10.615,HRV,56,12324482,14081306,11342168,12607310,-94,227,-450,g5/117mA/117mA g5/117mA/117mA g4/117mA/117mA g4/117mA/117mA,,,,,,
10.615,HRV,57,12325483,14079710,11342460,12608316,-94,227,-450,g5/117mA/117mA g5/117mA/117mA g4/117mA/117mA g4/117mA/117mA,,,,,,
10.615,HRV,58,12325781,14077910,11342178,12608173,-95,227,-450,g5/117mA/117mA g5/117mA/117mA g4/117mA/117mA g4/117mA/117mA,,,,,,
10.615,HRV,59,12324969,14074797,11341162,12607660,-95,228,-450,g5/117mA/117mA g5/117mA/117mA g4/117mA/117mA g4/117mA/117mA,,,,,,
10.615,HRV,60,12323733,14071614,11340369,12606587,-95,228,-450,g5/117mA/117mA g5/117mA/117mA g4/117mA/117mA g4/117mA/117mA,,,,,,
10.615,HRV,61,12323733,14068749,11339788,12606142,-94,227,-450,g5/117mA/117mA g5/117mA/117mA g4/117mA/117mA g4/117mA/117mA,,,,,,
10.703,HRV,62,12324014,14067682,11339890,12606441,-94,227,-450,g5/117mA/117mA g5/117mA/117mA g4/117mA/117mA g4/117mA/117mA,,,,,,
10.703,HRV,63,12325217,14066948,11340532,12607346,-94,227,-450,g5/117mA/117mA g5/117mA/117mA g4/117mA/117mA g4/117mA/117mA,,,,,,
10.703,HRV,64,12327213,14068237,11341265,12609350,-94,227,-450,g5/117mA/117mA g5/117mA/117mA g4/117mA/117mA g4/117mA/117mA,,,,,,
10.703,HRV,65,12329354,14069909,11341947,12611278,-94,227,-450,g5/117mA/117mA g5/117mA/117mA g4/117mA/117mA g4/117mA/117mA,,,,,,
10.703,HRV,66,12331938,14071622,11342876,12613685,-94,227,-450,g5/117mA/117mA g5/117mA/117mA g4/117mA/117mA g4/117mA/117mA,,,,,,
10.703,HRV,67,12333527,14073346,11343764,12615808,-94,228,-450,g5/117mA/117mA g5/117mA/117mA g4/117mA/117mA g4/117mA/117mA,,,,,,
10.738,HRV,68,12335028,14075070,11344413,12617898,-94,228,-450,g5/117mA/117mA g5/117mA/117mA g4/117mA/117mA g4/117mA/117mA,,,,,,
10.915,HR,69,12336700,14076562,11345700,12619861,-94,229,-450,g5/117mA/117mA g5/117mA/117mA g4/117mA/117mA g4/117mA/117mA,,,,,,
10.915,HR,70,12338783,14078942,11346494,12621695,-91,227,-450,g5/117mA/117mA g5/117mA/117mA g4/117mA/117mA g4/117mA/117mA,59,98,0,1,0,0
10.915,HR,71,12341162,14081255,11347263,12624169,-91,227,-450,g5/117mA/117mA g5/117mA/117mA g4/117mA/117mA g4/117mA/117mA,,,,,,
10.915,HR,72,12343080,14083566,11348456,12625969,-93,228,-450,g5/117mA/117mA g5/117mA/117mA g4/117mA/117mA g4/117mA/117mA,,,,,,
10.915,HR,73,12346051,14086597,11349677,12628359,-93,228,-450,g5/117mA/117mA g5/117mA/117mA g4/117mA/117mA g4/117mA/117mA,,,,,,
10.92,HR,74,12348856,14090452,11350836,12631207,-93,228,-450,g5/117mA/117mA g5/117mA/117mA g4/117mA/117mA g4/117mA/117mA,,,,,,
10.92,HR,75,12351118,14094487,11351868,12634329,-93,228,-450,g5/117mA/117mA g5/117mA/117mA g4/117mA/117mA g4/117mA/117mA,,,,,,
10.92,HR,76,12353626,14097943,11353107,12637035,-93,228,-450,g5/117mA/117mA g5/117mA/117mA g4/117mA/117mA g4/117mA/117mA,,,,,,
10.92,HR,77,12356569,14101568,11354327,12640037,-95,227,-450,g5/117mA/117mA g5/117mA/117mA g4/117mA/117mA g4/117mA/117mA,,,,,,
10.92,HR,78,12359376,14104750,11355607,12642307,-95,227,-450,g5/117mA/117mA g5/117mA/117mA g4/117mA/117mA g4/117mA/117mA,,,,,,
10.92,HR,79,12357525,14106414,11354786,12643398,-92,228,-450,g5/117mA/117mA g5/117mA/117mA g4/117mA/117mA g4/117mA/117mA,,,,,,
10.977,HR,80,12343960,14094512,11346853,12634953,-93,228,-450,g5/117mA/117mA g5/117mA/117mA g4/117mA/117mA g4/117mA/117mA,,,,,,
10.977,HR,81,12332032,14077511,11338116,12624255,-93,228,-450,g5/117mA/117mA g5/117mA/117mA g4/117mA/117mA g4/117mA/117mA,,,,,,
10.977,HR,82,12324202,14062724,11331692,12615527,-93,229,-450,g5/117mA/117mA g5/117mA/117mA g4/117mA/117mA g4/117mA/117mA,,,,,,
10.977,HR,83,12320738,14054033,11327580,12610408,-93,229,-450,g5/117mA/117mA g5/117mA/117mA g4/117mA/117mA g4/117mA/117mA,,,,,,
10.977,HR,84,12319441,14049767,11325754,12608079,-93,228,-450,g5/117mA/117mA g5/117mA/117mA g4/117mA/117mA g4/117mA/117mA,,,,,,
10.978,HR,85,12319407,14047275,11323999,12606808,-94,228,-450,g5/117mA/117mA g5/117mA/117mA g4/117mA/117mA g4/117mA/117mA,,,,,,
10.978,HR,86,12320004,14046328,11322907,12606775,-94,229,-450,g5/117mA/117mA g5/117mA/117mA g4/117mA/117mA g4/117mA/117mA,,,,,,
10.978,HR,87,12320098,14045843,11321857,12606757,-94,229,-450,g5/117mA/117mA g5/117mA/117mA g4/117mA/117mA g4/117mA/117mA,,,,,,
10.978,HR,88,12320081,14044170,11319981,12607124,-94,229,-450,g5/117mA/117mA g5/117mA/117mA g4/117mA/117mA g4/117mA/117mA,,,,,,
10.978,HR,89,12317836,14041550,11317770,12605716,-94,228,-450,g5/117mA/117mA g5/117mA/117mA g4/117mA/117mA g4/117mA/117mA,,,,,,
10.978,HR,90,12316319,14038794,11315244,12604358,-94,228,-450,g5/117mA/117mA g5/117mA/117mA g4/117mA/117mA g4/117mA/117mA,,,,,,
11.062,HR,91,12315816,14036211,11313512,12602976,-94,228,-450,g5/117mA/117mA g5/117mA/117mA g4/117mA/117mA g4/117mA/117mA,,,,,,
11.062,HR,92,12316175,14035827,11312530,12603635,-93,228,-450,g5/117mA/117mA g5/117mA/117mA g4/117mA/117mA g4/117mA/117mA,,,,,,
11.063,HR,93,12318024,14037807,11312532,12605126,-93,228,-450,g5/117mA/117mA g5/117mA/117mA g4/117mA/117mA g4/117mA/117mA,,,,,,
11.063,HR,94,12320004,14039861,11312590,12606790,-93,228,-450,g5/117mA/117mA g5/117mA/117mA g4/117mA/117mA g4/117mA/117mA,,,,,,
11.063,HR,95,12322179,14042003,11313061,12609291,-93,228,-450,g5/117mA/117mA g5/117mA/117mA g4/117mA/117mA g4/117mA/117mA,58,98,0,1,0,0
11.152,HR,96,12324159,14045900,11313590,12611960,-93,228,-450,g5/117mA/117mA g5/117mA/117mA g4/117mA/117mA g4/117mA/117mA,,,,,,
11.152,HR,97,12325899,14049134,11314076,12614706,-93,228,-450,g5/117mA/117mA g5/117mA/117mA g4/117mA/117mA g4/117mA/117mA,,,,,,
11.152,HR,98,12327460,14052455,11314170,12616671,-93,228,-451,g5/117mA/117mA g5/117mA/117mA g4/117mA/117mA g4/117mA/117mA,,,,,,
11.152,HR,99,12329380,14055618,11314597,12619408,-94,229,-450,g5/117mA/117mA g5/117mA/117mA g4/117mA/117mA g4/117mA/117mA,,,,,,
11.152,HR,100,12330951,14058989,11315270,12621815,-94,229,-450,g5/117mA/117mA g5/117mA/117mA g4/117mA/117mA g4/117mA/117mA,,,,,,
11.152,HR,101,12332920,14062479,11315237,12624177,-94,229,-450,g5/117mA/117mA g5/117mA/117mA g4/117mA/117mA g4/117mA/117mA,,,,,,
11.188,HR,102,12335454,14065198,11316216,12627009,-90,165,-466,g5/117mA/117mA g5/117mA/117mA g4/117mA/117mA g4/117mA/117mA,,,,,,
11.217,HRV,69,12336700,14076562,11345700,12619861,-94,229,-450,g5/117mA/117mA g5/117mA/117mA g4/117mA/117mA g4/117mA/117mA,,,,,,
11.217,HRV,70,12338783,14078942,11346494,12621695,-91,227,-450,g5/117mA/117mA g5/117mA/117mA g4/117mA/117mA g4/117mA/117mA,826,806,0,0,30,2
11.217,HRV,71,12341162,14081255,11347263,12624169,-91,227,-450,g5/117mA/117mA g5/117mA/117mA g4/117mA/117mA g4/117mA/117mA,,,,,,
11.217,HRV,72,12343080,14083566,11348456,12625969,-93,228,-450,g5/117mA/117mA g5/117mA/117mA g4/117mA/117mA g4/117mA/117mA,,,,,,
11.241,HRV,73,12346051,14086597,11349677,12628359,-93,228,-450,g5/117mA/117mA g5/117mA/117mA g4/117mA/117mA g4/117mA/117mA,,,,,,
11.241,HRV,74,12348856,14090452,11350836,12631207,-93,228,-450,g5/117mA/117mA g5/117mA/117mA g4/117mA/117mA g4/117mA/117mA,,,,,,
11.241,HRV,75,12351118,14094487,11351868,12634329,-93,228,-450,g5/117mA/117mA g5/117mA/117mA g4/117mA/117mA g4/117mA/117mA,,,,,,
11.241,HRV,76,12353626,14097943,11353107,12637035,-93,228,-450,g5/117mA/117mA g5/117mA/117mA g4/117mA/117mA g4/117mA/117mA,,,,,,
11.241,HRV,77,12356569,14101568,11354327,12640037,-95,227,-450,g5/117mA/117mA g5/117mA/117mA g4/117mA/117mA g4/117mA/117mA,,,,,,
11.241,HRV,78,12359376,14104750,11355607,12642307,-95,227,-450,g5/117mA/117mA g5/117mA/117mA g4/117mA/117mA g4/117mA/117mA,,,,,,
11.275,HRV,79,12357525,14106414,11354786,12643398,-92,228,-450,g5/117mA/117mA g5/117mA/117mA g4/117mA/117mA g4/117mA/117mA,,,,,,
11.275,HRV,80,12343960,14094512,11346853,12634953,-93,228,-450,g5/117mA/117mA g5/117mA/117mA g4/117mA/117mA g4/117mA/117mA,,,,,,
11.275,HRV,81,12332032,14077511,11338116,12624255,-93,228,-450,g5/117mA/117mA g5/117mA/117mA g4/117mA/117mA g4/117mA/117mA,,,,,,
11.275,HRV,82,12324202,14062724,11331692,12615527,-93,229,-450,g5/117mA/117mA g5/117mA/117mA g4/117mA/117mA g4/117mA/117mA,,,,,,
11.275,HRV,83,12320738,14054033,11327580,12610408,-93,229,-450,g5/117mA/117mA g5/117mA/117mA g4/117mA/117mA g4/117mA/117mA,,,,,,
11.361,HRV,84,12319441,14049767,11325754,12608079,-93,228,-450,g5/117mA/117mA g5/117mA/117mA g4/117mA/117mA g4/117mA/117mA,,,,,,
11.361,HRV,85,12319407,14047275,11323999,12606808,-94,228,-450,g5/117mA/117mA g5/117mA/117mA g4/117mA/117mA g4/117mA/117mA,,,,,,
11.361,HRV,86,12320004,14046328,11322907,12606775,-94,229,-450,g5/117mA/117mA g5/117mA/117mA g4/117mA/117mA g4/117mA/117mA,,,,,,
11.361,HRV,87,12320098,14045843,11321857,12606757,-94,229,-450,g5/117mA/117mA g5/117mA/117mA g4/117mA/117mA g4/117mA/117mA,,,,,,
11.361,HRV,88,12320081,14044170,11319981,12607124,-94,229,-450,g5/117mA/117mA g5/117mA/117mA g4/117mA/117mA g4/117mA/117mA,,,,,,
11.361,HRV,89,12317836,14041550,11317770,12605716,-94,228,-450,g5/117mA/117mA g5/117mA/117mA g4/117mA/117mA g4/117mA/117mA,,,,,,
12.119,HRV,90,12316319,14038794,11315244,12604358,-94,228,-450,g5/117mA/117mA g5/117mA/117mA g4/117mA/117mA g4/117mA/117mA,,,,,,
12.119,HRV,91,12315816,14036211,11313512,12602976,-94,228,-450,g5/117mA/117mA g5/117mA/117mA g4/117mA/117mA g4/117mA/117mA,,,,,,
12.119,HRV,92,12316175,14035827,11312530,12603635,-93,228,-450,g5/117mA/117mA g5/117mA/117mA g4/117mA/117mA g4/117mA/117mA,,,,,,
12.119,HRV,93,12318024,14037807,11312532,12605126,-93,228,-450,g5/117mA/117mA g5/117mA/117mA g4/117mA/117mA g4/117mA/117mA,,,,,,
12.119,HRV,94,12320004,14039861,11312590,12606790,-93,228,-450,g5/117mA/117mA g5/117mA/117mA g4/117mA/117mA g4/117mA/117mA,,,,,,
12.172,HRV,95,12322179,14042003,11313061,12609291,-93,228,-450,g5/117mA/117mA g5/117mA/117mA g4/117mA/117mA g4/117mA/117mA,738,0,0,0,30,1
12.172,HRV,96,12324159,14045900,11313590,12611960,-93,228,-450,g5/117mA/117mA g5/117mA/117mA g4/117mA/117mA g4/117mA/117mA,,,,,,
12.172,HRV,97,12325899,14049134,11314076,12614706,-93,228,-450,g5/117mA/117mA g5/117mA/117mA g4/117mA/117mA g4/117mA/117mA,,,,,,
12.172,HRV,98,12327460,14052455,11314170,12616671,-93,228,-451,g5/117mA/117mA g5/117mA/117mA g4/117mA/117mA g4/117mA/117mA,,,,,,
12.172,HRV,99,12329380,14055618,11314597,12619408,-94,229,-450,g5/117mA/117mA g5/117mA/117mA g4/117mA/117mA g4/117mA/117mA,,,,,,
12.237,HRV,100,12330951,14058989,11315270,12621815,-94,229,-450,g5/117mA/117mA g5/117mA/117mA g4/117mA/117mA g4/117mA/117mA,,,,,,
12.237,HRV,101,12332920,14062479,11315237,12624177,-94,229,-450,g5/117mA/117mA g5/117mA/117mA g4/117mA/117mA g4/117mA/117mA,,,,,,
12.237,HRV,102,12335454,14065198,11316216,12627009,-90,165,-466,g5/117mA/117mA g5/117mA/117mA g4/117mA/117mA g4/117mA/117mA,,,,,,
12.531,HR,103,12337929,14069277,11317088,12629885,-94,228,-450,g5/117mA/117mA g5/117mA/117mA g4/117mA/117mA g4/117mA/117mA,,,,,,
12.531,HR,104,12340870,14073355,11317975,12632964,-93,228,-450,g5/117mA/117mA g5/117mA/117mA g4/117mA/117mA g4/117mA/117mA,,,,,,
12.531,HR,105,12343073,14077349,11319145,12635890,-92,229,-450,g5/117mA/117mA g5/117mA/117mA g4/117mA/117mA g4/117mA/117mA,,,,,,
12.531,HR,106,12346111,14081324,11320064,12638545,-94,228,-450,g5/117mA/117mA g5/117mA/117mA g4/117mA/117mA g4/117mA/117mA,,,,,,
12.531,HR,107,12349700,14085973,11321250,12640864,-98,226,-450,g5/117mA/117mA g5/117mA/117mA g4/117mA/117mA g4/117mA/117mA,,,,,,
12.539,HR,108,12347109,14086058,11319793,12641079,-98,226,-450,g5/117mA/117mA g5/117mA/117mA g4/117mA/117mA g4/117mA/117mA,,,,,,
12.539,HR,109,12331249,14070267,11309272,12630559,-95,228,-450,g5/117mA/117mA g5/117mA/117mA g4/117mA/117mA g4/117mA/117mA,,,,,,
12.539,HR,110,12316909,14049936,11297354,12617319,-93,229,-451,g5/117mA/117mA g5/117mA/117mA g4/117mA/117mA g4/117mA/117mA,,,,,,
12.539,HR,111,12308154,14032472,11289266,12606926,-94,228,-451,g5/117mA/117mA g5/117mA/117mA g4/117mA/117mA g4/117mA/117mA,,,,,,
12.539,HR,112,12305048,14022961,11285411,12600999,-94,227,-451,g5/117mA/117mA g5/117mA/117mA g4/117mA/117mA g4/117mA/117mA,,,,,,
12.539,HR,113,12303565,14018739,11282714,12598337,-92,228,-450,g5/117mA/117mA g5/117mA/117mA g4/117mA/117mA g4/117mA/117mA,,,,,,
12.595,HR,114,12303316,14015624,11281366,12596988,-90,230,-449,g5/117mA/117mA g5/117mA/117mA g4/117mA/117mA g4/117mA/117mA,,,,,,
12.595,HR,115,12303633,14014574,11280149,12596205,-92,228,-449,g5/117mA/117mA g5/117mA/117mA g4/117mA/117mA g4/117mA/117mA,,,,,,
12.595,HR,116,12303701,14012552,11278809,12595912,-95,225,-451,g5/117mA/117mA g5/117mA/117mA g4/117mA/117mA g4/117mA/117mA,,,,,,
12.595,HR,117,12300920,14008244,11276343,12594250,-97,224,-451,g5/117mA/117mA g5/117mA/117mA g4/117mA/117mA g4/117mA/117mA,,,,,,
12.595,HR,118,12297490,13999396,11273458,12590693,-95,226,-450,g5/117mA/117mA g5/117mA/117mA g4/117mA/117mA g4/117mA/117mA,,,,,,
12.595,HR,119,12294478,13992120,11271565,12587560,-93,228,-450,g5/117mA/117mA g5/117mA/117mA g4/117mA/117mA g4/117mA/117mA,,,,,,
12.596,HR,120,12294403,13987105,11270935,12585812,-92,229,-450,g5/117mA/117mA g5/117mA/117mA g4/117mA/117mA g4/117mA/117mA,57,98,0,1,0,0
12.596,HR,121,12297712,13984017,11273613,12585190,-90,229,-450,g5/117mA/117mA g5/117mA/117mA g4/117mA/117mA g4/117mA/117mA,,,,,,
12.596,HR,122,12301482,13983044,11276896,12585413,-92,228,-450,g5/117mA/117mA g5/117mA/117mA g4/117mA/117mA g4/117mA/117mA,,,,,,
12.596,HR,123,12306916,13982813,11280454,12587322,-95,227,-450,g5/117mA/117mA g5/117mA/117mA g4/117mA/117mA g4/117mA/117mA,,,,,,
12.596,HR,124,12315150,13982335,11285998,12589480,-96,227,-451,g5/117mA/117mA g5/117mA/117mA g4/117mA/117mA g4/117mA/117mA,,,,,,
12.657,HR,125,12322248,13982021,11290930,12590930,-94,228,-451,g5/117mA/117mA g5/117mA/117mA g4/117mA/117mA g4/117mA/117mA,,,,,,
12.657,HR,126,12329116,13981268,11295829,12592672,-94,228,-451,g5/117mA/117mA g5/117mA/117mA g4/117mA/117mA g4/117mA/117mA,,,,,,
12.657,HR,127,12334780,13981099,11299930,12592662,-96,226,-451,g5/117mA/117mA g5/117mA/117mA g4/117mA/117mA g4/117mA/117mA,,,,,,
12.657,HR,128,12339439,13980681,11303617,12591999,-99,223,-452,g5/117mA/117mA g5/117mA/117mA g4/117mA/117mA g4/117mA/117mA,,,,,,
12.657,HR,129,12342936,13979623,11306338,12591724,-107,214,-458,g5/117mA/117mA g5/117mA/117mA g4/117mA/117mA g4/117mA/117mA,,,,,,
12.657,HR,130,12346264,13979555,11308779,12590769,-115,204,-463,g5/117mA/117mA g5/117mA/117mA g4/117mA/117mA g4/117mA/117mA,,,,,,
12.657,HR,131,12347833,13980074,11310339,12590546,-96,230,-453,g5/117mA/117mA g5/117mA/117mA g4/117mA/117mA g4/117mA/117mA,,,,,,
12.657,HR,132,12347551,13979545,11313565,12587715,-71,265,-438,g5/117mA/117mA g5/117mA/117mA g4/117mA/117mA g4/117mA/117mA,,,,,,
12.657,HR,133,12349369,13983136,11319280,12586930,-73,266,-436,g5/117mA/117mA g5/117mA/117mA g4/117mA/117mA g4/117mA/117mA,,,,,,
12.657,HR,134,12358198,13987941,11331199,12587715,-98,236,-446,g5/117mA/117mA g5/117mA/117mA g4/117mA/117mA g4/117mA/117mA,,,,,,
12.657,HR,135,12350478,14002665,11334329,12590139,-114,216,-452,g5/117mA/117mA g5/117mA/117mA g4/117mA/117mA g4/117mA/117mA,,,,,,
12.657,HR,136,12320449,14012006,11325235,12586606,-104,222,-451,g5/117mA/117mA g5/117mA/117mA g4/117mA/117mA g4/117mA/117mA,,,,,,
13.134,HRV,103,12337929,14069277,11317088,12629885,-94,228,-450,g5/117mA/117mA g5/117mA/117mA g4/117mA/117mA g4/117mA/117mA,,,,,,
13.134,HRV,104,12340870,14073355,11317975,12632964,-93,228,-450,g5/117mA/117mA g5/117mA/117mA g4/117mA/117mA g4/117mA/117mA,,,,,,
13.134,HRV,105,12343073,14077349,11319145,12635890,-92,229,-450,g5/117mA/117mA g5/117mA/117mA g4/117mA/117mA g4/117mA/117mA,,,,,,
13.135,HRV,106,12346111,14081324,11320064,12638545,-94,228,-450,g5/117mA/117mA g5/117mA/117mA g4/117mA/117mA g4/117mA/117mA,,,,,,
13.135,HRV,107,12349700,14085973,11321250,12640864,-98,226,-450,g5/117mA/117mA g5/117mA/117mA g4/117mA/117mA g4/117mA/117mA,,,,,,
13.136,HRV,108,12347109,14086058,11319793,12641079,-98,226,-450,g5/117mA/117mA g5/117mA/117mA g4/117mA/117mA g4/117mA/117mA,,,,,,
13.136,HRV,109,12331249,14070267,11309272,12630559,-95,228,-450,g5/117mA/117mA g5/117mA/117mA g4/117mA/117mA g4/117mA/117mA,,,,,,
13.136,HRV,110,12316909,14049936,11297354,12617319,-93,229,-451,g5/117mA/117mA g5/117mA/117mA g4/117mA/117mA g4/117mA/117mA,,,,,,
13.136,HRV,111,12308154,14032472,11289266,12606926,-94,228,-451,g5/117mA/117mA g5/117mA/117mA g4/117mA/117mA g4/117mA/117mA,,,,,,
13.136,HRV,112,12305048,14022961,11285411,12600999,-94,227,-451,g5/117mA/117mA g5/117mA/117mA g4/117mA/117mA g4/117mA/117mA,,,,,,
13.136,HRV,113,12303565,14018739,11282714,12598337,-92,228,-450,g5/117mA/117mA g5/117mA/117mA g4/117mA/117mA g4/117mA/117mA,,,,,,
13.192,HRV,114,12303316,14015624,11281366,12596988,-90,230,-449,g5/117mA/117mA g5/117mA/117mA g4/117mA/117mA g4/117mA/117mA,,,,,,
13.192,HRV,115,12303633,14014574,11280149,12596205,-92,228,-449,g5/117mA/117mA g5/117mA/117mA g4/117mA/117mA g4/117mA/117mA,,,,,,
13.192,HRV,116,12303701,14012552,11278809,12595912,-95,225,-451,g5/117mA/117mA g5/117mA/117mA g4/117mA/117mA g4/117mA/117mA,,,,,,
13.192,HRV,117,12300920,14008244,11276343,12594250,-97,224,-451,g5/117mA/117mA g5/117mA/117mA g4/117mA/117mA g4/117mA/117mA,,,,,,
13.192,HRV,118,12297490,13999396,11273458,12590693,-95,226,-450,g5/117mA/117mA g5/117mA/117mA g4/117mA/117mA g4/117mA/117mA,,,,,,
13.192,HRV,119,12294478,13992120,11271565,12587560,-93,228,-450,g5/117mA/117mA g5/117mA/117mA g4/117mA/117mA g4/117mA/117mA,,,,,,
13.281,HRV,120,12294403,13987105,11270935,12585812,-92,229,-450,g5/117mA/117mA g5/117mA/117mA g4/117mA/117mA g4/117mA/117mA,764,766,0,0,30,2
13.281,HRV,121,12297712,13984017,11273613,12585190,-90,229,-450,g5/117mA/117mA g5/117mA/117mA g4/117mA/117mA g4/117mA/117mA,,,,,,
13.281,HRV,122,12301482,13983044,11276896,12585413,-92,228,-450,g5/117mA/117mA g5/117mA/117mA g4/117mA/117mA g4/117mA/117mA,,,,,,
13.281,HRV,123,12306916,13982813,11280454,12587322,-95,227,-450,g5/117mA/117mA g5/117mA/117mA g4/117mA/117mA g4/117mA/117mA,,,,,,
13.281,HRV,124,12315150,13982335,11285998,12589480,-96,227,-451,g5/117mA/117mA g5/117mA/117mA g4/117mA/117mA g4/117mA/117mA,,,,,,
13.376,HRV,125,12322248,13982021,11290930,12590930,-94,228,-451,g5/117mA/117mA g5/117mA/117mA g4/117mA/117mA g4/117mA/117mA,,,,,,
13.376,HRV,126,12329116,13981268,11295829,12592672,-94,228,-451,g5/117mA/117mA g5/117mA/117mA g4/117mA/117mA g4/117mA/117mA,,,,,,
13.376,HRV,127,12334780,13981099,11299930,12592662,-96,226,-451,g5/117mA/117mA g5/117mA/117mA g4/117mA/117mA g4/117mA/117mA,,,,,,
13.376,HRV,128,12339439,13980681,11303617,12591999,-99,223,-452,g5/117mA/117mA g5/117mA/117mA g4/117mA/117mA g4/117mA/117mA,,,,,,
13.376,HRV,129,12342936,13979623,11306338,12591724,-107,214,-458,g5/117mA/117mA g5/117mA/117mA g4/117mA/117mA g4/117mA/117mA,,,,,,
13.376,HRV,130,12346264,13979555,11308779,12590769,-115,204,-463,g5/117mA/117mA g5/117mA/117mA g4/117mA/117mA g4/117mA/117mA,,,,,,
13.433,HRV,131,12347833,13980074,11310339,12590546,-96,230,-453,g5/117mA/117mA g5/117mA/117mA g4/117mA/117mA g4/117mA/117mA,,,,,,
13.433,HRV,132,12347551,13979545,11313565,12587715,-71,265,-438,g5/117mA/117mA g5/117mA/117mA g4/117mA/117mA g4/117mA/117mA,,,,,,
13.433,HRV,133,12349369,13983136,11319280,12586930,-73,266,-436,g5/117mA/117mA g5/117mA/117mA g4/117mA/117mA g4/117mA/117mA,,,,,,
13.433,HRV,134,12358198,13987941,11331199,12587715,-98,236,-446,g5/117mA/117mA g5/117mA/117mA g4/117mA/117mA g4/117mA/117mA,,,,,,
13.433,HRV,135,12350478,14002665,11334329,12590139,-114,216,-452,g5/117mA/117mA g5/117mA/117mA g4/117mA/117mA g4/117mA/117mA,,,,,,
13.433,HRV,136,12320449,14012006,11325235,12586606,-104,222,-451,g5/117mA/117mA g5/117mA/117mA g4/117mA/117mA g4/117mA/117mA,,,,,,
13.616,HR,137,12302797,13994406,11310477,12579072,-106,218,-455,g5/117mA/117mA g5/117mA/117mA g4/117mA/117mA g4/117mA/117mA,,,,,,
13.616,HR,138,12300527,13971841,11294266,12573424,-89,235,-446,g5/117mA/117mA g5/117mA/117mA g4/117mA/117mA g4/117mA/117mA,,,,,,
13.616,HR,139,12297303,13949798,11281290,12568853,-82,240,-445,g5/117mA/117mA g5/117mA/117mA g4/117mA/117mA g4/117mA/117mA,,,,,,
13.616,HR,140,12297652,13933340,11276018,12561661,-84,232,-450,g5/117mA/117mA g5/117mA/117mA g4/117mA/117mA g4/117mA/117mA,,,,,,
13.616,HR,141,12297182,13923275,11272912,12557684,-88,230,-449,g5/117mA/117mA g5/117mA/117mA g4/117mA/117mA g4/117mA/117mA,,,,,,
13.641,HR,142,12297132,13912592,11274141,12552266,-91,229,-449,g5/117mA/117mA g5/117mA/117mA g4/117mA/117mA g4/117mA/117mA,,,,,,
13.641,HR,143,12297644,13907125,11279294,12547200,-93,227,-451,g5/117mA/117mA g5/117mA/117mA g4/117mA/117mA g4/117mA/117mA,,,,,,
13.641,HR,144,12303164,13902713,11288849,12543557,-90,219,-454,g5/117mA/117mA g5/117mA/117mA g4/117mA/117mA g4/117mA/117mA,,,,,,
13.641,HR,145,12279198,13913222,11281615,12537877,-86,227,-453,g5/117mA/117mA g5/117mA/117mA g4/117mA/117mA g4/117mA/117mA,57,98,0,1,0,0
13.641,HR,146,12259143,13916227,11274433,12538235,-83,241,-448,g5/117mA/117mA g5/117mA/117mA g4/117mA/117mA g4/117mA/117mA,,,,,,
13.677,HR,147,12264211,13917839,11269091,12545050,-88,233,-448,g5/117mA/117mA g5/117mA/117mA g4/117mA/117mA g4/117mA/117mA,,,,,,
13.677,HR,148,12269695,13917439,11264221,12549452,-93,233,-448,g5/117mA/117mA g5/117mA/117mA g4/117mA/117mA g4/117mA/117mA,,,,,,
13.677,HR,149,12271256,13915725,11262701,12551278,-99,234,-448,g5/117mA/117mA g5/117mA/117mA g4/117mA/117mA g4/117mA/117mA,,,,,,
13.677,HR,150,12272680,13912227,11262504,12551490,-108,227,-451,g5/117mA/117mA g5/117mA/117mA g4/117mA/117mA g4/117mA/117mA,,,,,,
13.677,HR,151,12270958,13913368,11262727,12551038,-102,227,-451,g5/117mA/117mA g5/117mA/117mA g4/117mA/117mA g4/117mA/117mA,,,,,,
13.677,HR,152,12273833,13916440,11266959,12552463,-93,230,-451,g5/117mA/117mA g5/117mA/117mA g4/117mA/117mA g4/117mA/117mA,,,,,,
13.701,HR,153,12275010,13921405,11271489,12553821,-96,230,-451,g5/117mA/117mA g5/117mA/117mA g4/117mA/117mA g4/117mA/117mA,,,,,,
13.701,HR,154,12270055,13928811,11274772,12554683,-97,226,-451,g5/117mA/117mA g5/117mA/117mA g4/117mA/117mA g4/117mA/117mA,,,,,,
13.701,HR,155,12266599,13936206,11276487,12557616,-97,224,-450,g5/117mA/117mA g5/117mA/117mA g4/117mA/117mA g4/117mA/117mA,,,,,,
13.701,HR,156,12267837,13941504,11279925,12558470,-95,226,-450,g5/117mA/117mA g5/117mA/117mA g4/117mA/117mA g4/117mA/117mA,,,,,,
13.701,HR,157,12268500,13945616,11285018,12559383,-97,225,-451,g5/117mA/117mA g5/117mA/117mA g4/117mA/117mA g4/117mA/117mA,,,,,,
13.701,HR,158,12270386,13950854,11288507,12563887,-97,224,-451,g5/117mA/117mA g5/117mA/117mA g4/117mA/117mA g4/117mA/117mA,,,,,,
13.735,HR,159,12274822,13955155,11292142,12568272,-94,226,-451,g5/117mA/117mA g5/117mA/117mA g4/117mA/117mA g4/117mA/117mA,,,,,,
13.735,HR,160,12278671,13958867,11295453,12571922,-94,227,-451,g5/117mA/117mA g5/117mA/117mA g4/117mA/117mA g4/117mA/117mA,,,,,,
13.735,HR,161,12281093,13962004,11299264,12574193,-95,226,-451,g5/117mA/117mA g5/117mA/117mA g4/117mA/117mA g4/117mA/117mA,,,,,,
13.735,HR,162,12286936,13964865,11303149,12577239,-95,225,-451,g5/117mA/117mA g5/117mA/117mA g4/117mA/117mA g4/117mA/117mA,,,,,,
13.736,HR,163,12291433,13967516,11306484,12582161,-91,226,-451,g5/117mA/117mA g5/117mA/117mA g4/117mA/117mA g4/117mA/117mA,,,,,,
13.736,HR,164,12280896,13957142,11299760,12575635,-93,224,-451,g5/117mA/117mA g5/117mA/117mA g4/117mA/117mA g4/117mA/117mA,,,,,,
13.821,HR,165,12258604,13933119,11282785,12560671,-104,219,-452,g5/117mA/117mA g5/117mA/117mA g4/117mA/117mA g4/117mA/117mA,,,,,,
13.821,HR,166,12236519,13908360,11267249,12543676,-102,222,-450,g5/117mA/117mA g5/117mA/117mA g4/117mA/117mA g4/117mA/117mA,,,,,,
13.821,HR,167,12222373,13889891,11262914,12520950,-98,224,-450,g5/117mA/117mA g5/117mA/117mA g4/117mA/117mA g4/117mA/117mA,,,,,,
13.821,HR,168,12222194,13875600,11264927,12507154,-94,226,-453,g5/117mA/117mA g5/117mA/117mA g4/117mA/117mA g4/117mA/117mA,,,,,,
13.821,HR,169,12221493,13866882,11264723,12498513,-96,219,-453,g5/117mA/117mA g5/117mA/117mA g4/117mA/117mA g4/117mA/117mA,,,,,,
13.852,HR,170,12215836,13861950,11262350,12494435,-96,219,-452,g5/117mA/117mA g5/117mA/117mA g4/117mA/117mA g4/117mA/117mA,56,98,0,1,0,0
13.859,HRV,137,12302797,13994406,11310477,12579072,-106,218,-455,g5/117mA/117mA g5/117mA/117mA g4/117mA/117mA g4/117mA/117mA,,,,,,
13.859,HRV,138,12300527,13971841,11294266,12573424,-89,235,-446,g5/117mA/117mA g5/117mA/117mA g4/117mA/117mA g4/117mA/117mA,,,,,,
13.859,HRV,139,12297303,13949798,11281290,12568853,-82,240,-445,g5/117mA/117mA g5/117mA/117mA g4/117mA/117mA g4/117mA/117mA,,,,,,
13.859,HRV,140,12297652,13933340,11276018,12561661,-84,232,-450,g5/117mA/117mA g5/117mA/117mA g4/117mA/117mA g4/117mA/117mA,,,,,,
13.859,HRV,141,12297182,13923275,11272912,12557684,-88,230,-449,g5/117mA/117mA g5/117mA/117mA g4/117mA/117mA g4/117mA/117mA,,,,,,
13.916,HRV,142,12297132,13912592,11274141,12552266,-91,229,-449,g5/117mA/117mA g5/117mA/117mA g4/117mA/117mA g4/117mA/117mA,,,,,,
13.917,HRV,143,12297644,13907125,11279294,12547200,-93,227,-451,g5/117mA/117mA g5/117mA/117mA g4/117mA/117mA g4/117mA/117mA,,,,,,
13.917,HRV,144,12303164,13902713,11288849,12543557,-90,219,-454,g5/117mA/117mA g5/117mA/117mA g4/117mA/117mA g4/117mA/117mA,,,,,,
13.917,HRV,145,12279198,13913222,11281615,12537877,-86,227,-453,g5/117mA/117mA g5/117mA/117mA g4/117mA/117mA g4/117mA/117mA,778,0,0,0,30,1
13.917,HRV,146,12259143,13916227,11274433,12538235,-83,241,-448,g5/117mA/117mA g5/117mA/117mA g4/117mA/117mA g4/117mA/117mA,,,,,,
13.917,HRV,147,12264211,13917839,11269091,12545050,-88,233,-448,g5/117mA/117mA g5/117mA/117mA g4/117mA/117mA g4/117mA/117mA,,,,,,
13.917,HRV,148,12269695,13917439,11264221,12549452,-93,233,-448,g5/117mA/117mA g5/117mA/117mA g4/117mA/117mA g4/117mA/117mA,,,,,,
13.917,HRV,149,12271256,13915725,11262701,12551278,-99,234,-448,g5/117mA/117mA g5/117mA/117mA g4/117mA/117mA g4/117mA/117mA,,,,,,
13.917,HRV,150,12272680,13912227,11262504,12551490,-108,227,-451,g5/117mA/117mA g5/117mA/117mA g4/117mA/117mA g4/117mA/117mA,,,,,,
13.917,HRV,151,12270958,13913368,11262727,12551038,-102,227,-451,g5/117mA/117mA g5/117mA/117mA g4/117mA/117mA g4/117mA/117mA,,,,,,
13.917,HRV,152,12273833,13916440,11266959,12552463,-93,230,-451,g5/117mA/117mA g5/117mA/117mA g4/117mA/117mA g4/117mA/117mA,,,,,,
13.976,HRV,153,12275010,13921405,11271489,12553821,-96,230,-451,g5/117mA/117mA g5/117mA/117mA g4/117mA/117mA g4/117mA/117mA,,,,,,
13.976,HRV,154,12270055,13928811,11274772,12554683,-97,226,-451,g5/117mA/117mA g5/117mA/117mA g4/117mA/117mA g4/117mA/117mA,,,,,,
13.976,HRV,155,12266599,13936206,11276487,12557616,-97,224,-450,g5/117mA/117mA g5/117mA/117mA g4/117mA/117mA g4/117mA/117mA,,,,,,
13.976,HRV,156,12267837,13941504,11279925,12558470,-95,226,-450,g5/117mA/117mA g5/117mA/117mA g4/117mA/117mA g4/117mA/117mA,,,,,,
13.976,HRV,157,12268500,13945616,11285018,12559383,-97,225,-451,g5/117mA/117mA g5/117mA/117mA g4/117mA/117mA g4/117mA/117mA,,,,,,
13.976,HRV,158,12270386,13950854,11288507,12563887,-97,224,-451,g5/117mA/117mA g5/117mA/117mA g4/117mA/117mA g4/117mA/117mA,,,,,,
14.033,HRV,159,12274822,13955155,11292142,12568272,-94,226,-451,g5/117mA/117mA g5/117mA/117mA g4/117mA/117mA g4/117mA/117mA,,,,,,
14.033,HRV,160,12278671,13958867,11295453,12571922,-94,227,-451,g5/117mA/117mA g5/117mA/117mA g4/117mA/117mA g4/117mA/117mA,,,,,,
14.033,HRV,161,12281093,13962004,11299264,12574193,-95,226,-451,g5/117mA/117mA g5/117mA/117mA g4/117mA/117mA g4/117mA/117mA,,,,,,
14.033,HRV,162,12286936,13964865,11303149,12577239,-95,225,-451,g5/117mA/117mA g5/117mA/117mA g4/117mA/117mA g4/117mA/117mA,,,,,,
14.033,HRV,163,12291433,13967516,11306484,12582161,-91,226,-451,g5/117mA/117mA g5/117mA/117mA g4/117mA/117mA g4/117mA/117mA,,,,,,
14.033,HRV,164,12280896,13957142,11299760,12575635,-93,224,-451,g5/117mA/117mA g5/117mA/117mA g4/117mA/117mA g4/117mA/117mA,,,,,,
14.457,HRV,165,12258604,13933119,11282785,12560671,-104,219,-452,g5/117mA/117mA g5/117mA/117mA g4/117mA/117mA g4/117mA/117mA,,,,,,
14.457,HRV,166,12236519,13908360,11267249,12543676,-102,222,-450,g5/117mA/117mA g5/117mA/117mA g4/117mA/117mA g4/117mA/117mA,,,,,,
14.457,HRV,167,12222373,13889891,11262914,12520950,-98,224,-450,g5/117mA/117mA g5/117mA/117mA g4/117mA/117mA g4/117mA/117mA,,,,,,
14.457,HRV,168,12222194,13875600,11264927,12507154,-94,226,-453,g5/117mA/117mA g5/117mA/117mA g4/117mA/117mA g4/117mA/117mA,,,,,,
14.457,HRV,169,12221493,13866882,11264723,12498513,-96,219,-453,g5/117mA/117mA g5/117mA/117mA g4/117mA/117mA g4/117mA/117mA,,,,,,
14.458,HRV,170,12215836,13861950,11262350,12494435,-96,219,-452,g5/117mA/117mA g5/117mA/117mA g4/117mA/117mA g4/117mA/117mA,835,801,0,0,30,2
14.757,HR,171,12211768,13859981,11259697,12494511,-90,228,-451,g5/117mA/117mA g5/117mA/117mA g4/117mA/117mA g4/117mA/117mA,,,,,,
14.757,HR,172,12205507,13857668,11255994,12494000,-87,228,-451,g5/117mA/117mA g5/117mA/117mA g4/117mA/117mA g4/117mA/117mA,,,,,,
14.757,HR,173,12198169,13851994,11251618,12489777,-85,229,-451,g5/117mA/117mA g5/117mA/117mA g4/117mA/117mA g4/117mA/117mA,,,,,,
14.757,HR,174,12187778,13848992,11245885,12486671,-85,230,-452,g5/117mA/117mA g5/117mA/117mA g4/117mA/117mA g4/117mA/117mA,,,,,,
14.757,HR,175,12182916,13851482,11241364,12490153,-87,231,-452,g5/117mA/117mA g5/117mA/117mA g4/117mA/117mA g4/117mA/117mA,,,,,,
14.814,HR,176,12181934,13850774,11239136,12493855,-89,232,-451,g5/117mA/117mA g5/117mA/117mA g4/117mA/117mA g4/117mA/117mA,,,,,,
14.814,HR,177,12187062,13846049,11240204,12497797,-92,235,-449,g5/117mA/117mA g5/117mA/117mA g4/117mA/117mA g4/117mA/117mA,,,,,,
14.814,HR,178,12198596,13842689,11242020,12503137,-95,238,-446,g5/117mA/117mA g5/117mA/117mA g4/117mA/117mA g4/117mA/117mA,,,,,,
14.814,HR,179,12211162,13841689,11246407,12507972,-99,232,-448,g5/117mA/117mA g5/117mA/117mA g4/117mA/117mA g4/117mA/117mA,,,,,,
14.814,HR,180,12220248,13838577,11250918,12514637,-103,224,-450,g5/117mA/117mA g5/117mA/117mA g4/117mA/117mA g4/117mA/117mA,,,,,,
14.814,HR,181,12228721,13835366,11255414,12517724,-104,216,-453,g5/117mA/117mA g5/117mA/117mA g4/117mA/117mA g4/117mA/117mA,,,,,,
14.842,HR,182,12232694,13832305,11257352,12521000,-97,209,-456,g5/117mA/117mA g5/117mA/117mA g4/117mA/117mA g4/117mA/117mA,,,,,,
14.842,HR,183,12233139,13829582,11257274,12525018,-90,202,-459,g5/117mA/117mA g5/117mA/117mA g4/117mA/117mA g4/117mA/117mA,,,,,,
14.842,HR,184,12235571,13828482,11257624,12529036,-83,223,-450,g5/117mA/117mA g5/117mA/117mA g4/117mA/117mA g4/117mA/117mA,,,,,,
14.842,HR,185,12236424,13831683,11257787,12532237,-76,249,-440,g5/117mA/117mA g5/117mA/117mA g4/117mA/117mA g4/117mA/117mA,,,,,,
14.842,HR,186,12236986,13833055,11256823,12534642,-75,258,-436,g5/117mA/117mA g5/117mA/117mA g4/117mA/117mA g4/117mA/117mA,,,,,,
14.842,HR,187,12238334,13834446,11256985,12536135,-80,243,-442,g5/117mA/117mA g5/117mA/117mA g4/117mA/117mA g4/117mA/117mA,,,,,,
14.879,HR,188,12242438,13834959,11257831,12539350,-84,229,-449,g5/117mA/117mA g5/117mA/117mA g4/117mA/117mA g4/117mA/117mA,,,,,,
14.879,HR,189,12247079,13837253,11259213,12542832,-92,226,-450,g5/117mA/117mA g5/117mA/117mA g4/117mA/117mA g4/117mA/117mA,,,,,,
14.879,HR,190,12250441,13841451,11260882,12544777,-100,224,-452,g5/117mA/117mA g5/117mA/117mA g4/117mA/117mA g4/117mA/117mA,,,,,,
14.879,HR,191,12253042,13846832,11261977,12546901,-98,223,-453,g5/117mA/117mA g5/117mA/117mA g4/117mA/117mA g4/117mA/117mA,,,,,,
14.879,HR,192,12253069,13850383,11261600,12549793,-89,225,-453,g5/117mA/117mA g5/117mA/117mA g4/117mA/117mA g4/117mA/117mA,,,,,,
14.879,HR,193,12230442,13833260,11245537,12537399,-82,227,-452,g5/117mA/117mA g5/117mA/117mA g4/117mA/117mA g4/117mA/117mA,,,,,,
14.931,HR,194,12194475,13807726,11218790,12519355,-82,232,-449,g5/117mA/117mA g5/117mA/117mA g4/117mA/117mA g4/117mA/117mA,,,,,,
14.931,HR,195,12170502,13787652,11199041,12507351,-82,236,-446,g5/117mA/117mA g5/117mA/117mA g4/117mA/117mA g4/117mA/117mA,55,98,0,1,0,0
14.931,HR,196,12160170,13771963,11187344,12497377,-84,235,-447,g5/117mA/117mA g5/117mA/117mA g4/117mA/117mA g4/117mA/117mA,,,,,,
14.931,HR,197,12152409,13769047,11179369,12494502,-89,232,-449,g5/117mA/117mA g5/117mA/117mA g4/117mA/117mA g4/117mA/117mA,,,,,,
14.931,HR,198,12147502,13761666,11174429,12489939,-89,230,-451,g5/117mA/117mA g5/117mA/117mA g4/117mA/117mA g4/117mA/117mA,,,,,,
14.994,HR,199,12149371,13752486,11173310,12482618,-82,233,-451,g5/117mA/117mA g5/117mA/117mA g4/117mA/117mA g4/117mA/117mA,,,,,,
14.994,HR,200,12148722,13746797,11172414,12478269,-75,235,-451,g5/117mA/117mA g5/117mA/117mA g4/117mA/117mA g4/117mA/117mA,,,,,,
14.994,HR,201,12144132,13738512,11168508,12475656,-83,234,-448,g5/117mA/117mA g5/117mA/117mA g4/117mA/117mA g4/117mA/117mA,,,,,,
14.994,HR,202,12139877,13725493,11165384,12468406,-95,232,-446,g5/117mA/117mA g5/117mA/117mA g4/117mA/117mA g4/117mA/117mA,,,,,,
14.994,HR,203,12132522,13714677,11160803,12462272,-101,229,-446,g5/117mA/117mA g5/117mA/117mA g4/117mA/117mA g4/117mA/117mA,,,,,,
14.994,HR,204,12126167,13705154,11156750,12459029,-100,226,-449,g5/117mA/117mA g5/117mA/117mA g4/117mA/117mA g4/117mA/117mA,,,,,,
14.997,HRV,171,12211768,13859981,11259697,12494511,-90,228,-451,g5/117mA/117mA g5/117mA/117mA g4/117mA/117mA g4/117mA/117mA,,,,,,
14.997,HRV,172,12205507,13857668,11255994,12494000,-87,228,-451,g5/117mA/117mA g5/117mA/117mA g4/117mA/117mA g4/117mA/117mA,,,,,,
14.997,HRV,173,12198169,13851994,11251618,12489777,-85,229,-451,g5/117mA/117mA g5/117mA/117mA g4/117mA/117mA g4/117mA/117mA,,,,,,
14.997,HRV,174,12187778,13848992,11245885,12486671,-85,230,-452,g5/117mA/117mA g5/117mA/117mA g4/117mA/117mA g4/117mA/117mA,,,,,,
14.997,HRV,175,12182916,13851482,11241364,12490153,-87,231,-452,g5/117mA/117mA g5/117mA/117mA g4/117mA/117mA g4/117mA/117mA,,,,,,
15.053,HRV,176,12181934,13850774,11239136,12493855,-89,232,-451,g5/117mA/117mA g5/117mA/117mA g4/117mA/117mA g4/117mA/117mA,,,,,,
15.053,HRV,177,12187062,13846049,11240204,12497797,-92,235,-449,g5/117mA/117mA g5/117mA/117mA g4/117mA/117mA g4/117mA/117mA,,,,,,
15.053,HRV,178,12198596,13842689,11242020,12503137,-95,238,-446,g5/117mA/117mA g5/117mA/117mA g4/117mA/117mA g4/117mA/117mA,,,,,,
15.053,HRV,179,12211162,13841689,11246407,12507972,-99,232,-448,g5/117mA/117mA g5/117mA/117mA g4/117mA/117mA g4/117mA/117mA,,,,,,
15.053,HRV,180,12220248,13838577,11250918,12514637,-103,224,-450,g5/117mA/117mA g5/117mA/117mA g4/117mA/117mA g4/117mA/117mA,,,,,,
15.053,HRV,181,12228721,13835366,11255414,12517724,-104,216,-453,g5/117mA/117mA g5/117mA/117mA g4/117mA/117mA g4/117mA/117mA,,,,,,
15.056,HRV,182,12232694,13832305,11257352,12521000,-97,209,-456,g5/117mA/117mA g5/117mA/117mA g4/117mA/117mA g4/117mA/117mA,,,,,,
15.056,HRV,183,12233139,13829582,11257274,12525018,-90,202,-459,g5/117mA/117mA g5/117mA/117mA g4/117mA/117mA g4/117mA/117mA,,,,,,
15.056,HRV,184,12235571,13828482,11257624,12529036,-83,223,-450,g5/117mA/117mA g5/117mA/117mA g4/117mA/117mA g4/117mA/117mA,,,,,,
15.056,HRV,185,12236424,13831683,11257787,12532237,-76,249,-440,g5/117mA/117mA g5/117mA/117mA g4/117mA/117mA g4/117mA/117mA,,,,,,
15.056,HRV,186,12236986,13833055,11256823,12534642,-75,258,-436,g5/117mA/117mA g5/117mA/117mA g4/117mA/117mA g4/117mA/117mA,,,,,,
15.056,HRV,187,12238334,13834446,11256985,12536135,-80,243,-442,g5/117mA/117mA g5/117mA/117mA g4/117mA/117mA g4/117mA/117mA,,,,,,
15.142,HRV,188,12242438,13834959,11257831,12539350,-84,229,-449,g5/117mA/117mA g5/117mA/117mA g4/117mA/117mA g4/117mA/117mA,,,,,,
15.142,HRV,189,12247079,13837253,11259213,12542832,-92,226,-450,g5/117mA/117mA g5/117mA/117mA g4/117mA/117mA g4/117mA/117mA,,,,,,
15.142,HRV,190,12250441,13841451,11260882,12544777,-100,224,-452,g5/117mA/117mA g5/117mA/117mA g4/117mA/117mA g4/117mA/117mA,,,,,,
15.142,HRV,191,12253042,13846832,11261977,12546901,-98,223,-453,g5/117mA/117mA g5/117mA/117mA g4/117mA/117mA g4/117mA/117mA,,,,,,
15.142,HRV,192,12253069,13850383,11261600,12549793,-89,225,-453,g5/117mA/117mA g5/117mA/117mA g4/117mA/117mA g4/117mA/117mA,,,,,,
15.142,HRV,193,12230442,13833260,11245537,12537399,-82,227,-452,g5/117mA/117mA g5/117mA/117mA g4/117mA/117mA g4/117mA/117mA,,,,,,
15.178,HRV,194,12194475,13807726,11218790,12519355,-82,232,-449,g5/117mA/117mA g5/117mA/117mA g4/117mA/117mA g4/117mA/117mA,,,,,,
15.178,HRV,195,12170502,13787652,11199041,12507351,-82,236,-446,g5/117mA/117mA g5/117mA/117mA g4/117mA/117mA g4/117mA/117mA,824,805,0,0,30,2
15.178,HRV,196,12160170,13771963,11187344,12497377,-84,235,-447,g5/117mA/117mA g5/117mA/117mA g4/117mA/117mA g4/117mA/117mA,,,,,,
15.178,HRV,197,12152409,13769047,11179369,12494502,-89,232,-449,g5/117mA/117mA g5/117mA/117mA g4/117mA/117mA g4/117mA/117mA,,,,,,
15.202,HRV,198,12147502,13761666,11174429,12489939,-89,230,-451,g5/117mA/117mA g5/117mA/117mA g4/117mA/117mA g4/117mA/117mA,,,,,,
15.202,HRV,199,12149371,13752486,11173310,12482618,-82,233,-451,g5/117mA/117mA g5/117mA/117mA g4/117mA/117mA g4/117mA/117mA,,,,,,
15.202,HRV,200,12148722,13746797,11172414,12478269,-75,235,-451,g5/117mA/117mA g5/117mA/117mA g4/117mA/117mA g4/117mA/117mA,,,,,,
15.202,HRV,201,12144132,13738512,11168508,12475656,-83,234,-448,g5/117mA/117mA g5/117mA/117mA g4/117mA/117mA g4/117mA/117mA,,,,,,
15.202,HRV,202,12139877,13725493,11165384,12468406,-95,232,-446,g5/117mA/117mA g5/117mA/117mA g4/117mA/117mA g4/117mA/117mA,,,,,,
15.202,HRV,203,12132522,13714677,11160803,12462272,-101,229,-446,g5/117mA/117mA g5/117mA/117mA g4/117mA/117mA g4/117mA/117mA,,,,,,
15.236,HRV,204,12126167,13705154,11156750,12459029,-100,226,-449,g5/117mA/117mA g5/117mA/117mA g4/117mA/117mA g4/117mA/117mA,,,,,,
16.259,HR,205,12125193,13697299,11156238,12455575,-86,229,-451,g5/117mA/117mA g5/117mA/117mA g4/117mA/117mA g4/117mA/117mA,,,,,,
16.259,HR,206,12125424,13693783,11157476,12454269,-85,229,-451,g5/117mA/117mA g5/117mA/117mA g4/117mA/117mA g4/117mA/117mA,,,,,,
16.259,HR,207,12126770,13694132,11158738,12454508,-85,228,-451,g5/117mA/117mA g5/117mA/117mA g4/117mA/117mA g4/117mA/117mA,,,,,,
16.259,HR,208,12128930,13693680,11161204,12456267,-85,227,-451,g5/117mA/117mA g5/117mA/117mA g4/117mA/117mA g4/117mA/117mA,,,,,,
16.259,HR,209,12134639,13693500,11165369,12455515,-87,226,-451,g5/117mA/117mA g5/117mA/117mA g4/117mA/117mA g4/117mA/117mA,,,,,,
16.377,HR,210,12139833,13692111,11170034,12453246,-87,226,-451,g5/117mA/117mA g5/117mA/117mA g4/117mA/117mA g4/117mA/117mA,,,,,,
16.377,HR,211,12148200,13689903,11176665,12449422,-88,226,-452,g5/117mA/117mA g5/117mA/117mA g4/117mA/117mA g4/117mA/117mA,,,,,,
16.377,HR,212,12154122,13687350,11181809,12444918,-101,224,-451,g5/117mA/117mA g5/117mA/117mA g4/117mA/117mA g4/117mA/117mA,,,,,,
16.377,HR,213,12157911,13684782,11185390,12442274,-88,227,-452,g5/117mA/117mA g5/117mA/117mA g4/117mA/117mA g4/117mA/117mA,,,,,,
16.377,HR,214,12164326,13682642,11190177,12438894,-63,231,-453,g5/117mA/117mA g5/117mA/117mA g4/117mA/117mA g4/117mA/117mA,,,,,,
16.377,HR,215,12171305,13681661,11194375,12436209,-80,230,-451,g5/117mA/117mA g5/117mA/117mA g4/117mA/117mA g4/117mA/117mA,,,,,,
16.377,HR,216,12177627,13681182,11198750,12433982,-84,230,-450,g5/117mA/117mA g5/117mA/117mA g4/117mA/117mA g4/117mA/117mA,,,,,,
16.377,HR,217,12184333,13681251,11202786,12432104,-82,230,-450,g5/117mA/117mA g5/117mA/117mA g4/117mA/117mA g4/117mA/117mA,,,,,,
16.377,HR,218,12190466,13682316,11206377,12431825,-84,230,-450,g5/117mA/117mA g5/117mA/117mA g4/117mA/117mA g4/117mA/117mA,,,,,,
16.377,HR,219,12195841,13683393,11209934,12433155,-90,228,-450,g5/117mA/117mA g5/117mA/117mA g4/117mA/117mA g4/117mA/117mA,,,,,,
16.377,HR,220,12191088,13699448,11204433,12438247,-95,227,-450,g5/117mA/117mA g5/117mA/117mA g4/117mA/117mA g4/117mA/117mA,55,98,0,1,0,0
16.436,HR,221,12185613,13711947,11200968,12443348,-88,230,-450,g5/117mA/117mA g5/117mA/117mA g4/117mA/117mA g4/117mA/117mA,,,,,,
16.436,HR,222,12162986,13695815,11186636,12433922,-87,231,-450,g5/117mA/117mA g5/117mA/117mA g4/117mA/117mA g4/117mA/117mA,,,,,,
16.436,HR,223,12130584,13658259,11163320,12411050,-87,230,-450,g5/117mA/117mA g5/117mA/117mA g4/117mA/117mA g4/117mA/117mA,,,,,,
16.436,HR,224,12105511,13623092,11144159,12389730,-87,230,-450,g5/117mA/117mA g5/117mA/117mA g4/117mA/117mA g4/117mA/117mA,,,,,,
16.436,HR,225,12091852,13599504,11132292,12377131,-87,230,-450,g5/117mA/117mA g5/117mA/117mA g4/117mA/117mA g4/117mA/117mA,,,,,,
16.436,HR,226,12084336,13586586,11125978,12371396,-87,230,-450,g5/117mA/117mA g5/117mA/117mA g4/117mA/117mA g4/117mA/117mA,,,,,,
16.437,HR,227,12078459,13577434,11120758,12368223,-86,230,-450,g5/117mA/117mA g5/117mA/117mA g4/117mA/117mA g4/117mA/117mA,,,,,,
16.437,HR,228,12073332,13569969,11116279,12366764,-86,230,-450,g5/117mA/117mA g5/117mA/117mA g4/117mA/117mA g4/117mA/117mA,,,,,,
16.437,HR,229,12069493,13565422,11113259,12366856,-87,230,-450,g5/117mA/117mA g5/117mA/117mA g4/117mA/117mA g4/117mA/117mA,,,,,,
16.437,HR,230,12063724,13559450,11108514,12366942,-90,229,-450,g5/117mA/117mA g5/117mA/117mA g4/117mA/117mA g4/117mA/117mA,,,,,,
16.437,HR,231,12055245,13552113,11101589,12365552,-88,229,-450,g5/117mA/117mA g5/117mA/117mA g4/117mA/117mA g4/117mA/117mA,,,,,,
16.495,HR,232,12047396,13544954,11094985,12363932,-87,228,-451,g5/117mA/117mA g5/117mA/117mA g4/117mA/117mA g4/117mA/117mA,,,,,,
16.495,HR,233,12042082,13541968,11089994,12364025,-87,226,-452,g5/117mA/117mA g5/117mA/117mA g4/117mA/117mA g4/117mA/117mA,,,,,,
16.495,HR,234,12039420,13541331,11087375,12365910,-86,231,-450,g5/117mA/117mA g5/117mA/117mA g4/117mA/117mA g4/117mA/117mA,,,,,,
16.495,HR,235,12038619,13543444,11086488,12369570,-85,233,-449,g5/117mA/117mA g5/117mA/117mA g4/117mA/117mA g4/117mA/117mA,,,,,,
16.495,HR,236,12039420,13548922,11086377,12374714,-86,231,-450,g5/117mA/117mA g5/117mA/117mA g4/117mA/117mA g4/117mA/117mA,,,,,,
16.495,HR,237,12040768,13554450,11087230,12380294,-88,229,-451,g5/117mA/117mA g5/117mA/117mA g4/117mA/117mA g4/117mA/117mA,,,,,,
16.521,HR,238,12043600,13561530,11088715,12386055,-91,228,-451,g5/117mA/117mA g5/117mA/117mA g4/117mA/117mA g4/117mA/117mA,,,,,,
16.611,HRV,205,12125193,13697299,11156238,12455575,-86,229,-451,g5/117mA/117mA g5/117mA/117mA g4/117mA/117mA g4/117mA/117mA,,,,,,
16.611,HRV,206,12125424,13693783,11157476,12454269,-85,229,-451,g5/117mA/117mA g5/117mA/117mA g4/117mA/117mA g4/117mA/117mA,,,,,,
16.611,HRV,207,12126770,13694132,11158738,12454508,-85,228,-451,g5/117mA/117mA g5/117mA/117mA g4/117mA/117mA g4/117mA/117mA,,,,,,
16.611,HRV,208,12128930,13693680,11161204,12456267,-85,227,-451,g5/117mA/117mA g5/117mA/117mA g4/117mA/117mA g4/117mA/117mA,,,,,,
16.611,HRV,209,12134639,13693500,11165369,12455515,-87,226,-451,g5/117mA/117mA g5/117mA/117mA g4/117mA/117mA g4/117mA/117mA,,,,,,
16.679,HRV,210,12139833,13692111,11170034,12453246,-87,226,-451,g5/117mA/117mA g5/117mA/117mA g4/117mA/117mA g4/117mA/117mA,,,,,,
16.679,HRV,211,12148200,13689903,11176665,12449422,-88,226,-452,g5/117mA/117mA g5/117mA/117mA g4/117mA/117mA g4/117mA/117mA,,,,,,
16.679,HRV,212,12154122,13687350,11181809,12444918,-101,224,-451,g5/117mA/117mA g5/117mA/117mA g4/117mA/117mA g4/117mA/117mA,,,,,,
16.679,HRV,213,12157911,13684782,11185390,12442274,-88,227,-452,g5/117mA/117mA g5/117mA/117mA g4/117mA/117mA g4/117mA/117mA,,,,,,
16.679,HRV,214,12164326,13682642,11190177,12438894,-63,231,-453,g5/117mA/117mA g5/117mA/117mA g4/117mA/117mA g4/117mA/117mA,,,,,,
16.679,HRV,215,12171305,13681661,11194375,12436209,-80,230,-451,g5/117mA/117mA g5/117mA/117mA g4/117mA/117mA g4/117mA/117mA,,,,,,
16.734,HRV,216,12177627,13681182,11198750,12433982,-84,230,-450,g5/117mA/117mA g5/117mA/117mA g4/117mA/117mA g4/117mA/117mA,,,,,,
16.734,HRV,217,12184333,13681251,11202786,12432104,-82,230,-450,g5/117mA/117mA g5/117mA/117mA g4/117mA/117mA g4/117mA/117mA,,,,,,
16.734,HRV,218,12190466,13682316,11206377,12431825,-84,230,-450,g5/117mA/117mA g5/117mA/117mA g4/117mA/117mA g4/117mA/117mA,,,,,,
16.734,HRV,219,12195841,13683393,11209934,12433155,-90,228,-450,g5/117mA/117mA g5/117mA/117mA g4/117mA/117mA g4/117mA/117mA,,,,,,
16.762,HRV,220,12191088,13699448,11204433,12438247,-95,227,-450,g5/117mA/117mA g5/117mA/117mA g4/117mA/117mA g4/117mA/117mA,795,796,0,0,30,2
16.762,HRV,221,12185613,13711947,11200968,12443348,-88,230,-450,g5/117mA/117mA g5/117mA/117mA g4/117mA/117mA g4/117mA/117mA,,,,,,
16.762,HRV,222,12162986,13695815,11186636,12433922,-87,231,-450,g5/117mA/117mA g5/117mA/117mA g4/117mA/117mA g4/117mA/117mA,,,,,,
16.762,HRV,223,12130584,13658259,11163320,12411050,-87,230,-450,g5/117mA/117mA g5/117mA/117mA g4/117mA/117mA g4/117mA/117mA,,,,,,
16.762,HRV,224,12105511,13623092,11144159,12389730,-87,230,-450,g5/117mA/117mA g5/117mA/117mA g4/117mA/117mA g4/117mA/117mA,,,,,,
16.795,HRV,225,12091852,13599504,11132292,12377131,-87,230,-450,g5/117mA/117mA g5/117mA/117mA g4/117mA/117mA g4/117mA/117mA,,,,,,
16.795,HRV,226,12084336,13586586,11125978,12371396,-87,230,-450,g5/117mA/117mA g5/117mA/117mA g4/117mA/117mA g4/117mA/117mA,,,,,,
16.795,HRV,227,12078459,13577434,11120758,12368223,-86,230,-450,g5/117mA/117mA g5/117mA/117mA g4/117mA/117mA g4/117mA/117mA,,,,,,
16.795,HRV,228,12073332,13569969,11116279,12366764,-86,230,-450,g5/117mA/117mA g5/117mA/117mA g4/117mA/117mA g4/117mA/117mA,,,,,,
16.795,HRV,229,12069493,13565422,11113259,12366856,-87,230,-450,g5/117mA/117mA g5/117mA/117mA g4/117mA/117mA g4/117mA/117mA,,,,,,
16.82,HRV,230,12063724,13559450,11108514,12366942,-90,229,-450,g5/117mA/117mA g5/117mA/117mA g4/117mA/117mA g4/117mA/117mA,,,,,,
16.82,HRV,231,12055245,13552113,11101589,12365552,-88,229,-450,g5/117mA/117mA g5/117mA/117mA g4/117mA/117mA g4/117mA/117mA,,,,,,
16.82,HRV,232,12047396,13544954,11094985,12363932,-87,228,-451,g5/117mA/117mA g5/117mA/117mA g4/117mA/117mA g4/117mA/117mA,,,,,,
16.82,HRV,233,12042082,13541968,11089994,12364025,-87,226,-452,g5/117mA/117mA g5/117mA/117mA g4/117mA/117mA g4/117mA/117mA,,,,,,
16.82,HRV,234,12039420,13541331,11087375,12365910,-86,231,-450,g5/117mA/117mA g5/117mA/117mA g4/117mA/117mA g4/117mA/117mA,,,,,,
16.82,HRV,235,12038619,13543444,11086488,12369570,-85,233,-449,g5/117mA/117mA g5/117mA/117mA g4/117mA/117mA g4/117mA/117mA,,,,,,
17.154,HRV,236,12039420,13548922,11086377,12374714,-86,231,-450,g5/117mA/117mA g5/117mA/117mA g4/117mA/117mA g4/117mA/117mA,,,,,,
17.154,HRV,237,12040768,13554450,11087230,12380294,-88,229,-451,g5/117mA/117mA g5/117mA/117mA g4/117mA/117mA g4/117mA/117mA,,,,,,
17.154,HRV,238,12043600,13561530,11088715,12386055,-91,228,-451,g5/117mA/117mA g5/117mA/117mA g4/117mA/117mA g4/117mA/117mA,,,,,,
17.573,HR,239,12045375,13568433,11089705,12392197,-86,231,-450,g5/117mA/117mA g5/117mA/117mA g4/117mA/117mA g4/117mA/117mA,,,,,,
17.573,HR,240,12047310,13575045,11090891,12397570,-92,230,-449,g5/117mA/117mA g5/117mA/117mA g4/117mA/117mA g4/117mA/117mA,,,,,,
17.573,HR,241,12049324,13580941,11091769,12402764,-90,231,-449,g5/117mA/117mA g5/117mA/117mA g4/117mA/117mA g4/117mA/117mA,,,,,,
17.573,HR,242,12051373,13587757,11093108,12407892,-83,232,-449,g5/117mA/117mA g5/117mA/117mA g4/117mA/117mA g4/117mA/117mA,,,,,,
17.573,HR,243,12054453,13593977,11094867,12412688,-85,232,-449,g5/117mA/117mA g5/117mA/117mA g4/117mA/117mA g4/117mA/117mA,,,,,,
17.577,HR,244,12057183,13601100,11096852,12418301,-86,231,-450,g5/117mA/117mA g5/117mA/117mA g4/117mA/117mA g4/117mA/117mA,,,,,,
17.577,HR,245,12060868,13608189,11099447,12423804,-87,231,-450,g5/117mA/117mA g5/117mA/117mA g4/117mA/117mA g4/117mA/117mA,55,99,0,1,0,0
17.577,HR,246,12064774,13616259,11101656,12430007,-87,231,-450,g5/117mA/117mA g5/117mA/117mA g4/117mA/117mA g4/117mA/117mA,,,,,,
17.577,HR,247,12068528,13625020,11104575,12435945,-87,231,-450,g5/117mA/117mA g5/117mA/117mA g4/117mA/117mA g4/117mA/117mA,,,,,,
17.577,HR,248,12073425,13632264,11107587,12441711,-87,231,-450,g5/117mA/117mA g5/117mA/117mA g4/117mA/117mA g4/117mA/117mA,,,,,,
17.634,HR,249,12078040,13641291,11111117,12447538,-87,231,-450,g5/117mA/117mA g5/117mA/117mA g4/117mA/117mA g4/117mA/117mA,,,,,,
17.634,HR,250,12075208,13643364,11109282,12448997,-87,231,-450,g5/117mA/117mA g5/117mA/117mA g4/117mA/117mA g4/117mA/117mA,,,,,,
17.634,HR,251,12048966,13614040,11090616,12429349,-86,231,-450,g5/117mA/117mA g5/117mA/117mA g4/117mA/117mA g4/117mA/117mA,,,,,,
17.634,HR,252,12022093,13576938,11070048,12405648,-85,232,-449,g5/117mA/117mA g5/117mA/117mA g4/117mA/117mA g4/117mA/117mA,,,,,,
17.634,HR,253,12005840,13551156,11057355,12389244,-83,232,-449,g5/117mA/117mA g5/117mA/117mA g4/117mA/117mA g4/117mA/117mA,,,,,,
17.637,HR,4,11981262,13516827,11036648,12374152,-86,231,-450,g5/117mA/117mA g5/117mA/117mA g4/117mA/117mA g4/117mA/117mA,,,,,,
17.637,HR,5,11977192,13511760,11033389,12372026,-86,231,-450,g5/117mA/117mA g5/117mA/117mA g4/117mA/117mA g4/117mA/117mA,,,,,,
17.637,HR,6,11976852,13508662,11032706,12371498,-86,231,-450,g5/117mA/117mA g5/117mA/117mA g4/117mA/117mA g4/117mA/117mA,,,,,,
17.637,HR,7,11978005,13511572,11033407,12373674,-86,231,-450,g5/117mA/117mA g5/117mA/117mA g4/117mA/117mA g4/117mA/117mA,,,,,,
17.637,HR,8,11980282,13517307,11034943,12377768,-86,231,-450,g5/117mA/117mA g5/117mA/117mA g4/117mA/117mA g4/117mA/117mA,,,,,,
17.637,HR,9,11984147,13522790,11037545,12382990,-86,232,-450,g5/117mA/117mA g5/117mA/117mA g4/117mA/117mA g4/117mA/117mA,,,,,,
17.694,HR,10,11988028,13528942,11040829,12387879,-86,231,-450,g5/117mA/117mA g5/117mA/117mA g4/117mA/117mA g4/117mA/117mA,,,,,,
17.694,HR,11,11991704,13536254,11043499,12393033,-86,231,-450,g5/117mA/117mA g5/117mA/117mA g4/117mA/117mA g4/117mA/117mA,,,,,,
17.694,HR,12,11995552,13542959,11046119,12397920,-86,231,-450,g5/117mA/117mA g5/117mA/117mA g4/117mA/117mA g4/117mA/117mA,,,,,,
17.694,HR,13,11999051,13549348,11048653,12402732,-86,231,-450,g5/117mA/117mA g5/117mA/117mA g4/117mA/117mA g4/117mA/117mA,,,,,,
17.694,HR,14,12001831,13555491,11050852,12406973,-86,231,-450,g5/117mA/117mA g5/117mA/117mA g4/117mA/117mA g4/117mA/117mA,55,99,0,1,0,0
17.698,HR,15,12005193,13561726,11053206,12411597,-86,231,-450,g5/117mA/117mA g5/117mA/117mA g4/117mA/117mA g4/117mA/117mA,,,,,,
17.698,HR,16,12008998,13568372,11055902,12416390,-85,166,-467,g5/117mA/117mA g5/117mA/117mA g4/117mA/117mA g4/117mA/117mA,,,,,,
17.724,HRV,239,12045375,13568433,11089705,12392197,-86,231,-450,g5/117mA/117mA g5/117mA/117mA g4/117mA/117mA g4/117mA/117mA,,,,,,
17.724,HRV,240,12047310,13575045,11090891,12397570,-92,230,-449,g5/117mA/117mA g5/117mA/117mA g4/117mA/117mA g4/117mA/117mA,,,,,,
17.724,HRV,241,12049324,13580941,11091769,12402764,-90,231,-449,g5/117mA/117mA g5/117mA/117mA g4/117mA/117mA g4/117mA/117mA,,,,,,
17.724,HRV,242,12051373,13587757,11093108,12407892,-83,232,-449,g5/117mA/117mA g5/117mA/117mA g4/117mA/117mA g4/117mA/117mA,,,,,,
17.724,HRV,243,12054453,13593977,11094867,12412688,-85,232,-449,g5/117mA/117mA g5/117mA/117mA g4/117mA/117mA g4/117mA/117mA,,,,,,
17.76,HRV,244,12057183,13601100,11096852,12418301,-86,231,-450,g5/117mA/117mA g5/117mA/117mA g4/117mA/117mA g4/117mA/117mA,,,,,,
17.76,HRV,245,12060868,13608189,11099447,12423804,-87,231,-450,g5/117mA/117mA g5/117mA/117mA g4/117mA/117mA g4/117mA/117mA,729,771,0,0,30,2
17.76,HRV,246,12064774,13616259,11101656,12430007,-87,231,-450,g5/117mA/117mA g5/117mA/117mA g4/117mA/117mA g4/117mA/117mA,,,,,,
17.76,HRV,247,12068528,13625020,11104575,12435945,-87,231,-450,g5/117mA/117mA g5/117mA/117mA g4/117mA/117mA g4/117mA/117mA,,,,,,
17.76,HRV,248,12073425,13632264,11107587,12441711,-87,231,-450,g5/117mA/117mA g5/117mA/117mA g4/117mA/117mA g4/117mA/117mA,,,,,,
17.782,HRV,249,12078040,13641291,11111117,12447538,-87,231,-450,g5/117mA/117mA g5/117mA/117mA g4/117mA/117mA g4/117mA/117mA,,,,,,
17.782,HRV,250,12075208,13643364,11109282,12448997,-87,231,-450,g5/117mA/117mA g5/117mA/117mA g4/117mA/117mA g4/117mA/117mA,,,,,,
17.782,HRV,251,12048966,13614040,11090616,12429349,-86,231,-450,g5/117mA/117mA g5/117mA/117mA g4/117mA/117mA g4/117mA/117mA,,,,,,
17.782,HRV,252,12022093,13576938,11070048,12405648,-85,232,-449,g5/117mA/117mA g5/117mA/117mA g4/117mA/117mA g4/117mA/117mA,,,,,,
17.782,HRV,253,12005840,13551156,11057355,12389244,-83,232,-449,g5/117mA/117mA g5/117mA/117mA g4/117mA/117mA g4/117mA/117mA,,,,,,
17.841,HRV,254,11997974,13538598,11051451,12381872,-84,232,-449,g5/117mA/117mA g5/117mA/117mA g4/117mA/117mA g4/117mA/117mA,,,,,,
17.841,HRV,255,11994460,13533660,11047987,12379663,-86,231,-450,g5/117mA/117mA g5/117mA/117mA g4/117mA/117mA g4/117mA/117mA,,,,,,
17.841,HRV,0,11992269,13531127,11046442,12378904,-86,231,-451,g5/117mA/117mA g5/117mA/117mA g4/117mA/117mA g4/117mA/117mA,,,,,,
17.841,HRV,1,11992157,13531041,11045803,12379843,-86,231,-450,g5/117mA/117mA g5/117mA/117mA g4/117mA/117mA g4/117mA/117mA,,,,,,
17.841,HRV,2,11991166,13529625,11044598,12380158,-86,231,-450,g5/117mA/117mA g5/117mA/117mA g4/117mA/117mA g4/117mA/117mA,,,,,,
17.841,HRV,3,11986602,13523976,11041160,12377649,-86,231,-450,g5/117mA/117mA g5/117mA/117mA g4/117mA/117mA g4/117mA/117mA,,,,,,
17.961,HRV,4,11981262,13516827,11036648,12374152,-86,231,-450,g5/117mA/117mA g5/117mA/117mA g4/117mA/117mA g4/117mA/117mA,,,,,,
17.961,HRV,5,11977192,13511760,11033389,12372026,-86,231,-450,g5/117mA/117mA g5/117mA/117mA g4/117mA/117mA g4/117mA/117mA,,,,,,
17.961,HRV,6,11976852,13508662,11032706,12371498,-86,231,-450,g5/117mA/117mA g5/117mA/117mA g4/117mA/117mA g4/117mA/117mA,,,,,,
17.961,HRV,7,11978005,13511572,11033407,12373674,-86,231,-450,g5/117mA/117mA g5/117mA/117mA g4/117mA/117mA g4/117mA/117mA,,,,,,
17.961,HRV,8,11980282,13517307,11034943,12377768,-86,231,-450,g5/117mA/117mA g5/117mA/117mA g4/117mA/117mA g4/117mA/117mA,,,,,,
17.961,HRV,9,11984147,13522790,11037545,12382990,-86,232,-450,g5/117mA/117mA g5/117mA/117mA g4/117mA/117mA g4/117mA/117mA,,,,,,
17.996,HRV,10,11988028,13528942,11040829,12387879,-86,231,-450,g5/117mA/117mA g5/117mA/117mA g4/117mA/117mA g4/117mA/117mA,,,,,,
17.996,HRV,11,11991704,13536254,11043499,12393033,-86,231,-450,g5/117mA/117mA g5/117mA/117mA g4/117mA/117mA g4/117mA/117mA,,,,,,
17.996,HRV,12,11995552,13542959,11046119,12397920,-86,231,-450,g5/117mA/117mA g5/117mA/117mA g4/117mA/117mA g4/117mA/117mA,,,,,,
17.996,HRV,13,11999051,13549348,11048653,12402732,-86,231,-450,g5/117mA/117mA g5/117mA/117mA g4/117mA/117mA g4/117mA/117mA,,,,,,
17.996,HRV,14,12001831,13555491,11050852,12406973,-86,231,-450,g5/117mA/117mA g5/117mA/117mA g4/117mA/117mA g4/117mA/117mA,800,787,0,0,30,2
17.997,HRV,15,12005193,13561726,11053206,12411597,-86,231,-450,g5/117mA/117mA g5/117mA/117mA g4/117mA/117mA g4/117mA/117mA,,,,,,
17.997,HRV,16,12008998,13568372,11055902,12416390,-85,166,-467,g5/117mA/117mA g5/117mA/117mA g4/117mA/117mA g4/117mA/117mA,,,,,,
18.595,HR,17,12013299,13576102,11058862,12422347,-86,232,-451,g5/117mA/117mA g5/117mA/117mA g4/117mA/117mA g4/117mA/117mA,,,,,,
18.595,HR,18,12018032,13583338,11062115,12428037,-86,231,-451,g5/117mA/117mA g5/117mA/117mA g4/117mA/117mA g4/117mA/117mA,,,,,,
18.596,HR,19,12022981,13590759,11065357,12433291,-86,231,-451,g5/117mA/117mA g5/117mA/117mA g4/117mA/117mA g4/117mA/117mA,,,,,,
18.596,HR,20,12028448,13599000,11069126,12439202,-86,231,-450,g5/117mA/117mA g5/117mA/117mA g4/117mA/117mA g4/117mA/117mA,,,,,,
18.596,HR,21,12029830,13603410,11070414,12442470,-86,231,-450,g5/117mA/117mA g5/117mA/117mA g4/117mA/117mA g4/117mA/117mA,,,,,,
18.655,HR,22,12005910,13576648,11053311,12425084,-86,231,-450,g5/117mA/117mA g5/117mA/117mA g4/117mA/117mA g4/117mA/117mA,,,,,,
18.655,HR,23,11979154,13538233,11033099,12400343,-86,231,-450,g5/117mA/117mA g5/117mA/117mA g4/117mA/117mA g4/117mA/117mA,,,,,,
18.655,HR,24,11962544,13511291,11019603,12383229,-86,231,-450,g5/117mA/117mA g5/117mA/117mA g4/117mA/117mA g4/117mA/117mA,,,,,,
18.655,HR,25,11956086,13497923,11014108,12375133,-86,231,-450,g5/117mA/117mA g5/117mA/117mA g4/117mA/117mA g4/117mA/117mA,,,,,,
18.655,HR,26,11954448,13492233,11011883,12372496,-86,231,-450,g5/117mA/117mA g5/117mA/117mA g4/117mA/117mA g4/117mA/117mA,,,,,,
18.655,HR,27,11953186,13490612,11010961,12372026,-86,231,-450,g5/117mA/117mA g5/117mA/117mA g4/117mA/117mA g4/117mA/117mA,,,,,,
18.682,HR,28,11954679,13491498,11011499,12373306,-86,231,-450,g5/117mA/117mA g5/117mA/117mA g4/117mA/117mA g4/117mA/117mA,,,,,,
18.682,HR,29,11955558,13490492,11011634,12374007,-86,231,-450,g5/117mA/117mA g5/117mA/117mA g4/117mA/117mA g4/117mA/117mA,,,,,,
18.682,HR,30,11951856,13486713,11009074,12371901,-86,231,-450,g5/117mA/117mA g5/117mA/117mA g4/117mA/117mA g4/117mA/117mA,,,,,,
18.682,HR,31,11947275,13479844,11005041,12368531,-86,231,-450,g5/117mA/117mA g5/117mA/117mA g4/117mA/117mA g4/117mA/117mA,,,,,,
18.682,HR,32,11944330,13474256,11002780,12365978,-86,231,-450,g5/117mA/117mA g5/117mA/117mA g4/117mA/117mA g4/117mA/117mA,,,,,,
18.682,HR,33,11943886,13472857,11002285,12365895,-86,231,-450,g5/117mA/117mA g5/117mA/117mA g4/117mA/117mA g4/117mA/117mA,,,,,,
18.715,HR,34,11945721,13475367,11003599,12367499,-86,231,-451,g5/117mA/117mA g5/117mA/117mA g4/117mA/117mA g4/117mA/117mA,,,,,,
18.715,HR,35,11949192,13480884,11005893,12371396,-86,231,-450,g5/117mA/117mA g5/117mA/117mA g4/117mA/117mA g4/117mA/117mA,,,,,,
18.715,HR,36,11952980,13488403,11008528,12376882,-86,231,-450,g5/117mA/117mA g5/117mA/117mA g4/117mA/117mA g4/117mA/117mA,,,,,,
18.715,HR,37,11957324,13495901,11012018,12382539,-86,231,-450,g5/117mA/117mA g5/117mA/117mA g4/117mA/117mA g4/117mA/117mA,,,,,,
18.715,HR,38,11962025,13503759,11015636,12388059,-86,231,-450,g5/117mA/117mA g5/117mA/117mA g4/117mA/117mA g4/117mA/117mA,,,,,,
18.777,HR,39,11965854,13511248,11018596,12393082,-86,231,-450,g5/117mA/117mA g5/117mA/117mA g4/117mA/117mA g4/117mA/117mA,54,99,0,1,0,0
18.777,HR,40,11969642,13517835,11021318,12397853,-87,231,-450,g5/117mA/117mA g5/117mA/117mA g4/117mA/117mA g4/117mA/117mA,,,,,,
18.777,HR,41,11972961,13524702,11024407,12402545,-88,230,-450,g5/117mA/117mA g5/117mA/117mA g4/117mA/117mA g4/117mA/117mA,,,,,,
18.777,HR,42,11976706,13531220,11027059,12407414,-89,228,-451,g5/117mA/117mA g5/117mA/117mA g4/117mA/117mA g4/117mA/117mA,,,,,,
18.777,HR,43,11981007,13538282,11030609,12412200,-89,226,-451,g5/117mA/117mA g5/117mA/117mA g4/117mA/117mA g4/117mA/117mA,,,,,,
18.801,HR,44,11985502,13546166,11034063,12417568,-88,225,-451,g5/117mA/117mA g5/117mA/117mA g4/117mA/117mA g4/117mA/117mA,,,,,,
18.801,HR,45,11990733,13554161,11037808,12423010,-87,228,-450,g5/117mA/117mA g5/117mA/117mA g4/117mA/117mA g4/117mA/117mA,,,,,,
18.801,HR,46,11996013,13562008,11042203,12428146,-86,230,-450,g5/117mA/117mA g5/117mA/117mA g4/117mA/117mA g4/117mA/117mA,,,,,,
18.801,HR,47,12001438,13570284,11046537,12433359,-86,231,-450,g5/117mA/117mA g5/117mA/117mA g4/117mA/117mA g4/117mA/117mA,,,,,,
18.801,HR,48,11988232,13557760,11037920,12425041,-86,231,-450,g5/117mA/117mA g5/117mA/117mA g4/117mA/117mA g4/117mA/117mA,,,,,,
18.801,HR,49,11959755,13517082,11017358,12398850,-86,231,-450,g5/117mA/117mA g5/117mA/117mA g4/117mA/117mA g4/117mA/117mA,,,,,,
18.832,HR,50,11938283,13481535,11000885,12375347,-86,231,-450,g5/117mA/117mA g5/117mA/117mA g4/117mA/117mA g4/117mA/117mA,,,,,,
18.897,HRV,17,12013299,13576102,11058862,12422347,-86,232,-451,g5/117mA/117mA g5/117mA/117mA g4/117mA/117mA g4/117mA/117mA,,,,,,
18.897,HRV,18,12018032,13583338,11062115,12428037,-86,231,-451,g5/117mA/117mA g5/117mA/117mA g4/117mA/117mA g4/117mA/117mA,,,,,,
18.898,HRV,19,12022981,13590759,11065357,12433291,-86,231,-451,g5/117mA/117mA g5/117mA/117mA g4/117mA/117mA g4/117mA/117mA,,,,,,
18.898,HRV,20,12028448,13599000,11069126,12439202,-86,231,-450,g5/117mA/117mA g5/117mA/117mA g4/117mA/117mA g4/117mA/117mA,,,,,,
18.898,HRV,21,12029830,13603410,11070414,12442470,-86,231,-450,g5/117mA/117mA g5/117mA/117mA g4/117mA/117mA g4/117mA/117mA,,,,,,
18.952,HRV,22,12005910,13576648,11053311,12425084,-86,231,-450,g5/117mA/117mA g5/117mA/117mA g4/117mA/117mA g4/117mA/117mA,,,,,,
18.952,HRV,23,11979154,13538233,11033099,12400343,-86,231,-450,g5/117mA/117mA g5/117mA/117mA g4/117mA/117mA g4/117mA/117mA,,,,,,
18.952,HRV,24,11962544,13511291,11019603,12383229,-86,231,-450,g5/117mA/117mA g5/117mA/117mA g4/117mA/117mA g4/117mA/117mA,,,,,,
18.952,HRV,25,11956086,13497923,11014108,12375133,-86,231,-450,g5/117mA/117mA g5/117mA/117mA g4/117mA/117mA g4/117mA/117mA,,,,,,
18.952,HRV,26,11954448,13492233,11011883,12372496,-86,231,-450,g5/117mA/117mA g5/117mA/117mA g4/117mA/117mA g4/117mA/117mA,,,,,,
18.952,HRV,27,11953186,13490612,11010961,12372026,-86,231,-450,g5/117mA/117mA g5/117mA/117mA g4/117mA/117mA g4/117mA/117mA,,,,,,
18.955,HRV,28,11954679,13491498,11011499,12373306,-86,231,-450,g5/117mA/117mA g5/117mA/117mA g4/117mA/117mA g4/117mA/117mA,,,,,,
18.955,HRV,29,11955558,13490492,11011634,12374007,-86,231,-450,g5/117mA/117mA g5/117mA/117mA g4/117mA/117mA g4/117mA/117mA,,,,,,
18.955,HRV,30,11951856,13486713,11009074,12371901,-86,231,-450,g5/117mA/117mA g5/117mA/117mA g4/117mA/117mA g4/117mA/117mA,,,,,,
18.955,HRV,31,11947275,13479844,11005041,12368531,-86,231,-450,g5/117mA/117mA g5/117mA/117mA g4/117mA/117mA g4/117mA/117mA,,,,,,
18.955,HRV,32,11944330,13474256,11002780,12365978,-86,231,-450,g5/117mA/117mA g5/117mA/117mA g4/117mA/117mA g4/117mA/117mA,,,,,,
18.955,HRV,33,11943886,13472857,11002285,12365895,-86,231,-450,g5/117mA/117mA g5/117mA/117mA g4/117mA/117mA g4/117mA/117mA,,,,,,
19.014,HRV,34,11945721,13475367,11003599,12367499,-86,231,-451,g5/117mA/117mA g5/117mA/117mA g4/117mA/117mA g4/117mA/117mA,,,,,,
19.014,HRV,35,11949192,13480884,11005893,12371396,-86,231,-450,g5/117mA/117mA g5/117mA/117mA g4/117mA/117mA g4/117mA/117mA,,,,,,
19.014,HRV,36,11952980,13488403,11008528,12376882,-86,231,-450,g5/117mA/117mA g5/117mA/117mA g4/117mA/117mA g4/117mA/117mA,,,,,,
19.014,HRV,37,11957324,13495901,11012018,12382539,-86,231,-450,g5/117mA/117mA g5/117mA/117mA g4/117mA/117mA g4/117mA/117mA,,,,,,
19.014,HRV,38,11962025,13503759,11015636,12388059,-86,231,-450,g5/117mA/117mA g5/117mA/117mA g4/117mA/117mA g4/117mA/117mA,,,,,,
19.1,HRV,39,11965854,13511248,11018596,12393082,-86,231,-450,g5/117mA/117mA g5/117mA/117mA g4/117mA/117mA g4/117mA/117mA,837,0,0,0,30,1
19.1,HRV,40,11969642,13517835,11021318,12397853,-87,231,-450,g5/117mA/117mA g5/117mA/117mA g4/117mA/117mA g4/117mA/117mA,,,,,,
19.1,HRV,41,11972961,13524702,11024407,12402545,-88,230,-450,g5/117mA/117mA g5/117mA/117mA g4/117mA/117mA g4/117mA/117mA,,,,,,
19.1,HRV,42,11976706,13531220,11027059,12407414,-89,228,-451,g5/117mA/117mA g5/117mA/117mA g4/117mA/117mA g4/117mA/117mA,,,,,,
19.137,HRV,43,11981007,13538282,11030609,12412200,-89,226,-451,g5/117mA/117mA g5/117mA/117mA g4/117mA/117mA g4/117mA/117mA,,,,,,
19.137,HRV,44,11985502,13546166,11034063,12417568,-88,225,-451,g5/117mA/117mA g5/117mA/117mA g4/117mA/117mA g4/117mA/117mA,,,,,,
19.137,HRV,45,11990733,13554161,11037808,12423010,-87,228,-450,g5/117mA/117mA g5/117mA/117mA g4/117mA/117mA g4/117mA/117mA,,,,,,
19.137,HRV,46,11996013,13562008,11042203,12428146,-86,230,-450,g5/117mA/117mA g5/117mA/117mA g4/117mA/117mA g4/117mA/117mA,,,,,,
19.137,HRV,47,12001438,13570284,11046537,12433359,-86,231,-450,g5/117mA/117mA g5/117mA/117mA g4/117mA/117mA g4/117mA/117mA,,,,,,
19.137,HRV,48,11988232,13557760,11037920,12425041,-86,231,-450,g5/117mA/117mA g5/117mA/117mA g4/117mA/117mA g4/117mA/117mA,,,,,,
19.143,HRV,49,11959755,13517082,11017358,12398850,-86,231,-450,g5/117mA/117mA g5/117mA/117mA g4/117mA/117mA g4/117mA/117mA,,,,,,
19.143,HRV,50,11938283,13481535,11000885,12375347,-86,231,-450,g5/117mA/117mA g5/117mA/117mA g4/117mA/117mA g4/117mA/117mA,,,,,,
19.378,HR,51,11927277,13460836,10992405,12362070,-87,232,-450,g5/117mA/117mA g5/117mA/117mA g4/117mA/117mA g4/117mA/117mA,,,,,,
19.378,HR,52,11924026,13452657,10988959,12356662,-87,231,-450,g5/117mA/117mA g5/117mA/117mA g4/117mA/117mA g4/117mA/117mA,,,,,,
19.378,HR,53,11922849,13448312,10988166,12354265,-87,230,-450,g5/117mA/117mA g5/117mA/117mA g4/117mA/117mA g4/117mA/117mA,,,,,,
19.378,HR,54,11923301,13446455,10988737,12353175,-86,230,-451,g5/117mA/117mA g5/117mA/117mA g4/117mA/117mA g4/117mA/117mA,,,,,,
19.378,HR,55,11924785,13447332,10989556,12353874,-86,230,-451,g5/117mA/117mA g5/117mA/117mA g4/117mA/117mA g4/117mA/117mA,,,,,,
19.436,HR,56,11922472,13444697,10988540,12352584,-86,231,-451,g5/117mA/117mA g5/117mA/117mA g4/117mA/117mA g4/117mA/117mA,,,,,,
19.436,HR,57,11917304,13438100,10985230,12349036,-86,231,-451,g5/117mA/117mA g5/117mA/117mA g4/117mA/117mA g4/117mA/117mA,,,,,,
19.436,HR,58,11913209,13430262,10982355,12344369,-86,231,-451,g5/117mA/117mA g5/117mA/117mA g4/117mA/117mA g4/117mA/117mA,,,,,,
19.436,HR,59,11912117,13424844,10981792,12341255,-86,231,-450,g5/117mA/117mA g5/117mA/117mA g4/117mA/117mA g4/117mA/117mA,,,,,,
19.436,HR,60,11913107,13424844,10982756,12341657,-86,230,-450,g5/117mA/117mA g5/117mA/117mA g4/117mA/117mA g4/117mA/117mA,,,,,,
19.436,HR,61,11914847,13429178,10984719,12344481,-86,230,-450,g5/117mA/117mA g5/117mA/117mA g4/117mA/117mA g4/117mA/117mA,,,,,,
19.497,HR,62,11918822,13434553,10988243,12348190,-86,230,-450,g5/117mA/117mA g5/117mA/117mA g4/117mA/117mA g4/117mA/117mA,,,,,,
19.497,HR,63,11923481,13440345,10992021,12352721,-86,231,-450,g5/117mA/117mA g5/117mA/117mA g4/117mA/117mA g4/117mA/117mA,,,,,,
19.497,HR,64,11927608,13447622,10995989,12357542,-86,231,-450,g5/117mA/117mA g5/117mA/117mA g4/117mA/117mA g4/117mA/117mA,54,99,0,1,0,0
19.497,HR,65,11932138,13453049,10999743,12361500,-86,230,-450,g5/117mA/117mA g5/117mA/117mA g4/117mA/117mA g4/117mA/117mA,,,,,,
19.497,HR,66,11935960,13459131,11003316,12365834,-86,230,-450,g5/117mA/117mA g5/117mA/117mA g4/117mA/117mA g4/117mA/117mA,,,,,,
20.184,HR,67,11939432,13464830,11006448,12369913,-86,230,-450,g5/117mA/117mA g5/117mA/117mA g4/117mA/117mA g4/117mA/117mA,,,,,,
20.184,HR,68,11943604,13470400,11010083,12373657,-86,230,-450,g5/117mA/117mA g5/117mA/117mA g4/117mA/117mA g4/117mA/117mA,,,,,,
20.184,HR,69,11946933,13476544,11013349,12378034,-86,230,-451,g5/117mA/117mA g5/117mA/117mA g4/117mA/117mA g4/117mA/117mA,,,,,,
20.184,HR,70,11951530,13483233,11017154,12382939,-86,230,-451,g5/117mA/117mA g5/117mA/117mA g4/117mA/117mA g4/117mA/117mA,,,,,,
20.184,HR,71,11955736,13490885,11021283,12387656,-86,231,-451,g5/117mA/117mA g5/117mA/117mA g4/117mA/117mA g4/117mA/117mA,,,,,,
20.184,HR,72,11960608,13498724,11025548,12392835,-86,230,-451,g5/117mA/117mA g5/117mA/117mA g4/117mA/117mA g4/117mA/117mA,,,,,,
20.301,HR,73,11965590,13507051,11029893,12397963,-86,230,-451,g5/117mA/117mA g5/117mA/117mA g4/117mA/117mA g4/117mA/117mA,,,,,,
20.301,HR,74,11971682,13514788,11034412,12403286,-86,230,-451,g5/117mA/117mA g5/117mA/117mA g4/117mA/117mA g4/117mA/117mA,,,,,,
20.301,HR,75,11968046,13515002,11032732,12403618,-86,230,-451,g5/117mA/117mA g5/117mA/117mA g4/117mA/117mA g4/117mA/117mA,,,,,,
20.301,HR,76,11938999,13476116,11012572,12378427,-86,230,-451,g5/117mA/117mA g5/117mA/117mA g4/117mA/117mA g4/117mA/117mA,,,,,,
20.301,HR,77,11911314,13431149,10992133,12348405,-86,230,-451,g5/117mA/117mA g5/117mA/117mA g4/117mA/117mA g4/117mA/117mA,,,,,,
20.338,HR,78,11894321,13400685,10978960,12327246,-86,230,-451,g5/117mA/117mA g5/117mA/117mA g4/117mA/117mA g4/117mA/117mA,,,,,,
20.338,HR,79,11887103,13384840,10972450,12315952,-86,230,-451,g5/117mA/117mA g5/117mA/117mA g4/117mA/117mA g4/117mA/117mA,,,,,,
20.338,HR,80,11882820,13376924,10969397,12310075,-86,230,-451,g5/117mA/117mA g5/117mA/117mA g4/117mA/117mA g4/117mA/117mA,,,,,,
20.338,HR,81,11880320,13370976,10967238,12305799,-86,230,-451,g5/117mA/117mA g5/117mA/117mA g4/117mA/117mA g4/117mA/117mA,,,,,,
20.338,HR,82,11879518,13367855,10967111,12303257,-86,230,-451,g5/117mA/117mA g5/117mA/117mA g4/117mA/117mA g4/117mA/117mA,,,,,,
20.338,HR,83,11878732,13364912,10966248,12300845,-86,230,-450,g5/117mA/117mA g5/117mA/117mA g4/117mA/117mA g4/117mA/117mA,,,,,,
20.338,HR,84,11875245,13359009,10963978,12296441,-86,231,-450,g5/117mA/117mA g5/117mA/117mA g4/117mA/117mA g4/117mA/117mA,,,,,,
20.399,HRV,51,11927277,13460836,10992405,12362070,-87,232,-450,g5/117mA/117mA g5/117mA/117mA g4/117mA/117mA g4/117mA/117mA,,,,,,
20.399,HRV,52,11924026,13452657,10988959,12356662,-87,231,-450,g5/117mA/117mA g5/117mA/117mA g4/117mA/117mA g4/117mA/117mA,,,,,,
20.399,HRV,53,11922849,13448312,10988166,12354265,-87,230,-450,g5/117mA/117mA g5/117mA/117mA g4/117mA/117mA g4/117mA/117mA,,,,,,
20.399,HRV,54,11923301,13446455,10988737,12353175,-86,230,-451,g5/117mA/117mA g5/117mA/117mA g4/117mA/117mA g4/117mA/117mA,,,,,,
20.399,HRV,55,11924785,13447332,10989556,12353874,-86,230,-451,g5/117mA/117mA g5/117mA/117mA g4/117mA/117mA g4/117mA/117mA,,,,,,
20.4,HRV,56,11922472,13444697,10988540,12352584,-86,231,-451,g5/117mA/117mA g5/117mA/117mA g4/117mA/117mA g4/117mA/117mA,,,,,,
20.4,HRV,57,11917304,13438100,10985230,12349036,-86,231,-451,g5/117mA/117mA g5/117mA/117mA g4/117mA/117mA g4/117mA/117mA,,,,,,
20.4,HRV,58,11913209,13430262,10982355,12344369,-86,231,-451,g5/117mA/117mA g5/117mA/117mA g4/117mA/117mA g4/117mA/117mA,,,,,,
20.4,HRV,59,11912117,13424844,10981792,12341255,-86,231,-450,g5/117mA/117mA g5/117mA/117mA g4/117mA/117mA g4/117mA/117mA,,,,,,
20.4,HRV,60,11913107,13424844,10982756,12341657,-86,230,-450,g5/117mA/117mA g5/117mA/117mA g4/117mA/117mA g4/117mA/117mA,,,,,,
20.4,HRV,61,11914847,13429178,10984719,12344481,-86,230,-450,g5/117mA/117mA g5/117mA/117mA g4/117mA/117mA g4/117mA/117mA,,,,,,
20.457,HRV,62,11918822,13434553,10988243,12348190,-86,230,-450,g5/117mA/117mA g5/117mA/117mA g4/117mA/117mA g4/117mA/117mA,,,,,,
20.458,HRV,63,11923481,13440345,10992021,12352721,-86,231,-450,g5/117mA/117mA g5/117mA/117mA g4/117mA/117mA g4/117mA/117mA,,,,,,
20.458,HRV,64,11927608,13447622,10995989,12357542,-86,231,-450,g5/117mA/117mA g5/117mA/117mA g4/117mA/117mA g4/117mA/117mA,813,788,0,0,30,2
20.458,HRV,65,11932138,13453049,10999743,12361500,-86,230,-450,g5/117mA/117mA g5/117mA/117mA g4/117mA/117mA g4/117mA/117mA,,,,,,
20.513,HRV,66,11935960,13459131,11003316,12365834,-86,230,-450,g5/117mA/117mA g5/117mA/117mA g4/117mA/117mA g4/117mA/117mA,,,,,,
20.513,HRV,67,11939432,13464830,11006448,12369913,-86,230,-450,g5/117mA/117mA g5/117mA/117mA g4/117mA/117mA g4/117mA/117mA,,,,,,
20.513,HRV,68,11943604,13470400,11010083,12373657,-86,230,-450,g5/117mA/117mA g5/117mA/117mA g4/117mA/117mA g4/117mA/117mA,,,,,,
20.513,HRV,69,11946933,13476544,11013349,12378034,-86,230,-451,g5/117mA/117mA g5/117mA/117mA g4/117mA/117mA g4/117mA/117mA,,,,,,
20.513,HRV,70,11951530,13483233,11017154,12382939,-86,230,-451,g5/117mA/117mA g5/117mA/117mA g4/117mA/117mA g4/117mA/117mA,,,,,,
20.513,HRV,71,11955736,13490885,11021283,12387656,-86,231,-451,g5/117mA/117mA g5/117mA/117mA g4/117mA/117mA g4/117mA/117mA,,,,,,
20.514,HRV,72,11960608,13498724,11025548,12392835,-86,230,-451,g5/117mA/117mA g5/117mA/117mA g4/117mA/117mA g4/117mA/117mA,,,,,,
20.515,HRV,73,11965590,13507051,11029893,12397963,-86,230,-451,g5/117mA/117mA g5/117mA/117mA g4/117mA/117mA g4/117mA/117mA,,,,,,
20.515,HRV,74,11971682,13514788,11034412,12403286,-86,230,-451,g5/117mA/117mA g5/117mA/117mA g4/117mA/117mA g4/117mA/117mA,,,,,,
20.515,HRV,75,11968046,13515002,11032732,12403618,-86,230,-451,g5/117mA/117mA g5/117mA/117mA g4/117mA/117mA g4/117mA/117mA,,,,,,
20.515,HRV,76,11938999,13476116,11012572,12378427,-86,230,-451,g5/117mA/117mA g5/117mA/117mA g4/117mA/117mA g4/117mA/117mA,,,,,,
20.577,HRV,77,11911314,13431149,10992133,12348405,-86,230,-451,g5/117mA/117mA g5/117mA/117mA g4/117mA/117mA g4/117mA/117mA,,,,,,
20.577,HRV,78,11894321,13400685,10978960,12327246,-86,230,-451,g5/117mA/117mA g5/117mA/117mA g4/117mA/117mA g4/117mA/117mA,,,,,,
20.577,HRV,79,11887103,13384840,10972450,12315952,-86,230,-451,g5/117mA/117mA g5/117mA/117mA g4/117mA/117mA g4/117mA/117mA,,,,,,
20.577,HRV,80,11882820,13376924,10969397,12310075,-86,230,-451,g5/117mA/117mA g5/117mA/117mA g4/117mA/117mA g4/117mA/117mA,,,,,,
20.577,HRV,81,11880320,13370976,10967238,12305799,-86,230,-451,g5/117mA/117mA g5/117mA/117mA g4/117mA/117mA g4/117mA/117mA,,,,,,
20.577,HRV,82,11879518,13367855,10967111,12303257,-86,230,-451,g5/117mA/117mA g5/117mA/117mA g4/117mA/117mA g4/117mA/117mA,,,,,,
20.634,HRV,83,11878732,13364912,10966248,12300845,-86,230,-450,g5/117mA/117mA g5/117mA/117mA g4/117mA/117mA g4/117mA/117mA,,,,,,
20.634,HRV,84,11875245,13359009,10963978,12296441,-86,231,-450,g5/117mA/117mA g5/117mA/117mA g4/117mA/117mA g4/117mA/117mA,,,,,,
21.236,HR,85,11870534,13350818,10960585,12291723,-86,230,-451,g5/117mA/117mA g5/117mA/117mA g4/117mA/117mA g4/117mA/117mA,,,,,,
21.236,HR,86,11867498,13345084,10958451,12287143,-86,230,-451,g5/117mA/117mA g5/117mA/117mA g4/117mA/117mA g4/117mA/117mA,,,,,,
21.236,HR,87,11867251,13342542,10958322,12284880,-86,230,-451,g5/117mA/117mA g5/117mA/117mA g4/117mA/117mA g4/117mA/117mA,,,,,,
21.236,HR,88,11868684,13344053,10959909,12285674,-86,230,-451,g5/117mA/117mA g5/117mA/117mA g4/117mA/117mA g4/117mA/117mA,,,,,,
21.236,HR,89,11872044,13349275,10962486,12288439,-86,230,-451,g5/117mA/117mA g5/117mA/117mA g4/117mA/117mA g4/117mA/117mA,54,99,0,1,0,0
21.296,HR,90,11876294,13355688,10966070,12292464,-86,230,-451,g5/117mA/117mA g5/117mA/117mA g4/117mA/117mA g4/117mA/117mA,,,,,,
21.296,HR,91,11880535,13362669,10970097,12296970,-86,230,-451,g5/117mA/117mA g5/117mA/117mA g4/117mA/117mA g4/117mA/117mA,,,,,,
21.297,HR,92,11885166,13370619,10973712,12302182,-86,229,-450,g5/117mA/117mA g5/117mA/117mA g4/117mA/117mA g4/117mA/117mA,,,,,,
21.297,HR,93,11889705,13377042,10977048,12306372,-86,228,-450,g5/117mA/117mA g5/117mA/117mA g4/117mA/117mA g4/117mA/117mA,,,,,,
21.297,HR,94,11893417,13383425,10980418,12311208,-86,228,-450,g5/117mA/117mA g5/117mA/117mA g4/117mA/117mA g4/117mA/117mA,,,,,,
21.297,HR,95,11897513,13389841,10983430,12315558,-86,229,-451,g5/117mA/117mA g5/117mA/117mA g4/117mA/117mA g4/117mA/117mA,,,,,,
21.361,HR,96,11901069,13396605,10986748,12320200,-86,230,-451,g5/117mA/117mA g5/117mA/117mA g4/117mA/117mA g4/117mA/117mA,,,,,,
21.361,HR,97,11906017,13403796,10990571,12324918,-86,230,-451,g5/117mA/117mA g5/117mA/117mA g4/117mA/117mA g4/117mA/117mA,,,,,,
21.361,HR,98,11910879,13411415,10994256,12330258,-86,230,-451,g5/117mA/117mA g5/117mA/117mA g4/117mA/117mA g4/117mA/117mA,,,,,,
21.361,HR,99,11916041,13419810,10998376,12335744,-86,230,-451,g5/117mA/117mA g5/117mA/117mA g4/117mA/117mA g4/117mA/117mA,,,,,,
21.361,HR,100,11921168,13429033,11002899,12341913,-86,230,-451,g5/117mA/117mA g5/117mA/117mA g4/117mA/117mA g4/117mA/117mA,,,,,,
21.362,HR,101,11926270,13437802,11007003,12348423,-86,230,-451,g5/117mA/117mA g5/117mA/117mA g4/117mA/117mA g4/117mA/117mA,,,,,,
21.362,HR,102,11932251,13446428,11011524,12354343,-82,231,-451,g5/117mA/117mA g5/117mA/117mA g4/117mA/117mA g4/117mA/117mA,,,,,,
21.362,HR,103,11938436,13455583,11016130,12360203,-83,230,-451,g5/117mA/117mA g5/117mA/117mA g4/117mA/117mA g4/117mA/117mA,,,,,,
21.362,HR,104,11930988,13450745,11011721,12357167,-93,225,-451,g5/117mA/117mA g5/117mA/117mA g4/117mA/117mA g4/117mA/117mA,,,,,,
21.362,HR,105,11901257,13407474,10990051,12328314,-89,228,-450,g5/117mA/117mA g5/117mA/117mA g4/117mA/117mA g4/117mA/117mA,,,,,,
21.362,HR,106,11875919,13364135,10970190,12298319,-87,230,-450,g5/117mA/117mA g5/117mA/117mA g4/117mA/117mA g4/117mA/117mA,,,,,,
21.446,HR,107,11861117,13336732,10958503,12279010,-87,229,-451,g5/117mA/117mA g5/117mA/117mA g4/117mA/117mA g4/117mA/117mA,,,,,,
21.446,HR,108,11855111,13323202,10953307,12269073,-87,229,-451,g5/117mA/117mA g5/117mA/117mA g4/117mA/117mA g4/117mA/117mA,,,,,,
21.446,HR,109,11851902,13315925,10950336,12263714,-87,229,-451,g5/117mA/117mA g5/117mA/117mA g4/117mA/117mA g4/117mA/117mA,,,,,,
21.446,HR,110,11849481,13310261,10948606,12259228,-86,229,-451,g5/117mA/117mA g5/117mA/117mA g4/117mA/117mA g4/117mA/117mA,,,,,,
21.446,HR,111,11849446,13308239,10948366,12257368,-86,229,-451,g5/117mA/117mA g5/117mA/117mA g4/117mA/117mA g4/117mA/117mA,,,,,,
21.446,HR,112,11848056,13304750,10947411,12255049,-86,229,-451,g5/117mA/117mA g5/117mA/117mA g4/117mA/117mA g4/117mA/117mA,,,,,,
21.475,HR,113,11845079,13297967,10944989,12250338,-86,230,-451,g5/117mA/117mA g5/117mA/117mA g4/117mA/117mA g4/117mA/117mA,,,,,,
21.475,HR,114,11841477,13290826,10942190,12245185,-86,229,-451,g5/117mA/117mA g5/117mA/117mA g4/117mA/117mA g4/117mA/117mA,54,99,0,1,0,0
21.475,HR,115,11839789,13285171,10940851,12241559,-86,229,-451,g5/117mA/117mA g5/117mA/117mA g4/117mA/117mA g4/117mA/117mA,,,,,,
21.475,HR,116,11839789,13284598,10941286,12240793,-86,229,-451,g5/117mA/117mA g5/117mA/117mA g4/117mA/117mA g4/117mA/117mA,,,,,,
21.475,HR,117,11842450,13287242,10943316,12242548,-87,229,-451,g5/117mA/117mA g5/117mA/117mA g4/117mA/117mA g4/117mA/117mA,,,,,,
21.475,HR,118,11846536,13292337,10946310,12245764,-95,168,-463,g5/117mA/117mA g5/117mA/117mA g4/117mA/117mA g4/117mA/117mA,,,,,,
21.534,HRV,85,11870534,13350818,10960585,12291723,-86,230,-451,g5/117mA/117mA g5/117mA/117mA g4/117mA/117mA g4/117mA/117mA,,,,,,
21.534,HRV,86,11867498,13345084,10958451,12287143,-86,230,-451,g5/117mA/117mA g5/117mA/117mA g4/117mA/117mA g4/117mA/117mA,,,,,,
21.534,HRV,87,11867251,13342542,10958322,12284880,-86,230,-451,g5/117mA/117mA g5/117mA/117mA g4/117mA/117mA g4/117mA/117mA,,,,,,
21.534,HRV,88,11868684,13344053,10959909,12285674,-86,230,-451,g5/117mA/117mA g5/117mA/117mA g4/117mA/117mA g4/117mA/117mA,,,,,,
21.537,HRV,89,11872044,13349275,10962486,12288439,-86,230,-451,g5/117mA/117mA g5/117mA/117mA g4/117mA/117mA g4/117mA/117mA,789,0,0,0,30,1
21.537,HRV,90,11876294,13355688,10966070,12292464,-86,230,-451,g5/117mA/117mA g5/117mA/117mA g4/117mA/117mA g4/117mA/117mA,,,,,,
21.537,HRV,91,11880535,13362669,10970097,12296970,-86,230,-451,g5/117mA/117mA g5/117mA/117mA g4/117mA/117mA g4/117mA/117mA,,,,,,
21.537,HRV,92,11885166,13370619,10973712,12302182,-86,229,-450,g5/117mA/117mA g5/117mA/117mA g4/117mA/117mA g4/117mA/117mA,,,,,,
21.537,HRV,93,11889705,13377042,10977048,12306372,-86,228,-450,g5/117mA/117mA g5/117mA/117mA g4/117mA/117mA g4/117mA/117mA,,,,,,
21.656,HRV,94,11893417,13383425,10980418,12311208,-86,228,-450,g5/117mA/117mA g5/117mA/117mA g4/117mA/117mA g4/117mA/117mA,,,,,,
21.656,HRV,95,11897513,13389841,10983430,12315558,-86,229,-451,g5/117mA/117mA g5/117mA/117mA g4/117mA/117mA g4/117mA/117mA,,,,,,
21.656,HRV,96,11901069,13396605,10986748,12320200,-86,230,-451,g5/117mA/117mA g5/117mA/117mA g4/117mA/117mA g4/117mA/117mA,,,,,,
21.656,HRV,97,11906017,13403796,10990571,12324918,-86,230,-451,g5/117mA/117mA g5/117mA/117mA g4/117mA/117mA g4/117mA/117mA,,,,,,
21.656,HRV,98,11910879,13411415,10994256,12330258,-86,230,-451,g5/117mA/117mA g5/117mA/117mA g4/117mA/117mA g4/117mA/117mA,,,,,,
21.657,HRV,99,11916041,13419810,10998376,12335744,-86,230,-451,g5/117mA/117mA g5/117mA/117mA g4/117mA/117mA g4/117mA/117mA,,,,,,
21.657,HRV,100,11921168,13429033,11002899,12341913,-86,230,-451,g5/117mA/117mA g5/117mA/117mA g4/117mA/117mA g4/117mA/117mA,,,,,,
21.657,HRV,101,11926270,13437802,11007003,12348423,-86,230,-451,g5/117mA/117mA g5/117mA/117mA g4/117mA/117mA g4/117mA/117mA,,,,,,
21.657,HRV,102,11932251,13446428,11011524,12354343,-82,231,-451,g5/117mA/117mA g5/117mA/117mA g4/117mA/117mA g4/117mA/117mA,,,,,,
21.657,HRV,103,11938436,13455583,11016130,12360203,-83,230,-451,g5/117mA/117mA g5/117mA/117mA g4/117mA/117mA g4/117mA/117mA,,,,,,
21.657,HRV,104,11930988,13450745,11011721,12357167,-93,225,-451,g5/117mA/117mA g5/117mA/117mA g4/117mA/117mA g4/117mA/117mA,,,,,,
21.715,HRV,105,11901257,13407474,10990051,12328314,-89,228,-450,g5/117mA/117mA g5/117mA/117mA g4/117mA/117mA g4/117mA/117mA,,,,,,
21.715,HRV,106,11875919,13364135,10970190,12298319,-87,230,-450,g5/117mA/117mA g5/117mA/117mA g4/117mA/117mA g4/117mA/117mA,,,,,,
21.715,HRV,107,11861117,13336732,10958503,12279010,-87,229,-451,g5/117mA/117mA g5/117mA/117mA g4/117mA/117mA g4/117mA/117mA,,,,,,
21.715,HRV,108,11855111,13323202,10953307,12269073,-87,229,-451,g5/117mA/117mA g5/117mA/117mA g4/117mA/117mA g4/117mA/117mA,,,,,,
21.715,HRV,109,11851902,13315925,10950336,12263714,-87,229,-451,g5/117mA/117mA g5/117mA/117mA g4/117mA/117mA g4/117mA/117mA,,,,,,
21.719,HRV,110,11849481,13310261,10948606,12259228,-86,229,-451,g5/117mA/117mA g5/117mA/117mA g4/117mA/117mA g4/117mA/117mA,,,,,,
21.719,HRV,111,11849446,13308239,10948366,12257368,-86,229,-451,g5/117mA/117mA g5/117mA/117mA g4/117mA/117mA g4/117mA/117mA,,,,,,
21.719,HRV,112,11848056,13304750,10947411,12255049,-86,229,-451,g5/117mA/117mA g5/117mA/117mA g4/117mA/117mA g4/117mA/117mA,,,,,,
21.719,HRV,113,11845079,13297967,10944989,12250338,-86,230,-451,g5/117mA/117mA g5/117mA/117mA g4/117mA/117mA g4/117mA/117mA,,,,,,
21.719,HRV,114,11841477,13290826,10942190,12245185,-86,229,-451,g5/117mA/117mA g5/117mA/117mA g4/117mA/117mA g4/117mA/117mA,830,803,0,0,30,2
21.801,HRV,115,11839789,13285171,10940851,12241559,-86,229,-451,g5/117mA/117mA g5/117mA/117mA g4/117mA/117mA g4/117mA/117mA,,,,,,
21.801,HRV,116,11839789,13284598,10941286,12240793,-86,229,-451,g5/117mA/117mA g5/117mA/117mA g4/117mA/117mA g4/117mA/117mA,,,,,,
21.801,HRV,117,11842450,13287242,10943316,12242548,-87,229,-451,g5/117mA/117mA g5/117mA/117mA g4/117mA/117mA g4/117mA/117mA,,,,,,
21.801,HRV,118,11846536,13292337,10946310,12245764,-95,168,-463,g5/117mA/117mA g5/117mA/117mA g4/117mA/117mA g4/117mA/117mA,,,,,,
22.077,HR,119,11850682,13299511,10950109,12250313,-82,232,-450,g5/117mA/117mA g5/117mA/117mA g4/117mA/117mA g4/117mA/117mA,,,,,,
22.078,HR,120,11855717,13307301,10953999,12255679,-85,231,-450,g5/117mA/117mA g5/117mA/117mA g4/117mA/117mA g4/117mA/117mA,,,,,,
22.078,HR,121,11860818,13314798,10957819,12260916,-89,230,-450,g5/117mA/117mA g5/117mA/117mA g4/117mA/117mA g4/117mA/117mA,,,,,,
22.078,HR,122,11864855,13321718,10961360,12265626,-88,230,-450,g5/117mA/117mA g5/117mA/117mA g4/117mA/117mA g4/117mA/117mA,,,,,,
22.078,HR,123,11869691,13328049,10964961,12270011,-86,230,-450,g5/117mA/117mA g5/117mA/117mA g4/117mA/117mA g4/117mA/117mA,,,,,,
22.102,HR,124,11873640,13335163,10968576,12275070,-85,230,-450,g5/117mA/117mA g5/117mA/117mA g4/117mA/117mA g4/117mA/117mA,,,,,,
22.102,HR,125,11878155,13342320,10972153,12279992,-85,231,-450,g5/117mA/117mA g5/117mA/117mA g4/117mA/117mA g4/117mA/117mA,,,,,,
22.102,HR,126,11882922,13350246,10975999,12285411,-85,232,-450,g5/117mA/117mA g5/117mA/117mA g4/117mA/117mA g4/117mA/117mA,,,,,,
22.102,HR,127,11888246,13358829,10979993,12291680,-85,232,-450,g5/117mA/117mA g5/117mA/117mA g4/117mA/117mA g4/117mA/117mA,,,,,,
22.102,HR,128,11894219,13367829,10984651,12297882,-84,231,-451,g5/117mA/117mA g5/117mA/117mA g4/117mA/117mA g4/117mA/117mA,,,,,,
22.102,HR,129,11900113,13377521,10989188,12304520,-84,231,-451,g5/117mA/117mA g5/117mA/117mA g4/117mA/117mA g4/117mA/117mA,,,,,,
22.137,HR,130,11906358,13387228,10994034,12311013,-84,231,-450,g5/117mA/117mA g5/117mA/117mA g4/117mA/117mA g4/117mA/117mA,,,,,,
22.137,HR,131,11912654,13396144,10998599,12317565,-84,231,-450,g5/117mA/117mA g5/117mA/117mA g4/117mA/117mA g4/117mA/117mA,,,,,,
22.137,HR,132,11918958,13406748,11003632,12324321,-85,232,-450,g5/117mA/117mA g5/117mA/117mA g4/117mA/117mA g4/117mA/117mA,,,,,,
22.137,HR,133,11920288,13411936,11004938,12327921,-85,232,-450,g5/117mA/117mA g5/117mA/117mA g4/117mA/117mA g4/117mA/117mA,,,,,,
22.137,HR,134,11894279,13377580,10986834,12304324,-85,232,-450,g5/117mA/117mA g5/117mA/117mA g4/117mA/117mA g4/117mA/117mA,,,,,,
22.162,HR,135,11867464,13332586,10966241,12272502,-85,232,-450,g5/117mA/117mA g5/117mA/117mA g4/117mA/117mA g4/117mA/117mA,,,,,,
22.162,HR,136,11849856,13302259,10952547,12249374,-85,232,-451,g5/117mA/117mA g5/117mA/117mA g4/117mA/117mA g4/117mA/117mA,,,,,,
22.162,HR,137,11842246,13286493,10946122,12237404,-84,232,-450,g5/117mA/117mA g5/117mA/117mA g4/117mA/117mA g4/117mA/117mA,,,,,,
22.162,HR,138,11839156,13278660,10943505,12230879,-84,232,-450,g5/117mA/117mA g5/117mA/117mA g4/117mA/117mA g4/117mA/117mA,,,,,,
22.162,HR,139,11836846,13273697,10941490,12226493,-84,232,-450,g5/117mA/117mA g5/117mA/117mA g4/117mA/117mA g4/117mA/117mA,54,99,0,1,0,0
22.194,HR,140,11836845,13270896,10941141,12224172,-84,232,-450,g5/117mA/117mA g5/117mA/117mA g4/117mA/117mA g4/117mA/117mA,,,,,,
22.194,HR,141,11836632,13268850,10940877,12222338,-83,232,-450,g5/117mA/117mA g5/117mA/117mA g4/117mA/117mA g4/117mA/117mA,,,,,,
22.194,HR,142,11833733,13264182,10938481,12218901,-83,232,-450,g5/117mA/117mA g5/117mA/117mA g4/117mA/117mA g4/117mA/117mA,,,,,,
22.194,HR,143,11830037,13256727,10935638,12213603,-83,232,-450,g5/117mA/117mA g5/117mA/117mA g4/117mA/117mA g4/117mA/117mA,,,,,,
22.194,HR,144,11827290,13251873,10933616,12209917,-83,232,-450,g5/117mA/117mA g5/117mA/117mA g4/117mA/117mA g4/117mA/117mA,,,,,,
22.194,HR,145,11828322,13249832,10933635,12208417,-84,232,-450,g5/117mA/117mA g5/117mA/117mA g4/117mA/117mA g4/117mA/117mA,,,,,,
22.552,HR,146,11830532,13252120,10935187,12209720,-84,232,-450,g5/117mA/117mA g5/117mA/117mA g4/117mA/117mA g4/117mA/117mA,,,,,,
22.552,HR,147,11834235,13257460,10938180,12212800,-84,232,-450,g5/117mA/117mA g5/117mA/117mA g4/117mA/117mA g4/117mA/117mA,,,,,,
22.552,HR,148,11838646,13264857,10941550,12217552,-84,232,-450,g5/117mA/117mA g5/117mA/117mA g4/117mA/117mA g4/117mA/117mA,,,,,,
22.552,HR,149,11843799,13272945,10945339,12223404,-84,232,-450,g5/117mA/117mA g5/117mA/117mA g4/117mA/117mA g4/117mA/117mA,,,,,,
22.552,HR,150,11848764,13281288,10949331,12229094,-84,231,-450,g5/117mA/117mA g5/117mA/117mA g4/117mA/117mA g4/117mA/117mA,,,,,,
22.553,HR,151,11852979,13289340,10952172,12234905,-84,230,-450,g5/117mA/117mA g5/117mA/117mA g4/117mA/117mA g4/117mA/117mA,,,,,,
22.582,HR,152,11857696,13296730,10955389,12240314,-85,230,-450,g5/117mA/117mA g5/117mA/117mA g4/117mA/117mA g4/117mA/117mA,,,,,,
22.616,HRV,119,11850682,13299511,10950109,12250313,-82,232,-450,g5/117mA/117mA g5/117mA/117mA g4/117mA/117mA g4/117mA/117mA,,,,,,
22.616,HRV,120,11855717,13307301,10953999,12255679,-85,231,-450,g5/117mA/117mA g5/117mA/117mA g4/117mA/117mA g4/117mA/117mA,,,,,,
22.616,HRV,121,11860818,13314798,10957819,12260916,-89,230,-450,g5/117mA/117mA g5/117mA/117mA g4/117mA/117mA g4/117mA/117mA,,,,,,
22.616,HRV,122,11864855,13321718,10961360,12265626,-88,230,-450,g5/117mA/117mA g5/117mA/117mA g4/117mA/117mA g4/117mA/117mA,,,,,,
22.616,HRV,123,11869691,13328049,10964961,12270011,-86,230,-450,g5/117mA/117mA g5/117mA/117mA g4/117mA/117mA g4/117mA/117mA,,,,,,
22.677,HRV,124,11873640,13335163,10968576,12275070,-85,230,-450,g5/117mA/117mA g5/117mA/117mA g4/117mA/117mA g4/117mA/117mA,,,,,,
22.677,HRV,125,11878155,13342320,10972153,12279992,-85,231,-450,g5/117mA/117mA g5/117mA/117mA g4/117mA/117mA g4/117mA/117mA,,,,,,
22.677,HRV,126,11882922,13350246,10975999,12285411,-85,232,-450,g5/117mA/117mA g5/117mA/117mA g4/117mA/117mA g4/117mA/117mA,,,,,,
22.677,HRV,127,11888246,13358829,10979993,12291680,-85,232,-450,g5/117mA/117mA g5/117mA/117mA g4/117mA/117mA g4/117mA/117mA,,,,,,
22.677,HRV,128,11894219,13367829,10984651,12297882,-84,231,-451,g5/117mA/117mA g5/117mA/117mA g4/117mA/117mA g4/117mA/117mA,,,,,,
22.677,HRV,129,11900113,13377521,10989188,12304520,-84,231,-451,g5/117mA/117mA g5/117mA/117mA g4/117mA/117mA g4/117mA/117mA,,,,,,
22.736,HRV,130,11906358,13387228,10994034,12311013,-84,231,-450,g5/117mA/117mA g5/117mA/117mA g4/117mA/117mA g4/117mA/117mA,,,,,,
22.736,HRV,131,11912654,13396144,10998599,12317565,-84,231,-450,g5/117mA/117mA g5/117mA/117mA g4/117mA/117mA g4/117mA/117mA,,,,,,
22.736,HRV,132,11918958,13406748,11003632,12324321,-85,232,-450,g5/117mA/117mA g5/117mA/117mA g4/117mA/117mA g4/117mA/117mA,,,,,,
22.736,HRV,133,11920288,13411936,11004938,12327921,-85,232,-450,g5/117mA/117mA g5/117mA/117mA g4/117mA/117mA g4/117mA/117mA,,,,,,
22.736,HRV,134,11894279,13377580,10986834,12304324,-85,232,-450,g5/117mA/117mA g5/117mA/117mA g4/117mA/117mA g4/117mA/117mA,,,,,,
22.736,HRV,135,11867464,13332586,10966241,12272502,-85,232,-450,g5/117mA/117mA g5/117mA/117mA g4/117mA/117mA g4/117mA/117mA,,,,,,
22.737,HRV,136,11849856,13302259,10952547,12249374,-85,232,-451,g5/117mA/117mA g5/117mA/117mA g4/117mA/117mA g4/117mA/117mA,,,,,,
22.737,HRV,137,11842246,13286493,10946122,12237404,-84,232,-450,g5/117mA/117mA g5/117mA/117mA g4/117mA/117mA g4/117mA/117mA,,,,,,
22.737,HRV,138,11839156,13278660,10943505,12230879,-84,232,-450,g5/117mA/117mA g5/117mA/117mA g4/117mA/117mA g4/117mA/117mA,,,,,,
22.737,HRV,139,11836846,13273697,10941490,12226493,-84,232,-450,g5/117mA/117mA g5/117mA/117mA g4/117mA/117mA g4/117mA/117mA,754,782,0,0,30,2
22.855,HRV,140,11836845,13270896,10941141,12224172,-84,232,-450,g5/117mA/117mA g5/117mA/117mA g4/117mA/117mA g4/117mA/117mA,,,,,,
22.855,HRV,141,11836632,13268850,10940877,12222338,-83,232,-450,g5/117mA/117mA g5/117mA/117mA g4/117mA/117mA g4/117mA/117mA,,,,,,
22.855,HRV,142,11833733,13264182,10938481,12218901,-83,232,-450,g5/117mA/117mA g5/117mA/117mA g4/117mA/117mA g4/117mA/117mA,,,,,,
22.855,HRV,143,11830037,13256727,10935638,12213603,-83,232,-450,g5/117mA/117mA g5/117mA/117mA g4/117mA/117mA g4/117mA/117mA,,,,,,
22.855,HRV,144,11827290,13251873,10933616,12209917,-83,232,-450,g5/117mA/117mA g5/117mA/117mA g4/117mA/117mA g4/117mA/117mA,,,,,,
22.855,HRV,145,11828322,13249832,10933635,12208417,-84,232,-450,g5/117mA/117mA g5/117mA/117mA g4/117mA/117mA g4/117mA/117mA,,,,,,
22.86,HRV,146,11830532,13252120,10935187,12209720,-84,232,-450,g5/117mA/117mA g5/117mA/117mA g4/117mA/117mA g4/117mA/117mA,,,,,,
22.86,HRV,147,11834235,13257460,10938180,12212800,-84,232,-450,g5/117mA/117mA g5/117mA/117mA g4/117mA/117mA g4/117mA/117mA,,,,,,
22.86,HRV,148,11838646,13264857,10941550,12217552,-84,232,-450,g5/117mA/117mA g5/117mA/117mA g4/117mA/117mA g4/117mA/117mA,,,,,,
22.86,HRV,149,11843799,13272945,10945339,12223404,-84,232,-450,g5/117mA/117mA g5/117mA/117mA g4/117mA/117mA g4/117mA/117mA,,,,,,
22.86,HRV,150,11848764,13281288,10949331,12229094,-84,231,-450,g5/117mA/117mA g5/117mA/117mA g4/117mA/117mA g4/117mA/117mA,,,,,,
22.86,HRV,151,11852979,13289340,10952172,12234905,-84,230,-450,g5/117mA/117mA g5/117mA/117mA g4/117mA/117mA g4/117mA/117mA,,,,,,
22.881,HRV,152,11857696,13296730,10955389,12240314,-85,230,-450,g5/117mA/117mA g5/117mA/117mA g4/117mA/117mA g4/117mA/117mA,,,,,,
23.274,HR,158,11863583,13306506,10959722,12247556,-85,232,-450,g5/117mA/117mA g5/117mA/117mA g4/117mA/117mA g4/117mA/117mA,,,,,,
23.274,HR,159,11869717,13317530,10963859,12255055,-83,232,-450,g5/117mA/117mA g5/117mA/117mA g4/117mA/117mA g4/117mA/117mA,,,,,,
23.274,HR,160,11876243,13327656,10968374,12262341,-83,232,-449,g5/117mA/117mA g5/117mA/117mA g4/117mA/117mA g4/117mA/117mA,,,,,,
23.274,HR,161,11880800,13335931,10971835,12268228,-83,232,-449,g5/117mA/117mA g5/117mA/117mA g4/117mA/117mA g4/117mA/117mA,,,,,,
23.274,HR,162,11860930,13311687,10958007,12251318,-84,233,-449,g5/117mA/117mA g5/117mA/117mA g4/117mA/117mA g4/117mA/117mA,,,,,,
23.274,HR,163,11833997,13269438,10937524,12220067,-83,233,-450,g5/117mA/117mA g5/117mA/117mA g4/117mA/117mA g4/117mA/117mA,,,,,,
23.336,HR,164,11841316,13278362,10941550,12225060,-83,233,-450,g5/117mA/117mA g5/117mA/117mA g4/117mA/117mA g4/117mA/117mA,54,99,0,1,0,0
23.336,HR,165,11833186,13262808,10934734,12212518,-83,233,-450,g5/117mA/117mA g5/117mA/117mA g4/117mA/117mA g4/117mA/117mA,,,,,,
23.336,HR,166,11830652,13255864,10932593,12206249,-83,233,-449,g5/117mA/117mA g5/117mA/117mA g4/117mA/117mA g4/117mA/117mA,,,,,,
23.336,HR,167,11829339,13251345,10931218,12202777,-84,233,-449,g5/117mA/117mA g5/117mA/117mA g4/117mA/117mA g4/117mA/117mA,,,,,,
23.336,HR,168,11828886,13250517,10930895,12201429,-84,233,-450,g5/117mA/117mA g5/117mA/117mA g4/117mA/117mA g4/117mA/117mA,,,,,,
23.337,HR,169,11828816,13250260,10930682,12200934,-84,233,-450,g5/117mA/117mA g5/117mA/117mA g4/117mA/117mA g4/117mA/117mA,,,,,,
23.337,HR,170,11826402,13245320,10928506,12196564,-84,233,-450,g5/117mA/117mA g5/117mA/117mA g4/117mA/117mA g4/117mA/117mA,,,,,,
23.337,HR,171,11822369,13238155,10925170,12191387,-83,233,-450,g5/117mA/117mA g5/117mA/117mA g4/117mA/117mA g4/117mA/117mA,,,,,,
23.337,HR,172,11819322,13233071,10922945,12187215,-83,233,-450,g5/117mA/117mA g5/117mA/117mA g4/117mA/117mA g4/117mA/117mA,,,,,,
23.337,HR,173,11819510,13231986,10922610,12186201,-83,233,-449,g5/117mA/117mA g5/117mA/117mA g4/117mA/117mA g4/117mA/117mA,,,,,,
23.337,HR,174,11821371,13233760,10924387,12187248,-83,233,-449,g5/117mA/117mA g5/117mA/117mA g4/117mA/117mA g4/117mA/117mA,,,,,,
23.393,HR,175,11825295,13238786,10927125,12190720,-84,233,-449,g5/117mA/117mA g5/117mA/117mA g4/117mA/117mA g4/117mA/117mA,,,,,,
23.393,HR,176,11829747,13246413,10930537,12195780,-84,233,-449,g5/117mA/117mA g5/117mA/117mA g4/117mA/117mA g4/117mA/117mA,,,,,,
23.393,HR,177,11834475,13254244,10934419,12201181,-83,233,-449,g5/117mA/117mA g5/117mA/117mA g4/117mA/117mA g4/117mA/117mA,,,,,,
23.393,HR,178,11839592,13261930,10938129,12207085,-83,233,-450,g5/117mA/117mA g5/117mA/117mA g4/117mA/117mA g4/117mA/117mA,,,,,,
23.393,HR,179,11844199,13269814,10941004,12212160,-83,232,-450,g5/117mA/117mA g5/117mA/117mA g4/117mA/117mA g4/117mA/117mA,,,,,,
23.397,HR,180,11848524,13276365,10944639,12217297,-83,233,-450,g5/117mA/117mA g5/117mA/117mA g4/117mA/117mA g4/117mA/117mA,,,,,,
23.397,HR,181,11852731,13283344,10947711,12222160,-83,233,-450,g5/117mA/117mA g5/117mA/117mA g4/117mA/117mA g4/117mA/117mA,,,,,,
23.397,HR,182,11856723,13291347,10950697,12228039,-83,233,-450,g5/117mA/117mA g5/117mA/117mA g4/117mA/117mA g4/117mA/117mA,,,,,,
23.397,HR,183,11861979,13299554,10954297,12233736,-84,233,-450,g5/117mA/117mA g5/117mA/117mA g4/117mA/117mA g4/117mA/117mA,,,,,,
23.397,HR,184,11867522,13308460,10958307,12240074,-84,233,-450,g5/117mA/117mA g5/117mA/117mA g4/117mA/117mA g4/117mA/117mA,,,,,,
23.397,HR,185,11872966,13318202,10962035,12247070,-84,233,-449,g5/117mA/117mA g5/117mA/117mA g4/117mA/117mA g4/117mA/117mA,,,,,,
23.455,HRV,153,11862072,13303787,10958851,12245552,-86,232,-451,g5/117mA/117mA g5/117mA/117mA g4/117mA/117mA g4/117mA/117mA,,,,,,
23.455,HRV,154,11866610,13311625,10962171,12250979,-81,233,-449,g5/117mA/117mA g5/117mA/117mA g4/117mA/117mA g4/117mA/117mA,,,,,,
23.455,HRV,155,11871396,13319714,10965522,12256659,-80,234,-449,g5/117mA/117mA g5/117mA/117mA g4/117mA/117mA g4/117mA/117mA,,,,,,
23.455,HRV,156,11876925,13328935,10969302,12263272,-81,233,-450,g5/117mA/117mA g5/117mA/117mA g4/117mA/117mA g4/117mA/117mA,,,,,,
23.455,HRV,157,11883212,13338490,10973970,12269807,-88,232,-450,g5/117mA/117mA g5/117mA/117mA g4/117mA/117mA g4/117mA/117mA,,,,,,
23.457,HRV,158,11889099,13348266,10978303,12277049,-85,232,-450,g5/117mA/117mA g5/117mA/117mA g4/117mA/117mA g4/117mA/117mA,,,,,,
23.457,HRV,159,11895233,13359290,10982440,12284548,-83,232,-450,g5/117mA/117mA g5/117mA/117mA g4/117mA/117mA g4/117mA/117mA,,,,,,
23.457,HRV,160,11901759,13369416,10986955,12291834,-83,232,-449,g5/117mA/117mA g5/117mA/117mA g4/117mA/117mA g4/117mA/117mA,,,,,,
23.457,HRV,161,11906316,13377691,10990416,12297721,-83,232,-449,g5/117mA/117mA g5/117mA/117mA g4/117mA/117mA g4/117mA/117mA,,,,,,
23.457,HRV,162,11886446,13353447,10976588,12280811,-84,233,-449,g5/117mA/117mA g5/117mA/117mA g4/117mA/117mA g4/117mA/117mA,,,,,,
23.457,HRV,163,11859513,13311198,10956105,12249560,-83,233,-450,g5/117mA/117mA g5/117mA/117mA g4/117mA/117mA g4/117mA/117mA,,,,,,
23.513,HRV,164,11841316,13278362,10941550,12225060,-83,233,-450,g5/117mA/117mA g5/117mA/117mA g4/117mA/117mA g4/117mA/117mA,720,764,0,0,30,2
23.513,HRV,165,11833186,13262808,10934734,12212518,-83,233,-450,g5/117mA/117mA g5/117mA/117mA g4/117mA/117mA g4/117mA/117mA,,,,,,
23.513,HRV,166,11830652,13255864,10932593,12206249,-83,233,-449,g5/117mA/117mA g5/117mA/117mA g4/117mA/117mA g4/117mA/117mA,,,,,,
23.513,HRV,167,11829339,13251345,10931218,12202777,-84,233,-449,g5/117mA/117mA g5/117mA/117mA g4/117mA/117mA g4/117mA/117mA,,,,,,
23.637,HRV,168,11828886,13250517,10930895,12201429,-84,233,-450,g5/117mA/117mA g5/117mA/117mA g4/117mA/117mA g4/117mA/117mA,,,,,,
23.637,HRV,169,11828816,13250260,10930682,12200934,-84,233,-450,g5/117mA/117mA g5/117mA/117mA g4/117mA/117mA g4/117mA/117mA,,,,,,
23.637,HRV,170,11826402,13245320,10928506,12196564,-84,233,-450,g5/117mA/117mA g5/117mA/117mA g4/117mA/117mA g4/117mA/117mA,,,,,,
23.637,HRV,171,11822369,13238155,10925170,12191387,-83,233,-450,g5/117mA/117mA g5/117mA/117mA g4/117mA/117mA g4/117mA/117mA,,,,,,
23.637,HRV,172,11819322,13233071,10922945,12187215,-83,233,-450,g5/117mA/117mA g5/117mA/117mA g4/117mA/117mA g4/117mA/117mA,,,,,,
23.637,HRV,173,11819510,13231986,10922610,12186201,-83,233,-449,g5/117mA/117mA g5/117mA/117mA g4/117mA/117mA g4/117mA/117mA,,,,,,
24.177,HRV,174,11821371,13233760,10924387,12187248,-83,233,-449,g5/117mA/117mA g5/117mA/117mA g4/117mA/117mA g4/117mA/117mA,,,,,,
24.177,HRV,175,11825295,13238786,10927125,12190720,-84,233,-449,g5/117mA/117mA g5/117mA/117mA g4/117mA/117mA g4/117mA/117mA,,,,,,
24.177,HRV,176,11829747,13246413,10930537,12195780,-84,233,-449,g5/117mA/117mA g5/117mA/117mA g4/117mA/117mA g4/117mA/117mA,,,,,,
24.177,HRV,177,11834475,13254244,10934419,12201181,-83,233,-449,g5/117mA/117mA g5/117mA/117mA g4/117mA/117mA g4/117mA/117mA,,,,,,
24.178,HRV,178,11839592,13261930,10938129,12207085,-83,233,-450,g5/117mA/117mA g5/117mA/117mA g4/117mA/117mA g4/117mA/117mA,,,,,,
24.323,HRV,179,11844199,13269814,10941004,12212160,-83,232,-450,g5/117mA/117mA g5/117mA/117mA g4/117mA/117mA g4/117mA/117mA,,,,,,
24.323,HRV,180,11848524,13276365,10944639,12217297,-83,233,-450,g5/117mA/117mA g5/117mA/117mA g4/117mA/117mA g4/117mA/117mA,,,,,,
24.326,HRV,181,11852731,13283344,10947711,12222160,-83,233,-450,g5/117mA/117mA g5/117mA/117mA g4/117mA/117mA g4/117mA/117mA,,,,,,
24.326,HRV,182,11856723,13291347,10950697,12228039,-83,233,-450,g5/117mA/117mA g5/117mA/117mA g4/117mA/117mA g4/117mA/117mA,,,,,,
24.326,HRV,183,11861979,13299554,10954297,12233736,-84,233,-450,g5/117mA/117mA g5/117mA/117mA g4/117mA/117mA g4/117mA/117mA,,,,,,
24.326,HRV,184,11867522,13308460,10958307,12240074,-84,233,-450,g5/117mA/117mA g5/117mA/117mA g4/117mA/117mA g4/117mA/117mA,,,,,,
24.353,HRV,185,11872966,13318202,10962035,12247070,-84,233,-449,g5/117mA/117mA g5/117mA/117mA g4/117mA/117mA g4/117mA/117mA,,,,,,
24.353,HRV,186,11879160,13327887,10966026,12253896,-93,171,-461,g5/117mA/117mA g5/117mA/117mA g4/117mA/117mA g4/117mA/117mA,,,,,,
24.622,HR,187,11884910,13337934,10970635,12260856,-84,233,-450,g5/117mA/117mA g5/117mA/117mA g4/117mA/117mA g4/117mA/117mA,,,,,,
24.622,HR,188,11890635,13347141,10974541,12267547,-84,232,-449,g5/117mA/117mA g5/117mA/117mA g4/117mA/117mA g4/117mA/117mA,,,,,,
24.622,HR,189,11872984,13324857,10962325,12253160,-84,232,-449,g5/117mA/117mA g5/117mA/117mA g4/117mA/117mA g4/117mA/117mA,54,100,0,1,0,0
24.622,HR,190,11845564,13283259,10941764,12222194,-84,233,-449,g5/117mA/117mA g5/117mA/117mA g4/117mA/117mA g4/117mA/117mA,,,,,,
24.657,HR,191,11827503,13249858,10927712,12196583,-84,233,-449,g5/117mA/117mA g5/117mA/117mA g4/117mA/117mA g4/117mA/117mA,,,,,,
24.657,HR,192,11819732,13232668,10920761,12182950,-84,234,-449,g5/117mA/117mA g5/117mA/117mA g4/117mA/117mA g4/117mA/117mA,,,,,,
24.657,HR,193,11815986,13224649,10918610,12176645,-84,233,-450,g5/117mA/117mA g5/117mA/117mA g4/117mA/117mA g4/117mA/117mA,,,,,,
24.657,HR,194,11814186,13220307,10916426,12172695,-83,232,-450,g5/117mA/117mA g5/117mA/117mA g4/117mA/117mA g4/117mA/117mA,,,,,,
24.657,HR,195,11813862,13218642,10916452,12171621,-83,233,-449,g5/117mA/117mA g5/117mA/117mA g4/117mA/117mA g4/117mA/117mA,,,,,,
24.657,HR,196,11814562,13217662,10916443,12171022,-83,233,-449,g5/117mA/117mA g5/117mA/117mA g4/117mA/117mA g4/117mA/117mA,,,,,,
24.713,HR,197,11811789,13212610,10914729,12167133,-84,233,-450,g5/117mA/117mA g5/117mA/117mA g4/117mA/117mA g4/117mA/117mA,,,,,,
24.713,HR,198,11807728,13205727,10911538,12162116,-84,233,-450,g5/117mA/117mA g5/117mA/117mA g4/117mA/117mA g4/117mA/117mA,,,,,,
24.713,HR,199,11805126,13200394,10909277,12157628,-84,233,-450,g5/117mA/117mA g5/117mA/117mA g4/117mA/117mA g4/117mA/117mA,,,,,,
24.713,HR,200,11805424,13198902,10909107,12156537,-84,233,-450,g5/117mA/117mA g5/117mA/117mA g4/117mA/117mA g4/117mA/117mA,,,,,,
24.713,HR,201,11807473,13200786,10911000,12158294,-84,233,-450,g5/117mA/117mA g5/117mA/117mA g4/117mA/117mA g4/117mA/117mA,,,,,,
24.713,HR,202,11811269,13206163,10914122,12162218,-84,233,-449,g5/117mA/117mA g5/117mA/117mA g4/117mA/117mA g4/117mA/117mA,,,,,,
24.772,HR,203,11815926,13213618,10917526,12167798,-84,233,-449,g5/117mA/117mA g5/117mA/117mA g4/117mA/117mA g4/117mA/117mA,,,,,,
24.772,HR,204,11820815,13222107,10921236,12173820,-84,233,-450,g5/117mA/117mA g5/117mA/117mA g4/117mA/117mA g4/117mA/117mA,,,,,,
24.772,HR,205,11825984,13228880,10925102,12179547,-84,233,-450,g5/117mA/117mA g5/117mA/117mA g4/117mA/117mA g4/117mA/117mA,,,,,,
24.772,HR,206,11830318,13236261,10928565,12184920,-84,233,-450,g5/117mA/117mA g5/117mA/117mA g4/117mA/117mA g4/117mA/117mA,,,,,,
24.772,HR,207,11834415,13243264,10931791,12190065,-83,233,-450,g5/117mA/117mA g5/117mA/117mA g4/117mA/117mA g4/117mA/117mA,,,,,,
24.772,HR,208,11838936,13249903,10934998,12195406,-83,233,-450,g5/117mA/117mA g5/117mA/117mA g4/117mA/117mA g4/117mA/117mA,,,,,,
24.777,HR,214,11845763,13260269,10940117,12202197,-83,234,-449,g5/117mA/117mA g5/117mA/117mA g4/117mA/117mA g4/117mA/117mA,54,99,0,1,0,0
24.777,HR,215,11851998,13269653,10944529,12209379,-83,233,-450,g5/117mA/117mA g5/117mA/117mA g4/117mA/117mA g4/117mA/117mA,,,,,,
24.777,HR,216,11836599,13249630,10933959,12195782,-83,233,-449,g5/117mA/117mA g5/117mA/117mA g4/117mA/117mA g4/117mA/117mA,,,,,,
24.777,HR,217,11809674,13207221,10914925,12163165,-83,233,-449,g5/117mA/117mA g5/117mA/117mA g4/117mA/117mA g4/117mA/117mA,,,,,,
24.777,HR,218,11791411,13172891,10900643,12136182,-83,233,-449,g5/117mA/117mA g5/117mA/117mA g4/117mA/117mA g4/117mA/117mA,,,,,,
24.777,HR,219,11809879,13197912,10914865,12152749,-84,233,-450,g5/117mA/117mA g5/117mA/117mA g4/117mA/117mA g4/117mA/117mA,,,,,,
24.777,HR,220,11807097,13188452,10912348,12144953,-93,172,-462,g5/117mA/117mA g5/117mA/117mA g4/117mA/117mA g4/117mA/117mA,,,,,,
24.838,HRV,187,11884910,13337934,10970635,12260856,-84,233,-450,g5/117mA/117mA g5/117mA/117mA g4/117mA/117mA g4/117mA/117mA,,,,,,
24.838,HRV,188,11890635,13347141,10974541,12267547,-84,232,-449,g5/117mA/117mA g5/117mA/117mA g4/117mA/117mA g4/117mA/117mA,,,,,,
24.838,HRV,189,11872984,13324857,10962325,12253160,-84,232,-449,g5/117mA/117mA g5/117mA/117mA g4/117mA/117mA g4/117mA/117mA,757,770,0,0,30,2
24.838,HRV,190,11845564,13283259,10941764,12222194,-84,233,-449,g5/117mA/117mA g5/117mA/117mA g4/117mA/117mA g4/117mA/117mA,,,,,,
24.892,HRV,191,11827503,13249858,10927712,12196583,-84,233,-449,g5/117mA/117mA g5/117mA/117mA g4/117mA/117mA g4/117mA/117mA,,,,,,
24.892,HRV,192,11819732,13232668,10920761,12182950,-84,234,-449,g5/117mA/117mA g5/117mA/117mA g4/117mA/117mA g4/117mA/117mA,,,,,,
24.892,HRV,193,11815986,13224649,10918610,12176645,-84,233,-450,g5/117mA/117mA g5/117mA/117mA g4/117mA/117mA g4/117mA/117mA,,,,,,
24.892,HRV,194,11814186,13220307,10916426,12172695,-83,232,-450,g5/117mA/117mA g5/117mA/117mA g4/117mA/117mA g4/117mA/117mA,,,,,,
24.892,HRV,195,11813862,13218642,10916452,12171621,-83,233,-449,g5/117mA/117mA g5/117mA/117mA g4/117mA/117mA g4/117mA/117mA,,,,,,
24.892,HRV,196,11814562,13217662,10916443,12171022,-83,233,-449,g5/117mA/117mA g5/117mA/117mA g4/117mA/117mA g4/117mA/117mA,,,,,,
24.983,HRV,197,11811789,13212610,10914729,12167133,-84,233,-450,g5/117mA/117mA g5/117mA/117mA g4/117mA/117mA g4/117mA/117mA,,,,,,
24.984,HRV,198,11807728,13205727,10911538,12162116,-84,233,-450,g5/117mA/117mA g5/117mA/117mA g4/117mA/117mA g4/117mA/117mA,,,,,,
24.984,HRV,199,11805126,13200394,10909277,12157628,-84,233,-450,g5/117mA/117mA g5/117mA/117mA g4/117mA/117mA g4/117mA/117mA,,,,,,
24.984,HRV,200,11805424,13198902,10909107,12156537,-84,233,-450,g5/117mA/117mA g5/117mA/117mA g4/117mA/117mA g4/117mA/117mA,,,,,,
24.984,HRV,201,11807473,13200786,10911000,12158294,-84,233,-450,g5/117mA/117mA g5/117mA/117mA g4/117mA/117mA g4/117mA/117mA,,,,,,
24.984,HRV,202,11811269,13206163,10914122,12162218,-84,233,-449,g5/117mA/117mA g5/117mA/117mA g4/117mA/117mA g4/117mA/117mA,,,,,,
25.255,HRV,203,11815926,13213618,10917526,12167798,-84,233,-449,g5/117mA/117mA g5/117mA/117mA g4/117mA/117mA g4/117mA/117mA,,,,,,
25.255,HRV,204,11820815,13222107,10921236,12173820,-84,233,-450,g5/117mA/117mA g5/117mA/117mA g4/117mA/117mA g4/117mA/117mA,,,,,,
25.255,HRV,205,11825984,13228880,10925102,12179547,-84,233,-450,g5/117mA/117mA g5/117mA/117mA g4/117mA/117mA g4/117mA/117mA,,,,,,
25.255,HRV,206,11830318,13236261,10928565,12184920,-84,233,-450,g5/117mA/117mA g5/117mA/117mA g4/117mA/117mA g4/117mA/117mA,,,,,,
25.255,HRV,207,11834415,13243264,10931791,12190065,-83,233,-450,g5/117mA/117mA g5/117mA/117mA g4/117mA/117mA g4/117mA/117mA,,,,,,
25.255,HRV,208,11838936,13249903,10934998,12195406,-83,233,-450,g5/117mA/117mA g5/117mA/117mA g4/117mA/117mA g4/117mA/117mA,,,,,,
25.258,HRV,209,11843141,13257759,10938650,12201155,-83,233,-450,g5/117mA/117mA g5/117mA/117mA g4/117mA/117mA g4/117mA/117mA,,,,,,
25.258,HRV,210,11848140,13266178,10942318,12207145,-83,233,-450,g5/117mA/117mA g5/117mA/117mA g4/117mA/117mA g4/117mA/117mA,,,,,,
25.258,HRV,211,11853985,13274873,10946729,12213466,-83,233,-450,g5/117mA/117mA g5/117mA/117mA g4/117mA/117mA g4/117mA/117mA,,,,,,
25.258,HRV,212,11859640,13284880,10951081,12220844,-83,233,-449,g5/117mA/117mA g5/117mA/117mA g4/117mA/117mA g4/117mA/117mA,,,,,,
25.258,HRV,213,11865646,13294197,10955720,12227415,-83,234,-449,g5/117mA/117mA g5/117mA/117mA g4/117mA/117mA g4/117mA/117mA,,,,,,
25.375,HRV,214,11872473,13304563,10960839,12234206,-83,234,-449,g5/117mA/117mA g5/117mA/117mA g4/117mA/117mA g4/117mA/117mA,800,786,0,0,30,2
25.375,HRV,215,11878708,13313947,10965251,12241388,-83,233,-450,g5/117mA/117mA g5/117mA/117mA g4/117mA/117mA g4/117mA/117mA,,,,,,
25.375,HRV,216,11863309,13293924,10954681,12227791,-83,233,-449,g5/117mA/117mA g5/117mA/117mA g4/117mA/117mA g4/117mA/117mA,,,,,,
25.375,HRV,217,11836384,13251515,10935647,12195174,-83,233,-449,g5/117mA/117mA g5/117mA/117mA g4/117mA/117mA g4/117mA/117mA,,,,,,
25.375,HRV,218,11818121,13217185,10921365,12168191,-83,233,-449,g5/117mA/117mA g5/117mA/117mA g4/117mA/117mA g4/117mA/117mA,,,,,,
25.376,HRV,219,11809879,13197912,10914865,12152749,-84,233,-450,g5/117mA/117mA g5/117mA/117mA g4/117mA/117mA g4/117mA/117mA,,,,,,
25.376,HRV,220,11807097,13188452,10912348,12144953,-93,172,-462,g5/117mA/117mA g5/117mA/117mA g4/117mA/117mA g4/117mA/117mA,,,,,,
25.615,HR,221,11805006,13181916,10910804,12139406,-84,232,-450,g5/117mA/117mA g5/117mA/117mA g4/117mA/117mA g4/117mA/117mA,,,,,,
25.615,HR,222,11804196,13177992,10910411,12135883,-83,232,-450,g5/117mA/117mA g5/117mA/117mA g4/117mA/117mA g4/117mA/117mA,,,,,,
25.615,HR,223,11804571,13176765,10911042,12134825,-83,233,-450,g5/117mA/117mA g5/117mA/117mA g4/117mA/117mA g4/117mA/117mA,,,,,,
25.616,HR,224,11803002,13171534,10909797,12130652,-83,233,-450,g5/117mA/117mA g5/117mA/117mA g4/117mA/117mA g4/117mA/117mA,,,,,,
25.616,HR,225,11799675,13164573,10907683,12125456,-83,233,-449,g5/117mA/117mA g5/117mA/117mA g4/117mA/117mA g4/117mA/117mA,,,,,,
25.674,HR,226,11797320,13158575,10906384,12120637,-83,233,-449,g5/117mA/117mA g5/117mA/117mA g4/117mA/117mA g4/117mA/117mA,,,,,,
25.674,HR,227,11797473,13155769,10906973,12118709,-82,233,-449,g5/117mA/117mA g5/117mA/117mA g4/117mA/117mA g4/117mA/117mA,,,,,,
25.674,HR,228,11799266,13157158,10908696,12119623,-80,233,-449,g5/117mA/117mA g5/117mA/117mA g4/117mA/117mA g4/117mA/117mA,,,,,,
25.674,HR,229,11803011,13161757,10912006,12122924,-79,233,-450,g5/117mA/117mA g5/117mA/117mA g4/117mA/117mA g4/117mA/117mA,,,,,,
25.674,HR,230,11807329,13168319,10915520,12128026,-82,233,-450,g5/117mA/117mA g5/117mA/117mA g4/117mA/117mA g4/117mA/117mA,,,,,,
25.674,HR,231,11812557,13176362,10919710,12134425,-83,233,-450,g5/117mA/117mA g5/117mA/117mA g4/117mA/117mA g4/117mA/117mA,,,,,,
25.734,HR,232,11817768,13183471,10923593,12140021,-83,233,-450,g5/117mA/117mA g5/117mA/117mA g4/117mA/117mA g4/117mA/117mA,,,,,,
25.734,HR,233,11822231,13190935,10927321,12145729,-83,233,-450,g5/117mA/117mA g5/117mA/117mA g4/117mA/117mA g4/117mA/117mA,,,,,,
25.734,HR,234,11826752,13198323,10930579,12151197,-83,233,-450,g5/117mA/117mA g5/117mA/117mA g4/117mA/117mA g4/117mA/117mA,,,,,,
25.734,HR,235,11831105,13205394,10934674,12156819,-84,233,-450,g5/117mA/117mA g5/117mA/117mA g4/117mA/117mA g4/117mA/117mA,,,,,,
25.734,HR,236,11836393,13213713,10938538,12162688,-85,233,-449,g5/117mA/117mA g5/117mA/117mA g4/117mA/117mA g4/117mA/117mA,,,,,,
25.737,HR,237,11841852,13222193,10942805,12168472,-84,233,-449,g5/117mA/117mA g5/117mA/117mA g4/117mA/117mA g4/117mA/117mA,,,,,,
25.737,HR,238,11847195,13231373,10947394,12175084,-83,233,-450,g5/117mA/117mA g5/117mA/117mA g4/117mA/117mA g4/117mA/117mA,,,,,,
25.737,HR,239,11854010,13241833,10952436,12182037,-81,233,-450,g5/117mA/117mA g5/117mA/117mA g4/117mA/117mA g4/117mA/117mA,54,100,0,1,0,0
25.737,HR,240,11860179,13251634,10957068,12189552,-81,233,-450,g5/117mA/117mA g5/117mA/117mA g4/117mA/117mA g4/117mA/117mA,,,,,,
25.737,HR,241,11866459,13262536,10962179,12197136,-82,233,-450,g5/117mA/117mA g5/117mA/117mA g4/117mA/117mA g4/117mA/117mA,,,,,,
25.797,HR,242,11872983,13273405,10966999,12204653,-83,232,-450,g5/117mA/117mA g5/117mA/117mA g4/117mA/117mA g4/117mA/117mA,,,,,,
25.797,HR,243,11879338,13283917,10972135,12212365,-83,232,-450,g5/117mA/117mA g5/117mA/117mA g4/117mA/117mA g4/117mA/117mA,,,,,,
25.797,HR,244,11878852,13285307,10971999,12213346,-83,232,-450,g5/117mA/117mA g5/117mA/117mA g4/117mA/117mA g4/117mA/117mA,,,,,,
25.797,HR,245,11854949,13250626,10955533,12186430,-83,232,-450,g5/117mA/117mA g5/117mA/117mA g4/117mA/117mA g4/117mA/117mA,,,,,,
25.797,HR,246,11832751,13210914,10939374,12153329,-83,232,-450,g5/117mA/117mA g5/117mA/117mA g4/117mA/117mA g4/117mA/117mA,,,,,,
25.856,HR,247,11819944,13185373,10929787,12130456,-83,232,-450,g5/117mA/117mA g5/117mA/117mA g4/117mA/117mA g4/117mA/117mA,,,,,,
25.856,HR,248,11814579,13172070,10925665,12118489,-83,232,-450,g5/117mA/117mA g5/117mA/117mA g4/117mA/117mA g4/117mA/117mA,,,,,,
25.856,HR,249,11811634,13163820,10923668,12110100,-83,232,-450,g5/117mA/117mA g5/117mA/117mA g4/117mA/117mA g4/117mA/117mA,,,,,,
25.856,HR,250,11809649,13157141,10921850,12102866,-83,233,-450,g5/117mA/117mA g5/117mA/117mA g4/117mA/117mA g4/117mA/117mA,,,,,,
25.856,HR,251,11809589,13153576,10921843,12098823,-83,233,-450,g5/117mA/117mA g5/117mA/117mA g4/117mA/117mA g4/117mA/117mA,,,,,,
25.856,HR,252,11809170,13150974,10922151,12095301,-83,232,-450,g5/117mA/117mA g5/117mA/117mA g4/117mA/117mA g4/117mA/117mA,,,,,,
25.856,HR,253,11807465,13145667,10920727,12090070,-83,232,-449,g5/117mA/117mA g5/117mA/117mA g4/117mA/117mA g4/117mA/117mA,,,,,,
25.856,HR,254,11804504,13140172,10918780,12084645,-84,232,-449,g5/117mA/117mA g5/117mA/117mA g4/117mA/117mA g4/117mA/117mA,,,,,,
25.914,HRV,221,11805006,13181916,10910804,12139406,-84,232,-450,g5/117mA/117mA g5/117mA/117mA g4/117mA/117mA g4/117mA/117mA,,,,,,
25.914,HRV,222,11804196,13177992,10910411,12135883,-83,232,-450,g5/117mA/117mA g5/117mA/117mA g4/117mA/117mA g4/117mA/117mA,,,,,,
25.914,HRV,223,11804571,13176765,10911042,12134825,-83,233,-450,g5/117mA/117mA g5/117mA/117mA g4/117mA/117mA g4/117mA/117mA,,,,,,
25.914,HRV,224,11803002,13171534,10909797,12130652,-83,233,-450,g5/117mA/117mA g5/117mA/117mA g4/117mA/117mA g4/117mA/117mA,,,,,,
25.914,HRV,225,11799675,13164573,10907683,12125456,-83,233,-449,g5/117mA/117mA g5/117mA/117mA g4/117mA/117mA g4/117mA/117mA,,,,,,
25.975,HRV,226,11797320,13158575,10906384,12120637,-83,233,-449,g5/117mA/117mA g5/117mA/117mA g4/117mA/117mA g4/117mA/117mA,,,,,,
25.975,HRV,227,11797473,13155769,10906973,12118709,-82,233,-449,g5/117mA/117mA g5/117mA/117mA g4/117mA/117mA g4/117mA/117mA,,,,,,
25.975,HRV,228,11799266,13157158,10908696,12119623,-80,233,-449,g5/117mA/117mA g5/117mA/117mA g4/117mA/117mA g4/117mA/117mA,,,,,,
25.975,HRV,229,11803011,13161757,10912006,12122924,-79,233,-450,g5/117mA/117mA g5/117mA/117mA g4/117mA/117mA g4/117mA/117mA,,,,,,
25.975,HRV,230,11807329,13168319,10915520,12128026,-82,233,-450,g5/117mA/117mA g5/117mA/117mA g4/117mA/117mA g4/117mA/117mA,,,,,,
25.975,HRV,231,11812557,13176362,10919710,12134425,-83,233,-450,g5/117mA/117mA g5/117mA/117mA g4/117mA/117mA g4/117mA/117mA,,,,,,
25.977,HRV,232,11817768,13183471,10923593,12140021,-83,233,-450,g5/117mA/117mA g5/117mA/117mA g4/117mA/117mA g4/117mA/117mA,,,,,,
25.977,HRV,233,11822231,13190935,10927321,12145729,-83,233,-450,g5/117mA/117mA g5/117mA/117mA g4/117mA/117mA g4/117mA/117mA,,,,,,
25.977,HRV,234,11826752,13198323,10930579,12151197,-83,233,-450,g5/117mA/117mA g5/117mA/117mA g4/117mA/117mA g4/117mA/117mA,,,,,,
25.977,HRV,235,11831105,13205394,10934674,12156819,-84,233,-450,g5/117mA/117mA g5/117mA/117mA g4/117mA/117mA g4/117mA/117mA,,,,,,
25.977,HRV,236,11836393,13213713,10938538,12162688,-85,233,-449,g5/117mA/117mA g5/117mA/117mA g4/117mA/117mA g4/117mA/117mA,,,,,,
26.034,HRV,237,11841852,13222193,10942805,12168472,-84,233,-449,g5/117mA/117mA g5/117mA/117mA g4/117mA/117mA g4/117mA/117mA,,,,,,
26.034,HRV,238,11847195,13231373,10947394,12175084,-83,233,-450,g5/117mA/117mA g5/117mA/117mA g4/117mA/117mA g4/117mA/117mA,,,,,,
26.034,HRV,239,11854010,13241833,10952436,12182037,-81,233,-450,g5/117mA/117mA g5/117mA/117mA g4/117mA/117mA g4/117mA/117mA,832,0,0,0,30,1
26.034,HRV,240,11860179,13251634,10957068,12189552,-81,233,-450,g5/117mA/117mA g5/117mA/117mA g4/117mA/117mA g4/117mA/117mA,,,,,,
26.034,HRV,241,11866459,13262536,10962179,12197136,-82,233,-450,g5/117mA/117mA g5/117mA/117mA g4/117mA/117mA g4/117mA/117mA,,,,,,
26.095,HRV,242,11872983,13273405,10966999,12204653,-83,232,-450,g5/117mA/117mA g5/117mA/117mA g4/117mA/117mA g4/117mA/117mA,,,,,,
26.095,HRV,243,11879338,13283917,10972135,12212365,-83,232,-450,g5/117mA/117mA g5/117mA/117mA g4/117mA/117mA g4/117mA/117mA,,,,,,
26.095,HRV,244,11878852,13285307,10971999,12213346,-83,232,-450,g5/117mA/117mA g5/117mA/117mA g4/117mA/117mA g4/117mA/117mA,,,,,,
26.095,HRV,245,11854949,13250626,10955533,12186430,-83,232,-450,g5/117mA/117mA g5/117mA/117mA g4/117mA/117mA g4/117mA/117mA,,,,,,
26.095,HRV,246,11832751,13210914,10939374,12153329,-83,232,-450,g5/117mA/117mA g5/117mA/117mA g4/117mA/117mA g4/117mA/117mA,,,,,,
26.097,HRV,247,11819944,13185373,10929787,12130456,-83,232,-450,g5/117mA/117mA g5/117mA/117mA g4/117mA/117mA g4/117mA/117mA,,,,,,
26.097,HRV,248,11814579,13172070,10925665,12118489,-83,232,-450,g5/117mA/117mA g5/117mA/117mA g4/117mA/117mA g4/117mA/117mA,,,,,,
26.097,HRV,249,11811634,13163820,10923668,12110100,-83,232,-450,g5/117mA/117mA g5/117mA/117mA g4/117mA/117mA g4/117mA/117mA,,,,,,
26.097,HRV,250,11809649,13157141,10921850,12102866,-83,233,-450,g5/117mA/117mA g5/117mA/117mA g4/117mA/117mA g4/117mA/117mA,,,,,,
26.097,HRV,251,11809589,13153576,10921843,12098823,-83,233,-450,g5/117mA/117mA g5/117mA/117mA g4/117mA/117mA g4/117mA/117mA,,,,,,
26.097,HRV,252,11809170,13150974,10922151,12095301,-83,232,-450,g5/117mA/117mA g5/117mA/117mA g4/117mA/117mA g4/117mA/117mA,,,,,,
26.154,HRV,253,11807465,13145667,10920727,12090070,-83,232,-449,g5/117mA/117mA g5/117mA/117mA g4/117mA/117mA g4/117mA/117mA,,,,,,
26.155,HRV,254,11804504,13140172,10918780,12084645,-84,232,-449,g5/117mA/117mA g5/117mA/117mA g4/117mA/117mA g4/117mA/117mA,,,,,,
26.752,HR,255,11803940,13136471,10918370,12080430,-83,233,-450,g5/117mA/117mA g5/117mA/117mA g4/117mA/117mA g4/117mA/117mA,,,,,,
26.752,HR,0,11805613,13136207,10919728,12078526,-83,233,-450,g5/117mA/117mA g5/117mA/117mA g4/117mA/117mA g4/117mA/117mA,,,,,,
26.752,HR,1,11809118,13139080,10922297,12079517,-83,233,-450,g5/117mA/117mA g5/117mA/117mA g4/117mA/117mA g4/117mA/117mA,,,,,,
26.752,HR,2,11813197,13145437,10925385,12082656,-83,232,-450,g5/117mA/117mA g5/117mA/117mA g4/117mA/117mA g4/117mA/117mA,,,,,,
26.752,HR,3,11819033,13152493,10929538,12086716,-83,232,-450,g5/117mA/117mA g5/117mA/117mA g4/117mA/117mA g4/117mA/117mA,,,,,,
26.816,HR,4,11825122,13159760,10933983,12090539,-83,232,-450,g5/117mA/117mA g5/117mA/117mA g4/117mA/117mA g4/117mA/117mA,,,,,,
26.816,HR,5,11831700,13167404,10938334,12094300,-83,233,-450,g5/117mA/117mA g5/117mA/117mA g4/117mA/117mA g4/117mA/117mA,,,,,,
26.816,HR,6,11837016,13175639,10942718,12098781,-83,233,-450,g5/117mA/117mA g5/117mA/117mA g4/117mA/117mA g4/117mA/117mA,,,,,,
26.816,HR,7,11842971,13183059,10946645,12103729,-83,232,-450,g5/117mA/117mA g5/117mA/117mA g4/117mA/117mA g4/117mA/117mA,,,,,,
26.816,HR,8,11848678,13190694,10950799,12108736,-83,232,-450,g5/117mA/117mA g5/117mA/117mA g4/117mA/117mA g4/117mA/117mA,54,100,0,1,0,0
26.82,HR,9,11854233,13199345,10955013,12114547,-83,232,-450,g5/117mA/117mA g5/117mA/117mA g4/117mA/117mA g4/117mA/117mA,,,,,,
26.82,HR,10,11860461,13208542,10959772,12120595,-83,232,-450,g5/117mA/117mA g5/117mA/117mA g4/117mA/117mA g4/117mA/117mA,,,,,,
26.82,HR,11,11866841,13218149,10964491,12126848,-83,232,-450,g5/117mA/117mA g5/117mA/117mA g4/117mA/117mA g4/117mA/117mA,,,,,,
26.82,HR,12,11873300,13227822,10968893,12133819,-83,232,-450,g5/117mA/117mA g5/117mA/117mA g4/117mA/117mA g4/117mA/117mA,,,,,,
26.82,HR,13,11880619,13237891,10974029,12140422,-83,232,-450,g5/117mA/117mA g5/117mA/117mA g4/117mA/117mA g4/117mA/117mA,,,,,,
26.879,HR,14,11887879,13247794,10979277,12146940,-84,232,-450,g5/117mA/117mA g5/117mA/117mA g4/117mA/117mA g4/117mA/117mA,,,,,,
26.879,HR,15,11895157,13258134,10984215,12153312,-85,232,-450,g5/117mA/117mA g5/117mA/117mA g4/117mA/117mA g4/117mA/117mA,,,,,,
26.879,HR,16,11902458,13268073,10989419,12160068,-84,233,-451,g5/117mA/117mA g5/117mA/117mA g4/117mA/117mA g4/117mA/117mA,,,,,,
26.879,HR,17,11909967,13278415,10994844,12166594,-87,232,-449,g5/117mA/117mA g5/117mA/117mA g4/117mA/117mA g4/117mA/117mA,,,,,,
26.879,HR,18,11909822,13279334,10995161,12167294,-86,231,-449,g5/117mA/117mA g5/117mA/117mA g4/117mA/117mA g4/117mA/117mA,,,,,,
26.879,HR,19,11888331,13247010,10981016,12141003,-84,231,-450,g5/117mA/117mA g5/117mA/117mA g4/117mA/117mA g4/117mA/117mA,,,,,,
26.933,HR,20,11868368,13211646,10966844,12110520,-83,232,-450,g5/117mA/117mA g5/117mA/117mA g4/117mA/117mA g4/117mA/117mA,,,,,,
26.933,HR,21,11857713,13189595,10958604,12089796,-83,232,-450,g5/117mA/117mA g5/117mA/117mA g4/117mA/117mA g4/117mA/117mA,,,,,,
26.933,HR,22,11854257,13178026,10955441,12077701,-83,232,-450,g5/117mA/117mA g5/117mA/117mA g4/117mA/117mA g4/117mA/117mA,,,,,,
26.933,HR,23,11853164,13170715,10954279,12069858,-83,232,-450,g5/117mA/117mA g5/117mA/117mA g4/117mA/117mA g4/117mA/117mA,,,,,,
26.933,HR,24,11851895,13165077,10953547,12063640,-83,231,-450,g5/117mA/117mA g5/117mA/117mA g4/117mA/117mA g4/117mA/117mA,,,,,,
26.937,HR,25,11852790,13162310,10953649,12059819,-83,231,-450,g5/117mA/117mA g5/117mA/117mA g4/117mA/117mA g4/117mA/117mA,,,,,,
26.937,HR,26,11853849,13160453,10954406,12056268,-83,231,-451,g5/117mA/117mA g5/117mA/117mA g4/117mA/117mA g4/117mA/117mA,,,,,,
26.937,HR,27,11852961,13154932,10953946,12051406,-83,232,-450,g5/117mA/117mA g5/117mA/117mA g4/117mA/117mA g4/117mA/117mA,,,,,,
26.937,HR,28,11851936,13150403,10952930,12046287,-84,232,-450,g5/117mA/117mA g5/117mA/117mA g4/117mA/117mA g4/117mA/117mA,,,,,,
26.937,HR,29,11852203,13147681,10952803,12042279,-84,231,-450,g5/117mA/117mA g5/117mA/117mA g4/117mA/117mA g4/117mA/117mA,,,,,,
26.937,HR,30,11854513,13147304,10954090,12040546,-83,231,-451,g5/117mA/117mA g5/117mA/117mA g4/117mA/117mA g4/117mA/117mA,,,,,,
26.992,HR,31,11858668,13149914,10957206,12041407,-83,232,-451,g5/117mA/117mA g5/117mA/117mA g4/117mA/117mA g4/117mA/117mA,,,,,,
26.992,HR,32,11863447,13154957,10960600,12044496,-90,176,-462,g5/117mA/117mA g5/117mA/117mA g4/117mA/117mA g4/117mA/117mA,,,,,,
27.083,HRV,255,11803940,13136471,10918370,12080430,-83,233,-450,g5/117mA/117mA g5/117mA/117mA g4/117mA/117mA g4/117mA/117mA,,,,,,
27.083,HRV,0,11805613,13136207,10919728,12078526,-83,233,-450,g5/117mA/117mA g5/117mA/117mA g4/117mA/117mA g4/117mA/117mA,,,,,,
27.083,HRV,1,11809118,13139080,10922297,12079517,-83,233,-450,g5/117mA/117mA g5/117mA/117mA g4/117mA/117mA g4/117mA/117mA,,,,,,
27.083,HRV,2,11813197,13145437,10925385,12082656,-83,232,-450,g5/117mA/117mA g5/117mA/117mA g4/117mA/117mA g4/117mA/117mA,,,,,,
27.083,HRV,3,11819033,13152493,10929538,12086716,-83,232,-450,g5/117mA/117mA g5/117mA/117mA g4/117mA/117mA g4/117mA/117mA,,,,,,
27.123,HRV,4,11825122,13159760,10933983,12090539,-83,232,-450,g5/117mA/117mA g5/117mA/117mA g4/117mA/117mA g4/117mA/117mA,,,,,,
27.123,HRV,5,11831700,13167404,10938334,12094300,-83,233,-450,g5/117mA/117mA g5/117mA/117mA g4/117mA/117mA g4/117mA/117mA,,,,,,
27.123,HRV,6,11837016,13175639,10942718,12098781,-83,233,-450,g5/117mA/117mA g5/117mA/117mA g4/117mA/117mA g4/117mA/117mA,,,,,,
27.123,HRV,7,11842971,13183059,10946645,12103729,-83,232,-450,g5/117mA/117mA g5/117mA/117mA g4/117mA/117mA g4/117mA/117mA,,,,,,
27.124,HRV,8,11848678,13190694,10950799,12108736,-83,232,-450,g5/117mA/117mA g5/117mA/117mA g4/117mA/117mA g4/117mA/117mA,811,798,0,0,30,2
27.143,HRV,9,11854233,13199345,10955013,12114547,-83,232,-450,g5/117mA/117mA g5/117mA/117mA g4/117mA/117mA g4/117mA/117mA,,,,,,
27.143,HRV,10,11860461,13208542,10959772,12120595,-83,232,-450,g5/117mA/117mA g5/117mA/117mA g4/117mA/117mA g4/117mA/117mA,,,,,,
27.143,HRV,11,11866841,13218149,10964491,12126848,-83,232,-450,g5/117mA/117mA g5/117mA/117mA g4/117mA/117mA g4/117mA/117mA,,,,,,
27.143,HRV,12,11873300,13227822,10968893,12133819,-83,232,-450,g5/117mA/117mA g5/117mA/117mA g4/117mA/117mA g4/117mA/117mA,,,,,,
27.143,HRV,13,11880619,13237891,10974029,12140422,-83,232,-450,g5/117mA/117mA g5/117mA/117mA g4/117mA/117mA g4/117mA/117mA,,,,,,
27.181,HRV,14,11887879,13247794,10979277,12146940,-84,232,-450,g5/117mA/117mA g5/117mA/117mA g4/117mA/117mA g4/117mA/117mA,,,,,,
27.181,HRV,15,11895157,13258134,10984215,12153312,-85,232,-450,g5/117mA/117mA g5/117mA/117mA g4/117mA/117mA g4/117mA/117mA,,,,,,
27.181,HRV,16,11902458,13268073,10989419,12160068,-84,233,-451,g5/117mA/117mA g5/117mA/117mA g4/117mA/117mA g4/117mA/117mA,,,,,,
27.181,HRV,17,11909967,13278415,10994844,12166594,-87,232,-449,g5/117mA/117mA g5/117mA/117mA g4/117mA/117mA g4/117mA/117mA,,,,,,
27.181,HRV,18,11909822,13279334,10995161,12167294,-86,231,-449,g5/117mA/117mA g5/117mA/117mA g4/117mA/117mA g4/117mA/117mA,,,,,,
27.181,HRV,19,11888331,13247010,10981016,12141003,-84,231,-450,g5/117mA/117mA g5/117mA/117mA g4/117mA/117mA g4/117mA/117mA,,,,,,
27.202,HRV,20,11868368,13211646,10966844,12110520,-83,232,-450,g5/117mA/117mA g5/117mA/117mA g4/117mA/117mA g4/117mA/117mA,,,,,,
27.202,HRV,21,11857713,13189595,10958604,12089796,-83,232,-450,g5/117mA/117mA g5/117mA/117mA g4/117mA/117mA g4/117mA/117mA,,,,,,
27.202,HRV,22,11854257,13178026,10955441,12077701,-83,232,-450,g5/117mA/117mA g5/117mA/117mA g4/117mA/117mA g4/117mA/117mA,,,,,,
27.202,HRV,23,11853164,13170715,10954279,12069858,-83,232,-450,g5/117mA/117mA g5/117mA/117mA g4/117mA/117mA g4/117mA/117mA,,,,,,
27.202,HRV,24,11851895,13165077,10953547,12063640,-83,231,-450,g5/117mA/117mA g5/117mA/117mA g4/117mA/117mA g4/117mA/117mA,,,,,,
27.237,HRV,25,11852790,13162310,10953649,12059819,-83,231,-450,g5/117mA/117mA g5/117mA/117mA g4/117mA/117mA g4/117mA/117mA,,,,,,
27.237,HRV,26,11853849,13160453,10954406,12056268,-83,231,-451,g5/117mA/117mA g5/117mA/117mA g4/117mA/117mA g4/117mA/117mA,,,,,,
27.237,HRV,27,11852961,13154932,10953946,12051406,-83,232,-450,g5/117mA/117mA g5/117mA/117mA g4/117mA/117mA g4/117mA/117mA,,,,,,
27.237,HRV,28,11851936,13150403,10952930,12046287,-84,232,-450,g5/117mA/117mA g5/117mA/117mA g4/117mA/117mA g4/117mA/117mA,,,,,,
27.237,HRV,29,11852203,13147681,10952803,12042279,-84,231,-450,g5/117mA/117mA g5/117mA/117mA g4/117mA/117mA g4/117mA/117mA,,,,,,
27.237,HRV,30,11854513,13147304,10954090,12040546,-83,231,-451,g5/117mA/117mA g5/117mA/117mA g4/117mA/117mA g4/117mA/117mA,,,,,,
27.237,HRV,31,11858668,13149914,10957206,12041407,-83,232,-451,g5/117mA/117mA g5/117mA/117mA g4/117mA/117mA g4/117mA/117mA,,,,,,
27.237,HRV,32,11863447,13154957,10960600,12044496,-90,176,-462,g5/117mA/117mA g5/117mA/117mA g4/117mA/117mA g4/117mA/117mA,,,,,,
28.282,HR,33,11868864,13162047,10964807,12048429,-84,231,-450,g5/117mA/117mA g5/117mA/117mA g4/117mA/117mA g4/117mA/117mA,54,100,0,1,0,0
28.282,HR,34,11874638,13169477,10969046,12053395,-84,231,-450,g5/117mA/117mA g5/117mA/117mA g4/117mA/117mA g4/117mA/117mA,,,,,,
28.282,HR,35,11880569,13177105,10972894,12057959,-83,232,-450,g5/117mA/117mA g5/117mA/117mA g4/117mA/117mA g4/117mA/117mA,,,,,,
28.282,HR,36,11885867,13184587,10976751,12063401,-83,232,-450,g5/117mA/117mA g5/117mA/117mA g4/117mA/117mA g4/117mA/117mA,,,,,,
28.319,HR,37,11890721,13192256,10980248,12068340,-84,231,-450,g5/117mA/117mA g5/117mA/117mA g4/117mA/117mA g4/117mA/117mA,,,,,,
28.319,HR,38,11896199,13200002,10983874,12073638,-84,231,-450,g5/117mA/117mA g5/117mA/117mA g4/117mA/117mA g4/117mA/117mA,,,,,,
28.319,HR,39,11901640,13208652,10987739,12079840,-83,231,-450,g5/117mA/117mA g5/117mA/117mA g4/117mA/117mA g4/117mA/117mA,,,,,,
28.319,HR,40,11907509,13217611,10991944,12086572,-83,232,-450,g5/117mA/117mA g5/117mA/117mA g4/117mA/117mA g4/117mA/117mA,,,,,,
28.319,HR,41,11913798,13226808,10996049,12093473,-82,233,-450,g5/117mA/117mA g5/117mA/117mA g4/117mA/117mA g4/117mA/117mA,,,,,,
28.319,HR,42,11920034,13237089,11000467,12100930,-78,233,-450,g5/117mA/117mA g5/117mA/117mA g4/117mA/117mA g4/117mA/117mA,,,,,,
28.32,HR,43,11926474,13248638,11005075,12109146,-81,233,-450,g5/117mA/117mA g5/117mA/117mA g4/117mA/117mA g4/117mA/117mA,,,,,,
28.32,HR,44,11933326,13259381,11009434,12117499,-83,233,-450,g5/117mA/117mA g5/117mA/117mA g4/117mA/117mA g4/117mA/117mA,,,,,,
28.32,HR,45,11940321,13270071,11014093,12125074,-83,232,-450,g5/117mA/117mA g5/117mA/117mA g4/117mA/117mA g4/117mA/117mA,,,,,,
28.32,HR,46,11947395,13280972,11019116,12133111,-83,232,-450,g5/117mA/117mA g5/117mA/117mA g4/117mA/117mA g4/117mA/117mA,,,,,,
28.32,HR,47,11953179,13291663,11023168,12141003,-83,232,-449,g5/117mA/117mA g5/117mA/117mA g4/117mA/117mA g4/117mA/117mA,,,,,,
28.373,HR,48,11941584,13280427,11016097,12132298,-83,233,-449,g5/117mA/117mA g5/117mA/117mA g4/117mA/117mA g4/117mA/117mA,,,,,,
28.373,HR,49,11920717,13249357,11001618,12105178,-83,232,-450,g5/117mA/117mA g5/117mA/117mA g4/117mA/117mA g4/117mA/117mA,,,,,,
28.373,HR,50,11907126,13224094,10991391,12081813,-83,232,-450,g5/117mA/117mA g5/117mA/117mA g4/117mA/117mA g4/117mA/117mA,,,,,,
28.373,HR,51,11901648,13211868,10986655,12069229,-83,232,-450,g5/117mA/117mA g5/117mA/117mA g4/117mA/117mA g4/117mA/117mA,,,,,,
28.373,HR,52,11899961,13206939,10985095,12063163,-83,233,-450,g5/117mA/117mA g5/117mA/117mA g4/117mA/117mA g4/117mA/117mA,,,,,,
28.373,HR,53,11898893,13204344,10984147,12059212,-83,233,-450,g5/117mA/117mA g5/117mA/117mA g4/117mA/117mA g4/117mA/117mA,,,,,,
28.378,HR,54,11898971,13203347,10983891,12056782,-83,233,-450,g5/117mA/117mA g5/117mA/117mA g4/117mA/117mA g4/117mA/117mA,,,,,,
28.378,HR,55,11900377,13204799,10984512,12056781,-83,233,-450,g5/117mA/117mA g5/117mA/117mA g4/117mA/117mA g4/117mA/117mA,,,,,,
28.378,HR,56,11899961,13204686,10984180,12055861,-83,232,-450,g5/117mA/117mA g5/117mA/117mA g4/117mA/117mA g4/117mA/117mA,,,,,,
28.378,HR,57,11898399,13202435,10982587,12053173,-83,232,-450,g5/117mA/117mA g5/117mA/117mA g4/117mA/117mA g4/117mA/117mA,,,,,,
28.378,HR,58,11897596,13200609,10981672,12050390,-83,233,-450,g5/117mA/117mA g5/117mA/117mA g4/117mA/117mA g4/117mA/117mA,54,100,0,1,0,0
28.462,HR,59,11898901,13201614,10982116,12049693,-83,233,-450,g5/117mA/117mA g5/117mA/117mA g4/117mA/117mA g4/117mA/117mA,,,,,,
28.462,HR,60,11901197,13205855,10983729,12052422,-83,233,-449,g5/117mA/117mA g5/117mA/117mA g4/117mA/117mA g4/117mA/117mA,,,,,,
28.462,HR,61,11904585,13212382,10985708,12057454,-83,233,-449,g5/117mA/117mA g5/117mA/117mA g4/117mA/117mA g4/117mA/117mA,,,,,,
28.462,HR,62,11910129,13220931,10989079,12063777,-83,233,-450,g5/117mA/117mA g5/117mA/117mA g4/117mA/117mA g4/117mA/117mA,,,,,,
28.462,HR,63,11915759,13229700,10992796,12070584,-83,233,-450,g5/117mA/117mA g5/117mA/117mA g4/117mA/117mA g4/117mA/117mA,,,,,,
28.462,HR,64,11921279,13239170,10996475,12077539,-83,233,-450,g5/117mA/117mA g5/117mA/117mA g4/117mA/117mA g4/117mA/117mA,,,,,,
28.496,HR,65,11926824,13248913,10999649,12084498,-83,233,-450,g5/117mA/117mA g5/117mA/117mA g4/117mA/117mA g4/117mA/117mA,,,,,,
28.496,HR,66,11931474,13258134,11003231,12091307,-90,177,-461,g5/117mA/117mA g5/117mA/117mA g4/117mA/117mA g4/117mA/117mA,,,,,,
28.497,HRV,33,11868864,13162047,10964807,12048429,-84,231,-450,g5/117mA/117mA g5/117mA/117mA g4/117mA/117mA g4/117mA/117mA,794,760,0,0,30,2
28.497,HRV,34,11874638,13169477,10969046,12053395,-84,231,-450,g5/117mA/117mA g5/117mA/117mA g4/117mA/117mA g4/117mA/117mA,,,,,,
28.497,HRV,35,11880569,13177105,10972894,12057959,-83,232,-450,g5/117mA/117mA g5/117mA/117mA g4/117mA/117mA g4/117mA/117mA,,,,,,
28.497,HRV,36,11885867,13184587,10976751,12063401,-83,232,-450,g5/117mA/117mA g5/117mA/117mA g4/117mA/117mA g4/117mA/117mA,,,,,,
28.552,HRV,37,11890721,13192256,10980248,12068340,-84,231,-450,g5/117mA/117mA g5/117mA/117mA g4/117mA/117mA g4/117mA/117mA,,,,,,
28.552,HRV,38,11896199,13200002,10983874,12073638,-84,231,-450,g5/117mA/117mA g5/117mA/117mA g4/117mA/117mA g4/117mA/117mA,,,,,,
28.552,HRV,39,11901640,13208652,10987739,12079840,-83,231,-450,g5/117mA/117mA g5/117mA/117mA g4/117mA/117mA g4/117mA/117mA,,,,,,
28.552,HRV,40,11907509,13217611,10991944,12086572,-83,232,-450,g5/117mA/117mA g5/117mA/117mA g4/117mA/117mA g4/117mA/117mA,,,,,,
28.552,HRV,41,11913798,13226808,10996049,12093473,-82,233,-450,g5/117mA/117mA g5/117mA/117mA g4/117mA/117mA g4/117mA/117mA,,,,,,
28.553,HRV,42,11920034,13237089,11000467,12100930,-78,233,-450,g5/117mA/117mA g5/117mA/117mA g4/117mA/117mA g4/117mA/117mA,,,,,,
28.555,HRV,43,11926474,13248638,11005075,12109146,-81,233,-450,g5/117mA/117mA g5/117mA/117mA g4/117mA/117mA g4/117mA/117mA,,,,,,
28.555,HRV,44,11933326,13259381,11009434,12117499,-83,233,-450,g5/117mA/117mA g5/117mA/117mA g4/117mA/117mA g4/117mA/117mA,,,,,,
28.555,HRV,45,11940321,13270071,11014093,12125074,-83,232,-450,g5/117mA/117mA g5/117mA/117mA g4/117mA/117mA g4/117mA/117mA,,,,,,
28.555,HRV,46,11947395,13280972,11019116,12133111,-83,232,-450,g5/117mA/117mA g5/117mA/117mA g4/117mA/117mA g4/117mA/117mA,,,,,,
28.555,HRV,47,11953179,13291663,11023168,12141003,-83,232,-449,g5/117mA/117mA g5/117mA/117mA g4/117mA/117mA g4/117mA/117mA,,,,,,
28.616,HRV,48,11941584,13280427,11016097,12132298,-83,233,-449,g5/117mA/117mA g5/117mA/117mA g4/117mA/117mA g4/117mA/117mA,,,,,,
28.616,HRV,49,11920717,13249357,11001618,12105178,-83,232,-450,g5/117mA/117mA g5/117mA/117mA g4/117mA/117mA g4/117mA/117mA,,,,,,
28.616,HRV,50,11907126,13224094,10991391,12081813,-83,232,-450,g5/117mA/117mA g5/117mA/117mA g4/117mA/117mA g4/117mA/117mA,,,,,,
28.616,HRV,51,11901648,13211868,10986655,12069229,-83,232,-450,g5/117mA/117mA g5/117mA/117mA g4/117mA/117mA g4/117mA/117mA,,,,,,
28.616,HRV,52,11899961,13206939,10985095,12063163,-83,233,-450,g5/117mA/117mA g5/117mA/117mA g4/117mA/117mA g4/117mA/117mA,,,,,,
28.616,HRV,53,11898893,13204344,10984147,12059212,-83,233,-450,g5/117mA/117mA g5/117mA/117mA g4/117mA/117mA g4/117mA/117mA,,,,,,
28.673,HRV,54,11898971,13203347,10983891,12056782,-83,233,-450,g5/117mA/117mA g5/117mA/117mA g4/117mA/117mA g4/117mA/117mA,,,,,,
28.673,HRV,55,11900377,13204799,10984512,12056781,-83,233,-450,g5/117mA/117mA g5/117mA/117mA g4/117mA/117mA g4/117mA/117mA,,,,,,
28.673,HRV,56,11899961,13204686,10984180,12055861,-83,232,-450,g5/117mA/117mA g5/117mA/117mA g4/117mA/117mA g4/117mA/117mA,,,,,,
28.673,HRV,57,11898399,13202435,10982587,12053173,-83,232,-450,g5/117mA/117mA g5/117mA/117mA g4/117mA/117mA g4/117mA/117mA,,,,,,
28.673,HRV,58,11897596,13200609,10981672,12050390,-83,233,-450,g5/117mA/117mA g5/117mA/117mA g4/117mA/117mA g4/117mA/117mA,775,760,0,0,30,2
28.676,HRV,59,11898901,13201614,10982116,12049693,-83,233,-450,g5/117mA/117mA g5/117mA/117mA g4/117mA/117mA g4/117mA/117mA,,,,,,
28.676,HRV,60,11901197,13205855,10983729,12052422,-83,233,-449,g5/117mA/117mA g5/117mA/117mA g4/117mA/117mA g4/117mA/117mA,,,,,,
28.676,HRV,61,11904585,13212382,10985708,12057454,-83,233,-449,g5/117mA/117mA g5/117mA/117mA g4/117mA/117mA g4/117mA/117mA,,,,,,
28.676,HRV,62,11910129,13220931,10989079,12063777,-83,233,-450,g5/117mA/117mA g5/117mA/117mA g4/117mA/117mA g4/117mA/117mA,,,,,,
28.676,HRV,63,11915759,13229700,10992796,12070584,-83,233,-450,g5/117mA/117mA g5/117mA/117mA g4/117mA/117mA g4/117mA/117mA,,,,,,
28.676,HRV,64,11921279,13239170,10996475,12077539,-83,233,-450,g5/117mA/117mA g5/117mA/117mA g4/117mA/117mA g4/117mA/117mA,,,,,,
28.732,HRV,65,11926824,13248913,10999649,12084498,-83,233,-450,g5/117mA/117mA g5/117mA/117mA g4/117mA/117mA g4/117mA/117mA,,,,,,
28.732,HRV,66,11931474,13258134,11003231,12091307,-90,177,-461,g5/117mA/117mA g5/117mA/117mA g4/117mA/117mA g4/117mA/117mA,,,,,,
29.275,HR,67,11937446,13267306,11006328,12097704,-82,234,-450,g5/117mA/117mA g5/117mA/117mA g4/117mA/117mA g4/117mA/117mA,,,,,,
29.275,HR,68,11942633,13276288,11010124,12104701,-82,234,-450,g5/117mA/117mA g5/117mA/117mA g4/117mA/117mA g4/117mA/117mA,,,,,,
29.275,HR,69,11948458,13285400,11013631,12111835,-82,234,-449,g5/117mA/117mA g5/117mA/117mA g4/117mA/117mA g4/117mA/117mA,,,,,,
29.275,HR,70,11954611,13295364,11017173,12119325,-82,234,-449,g5/117mA/117mA g5/117mA/117mA g4/117mA/117mA g4/117mA/117mA,,,,,,
29.275,HR,71,11960857,13305508,11021736,12127225,-82,234,-449,g5/117mA/117mA g5/117mA/117mA g4/117mA/117mA g4/117mA/117mA,,,,,,
29.343,HR,72,11967724,13316206,11026129,12135397,-82,234,-449,g5/117mA/117mA g5/117mA/117mA g4/117mA/117mA g4/117mA/117mA,,,,,,
29.343,HR,73,11974285,13326735,11030326,12143391,-82,234,-449,g5/117mA/117mA g5/117mA/117mA g4/117mA/117mA g4/117mA/117mA,,,,,,
29.343,HR,74,11981093,13336869,11035225,12151724,-82,234,-449,g5/117mA/117mA g5/117mA/117mA g4/117mA/117mA g4/117mA/117mA,,,,,,
29.343,HR,75,11988079,13346816,11040045,12158799,-82,234,-449,g5/117mA/117mA g5/117mA/117mA g4/117mA/117mA g4/117mA/117mA,,,,,,
29.343,HR,76,11990040,13351817,11041375,12163038,-82,233,-449,g5/117mA/117mA g5/117mA/117mA g4/117mA/117mA g4/117mA/117mA,,,,,,
29.343,HR,77,11972271,13327392,11030131,12143085,-82,233,-449,g5/117mA/117mA g5/117mA/117mA g4/117mA/117mA g4/117mA/117mA,,,,,,
29.363,HR,78,11955413,13298462,11018110,12117105,-81,233,-449,g5/117mA/117mA g5/117mA/117mA g4/117mA/117mA g4/117mA/117mA,,,,,,
29.363,HR,79,11947708,13280102,11011541,12099403,-80,234,-449,g5/117mA/117mA g5/117mA/117mA g4/117mA/117mA g4/117mA/117mA,,,,,,
29.363,HR,80,11945772,13272220,11009621,12091043,-81,234,-449,g5/117mA/117mA g5/117mA/117mA g4/117mA/117mA g4/117mA/117mA,,,,,,
29.363,HR,81,11945976,13268892,11008912,12086444,-83,234,-449,g5/117mA/117mA g5/117mA/117mA g4/117mA/117mA g4/117mA/117mA,,,,,,
29.363,HR,82,11945885,13266777,11009006,12083477,-83,234,-449,g5/117mA/117mA g5/117mA/117mA g4/117mA/117mA g4/117mA/117mA,,,,,,
29.453,HR,83,11948178,13267536,11009876,12082980,-82,234,-449,g5/117mA/117mA g5/117mA/117mA g4/117mA/117mA g4/117mA/117mA,54,100,0,1,0,0
29.453,HR,84,11949320,13266829,11010424,12081889,-82,234,-449,g5/117mA/117mA g5/117mA/117mA g4/117mA/117mA g4/117mA/117mA,,,,,,
29.453,HR,85,11948111,13263715,11009237,12078450,-82,234,-449,g5/117mA/117mA g5/117mA/117mA g4/117mA/117mA g4/117mA/117mA,,,,,,
29.453,HR,86,11947301,13259482,11008197,12073845,-83,234,-449,g5/117mA/117mA g5/117mA/117mA g4/117mA/117mA g4/117mA/117mA,,,,,,
29.453,HR,87,11946789,13256941,11007975,12070687,-83,234,-449,g5/117mA/117mA g5/117mA/117mA g4/117mA/117mA g4/117mA/117mA,,,,,,
29.482,HR,88,11948322,13257682,11008888,12070252,-82,234,-449,g5/117mA/117mA g5/117mA/117mA g4/117mA/117mA g4/117mA/117mA,,,,,,
29.482,HR,89,11951437,13260797,11010738,12072275,-82,234,-449,g5/117mA/117mA g5/117mA/117mA g4/117mA/117mA g4/117mA/117mA,,,,,,
29.482,HR,90,11955804,13266061,11013350,12075755,-82,234,-449,g5/117mA/117mA g5/117mA/117mA g4/117mA/117mA g4/117mA/117mA,,,,,,
29.482,HR,91,11960395,13273208,11016326,12080823,-82,234,-449,g5/117mA/117mA g5/117mA/117mA g4/117mA/117mA g4/117mA/117mA,,,,,,
29.482,HR,92,11965770,13280306,11019628,12086444,-82,234,-449,g5/117mA/117mA g5/117mA/117mA g4/117mA/117mA g4/117mA/117mA,,,,,,
29.516,HR,93,11970181,13287866,11022802,12092135,-82,234,-449,g5/117mA/117mA g5/117mA/117mA g4/117mA/117mA g4/117mA/117mA,,,,,,
29.516,HR,94,11975333,13294766,11025669,12097730,-82,234,-449,g5/117mA/117mA g5/117mA/117mA g4/117mA/117mA g4/117mA/117mA,,,,,,
29.516,HR,95,11980257,13301064,11028697,12102782,-82,234,-449,g5/117mA/117mA g5/117mA/117mA g4/117mA/117mA g4/117mA/117mA,,,,,,
29.516,HR,96,11985239,13308444,11031982,12108530,-82,234,-449,g5/117mA/117mA g5/117mA/117mA g4/117mA/117mA g4/117mA/117mA,,,,,,
29.516,HR,97,11989667,13315585,11034567,12114539,-82,234,-449,g5/117mA/117mA g5/117mA/117mA g4/117mA/117mA g4/117mA/117mA,,,,,,
29.516,HR,98,11994732,13323740,11037851,12121185,-82,234,-450,g5/117mA/117mA g5/117mA/117mA g4/117mA/117mA g4/117mA/117mA,,,,,,
29.517,HR,99,12000177,13332774,11041630,12128186,-82,233,-450,g5/117mA/117mA g5/117mA/117mA g4/117mA/117mA g4/117mA/117mA,,,,,,
29.517,HR,100,12006353,13341963,11045009,12135619,-82,233,-450,g5/117mA/117mA g5/117mA/117mA g4/117mA/117mA g4/117mA/117mA,,,,,,
29.578,HRV,67,11937446,13267306,11006328,12097704,-82,234,-450,g5/117mA/117mA g5/117mA/117mA g4/117mA/117mA g4/117mA/117mA,,,,,,
29.579,HRV,68,11942633,13276288,11010124,12104701,-82,234,-450,g5/117mA/117mA g5/117mA/117mA g4/117mA/117mA g4/117mA/117mA,,,,,,
29.579,HRV,69,11948458,13285400,11013631,12111835,-82,234,-449,g5/117mA/117mA g5/117mA/117mA g4/117mA/117mA g4/117mA/117mA,,,,,,
29.579,HRV,70,11954611,13295364,11017173,12119325,-82,234,-449,g5/117mA/117mA g5/117mA/117mA g4/117mA/117mA g4/117mA/117mA,,,,,,
29.579,HRV,71,11960857,13305508,11021736,12127225,-82,234,-449,g5/117mA/117mA g5/117mA/117mA g4/117mA/117mA g4/117mA/117mA,,,,,,
29.601,HRV,72,11967724,13316206,11026129,12135397,-82,234,-449,g5/117mA/117mA g5/117mA/117mA g4/117mA/117mA g4/117mA/117mA,,,,,,
29.601,HRV,73,11974285,13326735,11030326,12143391,-82,234,-449,g5/117mA/117mA g5/117mA/117mA g4/117mA/117mA g4/117mA/117mA,,,,,,
29.601,HRV,74,11981093,13336869,11035225,12151724,-82,234,-449,g5/117mA/117mA g5/117mA/117mA g4/117mA/117mA g4/117mA/117mA,,,,,,
29.601,HRV,75,11988079,13346816,11040045,12158799,-82,234,-449,g5/117mA/117mA g5/117mA/117mA g4/117mA/117mA g4/117mA/117mA,,,,,,
29.601,HRV,76,11990040,13351817,11041375,12163038,-82,233,-449,g5/117mA/117mA g5/117mA/117mA g4/117mA/117mA g4/117mA/117mA,,,,,,
29.601,HRV,77,11972271,13327392,11030131,12143085,-82,233,-449,g5/117mA/117mA g5/117mA/117mA g4/117mA/117mA g4/117mA/117mA,,,,,,
29.634,HRV,78,11955413,13298462,11018110,12117105,-81,233,-449,g5/117mA/117mA g5/117mA/117mA g4/117mA/117mA g4/117mA/117mA,,,,,,
29.635,HRV,79,11947708,13280102,11011541,12099403,-80,234,-449,g5/117mA/117mA g5/117mA/117mA g4/117mA/117mA g4/117mA/117mA,,,,,,
29.635,HRV,80,11945772,13272220,11009621,12091043,-81,234,-449,g5/117mA/117mA g5/117mA/117mA g4/117mA/117mA g4/117mA/117mA,,,,,,
29.635,HRV,81,11945976,13268892,11008912,12086444,-83,234,-449,g5/117mA/117mA g5/117mA/117mA g4/117mA/117mA g4/117mA/117mA,,,,,,
29.635,HRV,82,11945885,13266777,11009006,12083477,-83,234,-449,g5/117mA/117mA g5/117mA/117mA g4/117mA/117mA g4/117mA/117mA,,,,,,
29.696,HRV,83,11948178,13267536,11009876,12082980,-82,234,-449,g5/117mA/117mA g5/117mA/117mA g4/117mA/117mA g4/117mA/117mA,775,0,0,0,30,1
29.696,HRV,84,11949320,13266829,11010424,12081889,-82,234,-449,g5/117mA/117mA g5/117mA/117mA g4/117mA/117mA g4/117mA/117mA,,,,,,
29.696,HRV,85,11948111,13263715,11009237,12078450,-82,234,-449,g5/117mA/117mA g5/117mA/117mA g4/117mA/117mA g4/117mA/117mA,,,,,,
29.696,HRV,86,11947301,13259482,11008197,12073845,-83,234,-449,g5/117mA/117mA g5/117mA/117mA g4/117mA/117mA g4/117mA/117mA,,,,,,
29.696,HRV,87,11946789,13256941,11007975,12070687,-83,234,-449,g5/117mA/117mA g5/117mA/117mA g4/117mA/117mA g4/117mA/117mA,,,,,,
29.697,HRV,88,11948322,13257682,11008888,12070252,-82,234,-449,g5/117mA/117mA g5/117mA/117mA g4/117mA/117mA g4/117mA/117mA,,,,,,
29.697,HRV,89,11951437,13260797,11010738,12072275,-82,234,-449,g5/117mA/117mA g5/117mA/117mA g4/117mA/117mA g4/117mA/117mA,,,,,,
29.697,HRV,90,11955804,13266061,11013350,12075755,-82,234,-449,g5/117mA/117mA g5/117mA/117mA g4/117mA/117mA g4/117mA/117mA,,,,,,
29.697,HRV,91,11960395,13273208,11016326,12080823,-82,234,-449,g5/117mA/117mA g5/117mA/117mA g4/117mA/117mA g4/117mA/117mA,,,,,,
29.697,HRV,92,11965770,13280306,11019628,12086444,-82,234,-449,g5/117mA/117mA g5/117mA/117mA g4/117mA/117mA g4/117mA/117mA,,,,,,
29.756,HRV,93,11970181,13287866,11022802,12092135,-82,234,-449,g5/117mA/117mA g5/117mA/117mA g4/117mA/117mA g4/117mA/117mA,,,,,,
29.756,HRV,94,11975333,13294766,11025669,12097730,-82,234,-449,g5/117mA/117mA g5/117mA/117mA g4/117mA/117mA g4/117mA/117mA,,,,,,
29.756,HRV,95,11980257,13301064,11028697,12102782,-82,234,-449,g5/117mA/117mA g5/117mA/117mA g4/117mA/117mA g4/117mA/117mA,,,,,,
29.756,HRV,96,11985239,13308444,11031982,12108530,-82,234,-449,g5/117mA/117mA g5/117mA/117mA g4/117mA/117mA g4/117mA/117mA,,,,,,
29.756,HRV,97,11989667,13315585,11034567,12114539,-82,234,-449,g5/117mA/117mA g5/117mA/117mA g4/117mA/117mA g4/117mA/117mA,,,,,,
29.756,HRV,98,11994732,13323740,11037851,12121185,-82,234,-450,g5/117mA/117mA g5/117mA/117mA g4/117mA/117mA g4/117mA/117mA,,,,,,
29.813,HRV,99,12000177,13332774,11041630,12128186,-82,233,-450,g5/117mA/117mA g5/117mA/117mA g4/117mA/117mA g4/117mA/117mA,,,,,,
29.813,HRV,100,12006353,13341963,11045009,12135619,-82,233,-450,g5/117mA/117mA g5/117mA/117mA g4/117mA/117mA g4/117mA/117mA,,,,,,
30.921,HR,101,12012136,13351219,11048908,12143373,-84,234,-449,g5/117mA/117mA g5/117mA/117mA g4/117mA/117mA g4/117mA/117mA,,,,,,
30.921,HR,102,12018014,13360740,11052439,12151222,-83,233,-449,g5/117mA/117mA g5/117mA/117mA g4/117mA/117mA g4/117mA/117mA,,,,,,
30.921,HR,103,12024362,13370124,11056483,12159556,-83,233,-449,g5/117mA/117mA g5/117mA/117mA g4/117mA/117mA g4/117mA/117mA,,,,,,
30.921,HR,104,12024687,13373400,11057156,12163925,-79,232,-449,g5/117mA/117mA g5/117mA/117mA g4/117mA/117mA g4/117mA/117mA,,,,,,
30.921,HR,105,12006770,13349146,11045487,12145206,-76,231,-450,g5/117mA/117mA g5/117mA/117mA g4/117mA/117mA g4/117mA/117mA,,,,,,
30.956,HR,106,11991064,13322299,11034423,12121336,-85,232,-449,g5/117mA/117mA g5/117mA/117mA g4/117mA/117mA g4/117mA/117mA,,,,,,
30.956,HR,107,11983360,13304835,11028177,12106254,-84,232,-449,g5/117mA/117mA g5/117mA/117mA g4/117mA/117mA g4/117mA/117mA,,,,,,
30.956,HR,108,11981825,13298060,11026172,12099275,-83,232,-450,g5/117mA/117mA g5/117mA/117mA g4/117mA/117mA g4/117mA/117mA,54,100,0,1,0,0
30.956,HR,109,11982900,13295604,11025925,12096229,-83,232,-450,g5/117mA/117mA g5/117mA/117mA g4/117mA/117mA g4/117mA/117mA,,,,,,
30.956,HR,110,11983943,13294546,11026214,12094883,-84,232,-450,g5/117mA/117mA g5/117mA/117mA g4/117mA/117mA g4/117mA/117mA,,,,,,
31.015,HR,111,11985895,13296269,11026991,12096605,-84,232,-450,g5/117mA/117mA g5/117mA/117mA g4/117mA/117mA g4/117mA/117mA,,,,,,
31.015,HR,112,11986365,13297345,11026710,12096811,-81,233,-450,g5/117mA/117mA g5/117mA/117mA g4/117mA/117mA g4/117mA/117mA,,,,,,
31.015,HR,113,11985307,13294690,11025284,12095222,-81,234,-450,g5/117mA/117mA g5/117mA/117mA g4/117mA/117mA g4/117mA/117mA,,,,,,
31.015,HR,114,11984487,13291953,11023858,12092322,-82,233,-450,g5/117mA/117mA g5/117mA/117mA g4/117mA/117mA g4/117mA/117mA,,,,,,
31.015,HR,115,11985050,13291142,11023562,12091246,-83,233,-449,g5/117mA/117mA g5/117mA/117mA g4/117mA/117mA g4/117mA/117mA,,,,,,
31.015,HR,116,11987354,13293112,11024278,12091964,-80,234,-449,g5/117mA/117mA g5/117mA/117mA g4/117mA/117mA g4/117mA/117mA,,,,,,
31.015,HR,117,11991304,13298828,11025712,12095915,-84,235,-448,g5/117mA/117mA g5/117mA/117mA g4/117mA/117mA g4/117mA/117mA,,,,,,
31.015,HR,118,11995339,13306131,11027656,12101236,-85,233,-449,g5/117mA/117mA g5/117mA/117mA g4/117mA/117mA g4/117mA/117mA,,,,,,
31.015,HR,119,12000237,13315619,11029754,12107977,-84,231,-450,g5/117mA/117mA g5/117mA/117mA g4/117mA/117mA g4/117mA/117mA,,,,,,
31.015,HR,120,12005814,13325898,11031905,12115398,-85,231,-450,g5/117mA/117mA g5/117mA/117mA g4/117mA/117mA g4/117mA/117mA,,,,,,
31.015,HR,121,12010030,13336717,11033757,12123427,-74,236,-447,g5/117mA/117mA g5/117mA/117mA g4/117mA/117mA g4/117mA/117mA,,,,,,
31.015,HR,122,12015319,13346109,11035120,12131285,-89,236,-447,g5/117mA/117mA g5/117mA/117mA g4/117mA/117mA g4/117mA/117mA,,,,,,
31.104,HR,123,12018987,13356211,11036641,12139781,-89,237,-447,g5/117mA/117mA g5/117mA/117mA g4/117mA/117mA g4/117mA/117mA,,,,,,
31.104,HR,124,12022835,13365252,11037407,12147819,-82,241,-445,g5/117mA/117mA g5/117mA/117mA g4/117mA/117mA g4/117mA/117mA,,,,,,
31.104,HR,125,12026411,13375193,11039114,12155975,-86,244,-441,g5/117mA/117mA g5/117mA/117mA g4/117mA/117mA g4/117mA/117mA,,,,,,
31.104,HR,126,12032511,13386779,11041826,12163984,-87,212,-457,g5/117mA/117mA g5/117mA/117mA g4/117mA/117mA g4/117mA/117mA,,,,,,
31.104,HR,127,12040264,13398072,11044957,12172720,-86,225,-452,g5/117mA/117mA g5/117mA/117mA g4/117mA/117mA g4/117mA/117mA,,,,,,
31.137,HR,128,12048096,13410298,11048498,12181483,-85,234,-449,g5/117mA/117mA g5/117mA/117mA g4/117mA/117mA g4/117mA/117mA,,,,,,
31.137,HR,129,12056244,13422447,11051894,12189262,-85,232,-449,g5/117mA/117mA g5/117mA/117mA g4/117mA/117mA g4/117mA/117mA,,,,,,
31.137,HR,130,12064714,13435345,11055740,12197521,-85,232,-450,g5/117mA/117mA g5/117mA/117mA g4/117mA/117mA g4/117mA/117mA,,,,,,
31.137,HR,131,12057549,13431736,11050972,12193450,-84,234,-450,g5/117mA/117mA g5/117mA/117mA g4/117mA/117mA g4/117mA/117mA,,,,,,
31.137,HR,132,12043925,13409727,11039781,12172483,-83,233,-451,g5/117mA/117mA g5/117mA/117mA g4/117mA/117mA g4/117mA/117mA,,,,,,
31.138,HR,133,12037150,13392801,11032315,12154788,-82,238,-446,g5/117mA/117mA g5/117mA/117mA g4/117mA/117mA g4/117mA/117mA,53,100,0,1,0,0
31.138,HR,134,12036905,13385914,11028357,12145241,-4,276,-315,g5/117mA/117mA g5/117mA/117mA g4/117mA/117mA g4/117mA/117mA,,,,,,
31.256,HRV,101,12012136,13351219,11048908,12143373,-84,234,-449,g5/117mA/117mA g5/117mA/117mA g4/117mA/117mA g4/117mA/117mA,,,,,,
31.256,HRV,102,12018014,13360740,11052439,12151222,-83,233,-449,g5/117mA/117mA g5/117mA/117mA g4/117mA/117mA g4/117mA/117mA,,,,,,
31.257,HRV,103,12024362,13370124,11056483,12159556,-83,233,-449,g5/117mA/117mA g5/117mA/117mA g4/117mA/117mA g4/117mA/117mA,,,,,,
31.257,HRV,104,12024687,13373400,11057156,12163925,-79,232,-449,g5/117mA/117mA g5/117mA/117mA g4/117mA/117mA g4/117mA/117mA,,,,,,
31.257,HRV,105,12006770,13349146,11045487,12145206,-76,231,-450,g5/117mA/117mA g5/117mA/117mA g4/117mA/117mA g4/117mA/117mA,,,,,,
31.258,HRV,106,11991064,13322299,11034423,12121336,-85,232,-449,g5/117mA/117mA g5/117mA/117mA g4/117mA/117mA g4/117mA/117mA,,,,,,
31.258,HRV,107,11983360,13304835,11028177,12106254,-84,232,-449,g5/117mA/117mA g5/117mA/117mA g4/117mA/117mA g4/117mA/117mA,,,,,,
31.258,HRV,108,11981825,13298060,11026172,12099275,-83,232,-450,g5/117mA/117mA g5/117mA/117mA g4/117mA/117mA g4/117mA/117mA,827,797,0,0,30,2
31.258,HRV,109,11982900,13295604,11025925,12096229,-83,232,-450,g5/117mA/117mA g5/117mA/117mA g4/117mA/117mA g4/117mA/117mA,,,,,,
31.258,HRV,110,11983943,13294546,11026214,12094883,-84,232,-450,g5/117mA/117mA g5/117mA/117mA g4/117mA/117mA g4/117mA/117mA,,,,,,
31.312,HRV,111,11985895,13296269,11026991,12096605,-84,232,-450,g5/117mA/117mA g5/117mA/117mA g4/117mA/117mA g4/117mA/117mA,,,,,,
31.313,HRV,112,11986365,13297345,11026710,12096811,-81,233,-450,g5/117mA/117mA g5/117mA/117mA g4/117mA/117mA g4/117mA/117mA,,,,,,
31.313,HRV,113,11985307,13294690,11025284,12095222,-81,234,-450,g5/117mA/117mA g5/117mA/117mA g4/117mA/117mA g4/117mA/117mA,,,,,,
31.313,HRV,114,11984487,13291953,11023858,12092322,-82,233,-450,g5/117mA/117mA g5/117mA/117mA g4/117mA/117mA g4/117mA/117mA,,,,,,
31.313,HRV,115,11985050,13291142,11023562,12091246,-83,233,-449,g5/117mA/117mA g5/117mA/117mA g4/117mA/117mA g4/117mA/117mA,,,,,,
31.313,HRV,116,11987354,13293112,11024278,12091964,-80,234,-449,g5/117mA/117mA g5/117mA/117mA g4/117mA/117mA g4/117mA/117mA,,,,,,
31.317,HRV,117,11991304,13298828,11025712,12095915,-84,235,-448,g5/117mA/117mA g5/117mA/117mA g4/117mA/117mA g4/117mA/117mA,,,,,,
31.317,HRV,118,11995339,13306131,11027656,12101236,-85,233,-449,g5/117mA/117mA g5/117mA/117mA g4/117mA/117mA g4/117mA/117mA,,,,,,
31.317,HRV,119,12000237,13315619,11029754,12107977,-84,231,-450,g5/117mA/117mA g5/117mA/117mA g4/117mA/117mA g4/117mA/117mA,,,,,,
31.317,HRV,120,12005814,13325898,11031905,12115398,-85,231,-450,g5/117mA/117mA g5/117mA/117mA g4/117mA/117mA g4/117mA/117mA,,,,,,
31.317,HRV,121,12010030,13336717,11033757,12123427,-74,236,-447,g5/117mA/117mA g5/117mA/117mA g4/117mA/117mA g4/117mA/117mA,,,,,,
31.317,HRV,122,12015319,13346109,11035120,12131285,-89,236,-447,g5/117mA/117mA g5/117mA/117mA g4/117mA/117mA g4/117mA/117mA,,,,,,
31.373,HRV,123,12018987,13356211,11036641,12139781,-89,237,-447,g5/117mA/117mA g5/117mA/117mA g4/117mA/117mA g4/117mA/117mA,,,,,,
31.373,HRV,124,12022835,13365252,11037407,12147819,-82,241,-445,g5/117mA/117mA g5/117mA/117mA g4/117mA/117mA g4/117mA/117mA,,,,,,
31.373,HRV,125,12026411,13375193,11039114,12155975,-86,244,-441,g5/117mA/117mA g5/117mA/117mA g4/117mA/117mA g4/117mA/117mA,,,,,,
31.373,HRV,126,12032511,13386779,11041826,12163984,-87,212,-457,g5/117mA/117mA g5/117mA/117mA g4/117mA/117mA g4/117mA/117mA,,,,,,
31.373,HRV,127,12040264,13398072,11044957,12172720,-86,225,-452,g5/117mA/117mA g5/117mA/117mA g4/117mA/117mA g4/117mA/117mA,,,,,,
31.376,HRV,128,12048096,13410298,11048498,12181483,-85,234,-449,g5/117mA/117mA g5/117mA/117mA g4/117mA/117mA g4/117mA/117mA,,,,,,
31.376,HRV,129,12056244,13422447,11051894,12189262,-85,232,-449,g5/117mA/117mA g5/117mA/117mA g4/117mA/117mA g4/117mA/117mA,,,,,,
31.376,HRV,130,12064714,13435345,11055740,12197521,-85,232,-450,g5/117mA/117mA g5/117mA/117mA g4/117mA/117mA g4/117mA/117mA,,,,,,
31.376,HRV,131,12057549,13431736,11050972,12193450,-84,234,-450,g5/117mA/117mA g5/117mA/117mA g4/117mA/117mA g4/117mA/117mA,,,,,,
31.376,HRV,132,12043925,13409727,11039781,12172483,-83,233,-451,g5/117mA/117mA g5/117mA/117mA g4/117mA/117mA g4/117mA/117mA,,,,,,
31.435,HRV,133,12037150,13392801,11032315,12154788,-82,238,-446,g5/117mA/117mA g5/117mA/117mA g4/117mA/117mA g4/117mA/117mA,873,820,0,0,30,2
31.435,HRV,134,12036905,13385914,11028357,12145241,-4,276,-315,g5/117mA/117mA g5/117mA/117mA g4/117mA/117mA g4/117mA/117mA,,,,,,
31.975,HR,135,12041176,13385669,11028040,12141309,-79,236,-450,g5/117mA/117mA g5/117mA/117mA g4/117mA/117mA g4/117mA/117mA,,,,,,
31.975,HR,136,12045307,13386376,11028322,12139875,-80,235,-448,g5/117mA/117mA g5/117mA/117mA g4/117mA/117mA g4/117mA/117mA,,,,,,
31.975,HR,137,12050997,13389431,11029679,12140772,-82,235,-448,g5/117mA/117mA g5/117mA/117mA g4/117mA/117mA g4/117mA/117mA,,,,,,
31.975,HR,138,12055296,13392639,11030692,12142479,-82,235,-448,g5/117mA/117mA g5/117mA/117mA g4/117mA/117mA g4/117mA/117mA,,,,,,
31.975,HR,139,12057763,13392270,11030361,12141768,-82,236,-448,g5/117mA/117mA g5/117mA/117mA g4/117mA/117mA g4/117mA/117mA,,,,,,
32.036,HR,140,12058912,13388014,11029694,12138195,-82,236,-448,g5/117mA/117mA g5/117mA/117mA g4/117mA/117mA g4/117mA/117mA,,,,,,
32.036,HR,141,12062608,13384926,11030447,12135190,-84,236,-447,g5/117mA/117mA g5/117mA/117mA g4/117mA/117mA g4/117mA/117mA,,,,,,
32.036,HR,142,12067616,13384381,11032963,12134449,-84,237,-447,g5/117mA/117mA g5/117mA/117mA g4/117mA/117mA g4/117mA/117mA,,,,,,
32.036,HR,143,12071925,13385183,11035677,12135430,-77,237,-448,g5/117mA/117mA g5/117mA/117mA g4/117mA/117mA g4/117mA/117mA,,,,,,
32.036,HR,144,12075430,13386264,11038279,12138595,-76,238,-448,g5/117mA/117mA g5/117mA/117mA g4/117mA/117mA g4/117mA/117mA,,,,,,
32.037,HR,145,12079339,13388577,11041194,12142998,-80,238,-448,g5/117mA/117mA g5/117mA/117mA g4/117mA/117mA g4/117mA/117mA,,,,,,
32.099,HR,146,12083834,13392586,11044729,12148236,-81,237,-448,g5/117mA/117mA g5/117mA/117mA g4/117mA/117mA g4/117mA/117mA,,,,,,
32.099,HR,147,12089882,13397715,11049359,12153663,-81,237,-448,g5/117mA/117mA g5/117mA/117mA g4/117mA/117mA g4/117mA/117mA,,,,,,
32.099,HR,148,12095301,13403559,11053334,12159404,-81,237,-448,g5/117mA/117mA g5/117mA/117mA g4/117mA/117mA g4/117mA/117mA,,,,,,
32.099,HR,149,12100230,13408277,11056474,12164617,-81,236,-448,g5/117mA/117mA g5/117mA/117mA g4/117mA/117mA g4/117mA/117mA,,,,,,
32.099,HR,150,12104437,13412721,11059682,12169855,-81,236,-448,g5/117mA/117mA g5/117mA/117mA g4/117mA/117mA g4/117mA/117mA,,,,,,
32.157,HR,151,12109257,13418402,11063264,12175239,-82,236,-448,g5/117mA/117mA g5/117mA/117mA g4/117mA/117mA g4/117mA/117mA,,,,,,
32.158,HR,152,12115510,13424333,11067854,12181159,-82,236,-449,g5/117mA/117mA g5/117mA/117mA g4/117mA/117mA g4/117mA/117mA,,,,,,
32.158,HR,153,12116705,13425900,11069519,12184009,-82,235,-449,g5/117mA/117mA g5/117mA/117mA g4/117mA/117mA g4/117mA/117mA,,,,,,
32.158,HR,154,12100496,13404616,11060263,12167660,-82,235,-449,g5/117mA/117mA g5/117mA/117mA g4/117mA/117mA g4/117mA/117mA,,,,,,
32.158,HR,155,12085880,13379618,11051526,12146889,-82,236,-449,g5/117mA/117mA g5/117mA/117mA g4/117mA/117mA g4/117mA/117mA,,,,,,
32.158,HR,156,12079388,13364476,11047328,12132880,-82,236,-449,g5/117mA/117mA g5/117mA/117mA g4/117mA/117mA g4/117mA/117mA,,,,,,
32.181,HR,157,12077494,13357062,11046620,12125944,-82,236,-449,g5/117mA/117mA g5/117mA/117mA g4/117mA/117mA g4/117mA/117mA,,,,,,
32.181,HR,158,12076446,13353549,11046450,12121798,-81,236,-449,g5/117mA/117mA g5/117mA/117mA g4/117mA/117mA g4/117mA/117mA,53,100,0,1,0,0
32.181,HR,159,12076224,13350255,11046809,12118649,-81,236,-448,g5/117mA/117mA g5/117mA/117mA g4/117mA/117mA g4/117mA/117mA,,,,,,
32.181,HR,160,12077785,13350886,11048737,12118256,-81,236,-448,g5/117mA/117mA g5/117mA/117mA g4/117mA/117mA g4/117mA/117mA,,,,,,
32.181,HR,161,12078432,13350664,11050291,12118163,-80,236,-448,g5/117mA/117mA g5/117mA/117mA g4/117mA/117mA g4/117mA/117mA,,,,,,
32.218,HR,162,12077136,13348395,11050766,12116030,-80,236,-448,g5/117mA/117mA g5/117mA/117mA g4/117mA/117mA g4/117mA/117mA,,,,,,
32.218,HR,163,12075235,13345623,11050051,12113625,-80,236,-449,g5/117mA/117mA g5/117mA/117mA g4/117mA/117mA g4/117mA/117mA,,,,,,
32.218,HR,164,12075115,13344045,11050410,12112413,-80,236,-449,g5/117mA/117mA g5/117mA/117mA g4/117mA/117mA g4/117mA/117mA,,,,,,
32.218,HR,165,12076173,13345443,11052012,12113267,-80,236,-449,g5/117mA/117mA g5/117mA/117mA g4/117mA/117mA g4/117mA/117mA,,,,,,
32.218,HR,166,12078748,13349061,11054742,12116201,-79,237,-449,g5/117mA/117mA g5/117mA/117mA g4/117mA/117mA g4/117mA/117mA,,,,,,
32.219,HR,167,12081376,13354256,11057610,12120764,-79,237,-449,g5/117mA/117mA g5/117mA/117mA g4/117mA/117mA g4/117mA/117mA,,,,,,
32.219,HR,168,12085062,13359903,11060620,12126303,-82,224,-453,g5/117mA/117mA g5/117mA/117mA g4/117mA/117mA g4/117mA/117mA,,,,,,
32.275,HRV,135,12041176,13385669,11028040,12141309,-79,236,-450,g5/117mA/117mA g5/117mA/117mA g4/117mA/117mA g4/117mA/117mA,,,,,,
32.275,HRV,136,12045307,13386376,11028322,12139875,-80,235,-448,g5/117mA/117mA g5/117mA/117mA g4/117mA/117mA g4/117mA/117mA,,,,,,
32.275,HRV,137,12050997,13389431,11029679,12140772,-82,235,-448,g5/117mA/117mA g5/117mA/117mA g4/117mA/117mA g4/117mA/117mA,,,,,,
32.275,HRV,138,12055296,13392639,11030692,12142479,-82,235,-448,g5/117mA/117mA g5/117mA/117mA g4/117mA/117mA g4/117mA/117mA,,,,,,
32.275,HRV,139,12057763,13392270,11030361,12141768,-82,236,-448,g5/117mA/117mA g5/117mA/117mA g4/117mA/117mA g4/117mA/117mA,,,,,,
32.333,HRV,140,12058912,13388014,11029694,12138195,-82,236,-448,g5/117mA/117mA g5/117mA/117mA g4/117mA/117mA g4/117mA/117mA,,,,,,
32.333,HRV,141,12062608,13384926,11030447,12135190,-84,236,-447,g5/117mA/117mA g5/117mA/117mA g4/117mA/117mA g4/117mA/117mA,,,,,,
32.333,HRV,142,12067616,13384381,11032963,12134449,-84,237,-447,g5/117mA/117mA g5/117mA/117mA g4/117mA/117mA g4/117mA/117mA,,,,,,
32.333,HRV,143,12071925,13385183,11035677,12135430,-77,237,-448,g5/117mA/117mA g5/117mA/117mA g4/117mA/117mA g4/117mA/117mA,,,,,,
32.333,HRV,144,12075430,13386264,11038279,12138595,-76,238,-448,g5/117mA/117mA g5/117mA/117mA g4/117mA/117mA g4/117mA/117mA,,,,,,
32.333,HRV,145,12079339,13388577,11041194,12142998,-80,238,-448,g5/117mA/117mA g5/117mA/117mA g4/117mA/117mA g4/117mA/117mA,,,,,,
32.421,HRV,146,12083834,13392586,11044729,12148236,-81,237,-448,g5/117mA/117mA g5/117mA/117mA g4/117mA/117mA g4/117mA/117mA,,,,,,
32.422,HRV,147,12089882,13397715,11049359,12153663,-81,237,-448,g5/117mA/117mA g5/117mA/117mA g4/117mA/117mA g4/117mA/117mA,,,,,,
32.422,HRV,148,12095301,13403559,11053334,12159404,-81,237,-448,g5/117mA/117mA g5/117mA/117mA g4/117mA/117mA g4/117mA/117mA,,,,,,
32.422,HRV,149,12100230,13408277,11056474,12164617,-81,236,-448,g5/117mA/117mA g5/117mA/117mA g4/117mA/117mA g4/117mA/117mA,,,,,,
32.422,HRV,150,12104437,13412721,11059682,12169855,-81,236,-448,g5/117mA/117mA g5/117mA/117mA g4/117mA/117mA g4/117mA/117mA,,,,,,
32.458,HRV,151,12109257,13418402,11063264,12175239,-82,236,-448,g5/117mA/117mA g5/117mA/117mA g4/117mA/117mA g4/117mA/117mA,,,,,,
32.458,HRV,152,12115510,13424333,11067854,12181159,-82,236,-449,g5/117mA/117mA g5/117mA/117mA g4/117mA/117mA g4/117mA/117mA,,,,,,
32.458,HRV,153,12116705,13425900,11069519,12184009,-82,235,-449,g5/117mA/117mA g5/117mA/117mA g4/117mA/117mA g4/117mA/117mA,,,,,,
32.458,HRV,154,12100496,13404616,11060263,12167660,-82,235,-449,g5/117mA/117mA g5/117mA/117mA g4/117mA/117mA g4/117mA/117mA,,,,,,
32.458,HRV,155,12085880,13379618,11051526,12146889,-82,236,-449,g5/117mA/117mA g5/117mA/117mA g4/117mA/117mA g4/117mA/117mA,,,,,,
32.458,HRV,156,12079388,13364476,11047328,12132880,-82,236,-449,g5/117mA/117mA g5/117mA/117mA g4/117mA/117mA g4/117mA/117mA,,,,,,
32.512,HRV,157,12077494,13357062,11046620,12125944,-82,236,-449,g5/117mA/117mA g5/117mA/117mA g4/117mA/117mA g4/117mA/117mA,,,,,,
32.512,HRV,158,12076446,13353549,11046450,12121798,-81,236,-449,g5/117mA/117mA g5/117mA/117mA g4/117mA/117mA g4/117mA/117mA,846,818,0,0,30,2
32.512,HRV,159,12076224,13350255,11046809,12118649,-81,236,-448,g5/117mA/117mA g5/117mA/117mA g4/117mA/117mA g4/117mA/117mA,,,,,,
32.512,HRV,160,12077785,13350886,11048737,12118256,-81,236,-448,g5/117mA/117mA g5/117mA/117mA g4/117mA/117mA g4/117mA/117mA,,,,,,
32.512,HRV,161,12078432,13350664,11050291,12118163,-80,236,-448,g5/117mA/117mA g5/117mA/117mA g4/117mA/117mA g4/117mA/117mA,,,,,,
32.519,HRV,162,12077136,13348395,11050766,12116030,-80,236,-448,g5/117mA/117mA g5/117mA/117mA g4/117mA/117mA g4/117mA/117mA,,,,,,
32.519,HRV,163,12075235,13345623,11050051,12113625,-80,236,-449,g5/117mA/117mA g5/117mA/117mA g4/117mA/117mA g4/117mA/117mA,,,,,,
32.519,HRV,164,12075115,13344045,11050410,12112413,-80,236,-449,g5/117mA/117mA g5/117mA/117mA g4/117mA/117mA g4/117mA/117mA,,,,,,
32.519,HRV,165,12076173,13345443,11052012,12113267,-80,236,-449,g5/117mA/117mA g5/117mA/117mA g4/117mA/117mA g4/117mA/117mA,,,,,,
32.519,HRV,166,12078748,13349061,11054742,12116201,-79,237,-449,g5/117mA/117mA g5/117mA/117mA g4/117mA/117mA g4/117mA/117mA,,,,,,
32.519,HRV,167,12081376,13354256,11057610,12120764,-79,237,-449,g5/117mA/117mA g5/117mA/117mA g4/117mA/117mA g4/117mA/117mA,,,,,,
32.519,HRV,168,12085062,13359903,11060620,12126303,-82,224,-453,g5/117mA/117mA g5/117mA/117mA g4/117mA/117mA g4/117mA/117mA,,,,,,
33.353,HR,169,12088560,13366482,11064187,12132129,-79,235,-449,g5/117mA/117mA g5/117mA/117mA g4/117mA/117mA g4/117mA/117mA,,,,,,
33.353,HR,170,12092978,13372300,11067872,12137555,-76,239,-447,g5/117mA/117mA g5/117mA/117mA g4/117mA/117mA g4/117mA/117mA,,,,,,
33.353,HR,171,12097202,13378280,11071592,12142803,-77,236,-450,g5/117mA/117mA g5/117mA/117mA g4/117mA/117mA g4/117mA/117mA,,,,,,
33.353,HR,172,12100760,13384441,11074793,12147665,-75,240,-449,g5/117mA/117mA g5/117mA/117mA g4/117mA/117mA g4/117mA/117mA,,,,,,
33.353,HR,173,12104846,13389977,11077803,12153081,-70,247,-445,g5/117mA/117mA g5/117mA/117mA g4/117mA/117mA g4/117mA/117mA,,,,,,
33.446,HR,174,12110221,13395162,11082163,12157577,-76,238,-447,g5/117mA/117mA g5/117mA/117mA g4/117mA/117mA g4/117mA/117mA,,,,,,
33.446,HR,175,12114717,13400060,11086028,12163099,-77,238,-448,g5/117mA/117mA g5/117mA/117mA g4/117mA/117mA g4/117mA/117mA,,,,,,
33.446,HR,176,12118938,13405077,11089875,12168371,-76,239,-449,g5/117mA/117mA g5/117mA/117mA g4/117mA/117mA g4/117mA/117mA,,,,,,
33.446,HR,177,12123633,13410581,11094046,12174111,-76,239,-449,g5/117mA/117mA g5/117mA/117mA g4/117mA/117mA g4/117mA/117mA,,,,,,
33.446,HR,178,12123598,13410238,11095617,12175733,-77,237,-449,g5/117mA/117mA g5/117mA/117mA g4/117mA/117mA g4/117mA/117mA,,,,,,
33.446,HR,179,12104437,13383534,11085506,12154703,-77,237,-449,g5/117mA/117mA g5/117mA/117mA g4/117mA/117mA g4/117mA/117mA,,,,,,
33.478,HR,180,12087408,13354281,11075397,12129579,-78,237,-448,g5/117mA/117mA g5/117mA/117mA g4/117mA/117mA g4/117mA/117mA,,,,,,
33.478,HR,181,12077333,13334943,11069792,12111963,-77,237,-448,g5/117mA/117mA g5/117mA/117mA g4/117mA/117mA g4/117mA/117mA,,,,,,
33.478,HR,182,12073468,13323699,11068044,12101160,-77,237,-448,g5/117mA/117mA g5/117mA/117mA g4/117mA/117mA g4/117mA/117mA,,,,,,
33.478,HR,183,12072053,13316395,11068206,12093569,-79,237,-448,g5/117mA/117mA g5/117mA/117mA g4/117mA/117mA g4/117mA/117mA,53,100,0,1,0,0
33.478,HR,184,12070859,13309083,11068290,12086240,-78,237,-448,g5/117mA/117mA g5/117mA/117mA g4/117mA/117mA g4/117mA/117mA,,,,,,
33.532,HR,185,12071703,13305517,11069442,12081564,-76,237,-449,g5/117mA/117mA g5/117mA/117mA g4/117mA/117mA g4/117mA/117mA,,,,,,
33.532,HR,186,12072964,13303478,11071073,12077896,-76,237,-449,g5/117mA/117mA g5/117mA/117mA g4/117mA/117mA g4/117mA/117mA,,,,,,
33.532,HR,187,12073484,13297984,11071883,12073382,-77,237,-449,g5/117mA/117mA g5/117mA/117mA g4/117mA/117mA g4/117mA/117mA,,,,,,
33.532,HR,188,12073477,13292985,11072180,12068264,-77,238,-449,g5/117mA/117mA g5/117mA/117mA g4/117mA/117mA g4/117mA/117mA,,,,,,
33.532,HR,189,12075141,13288762,11073333,12063275,-77,238,-449,g5/117mA/117mA g5/117mA/117mA g4/117mA/117mA g4/117mA/117mA,,,,,,
33.532,HR,190,12077076,13286647,11075339,12060901,-77,238,-448,g5/117mA/117mA g5/117mA/117mA g4/117mA/117mA g4/117mA/117mA,,,,,,
33.598,HR,191,12080549,13286527,11078077,12060510,-77,237,-448,g5/117mA/117mA g5/117mA/117mA g4/117mA/117mA g4/117mA/117mA,,,,,,
33.599,HR,192,12084739,13289230,11081387,12062633,-77,237,-449,g5/117mA/117mA g5/117mA/117mA g4/117mA/117mA g4/117mA/117mA,,,,,,
33.599,HR,193,12089593,13293958,11084926,12065791,-77,237,-449,g5/117mA/117mA g5/117mA/117mA g4/117mA/117mA g4/117mA/117mA,,,,,,
33.599,HR,194,12094386,13297933,11088348,12069432,-77,237,-449,g5/117mA/117mA g5/117mA/117mA g4/117mA/117mA g4/117mA/117mA,,,,,,
33.599,HR,195,12100069,13303042,11091538,12073946,-77,237,-449,g5/117mA/117mA g5/117mA/117mA g4/117mA/117mA g4/117mA/117mA,,,,,,
33.599,HR,196,12105691,13307760,11095198,12078322,-77,237,-449,g5/117mA/117mA g5/117mA/117mA g4/117mA/117mA g4/117mA/117mA,,,,,,
33.599,HR,197,12111508,13312308,11098944,12082416,-77,237,-449,g5/117mA/117mA g5/117mA/117mA g4/117mA/117mA g4/117mA/117mA,,,,,,
33.599,HR,198,12116678,13317452,11102263,12087289,-76,237,-448,g5/117mA/117mA g5/117mA/117mA g4/117mA/117mA g4/117mA/117mA,,,,,,
33.599,HR,199,12122488,13322683,11105818,12092383,-76,237,-448,g5/117mA/117mA g5/117mA/117mA g4/117mA/117mA g4/117mA/117mA,,,,,,
33.599,HR,200,12127240,13328142,11108984,12097577,-76,237,-448,g5/117mA/117mA g5/117mA/117mA g4/117mA/117mA g4/117mA/117mA,,,,,,
33.599,HR,201,12133341,13334472,11112645,12103371,-76,237,-448,g5/117mA/117mA g5/117mA/117mA g4/117mA/117mA g4/117mA/117mA,,,,,,
33.626,HR,202,12139072,13340563,11116006,12110160,0,268,-320,g5/117mA/117mA g5/117mA/117mA g4/117mA/117mA g4/117mA/117mA,,,,,,
33.655,HRV,169,12088560,13366482,11064187,12132129,-79,235,-449,g5/117mA/117mA g5/117mA/117mA g4/117mA/117mA g4/117mA/117mA,,,,,,
33.655,HRV,170,12092978,13372300,11067872,12137555,-76,239,-447,g5/117mA/117mA g5/117mA/117mA g4/117mA/117mA g4/117mA/117mA,,,,,,
33.655,HRV,171,12097202,13378280,11071592,12142803,-77,236,-450,g5/117mA/117mA g5/117mA/117mA g4/117mA/117mA g4/117mA/117mA,,,,,,
33.655,HRV,172,12100760,13384441,11074793,12147665,-75,240,-449,g5/117mA/117mA g5/117mA/117mA g4/117mA/117mA g4/117mA/117mA,,,,,,
33.655,HRV,173,12104846,13389977,11077803,12153081,-70,247,-445,g5/117mA/117mA g5/117mA/117mA g4/117mA/117mA g4/117mA/117mA,,,,,,
33.776,HRV,174,12110221,13395162,11082163,12157577,-76,238,-447,g5/117mA/117mA g5/117mA/117mA g4/117mA/117mA g4/117mA/117mA,,,,,,
33.776,HRV,175,12114717,13400060,11086028,12163099,-77,238,-448,g5/117mA/117mA g5/117mA/117mA g4/117mA/117mA g4/117mA/117mA,,,,,,
33.776,HRV,176,12118938,13405077,11089875,12168371,-76,239,-449,g5/117mA/117mA g5/117mA/117mA g4/117mA/117mA g4/117mA/117mA,,,,,,
33.776,HRV,177,12123633,13410581,11094046,12174111,-76,239,-449,g5/117mA/117mA g5/117mA/117mA g4/117mA/117mA g4/117mA/117mA,,,,,,
33.776,HRV,178,12123598,13410238,11095617,12175733,-77,237,-449,g5/117mA/117mA g5/117mA/117mA g4/117mA/117mA g4/117mA/117mA,,,,,,
33.776,HRV,179,12104437,13383534,11085506,12154703,-77,237,-449,g5/117mA/117mA g5/117mA/117mA g4/117mA/117mA g4/117mA/117mA,,,,,,
33.802,HRV,180,12087408,13354281,11075397,12129579,-78,237,-448,g5/117mA/117mA g5/117mA/117mA g4/117mA/117mA g4/117mA/117mA,,,,,,
33.802,HRV,181,12077333,13334943,11069792,12111963,-77,237,-448,g5/117mA/117mA g5/117mA/117mA g4/117mA/117mA g4/117mA/117mA,,,,,,
33.802,HRV,182,12073468,13323699,11068044,12101160,-77,237,-448,g5/117mA/117mA g5/117mA/117mA g4/117mA/117mA g4/117mA/117mA,,,,,,
33.802,HRV,183,12072053,13316395,11068206,12093569,-79,237,-448,g5/117mA/117mA g5/117mA/117mA g4/117mA/117mA g4/117mA/117mA,829,812,0,0,30,2
33.837,HRV,184,12070859,13309083,11068290,12086240,-78,237,-448,g5/117mA/117mA g5/117mA/117mA g4/117mA/117mA g4/117mA/117mA,,,,,,
33.837,HRV,185,12071703,13305517,11069442,12081564,-76,237,-449,g5/117mA/117mA g5/117mA/117mA g4/117mA/117mA g4/117mA/117mA,,,,,,
33.837,HRV,186,12072964,13303478,11071073,12077896,-76,237,-449,g5/117mA/117mA g5/117mA/117mA g4/117mA/117mA g4/117mA/117mA,,,,,,
33.837,HRV,187,12073484,13297984,11071883,12073382,-77,237,-449,g5/117mA/117mA g5/117mA/117mA g4/117mA/117mA g4/117mA/117mA,,,,,,
33.837,HRV,188,12073477,13292985,11072180,12068264,-77,238,-449,g5/117mA/117mA g5/117mA/117mA g4/117mA/117mA g4/117mA/117mA,,,,,,
33.837,HRV,189,12075141,13288762,11073333,12063275,-77,238,-449,g5/117mA/117mA g5/117mA/117mA g4/117mA/117mA g4/117mA/117mA,,,,,,
33.952,HRV,190,12077076,13286647,11075339,12060901,-77,238,-448,g5/117mA/117mA g5/117mA/117mA g4/117mA/117mA g4/117mA/117mA,,,,,,
33.953,HRV,191,12080549,13286527,11078077,12060510,-77,237,-448,g5/117mA/117mA g5/117mA/117mA g4/117mA/117mA g4/117mA/117mA,,,,,,
33.953,HRV,192,12084739,13289230,11081387,12062633,-77,237,-449,g5/117mA/117mA g5/117mA/117mA g4/117mA/117mA g4/117mA/117mA,,,,,,
33.953,HRV,193,12089593,13293958,11084926,12065791,-77,237,-449,g5/117mA/117mA g5/117mA/117mA g4/117mA/117mA g4/117mA/117mA,,,,,,
33.953,HRV,194,12094386,13297933,11088348,12069432,-77,237,-449,g5/117mA/117mA g5/117mA/117mA g4/117mA/117mA g4/117mA/117mA,,,,,,
34.018,HRV,195,12100069,13303042,11091538,12073946,-77,237,-449,g5/117mA/117mA g5/117mA/117mA g4/117mA/117mA g4/117mA/117mA,,,,,,
34.018,HRV,196,12105691,13307760,11095198,12078322,-77,237,-449,g5/117mA/117mA g5/117mA/117mA g4/117mA/117mA g4/117mA/117mA,,,,,,
34.018,HRV,197,12111508,13312308,11098944,12082416,-77,237,-449,g5/117mA/117mA g5/117mA/117mA g4/117mA/117mA g4/117mA/117mA,,,,,,
34.018,HRV,198,12116678,13317452,11102263,12087289,-76,237,-448,g5/117mA/117mA g5/117mA/117mA g4/117mA/117mA g4/117mA/117mA,,,,,,
34.018,HRV,199,12122488,13322683,11105818,12092383,-76,237,-448,g5/117mA/117mA g5/117mA/117mA g4/117mA/117mA g4/117mA/117mA,,,,,,
34.018,HRV,200,12127240,13328142,11108984,12097577,-76,237,-448,g5/117mA/117mA g5/117mA/117mA g4/117mA/117mA g4/117mA/117mA,,,,,,
34.018,HRV,201,12133341,13334472,11112645,12103371,-76,237,-448,g5/117mA/117mA g5/117mA/117mA g4/117mA/117mA g4/117mA/117mA,,,,,,
34.018,HRV,202,12139072,13340563,11116006,12110160,0,268,-320,g5/117mA/117mA g5/117mA/117mA g4/117mA/117mA g4/117mA/117mA,,,,,,
34.979,HR,203,12144175,13348293,11119554,12117770,-77,236,-449,g5/117mA/117mA g5/117mA/117mA g4/117mA/117mA g4/117mA/117mA,,,,,,
34.979,HR,204,12149122,13355229,11122533,12126020,-76,236,-449,g5/117mA/117mA g5/117mA/117mA g4/117mA/117mA g4/117mA/117mA,,,,,,
34.979,HR,205,12153448,13363376,11125681,12134620,-76,237,-449,g5/117mA/117mA g5/117mA/117mA g4/117mA/117mA g4/117mA/117mA,,,,,,
34.979,HR,206,12157348,13371609,11128588,12143826,-76,237,-449,g5/117mA/117mA g5/117mA/117mA g4/117mA/117mA g4/117mA/117mA,,,,,,
34.979,HR,207,12149371,13377154,11124734,12150847,-76,237,-448,g5/117mA/117mA g5/117mA/117mA g4/117mA/117mA g4/117mA/117mA,,,,,,
35.001,HR,208,12126762,13364332,11112697,12139986,-78,237,-448,g5/117mA/117mA g5/117mA/117mA g4/117mA/117mA g4/117mA/117mA,54,100,0,1,0,0
35.001,HR,209,12110058,13352789,11103064,12127599,-77,237,-448,g5/117mA/117mA g5/117mA/117mA g4/117mA/117mA g4/117mA/117mA,,,,,,
35.001,HR,210,12100972,13348609,11097996,12121926,-78,236,-449,g5/117mA/117mA g5/117mA/117mA g4/117mA/117mA g4/117mA/117mA,,,,,,
35.001,HR,211,12097681,13350102,11096453,12121192,-77,236,-449,g5/117mA/117mA g5/117mA/117mA g4/117mA/117mA g4/117mA/117mA,,,,,,
35.001,HR,212,12096084,13354580,11096087,12124017,-72,237,-449,g5/117mA/117mA g5/117mA/117mA g4/117mA/117mA g4/117mA/117mA,,,,,,
35.093,HR,213,12094771,13360040,11096230,12127719,-76,237,-449,g5/117mA/117mA g5/117mA/117mA g4/117mA/117mA g4/117mA/117mA,,,,,,
35.093,HR,214,12094975,13366969,11097690,12132547,-77,236,-449,g5/117mA/117mA g5/117mA/117mA g4/117mA/117mA g4/117mA/117mA,,,,,,
35.093,HR,215,12095734,13373393,11098918,12137215,-76,236,-449,g5/117mA/117mA g5/117mA/117mA g4/117mA/117mA g4/117mA/117mA,,,,,,
35.093,HR,216,12095666,13377828,11100232,12141044,-76,237,-448,g5/117mA/117mA g5/117mA/117mA g4/117mA/117mA g4/117mA/117mA,,,,,,
35.093,HR,217,12094966,13381018,11101051,12142905,-76,238,-448,g5/117mA/117mA g5/117mA/117mA g4/117mA/117mA g4/117mA/117mA,,,,,,
35.093,HR,218,12094932,13385455,11102245,12145139,-76,238,-448,g5/117mA/117mA g5/117mA/117mA g4/117mA/117mA g4/117mA/117mA,,,,,,
35.122,HR,219,12096792,13391291,11104387,12148433,-76,238,-448,g5/117mA/117mA g5/117mA/117mA g4/117mA/117mA g4/117mA/117mA,,,,,,
35.122,HR,220,12098857,13398371,11107637,12152749,-76,238,-448,g5/117mA/117mA g5/117mA/117mA g4/117mA/117mA g4/117mA/117mA,,,,,,
35.122,HR,221,12103736,13406655,11111570,12157945,-76,237,-449,g5/117mA/117mA g5/117mA/117mA g4/117mA/117mA g4/117mA/117mA,,,,,,
35.122,HR,222,12109027,13415706,11115588,12163678,-75,237,-449,g5/117mA/117mA g5/117mA/117mA g4/117mA/117mA g4/117mA/117mA,,,,,,
35.122,HR,223,12114409,13424408,11119939,12169094,-75,237,-449,g5/117mA/117mA g5/117mA/117mA g4/117mA/117mA g4/117mA/117mA,,,,,,
35.122,HR,224,12119468,13433093,11124359,12174946,-75,237,-449,g5/117mA/117mA g5/117mA/117mA g4/117mA/117mA g4/117mA/117mA,,,,,,
35.156,HR,225,12124740,13440626,11128402,12180740,-76,237,-448,g5/117mA/117mA g5/117mA/117mA g4/117mA/117mA g4/117mA/117mA,,,,,,
35.156,HR,226,12128657,13449046,11132157,12186499,-76,237,-448,g5/117mA/117mA g5/117mA/117mA g4/117mA/117mA g4/117mA/117mA,,,,,,
35.156,HR,227,12133426,13456989,11136088,12192770,-76,237,-449,g5/117mA/117mA g5/117mA/117mA g4/117mA/117mA g4/117mA/117mA,,,,,,
35.156,HR,228,12138288,13465793,11139816,12199098,-76,237,-449,g5/117mA/117mA g5/117mA/117mA g4/117mA/117mA g4/117mA/117mA,,,,,,
35.156,HR,229,12143741,13474649,11144023,12206035,-75,238,-448,g5/117mA/117mA g5/117mA/117mA g4/117mA/117mA g4/117mA/117mA,,,,,,
35.181,HR,230,12148628,13483862,11148006,12212954,-75,238,-448,g5/117mA/117mA g5/117mA/117mA g4/117mA/117mA g4/117mA/117mA,,,,,,
35.181,HR,231,12155522,13493247,11152419,12220334,-76,238,-449,g5/117mA/117mA g5/117mA/117mA g4/117mA/117mA g4/117mA/117mA,,,,,,
35.181,HR,232,12160564,13502863,11156785,12228088,-75,238,-449,g5/117mA/117mA g5/117mA/117mA g4/117mA/117mA g4/117mA/117mA,,,,,,
35.181,HR,233,12166372,13512169,11160915,12235153,-75,238,-449,g5/117mA/117mA g5/117mA/117mA g4/117mA/117mA g4/117mA/117mA,54,100,0,1,0,0
35.181,HR,234,12172200,13521017,11165411,12242200,-75,237,-449,g5/117mA/117mA g5/117mA/117mA g4/117mA/117mA g4/117mA/117mA,,,,,,
35.218,HR,235,12177840,13529591,11169599,12249665,-73,238,-448,g5/117mA/117mA g5/117mA/117mA g4/117mA/117mA g4/117mA/117mA,,,,,,
35.218,HR,236,12173139,13530434,11168559,12250926,3,269,-320,g5/117mA/117mA g5/117mA/117mA g4/117mA/117mA g4/117mA/117mA,,,,,,
35.274,HRV,203,12144175,13348293,11119554,12117770,-77,236,-449,g5/117mA/117mA g5/117mA/117mA g4/117mA/117mA g4/117mA/117mA,,,,,,
35.274,HRV,204,12149122,13355229,11122533,12126020,-76,236,-449,g5/117mA/117mA g5/117mA/117mA g4/117mA/117mA g4/117mA/117mA,,,,,,
35.274,HRV,205,12153448,13363376,11125681,12134620,-76,237,-449,g5/117mA/117mA g5/117mA/117mA g4/117mA/117mA g4/117mA/117mA,,,,,,
35.274,HRV,206,12157348,13371609,11128588,12143826,-76,237,-449,g5/117mA/117mA g5/117mA/117mA g4/117mA/117mA g4/117mA/117mA,,,,,,
35.274,HRV,207,12149371,13377154,11124734,12150847,-76,237,-448,g5/117mA/117mA g5/117mA/117mA g4/117mA/117mA g4/117mA/117mA,,,,,,
35.336,HRV,208,12126762,13364332,11112697,12139986,-78,237,-448,g5/117mA/117mA g5/117mA/117mA g4/117mA/117mA g4/117mA/117mA,790,0,0,0,30,1
35.336,HRV,209,12110058,13352789,11103064,12127599,-77,237,-448,g5/117mA/117mA g5/117mA/117mA g4/117mA/117mA g4/117mA/117mA,,,,,,
35.336,HRV,210,12100972,13348609,11097996,12121926,-78,236,-449,g5/117mA/117mA g5/117mA/117mA g4/117mA/117mA g4/117mA/117mA,,,,,,
35.336,HRV,211,12097681,13350102,11096453,12121192,-77,236,-449,g5/117mA/117mA g5/117mA/117mA g4/117mA/117mA g4/117mA/117mA,,,,,,
35.336,HRV,212,12096084,13354580,11096087,12124017,-72,237,-449,g5/117mA/117mA g5/117mA/117mA g4/117mA/117mA g4/117mA/117mA,,,,,,
35.361,HRV,213,12094771,13360040,11096230,12127719,-76,237,-449,g5/117mA/117mA g5/117mA/117mA g4/117mA/117mA g4/117mA/117mA,,,,,,
35.361,HRV,214,12094975,13366969,11097690,12132547,-77,236,-449,g5/117mA/117mA g5/117mA/117mA g4/117mA/117mA g4/117mA/117mA,,,,,,
35.361,HRV,215,12095734,13373393,11098918,12137215,-76,236,-449,g5/117mA/117mA g5/117mA/117mA g4/117mA/117mA g4/117mA/117mA,,,,,,
35.361,HRV,216,12095666,13377828,11100232,12141044,-76,237,-448,g5/117mA/117mA g5/117mA/117mA g4/117mA/117mA g4/117mA/117mA,,,,,,
35.361,HRV,217,12094966,13381018,11101051,12142905,-76,238,-448,g5/117mA/117mA g5/117mA/117mA g4/117mA/117mA g4/117mA/117mA,,,,,,
35.361,HRV,218,12094932,13385455,11102245,12145139,-76,238,-448,g5/117mA/117mA g5/117mA/117mA g4/117mA/117mA g4/117mA/117mA,,,,,,
35.396,HRV,219,12096792,13391291,11104387,12148433,-76,238,-448,g5/117mA/117mA g5/117mA/117mA g4/117mA/117mA g4/117mA/117mA,,,,,,
35.396,HRV,220,12098857,13398371,11107637,12152749,-76,238,-448,g5/117mA/117mA g5/117mA/117mA g4/117mA/117mA g4/117mA/117mA,,,,,,
35.396,HRV,221,12103736,13406655,11111570,12157945,-76,237,-449,g5/117mA/117mA g5/117mA/117mA g4/117mA/117mA g4/117mA/117mA,,,,,,
35.396,HRV,222,12109027,13415706,11115588,12163678,-75,237,-449,g5/117mA/117mA g5/117mA/117mA g4/117mA/117mA g4/117mA/117mA,,,,,,
35.396,HRV,223,12114409,13424408,11119939,12169094,-75,237,-449,g5/117mA/117mA g5/117mA/117mA g4/117mA/117mA g4/117mA/117mA,,,,,,
35.396,HRV,224,12119468,13433093,11124359,12174946,-75,237,-449,g5/117mA/117mA g5/117mA/117mA g4/117mA/117mA g4/117mA/117mA,,,,,,
35.421,HRV,225,12124740,13440626,11128402,12180740,-76,237,-448,g5/117mA/117mA g5/117mA/117mA g4/117mA/117mA g4/117mA/117mA,,,,,,
35.421,HRV,226,12128657,13449046,11132157,12186499,-76,237,-448,g5/117mA/117mA g5/117mA/117mA g4/117mA/117mA g4/117mA/117mA,,,,,,
35.421,HRV,227,12133426,13456989,11136088,12192770,-76,237,-449,g5/117mA/117mA g5/117mA/117mA g4/117mA/117mA g4/117mA/117mA,,,,,,
35.421,HRV,228,12138288,13465793,11139816,12199098,-76,237,-449,g5/117mA/117mA g5/117mA/117mA g4/117mA/117mA g4/117mA/117mA,,,,,,
35.421,HRV,229,12143741,13474649,11144023,12206035,-75,238,-448,g5/117mA/117mA g5/117mA/117mA g4/117mA/117mA g4/117mA/117mA,,,,,,
35.519,HRV,230,12148628,13483862,11148006,12212954,-75,238,-448,g5/117mA/117mA g5/117mA/117mA g4/117mA/117mA g4/117mA/117mA,,,,,,
35.519,HRV,231,12155522,13493247,11152419,12220334,-76,238,-449,g5/117mA/117mA g5/117mA/117mA g4/117mA/117mA g4/117mA/117mA,,,,,,
35.519,HRV,232,12160564,13502863,11156785,12228088,-75,238,-449,g5/117mA/117mA g5/117mA/117mA g4/117mA/117mA g4/117mA/117mA,,,,,,
35.519,HRV,233,12166372,13512169,11160915,12235153,-75,238,-449,g5/117mA/117mA g5/117mA/117mA g4/117mA/117mA g4/117mA/117mA,790,726,0,0,30,2
35.519,HRV,234,12172200,13521017,11165411,12242200,-75,237,-449,g5/117mA/117mA g5/117mA/117mA g4/117mA/117mA g4/117mA/117mA,,,,,,
35.519,HRV,235,12177840,13529591,11169599,12249665,-73,238,-448,g5/117mA/117mA g5/117mA/117mA g4/117mA/117mA g4/117mA/117mA,,,,,,
35.519,HRV,236,12173139,13530434,11168559,12250926,3,269,-320,g5/117mA/117mA g5/117mA/117mA g4/117mA/117mA g4/117mA/117mA,,,,,,
36.055,HR,237,12161740,13518960,11162827,12239520,-75,239,-448,g5/117mA/117mA g5/117mA/117mA g4/117mA/117mA g4/117mA/117mA,,,,,,
36.055,HR,238,12153663,13508945,11158877,12227749,-75,239,-448,g5/117mA/117mA g5/117mA/117mA g4/117mA/117mA g4/117mA/117mA,,,,,,
36.055,HR,239,12150557,13505071,11157467,12220768,-75,238,-448,g5/117mA/117mA g5/117mA/117mA g4/117mA/117mA g4/117mA/117mA,,,,,,
36.055,HR,240,12150864,13505933,11158508,12218603,-75,238,-448,g5/117mA/117mA g5/117mA/117mA g4/117mA/117mA g4/117mA/117mA,,,,,,
36.055,HR,241,12152563,13508824,11160044,12219301,-75,238,-448,g5/117mA/117mA g5/117mA/117mA g4/117mA/117mA g4/117mA/117mA,,,,,,
36.113,HR,242,12154548,13513006,11161640,12220342,-75,238,-448,g5/117mA/117mA g5/117mA/117mA g4/117mA/117mA g4/117mA/117mA,,,,,,
36.113,HR,243,12158004,13517595,11164447,12222584,-76,239,-448,g5/117mA/117mA g5/117mA/117mA g4/117mA/117mA g4/117mA/117mA,,,,,,
36.113,HR,244,12161186,13521597,11166928,12225299,-75,239,-448,g5/117mA/117mA g5/117mA/117mA g4/117mA/117mA g4/117mA/117mA,,,,,,
36.113,HR,245,12162586,13525333,11168089,12227689,-75,239,-448,g5/117mA/117mA g5/117mA/117mA g4/117mA/117mA g4/117mA/117mA,,,,,,
36.113,HR,246,12163755,13528575,11169317,12229230,-75,239,-448,g5/117mA/117mA g5/117mA/117mA g4/117mA/117mA g4/117mA/117mA,,,,,,
36.113,HR,247,12165870,13531988,11170784,12230479,-75,239,-448,g5/117mA/117mA g5/117mA/117mA g4/117mA/117mA g4/117mA/117mA,,,,,,
36.176,HR,248,12168660,13536715,11173363,12233054,-75,239,-448,g5/117mA/117mA g5/117mA/117mA g4/117mA/117mA g4/117mA/117mA,,,,,,
36.177,HR,249,12172814,13542550,11176014,12236835,-75,239,-448,g5/117mA/117mA g5/117mA/117mA g4/117mA/117mA g4/117mA/117mA,,,,,,
36.177,HR,250,12177394,13549801,11178744,12242413,-75,239,-448,g5/117mA/117mA g5/117mA/117mA g4/117mA/117mA g4/117mA/117mA,,,,,,
36.177,HR,251,12182559,13557198,11182157,12247967,-75,239,-448,g5/117mA/117mA g5/117mA/117mA g4/117mA/117mA g4/117mA/117mA,,,,,,
36.177,HR,252,12188162,13564798,11185458,12253631,-75,239,-448,g5/117mA/117mA g5/117mA/117mA g4/117mA/117mA g4/117mA/117mA,,,,,,
36.177,HR,253,12193777,13572111,11188795,12259158,-75,239,-448,g5/117mA/117mA g5/117mA/117mA g4/117mA/117mA g4/117mA/117mA,,,,,,
36.177,HR,254,12197685,13579721,11191277,12265676,-75,239,-448,g5/117mA/117mA g5/117mA/117mA g4/117mA/117mA g4/117mA/117mA,,,,,,
36.177,HR,255,12202477,13587390,11194170,12271078,-75,239,-448,g5/117mA/117mA g5/117mA/117mA g4/117mA/117mA g4/117mA/117mA,,,,,,
36.177,HR,0,12206998,13593462,11197155,12276690,-75,239,-448,g5/117mA/117mA g5/117mA/117mA g4/117mA/117mA g4/117mA/117mA,,,,,,
36.177,HR,1,12211667,13600955,11200193,12282458,-75,239,-448,g5/117mA/117mA g5/117mA/117mA g4/117mA/117mA g4/117mA/117mA,,,,,,
36.294,HR,2,12217025,13608889,11203246,12288499,-75,240,-448,g5/117mA/117mA g5/117mA/117mA g4/117mA/117mA g4/117mA/117mA,54,100,0,1,0,0
36.294,HR,3,12221853,13616243,11206344,12295103,-75,240,-448,g5/117mA/117mA g5/117mA/117mA g4/117mA/117mA g4/117mA/117mA,,,,,,
36.294,HR,4,12227287,13624066,11209440,12301143,-75,238,-448,g5/117mA/117mA g5/117mA/117mA g4/117mA/117mA g4/117mA/117mA,,,,,,
36.294,HR,5,12232950,13631864,11212708,12307300,-75,238,-448,g5/117mA/117mA g5/117mA/117mA g4/117mA/117mA g4/117mA/117mA,,,,,,
36.294,HR,6,12238062,13639720,11215813,12313333,-75,239,-448,g5/117mA/117mA g5/117mA/117mA g4/117mA/117mA g4/117mA/117mA,,,,,,
36.352,HR,7,12240646,13646144,11217860,12318333,-74,239,-448,g5/117mA/117mA g5/117mA/117mA g4/117mA/117mA g4/117mA/117mA,,,,,,
36.352,HR,8,12232439,13638919,11213884,12313760,-74,239,-448,g5/117mA/117mA g5/117mA/117mA g4/117mA/117mA g4/117mA/117mA,,,,,,
36.352,HR,9,12222757,13628134,11209662,12304562,-75,239,-448,g5/117mA/117mA g5/117mA/117mA g4/117mA/117mA g4/117mA/117mA,,,,,,
36.352,HR,10,12218388,13623068,11207333,12297446,-76,239,-448,g5/117mA/117mA g5/117mA/117mA g4/117mA/117mA g4/117mA/117mA,,,,,,
36.352,HR,11,12218652,13622513,11208006,12294632,-75,239,-448,g5/117mA/117mA g5/117mA/117mA g4/117mA/117mA g4/117mA/117mA,,,,,,
36.352,HR,12,12220974,13625310,11209807,12294607,-74,239,-448,g5/117mA/117mA g5/117mA/117mA g4/117mA/117mA g4/117mA/117mA,,,,,,
36.415,HR,13,12223422,13629039,11211598,12296075,-74,239,-448,g5/117mA/117mA g5/117mA/117mA g4/117mA/117mA g4/117mA/117mA,,,,,,
36.415,HR,14,12226654,13633748,11213764,12298659,-74,238,-448,g5/117mA/117mA g5/117mA/117mA g4/117mA/117mA g4/117mA/117mA,,,,,,
36.418,HRV,237,12161740,13518960,11162827,12239520,-75,239,-448,g5/117mA/117mA g5/117mA/117mA g4/117mA/117mA g4/117mA/117mA,,,,,,
36.418,HRV,238,12153663,13508945,11158877,12227749,-75,239,-448,g5/117mA/117mA g5/117mA/117mA g4/117mA/117mA g4/117mA/117mA,,,,,,
36.418,HRV,239,12150557,13505071,11157467,12220768,-75,238,-448,g5/117mA/117mA g5/117mA/117mA g4/117mA/117mA g4/117mA/117mA,,,,,,
36.418,HRV,240,12150864,13505933,11158508,12218603,-75,238,-448,g5/117mA/117mA g5/117mA/117mA g4/117mA/117mA g4/117mA/117mA,,,,,,
36.418,HRV,241,12152563,13508824,11160044,12219301,-75,238,-448,g5/117mA/117mA g5/117mA/117mA g4/117mA/117mA g4/117mA/117mA,,,,,,
36.482,HRV,242,12154548,13513006,11161640,12220342,-75,238,-448,g5/117mA/117mA g5/117mA/117mA g4/117mA/117mA g4/117mA/117mA,,,,,,
36.482,HRV,243,12158004,13517595,11164447,12222584,-76,239,-448,g5/117mA/117mA g5/117mA/117mA g4/117mA/117mA g4/117mA/117mA,,,,,,
36.482,HRV,244,12161186,13521597,11166928,12225299,-75,239,-448,g5/117mA/117mA g5/117mA/117mA g4/117mA/117mA g4/117mA/117mA,,,,,,
36.482,HRV,245,12162586,13525333,11168089,12227689,-75,239,-448,g5/117mA/117mA g5/117mA/117mA g4/117mA/117mA g4/117mA/117mA,,,,,,
36.482,HRV,246,12163755,13528575,11169317,12229230,-75,239,-448,g5/117mA/117mA g5/117mA/117mA g4/117mA/117mA g4/117mA/117mA,,,,,,
36.482,HRV,247,12165870,13531988,11170784,12230479,-75,239,-448,g5/117mA/117mA g5/117mA/117mA g4/117mA/117mA g4/117mA/117mA,,,,,,
36.483,HRV,248,12168660,13536715,11173363,12233054,-75,239,-448,g5/117mA/117mA g5/117mA/117mA g4/117mA/117mA g4/117mA/117mA,,,,,,
36.483,HRV,249,12172814,13542550,11176014,12236835,-75,239,-448,g5/117mA/117mA g5/117mA/117mA g4/117mA/117mA g4/117mA/117mA,,,,,,
36.483,HRV,250,12177394,13549801,11178744,12242413,-75,239,-448,g5/117mA/117mA g5/117mA/117mA g4/117mA/117mA g4/117mA/117mA,,,,,,
36.483,HRV,251,12182559,13557198,11182157,12247967,-75,239,-448,g5/117mA/117mA g5/117mA/117mA g4/117mA/117mA g4/117mA/117mA,,,,,,
36.483,HRV,252,12188162,13564798,11185458,12253631,-75,239,-448,g5/117mA/117mA g5/117mA/117mA g4/117mA/117mA g4/117mA/117mA,,,,,,
36.533,HRV,253,12193777,13572111,11188795,12259158,-75,239,-448,g5/117mA/117mA g5/117mA/117mA g4/117mA/117mA g4/117mA/117mA,,,,,,
36.533,HRV,254,12197685,13579721,11191277,12265676,-75,239,-448,g5/117mA/117mA g5/117mA/117mA g4/117mA/117mA g4/117mA/117mA,,,,,,
36.533,HRV,255,12202477,13587390,11194170,12271078,-75,239,-448,g5/117mA/117mA g5/117mA/117mA g4/117mA/117mA g4/117mA/117mA,,,,,,
36.533,HRV,0,12206998,13593462,11197155,12276690,-75,239,-448,g5/117mA/117mA g5/117mA/117mA g4/117mA/117mA g4/117mA/117mA,,,,,,
36.533,HRV,1,12211667,13600955,11200193,12282458,-75,239,-448,g5/117mA/117mA g5/117mA/117mA g4/117mA/117mA g4/117mA/117mA,,,,,,
36.596,HRV,2,12217025,13608889,11203246,12288499,-75,240,-448,g5/117mA/117mA g5/117mA/117mA g4/117mA/117mA g4/117mA/117mA,758,758,0,0,30,2
36.596,HRV,3,12221853,13616243,11206344,12295103,-75,240,-448,g5/117mA/117mA g5/117mA/117mA g4/117mA/117mA g4/117mA/117mA,,,,,,
36.596,HRV,4,12227287,13624066,11209440,12301143,-75,238,-448,g5/117mA/117mA g5/117mA/117mA g4/117mA/117mA g4/117mA/117mA,,,,,,
36.596,HRV,5,12232950,13631864,11212708,12307300,-75,238,-448,g5/117mA/117mA g5/117mA/117mA g4/117mA/117mA g4/117mA/117mA,,,,,,
36.653,HRV,6,12238062,13639720,11215813,12313333,-75,239,-448,g5/117mA/117mA g5/117mA/117mA g4/117mA/117mA g4/117mA/117mA,,,,,,
36.653,HRV,7,12240646,13646144,11217860,12318333,-74,239,-448,g5/117mA/117mA g5/117mA/117mA g4/117mA/117mA g4/117mA/117mA,,,,,,
36.653,HRV,8,12232439,13638919,11213884,12313760,-74,239,-448,g5/117mA/117mA g5/117mA/117mA g4/117mA/117mA g4/117mA/117mA,,,,,,
36.653,HRV,9,12222757,13628134,11209662,12304562,-75,239,-448,g5/117mA/117mA g5/117mA/117mA g4/117mA/117mA g4/117mA/117mA,,,,,,
36.653,HRV,10,12218388,13623068,11207333,12297446,-76,239,-448,g5/117mA/117mA g5/117mA/117mA g4/117mA/117mA g4/117mA/117mA,,,,,,
36.653,HRV,11,12218652,13622513,11208006,12294632,-75,239,-448,g5/117mA/117mA g5/117mA/117mA g4/117mA/117mA g4/117mA/117mA,,,,,,
36.657,HRV,12,12220974,13625310,11209807,12294607,-74,239,-448,g5/117mA/117mA g5/117mA/117mA g4/117mA/117mA g4/117mA/117mA,,,,,,
36.657,HRV,13,12223422,13629039,11211598,12296075,-74,239,-448,g5/117mA/117mA g5/117mA/117mA g4/117mA/117mA g4/117mA/117mA,,,,,,
36.657,HRV,14,12226654,13633748,11213764,12298659,-74,238,-448,g5/117mA/117mA g5/117mA/117mA g4/117mA/117mA g4/117mA/117mA,,,,,,
37.435,HR,15,12229139,13638534,11215574,12301986,-75,239,-448,g5/117mA/117mA g5/117mA/117mA g4/117mA/117mA g4/117mA/117mA,,,,,,
37.435,HR,16,12231603,13641317,11217170,12304246,-75,239,-448,g5/117mA/117mA g5/117mA/117mA g4/117mA/117mA g4/117mA/117mA,,,,,,
37.435,HR,17,12233515,13643883,11218399,12305587,-74,239,-448,g5/117mA/117mA g5/117mA/117mA g4/117mA/117mA g4/117mA/117mA,,,,,,
37.435,HR,18,12234171,13646638,11219363,12306482,-74,239,-448,g5/117mA/117mA g5/117mA/117mA g4/117mA/117mA g4/117mA/117mA,,,,,,
37.435,HR,19,12236654,13650351,11221118,12308384,-74,239,-448,g5/117mA/117mA g5/117mA/117mA g4/117mA/117mA g4/117mA/117mA,,,,,,
37.499,HR,20,12239615,13654530,11223278,12310911,-74,239,-448,g5/117mA/117mA g5/117mA/117mA g4/117mA/117mA g4/117mA/117mA,,,,,,
37.499,HR,21,12244588,13660001,11225983,12314783,-74,239,-448,g5/117mA/117mA g5/117mA/117mA g4/117mA/117mA g4/117mA/117mA,,,,,,
37.499,HR,22,12248836,13665714,11228533,12319322,-74,239,-448,g5/117mA/117mA g5/117mA/117mA g4/117mA/117mA g4/117mA/117mA,,,,,,
37.499,HR,23,12253213,13672071,11231400,12323842,-74,239,-448,g5/117mA/117mA g5/117mA/117mA g4/117mA/117mA g4/117mA/117mA,,,,,,
37.499,HR,24,12257462,13678085,11234164,12328218,-74,240,-448,g5/117mA/117mA g5/117mA/117mA g4/117mA/117mA g4/117mA/117mA,,,,,,
37.499,HR,25,12261436,13683605,11236714,12332920,-74,240,-448,g5/117mA/117mA g5/117mA/117mA g4/117mA/117mA g4/117mA/117mA,,,,,,
37.521,HR,26,12265259,13688826,11238907,12337143,-74,239,-448,g5/117mA/117mA g5/117mA/117mA g4/117mA/117mA g4/117mA/117mA,,,,,,
37.521,HR,27,12268824,13694396,11241476,12341238,-74,239,-448,g5/117mA/117mA g5/117mA/117mA g4/117mA/117mA g4/117mA/117mA,54,100,0,1,0,0
37.521,HR,28,12272996,13700360,11243847,12345742,-74,239,-447,g5/117mA/117mA g5/117mA/117mA g4/117mA/117mA g4/117mA/117mA,,,,,,
37.521,HR,29,12277025,13705779,11246783,12350410,-75,239,-447,g5/117mA/117mA g5/117mA/117mA g4/117mA/117mA g4/117mA/117mA,,,,,,
37.521,HR,30,12281613,13711732,11249562,12354794,-72,239,-448,g5/117mA/117mA g5/117mA/117mA g4/117mA/117mA g4/117mA/117mA,,,,,,
37.554,HR,31,12285640,13717448,11252123,12359554,-72,239,-447,g5/117mA/117mA g5/117mA/117mA g4/117mA/117mA g4/117mA/117mA,,,,,,
37.554,HR,32,12290408,13723413,11255022,12364076,-74,239,-447,g5/117mA/117mA g5/117mA/117mA g4/117mA/117mA g4/117mA/117mA,,,,,,
37.554,HR,33,12295000,13729333,11258068,12368743,-75,239,-448,g5/117mA/117mA g5/117mA/117mA g4/117mA/117mA g4/117mA/117mA,,,,,,
37.554,HR,34,12291537,13727959,11257233,12369409,-74,239,-447,g5/117mA/117mA g5/117mA/117mA g4/117mA/117mA g4/117mA/117mA,,,,,,
37.554,HR,35,12280881,13716135,11252352,12360766,-74,239,-447,g5/117mA/117mA g5/117mA/117mA g4/117mA/117mA g4/117mA/117mA,,,,,,
37.554,HR,36,12273202,13705991,11249126,12352252,-74,239,-448,g5/117mA/117mA g5/117mA/117mA g4/117mA/117mA g4/117mA/117mA,,,,,,
37.616,HR,37,12269686,13700924,11248308,12346717,-74,239,-448,g5/117mA/117mA g5/117mA/117mA g4/117mA/117mA g4/117mA/117mA,,,,,,
37.616,HR,38,12270131,13700497,11249657,12344454,-75,240,-448,g5/117mA/117mA g5/117mA/117mA g4/117mA/117mA g4/117mA/117mA,,,,,,
37.616,HR,39,12271222,13701972,11251039,12344992,-74,240,-448,g5/117mA/117mA g5/117mA/117mA g4/117mA/117mA g4/117mA/117mA,,,,,,
37.616,HR,40,12272980,13704514,11253069,12346623,-74,240,-448,g5/117mA/117mA g5/117mA/117mA g4/117mA/117mA g4/117mA/117mA,,,,,,
37.616,HR,41,12275335,13708158,11255041,12349258,-74,239,-448,g5/117mA/117mA g5/117mA/117mA g4/117mA/117mA g4/117mA/117mA,,,,,,
37.616,HR,42,12277040,13710512,11256652,12351059,-75,239,-448,g5/117mA/117mA g5/117mA/117mA g4/117mA/117mA g4/117mA/117mA,,,,,,
37.644,HR,43,12278141,13711050,11258162,12351296,-74,239,-448,g5/117mA/117mA g5/117mA/117mA g4/117mA/117mA g4/117mA/117mA,,,,,,
37.644,HR,44,12277774,13711971,11258280,12352057,-74,239,-448,g5/117mA/117mA g5/117mA/117mA g4/117mA/117mA g4/117mA/117mA,,,,,,
37.644,HR,45,12278355,13712783,11259382,12352644,-74,239,-448,g5/117mA/117mA g5/117mA/117mA g4/117mA/117mA g4/117mA/117mA,,,,,,
37.644,HR,46,12280000,13714812,11261028,12353532,-74,239,-448,g5/117mA/117mA g5/117mA/117mA g4/117mA/117mA g4/117mA/117mA,,,,,,
37.644,HR,47,12282364,13718233,11263153,12355801,-74,239,-448,g5/117mA/117mA g5/117mA/117mA g4/117mA/117mA g4/117mA/117mA,,,,,,
37.644,HR,48,12286024,13722491,11265310,12359478,1,269,-321,g5/117mA/117mA g5/117mA/117mA g4/117mA/117mA g4/117mA/117mA,,,,,,
37.675,HRV,15,12229139,13638534,11215574,12301986,-75,239,-448,g5/117mA/117mA g5/117mA/117mA g4/117mA/117mA g4/117mA/117mA,,,,,,
37.675,HRV,16,12231603,13641317,11217170,12304246,-75,239,-448,g5/117mA/117mA g5/117mA/117mA g4/117mA/117mA g4/117mA/117mA,,,,,,
37.675,HRV,17,12233515,13643883,11218399,12305587,-74,239,-448,g5/117mA/117mA g5/117mA/117mA g4/117mA/117mA g4/117mA/117mA,,,,,,
37.675,HRV,18,12234171,13646638,11219363,12306482,-74,239,-448,g5/117mA/117mA g5/117mA/117mA g4/117mA/117mA g4/117mA/117mA,,,,,,
37.675,HRV,19,12236654,13650351,11221118,12308384,-74,239,-448,g5/117mA/117mA g5/117mA/117mA g4/117mA/117mA g4/117mA/117mA,,,,,,
37.735,HRV,20,12239615,13654530,11223278,12310911,-74,239,-448,g5/117mA/117mA g5/117mA/117mA g4/117mA/117mA g4/117mA/117mA,,,,,,
37.735,HRV,21,12244588,13660001,11225983,12314783,-74,239,-448,g5/117mA/117mA g5/117mA/117mA g4/117mA/117mA g4/117mA/117mA,,,,,,
37.735,HRV,22,12248836,13665714,11228533,12319322,-74,239,-448,g5/117mA/117mA g5/117mA/117mA g4/117mA/117mA g4/117mA/117mA,,,,,,
37.735,HRV,23,12253213,13672071,11231400,12323842,-74,239,-448,g5/117mA/117mA g5/117mA/117mA g4/117mA/117mA g4/117mA/117mA,,,,,,
37.735,HRV,24,12257462,13678085,11234164,12328218,-74,240,-448,g5/117mA/117mA g5/117mA/117mA g4/117mA/117mA g4/117mA/117mA,,,,,,
37.735,HRV,25,12261436,13683605,11236714,12332920,-74,240,-448,g5/117mA/117mA g5/117mA/117mA g4/117mA/117mA g4/117mA/117mA,,,,,,
37.851,HRV,26,12265259,13688826,11238907,12337143,-74,239,-448,g5/117mA/117mA g5/117mA/117mA g4/117mA/117mA g4/117mA/117mA,,,,,,
37.851,HRV,27,12268824,13694396,11241476,12341238,-74,239,-448,g5/117mA/117mA g5/117mA/117mA g4/117mA/117mA g4/117mA/117mA,774,668,0,0,30,2
37.851,HRV,28,12272996,13700360,11243847,12345742,-74,239,-447,g5/117mA/117mA g5/117mA/117mA g4/117mA/117mA g4/117mA/117mA,,,,,,
37.851,HRV,29,12277025,13705779,11246783,12350410,-75,239,-447,g5/117mA/117mA g5/117mA/117mA g4/117mA/117mA g4/117mA/117mA,,,,,,
37.918,HRV,30,12281613,13711732,11249562,12354794,-72,239,-448,g5/117mA/117mA g5/117mA/117mA g4/117mA/117mA g4/117mA/117mA,,,,,,
37.918,HRV,31,12285640,13717448,11252123,12359554,-72,239,-447,g5/117mA/117mA g5/117mA/117mA g4/117mA/117mA g4/117mA/117mA,,,,,,
37.918,HRV,32,12290408,13723413,11255022,12364076,-74,239,-447,g5/117mA/117mA g5/117mA/117mA g4/117mA/117mA g4/117mA/117mA,,,,,,
37.918,HRV,33,12295000,13729333,11258068,12368743,-75,239,-448,g5/117mA/117mA g5/117mA/117mA g4/117mA/117mA g4/117mA/117mA,,,,,,
37.918,HRV,34,12291537,13727959,11257233,12369409,-74,239,-447,g5/117mA/117mA g5/117mA/117mA g4/117mA/117mA g4/117mA/117mA,,,,,,
37.918,HRV,35,12280881,13716135,11252352,12360766,-74,239,-447,g5/117mA/117mA g5/117mA/117mA g4/117mA/117mA g4/117mA/117mA,,,,,,
37.919,HRV,36,12273202,13705991,11249126,12352252,-74,239,-448,g5/117mA/117mA g5/117mA/117mA g4/117mA/117mA g4/117mA/117mA,,,,,,
37.919,HRV,37,12269686,13700924,11248308,12346717,-74,239,-448,g5/117mA/117mA g5/117mA/117mA g4/117mA/117mA g4/117mA/117mA,,,,,,
37.919,HRV,38,12270131,13700497,11249657,12344454,-75,240,-448,g5/117mA/117mA g5/117mA/117mA g4/117mA/117mA g4/117mA/117mA,,,,,,
37.919,HRV,39,12271222,13701972,11251039,12344992,-74,240,-448,g5/117mA/117mA g5/117mA/117mA g4/117mA/117mA g4/117mA/117mA,,,,,,
37.919,HRV,40,12272980,13704514,11253069,12346623,-74,240,-448,g5/117mA/117mA g5/117mA/117mA g4/117mA/117mA g4/117mA/117mA,,,,,,
37.919,HRV,41,12275335,13708158,11255041,12349258,-74,239,-448,g5/117mA/117mA g5/117mA/117mA g4/117mA/117mA g4/117mA/117mA,,,,,,
37.976,HRV,42,12277040,13710512,11256652,12351059,-75,239,-448,g5/117mA/117mA g5/117mA/117mA g4/117mA/117mA g4/117mA/117mA,,,,,,
37.976,HRV,43,12278141,13711050,11258162,12351296,-74,239,-448,g5/117mA/117mA g5/117mA/117mA g4/117mA/117mA g4/117mA/117mA,,,,,,
37.976,HRV,44,12277774,13711971,11258280,12352057,-74,239,-448,g5/117mA/117mA g5/117mA/117mA g4/117mA/117mA g4/117mA/117mA,,,,,,
37.976,HRV,45,12278355,13712783,11259382,12352644,-74,239,-448,g5/117mA/117mA g5/117mA/117mA g4/117mA/117mA g4/117mA/117mA,,,,,,
37.976,HRV,46,12280000,13714812,11261028,12353532,-74,239,-448,g5/117mA/117mA g5/117mA/117mA g4/117mA/117mA g4/117mA/117mA,,,,,,
37.976,HRV,47,12282364,13718233,11263153,12355801,-74,239,-448,g5/117mA/117mA g5/117mA/117mA g4/117mA/117mA g4/117mA/117mA,,,,,,
37.977,HRV,48,12286024,13722491,11265310,12359478,1,269,-321,g5/117mA/117mA g5/117mA/117mA g4/117mA/117mA g4/117mA/117mA,,,,,,
39.117,HR,49,12289967,13727243,11268066,12362533,-74,240,-448,g5/117mA/117mA g5/117mA/117mA g4/117mA/117mA g4/117mA/117mA,,,,,,
39.117,HR,50,12293293,13731754,11270250,12366660,-73,239,-448,g5/117mA/117mA g5/117mA/117mA g4/117mA/117mA g4/117mA/117mA,,,,,,
39.117,HR,51,12297260,13735997,11272699,12369879,-75,239,-448,g5/117mA/117mA g5/117mA/117mA g4/117mA/117mA g4/117mA/117mA,,,,,,
39.117,HR,52,12299904,13740825,11274550,12373682,-76,238,-448,g5/117mA/117mA g5/117mA/117mA g4/117mA/117mA g4/117mA/117mA,55,100,0,1,0,0
39.177,HR,53,12302942,13745396,11276607,12377232,-74,238,-448,g5/117mA/117mA g5/117mA/117mA g4/117mA/117mA g4/117mA/117mA,,,,,,
39.177,HR,54,12306269,13749210,11278783,12380644,-74,239,-448,g5/117mA/117mA g5/117mA/117mA g4/117mA/117mA g4/117mA/117mA,,,,,,
39.177,HR,55,12310066,13753074,11281103,12384030,-74,240,-448,g5/117mA/117mA g5/117mA/117mA g4/117mA/117mA g4/117mA/117mA,,,,,,
39.177,HR,56,12313435,13757716,11283320,12387965,-73,239,-448,g5/117mA/117mA g5/117mA/117mA g4/117mA/117mA g4/117mA/117mA,,,,,,
39.177,HR,57,12317479,13762417,11285769,12392084,-73,238,-448,g5/117mA/117mA g5/117mA/117mA g4/117mA/117mA g4/117mA/117mA,,,,,,
39.177,HR,58,12321598,13766802,11288245,12396154,-73,238,-448,g5/117mA/117mA g5/117mA/117mA g4/117mA/117mA g4/117mA/117mA,,,,,,
39.178,HR,59,12325712,13771740,11290828,12400395,-74,239,-448,g5/117mA/117mA g5/117mA/117mA g4/117mA/117mA g4/117mA/117mA,,,,,,
39.178,HR,60,12330081,13775701,11293345,12404201,-74,239,-448,g5/117mA/117mA g5/117mA/117mA g4/117mA/117mA g4/117mA/117mA,,,,,,
39.178,HR,61,12332118,13780043,11295214,12407715,-74,239,-448,g5/117mA/117mA g5/117mA/117mA g4/117mA/117mA g4/117mA/117mA,,,,,,
39.178,HR,62,12323785,13770999,11291032,12403611,-74,239,-448,g5/117mA/117mA g5/117mA/117mA g4/117mA/117mA g4/117mA/117mA,,,,,,
39.178,HR,63,12311371,13756350,11285591,12394287,-74,239,-449,g5/117mA/117mA g5/117mA/117mA g4/117mA/117mA g4/117mA/117mA,,,,,,
39.235,HR,64,12303436,13744409,11282194,12385619,-74,239,-448,g5/117mA/117mA g5/117mA/117mA g4/117mA/117mA g4/117mA/117mA,,,,,,
39.235,HR,65,12300110,13737658,11281136,12380671,-74,239,-448,g5/117mA/117mA g5/117mA/117mA g4/117mA/117mA g4/117mA/117mA,,,,,,
39.235,HR,66,12299641,13735312,11281486,12379304,-74,239,-448,g5/117mA/117mA g5/117mA/117mA g4/117mA/117mA g4/117mA/117mA,,,,,,
39.235,HR,67,12300349,13734920,11282179,12378683,-74,239,-448,g5/117mA/117mA g5/117mA/117mA g4/117mA/117mA g4/117mA/117mA,,,,,,
39.235,HR,68,12301432,13734416,11283339,12378631,-74,239,-448,g5/117mA/117mA g5/117mA/117mA g4/117mA/117mA g4/117mA/117mA,,,,,,
39.236,HR,69,12302054,13735868,11284115,12379978,-73,239,-448,g5/117mA/117mA g5/117mA/117mA g4/117mA/117mA g4/117mA/117mA,,,,,,
39.296,HR,70,12302080,13735662,11284917,12380671,-73,239,-448,g5/117mA/117mA g5/117mA/117mA g4/117mA/117mA g4/117mA/117mA,,,,,,
39.296,HR,71,12301550,13733753,11284755,12379587,-74,239,-448,g5/117mA/117mA g5/117mA/117mA g4/117mA/117mA g4/117mA/117mA,,,,,,
39.296,HR,72,12301227,13732464,11284823,12379186,-75,239,-448,g5/117mA/117mA g5/117mA/117mA g4/117mA/117mA g4/117mA/117mA,,,,,,
39.296,HR,73,12300860,13731935,11285165,12378938,-74,239,-448,g5/117mA/117mA g5/117mA/117mA g4/117mA/117mA g4/117mA/117mA,,,,,,
39.296,HR,74,12302243,13732431,11286393,12379885,-73,239,-448,g5/117mA/117mA g5/117mA/117mA g4/117mA/117mA g4/117mA/117mA,,,,,,
39.296,HR,75,12303967,13734767,11287963,12381574,-74,239,-448,g5/117mA/117mA g5/117mA/117mA g4/117mA/117mA g4/117mA/117mA,,,,,,
39.324,HR,76,12307029,13737285,11289591,12383409,-74,239,-448,g5/117mA/117mA g5/117mA/117mA g4/117mA/117mA g4/117mA/117mA,,,,,,
39.324,HR,77,12309928,13740125,11291366,12386165,-74,239,-448,g5/117mA/117mA g5/117mA/117mA g4/117mA/117mA g4/117mA/117mA,55,100,0,1,0,0
39.326,HR,78,12312635,13744176,11293148,12388884,-74,239,-448,g5/117mA/117mA g5/117mA/117mA g4/117mA/117mA g4/117mA/117mA,,,,,,
39.326,HR,79,12315772,13747232,11294813,12391753,-74,239,-448,g5/117mA/117mA g5/117mA/117mA g4/117mA/117mA g4/117mA/117mA,,,,,,
39.326,HR,80,12319125,13749389,11297414,12393680,-74,239,-448,g5/117mA/117mA g5/117mA/117mA g4/117mA/117mA g4/117mA/117mA,,,,,,
39.353,HR,81,12321855,13751282,11299530,12395122,-73,239,-448,g5/117mA/117mA g5/117mA/117mA g4/117mA/117mA g4/117mA/117mA,,,,,,
39.353,HR,82,12325864,13752589,11302193,12396734,-73,239,-449,g5/117mA/117mA g5/117mA/117mA g4/117mA/117mA g4/117mA/117mA,,,,,,
39.419,HRV,49,12289967,13727243,11268066,12362533,-74,240,-448,g5/117mA/117mA g5/117mA/117mA g4/117mA/117mA g4/117mA/117mA,,,,,,
39.419,HRV,50,12293293,13731754,11270250,12366660,-73,239,-448,g5/117mA/117mA g5/117mA/117mA g4/117mA/117mA g4/117mA/117mA,,,,,,
39.419,HRV,51,12297260,13735997,11272699,12369879,-75,239,-448,g5/117mA/117mA g5/117mA/117mA g4/117mA/117mA g4/117mA/117mA,,,,,,
39.419,HRV,52,12299904,13740825,11274550,12373682,-76,238,-448,g5/117mA/117mA g5/117mA/117mA g4/117mA/117mA g4/117mA/117mA,729,804,0,0,30,2
39.42,HRV,53,12302942,13745396,11276607,12377232,-74,238,-448,g5/117mA/117mA g5/117mA/117mA g4/117mA/117mA g4/117mA/117mA,,,,,,
39.42,HRV,54,12306269,13749210,11278783,12380644,-74,239,-448,g5/117mA/117mA g5/117mA/117mA g4/117mA/117mA g4/117mA/117mA,,,,,,
39.42,HRV,55,12310066,13753074,11281103,12384030,-74,240,-448,g5/117mA/117mA g5/117mA/117mA g4/117mA/117mA g4/117mA/117mA,,,,,,
39.42,HRV,56,12313435,13757716,11283320,12387965,-73,239,-448,g5/117mA/117mA g5/117mA/117mA g4/117mA/117mA g4/117mA/117mA,,,,,,
39.42,HRV,57,12317479,13762417,11285769,12392084,-73,238,-448,g5/117mA/117mA g5/117mA/117mA g4/117mA/117mA g4/117mA/117mA,,,,,,
39.42,HRV,58,12321598,13766802,11288245,12396154,-73,238,-448,g5/117mA/117mA g5/117mA/117mA g4/117mA/117mA g4/117mA/117mA,,,,,,
39.476,HRV,59,12325712,13771740,11290828,12400395,-74,239,-448,g5/117mA/117mA g5/117mA/117mA g4/117mA/117mA g4/117mA/117mA,,,,,,
39.476,HRV,60,12330081,13775701,11293345,12404201,-74,239,-448,g5/117mA/117mA g5/117mA/117mA g4/117mA/117mA g4/117mA/117mA,,,,,,
39.476,HRV,61,12332118,13780043,11295214,12407715,-74,239,-448,g5/117mA/117mA g5/117mA/117mA g4/117mA/117mA g4/117mA/117mA,,,,,,
39.476,HRV,62,12323785,13770999,11291032,12403611,-74,239,-448,g5/117mA/117mA g5/117mA/117mA g4/117mA/117mA g4/117mA/117mA,,,,,,
39.476,HRV,63,12311371,13756350,11285591,12394287,-74,239,-449,g5/117mA/117mA g5/117mA/117mA g4/117mA/117mA g4/117mA/117mA,,,,,,
39.536,HRV,64,12303436,13744409,11282194,12385619,-74,239,-448,g5/117mA/117mA g5/117mA/117mA g4/117mA/117mA g4/117mA/117mA,,,,,,
39.536,HRV,65,12300110,13737658,11281136,12380671,-74,239,-448,g5/117mA/117mA g5/117mA/117mA g4/117mA/117mA g4/117mA/117mA,,,,,,
39.536,HRV,66,12299641,13735312,11281486,12379304,-74,239,-448,g5/117mA/117mA g5/117mA/117mA g4/117mA/117mA g4/117mA/117mA,,,,,,
39.536,HRV,67,12300349,13734920,11282179,12378683,-74,239,-448,g5/117mA/117mA g5/117mA/117mA g4/117mA/117mA g4/117mA/117mA,,,,,,
39.536,HRV,68,12301432,13734416,11283339,12378631,-74,239,-448,g5/117mA/117mA g5/117mA/117mA g4/117mA/117mA g4/117mA/117mA,,,,,,
39.536,HRV,69,12302054,13735868,11284115,12379978,-73,239,-448,g5/117mA/117mA g5/117mA/117mA g4/117mA/117mA g4/117mA/117mA,,,,,,
39.596,HRV,70,12302080,13735662,11284917,12380671,-73,239,-448,g5/117mA/117mA g5/117mA/117mA g4/117mA/117mA g4/117mA/117mA,,,,,,
39.596,HRV,71,12301550,13733753,11284755,12379587,-74,239,-448,g5/117mA/117mA g5/117mA/117mA g4/117mA/117mA g4/117mA/117mA,,,,,,
39.596,HRV,72,12301227,13732464,11284823,12379186,-75,239,-448,g5/117mA/117mA g5/117mA/117mA g4/117mA/117mA g4/117mA/117mA,,,,,,
39.596,HRV,73,12300860,13731935,11285165,12378938,-74,239,-448,g5/117mA/117mA g5/117mA/117mA g4/117mA/117mA g4/117mA/117mA,,,,,,
39.596,HRV,74,12302243,13732431,11286393,12379885,-73,239,-448,g5/117mA/117mA g5/117mA/117mA g4/117mA/117mA g4/117mA/117mA,,,,,,
39.596,HRV,75,12303967,13734767,11287963,12381574,-74,239,-448,g5/117mA/117mA g5/117mA/117mA g4/117mA/117mA g4/117mA/117mA,,,,,,
39.628,HRV,76,12307029,13737285,11289591,12383409,-74,239,-448,g5/117mA/117mA g5/117mA/117mA g4/117mA/117mA g4/117mA/117mA,,,,,,
39.628,HRV,77,12309928,13740125,11291366,12386165,-74,239,-448,g5/117mA/117mA g5/117mA/117mA g4/117mA/117mA g4/117mA/117mA,797,0,0,0,30,1
39.628,HRV,78,12312635,13744176,11293148,12388884,-74,239,-448,g5/117mA/117mA g5/117mA/117mA g4/117mA/117mA g4/117mA/117mA,,,,,,
39.628,HRV,79,12315772,13747232,11294813,12391753,-74,239,-448,g5/117mA/117mA g5/117mA/117mA g4/117mA/117mA g4/117mA/117mA,,,,,,
39.628,HRV,80,12319125,13749389,11297414,12393680,-74,239,-448,g5/117mA/117mA g5/117mA/117mA g4/117mA/117mA g4/117mA/117mA,,,,,,
39.657,HRV,81,12321855,13751282,11299530,12395122,-73,239,-448,g5/117mA/117mA g5/117mA/117mA g4/117mA/117mA g4/117mA/117mA,,,,,,
39.657,HRV,82,12325864,13752589,11302193,12396734,-73,239,-449,g5/117mA/117mA g5/117mA/117mA g4/117mA/117mA g4/117mA/117mA,,,,,,
40.344,HR,83,12328824,13754756,11304871,12398688,-74,240,-448,g5/117mA/117mA g5/117mA/117mA g4/117mA/117mA g4/117mA/117mA,,,,,,
40.345,HR,84,12332682,13756163,11307397,12400530,-74,240,-447,g5/117mA/117mA g5/117mA/117mA g4/117mA/117mA g4/117mA/117mA,,,,,,
40.345,HR,85,12337758,13758356,11310655,12401554,-74,240,-447,g5/117mA/117mA g5/117mA/117mA g4/117mA/117mA g4/117mA/117mA,,,,,,
40.345,HR,86,12342177,13760745,11313299,12403397,-74,240,-447,g5/117mA/117mA g5/117mA/117mA g4/117mA/117mA g4/117mA/117mA,,,,,,
40.345,HR,87,12346084,13763775,11316227,12405222,-74,239,-448,g5/117mA/117mA g5/117mA/117mA g4/117mA/117mA g4/117mA/117mA,,,,,,
40.377,HR,88,12350119,13765829,11318939,12407798,-74,239,-448,g5/117mA/117mA g5/117mA/117mA g4/117mA/117mA g4/117mA/117mA,,,,,,
40.377,HR,89,12354394,13768329,11321311,12409914,-74,239,-448,g5/117mA/117mA g5/117mA/117mA g4/117mA/117mA g4/117mA/117mA,,,,,,
40.378,HR,90,12353481,13767911,11321582,12410468,-74,239,-448,g5/117mA/117mA g5/117mA/117mA g4/117mA/117mA g4/117mA/117mA,,,,,,
40.378,HR,91,12340290,13751342,11314495,12401306,-74,240,-448,g5/117mA/117mA g5/117mA/117mA g4/117mA/117mA g4/117mA/117mA,,,,,,
40.378,HR,92,12327784,13733750,11308094,12389952,-74,240,-448,g5/117mA/117mA g5/117mA/117mA g4/117mA/117mA g4/117mA/117mA,,,,,,
40.378,HR,93,12320473,13719120,11304180,12380506,-74,240,-448,g5/117mA/117mA g5/117mA/117mA g4/117mA/117mA g4/117mA/117mA,,,,,,
40.431,HR,94,12317907,13711528,11302491,12375320,-74,240,-448,g5/117mA/117mA g5/117mA/117mA g4/117mA/117mA g4/117mA/117mA,,,,,,
40.431,HR,95,12316744,13707536,11301859,12373402,-74,240,-448,g5/117mA/117mA g5/117mA/117mA g4/117mA/117mA g4/117mA/117mA,,,,,,
40.431,HR,96,12316370,13704472,11301093,12372063,-74,240,-448,g5/117mA/117mA g5/117mA/117mA g4/117mA/117mA g4/117mA/117mA,,,,,,
40.431,HR,97,12315919,13703885,11300359,12372214,-74,240,-448,g5/117mA/117mA g5/117mA/117mA g4/117mA/117mA g4/117mA/117mA,,,,,,
40.431,HR,98,12316172,13702725,11299813,12372447,-74,240,-448,g5/117mA/117mA g5/117mA/117mA g4/117mA/117mA g4/117mA/117mA,,,,,,
40.431,HR,99,12314330,13699754,11298303,12371721,-74,240,-448,g5/117mA/117mA g5/117mA/117mA g4/117mA/117mA g4/117mA/117mA,,,,,,
40.496,HR,100,12311362,13696820,11296435,12370320,-74,240,-448,g5/117mA/117mA g5/117mA/117mA g4/117mA/117mA g4/117mA/117mA,,,,,,
40.496,HR,101,12309562,13694132,11294368,12369861,-74,240,-447,g5/117mA/117mA g5/117mA/117mA g4/117mA/117mA g4/117mA/117mA,,,,,,
40.496,HR,102,12308674,13692852,11293712,12370159,-74,240,-447,g5/117mA/117mA g5/117mA/117mA g4/117mA/117mA g4/117mA/117mA,55,100,0,1,0,0
40.496,HR,103,12309213,13693116,11293148,12371216,-74,240,-447,g5/117mA/117mA g5/117mA/117mA g4/117mA/117mA g4/117mA/117mA,,,,,,
40.496,HR,104,12309946,13696061,11293260,12373725,-74,240,-447,g5/117mA/117mA g5/117mA/117mA g4/117mA/117mA g4/117mA/117mA,,,,,,
40.499,HR,111,12311865,13699575,11293465,12376746,-73,240,-448,g5/117mA/117mA g5/117mA/117mA g4/117mA/117mA g4/117mA/117mA,,,,,,
40.499,HR,112,12314057,13702870,11294771,12379185,-74,240,-448,g5/117mA/117mA g5/117mA/117mA g4/117mA/117mA g4/117mA/117mA,,,,,,
40.499,HR,113,12317531,13707637,11295820,12382648,-74,240,-448,g5/117mA/117mA g5/117mA/117mA g4/117mA/117mA g4/117mA/117mA,,,,,,
40.499,HR,114,12320097,13712661,11296623,12386683,-74,240,-448,g5/117mA/117mA g5/117mA/117mA g4/117mA/117mA g4/117mA/117mA,,,,,,
40.499,HR,115,12323230,13718429,11297851,12390881,-74,240,-448,g5/117mA/117mA g5/117mA/117mA g4/117mA/117mA g4/117mA/117mA,,,,,,
40.499,HR,116,12326882,13722251,11299334,12394312,-74,239,-448,g5/117mA/117mA g5/117mA/117mA g4/117mA/117mA g4/117mA/117mA,,,,,,
40.555,HRV,83,12328824,13754756,11304871,12398688,-74,240,-448,g5/117mA/117mA g5/117mA/117mA g4/117mA/117mA g4/117mA/117mA,,,,,,
40.555,HRV,84,12332682,13756163,11307397,12400530,-74,240,-447,g5/117mA/117mA g5/117mA/117mA g4/117mA/117mA g4/117mA/117mA,,,,,,
40.555,HRV,85,12337758,13758356,11310655,12401554,-74,240,-447,g5/117mA/117mA g5/117mA/117mA g4/117mA/117mA g4/117mA/117mA,,,,,,
40.555,HRV,86,12342177,13760745,11313299,12403397,-74,240,-447,g5/117mA/117mA g5/117mA/117mA g4/117mA/117mA g4/117mA/117mA,,,,,,
40.555,HRV,87,12346084,13763775,11316227,12405222,-74,239,-448,g5/117mA/117mA g5/117mA/117mA g4/117mA/117mA g4/117mA/117mA,,,,,,
40.558,HRV,88,12350119,13765829,11318939,12407798,-74,239,-448,g5/117mA/117mA g5/117mA/117mA g4/117mA/117mA g4/117mA/117mA,,,,,,
40.558,HRV,89,12354394,13768329,11321311,12409914,-74,239,-448,g5/117mA/117mA g5/117mA/117mA g4/117mA/117mA g4/117mA/117mA,,,,,,
40.558,HRV,90,12353481,13767911,11321582,12410468,-74,239,-448,g5/117mA/117mA g5/117mA/117mA g4/117mA/117mA g4/117mA/117mA,,,,,,
40.558,HRV,91,12340290,13751342,11314495,12401306,-74,240,-448,g5/117mA/117mA g5/117mA/117mA g4/117mA/117mA g4/117mA/117mA,,,,,,
40.558,HRV,92,12327784,13733750,11308094,12389952,-74,240,-448,g5/117mA/117mA g5/117mA/117mA g4/117mA/117mA g4/117mA/117mA,,,,,,
40.558,HRV,93,12320473,13719120,11304180,12380506,-74,240,-448,g5/117mA/117mA g5/117mA/117mA g4/117mA/117mA g4/117mA/117mA,,,,,,
40.617,HRV,94,12317907,13711528,11302491,12375320,-74,240,-448,g5/117mA/117mA g5/117mA/117mA g4/117mA/117mA g4/117mA/117mA,,,,,,
40.617,HRV,95,12316744,13707536,11301859,12373402,-74,240,-448,g5/117mA/117mA g5/117mA/117mA g4/117mA/117mA g4/117mA/117mA,,,,,,
40.617,HRV,96,12316370,13704472,11301093,12372063,-74,240,-448,g5/117mA/117mA g5/117mA/117mA g4/117mA/117mA g4/117mA/117mA,,,,,,
40.617,HRV,97,12315919,13703885,11300359,12372214,-74,240,-448,g5/117mA/117mA g5/117mA/117mA g4/117mA/117mA g4/117mA/117mA,,,,,,
40.617,HRV,98,12316172,13702725,11299813,12372447,-74,240,-448,g5/117mA/117mA g5/117mA/117mA g4/117mA/117mA g4/117mA/117mA,,,,,,
40.617,HRV,99,12314330,13699754,11298303,12371721,-74,240,-448,g5/117mA/117mA g5/117mA/117mA g4/117mA/117mA g4/117mA/117mA,,,,,,
40.619,HRV,100,12311362,13696820,11296435,12370320,-74,240,-448,g5/117mA/117mA g5/117mA/117mA g4/117mA/117mA g4/117mA/117mA,,,,,,
40.619,HRV,101,12309562,13694132,11294368,12369861,-74,240,-447,g5/117mA/117mA g5/117mA/117mA g4/117mA/117mA g4/117mA/117mA,,,,,,
40.619,HRV,102,12308674,13692852,11293712,12370159,-74,240,-447,g5/117mA/117mA g5/117mA/117mA g4/117mA/117mA g4/117mA/117mA,802,796,0,0,30,2
40.619,HRV,103,12309213,13693116,11293148,12371216,-74,240,-447,g5/117mA/117mA g5/117mA/117mA g4/117mA/117mA g4/117mA/117mA,,,,,,
40.619,HRV,104,12309946,13696061,11293260,12373725,-74,240,-447,g5/117mA/117mA g5/117mA/117mA g4/117mA/117mA g4/117mA/117mA,,,,,,
40.676,HRV,105,12311909,13698937,11293387,12376575,-74,240,-447,g5/117mA/117mA g5/117mA/117mA g4/117mA/117mA g4/117mA/117mA,,,,,,
40.676,HRV,106,12314059,13701957,11293969,12379210,-73,240,-448,g5/117mA/117mA g5/117mA/117mA g4/117mA/117mA g4/117mA/117mA,,,,,,
40.676,HRV,107,12316310,13704439,11294838,12381823,-73,240,-448,g5/117mA/117mA g5/117mA/117mA g4/117mA/117mA g4/117mA/117mA,,,,,,
40.676,HRV,108,12318171,13708440,11295691,12384961,-73,240,-448,g5/117mA/117mA g5/117mA/117mA g4/117mA/117mA g4/117mA/117mA,,,,,,
40.676,HRV,109,12319696,13711280,11296176,12387366,-73,240,-448,g5/117mA/117mA g5/117mA/117mA g4/117mA/117mA g4/117mA/117mA,,,,,,
40.676,HRV,110,12321915,13714036,11297192,12390046,-73,240,-448,g5/117mA/117mA g5/117mA/117mA g4/117mA/117mA g4/117mA/117mA,,,,,,
40.701,HRV,111,12323834,13717550,11297397,12393067,-73,240,-448,g5/117mA/117mA g5/117mA/117mA g4/117mA/117mA g4/117mA/117mA,,,,,,
40.701,HRV,112,12326026,13720845,11298703,12395506,-74,240,-448,g5/117mA/117mA g5/117mA/117mA g4/117mA/117mA g4/117mA/117mA,,,,,,
40.701,HRV,113,12329500,13725612,11299752,12398969,-74,240,-448,g5/117mA/117mA g5/117mA/117mA g4/117mA/117mA g4/117mA/117mA,,,,,,
40.701,HRV,114,12332066,13730636,11300555,12403004,-74,240,-448,g5/117mA/117mA g5/117mA/117mA g4/117mA/117mA g4/117mA/117mA,,,,,,
40.701,HRV,115,12335199,13736404,11301783,12407202,-74,240,-448,g5/117mA/117mA g5/117mA/117mA g4/117mA/117mA g4/117mA/117mA,,,,,,
40.701,HRV,116,12338851,13740226,11303266,12410633,-74,239,-448,g5/117mA/117mA g5/117mA/117mA g4/117mA/117mA g4/117mA/117mA,,,,,,
41.579,HR,117,12342109,13745516,11304667,12413548,-73,241,-448,g5/117mA/117mA g5/117mA/117mA g4/117mA/117mA g4/117mA/117mA,,,,,,
41.579,HR,118,12345222,13750669,11306090,12417261,-73,240,-448,g5/117mA/117mA g5/117mA/117mA g4/117mA/117mA g4/117mA/117mA,,,,,,
41.579,HR,119,12341562,13748928,11303940,12417404,-74,240,-447,g5/117mA/117mA g5/117mA/117mA g4/117mA/117mA g4/117mA/117mA,,,,,,
41.579,HR,120,12327188,13732020,11294820,12406442,-74,240,-447,g5/117mA/117mA g5/117mA/117mA g4/117mA/117mA g4/117mA/117mA,,,,,,
41.579,HR,121,12314534,13713149,11286544,12393960,-74,240,-447,g5/117mA/117mA g5/117mA/117mA g4/117mA/117mA g4/117mA/117mA,,,,,,
41.635,HR,122,12308709,13701119,11281343,12385004,-73,239,-448,g5/117mA/117mA g5/117mA/117mA g4/117mA/117mA g4/117mA/117mA,,,,,,
41.635,HR,123,12306439,13695609,11278603,12380593,-73,239,-447,g5/117mA/117mA g5/117mA/117mA g4/117mA/117mA g4/117mA/117mA,,,,,,
41.635,HR,124,12305783,13692879,11277135,12378307,-73,240,-447,g5/117mA/117mA g5/117mA/117mA g4/117mA/117mA g4/117mA/117mA,,,,,,
41.635,HR,125,12305637,13691181,11276061,12376831,-73,240,-447,g5/117mA/117mA g5/117mA/117mA g4/117mA/117mA g4/117mA/117mA,,,,,,
41.635,HR,126,12307055,13691094,11275660,12375756,-73,240,-448,g5/117mA/117mA g5/117mA/117mA g4/117mA/117mA g4/117mA/117mA,,,,,,
41.637,HR,127,12306440,13688819,11274755,12374331,-73,240,-448,g5/117mA/117mA g5/117mA/117mA g4/117mA/117mA g4/117mA/117mA,55,100,0,1,0,0
41.637,HR,128,12304879,13684707,11272521,12370738,-73,240,-448,g5/117mA/117mA g5/117mA/117mA g4/117mA/117mA g4/117mA/117mA,,,,,,
41.637,HR,129,12303233,13679699,11270574,12366663,-73,240,-448,g5/117mA/117mA g5/117mA/117mA g4/117mA/117mA g4/117mA/117mA,,,,,,
41.637,HR,130,12303044,13676234,11269493,12363045,-74,240,-447,g5/117mA/117mA g5/117mA/117mA g4/117mA/117mA g4/117mA/117mA,,,,,,
41.637,HR,131,12303181,13675551,11268638,12361500,-74,240,-447,g5/117mA/117mA g5/117mA/117mA g4/117mA/117mA g4/117mA/117mA,,,,,,
41.695,HR,132,12304170,13676320,11268895,12361576,-73,240,-448,g5/117mA/117mA g5/117mA/117mA g4/117mA/117mA g4/117mA/117mA,,,,,,
41.695,HR,133,12306389,13678085,11269561,12362098,-73,240,-448,g5/117mA/117mA g5/117mA/117mA g4/117mA/117mA g4/117mA/117mA,,,,,,
41.695,HR,134,12308819,13680662,11270694,12363470,-73,240,-448,g5/117mA/117mA g5/117mA/117mA g4/117mA/117mA g4/117mA/117mA,,,,,,
41.695,HR,135,12310756,13683827,11271138,12365477,-73,241,-447,g5/117mA/117mA g5/117mA/117mA g4/117mA/117mA g4/117mA/117mA,,,,,,
41.695,HR,136,12313238,13686917,11272017,12367199,-74,241,-447,g5/117mA/117mA g5/117mA/117mA g4/117mA/117mA g4/117mA/117mA,,,,,,
41.695,HR,137,12315952,13689475,11273032,12369118,-73,240,-447,g5/117mA/117mA g5/117mA/117mA g4/117mA/117mA g4/117mA/117mA,,,,,,
41.721,HR,138,12317659,13691881,11274012,12370806,-73,240,-447,g5/117mA/117mA g5/117mA/117mA g4/117mA/117mA g4/117mA/117mA,,,,,,
41.721,HR,139,12319979,13696069,11274373,12373144,-73,240,-447,g5/117mA/117mA g5/117mA/117mA g4/117mA/117mA g4/117mA/117mA,,,,,,
41.721,HR,140,12322275,13699209,11275447,12375432,-73,240,-447,g5/117mA/117mA g5/117mA/117mA g4/117mA/117mA g4/117mA/117mA,,,,,,
41.721,HR,141,12324696,13702801,11276580,12377813,-73,240,-448,g5/117mA/117mA g5/117mA/117mA g4/117mA/117mA g4/117mA/117mA,,,,,,
41.721,HR,142,12328323,13706639,11278176,12380269,-73,241,-448,g5/117mA/117mA g5/117mA/117mA g4/117mA/117mA g4/117mA/117mA,,,,,,
41.721,HR,143,12330880,13711536,11279311,12383664,-73,240,-447,g5/117mA/117mA g5/117mA/117mA g4/117mA/117mA g4/117mA/117mA,,,,,,
41.781,HR,144,12334295,13716595,11280669,12387324,-73,240,-447,g5/117mA/117mA g5/117mA/117mA g4/117mA/117mA g4/117mA/117mA,,,,,,
41.781,HR,145,12338117,13721040,11282341,12390149,-74,240,-447,g5/117mA/117mA g5/117mA/117mA g4/117mA/117mA g4/117mA/117mA,,,,,,
41.781,HR,146,12341826,13725638,11284514,12393160,-74,241,-447,g5/117mA/117mA g5/117mA/117mA g4/117mA/117mA g4/117mA/117mA,,,,,,
41.781,HR,147,12340394,13726117,11283467,12394234,-72,241,-447,g5/117mA/117mA g5/117mA/117mA g4/117mA/117mA g4/117mA/117mA,,,,,,
41.781,HR,148,12325242,13708234,11273715,12382726,-72,241,-447,g5/117mA/117mA g5/117mA/117mA g4/117mA/117mA g4/117mA/117mA,,,,,,
41.781,HR,149,12311593,13686241,11263502,12367473,-73,240,-448,g5/117mA/117mA g5/117mA/117mA g4/117mA/117mA g4/117mA/117mA,,,,,,
41.811,HR,150,12304016,13670202,11257327,12356101,-73,239,-448,g5/117mA/117mA g5/117mA/117mA g4/117mA/117mA g4/117mA/117mA,,,,,,
41.879,HRV,117,12342109,13745516,11304667,12413548,-73,241,-448,g5/117mA/117mA g5/117mA/117mA g4/117mA/117mA g4/117mA/117mA,,,,,,
41.879,HRV,118,12345222,13750669,11306090,12417261,-73,240,-448,g5/117mA/117mA g5/117mA/117mA g4/117mA/117mA g4/117mA/117mA,,,,,,
41.879,HRV,119,12341562,13748928,11303940,12417404,-74,240,-447,g5/117mA/117mA g5/117mA/117mA g4/117mA/117mA g4/117mA/117mA,,,,,,
41.879,HRV,120,12327188,13732020,11294820,12406442,-74,240,-447,g5/117mA/117mA g5/117mA/117mA g4/117mA/117mA g4/117mA/117mA,,,,,,
41.879,HRV,121,12314534,13713149,11286544,12393960,-74,240,-447,g5/117mA/117mA g5/117mA/117mA g4/117mA/117mA g4/117mA/117mA,,,,,,
41.88,HRV,122,12308709,13701119,11281343,12385004,-73,239,-448,g5/117mA/117mA g5/117mA/117mA g4/117mA/117mA g4/117mA/117mA,,,,,,
41.88,HRV,123,12306439,13695609,11278603,12380593,-73,239,-447,g5/117mA/117mA g5/117mA/117mA g4/117mA/117mA g4/117mA/117mA,,,,,,
41.88,HRV,124,12305783,13692879,11277135,12378307,-73,240,-447,g5/117mA/117mA g5/117mA/117mA g4/117mA/117mA g4/117mA/117mA,,,,,,
41.88,HRV,125,12305637,13691181,11276061,12376831,-73,240,-447,g5/117mA/117mA g5/117mA/117mA g4/117mA/117mA g4/117mA/117mA,,,,,,
41.88,HRV,126,12307055,13691094,11275660,12375756,-73,240,-448,g5/117mA/117mA g5/117mA/117mA g4/117mA/117mA g4/117mA/117mA,,,,,,
41.936,HRV,127,12306440,13688819,11274755,12374331,-73,240,-448,g5/117mA/117mA g5/117mA/117mA g4/117mA/117mA g4/117mA/117mA,749,778,0,0,30,2
41.936,HRV,128,12304879,13684707,11272521,12370738,-73,240,-448,g5/117mA/117mA g5/117mA/117mA g4/117mA/117mA g4/117mA/117mA,,,,,,
41.936,HRV,129,12303233,13679699,11270574,12366663,-73,240,-448,g5/117mA/117mA g5/117mA/117mA g4/117mA/117mA g4/117mA/117mA,,,,,,
41.936,HRV,130,12303044,13676234,11269493,12363045,-74,240,-447,g5/117mA/117mA g5/117mA/117mA g4/117mA/117mA g4/117mA/117mA,,,,,,
41.936,HRV,131,12303181,13675551,11268638,12361500,-74,240,-447,g5/117mA/117mA g5/117mA/117mA g4/117mA/117mA g4/117mA/117mA,,,,,,
41.961,HRV,132,12304170,13676320,11268895,12361576,-73,240,-448,g5/117mA/117mA g5/117mA/117mA g4/117mA/117mA g4/117mA/117mA,,,,,,
41.961,HRV,133,12306389,13678085,11269561,12362098,-73,240,-448,g5/117mA/117mA g5/117mA/117mA g4/117mA/117mA g4/117mA/117mA,,,,,,
41.961,HRV,134,12308819,13680662,11270694,12363470,-73,240,-448,g5/117mA/117mA g5/117mA/117mA g4/117mA/117mA g4/117mA/117mA,,,,,,
41.961,HRV,135,12310756,13683827,11271138,12365477,-73,241,-447,g5/117mA/117mA g5/117mA/117mA g4/117mA/117mA g4/117mA/117mA,,,,,,
41.961,HRV,136,12313238,13686917,11272017,12367199,-74,241,-447,g5/117mA/117mA g5/117mA/117mA g4/117mA/117mA g4/117mA/117mA,,,,,,
41.961,HRV,137,12315952,13689475,11273032,12369118,-73,240,-447,g5/117mA/117mA g5/117mA/117mA g4/117mA/117mA g4/117mA/117mA,,,,,,
42.057,HRV,138,12317659,13691881,11274012,12370806,-73,240,-447,g5/117mA/117mA g5/117mA/117mA g4/117mA/117mA g4/117mA/117mA,,,,,,
42.057,HRV,139,12319979,13696069,11274373,12373144,-73,240,-447,g5/117mA/117mA g5/117mA/117mA g4/117mA/117mA g4/117mA/117mA,,,,,,
42.057,HRV,140,12322275,13699209,11275447,12375432,-73,240,-447,g5/117mA/117mA g5/117mA/117mA g4/117mA/117mA g4/117mA/117mA,,,,,,
42.057,HRV,141,12324696,13702801,11276580,12377813,-73,240,-448,g5/117mA/117mA g5/117mA/117mA g4/117mA/117mA g4/117mA/117mA,,,,,,
42.057,HRV,142,12328323,13706639,11278176,12380269,-73,241,-448,g5/117mA/117mA g5/117mA/117mA g4/117mA/117mA g4/117mA/117mA,,,,,,
42.057,HRV,143,12330880,13711536,11279311,12383664,-73,240,-447,g5/117mA/117mA g5/117mA/117mA g4/117mA/117mA g4/117mA/117mA,,,,,,
42.059,HRV,144,12334295,13716595,11280669,12387324,-73,240,-447,g5/117mA/117mA g5/117mA/117mA g4/117mA/117mA g4/117mA/117mA,,,,,,
42.059,HRV,145,12338117,13721040,11282341,12390149,-74,240,-447,g5/117mA/117mA g5/117mA/117mA g4/117mA/117mA g4/117mA/117mA,,,,,,
42.059,HRV,146,12341826,13725638,11284514,12393160,-74,241,-447,g5/117mA/117mA g5/117mA/117mA g4/117mA/117mA g4/117mA/117mA,,,,,,
42.059,HRV,147,12340394,13726117,11283467,12394234,-72,241,-447,g5/117mA/117mA g5/117mA/117mA g4/117mA/117mA g4/117mA/117mA,,,,,,
42.059,HRV,148,12325242,13708234,11273715,12382726,-72,241,-447,g5/117mA/117mA g5/117mA/117mA g4/117mA/117mA g4/117mA/117mA,,,,,,
42.059,HRV,149,12311593,13686241,11263502,12367473,-73,240,-448,g5/117mA/117mA g5/117mA/117mA g4/117mA/117mA g4/117mA/117mA,,,,,,
42.081,HRV,150,12304016,13670202,11257327,12356101,-73,239,-448,g5/117mA/117mA g5/117mA/117mA g4/117mA/117mA g4/117mA/117mA,,,,,,
43.258,HR,151,12301423,13662396,11254093,12349737,-73,241,-448,g5/117mA/117mA g5/117mA/117mA g4/117mA/117mA g4/117mA/117mA,,,,,,
43.258,HR,152,12300212,13658736,11252303,12346341,-73,240,-447,g5/117mA/117mA g5/117mA/117mA g4/117mA/117mA g4/117mA/117mA,55,100,0,1,0,0
43.258,HR,153,12299204,13655648,11250893,12344310,-73,240,-447,g5/117mA/117mA g5/117mA/117mA g4/117mA/117mA g4/117mA/117mA,,,,,,
43.258,HR,154,12299274,13654779,11250382,12343601,-73,241,-448,g5/117mA/117mA g5/117mA/117mA g4/117mA/117mA g4/117mA/117mA,,,,,,
43.258,HR,155,12298609,13651698,11249163,12341547,-73,241,-448,g5/117mA/117mA g5/117mA/117mA g4/117mA/117mA g4/117mA/117mA,,,,,,
43.316,HR,156,12295202,13647543,11246713,12338039,-73,240,-447,g5/117mA/117mA g5/117mA/117mA g4/117mA/117mA g4/117mA/117mA,,,,,,
43.316,HR,157,12292373,13642297,11243959,12334072,-73,240,-447,g5/117mA/117mA g5/117mA/117mA g4/117mA/117mA g4/117mA/117mA,,,,,,
43.316,HR,158,12291100,13638372,11242652,12330345,-72,240,-447,g5/117mA/117mA g5/117mA/117mA g4/117mA/117mA g4/117mA/117mA,,,,,,
43.316,HR,159,12290093,13636471,11241782,12328485,-72,240,-447,g5/117mA/117mA g5/117mA/117mA g4/117mA/117mA g4/117mA/117mA,,,,,,
43.316,HR,160,12290325,13637017,11241867,12328775,-73,240,-447,g5/117mA/117mA g5/117mA/117mA g4/117mA/117mA g4/117mA/117mA,,,,,,
43.316,HR,161,12292106,13638944,11242321,12329720,-73,241,-447,g5/117mA/117mA g5/117mA/117mA g4/117mA/117mA g4/117mA/117mA,,,,,,
43.375,HR,162,12294094,13641623,11243642,12330951,-73,240,-448,g5/117mA/117mA g5/117mA/117mA g4/117mA/117mA g4/117mA/117mA,,,,,,
43.375,HR,163,12295708,13644429,11244657,12333091,-73,240,-448,g5/117mA/117mA g5/117mA/117mA g4/117mA/117mA g4/117mA/117mA,,,,,,
43.375,HR,164,12298217,13647474,11245775,12334754,-73,240,-448,g5/117mA/117mA g5/117mA/117mA g4/117mA/117mA g4/117mA/117mA,,,,,,
43.375,HR,165,12300085,13649864,11246543,12336855,-73,240,-448,g5/117mA/117mA g5/117mA/117mA g4/117mA/117mA g4/117mA/117mA,,,,,,
43.376,HR,166,12301764,13652610,11248061,12338500,-73,241,-447,g5/117mA/117mA g5/117mA/117mA g4/117mA/117mA g4/117mA/117mA,,,,,,
43.376,HR,167,12303607,13655699,11249102,12340496,-73,240,-447,g5/117mA/117mA g5/117mA/117mA g4/117mA/117mA g4/117mA/117mA,,,,,,
43.437,HR,168,12305594,13658235,11250647,12342202,-73,240,-447,g5/117mA/117mA g5/117mA/117mA g4/117mA/117mA g4/117mA/117mA,,,,,,
43.437,HR,169,12307917,13661696,11252266,12344156,-72,240,-448,g5/117mA/117mA g5/117mA/117mA g4/117mA/117mA g4/117mA/117mA,,,,,,
43.437,HR,170,12311054,13665202,11254401,12346751,-72,240,-448,g5/117mA/117mA g5/117mA/117mA g4/117mA/117mA g4/117mA/117mA,,,,,,
43.437,HR,171,12313648,13669614,11256608,12349983,-73,240,-447,g5/117mA/117mA g5/117mA/117mA g4/117mA/117mA g4/117mA/117mA,,,,,,
43.437,HR,172,12316797,13673392,11258597,12353172,-71,241,-447,g5/117mA/117mA g5/117mA/117mA g4/117mA/117mA g4/117mA/117mA,,,,,,
43.437,HR,173,12319798,13677454,11260678,12355801,-70,241,-447,g5/117mA/117mA g5/117mA/117mA g4/117mA/117mA g4/117mA/117mA,,,,,,
43.437,HR,174,12322666,13682102,11263195,12358899,-72,241,-447,g5/117mA/117mA g5/117mA/117mA g4/117mA/117mA g4/117mA/117mA,,,,,,
43.437,HR,175,12320396,13680976,11261745,12358933,-71,241,-447,g5/117mA/117mA g5/117mA/117mA g4/117mA/117mA g4/117mA/117mA,,,,,,
43.437,HR,176,12304375,13660314,11251765,12345512,-72,240,-448,g5/117mA/117mA g5/117mA/117mA g4/117mA/117mA g4/117mA/117mA,,,,,,
43.437,HR,177,12289249,13636573,11240887,12328605,-73,240,-448,g5/117mA/117mA g5/117mA/117mA g4/117mA/117mA g4/117mA/117mA,55,100,0,1,0,0
43.437,HR,178,12280768,13619093,11233669,12315927,-73,240,-448,g5/117mA/117mA g5/117mA/117mA g4/117mA/117mA g4/117mA/117mA,,,,,,
43.498,HR,179,12276690,13608844,11230624,12308727,-73,240,-448,g5/117mA/117mA g5/117mA/117mA g4/117mA/117mA g4/117mA/117mA,,,,,,
43.498,HR,180,12273741,13603139,11228848,12304153,-73,240,-447,g5/117mA/117mA g5/117mA/117mA g4/117mA/117mA g4/117mA/117mA,,,,,,
43.498,HR,181,12272179,13598454,11226946,12300434,-73,240,-447,g5/117mA/117mA g5/117mA/117mA g4/117mA/117mA g4/117mA/117mA,,,,,,
43.498,HR,182,12270104,13596263,11226289,12298352,-73,240,-447,g5/117mA/117mA g5/117mA/117mA g4/117mA/117mA g4/117mA/117mA,,,,,,
43.498,HR,183,12268647,13592979,11224959,12295894,-73,240,-447,g5/117mA/117mA g5/117mA/117mA g4/117mA/117mA g4/117mA/117mA,,,,,,
43.498,HR,184,12265540,13587825,11222654,12291895,-73,239,-447,g5/117mA/117mA g5/117mA/117mA g4/117mA/117mA g4/117mA/117mA,,,,,,
43.555,HRV,151,12301423,13662396,11254093,12349737,-73,241,-448,g5/117mA/117mA g5/117mA/117mA g4/117mA/117mA g4/117mA/117mA,,,,,,
43.555,HRV,152,12300212,13658736,11252303,12346341,-73,240,-447,g5/117mA/117mA g5/117mA/117mA g4/117mA/117mA g4/117mA/117mA,699,0,0,0,30,1
43.555,HRV,153,12299204,13655648,11250893,12344310,-73,240,-447,g5/117mA/117mA g5/117mA/117mA g4/117mA/117mA g4/117mA/117mA,,,,,,
43.555,HRV,154,12299274,13654779,11250382,12343601,-73,241,-448,g5/117mA/117mA g5/117mA/117mA g4/117mA/117mA g4/117mA/117mA,,,,,,
43.559,HRV,155,12298609,13651698,11249163,12341547,-73,241,-448,g5/117mA/117mA g5/117mA/117mA g4/117mA/117mA g4/117mA/117mA,,,,,,
43.559,HRV,156,12295202,13647543,11246713,12338039,-73,240,-447,g5/117mA/117mA g5/117mA/117mA g4/117mA/117mA g4/117mA/117mA,,,,,,
43.559,HRV,157,12292373,13642297,11243959,12334072,-73,240,-447,g5/117mA/117mA g5/117mA/117mA g4/117mA/117mA g4/117mA/117mA,,,,,,
43.559,HRV,158,12291100,13638372,11242652,12330345,-72,240,-447,g5/117mA/117mA g5/117mA/117mA g4/117mA/117mA g4/117mA/117mA,,,,,,
43.559,HRV,159,12290093,13636471,11241782,12328485,-72,240,-447,g5/117mA/117mA g5/117mA/117mA g4/117mA/117mA g4/117mA/117mA,,,,,,
43.559,HRV,160,12290325,13637017,11241867,12328775,-73,240,-447,g5/117mA/117mA g5/117mA/117mA g4/117mA/117mA g4/117mA/117mA,,,,,,
43.617,HRV,161,12292106,13638944,11242321,12329720,-73,241,-447,g5/117mA/117mA g5/117mA/117mA g4/117mA/117mA g4/117mA/117mA,,,,,,
43.617,HRV,162,12294094,13641623,11243642,12330951,-73,240,-448,g5/117mA/117mA g5/117mA/117mA g4/117mA/117mA g4/117mA/117mA,,,,,,
43.617,HRV,163,12295708,13644429,11244657,12333091,-73,240,-448,g5/117mA/117mA g5/117mA/117mA g4/117mA/117mA g4/117mA/117mA,,,,,,
43.617,HRV,164,12298217,13647474,11245775,12334754,-73,240,-448,g5/117mA/117mA g5/117mA/117mA g4/117mA/117mA g4/117mA/117mA,,,,,,
43.617,HRV,165,12300085,13649864,11246543,12336855,-73,240,-448,g5/117mA/117mA g5/117mA/117mA g4/117mA/117mA g4/117mA/117mA,,,,,,
43.617,HRV,166,12301764,13652610,11248061,12338500,-73,241,-447,g5/117mA/117mA g5/117mA/117mA g4/117mA/117mA g4/117mA/117mA,,,,,,
43.676,HRV,167,12303607,13655699,11249102,12340496,-73,240,-447,g5/117mA/117mA g5/117mA/117mA g4/117mA/117mA g4/117mA/117mA,,,,,,
43.676,HRV,168,12305594,13658235,11250647,12342202,-73,240,-447,g5/117mA/117mA g5/117mA/117mA g4/117mA/117mA g4/117mA/117mA,,,,,,
43.676,HRV,169,12307917,13661696,11252266,12344156,-72,240,-448,g5/117mA/117mA g5/117mA/117mA g4/117mA/117mA g4/117mA/117mA,,,,,,
43.676,HRV,170,12311054,13665202,11254401,12346751,-72,240,-448,g5/117mA/117mA g5/117mA/117mA g4/117mA/117mA g4/117mA/117mA,,,,,,
43.676,HRV,171,12313648,13669614,11256608,12349983,-73,240,-447,g5/117mA/117mA g5/117mA/117mA g4/117mA/117mA g4/117mA/117mA,,,,,,
43.676,HRV,172,12316797,13673392,11258597,12353172,-71,241,-447,g5/117mA/117mA g5/117mA/117mA g4/117mA/117mA g4/117mA/117mA,,,,,,
43.677,HRV,173,12319798,13677454,11260678,12355801,-70,241,-447,g5/117mA/117mA g5/117mA/117mA g4/117mA/117mA g4/117mA/117mA,,,,,,
43.677,HRV,174,12322666,13682102,11263195,12358899,-72,241,-447,g5/117mA/117mA g5/117mA/117mA g4/117mA/117mA g4/117mA/117mA,,,,,,
43.677,HRV,175,12320396,13680976,11261745,12358933,-71,241,-447,g5/117mA/117mA g5/117mA/117mA g4/117mA/117mA g4/117mA/117mA,,,,,,
43.677,HRV,176,12304375,13660314,11251765,12345512,-72,240,-448,g5/117mA/117mA g5/117mA/117mA g4/117mA/117mA g4/117mA/117mA,,,,,,
43.735,HRV,177,12289249,13636573,11240887,12328605,-73,240,-448,g5/117mA/117mA g5/117mA/117mA g4/117mA/117mA g4/117mA/117mA,744,744,0,0,30,2
43.735,HRV,178,12280768,13619093,11233669,12315927,-73,240,-448,g5/117mA/117mA g5/117mA/117mA g4/117mA/117mA g4/117mA/117mA,,,,,,
43.735,HRV,179,12276690,13608844,11230624,12308727,-73,240,-448,g5/117mA/117mA g5/117mA/117mA g4/117mA/117mA g4/117mA/117mA,,,,,,
43.735,HRV,180,12273741,13603139,11228848,12304153,-73,240,-447,g5/117mA/117mA g5/117mA/117mA g4/117mA/117mA g4/117mA/117mA,,,,,,
43.735,HRV,181,12272179,13598454,11226946,12300434,-73,240,-447,g5/117mA/117mA g5/117mA/117mA g4/117mA/117mA g4/117mA/117mA,,,,,,
43.795,HRV,182,12270104,13596263,11226289,12298352,-73,240,-447,g5/117mA/117mA g5/117mA/117mA g4/117mA/117mA g4/117mA/117mA,,,,,,
43.795,HRV,183,12268647,13592979,11224959,12295894,-73,240,-447,g5/117mA/117mA g5/117mA/117mA g4/117mA/117mA g4/117mA/117mA,,,,,,
43.795,HRV,184,12265540,13587825,11222654,12291895,-73,239,-447,g5/117mA/117mA g5/117mA/117mA g4/117mA/117mA g4/117mA/117mA,,,,,,
44.423,HR,185,12261958,13581683,11220274,12287799,-73,240,-448,g5/117mA/117mA g5/117mA/117mA g4/117mA/117mA g4/117mA/117mA,,,,,,
44.423,HR,186,12259049,13577793,11218304,12284642,-73,240,-448,g5/117mA/117mA g5/117mA/117mA g4/117mA/117mA g4/117mA/117mA,,,,,,
44.423,HR,187,12258647,13575531,11217954,12282467,-73,240,-448,g5/117mA/117mA g5/117mA/117mA g4/117mA/117mA g4/117mA/117mA,,,,,,
44.423,HR,188,12258657,13575437,11218270,12282287,-73,240,-448,g5/117mA/117mA g5/117mA/117mA g4/117mA/117mA g4/117mA/117mA,,,,,,
44.423,HR,189,12259637,13577126,11219081,12283363,-73,240,-448,g5/117mA/117mA g5/117mA/117mA g4/117mA/117mA g4/117mA/117mA,,,,,,
44.423,HR,190,12261515,13579729,11219942,12284753,-73,240,-447,g5/117mA/117mA g5/117mA/117mA g4/117mA/117mA g4/117mA/117mA,,,,,,
44.457,HR,191,12262709,13582953,11221238,12286869,-73,240,-447,g5/117mA/117mA g5/117mA/117mA g4/117mA/117mA g4/117mA/117mA,,,,,,
44.457,HR,192,12264679,13585907,11222672,12289173,-73,240,-447,g5/117mA/117mA g5/117mA/117mA g4/117mA/117mA g4/117mA/117mA,,,,,,
44.457,HR,193,12266642,13588140,11223825,12291127,-73,240,-447,g5/117mA/117mA g5/117mA/117mA g4/117mA/117mA g4/117mA/117mA,,,,,,
44.457,HR,194,12268432,13591025,11225291,12293344,-73,240,-448,g5/117mA/117mA g5/117mA/117mA g4/117mA/117mA g4/117mA/117mA,,,,,,
44.457,HR,195,12269584,13594395,11226435,12296108,-73,240,-448,g5/117mA/117mA g5/117mA/117mA g4/117mA/117mA g4/117mA/117mA,,,,,,
44.457,HR,196,12271768,13597961,11227860,12298344,-73,240,-448,g5/117mA/117mA g5/117mA/117mA g4/117mA/117mA g4/117mA/117mA,,,,,,
44.483,HR,197,12274389,13601671,11229745,12301534,-73,240,-448,g5/117mA/117mA g5/117mA/117mA g4/117mA/117mA g4/117mA/117mA,,,,,,
44.483,HR,198,12276675,13605518,11231819,12304588,-74,240,-448,g5/117mA/117mA g5/117mA/117mA g4/117mA/117mA g4/117mA/117mA,,,,,,
44.483,HR,199,12279684,13610125,11233660,12308479,-74,240,-448,g5/117mA/117mA g5/117mA/117mA g4/117mA/117mA g4/117mA/117mA,,,,,,
44.483,HR,200,12282433,13616088,11236057,12312685,-73,240,-448,g5/117mA/117mA g5/117mA/117mA g4/117mA/117mA g4/117mA/117mA,,,,,,
44.483,HR,201,12285478,13620517,11238047,12316797,-73,240,-448,g5/117mA/117mA g5/117mA/117mA g4/117mA/117mA g4/117mA/117mA,,,,,,
44.516,HR,202,12288251,13625457,11240382,12320892,-73,240,-448,g5/117mA/117mA g5/117mA/117mA g4/117mA/117mA g4/117mA/117mA,55,100,0,1,0,0
44.516,HR,203,12290896,13629628,11242754,12324746,-73,240,-448,g5/117mA/117mA g5/117mA/117mA g4/117mA/117mA g4/117mA/117mA,,,,,,
44.516,HR,204,12292918,13634516,11244811,12329244,-73,240,-448,g5/117mA/117mA g5/117mA/117mA g4/117mA/117mA g4/117mA/117mA,,,,,,
44.516,HR,205,12282842,13625344,11238165,12324108,-73,240,-448,g5/117mA/117mA g5/117mA/117mA g4/117mA/117mA g4/117mA/117mA,,,,,,
44.516,HR,206,12264900,13600980,11225760,12307564,-73,240,-448,g5/117mA/117mA g5/117mA/117mA g4/117mA/117mA g4/117mA/117mA,,,,,,
44.574,HR,207,12251157,13578286,11215522,12291952,-73,240,-448,g5/117mA/117mA g5/117mA/117mA g4/117mA/117mA g4/117mA/117mA,,,,,,
44.574,HR,208,12243376,13564185,11209141,12282049,-73,240,-448,g5/117mA/117mA g5/117mA/117mA g4/117mA/117mA g4/117mA/117mA,,,,,,
44.574,HR,209,12239445,13556550,11206241,12276887,-73,240,-448,g5/117mA/117mA g5/117mA/117mA g4/117mA/117mA g4/117mA/117mA,,,,,,
44.574,HR,210,12236117,13551125,11204083,12273143,-73,240,-448,g5/117mA/117mA g5/117mA/117mA g4/117mA/117mA g4/117mA/117mA,,,,,,
44.574,HR,211,12233337,13546788,11202317,12270206,-73,240,-448,g5/117mA/117mA g5/117mA/117mA g4/117mA/117mA g4/117mA/117mA,,,,,,
44.636,HR,212,12231911,13543616,11201300,12268696,-73,240,-448,g5/117mA/117mA g5/117mA/117mA g4/117mA/117mA g4/117mA/117mA,,,,,,
44.636,HR,213,12228719,13540255,11199323,12266677,-73,240,-448,g5/117mA/117mA g5/117mA/117mA g4/117mA/117mA g4/117mA/117mA,,,,,,
44.636,HR,214,12223857,13535254,11196439,12263945,-73,240,-448,g5/117mA/117mA g5/117mA/117mA g4/117mA/117mA g4/117mA/117mA,,,,,,
44.636,HR,215,12219916,13531066,11193820,12261087,-73,240,-448,g5/117mA/117mA g5/117mA/117mA g4/117mA/117mA g4/117mA/117mA,,,,,,
44.636,HR,216,12216512,13528089,11191958,12259893,-73,240,-448,g5/117mA/117mA g5/117mA/117mA g4/117mA/117mA g4/117mA/117mA,,,,,,
44.636,HR,217,12213527,13528668,11190628,12261565,-72,240,-448,g5/117mA/117mA g5/117mA/117mA g4/117mA/117mA g4/117mA/117mA,,,,,,
44.636,HR,218,12210062,13532268,11188743,12267801,-71,240,-448,g5/117mA/117mA g5/117mA/117mA g4/117mA/117mA g4/117mA/117mA,,,,,,
44.697,HRV,185,12261958,13581683,11220274,12287799,-73,240,-448,g5/117mA/117mA g5/117mA/117mA g4/117mA/117mA g4/117mA/117mA,,,,,,
44.697,HRV,186,12259049,13577793,11218304,12284642,-73,240,-448,g5/117mA/117mA g5/117mA/117mA g4/117mA/117mA g4/117mA/117mA,,,,,,
44.697,HRV,187,12258647,13575531,11217954,12282467,-73,240,-448,g5/117mA/117mA g5/117mA/117mA g4/117mA/117mA g4/117mA/117mA,,,,,,
44.697,HRV,188,12258657,13575437,11218270,12282287,-73,240,-448,g5/117mA/117mA g5/117mA/117mA g4/117mA/117mA g4/117mA/117mA,,,,,,
44.697,HRV,189,12259637,13577126,11219081,12283363,-73,240,-448,g5/117mA/117mA g5/117mA/117mA g4/117mA/117mA g4/117mA/117mA,,,,,,
44.697,HRV,190,12261515,13579729,11219942,12284753,-73,240,-447,g5/117mA/117mA g5/117mA/117mA g4/117mA/117mA g4/117mA/117mA,,,,,,
44.755,HRV,191,12262709,13582953,11221238,12286869,-73,240,-447,g5/117mA/117mA g5/117mA/117mA g4/117mA/117mA g4/117mA/117mA,,,,,,
44.755,HRV,192,12264679,13585907,11222672,12289173,-73,240,-447,g5/117mA/117mA g5/117mA/117mA g4/117mA/117mA g4/117mA/117mA,,,,,,
44.755,HRV,193,12266642,13588140,11223825,12291127,-73,240,-447,g5/117mA/117mA g5/117mA/117mA g4/117mA/117mA g4/117mA/117mA,,,,,,
44.755,HRV,194,12268432,13591025,11225291,12293344,-73,240,-448,g5/117mA/117mA g5/117mA/117mA g4/117mA/117mA g4/117mA/117mA,,,,,,
44.755,HRV,195,12269584,13594395,11226435,12296108,-73,240,-448,g5/117mA/117mA g5/117mA/117mA g4/117mA/117mA g4/117mA/117mA,,,,,,
44.755,HRV,196,12271768,13597961,11227860,12298344,-73,240,-448,g5/117mA/117mA g5/117mA/117mA g4/117mA/117mA g4/117mA/117mA,,,,,,
44.756,HRV,197,12274389,13601671,11229745,12301534,-73,240,-448,g5/117mA/117mA g5/117mA/117mA g4/117mA/117mA g4/117mA/117mA,,,,,,
44.756,HRV,198,12276675,13605518,11231819,12304588,-74,240,-448,g5/117mA/117mA g5/117mA/117mA g4/117mA/117mA g4/117mA/117mA,,,,,,
44.756,HRV,199,12279684,13610125,11233660,12308479,-74,240,-448,g5/117mA/117mA g5/117mA/117mA g4/117mA/117mA g4/117mA/117mA,,,,,,
44.756,HRV,200,12282433,13616088,11236057,12312685,-73,240,-448,g5/117mA/117mA g5/117mA/117mA g4/117mA/117mA g4/117mA/117mA,,,,,,
44.756,HRV,201,12285478,13620517,11238047,12316797,-73,240,-448,g5/117mA/117mA g5/117mA/117mA g4/117mA/117mA g4/117mA/117mA,,,,,,
44.841,HRV,202,12288251,13625457,11240382,12320892,-73,240,-448,g5/117mA/117mA g5/117mA/117mA g4/117mA/117mA g4/117mA/117mA,828,787,0,0,30,2
44.841,HRV,203,12290896,13629628,11242754,12324746,-73,240,-448,g5/117mA/117mA g5/117mA/117mA g4/117mA/117mA g4/117mA/117mA,,,,,,
44.841,HRV,204,12292918,13634516,11244811,12329244,-73,240,-448,g5/117mA/117mA g5/117mA/117mA g4/117mA/117mA g4/117mA/117mA,,,,,,
44.841,HRV,205,12282842,13625344,11238165,12324108,-73,240,-448,g5/117mA/117mA g5/117mA/117mA g4/117mA/117mA g4/117mA/117mA,,,,,,
44.841,HRV,206,12264900,13600980,11225760,12307564,-73,240,-448,g5/117mA/117mA g5/117mA/117mA g4/117mA/117mA g4/117mA/117mA,,,,,,
44.878,HRV,207,12251157,13578286,11215522,12291952,-73,240,-448,g5/117mA/117mA g5/117mA/117mA g4/117mA/117mA g4/117mA/117mA,,,,,,
44.878,HRV,208,12243376,13564185,11209141,12282049,-73,240,-448,g5/117mA/117mA g5/117mA/117mA g4/117mA/117mA g4/117mA/117mA,,,,,,
44.878,HRV,209,12239445,13556550,11206241,12276887,-73,240,-448,g5/117mA/117mA g5/117mA/117mA g4/117mA/117mA g4/117mA/117mA,,,,,,
44.878,HRV,210,12236117,13551125,11204083,12273143,-73,240,-448,g5/117mA/117mA g5/117mA/117mA g4/117mA/117mA g4/117mA/117mA,,,,,,
44.878,HRV,211,12233337,13546788,11202317,12270206,-73,240,-448,g5/117mA/117mA g5/117mA/117mA g4/117mA/117mA g4/117mA/117mA,,,,,,
44.901,HRV,212,12231911,13543616,11201300,12268696,-73,240,-448,g5/117mA/117mA g5/117mA/117mA g4/117mA/117mA g4/117mA/117mA,,,,,,
44.901,HRV,213,12228719,13540255,11199323,12266677,-73,240,-448,g5/117mA/117mA g5/117mA/117mA g4/117mA/117mA g4/117mA/117mA,,,,,,
44.901,HRV,214,12223857,13535254,11196439,12263945,-73,240,-448,g5/117mA/117mA g5/117mA/117mA g4/117mA/117mA g4/117mA/117mA,,,,,,
44.902,HRV,215,12219916,13531066,11193820,12261087,-73,240,-448,g5/117mA/117mA g5/117mA/117mA g4/117mA/117mA g4/117mA/117mA,,,,,,
44.902,HRV,216,12216512,13528089,11191958,12259893,-73,240,-448,g5/117mA/117mA g5/117mA/117mA g4/117mA/117mA g4/117mA/117mA,,,,,,
44.902,HRV,217,12213527,13528668,11190628,12261565,-72,240,-448,g5/117mA/117mA g5/117mA/117mA g4/117mA/117mA g4/117mA/117mA,,,,,,
44.931,HRV,218,12210062,13532268,11188743,12267801,-71,240,-448,g5/117mA/117mA g5/117mA/117mA g4/117mA/117mA g4/117mA/117mA,,,,,,
46.016,HR,219,12207946,13537380,11188060,12275530,-73,240,-448,g5/117mA/117mA g5/117mA/117mA g4/117mA/117mA g4/117mA/117mA,,,,,,
46.016,HR,220,12206078,13544767,11187771,12284948,-72,240,-447,g5/117mA/117mA g5/117mA/117mA g4/117mA/117mA g4/117mA/117mA,,,,,,
46.016,HR,221,12204433,13554168,11187942,12296116,-72,241,-447,g5/117mA/117mA g5/117mA/117mA g4/117mA/117mA g4/117mA/117mA,,,,,,
46.016,HR,222,12203127,13563263,11188803,12308017,-72,240,-448,g5/117mA/117mA g5/117mA/117mA g4/117mA/117mA g4/117mA/117mA,,,,,,
46.016,HR,223,12202793,13572024,11190032,12319501,-72,240,-447,g5/117mA/117mA g5/117mA/117mA g4/117mA/117mA g4/117mA/117mA,,,,,,
46.075,HR,224,12202382,13580693,11191603,12330616,-72,240,-447,g5/117mA/117mA g5/117mA/117mA g4/117mA/117mA g4/117mA/117mA,,,,,,
46.075,HR,225,12202264,13588995,11193572,12342083,-74,240,-447,g5/117mA/117mA g5/117mA/117mA g4/117mA/117mA g4/117mA/117mA,,,,,,
46.075,HR,226,12202547,13597799,11195945,12352850,-77,240,-447,g5/117mA/117mA g5/117mA/117mA g4/117mA/117mA g4/117mA/117mA,,,,,,
46.075,HR,227,12203348,13606840,11198640,12363591,-74,240,-447,g5/117mA/117mA g5/117mA/117mA g4/117mA/117mA g4/117mA/117mA,54,100,0,1,0,0
46.075,HR,228,12204431,13615843,11201609,12374016,-73,240,-448,g5/117mA/117mA g5/117mA/117mA g4/117mA/117mA g4/117mA/117mA,,,,,,
46.139,HR,229,12206308,13624613,11205047,12384636,-73,240,-447,g5/117mA/117mA g5/117mA/117mA g4/117mA/117mA g4/117mA/117mA,,,,,,
46.139,HR,230,12209140,13634185,11208519,12394634,-73,240,-447,g5/117mA/117mA g5/117mA/117mA g4/117mA/117mA g4/117mA/117mA,,,,,,
46.139,HR,231,12212100,13643697,11211820,12403022,-71,241,-447,g5/117mA/117mA g5/117mA/117mA g4/117mA/117mA g4/117mA/117mA,,,,,,
46.139,HR,232,12214669,13651494,11215412,12410664,-70,240,-448,g5/117mA/117mA g5/117mA/117mA g4/117mA/117mA g4/117mA/117mA,,,,,,
46.139,HR,233,12217910,13659291,11219533,12417389,-73,240,-448,g5/117mA/117mA g5/117mA/117mA g4/117mA/117mA g4/117mA/117mA,,,,,,
46.14,HR,234,12221163,13668915,11222987,12424241,-73,240,-448,g5/117mA/117mA g5/117mA/117mA g4/117mA/117mA g4/117mA/117mA,,,,,,
46.14,HR,235,12214446,13663906,11219065,12421516,-73,240,-447,g5/117mA/117mA g5/117mA/117mA g4/117mA/117mA g4/117mA/117mA,,,,,,
46.14,HR,236,12200294,13644345,11208962,12408558,-74,240,-447,g5/117mA/117mA g5/117mA/117mA g4/117mA/117mA g4/117mA/117mA,,,,,,
46.14,HR,237,12189621,13626214,11200302,12394702,-73,240,-447,g5/117mA/117mA g5/117mA/117mA g4/117mA/117mA g4/117mA/117mA,,,,,,
46.14,HR,238,12186355,13616209,11196115,12387852,-73,241,-448,g5/117mA/117mA g5/117mA/117mA g4/117mA/117mA g4/117mA/117mA,,,,,,
46.14,HR,239,12186499,13612522,11195372,12385261,-73,241,-447,g5/117mA/117mA g5/117mA/117mA g4/117mA/117mA g4/117mA/117mA,,,,,,
46.196,HR,240,12187642,13610407,11195245,12384680,-73,241,-447,g5/117mA/117mA g5/117mA/117mA g4/117mA/117mA g4/117mA/117mA,,,,,,
46.196,HR,241,12189877,13610347,11195715,12384995,-73,241,-447,g5/117mA/117mA g5/117mA/117mA g4/117mA/117mA g4/117mA/117mA,,,,,,
46.196,HR,242,12192128,13611414,11196499,12386488,-73,240,-447,g5/117mA/117mA g5/117mA/117mA g4/117mA/117mA g4/117mA/117mA,,,,,,
46.196,HR,243,12194117,13611182,11196386,12387546,-73,240,-447,g5/117mA/117mA g5/117mA/117mA g4/117mA/117mA g4/117mA/117mA,,,,,,
46.196,HR,244,12194365,13610194,11195200,12386651,-73,240,-448,g5/117mA/117mA g5/117mA/117mA g4/117mA/117mA g4/117mA/117mA,,,,,,
46.196,HR,245,12194569,13608760,11193743,12385900,-73,241,-448,g5/117mA/117mA g5/117mA/117mA g4/117mA/117mA g4/117mA/117mA,,,,,,
46.312,HR,246,12196763,13607292,11194118,12384979,-73,241,-448,g5/117mA/117mA g5/117mA/117mA g4/117mA/117mA g4/117mA/117mA,,,,,,
46.312,HR,247,12199866,13608104,11195287,12386222,-73,241,-448,g5/117mA/117mA g5/117mA/117mA g4/117mA/117mA g4/117mA/117mA,,,,,,
46.312,HR,248,12203425,13609264,11196916,12388270,-73,241,-447,g5/117mA/117mA g5/117mA/117mA g4/117mA/117mA g4/117mA/117mA,,,,,,
46.312,HR,249,12208092,13612010,11199527,12390481,-73,241,-447,g5/117mA/117mA g5/117mA/117mA g4/117mA/117mA g4/117mA/117mA,,,,,,
46.312,HR,250,12212332,13614638,11201993,12392706,-73,241,-447,g5/117mA/117mA g5/117mA/117mA g4/117mA/117mA g4/117mA/117mA,,,,,,
46.312,HR,251,12216283,13616149,11204485,12394950,-73,241,-447,g5/117mA/117mA g5/117mA/117mA g4/117mA/117mA g4/117mA/117mA,,,,,,
46.317,HR,252,12220973,13618247,11206838,12397262,-73,240,-447,g5/117mA/117mA g5/117mA/117mA g4/117mA/117mA g4/117mA/117mA,54,100,0,1,0,0
46.374,HRV,219,12207946,13537380,11188060,12275530,-73,240,-448,g5/117mA/117mA g5/117mA/117mA g4/117mA/117mA g4/117mA/117mA,,,,,,
46.374,HRV,220,12206078,13544767,11187771,12284948,-72,240,-447,g5/117mA/117mA g5/117mA/117mA g4/117mA/117mA g4/117mA/117mA,,,,,,
46.374,HRV,221,12204433,13554168,11187942,12296116,-72,241,-447,g5/117mA/117mA g5/117mA/117mA g4/117mA/117mA g4/117mA/117mA,,,,,,
46.375,HRV,222,12203127,13563263,11188803,12308017,-72,240,-448,g5/117mA/117mA g5/117mA/117mA g4/117mA/117mA g4/117mA/117mA,,,,,,
46.375,HRV,223,12202793,13572024,11190032,12319501,-72,240,-447,g5/117mA/117mA g5/117mA/117mA g4/117mA/117mA g4/117mA/117mA,,,,,,
46.378,HRV,224,12202382,13580693,11191603,12330616,-72,240,-447,g5/117mA/117mA g5/117mA/117mA g4/117mA/117mA g4/117mA/117mA,,,,,,
46.378,HRV,225,12202264,13588995,11193572,12342083,-74,240,-447,g5/117mA/117mA g5/117mA/117mA g4/117mA/117mA g4/117mA/117mA,,,,,,
46.378,HRV,226,12202547,13597799,11195945,12352850,-77,240,-447,g5/117mA/117mA g5/117mA/117mA g4/117mA/117mA g4/117mA/117mA,,,,,,
46.378,HRV,227,12203348,13606840,11198640,12363591,-74,240,-447,g5/117mA/117mA g5/117mA/117mA g4/117mA/117mA g4/117mA/117mA,801,792,0,0,30,2
46.378,HRV,228,12204431,13615843,11201609,12374016,-73,240,-448,g5/117mA/117mA g5/117mA/117mA g4/117mA/117mA g4/117mA/117mA,,,,,,
46.433,HRV,229,12206308,13624613,11205047,12384636,-73,240,-447,g5/117mA/117mA g5/117mA/117mA g4/117mA/117mA g4/117mA/117mA,,,,,,
46.433,HRV,230,12209140,13634185,11208519,12394634,-73,240,-447,g5/117mA/117mA g5/117mA/117mA g4/117mA/117mA g4/117mA/117mA,,,,,,
46.433,HRV,231,12212100,13643697,11211820,12403022,-71,241,-447,g5/117mA/117mA g5/117mA/117mA g4/117mA/117mA g4/117mA/117mA,,,,,,
46.433,HRV,232,12214669,13651494,11215412,12410664,-70,240,-448,g5/117mA/117mA g5/117mA/117mA g4/117mA/117mA g4/117mA/117mA,,,,,,
46.433,HRV,233,12217910,13659291,11219533,12417389,-73,240,-448,g5/117mA/117mA g5/117mA/117mA g4/117mA/117mA g4/117mA/117mA,,,,,,
46.434,HRV,234,12221163,13668915,11222987,12424241,-73,240,-448,g5/117mA/117mA g5/117mA/117mA g4/117mA/117mA g4/117mA/117mA,,,,,,
46.434,HRV,235,12214446,13663906,11219065,12421516,-73,240,-447,g5/117mA/117mA g5/117mA/117mA g4/117mA/117mA g4/117mA/117mA,,,,,,
46.434,HRV,236,12200294,13644345,11208962,12408558,-74,240,-447,g5/117mA/117mA g5/117mA/117mA g4/117mA/117mA g4/117mA/117mA,,,,,,
46.434,HRV,237,12189621,13626214,11200302,12394702,-73,240,-447,g5/117mA/117mA g5/117mA/117mA g4/117mA/117mA g4/117mA/117mA,,,,,,
46.434,HRV,238,12186355,13616209,11196115,12387852,-73,241,-448,g5/117mA/117mA g5/117mA/117mA g4/117mA/117mA g4/117mA/117mA,,,,,,
46.434,HRV,239,12186499,13612522,11195372,12385261,-73,241,-447,g5/117mA/117mA g5/117mA/117mA g4/117mA/117mA g4/117mA/117mA,,,,,,
46.497,HRV,240,12187642,13610407,11195245,12384680,-73,241,-447,g5/117mA/117mA g5/117mA/117mA g4/117mA/117mA g4/117mA/117mA,,,,,,
46.497,HRV,241,12189877,13610347,11195715,12384995,-73,241,-447,g5/117mA/117mA g5/117mA/117mA g4/117mA/117mA g4/117mA/117mA,,,,,,
46.497,HRV,242,12192128,13611414,11196499,12386488,-73,240,-447,g5/117mA/117mA g5/117mA/117mA g4/117mA/117mA g4/117mA/117mA,,,,,,
46.497,HRV,243,12194117,13611182,11196386,12387546,-73,240,-447,g5/117mA/117mA g5/117mA/117mA g4/117mA/117mA g4/117mA/117mA,,,,,,
46.497,HRV,244,12194365,13610194,11195200,12386651,-73,240,-448,g5/117mA/117mA g5/117mA/117mA g4/117mA/117mA g4/117mA/117mA,,,,,,
46.497,HRV,245,12194569,13608760,11193743,12385900,-73,241,-448,g5/117mA/117mA g5/117mA/117mA g4/117mA/117mA g4/117mA/117mA,,,,,,
46.555,HRV,246,12196763,13607292,11194118,12384979,-73,241,-448,g5/117mA/117mA g5/117mA/117mA g4/117mA/117mA g4/117mA/117mA,,,,,,
46.555,HRV,247,12199866,13608104,11195287,12386222,-73,241,-448,g5/117mA/117mA g5/117mA/117mA g4/117mA/117mA g4/117mA/117mA,,,,,,
46.555,HRV,248,12203425,13609264,11196916,12388270,-73,241,-447,g5/117mA/117mA g5/117mA/117mA g4/117mA/117mA g4/117mA/117mA,,,,,,
46.555,HRV,249,12208092,13612010,11199527,12390481,-73,241,-447,g5/117mA/117mA g5/117mA/117mA g4/117mA/117mA g4/117mA/117mA,,,,,,
46.555,HRV,250,12212332,13614638,11201993,12392706,-73,241,-447,g5/117mA/117mA g5/117mA/117mA g4/117mA/117mA g4/117mA/117mA,,,,,,
46.555,HRV,251,12216283,13616149,11204485,12394950,-73,241,-447,g5/117mA/117mA g5/117mA/117mA g4/117mA/117mA g4/117mA/117mA,,,,,,
46.556,HRV,252,12220973,13618247,11206838,12397262,-73,240,-447,g5/117mA/117mA g5/117mA/117mA g4/117mA/117mA g4/117mA/117mA,789,0,0,0,30,1
47.333,HR,253,12225153,13618826,11209449,12398900,-72,241,-448,g5/117mA/117mA g5/117mA/117mA g4/117mA/117mA g4/117mA/117mA,,,,,,
47.333,HR,254,12229530,13620038,11211990,12400625,-72,241,-447,g5/117mA/117mA g5/117mA/117mA g4/117mA/117mA g4/117mA/117mA,,,,,,
47.333,HR,255,12234230,13621028,11214663,12401999,-72,241,-447,g5/117mA/117mA g5/117mA/117mA g4/117mA/117mA g4/117mA/117mA,,,,,,
47.333,HR,0,12237524,13622658,11217170,12403790,-72,241,-447,g5/117mA/117mA g5/117mA/117mA g4/117mA/117mA g4/117mA/117mA,,,,,,
47.333,HR,1,12242397,13624935,11220180,12406299,-72,241,-447,g5/117mA/117mA g5/117mA/117mA g4/117mA/117mA g4/117mA/117mA,,,,,,
47.361,HR,2,12247813,13626898,11223277,12408738,-73,240,-447,g5/117mA/117mA g5/117mA/117mA g4/117mA/117mA g4/117mA/117mA,,,,,,
47.361,HR,3,12252361,13629791,11226442,12411639,-73,240,-447,g5/117mA/117mA g5/117mA/117mA g4/117mA/117mA g4/117mA/117mA,,,,,,
47.361,HR,4,12257052,13632724,11229436,12414675,-72,240,-447,g5/117mA/117mA g5/117mA/117mA g4/117mA/117mA g4/117mA/117mA,,,,,,
47.361,HR,5,12261880,13636444,11232362,12417756,-72,240,-447,g5/117mA/117mA g5/117mA/117mA g4/117mA/117mA g4/117mA/117mA,,,,,,
47.361,HR,6,12266522,13638150,11235374,12420528,-72,240,-447,g5/117mA/117mA g5/117mA/117mA g4/117mA/117mA g4/117mA/117mA,,,,,,
47.361,HR,7,12270089,13640172,11238157,12423394,-72,241,-447,g5/117mA/117mA g5/117mA/117mA g4/117mA/117mA g4/117mA/117mA,,,,,,
47.458,HR,8,12261820,13629791,11232739,12417815,-72,241,-447,g5/117mA/117mA g5/117mA/117mA g4/117mA/117mA g4/117mA/117mA,,,,,,
47.459,HR,9,12243103,13603847,11219028,12399875,-72,241,-447,g5/117mA/117mA g5/117mA/117mA g4/117mA/117mA g4/117mA/117mA,,,,,,
47.459,HR,10,12227380,13578969,11207257,12381447,-72,241,-447,g5/117mA/117mA g5/117mA/117mA g4/117mA/117mA g4/117mA/117mA,,,,,,
47.459,HR,11,12219405,13561249,11200747,12369307,-72,241,-447,g5/117mA/117mA g5/117mA/117mA g4/117mA/117mA g4/117mA/117mA,,,,,,
47.459,HR,12,12215539,13551192,11197821,12362558,-72,241,-447,g5/117mA/117mA g5/117mA/117mA g4/117mA/117mA g4/117mA/117mA,,,,,,
47.459,HR,13,12213227,13544051,11195748,12357859,-72,241,-447,g5/117mA/117mA g5/117mA/117mA g4/117mA/117mA g4/117mA/117mA,,,,,,
47.459,HR,14,12212740,13538182,11194630,12354045,-72,241,-447,g5/117mA/117mA g5/117mA/117mA g4/117mA/117mA g4/117mA/117mA,,,,,,
47.459,HR,15,12211821,13533412,11193752,12351570,-72,241,-447,g5/117mA/117mA g5/117mA/117mA g4/117mA/117mA g4/117mA/117mA,,,,,,
47.459,HR,16,12209209,13527006,11191729,12348055,-72,241,-447,g5/117mA/117mA g5/117mA/117mA g4/117mA/117mA g4/117mA/117mA,,,,,,
47.459,HR,17,12205208,13517850,11188496,12342843,-72,241,-447,g5/117mA/117mA g5/117mA/117mA g4/117mA/117mA g4/117mA/117mA,,,,,,
47.459,HR,18,12201617,13509577,11185594,12337954,-72,241,-447,g5/117mA/117mA g5/117mA/117mA g4/117mA/117mA g4/117mA/117mA,,,,,,
47.517,HR,19,12200130,13503639,11184503,12334234,-72,241,-447,g5/117mA/117mA g5/117mA/117mA g4/117mA/117mA g4/117mA/117mA,,,,,,
47.517,HR,20,12200506,13499346,11184077,12332545,-72,241,-447,g5/117mA/117mA g5/117mA/117mA g4/117mA/117mA g4/117mA/117mA,,,,,,
47.517,HR,21,12201504,13498254,11184437,12332588,-72,241,-447,g5/117mA/117mA g5/117mA/117mA g4/117mA/117mA g4/117mA/117mA,54,100,0,1,0,0
47.517,HR,22,12203014,13497897,11185424,12333783,-72,241,-447,g5/117mA/117mA g5/117mA/117mA g4/117mA/117mA g4/117mA/117mA,,,,,,
47.517,HR,23,12205805,13498367,11186824,12334984,-72,241,-447,g5/117mA/117mA g5/117mA/117mA g4/117mA/117mA g4/117mA/117mA,,,,,,
47.518,HR,24,12208407,13499885,11188223,12337306,-72,241,-447,g5/117mA/117mA g5/117mA/117mA g4/117mA/117mA g4/117mA/117mA,,,,,,
47.518,HR,25,12210727,13500592,11189691,12339259,-72,241,-447,g5/117mA/117mA g5/117mA/117mA g4/117mA/117mA g4/117mA/117mA,,,,,,
47.518,HR,26,12212853,13502547,11190791,12341998,-72,241,-447,g5/117mA/117mA g5/117mA/117mA g4/117mA/117mA g4/117mA/117mA,,,,,,
47.518,HR,27,12214703,13504500,11192071,12344208,-72,241,-447,g5/117mA/117mA g5/117mA/117mA g4/117mA/117mA g4/117mA/117mA,,,,,,
47.518,HR,28,12217501,13506794,11193324,12346691,-72,241,-447,g5/117mA/117mA g5/117mA/117mA g4/117mA/117mA g4/117mA/117mA,,,,,,
47.518,HR,29,12219744,13509201,11195135,12349624,-72,241,-447,g5/117mA/117mA g5/117mA/117mA g4/117mA/117mA g4/117mA/117mA,,,,,,
47.602,HRV,253,12225153,13618826,11209449,12398900,-72,241,-448,g5/117mA/117mA g5/117mA/117mA g4/117mA/117mA g4/117mA/117mA,,,,,,
47.602,HRV,254,12229530,13620038,11211990,12400625,-72,241,-447,g5/117mA/117mA g5/117mA/117mA g4/117mA/117mA g4/117mA/117mA,,,,,,
47.602,HRV,255,12234230,13621028,11214663,12401999,-72,241,-447,g5/117mA/117mA g5/117mA/117mA g4/117mA/117mA g4/117mA/117mA,,,,,,
47.603,HRV,0,12237524,13622658,11217170,12403790,-72,241,-447,g5/117mA/117mA g5/117mA/117mA g4/117mA/117mA g4/117mA/117mA,,,,,,
47.603,HRV,1,12242397,13624935,11220180,12406299,-72,241,-447,g5/117mA/117mA g5/117mA/117mA g4/117mA/117mA g4/117mA/117mA,,,,,,
47.698,HRV,2,12247813,13626898,11223277,12408738,-73,240,-447,g5/117mA/117mA g5/117mA/117mA g4/117mA/117mA g4/117mA/117mA,,,,,,
47.698,HRV,3,12252361,13629791,11226442,12411639,-73,240,-447,g5/117mA/117mA g5/117mA/117mA g4/117mA/117mA g4/117mA/117mA,,,,,,
47.698,HRV,4,12257052,13632724,11229436,12414675,-72,240,-447,g5/117mA/117mA g5/117mA/117mA g4/117mA/117mA g4/117mA/117mA,,,,,,
47.698,HRV,5,12261880,13636444,11232362,12417756,-72,240,-447,g5/117mA/117mA g5/117mA/117mA g4/117mA/117mA g4/117mA/117mA,,,,,,
47.698,HRV,6,12266522,13638150,11235374,12420528,-72,240,-447,g5/117mA/117mA g5/117mA/117mA g4/117mA/117mA g4/117mA/117mA,,,,,,
47.698,HRV,7,12270089,13640172,11238157,12423394,-72,241,-447,g5/117mA/117mA g5/117mA/117mA g4/117mA/117mA g4/117mA/117mA,,,,,,
47.698,HRV,8,12261820,13629791,11232739,12417815,-72,241,-447,g5/117mA/117mA g5/117mA/117mA g4/117mA/117mA g4/117mA/117mA,,,,,,
47.698,HRV,9,12243103,13603847,11219028,12399875,-72,241,-447,g5/117mA/117mA g5/117mA/117mA g4/117mA/117mA g4/117mA/117mA,,,,,,
47.698,HRV,10,12227380,13578969,11207257,12381447,-72,241,-447,g5/117mA/117mA g5/117mA/117mA g4/117mA/117mA g4/117mA/117mA,,,,,,
47.698,HRV,11,12219405,13561249,11200747,12369307,-72,241,-447,g5/117mA/117mA g5/117mA/117mA g4/117mA/117mA g4/117mA/117mA,,,,,,
47.698,HRV,12,12215539,13551192,11197821,12362558,-72,241,-447,g5/117mA/117mA g5/117mA/117mA g4/117mA/117mA g4/117mA/117mA,,,,,,
47.753,HRV,13,12213227,13544051,11195748,12357859,-72,241,-447,g5/117mA/117mA g5/117mA/117mA g4/117mA/117mA g4/117mA/117mA,,,,,,
47.753,HRV,14,12212740,13538182,11194630,12354045,-72,241,-447,g5/117mA/117mA g5/117mA/117mA g4/117mA/117mA g4/117mA/117mA,,,,,,
47.753,HRV,15,12211821,13533412,11193752,12351570,-72,241,-447,g5/117mA/117mA g5/117mA/117mA g4/117mA/117mA g4/117mA/117mA,,,,,,
47.753,HRV,16,12209209,13527006,11191729,12348055,-72,241,-447,g5/117mA/117mA g5/117mA/117mA g4/117mA/117mA g4/117mA/117mA,,,,,,
47.753,HRV,17,12205208,13517850,11188496,12342843,-72,241,-447,g5/117mA/117mA g5/117mA/117mA g4/117mA/117mA g4/117mA/117mA,,,,,,
47.753,HRV,18,12201617,13509577,11185594,12337954,-72,241,-447,g5/117mA/117mA g5/117mA/117mA g4/117mA/117mA g4/117mA/117mA,,,,,,
47.816,HRV,19,12200130,13503639,11184503,12334234,-72,241,-447,g5/117mA/117mA g5/117mA/117mA g4/117mA/117mA g4/117mA/117mA,,,,,,
47.816,HRV,20,12200506,13499346,11184077,12332545,-72,241,-447,g5/117mA/117mA g5/117mA/117mA g4/117mA/117mA g4/117mA/117mA,,,,,,
47.816,HRV,21,12201504,13498254,11184437,12332588,-72,241,-447,g5/117mA/117mA g5/117mA/117mA g4/117mA/117mA g4/117mA/117mA,789,793,0,0,30,2
47.816,HRV,22,12203014,13497897,11185424,12333783,-72,241,-447,g5/117mA/117mA g5/117mA/117mA g4/117mA/117mA g4/117mA/117mA,,,,,,
47.816,HRV,23,12205805,13498367,11186824,12334984,-72,241,-447,g5/117mA/117mA g5/117mA/117mA g4/117mA/117mA g4/117mA/117mA,,,,,,
47.816,HRV,30,12222772,13512766,11196686,12353002,-72,241,-447,g5/117mA/117mA g5/117mA/117mA g4/117mA/117mA g4/117mA/117mA,,,,,,
48.414,HR,31,12226067,13516298,11198785,12356757,-72,241,-448,g5/117mA/117mA g5/117mA/117mA g4/117mA/117mA g4/117mA/117mA,,,,,,
48.414,HR,32,12230137,13520871,11200953,12360886,-72,241,-447,g5/117mA/117mA g5/117mA/117mA g4/117mA/117mA g4/117mA/117mA,,,,,,
48.414,HR,33,12233763,13525248,11203333,12365127,-72,241,-447,g5/117mA/117mA g5/117mA/117mA g4/117mA/117mA g4/117mA/117mA,,,,,,
48.414,HR,34,12237668,13529914,11205815,12369458,-72,241,-447,g5/117mA/117mA g5/117mA/117mA g4/117mA/117mA g4/117mA/117mA,,,,,,
48.414,HR,35,12241576,13534685,11208383,12373667,-72,241,-447,g5/117mA/117mA g5/117mA/117mA g4/117mA/117mA g4/117mA/117mA,,,,,,
48.479,HR,36,12245373,13539376,11210653,12377693,-72,241,-447,g5/117mA/117mA g5/117mA/117mA g4/117mA/117mA g4/117mA/117mA,,,,,,
48.48,HR,37,12235450,13530973,11203818,12373034,-72,241,-447,g5/117mA/117mA g5/117mA/117mA g4/117mA/117mA g4/117mA/117mA,,,,,,
48.48,HR,38,12214336,13504986,11188777,12353737,-72,241,-447,g5/117mA/117mA g5/117mA/117mA g4/117mA/117mA g4/117mA/117mA,,,,,,
48.48,HR,39,12198596,13480025,11175690,12334550,-71,241,-447,g5/117mA/117mA g5/117mA/117mA g4/117mA/117mA g4/117mA/117mA,,,,,,
48.48,HR,40,12189168,13463592,11168585,12322392,-70,240,-447,g5/117mA/117mA g5/117mA/117mA g4/117mA/117mA g4/117mA/117mA,,,,,,
48.48,HR,41,12183940,13454839,11164361,12315339,-72,240,-447,g5/117mA/117mA g5/117mA/117mA g4/117mA/117mA g4/117mA/117mA,,,,,,
48.501,HR,42,12180117,13448492,11161348,12310579,-72,240,-447,g5/117mA/117mA g5/117mA/117mA g4/117mA/117mA g4/117mA/117mA,,,,,,
48.501,HR,43,12177208,13442503,11158791,12306909,-72,241,-447,g5/117mA/117mA g5/117mA/117mA g4/117mA/117mA g4/117mA/117mA,,,,,,
48.501,HR,44,12175461,13438536,11157254,12304170,-72,241,-447,g5/117mA/117mA g5/117mA/117mA g4/117mA/117mA g4/117mA/117mA,,,,,,
48.501,HR,45,12172729,13433257,11154739,12300639,-72,241,-447,g5/117mA/117mA g5/117mA/117mA g4/117mA/117mA g4/117mA/117mA,,,,,,
48.501,HR,46,12168823,13426626,11151325,12295972,-72,241,-447,g5/117mA/117mA g5/117mA/117mA g4/117mA/117mA g4/117mA/117mA,54,100,0,1,0,0
48.535,HR,47,12165810,13420493,11148221,12290801,-72,241,-447,g5/117mA/117mA g5/117mA/117mA g4/117mA/117mA g4/117mA/117mA,,,,,,
48.535,HR,48,12163242,13415553,11146599,12287644,-72,241,-447,g5/117mA/117mA g5/117mA/117mA g4/117mA/117mA g4/117mA/117mA,,,,,,
48.535,HR,49,12163558,13413089,11146172,12285667,-72,241,-448,g5/117mA/117mA g5/117mA/117mA g4/117mA/117mA g4/117mA/117mA,,,,,,
48.535,HR,50,12164727,13413293,11146575,12286118,-72,241,-448,g5/117mA/117mA g5/117mA/117mA g4/117mA/117mA g4/117mA/117mA,,,,,,
48.535,HR,51,12166187,13414828,11147562,12287407,-72,241,-447,g5/117mA/117mA g5/117mA/117mA g4/117mA/117mA g4/117mA/117mA,,,,,,
48.535,HR,52,12168567,13417645,11149150,12289658,-72,241,-447,g5/117mA/117mA g5/117mA/117mA g4/117mA/117mA g4/117mA/117mA,,,,,,
48.597,HR,53,12171373,13420450,11150514,12292321,-72,241,-447,g5/117mA/117mA g5/117mA/117mA g4/117mA/117mA g4/117mA/117mA,,,,,,
48.597,HR,54,12174214,13422872,11152340,12294881,-71,241,-448,g5/117mA/117mA g5/117mA/117mA g4/117mA/117mA g4/117mA/117mA,,,,,,
48.597,HR,55,12176584,13424476,11154106,12297260,-71,241,-448,g5/117mA/117mA g5/117mA/117mA g4/117mA/117mA g4/117mA/117mA,,,,,,
48.597,HR,56,12179614,13427377,11155549,12299418,-71,241,-448,g5/117mA/117mA g5/117mA/117mA g4/117mA/117mA g4/117mA/117mA,,,,,,
48.597,HR,57,12182762,13429792,11157526,12301969,-72,241,-447,g5/117mA/117mA g5/117mA/117mA g4/117mA/117mA g4/117mA/117mA,,,,,,
48.597,HR,58,12185644,13432632,11159575,12305125,-71,241,-447,g5/117mA/117mA g5/117mA/117mA g4/117mA/117mA g4/117mA/117mA,,,,,,
48.658,HR,59,12189808,13436489,11162126,12308359,-71,241,-447,g5/117mA/117mA g5/117mA/117mA g4/117mA/117mA g4/117mA/117mA,,,,,,
48.658,HR,60,12194262,13440548,11164975,12312097,-71,241,-447,g5/117mA/117mA g5/117mA/117mA g4/117mA/117mA g4/117mA/117mA,,,,,,
48.658,HR,61,12199621,13444704,11168328,12315652,-71,241,-447,g5/117mA/117mA g5/117mA/117mA g4/117mA/117mA g4/117mA/117mA,,,,,,
48.658,HR,62,12205402,13449566,11171989,12319552,-71,241,-447,g5/117mA/117mA g5/117mA/117mA g4/117mA/117mA g4/117mA/117mA,,,,,,
48.658,HR,63,12210232,13455104,11175283,12323868,-71,241,-447,g5/117mA/117mA g5/117mA/117mA g4/117mA/117mA g4/117mA/117mA,,,,,,
48.658,HR,64,12215395,13460486,11178337,12328108,-72,241,-447,g5/117mA/117mA g5/117mA/117mA g4/117mA/117mA g4/117mA/117mA,,,,,,
48.713,HRV,31,12226067,13516298,11198785,12356757,-72,241,-448,g5/117mA/117mA g5/117mA/117mA g4/117mA/117mA g4/117mA/117mA,,,,,,
48.713,HRV,32,12230137,13520871,11200953,12360886,-72,241,-447,g5/117mA/117mA g5/117mA/117mA g4/117mA/117mA g4/117mA/117mA,,,,,,
48.713,HRV,33,12233763,13525248,11203333,12365127,-72,241,-447,g5/117mA/117mA g5/117mA/117mA g4/117mA/117mA g4/117mA/117mA,,,,,,
48.713,HRV,34,12237668,13529914,11205815,12369458,-72,241,-447,g5/117mA/117mA g5/117mA/117mA g4/117mA/117mA g4/117mA/117mA,,,,,,
48.713,HRV,35,12241576,13534685,11208383,12373667,-72,241,-447,g5/117mA/117mA g5/117mA/117mA g4/117mA/117mA g4/117mA/117mA,,,,,,
48.774,HRV,36,12245373,13539376,11210653,12377693,-72,241,-447,g5/117mA/117mA g5/117mA/117mA g4/117mA/117mA g4/117mA/117mA,,,,,,
48.774,HRV,37,12235450,13530973,11203818,12373034,-72,241,-447,g5/117mA/117mA g5/117mA/117mA g4/117mA/117mA g4/117mA/117mA,,,,,,
48.774,HRV,38,12214336,13504986,11188777,12353737,-72,241,-447,g5/117mA/117mA g5/117mA/117mA g4/117mA/117mA g4/117mA/117mA,,,,,,
48.774,HRV,39,12198596,13480025,11175690,12334550,-71,241,-447,g5/117mA/117mA g5/117mA/117mA g4/117mA/117mA g4/117mA/117mA,,,,,,
48.774,HRV,40,12189168,13463592,11168585,12322392,-70,240,-447,g5/117mA/117mA g5/117mA/117mA g4/117mA/117mA g4/117mA/117mA,,,,,,
48.774,HRV,41,12183940,13454839,11164361,12315339,-72,240,-447,g5/117mA/117mA g5/117mA/117mA g4/117mA/117mA g4/117mA/117mA,,,,,,
48.801,HRV,42,12180117,13448492,11161348,12310579,-72,240,-447,g5/117mA/117mA g5/117mA/117mA g4/117mA/117mA g4/117mA/117mA,,,,,,
48.801,HRV,43,12177208,13442503,11158791,12306909,-72,241,-447,g5/117mA/117mA g5/117mA/117mA g4/117mA/117mA g4/117mA/117mA,,,,,,
48.801,HRV,44,12175461,13438536,11157254,12304170,-72,241,-447,g5/117mA/117mA g5/117mA/117mA g4/117mA/117mA g4/117mA/117mA,,,,,,
48.801,HRV,45,12172729,13433257,11154739,12300639,-72,241,-447,g5/117mA/117mA g5/117mA/117mA g4/117mA/117mA g4/117mA/117mA,,,,,,
48.801,HRV,46,12168823,13426626,11151325,12295972,-72,241,-447,g5/117mA/117mA g5/117mA/117mA g4/117mA/117mA g4/117mA/117mA,791,0,0,0,30,1
48.839,HRV,47,12165810,13420493,11148221,12290801,-72,241,-447,g5/117mA/117mA g5/117mA/117mA g4/117mA/117mA g4/117mA/117mA,,,,,,
48.839,HRV,48,12163242,13415553,11146599,12287644,-72,241,-447,g5/117mA/117mA g5/117mA/117mA g4/117mA/117mA g4/117mA/117mA,,,,,,
48.839,HRV,49,12163558,13413089,11146172,12285667,-72,241,-448,g5/117mA/117mA g5/117mA/117mA g4/117mA/117mA g4/117mA/117mA,,,,,,
48.839,HRV,50,12164727,13413293,11146575,12286118,-72,241,-448,g5/117mA/117mA g5/117mA/117mA g4/117mA/117mA g4/117mA/117mA,,,,,,
48.839,HRV,51,12166187,13414828,11147562,12287407,-72,241,-447,g5/117mA/117mA g5/117mA/117mA g4/117mA/117mA g4/117mA/117mA,,,,,,
48.839,HRV,52,12168567,13417645,11149150,12289658,-72,241,-447,g5/117mA/117mA g5/117mA/117mA g4/117mA/117mA g4/117mA/117mA,,,,,,
48.893,HRV,53,12171373,13420450,11150514,12292321,-72,241,-447,g5/117mA/117mA g5/117mA/117mA g4/117mA/117mA g4/117mA/117mA,,,,,,
48.893,HRV,54,12174214,13422872,11152340,12294881,-71,241,-448,g5/117mA/117mA g5/117mA/117mA g4/117mA/117mA g4/117mA/117mA,,,,,,
48.893,HRV,55,12176584,13424476,11154106,12297260,-71,241,-448,g5/117mA/117mA g5/117mA/117mA g4/117mA/117mA g4/117mA/117mA,,,,,,
48.893,HRV,56,12179614,13427377,11155549,12299418,-71,241,-448,g5/117mA/117mA g5/117mA/117mA g4/117mA/117mA g4/117mA/117mA,,,,,,
48.893,HRV,57,12182762,13429792,11157526,12301969,-72,241,-447,g5/117mA/117mA g5/117mA/117mA g4/117mA/117mA g4/117mA/117mA,,,,,,
48.893,HRV,58,12185644,13432632,11159575,12305125,-71,241,-447,g5/117mA/117mA g5/117mA/117mA g4/117mA/117mA g4/117mA/117mA,,,,,,
48.898,HRV,59,12189808,13436489,11162126,12308359,-71,241,-447,g5/117mA/117mA g5/117mA/117mA g4/117mA/117mA g4/117mA/117mA,,,,,,
48.898,HRV,60,12194262,13440548,11164975,12312097,-71,241,-447,g5/117mA/117mA g5/117mA/117mA g4/117mA/117mA g4/117mA/117mA,,,,,,
48.898,HRV,61,12199621,13444704,11168328,12315652,-71,241,-447,g5/117mA/117mA g5/117mA/117mA g4/117mA/117mA g4/117mA/117mA,,,,,,
48.898,HRV,62,12205402,13449566,11171989,12319552,-71,241,-447,g5/117mA/117mA g5/117mA/117mA g4/117mA/117mA g4/117mA/117mA,,,,,,
48.898,HRV,63,12210232,13455104,11175283,12323868,-71,241,-447,g5/117mA/117mA g5/117mA/117mA g4/117mA/117mA g4/117mA/117mA,,,,,,
48.898,HRV,64,12215395,13460486,11178337,12328108,-72,241,-447,g5/117mA/117mA g5/117mA/117mA g4/117mA/117mA g4/117mA/117mA,,,,,,
50.183,HR,65,12220973,13466732,11181331,12332179,-72,241,-447,g5/117mA/117mA g5/117mA/117mA g4/117mA/117mA g4/117mA/117mA,,,,,,
50.183,HR,66,12223261,13469991,11182329,12335301,-72,241,-447,g5/117mA/117mA g5/117mA/117mA g4/117mA/117mA g4/117mA/117mA,,,,,,
50.183,HR,67,12205814,13451411,11170257,12320464,-71,241,-448,g5/117mA/117mA g5/117mA/117mA g4/117mA/117mA g4/117mA/117mA,,,,,,
50.183,HR,68,12186379,13425270,11155420,12298496,-71,241,-447,g5/117mA/117mA g5/117mA/117mA g4/117mA/117mA g4/117mA/117mA,,,,,,
50.183,HR,69,12174154,13405291,11144654,12281323,-71,241,-447,g5/117mA/117mA g5/117mA/117mA g4/117mA/117mA g4/117mA/117mA,,,,,,
50.216,HR,70,12168805,13395164,11139764,12270736,-71,241,-447,g5/117mA/117mA g5/117mA/117mA g4/117mA/117mA g4/117mA/117mA,,,,,,
50.216,HR,71,12166706,13389062,11136661,12265216,-71,241,-447,g5/117mA/117mA g5/117mA/117mA g4/117mA/117mA g4/117mA/117mA,53,100,0,1,0,0
50.216,HR,72,12165103,13384619,11134365,12260472,-71,241,-447,g5/117mA/117mA g5/117mA/117mA g4/117mA/117mA g4/117mA/117mA,,,,,,
50.216,HR,73,12164376,13382290,11132956,12257572,-71,241,-447,g5/117mA/117mA g5/117mA/117mA g4/117mA/117mA g4/117mA/117mA,,,,,,
50.216,HR,74,12163524,13380457,11131525,12254936,-71,241,-447,g5/117mA/117mA g5/117mA/117mA g4/117mA/117mA g4/117mA/117mA,,,,,,
50.278,HR,75,12161348,13375695,11128956,12250585,-71,241,-447,g5/117mA/117mA g5/117mA/117mA g4/117mA/117mA g4/117mA/117mA,,,,,,
50.278,HR,76,12157825,13370295,11125945,12245483,-71,241,-447,g5/117mA/117mA g5/117mA/117mA g4/117mA/117mA g4/117mA/117mA,,,,,,
50.278,HR,77,12155326,13366098,11123591,12241721,-71,241,-447,g5/117mA/117mA g5/117mA/117mA g4/117mA/117mA g4/117mA/117mA,,,,,,
50.278,HR,78,12155402,13363844,11122533,12239486,-71,241,-447,g5/117mA/117mA g5/117mA/117mA g4/117mA/117mA g4/117mA/117mA,,,,,,
50.278,HR,79,12156510,13364239,11122804,12239325,-71,241,-447,g5/117mA/117mA g5/117mA/117mA g4/117mA/117mA g4/117mA/117mA,,,,,,
50.278,HR,80,12157996,13366047,11123846,12240954,-71,241,-447,g5/117mA/117mA g5/117mA/117mA g4/117mA/117mA g4/117mA/117mA,,,,,,
50.303,HR,81,12161340,13369221,11125663,12243139,-71,241,-447,g5/117mA/117mA g5/117mA/117mA g4/117mA/117mA g4/117mA/117mA,,,,,,
50.303,HR,82,12164146,13373461,11127326,12246610,-71,241,-447,g5/117mA/117mA g5/117mA/117mA g4/117mA/117mA g4/117mA/117mA,,,,,,
50.303,HR,83,12167116,13377580,11129059,12249725,-71,241,-447,g5/117mA/117mA g5/117mA/117mA g4/117mA/117mA g4/117mA/117mA,,,,,,
50.303,HR,84,12169735,13381531,11130696,12253060,-71,241,-447,g5/117mA/117mA g5/117mA/117mA g4/117mA/117mA g4/117mA/117mA,,,,,,
50.303,HR,85,12172021,13385251,11131935,12255968,-71,241,-447,g5/117mA/117mA g5/117mA/117mA g4/117mA/117mA g4/117mA/117mA,,,,,,
50.303,HR,86,12174528,13389005,11133479,12258664,-71,242,-446,g5/117mA/117mA g5/117mA/117mA g4/117mA/117mA g4/117mA/117mA,,,,,,
50.335,HR,87,12177379,13393396,11135389,12262674,-71,242,-446,g5/117mA/117mA g5/117mA/117mA g4/117mA/117mA g4/117mA/117mA,,,,,,
50.335,HR,88,12180519,13398540,11137479,12266651,-71,242,-447,g5/117mA/117mA g5/117mA/117mA g4/117mA/117mA g4/117mA/117mA,,,,,,
50.335,HR,89,12184442,13404240,11139884,12270948,-71,241,-448,g5/117mA/117mA g5/117mA/117mA g4/117mA/117mA g4/117mA/117mA,,,,,,
50.335,HR,90,12188306,13410324,11142403,12275718,-71,241,-448,g5/117mA/117mA g5/117mA/117mA g4/117mA/117mA g4/117mA/117mA,,,,,,
50.335,HR,91,12192844,13416475,11145235,12281127,-71,241,-447,g5/117mA/117mA g5/117mA/117mA g4/117mA/117mA g4/117mA/117mA,,,,,,
50.363,HR,92,12196658,13423181,11147860,12286202,-70,242,-447,g5/117mA/117mA g5/117mA/117mA g4/117mA/117mA g4/117mA/117mA,,,,,,
50.364,HR,93,12201206,13429714,11151068,12291184,-70,244,-447,g5/117mA/117mA g5/117mA/117mA g4/117mA/117mA g4/117mA/117mA,,,,,,
50.364,HR,94,12205796,13436241,11153970,12296151,-70,243,-447,g5/117mA/117mA g5/117mA/117mA g4/117mA/117mA g4/117mA/117mA,,,,,,
50.364,HR,95,12201820,13435013,11151547,12295981,-71,242,-447,g5/117mA/117mA g5/117mA/117mA g4/117mA/117mA g4/117mA/117mA,,,,,,
50.364,HR,96,12182326,13412422,11137327,12277296,-71,242,-447,g5/117mA/117mA g5/117mA/117mA g4/117mA/117mA g4/117mA/117mA,53,100,0,1,0,0
50.395,HR,97,12164923,13388228,11124093,12255968,-71,241,-447,g5/117mA/117mA g5/117mA/117mA g4/117mA/117mA g4/117mA/117mA,,,,,,
50.395,HR,98,12156111,13372839,11116775,12241841,-71,241,-447,g5/117mA/117mA g5/117mA/117mA g4/117mA/117mA g4/117mA/117mA,,,,,,
50.399,HRV,65,12220973,13466732,11181331,12332179,-72,241,-447,g5/117mA/117mA g5/117mA/117mA g4/117mA/117mA g4/117mA/117mA,,,,,,
50.399,HRV,66,12223261,13469991,11182329,12335301,-72,241,-447,g5/117mA/117mA g5/117mA/117mA g4/117mA/117mA g4/117mA/117mA,,,,,,
50.399,HRV,67,12205814,13451411,11170257,12320464,-71,241,-448,g5/117mA/117mA g5/117mA/117mA g4/117mA/117mA g4/117mA/117mA,,,,,,
50.399,HRV,68,12186379,13425270,11155420,12298496,-71,241,-447,g5/117mA/117mA g5/117mA/117mA g4/117mA/117mA g4/117mA/117mA,,,,,,
50.399,HRV,69,12174154,13405291,11144654,12281323,-71,241,-447,g5/117mA/117mA g5/117mA/117mA g4/117mA/117mA g4/117mA/117mA,,,,,,
50.485,HRV,70,12168805,13395164,11139764,12270736,-71,241,-447,g5/117mA/117mA g5/117mA/117mA g4/117mA/117mA g4/117mA/117mA,,,,,,
50.485,HRV,71,12166706,13389062,11136661,12265216,-71,241,-447,g5/117mA/117mA g5/117mA/117mA g4/117mA/117mA g4/117mA/117mA,850,810,0,0,30,2
50.485,HRV,72,12165103,13384619,11134365,12260472,-71,241,-447,g5/117mA/117mA g5/117mA/117mA g4/117mA/117mA g4/117mA/117mA,,,,,,
50.485,HRV,73,12164376,13382290,11132956,12257572,-71,241,-447,g5/117mA/117mA g5/117mA/117mA g4/117mA/117mA g4/117mA/117mA,,,,,,
50.485,HRV,74,12163524,13380457,11131525,12254936,-71,241,-447,g5/117mA/117mA g5/117mA/117mA g4/117mA/117mA g4/117mA/117mA,,,,,,
50.518,HRV,75,12161348,13375695,11128956,12250585,-71,241,-447,g5/117mA/117mA g5/117mA/117mA g4/117mA/117mA g4/117mA/117mA,,,,,,
50.518,HRV,76,12157825,13370295,11125945,12245483,-71,241,-447,g5/117mA/117mA g5/117mA/117mA g4/117mA/117mA g4/117mA/117mA,,,,,,
50.518,HRV,77,12155326,13366098,11123591,12241721,-71,241,-447,g5/117mA/117mA g5/117mA/117mA g4/117mA/117mA g4/117mA/117mA,,,,,,
50.518,HRV,78,12155402,13363844,11122533,12239486,-71,241,-447,g5/117mA/117mA g5/117mA/117mA g4/117mA/117mA g4/117mA/117mA,,,,,,
50.518,HRV,79,12156510,13364239,11122804,12239325,-71,241,-447,g5/117mA/117mA g5/117mA/117mA g4/117mA/117mA g4/117mA/117mA,,,,,,
50.518,HRV,80,12157996,13366047,11123846,12240954,-71,241,-447,g5/117mA/117mA g5/117mA/117mA g4/117mA/117mA g4/117mA/117mA,,,,,,
50.582,HRV,81,12161340,13369221,11125663,12243139,-71,241,-447,g5/117mA/117mA g5/117mA/117mA g4/117mA/117mA g4/117mA/117mA,,,,,,
50.582,HRV,82,12164146,13373461,11127326,12246610,-71,241,-447,g5/117mA/117mA g5/117mA/117mA g4/117mA/117mA g4/117mA/117mA,,,,,,
50.582,HRV,83,12167116,13377580,11129059,12249725,-71,241,-447,g5/117mA/117mA g5/117mA/117mA g4/117mA/117mA g4/117mA/117mA,,,,,,
50.582,HRV,84,12169735,13381531,11130696,12253060,-71,241,-447,g5/117mA/117mA g5/117mA/117mA g4/117mA/117mA g4/117mA/117mA,,,,,,
50.582,HRV,85,12172021,13385251,11131935,12255968,-71,241,-447,g5/117mA/117mA g5/117mA/117mA g4/117mA/117mA g4/117mA/117mA,,,,,,
50.582,HRV,86,12174528,13389005,11133479,12258664,-71,242,-446,g5/117mA/117mA g5/117mA/117mA g4/117mA/117mA g4/117mA/117mA,,,,,,
50.582,HRV,87,12177379,13393396,11135389,12262674,-71,242,-446,g5/117mA/117mA g5/117mA/117mA g4/117mA/117mA g4/117mA/117mA,,,,,,
50.582,HRV,88,12180519,13398540,11137479,12266651,-71,242,-447,g5/117mA/117mA g5/117mA/117mA g4/117mA/117mA g4/117mA/117mA,,,,,,
50.582,HRV,89,12184442,13404240,11139884,12270948,-71,241,-448,g5/117mA/117mA g5/117mA/117mA g4/117mA/117mA g4/117mA/117mA,,,,,,
50.582,HRV,90,12188306,13410324,11142403,12275718,-71,241,-448,g5/117mA/117mA g5/117mA/117mA g4/117mA/117mA g4/117mA/117mA,,,,,,
50.582,HRV,91,12192844,13416475,11145235,12281127,-71,241,-447,g5/117mA/117mA g5/117mA/117mA g4/117mA/117mA g4/117mA/117mA,,,,,,
50.638,HRV,92,12196658,13423181,11147860,12286202,-70,242,-447,g5/117mA/117mA g5/117mA/117mA g4/117mA/117mA g4/117mA/117mA,,,,,,
50.638,HRV,93,12201206,13429714,11151068,12291184,-70,244,-447,g5/117mA/117mA g5/117mA/117mA g4/117mA/117mA g4/117mA/117mA,,,,,,
50.638,HRV,94,12205796,13436241,11153970,12296151,-70,243,-447,g5/117mA/117mA g5/117mA/117mA g4/117mA/117mA g4/117mA/117mA,,,,,,
50.638,HRV,95,12201820,13435013,11151547,12295981,-71,242,-447,g5/117mA/117mA g5/117mA/117mA g4/117mA/117mA g4/117mA/117mA,,,,,,
50.638,HRV,96,12182326,13412422,11137327,12277296,-71,242,-447,g5/117mA/117mA g5/117mA/117mA g4/117mA/117mA g4/117mA/117mA,842,814,0,0,30,2
50.638,HRV,97,12164923,13388228,11124093,12255968,-71,241,-447,g5/117mA/117mA g5/117mA/117mA g4/117mA/117mA g4/117mA/117mA,,,,,,
50.638,HRV,98,12156111,13372839,11116775,12241841,-71,241,-447,g5/117mA/117mA g5/117mA/117mA g4/117mA/117mA g4/117mA/117mA,,,,,,
51.3,HR,99,12151999,13365594,11113514,12234761,-72,241,-447,g5/117mA/117mA g5/117mA/117mA g4/117mA/117mA g4/117mA/117mA,,,,,,
51.3,HR,100,12150684,13361593,11111748,12231127,-71,241,-447,g5/117mA/117mA g5/117mA/117mA g4/117mA/117mA g4/117mA/117mA,,,,,,
51.3,HR,101,12149217,13358241,11110698,12228224,-71,241,-447,g5/117mA/117mA g5/117mA/117mA g4/117mA/117mA g4/117mA/117mA,,,,,,
51.3,HR,102,12149217,13357062,11110529,12226722,-71,242,-447,g5/117mA/117mA g5/117mA/117mA g4/117mA/117mA g4/117mA/117mA,,,,,,
51.3,HR,103,12147333,13354528,11109018,12223712,-71,242,-447,g5/117mA/117mA g5/117mA/117mA g4/117mA/117mA g4/117mA/117mA,,,,,,
51.358,HR,104,12143270,13350288,11106349,12218534,-71,242,-447,g5/117mA/117mA g5/117mA/117mA g4/117mA/117mA g4/117mA/117mA,,,,,,
51.358,HR,105,12139527,13344914,11103540,12213696,-71,242,-447,g5/117mA/117mA g5/117mA/117mA g4/117mA/117mA g4/117mA/117mA,,,,,,
51.358,HR,106,12137026,13341886,11102160,12210480,-71,241,-447,g5/117mA/117mA g5/117mA/117mA g4/117mA/117mA g4/117mA/117mA,,,,,,
51.358,HR,107,12136557,13340973,11102323,12209389,-71,241,-447,g5/117mA/117mA g5/117mA/117mA g4/117mA/117mA g4/117mA/117mA,,,,,,
51.358,HR,108,12137343,13343515,11103781,12210300,-71,241,-447,g5/117mA/117mA g5/117mA/117mA g4/117mA/117mA g4/117mA/117mA,,,,,,
51.358,HR,109,12138996,13347456,11105760,12213193,-71,241,-447,g5/117mA/117mA g5/117mA/117mA g4/117mA/117mA g4/117mA/117mA,,,,,,
51.359,HR,110,12142315,13352405,11108242,12216061,-71,242,-447,g5/117mA/117mA g5/117mA/117mA g4/117mA/117mA g4/117mA/117mA,,,,,,
51.359,HR,111,12144636,13358173,11110750,12220230,-71,242,-447,g5/117mA/117mA g5/117mA/117mA g4/117mA/117mA g4/117mA/117mA,,,,,,
51.359,HR,112,12147264,13362369,11113199,12223482,-71,241,-447,g5/117mA/117mA g5/117mA/117mA g4/117mA/117mA g4/117mA/117mA,,,,,,
51.359,HR,113,12148671,13365670,11115578,12227713,-71,241,-447,g5/117mA/117mA g5/117mA/117mA g4/117mA/117mA g4/117mA/117mA,,,,,,
51.359,HR,114,12150198,13369255,11118028,12231177,-70,241,-447,g5/117mA/117mA g5/117mA/117mA g4/117mA/117mA g4/117mA/117mA,,,,,,
51.359,HR,115,12153057,13372760,11120834,12234504,-69,241,-447,g5/117mA/117mA g5/117mA/117mA g4/117mA/117mA g4/117mA/117mA,,,,,,
51.415,HR,116,12156101,13376736,11123863,12238343,-69,242,-448,g5/117mA/117mA g5/117mA/117mA g4/117mA/117mA g4/117mA/117mA,,,,,,
51.415,HR,117,12159770,13381259,11127115,12242687,-70,241,-448,g5/117mA/117mA g5/117mA/117mA g4/117mA/117mA g4/117mA/117mA,,,,,,
51.415,HR,118,12162799,13385139,11130483,12247831,-72,240,-448,g5/117mA/117mA g5/117mA/117mA g4/117mA/117mA g4/117mA/117mA,,,,,,
51.415,HR,119,12164539,13390028,11132488,12253058,-72,240,-447,g5/117mA/117mA g5/117mA/117mA g4/117mA/117mA g4/117mA/117mA,,,,,,
51.415,HR,120,12167158,13396024,11135294,12258382,-71,241,-447,g5/117mA/117mA g5/117mA/117mA g4/117mA/117mA g4/117mA/117mA,,,,,,
51.417,HR,121,12171030,13400716,11139074,12262972,-70,241,-447,g5/117mA/117mA g5/117mA/117mA g4/117mA/117mA g4/117mA/117mA,53,100,0,1,0,0
51.417,HR,122,12174069,13405239,11142565,12267426,-69,240,-447,g5/117mA/117mA g5/117mA/117mA g4/117mA/117mA g4/117mA/117mA,,,,,,
51.417,HR,123,12162527,13394916,11135679,12260175,-71,240,-447,g5/117mA/117mA g5/117mA/117mA g4/117mA/117mA g4/117mA/117mA,,,,,,
51.417,HR,124,12141949,13366156,11122106,12236945,-74,240,-447,g5/117mA/117mA g5/117mA/117mA g4/117mA/117mA g4/117mA/117mA,,,,,,
51.417,HR,125,12127154,13343465,11111126,12218005,-74,240,-447,g5/117mA/117mA g5/117mA/117mA g4/117mA/117mA g4/117mA/117mA,,,,,,
51.503,HR,126,12120451,13328466,11106058,12205199,-71,240,-447,g5/117mA/117mA g5/117mA/117mA g4/117mA/117mA g4/117mA/117mA,,,,,,
51.503,HR,127,12118316,13317538,11103901,12195328,-70,241,-447,g5/117mA/117mA g5/117mA/117mA g4/117mA/117mA g4/117mA/117mA,,,,,,
51.503,HR,128,12116210,13308503,11103242,12188546,-71,241,-447,g5/117mA/117mA g5/117mA/117mA g4/117mA/117mA g4/117mA/117mA,,,,,,
51.504,HR,129,12116995,13301833,11103371,12183343,-72,241,-447,g5/117mA/117mA g5/117mA/117mA g4/117mA/117mA g4/117mA/117mA,,,,,,
51.504,HR,130,12118087,13297473,11104719,12180160,-72,241,-447,g5/117mA/117mA g5/117mA/117mA g4/117mA/117mA g4/117mA/117mA,,,,,,
51.504,HR,131,12118369,13292524,11104326,12175979,-71,242,-447,g5/117mA/117mA g5/117mA/117mA g4/117mA/117mA g4/117mA/117mA,,,,,,
51.532,HR,132,12116840,13286270,11103107,12170921,-71,242,-447,g5/117mA/117mA g5/117mA/117mA g4/117mA/117mA g4/117mA/117mA,,,,,,
51.535,HRV,99,12151999,13365594,11113514,12234761,-72,241,-447,g5/117mA/117mA g5/117mA/117mA g4/117mA/117mA g4/117mA/117mA,,,,,,
51.535,HRV,100,12150684,13361593,11111748,12231127,-71,241,-447,g5/117mA/117mA g5/117mA/117mA g4/117mA/117mA g4/117mA/117mA,,,,,,
51.535,HRV,101,12149217,13358241,11110698,12228224,-71,241,-447,g5/117mA/117mA g5/117mA/117mA g4/117mA/117mA g4/117mA/117mA,,,,,,
51.535,HRV,102,12149217,13357062,11110529,12226722,-71,242,-447,g5/117mA/117mA g5/117mA/117mA g4/117mA/117mA g4/117mA/117mA,,,,,,
51.535,HRV,103,12147333,13354528,11109018,12223712,-71,242,-447,g5/117mA/117mA g5/117mA/117mA g4/117mA/117mA g4/117mA/117mA,,,,,,
51.595,HRV,104,12143270,13350288,11106349,12218534,-71,242,-447,g5/117mA/117mA g5/117mA/117mA g4/117mA/117mA g4/117mA/117mA,,,,,,
51.595,HRV,105,12139527,13344914,11103540,12213696,-71,242,-447,g5/117mA/117mA g5/117mA/117mA g4/117mA/117mA g4/117mA/117mA,,,,,,
51.596,HRV,106,12137026,13341886,11102160,12210480,-71,241,-447,g5/117mA/117mA g5/117mA/117mA g4/117mA/117mA g4/117mA/117mA,,,,,,
51.596,HRV,107,12136557,13340973,11102323,12209389,-71,241,-447,g5/117mA/117mA g5/117mA/117mA g4/117mA/117mA g4/117mA/117mA,,,,,,
51.596,HRV,108,12137343,13343515,11103781,12210300,-71,241,-447,g5/117mA/117mA g5/117mA/117mA g4/117mA/117mA g4/117mA/117mA,,,,,,
51.596,HRV,109,12138996,13347456,11105760,12213193,-71,241,-447,g5/117mA/117mA g5/117mA/117mA g4/117mA/117mA g4/117mA/117mA,,,,,,
51.681,HRV,110,12142315,13352405,11108242,12216061,-71,242,-447,g5/117mA/117mA g5/117mA/117mA g4/117mA/117mA g4/117mA/117mA,,,,,,
51.681,HRV,111,12144636,13358173,11110750,12220230,-71,242,-447,g5/117mA/117mA g5/117mA/117mA g4/117mA/117mA g4/117mA/117mA,,,,,,
51.681,HRV,112,12147264,13362369,11113199,12223482,-71,241,-447,g5/117mA/117mA g5/117mA/117mA g4/117mA/117mA g4/117mA/117mA,,,,,,
51.681,HRV,113,12148671,13365670,11115578,12227713,-71,241,-447,g5/117mA/117mA g5/117mA/117mA g4/117mA/117mA g4/117mA/117mA,,,,,,
51.681,HRV,114,12150198,13369255,11118028,12231177,-70,241,-447,g5/117mA/117mA g5/117mA/117mA g4/117mA/117mA g4/117mA/117mA,,,,,,
51.681,HRV,115,12153057,13372760,11120834,12234504,-69,241,-447,g5/117mA/117mA g5/117mA/117mA g4/117mA/117mA g4/117mA/117mA,,,,,,
51.716,HRV,116,12156101,13376736,11123863,12238343,-69,242,-448,g5/117mA/117mA g5/117mA/117mA g4/117mA/117mA g4/117mA/117mA,,,,,,
51.716,HRV,117,12159770,13381259,11127115,12242687,-70,241,-448,g5/117mA/117mA g5/117mA/117mA g4/117mA/117mA g4/117mA/117mA,,,,,,
51.716,HRV,118,12162799,13385139,11130483,12247831,-72,240,-448,g5/117mA/117mA g5/117mA/117mA g4/117mA/117mA g4/117mA/117mA,,,,,,
51.716,HRV,119,12164539,13390028,11132488,12253058,-72,240,-447,g5/117mA/117mA g5/117mA/117mA g4/117mA/117mA g4/117mA/117mA,,,,,,
51.716,HRV,120,12167158,13396024,11135294,12258382,-71,241,-447,g5/117mA/117mA g5/117mA/117mA g4/117mA/117mA g4/117mA/117mA,,,,,,
51.741,HRV,121,12171030,13400716,11139074,12262972,-70,241,-447,g5/117mA/117mA g5/117mA/117mA g4/117mA/117mA g4/117mA/117mA,801,801,0,0,30,2
51.741,HRV,122,12174069,13405239,11142565,12267426,-69,240,-447,g5/117mA/117mA g5/117mA/117mA g4/117mA/117mA g4/117mA/117mA,,,,,,
51.741,HRV,123,12162527,13394916,11135679,12260175,-71,240,-447,g5/117mA/117mA g5/117mA/117mA g4/117mA/117mA g4/117mA/117mA,,,,,,
51.741,HRV,124,12141949,13366156,11122106,12236945,-74,240,-447,g5/117mA/117mA g5/117mA/117mA g4/117mA/117mA g4/117mA/117mA,,,,,,
51.836,HRV,125,12127154,13343465,11111126,12218005,-74,240,-447,g5/117mA/117mA g5/117mA/117mA g4/117mA/117mA g4/117mA/117mA,,,,,,
51.836,HRV,126,12120451,13328466,11106058,12205199,-71,240,-447,g5/117mA/117mA g5/117mA/117mA g4/117mA/117mA g4/117mA/117mA,,,,,,
51.836,HRV,127,12118316,13317538,11103901,12195328,-70,241,-447,g5/117mA/117mA g5/117mA/117mA g4/117mA/117mA g4/117mA/117mA,,,,,,
51.836,HRV,128,12116210,13308503,11103242,12188546,-71,241,-447,g5/117mA/117mA g5/117mA/117mA g4/117mA/117mA g4/117mA/117mA,,,,,,
51.836,HRV,129,12116995,13301833,11103371,12183343,-72,241,-447,g5/117mA/117mA g5/117mA/117mA g4/117mA/117mA g4/117mA/117mA,,,,,,
51.836,HRV,130,12118087,13297473,11104719,12180160,-72,241,-447,g5/117mA/117mA g5/117mA/117mA g4/117mA/117mA g4/117mA/117mA,,,,,,
51.837,HRV,131,12118369,13292524,11104326,12175979,-71,242,-447,g5/117mA/117mA g5/117mA/117mA g4/117mA/117mA g4/117mA/117mA,,,,,,
51.837,HRV,132,12116840,13286270,11103107,12170921,-71,242,-447,g5/117mA/117mA g5/117mA/117mA g4/117mA/117mA g4/117mA/117mA,,,,,,
52.44,HR,133,12115740,13281085,11101980,12166408,-73,241,-447,g5/117mA/117mA g5/117mA/117mA g4/117mA/117mA g4/117mA/117mA,,,,,,
52.44,HR,134,12116747,13279463,11102382,12165580,-75,241,-447,g5/117mA/117mA g5/117mA/117mA g4/117mA/117mA g4/117mA/117mA,,,,,,
52.44,HR,135,12117721,13280411,11104530,12167072,-75,241,-447,g5/117mA/117mA g5/117mA/117mA g4/117mA/117mA g4/117mA/117mA,,,,,,
52.44,HR,136,12120611,13284855,11106853,12171425,-74,240,-447,g5/117mA/117mA g5/117mA/117mA g4/117mA/117mA g4/117mA/117mA,,,,,,
52.44,HR,137,12123453,13290691,11109429,12177165,-74,240,-447,g5/117mA/117mA g5/117mA/117mA g4/117mA/117mA g4/117mA/117mA,,,,,,
52.522,HR,138,12126397,13296987,11112534,12182308,-73,240,-447,g5/117mA/117mA g5/117mA/117mA g4/117mA/117mA g4/117mA/117mA,,,,,,
52.522,HR,139,12130884,13302481,11116150,12187855,-73,241,-447,g5/117mA/117mA g5/117mA/117mA g4/117mA/117mA g4/117mA/117mA,,,,,,
52.522,HR,140,12134960,13308222,11119043,12192522,-73,241,-447,g5/117mA/117mA g5/117mA/117mA g4/117mA/117mA g4/117mA/117mA,,,,,,
52.522,HR,141,12138297,13313529,11121979,12197110,-71,243,-447,g5/117mA/117mA g5/117mA/117mA g4/117mA/117mA g4/117mA/117mA,,,,,,
52.522,HR,142,12142392,13317103,11125297,12200652,-71,243,-447,g5/117mA/117mA g5/117mA/117mA g4/117mA/117mA g4/117mA/117mA,,,,,,
52.522,HR,143,12146171,13321026,11129171,12204047,-72,241,-447,g5/117mA/117mA g5/117mA/117mA g4/117mA/117mA g4/117mA/117mA,,,,,,
52.615,HR,144,12150897,13325600,11133121,12207426,-72,241,-447,g5/117mA/117mA g5/117mA/117mA g4/117mA/117mA g4/117mA/117mA,,,,,,
52.615,HR,145,12155940,13330752,11137486,12211478,-71,241,-447,g5/117mA/117mA g5/117mA/117mA g4/117mA/117mA g4/117mA/117mA,,,,,,
52.615,HR,146,12163047,13335436,11142769,12215573,-70,242,-447,g5/117mA/117mA g5/117mA/117mA g4/117mA/117mA g4/117mA/117mA,53,100,0,1,0,0
52.615,HR,147,12170792,13339386,11149150,12220411,-72,240,-447,g5/117mA/117mA g5/117mA/117mA g4/117mA/117mA g4/117mA/117mA,,,,,,
52.615,HR,148,12179256,13345231,11155985,12225299,-72,240,-447,g5/117mA/117mA g5/117mA/117mA g4/117mA/117mA g4/117mA/117mA,,,,,,
52.677,HR,149,12187188,13351451,11162221,12230555,-71,239,-448,g5/117mA/117mA g5/117mA/117mA g4/117mA/117mA g4/117mA/117mA,,,,,,
52.678,HR,150,12195592,13356430,11168729,12236399,-71,238,-448,g5/117mA/117mA g5/117mA/117mA g4/117mA/117mA g4/117mA/117mA,,,,,,
52.678,HR,151,12202384,13361472,11174393,12241482,-71,240,-448,g5/117mA/117mA g5/117mA/117mA g4/117mA/117mA g4/117mA/117mA,,,,,,
52.678,HR,152,12190423,13346391,11168192,12230750,-72,238,-448,g5/117mA/117mA g5/117mA/117mA g4/117mA/117mA g4/117mA/117mA,,,,,,
52.678,HR,153,12172363,13317965,11157314,12206222,-73,236,-449,g5/117mA/117mA g5/117mA/117mA g4/117mA/117mA g4/117mA/117mA,,,,,,
52.678,HR,154,12160486,13295382,11149790,12185373,-73,237,-448,g5/117mA/117mA g5/117mA/117mA g4/117mA/117mA g4/117mA/117mA,,,,,,
52.701,HR,155,12156528,13282244,11147826,12171741,-72,238,-448,g5/117mA/117mA g5/117mA/117mA g4/117mA/117mA g4/117mA/117mA,,,,,,
52.701,HR,156,12155487,13274123,11147860,12162825,-72,239,-448,g5/117mA/117mA g5/117mA/117mA g4/117mA/117mA g4/117mA/117mA,,,,,,
52.701,HR,157,12155546,13268235,11148459,12154967,-72,239,-448,g5/117mA/117mA g5/117mA/117mA g4/117mA/117mA g4/117mA/117mA,,,,,,
52.701,HR,158,12156894,13263894,11150028,12147860,-70,238,-448,g5/117mA/117mA g5/117mA/117mA g4/117mA/117mA g4/117mA/117mA,,,,,,
52.701,HR,159,12159820,13261011,11152400,12141642,-67,239,-448,g5/117mA/117mA g5/117mA/117mA g4/117mA/117mA g4/117mA/117mA,,,,,,
52.737,HR,160,12161100,13258817,11153714,12135124,-63,241,-447,g5/117mA/117mA g5/117mA/117mA g4/117mA/117mA g4/117mA/117mA,,,,,,
52.737,HR,161,12160291,13256888,11153748,12129041,-74,233,-449,g5/117mA/117mA g5/117mA/117mA g4/117mA/117mA g4/117mA/117mA,,,,,,
52.737,HR,162,12159813,13254193,11153731,12125031,-78,237,-448,g5/117mA/117mA g5/117mA/117mA g4/117mA/117mA g4/117mA/117mA,,,,,,
52.737,HR,163,12160129,13253417,11154125,12122967,-77,242,-446,g5/117mA/117mA g5/117mA/117mA g4/117mA/117mA g4/117mA/117mA,,,,,,
52.737,HR,164,12162670,13253801,11155146,12121754,-74,237,-448,g5/117mA/117mA g5/117mA/117mA g4/117mA/117mA g4/117mA/117mA,,,,,,
52.737,HR,165,12166177,13255610,11157494,12121634,-73,237,-449,g5/117mA/117mA g5/117mA/117mA g4/117mA/117mA g4/117mA/117mA,,,,,,
52.737,HR,166,12170050,13258699,11161111,12123316,-73,237,-448,g5/117mA/117mA g5/117mA/117mA g4/117mA/117mA g4/117mA/117mA,,,,,,
52.763,HRV,133,12115740,13281085,11101980,12166408,-73,241,-447,g5/117mA/117mA g5/117mA/117mA g4/117mA/117mA g4/117mA/117mA,,,,,,
52.763,HRV,134,12116747,13279463,11102382,12165580,-75,241,-447,g5/117mA/117mA g5/117mA/117mA g4/117mA/117mA g4/117mA/117mA,,,,,,
52.763,HRV,135,12117721,13280411,11104530,12167072,-75,241,-447,g5/117mA/117mA g5/117mA/117mA g4/117mA/117mA g4/117mA/117mA,,,,,,
52.764,HRV,136,12120611,13284855,11106853,12171425,-74,240,-447,g5/117mA/117mA g5/117mA/117mA g4/117mA/117mA g4/117mA/117mA,,,,,,
52.764,HRV,137,12123453,13290691,11109429,12177165,-74,240,-447,g5/117mA/117mA g5/117mA/117mA g4/117mA/117mA g4/117mA/117mA,,,,,,
52.822,HRV,138,12126397,13296987,11112534,12182308,-73,240,-447,g5/117mA/117mA g5/117mA/117mA g4/117mA/117mA g4/117mA/117mA,,,,,,
52.822,HRV,139,12130884,13302481,11116150,12187855,-73,241,-447,g5/117mA/117mA g5/117mA/117mA g4/117mA/117mA g4/117mA/117mA,,,,,,
52.822,HRV,140,12134960,13308222,11119043,12192522,-73,241,-447,g5/117mA/117mA g5/117mA/117mA g4/117mA/117mA g4/117mA/117mA,,,,,,
52.822,HRV,141,12138297,13313529,11121979,12197110,-71,243,-447,g5/117mA/117mA g5/117mA/117mA g4/117mA/117mA g4/117mA/117mA,,,,,,
52.822,HRV,142,12142392,13317103,11125297,12200652,-71,243,-447,g5/117mA/117mA g5/117mA/117mA g4/117mA/117mA g4/117mA/117mA,,,,,,
52.822,HRV,143,12146171,13321026,11129171,12204047,-72,241,-447,g5/117mA/117mA g5/117mA/117mA g4/117mA/117mA g4/117mA/117mA,,,,,,
52.912,HRV,144,12150897,13325600,11133121,12207426,-72,241,-447,g5/117mA/117mA g5/117mA/117mA g4/117mA/117mA g4/117mA/117mA,,,,,,
52.912,HRV,145,12155940,13330752,11137486,12211478,-71,241,-447,g5/117mA/117mA g5/117mA/117mA g4/117mA/117mA g4/117mA/117mA,,,,,,
52.912,HRV,146,12163047,13335436,11142769,12215573,-70,242,-447,g5/117mA/117mA g5/117mA/117mA g4/117mA/117mA g4/117mA/117mA,840,810,0,0,30,2
52.912,HRV,147,12170792,13339386,11149150,12220411,-72,240,-447,g5/117mA/117mA g5/117mA/117mA g4/117mA/117mA g4/117mA/117mA,,,,,,
52.917,HRV,148,12179256,13345231,11155985,12225299,-72,240,-447,g5/117mA/117mA g5/117mA/117mA g4/117mA/117mA g4/117mA/117mA,,,,,,
52.917,HRV,149,12187188,13351451,11162221,12230555,-71,239,-448,g5/117mA/117mA g5/117mA/117mA g4/117mA/117mA g4/117mA/117mA,,,,,,
52.917,HRV,150,12195592,13356430,11168729,12236399,-71,238,-448,g5/117mA/117mA g5/117mA/117mA g4/117mA/117mA g4/117mA/117mA,,,,,,
52.917,HRV,151,12202384,13361472,11174393,12241482,-71,240,-448,g5/117mA/117mA g5/117mA/117mA g4/117mA/117mA g4/117mA/117mA,,,,,,
52.917,HRV,152,12190423,13346391,11168192,12230750,-72,238,-448,g5/117mA/117mA g5/117mA/117mA g4/117mA/117mA g4/117mA/117mA,,,,,,
52.917,HRV,153,12172363,13317965,11157314,12206222,-73,236,-449,g5/117mA/117mA g5/117mA/117mA g4/117mA/117mA g4/117mA/117mA,,,,,,
52.971,HRV,154,12160486,13295382,11149790,12185373,-73,237,-448,g5/117mA/117mA g5/117mA/117mA g4/117mA/117mA g4/117mA/117mA,,,,,,
52.971,HRV,155,12156528,13282244,11147826,12171741,-72,238,-448,g5/117mA/117mA g5/117mA/117mA g4/117mA/117mA g4/117mA/117mA,,,,,,
52.971,HRV,156,12155487,13274123,11147860,12162825,-72,239,-448,g5/117mA/117mA g5/117mA/117mA g4/117mA/117mA g4/117mA/117mA,,,,,,
52.971,HRV,157,12155546,13268235,11148459,12154967,-72,239,-448,g5/117mA/117mA g5/117mA/117mA g4/117mA/117mA g4/117mA/117mA,,,,,,
52.971,HRV,158,12156894,13263894,11150028,12147860,-70,238,-448,g5/117mA/117mA g5/117mA/117mA g4/117mA/117mA g4/117mA/117mA,,,,,,
53.034,HRV,159,12159820,13261011,11152400,12141642,-67,239,-448,g5/117mA/117mA g5/117mA/117mA g4/117mA/117mA g4/117mA/117mA,,,,,,
53.034,HRV,160,12161100,13258817,11153714,12135124,-63,241,-447,g5/117mA/117mA g5/117mA/117mA g4/117mA/117mA g4/117mA/117mA,,,,,,
53.034,HRV,161,12160291,13256888,11153748,12129041,-74,233,-449,g5/117mA/117mA g5/117mA/117mA g4/117mA/117mA g4/117mA/117mA,,,,,,
53.034,HRV,162,12159813,13254193,11153731,12125031,-78,237,-448,g5/117mA/117mA g5/117mA/117mA g4/117mA/117mA g4/117mA/117mA,,,,,,
53.034,HRV,163,12160129,13253417,11154125,12122967,-77,242,-446,g5/117mA/117mA g5/117mA/117mA g4/117mA/117mA g4/117mA/117mA,,,,,,
53.034,HRV,164,12162670,13253801,11155146,12121754,-74,237,-448,g5/117mA/117mA g5/117mA/117mA g4/117mA/117mA g4/117mA/117mA,,,,,,
53.037,HRV,165,12166177,13255610,11157494,12121634,-73,237,-449,g5/117mA/117mA g5/117mA/117mA g4/117mA/117mA g4/117mA/117mA,,,,,,
53.037,HRV,166,12170050,13258699,11161111,12123316,-73,237,-448,g5/117mA/117mA g5/117mA/117mA g4/117mA/117mA g4/117mA/117mA,,,,,,
54.179,HR,167,12173669,13263482,11163328,12126705,-73,238,-449,g5/117mA/117mA g5/117mA/117mA g4/117mA/117mA g4/117mA/117mA,,,,,,
54.179,HR,168,12176176,13268448,11164514,12130764,-72,239,-449,g5/117mA/117mA g5/117mA/117mA g4/117mA/117mA g4/117mA/117mA,,,,,,
54.179,HR,169,12179050,13271732,11165128,12134884,-70,240,-449,g5/117mA/117mA g5/117mA/117mA g4/117mA/117mA g4/117mA/117mA,,,,,,
54.179,HR,170,12182089,13275214,11166272,12138903,-70,241,-450,g5/117mA/117mA g5/117mA/117mA g4/117mA/117mA g4/117mA/117mA,,,,,,
54.18,HR,171,12185407,13279643,11167741,12143484,-73,239,-448,g5/117mA/117mA g5/117mA/117mA g4/117mA/117mA g4/117mA/117mA,53,100,0,1,0,0
54.202,HR,172,12188248,13285171,11168439,12149611,-74,239,-447,g5/117mA/117mA g5/117mA/117mA g4/117mA/117mA g4/117mA/117mA,,,,,,
54.202,HR,173,12190576,13291117,11167757,12156537,-69,240,-448,g5/117mA/117mA g5/117mA/117mA g4/117mA/117mA g4/117mA/117mA,,,,,,
54.202,HR,174,12193256,13297533,11167142,12164112,-66,242,-449,g5/117mA/117mA g5/117mA/117mA g4/117mA/117mA g4/117mA/117mA,,,,,,
54.202,HR,175,12196549,13303742,11167286,12172600,-86,238,-449,g5/117mA/117mA g5/117mA/117mA g4/117mA/117mA g4/117mA/117mA,,,,,,
54.202,HR,176,12200327,13311941,11166484,12182481,-88,236,-449,g5/117mA/117mA g5/117mA/117mA g4/117mA/117mA g4/117mA/117mA,,,,,,
54.202,HR,177,12203861,13320729,11166025,12194049,-79,237,-447,g5/117mA/117mA g5/117mA/117mA g4/117mA/117mA g4/117mA/117mA,,,,,,
54.325,HR,178,12209227,13331409,11165282,12206539,-67,242,-444,g5/117mA/117mA g5/117mA/117mA g4/117mA/117mA g4/117mA/117mA,,,,,,
54.325,HR,179,12213995,13342399,11164190,12219600,-73,238,-448,g5/117mA/117mA g5/117mA/117mA g4/117mA/117mA g4/117mA/117mA,,,,,,
54.325,HR,180,12218618,13354282,11162041,12232567,-77,234,-450,g5/117mA/117mA g5/117mA/117mA g4/117mA/117mA g4/117mA/117mA,,,,,,
54.325,HR,181,12207639,13352891,11150088,12234079,-77,232,-450,g5/117mA/117mA g5/117mA/117mA g4/117mA/117mA g4/117mA/117mA,,,,,,
54.325,HR,182,12189827,13336834,11131720,12221638,-73,232,-450,g5/117mA/117mA g5/117mA/117mA g4/117mA/117mA g4/117mA/117mA,,,,,,
54.357,HR,183,12179477,13327356,11116707,12213218,-88,229,-451,g5/117mA/117mA g5/117mA/117mA g4/117mA/117mA g4/117mA/117mA,,,,,,
54.357,HR,184,12176705,13328670,11106681,12211589,-81,226,-453,g5/117mA/117mA g5/117mA/117mA g4/117mA/117mA g4/117mA/117mA,,,,,,
54.357,HR,185,12177686,13335094,11099924,12214054,-68,230,-451,g5/117mA/117mA g5/117mA/117mA g4/117mA/117mA g4/117mA/117mA,,,,,,
54.357,HR,186,12179307,13341187,11094276,12216503,-63,249,-443,g5/117mA/117mA g5/117mA/117mA g4/117mA/117mA g4/117mA/117mA,,,,,,
54.357,HR,187,12180809,13345742,11091196,12218054,-53,246,-449,g5/117mA/117mA g5/117mA/117mA g4/117mA/117mA g4/117mA/117mA,,,,,,
54.357,HR,188,12182037,13344914,11091376,12215539,-61,245,-448,g5/117mA/117mA g5/117mA/117mA g4/117mA/117mA g4/117mA/117mA,,,,,,
54.382,HR,189,12175605,13334106,11088741,12203791,-75,247,-442,g5/117mA/117mA g5/117mA/117mA g4/117mA/117mA g4/117mA/117mA,,,,,,
54.382,HR,190,12160854,13312455,11082043,12190328,-67,258,-440,g5/117mA/117mA g5/117mA/117mA g4/117mA/117mA g4/117mA/117mA,,,,,,
54.382,HR,191,12142630,13291594,11071797,12180560,-81,240,-453,g5/117mA/117mA g5/117mA/117mA g4/117mA/117mA g4/117mA/117mA,,,,,,
54.382,HR,192,12126506,13276247,11057763,12174709,-87,231,-459,g5/117mA/117mA g5/117mA/117mA g4/117mA/117mA g4/117mA/117mA,,,,,,
54.382,HR,193,12107728,13249903,11043815,12156247,-84,235,-456,g5/117mA/117mA g5/117mA/117mA g4/117mA/117mA g4/117mA/117mA,,,,,,
54.416,HR,194,12083960,13211495,11027205,12128468,-74,237,-448,g5/117mA/117mA g5/117mA/117mA g4/117mA/117mA g4/117mA/117mA,,,,,,
54.416,HR,195,12062402,13179725,11009492,12103182,-93,238,-444,g5/117mA/117mA g5/117mA/117mA g4/117mA/117mA g4/117mA/117mA,,,,,,
54.416,HR,196,12044426,13154786,10991279,12083508,-97,233,-448,g5/117mA/117mA g5/117mA/117mA g4/117mA/117mA g4/117mA/117mA,52,100,0,1,0,0
54.416,HR,197,12038559,13140974,10984546,12069926,-76,225,-458,g5/117mA/117mA g5/117mA/117mA g4/117mA/117mA g4/117mA/117mA,,,,,,
54.416,HR,198,12043899,13134150,10990537,12062345,-52,247,-450,g5/117mA/117mA g5/117mA/117mA g4/117mA/117mA g4/117mA/117mA,,,,,,
54.416,HR,199,12056064,13133535,11001363,12058983,-57,246,-450,g5/117mA/117mA g5/117mA/117mA g4/117mA/117mA g4/117mA/117mA,,,,,,
54.416,HR,200,12064845,13137810,11011012,12062575,-68,239,-451,g5/117mA/117mA g5/117mA/117mA g4/117mA/117mA g4/117mA/117mA,,,,,,
54.478,HRV,167,12173669,13263482,11163328,12126705,-73,238,-449,g5/117mA/117mA g5/117mA/117mA g4/117mA/117mA g4/117mA/117mA,,,,,,
54.478,HRV,168,12176176,13268448,11164514,12130764,-72,239,-449,g5/117mA/117mA g5/117mA/117mA g4/117mA/117mA g4/117mA/117mA,,,,,,
54.478,HRV,169,12179050,13271732,11165128,12134884,-70,240,-449,g5/117mA/117mA g5/117mA/117mA g4/117mA/117mA g4/117mA/117mA,,,,,,
54.478,HRV,170,12182089,13275214,11166272,12138903,-70,241,-450,g5/117mA/117mA g5/117mA/117mA g4/117mA/117mA g4/117mA/117mA,,,,,,
54.479,HRV,171,12185407,13279643,11167741,12143484,-73,239,-448,g5/117mA/117mA g5/117mA/117mA g4/117mA/117mA g4/117mA/117mA,878,0,0,0,30,1
54.479,HRV,172,12188248,13285171,11168439,12149611,-74,239,-447,g5/117mA/117mA g5/117mA/117mA g4/117mA/117mA g4/117mA/117mA,,,,,,
54.479,HRV,173,12190576,13291117,11167757,12156537,-69,240,-448,g5/117mA/117mA g5/117mA/117mA g4/117mA/117mA g4/117mA/117mA,,,,,,
54.479,HRV,174,12193256,13297533,11167142,12164112,-66,242,-449,g5/117mA/117mA g5/117mA/117mA g4/117mA/117mA g4/117mA/117mA,,,,,,
54.479,HRV,175,12196549,13303742,11167286,12172600,-86,238,-449,g5/117mA/117mA g5/117mA/117mA g4/117mA/117mA g4/117mA/117mA,,,,,,
54.536,HRV,176,12200327,13311941,11166484,12182481,-88,236,-449,g5/117mA/117mA g5/117mA/117mA g4/117mA/117mA g4/117mA/117mA,,,,,,
54.536,HRV,177,12203861,13320729,11166025,12194049,-79,237,-447,g5/117mA/117mA g5/117mA/117mA g4/117mA/117mA g4/117mA/117mA,,,,,,
54.536,HRV,178,12209227,13331409,11165282,12206539,-67,242,-444,g5/117mA/117mA g5/117mA/117mA g4/117mA/117mA g4/117mA/117mA,,,,,,
54.536,HRV,179,12213995,13342399,11164190,12219600,-73,238,-448,g5/117mA/117mA g5/117mA/117mA g4/117mA/117mA g4/117mA/117mA,,,,,,
54.536,HRV,180,12218618,13354282,11162041,12232567,-77,234,-450,g5/117mA/117mA g5/117mA/117mA g4/117mA/117mA g4/117mA/117mA,,,,,,
54.599,HRV,181,12207639,13352891,11150088,12234079,-77,232,-450,g5/117mA/117mA g5/117mA/117mA g4/117mA/117mA g4/117mA/117mA,,,,,,
54.599,HRV,182,12189827,13336834,11131720,12221638,-73,232,-450,g5/117mA/117mA g5/117mA/117mA g4/117mA/117mA g4/117mA/117mA,,,,,,
54.599,HRV,183,12179477,13327356,11116707,12213218,-88,229,-451,g5/117mA/117mA g5/117mA/117mA g4/117mA/117mA g4/117mA/117mA,,,,,,
54.599,HRV,184,12176705,13328670,11106681,12211589,-81,226,-453,g5/117mA/117mA g5/117mA/117mA g4/117mA/117mA g4/117mA/117mA,,,,,,
54.599,HRV,185,12177686,13335094,11099924,12214054,-68,230,-451,g5/117mA/117mA g5/117mA/117mA g4/117mA/117mA g4/117mA/117mA,,,,,,
54.599,HRV,186,12179307,13341187,11094276,12216503,-63,249,-443,g5/117mA/117mA g5/117mA/117mA g4/117mA/117mA g4/117mA/117mA,,,,,,
54.599,HRV,187,12180809,13345742,11091196,12218054,-53,246,-449,g5/117mA/117mA g5/117mA/117mA g4/117mA/117mA g4/117mA/117mA,,,,,,
54.599,HRV,188,12182037,13344914,11091376,12215539,-61,245,-448,g5/117mA/117mA g5/117mA/117mA g4/117mA/117mA g4/117mA/117mA,,,,,,
54.599,HRV,189,12175605,13334106,11088741,12203791,-75,247,-442,g5/117mA/117mA g5/117mA/117mA g4/117mA/117mA g4/117mA/117mA,,,,,,
54.599,HRV,190,12160854,13312455,11082043,12190328,-67,258,-440,g5/117mA/117mA g5/117mA/117mA g4/117mA/117mA g4/117mA/117mA,,,,,,
54.599,HRV,191,12142630,13291594,11071797,12180560,-81,240,-453,g5/117mA/117mA g5/117mA/117mA g4/117mA/117mA g4/117mA/117mA,,,,,,
54.657,HRV,192,12126506,13276247,11057763,12174709,-87,231,-459,g5/117mA/117mA g5/117mA/117mA g4/117mA/117mA g4/117mA/117mA,,,,,,
54.657,HRV,193,12107728,13249903,11043815,12156247,-84,235,-456,g5/117mA/117mA g5/117mA/117mA g4/117mA/117mA g4/117mA/117mA,,,,,,
54.657,HRV,194,12083960,13211495,11027205,12128468,-74,237,-448,g5/117mA/117mA g5/117mA/117mA g4/117mA/117mA g4/117mA/117mA,,,,,,
54.657,HRV,195,12062402,13179725,11009492,12103182,-93,238,-444,g5/117mA/117mA g5/117mA/117mA g4/117mA/117mA g4/117mA/117mA,,,,,,
54.657,HRV,196,12044426,13154786,10991279,12083508,-97,233,-448,g5/117mA/117mA g5/117mA/117mA g4/117mA/117mA g4/117mA/117mA,834,824,0,0,30,2
54.715,HRV,197,12038559,13140974,10984546,12069926,-76,225,-458,g5/117mA/117mA g5/117mA/117mA g4/117mA/117mA g4/117mA/117mA,,,,,,
54.715,HRV,198,12043899,13134150,10990537,12062345,-52,247,-450,g5/117mA/117mA g5/117mA/117mA g4/117mA/117mA g4/117mA/117mA,,,,,,
54.715,HRV,199,12056064,13133535,11001363,12058983,-57,246,-450,g5/117mA/117mA g5/117mA/117mA g4/117mA/117mA g4/117mA/117mA,,,,,,
54.715,HRV,200,12064845,13137810,11011012,12062575,-68,239,-451,g5/117mA/117mA g5/117mA/117mA g4/117mA/117mA g4/117mA/117mA,,,,,,
55.316,HR,201,12067274,13147774,11018996,12075532,-69,237,-452,g5/117mA/117mA g5/117mA/117mA g4/117mA/117mA g4/117mA/117mA,,,,,,
55.316,HR,202,12067078,13160998,11021165,12090907,-69,236,-451,g5/117mA/117mA g5/117mA/117mA g4/117mA/117mA g4/117mA/117mA,,,,,,
55.316,HR,203,12036349,13142119,10996585,12077536,-69,236,-450,g5/117mA/117mA g5/117mA/117mA g4/117mA/117mA g4/117mA/117mA,,,,,,
55.316,HR,204,11982985,13078355,10952752,12020567,-70,236,-451,g5/117mA/117mA g5/117mA/117mA g4/117mA/117mA g4/117mA/117mA,,,,,,
55.317,HR,205,11954236,13027320,10928515,11977877,-70,236,-452,g5/117mA/117mA g5/117mA/117mA g4/117mA/117mA g4/117mA/117mA,,,,,,
55.378,HR,206,11945568,13001439,10924719,11958286,-59,238,-451,g5/117mA/117mA g5/117mA/117mA g4/117mA/117mA g4/117mA/117mA,,,,,,
55.378,HR,207,11948306,12994145,10930657,11956734,-46,241,-450,g5/117mA/117mA g5/117mA/117mA g4/117mA/117mA g4/117mA/117mA,,,,,,
55.378,HR,208,11959336,13004772,10941730,11964705,-51,240,-450,g5/117mA/117mA g5/117mA/117mA g4/117mA/117mA g4/117mA/117mA,,,,,,
55.378,HR,209,11972971,13022561,10953171,11978464,-69,237,-450,g5/117mA/117mA g5/117mA/117mA g4/117mA/117mA g4/117mA/117mA,,,,,,
55.378,HR,210,11980570,13041696,10961309,11993829,-76,236,-450,g5/117mA/117mA g5/117mA/117mA g4/117mA/117mA g4/117mA/117mA,,,,,,
55.378,HR,211,11983642,13053358,10966001,12004007,-74,237,-449,g5/117mA/117mA g5/117mA/117mA g4/117mA/117mA g4/117mA/117mA,,,,,,
55.378,HR,212,11984011,13060671,10967938,12010047,-74,237,-448,g5/117mA/117mA g5/117mA/117mA g4/117mA/117mA g4/117mA/117mA,,,,,,
55.378,HR,213,11987132,13069817,10969157,12014253,-77,236,-447,g5/117mA/117mA g5/117mA/117mA g4/117mA/117mA g4/117mA/117mA,,,,,,
55.378,HR,214,11993768,13082945,10971238,12021888,-83,232,-446,g5/117mA/117mA g5/117mA/117mA g4/117mA/117mA g4/117mA/117mA,,,,,,
55.378,HR,215,12000903,13100351,10972989,12034966,-96,221,-444,g5/117mA/117mA g5/117mA/117mA g4/117mA/117mA g4/117mA/117mA,,,,,,
55.378,HR,216,12012060,13119134,10977116,12048455,-103,213,-443,g5/117mA/117mA g5/117mA/117mA g4/117mA/117mA g4/117mA/117mA,,,,,,
55.437,HR,217,12024891,13138902,10982628,12063154,-70,225,-447,g5/117mA/117mA g5/117mA/117mA g4/117mA/117mA g4/117mA/117mA,,,,,,
55.437,HR,218,12038797,13160359,10988839,12077155,-37,237,-452,g5/117mA/117mA g5/117mA/117mA g4/117mA/117mA g4/117mA/117mA,,,,,,
55.437,HR,219,12051551,13182675,10994683,12092142,-50,220,-454,g5/117mA/117mA g5/117mA/117mA g4/117mA/117mA g4/117mA/117mA,,,,,,
55.437,HR,220,12064229,13204635,10999733,12108206,-64,204,-456,g5/117mA/117mA g5/117mA/117mA g4/117mA/117mA g4/117mA/117mA,,,,,,
55.437,HR,221,12074407,13223831,11002702,12124605,-72,217,-454,g5/117mA/117mA g5/117mA/117mA g4/117mA/117mA g4/117mA/117mA,52,100,0,1,0,0
55.528,HR,222,12084619,13238828,11006577,12139764,-79,234,-451,g5/117mA/117mA g5/117mA/117mA g4/117mA/117mA g4/117mA/117mA,,,,,,
55.528,HR,223,12092425,13251651,11010900,12150233,-65,242,-452,g5/117mA/117mA g5/117mA/117mA g4/117mA/117mA g4/117mA/117mA,,,,,,
55.528,HR,224,12102772,13266734,11019586,12160000,-43,246,-455,g5/117mA/117mA g5/117mA/117mA g4/117mA/117mA g4/117mA/117mA,,,,,,
55.528,HR,225,12108113,13268986,11027445,12158866,-28,265,-446,g5/117mA/117mA g5/117mA/117mA g4/117mA/117mA g4/117mA/117mA,,,,,,
55.528,HR,226,12085191,13248059,11015439,12137137,-17,293,-431,g5/117mA/117mA g5/117mA/117mA g4/117mA/117mA g4/117mA/117mA,,,,,,
55.558,HR,227,12067948,13236219,11002653,12133912,-22,296,-426,g5/117mA/117mA g5/117mA/117mA g4/117mA/117mA g4/117mA/117mA,,,,,,
55.558,HR,228,12028132,13161211,10972247,12084908,-43,273,-430,g5/117mA/117mA g5/117mA/117mA g4/117mA/117mA g4/117mA/117mA,,,,,,
55.558,HR,229,11957453,13046558,10942616,12012478,-64,245,-440,g5/117mA/117mA g5/117mA/117mA g4/117mA/117mA g4/117mA/117mA,,,,,,
55.558,HR,230,11894799,12958389,10911351,11933614,-86,208,-462,g5/117mA/117mA g5/117mA/117mA g4/117mA/117mA g4/117mA/117mA,,,,,,
55.558,HR,231,11846570,12909105,10877789,11879074,-104,186,-474,g5/117mA/117mA g5/117mA/117mA g4/117mA/117mA g4/117mA/117mA,,,,,,
55.558,HR,232,11824347,12883732,10863268,11861194,-108,206,-460,g5/117mA/117mA g5/117mA/117mA g4/117mA/117mA g4/117mA/117mA,,,,,,
55.559,HR,233,11817147,12865091,10861280,11858250,-109,226,-448,g5/117mA/117mA g5/117mA/117mA g4/117mA/117mA g4/117mA/117mA,,,,,,
55.559,HR,234,11831625,12857660,10870503,11855980,-93,235,-445,g5/117mA/117mA g5/117mA/117mA g4/117mA/117mA g4/117mA/117mA,,,,,,
55.679,HRV,201,12067274,13147774,11018996,12075532,-69,237,-452,g5/117mA/117mA g5/117mA/117mA g4/117mA/117mA g4/117mA/117mA,,,,,,
55.679,HRV,202,12067078,13160998,11021165,12090907,-69,236,-451,g5/117mA/117mA g5/117mA/117mA g4/117mA/117mA g4/117mA/117mA,,,,,,
55.679,HRV,203,12036349,13142119,10996585,12077536,-69,236,-450,g5/117mA/117mA g5/117mA/117mA g4/117mA/117mA g4/117mA/117mA,,,,,,
55.679,HRV,204,11982985,13078355,10952752,12020567,-70,236,-451,g5/117mA/117mA g5/117mA/117mA g4/117mA/117mA g4/117mA/117mA,,,,,,
55.679,HRV,205,11954236,13027320,10928515,11977877,-70,236,-452,g5/117mA/117mA g5/117mA/117mA g4/117mA/117mA g4/117mA/117mA,,,,,,
55.68,HRV,206,11945568,13001439,10924719,11958286,-59,238,-451,g5/117mA/117mA g5/117mA/117mA g4/117mA/117mA g4/117mA/117mA,,,,,,
55.68,HRV,207,11948306,12994145,10930657,11956734,-46,241,-450,g5/117mA/117mA g5/117mA/117mA g4/117mA/117mA g4/117mA/117mA,,,,,,
55.68,HRV,208,11959336,13004772,10941730,11964705,-51,240,-450,g5/117mA/117mA g5/117mA/117mA g4/117mA/117mA g4/117mA/117mA,,,,,,
55.68,HRV,209,11972971,13022561,10953171,11978464,-69,237,-450,g5/117mA/117mA g5/117mA/117mA g4/117mA/117mA g4/117mA/117mA,,,,,,
55.68,HRV,210,11980570,13041696,10961309,11993829,-76,236,-450,g5/117mA/117mA g5/117mA/117mA g4/117mA/117mA g4/117mA/117mA,,,,,,
55.68,HRV,211,11983642,13053358,10966001,12004007,-74,237,-449,g5/117mA/117mA g5/117mA/117mA g4/117mA/117mA g4/117mA/117mA,,,,,,
55.733,HRV,212,11984011,13060671,10967938,12010047,-74,237,-448,g5/117mA/117mA g5/117mA/117mA g4/117mA/117mA g4/117mA/117mA,,,,,,
55.733,HRV,213,11987132,13069817,10969157,12014253,-77,236,-447,g5/117mA/117mA g5/117mA/117mA g4/117mA/117mA g4/117mA/117mA,,,,,,
55.733,HRV,214,11993768,13082945,10971238,12021888,-83,232,-446,g5/117mA/117mA g5/117mA/117mA g4/117mA/117mA g4/117mA/117mA,,,,,,
55.733,HRV,215,12000903,13100351,10972989,12034966,-96,221,-444,g5/117mA/117mA g5/117mA/117mA g4/117mA/117mA g4/117mA/117mA,,,,,,
55.733,HRV,216,12012060,13119134,10977116,12048455,-103,213,-443,g5/117mA/117mA g5/117mA/117mA g4/117mA/117mA g4/117mA/117mA,,,,,,
55.736,HRV,217,12024891,13138902,10982628,12063154,-70,225,-447,g5/117mA/117mA g5/117mA/117mA g4/117mA/117mA g4/117mA/117mA,,,,,,
55.736,HRV,218,12038797,13160359,10988839,12077155,-37,237,-452,g5/117mA/117mA g5/117mA/117mA g4/117mA/117mA g4/117mA/117mA,,,,,,
55.737,HRV,219,12051551,13182675,10994683,12092142,-50,220,-454,g5/117mA/117mA g5/117mA/117mA g4/117mA/117mA g4/117mA/117mA,,,,,,
55.737,HRV,220,12064229,13204635,10999733,12108206,-64,204,-456,g5/117mA/117mA g5/117mA/117mA g4/117mA/117mA g4/117mA/117mA,,,,,,
55.737,HRV,221,12074407,13223831,11002702,12124605,-72,217,-454,g5/117mA/117mA g5/117mA/117mA g4/117mA/117mA g4/117mA/117mA,807,766,0,0,30,2
55.793,HRV,222,12084619,13238828,11006577,12139764,-79,234,-451,g5/117mA/117mA g5/117mA/117mA g4/117mA/117mA g4/117mA/117mA,,,,,,
55.793,HRV,223,12092425,13251651,11010900,12150233,-65,242,-452,g5/117mA/117mA g5/117mA/117mA g4/117mA/117mA g4/117mA/117mA,,,,,,
55.793,HRV,224,12102772,13266734,11019586,12160000,-43,246,-455,g5/117mA/117mA g5/117mA/117mA g4/117mA/117mA g4/117mA/117mA,,,,,,
55.793,HRV,225,12108113,13268986,11027445,12158866,-28,265,-446,g5/117mA/117mA g5/117mA/117mA g4/117mA/117mA g4/117mA/117mA,,,,,,
55.793,HRV,226,12085191,13248059,11015439,12137137,-17,293,-431,g5/117mA/117mA g5/117mA/117mA g4/117mA/117mA g4/117mA/117mA,,,,,,
55.797,HRV,227,12067948,13236219,11002653,12133912,-22,296,-426,g5/117mA/117mA g5/117mA/117mA g4/117mA/117mA g4/117mA/117mA,,,,,,
55.797,HRV,228,12028132,13161211,10972247,12084908,-43,273,-430,g5/117mA/117mA g5/117mA/117mA g4/117mA/117mA g4/117mA/117mA,,,,,,
55.797,HRV,229,11957453,13046558,10942616,12012478,-64,245,-440,g5/117mA/117mA g5/117mA/117mA g4/117mA/117mA g4/117mA/117mA,,,,,,
55.797,HRV,230,11894799,12958389,10911351,11933614,-86,208,-462,g5/117mA/117mA g5/117mA/117mA g4/117mA/117mA g4/117mA/117mA,,,,,,
55.797,HRV,231,11846570,12909105,10877789,11879074,-104,186,-474,g5/117mA/117mA g5/117mA/117mA g4/117mA/117mA g4/117mA/117mA,,,,,,
55.797,HRV,232,11824347,12883732,10863268,11861194,-108,206,-460,g5/117mA/117mA g5/117mA/117mA g4/117mA/117mA g4/117mA/117mA,,,,,,
55.914,HRV,233,11817147,12865091,10861280,11858250,-109,226,-448,g5/117mA/117mA g5/117mA/117mA g4/117mA/117mA g4/117mA/117mA,,,,,,
55.914,HRV,234,11831625,12857660,10870503,11855980,-93,235,-445,g5/117mA/117mA g5/117mA/117mA g4/117mA/117mA g4/117mA/117mA,,,,,,
56.579,HR,235,11854104,12864861,10887215,11861312,-63,241,-447,g5/117mA/117mA g5/117mA/117mA g4/117mA/117mA g4/117mA/117mA,,,,,,
56.579,HR,236,11884067,12892032,10910923,11877198,-68,243,-446,g5/117mA/117mA g5/117mA/117mA g4/117mA/117mA g4/117mA/117mA,,,,,,
56.579,HR,237,11913480,12926363,10932046,11897503,-79,236,-449,g5/117mA/117mA g5/117mA/117mA g4/117mA/117mA g4/117mA/117mA,,,,,,
56.579,HR,238,11930545,12947016,10945594,11912969,-85,230,-453,g5/117mA/117mA g5/117mA/117mA g4/117mA/117mA g4/117mA/117mA,,,,,,
56.579,HR,239,11939928,12956299,10953537,11921372,-72,238,-451,g5/117mA/117mA g5/117mA/117mA g4/117mA/117mA g4/117mA/117mA,,,,,,
56.601,HR,240,11947147,12964318,10959023,11927310,-66,245,-444,g5/117mA/117mA g5/117mA/117mA g4/117mA/117mA g4/117mA/117mA,,,,,,
56.601,HR,241,11955447,12974060,10964832,11934077,-74,234,-448,g5/117mA/117mA g5/117mA/117mA g4/117mA/117mA g4/117mA/117mA,,,,,,
56.601,HR,242,11966476,12986705,10973595,11942086,-84,218,-455,g5/117mA/117mA g5/117mA/117mA g4/117mA/117mA g4/117mA/117mA,,,,,,
56.601,HR,243,11979727,13003263,10983499,11953067,-60,243,-443,g5/117mA/117mA g5/117mA/117mA g4/117mA/117mA g4/117mA/117mA,,,,,,
56.601,HR,244,11994445,13021351,10993992,11965599,-73,234,-445,g5/117mA/117mA g5/117mA/117mA g4/117mA/117mA g4/117mA/117mA,,,,,,
56.601,HR,245,12008895,13040194,11004289,11979787,-80,230,-447,g5/117mA/117mA g5/117mA/117mA g4/117mA/117mA g4/117mA/117mA,,,,,,
56.636,HR,246,12023952,13060493,11014527,11993300,-79,236,-446,g5/117mA/117mA g5/117mA/117mA g4/117mA/117mA g4/117mA/117mA,52,100,0,1,0,0
56.636,HR,247,12033729,13080131,11020073,12005790,-100,237,-446,g5/117mA/117mA g5/117mA/117mA g4/117mA/117mA g4/117mA/117mA,,,,,,
56.636,HR,248,12041176,13096511,11024731,12020054,-84,241,-446,g5/117mA/117mA g5/117mA/117mA g4/117mA/117mA g4/117mA/117mA,,,,,,
56.636,HR,249,12046210,13110059,11027272,12029813,-69,239,-448,g5/117mA/117mA g5/117mA/117mA g4/117mA/117mA g4/117mA/117mA,,,,,,
56.636,HR,250,12052099,13122361,11029303,12042730,-74,229,-450,g5/117mA/117mA g5/117mA/117mA g4/117mA/117mA g4/117mA/117mA,,,,,,
56.753,HR,251,12053787,13132565,11028595,12052498,-80,235,-447,g5/117mA/117mA g5/117mA/117mA g4/117mA/117mA g4/117mA/117mA,,,,,,
56.753,HR,252,12057379,13144788,11027673,12061788,-71,236,-448,g5/117mA/117mA g5/117mA/117mA g4/117mA/117mA g4/117mA/117mA,,,,,,
56.753,HR,253,12052047,13145847,11020815,12062770,-71,238,-449,g5/117mA/117mA g5/117mA/117mA g4/117mA/117mA g4/117mA/117mA,,,,,,
56.753,HR,254,12034378,13134918,11007353,12047346,-101,248,-445,g5/117mA/117mA g5/117mA/117mA g4/117mA/117mA g4/117mA/117mA,,,,,,
56.753,HR,255,12024840,13130943,10998104,12034020,-109,222,-469,g5/117mA/117mA g5/117mA/117mA g4/117mA/117mA g4/117mA/117mA,,,,,,
56.753,HR,0,12018007,13137126,10991637,12029789,-103,195,-464,g5/117mA/117mA g5/117mA/117mA g4/117mA/117mA g4/117mA/117mA,,,,,,
56.811,HR,1,12019995,13147860,10989266,12033441,-71,192,-443,g5/117mA/117mA g5/117mA/117mA g4/117mA/117mA g4/117mA/117mA,,,,,,
56.811,HR,2,12022503,13154489,10990118,12031076,14,260,-437,g5/117mA/117mA g5/117mA/117mA g4/117mA/117mA g4/117mA/117mA,,,,,,
56.811,HR,3,12011010,13137860,10983797,12006661,-64,240,-436,g5/117mA/117mA g5/117mA/117mA g4/117mA/117mA g4/117mA/117mA,,,,,,
56.811,HR,4,12008946,13118197,10973252,11999699,-109,235,-436,g5/117mA/117mA g5/117mA/117mA g4/117mA/117mA g4/117mA/117mA,,,,,,
56.811,HR,5,11995390,13118230,10955344,12011736,-94,255,-437,g5/117mA/117mA g5/117mA/117mA g4/117mA/117mA g4/117mA/117mA,,,,,,
56.876,HR,6,11977056,13068297,10939563,11982543,-44,278,-432,g5/117mA/117mA g5/117mA/117mA g4/117mA/117mA g4/117mA/117mA,,,,,,
56.876,HR,7,11961889,13029745,10931236,11954833,-51,267,-436,g5/117mA/117mA g5/117mA/117mA g4/117mA/117mA g4/117mA/117mA,,,,,,
56.876,HR,8,11962171,13027389,10942044,11955190,-63,254,-440,g5/117mA/117mA g5/117mA/117mA g4/117mA/117mA g4/117mA/117mA,,,,,,
56.876,HR,9,11975786,13033080,10960089,11960122,-62,250,-443,g5/117mA/117mA g5/117mA/117mA g4/117mA/117mA g4/117mA/117mA,,,,,,
56.876,HR,10,11992046,13048522,10974815,11970914,-57,251,-443,g5/117mA/117mA g5/117mA/117mA g4/117mA/117mA g4/117mA/117mA,,,,,,
56.876,HR,11,12002473,13069151,10983251,11988608,-67,252,-441,g5/117mA/117mA g5/117mA/117mA g4/117mA/117mA g4/117mA/117mA,,,,,,
56.878,HR,12,12011344,13088295,10985887,12006269,-76,248,-442,g5/117mA/117mA g5/117mA/117mA g4/117mA/117mA g4/117mA/117mA,,,,,,
56.932,HRV,235,11854104,12864861,10887215,11861312,-63,241,-447,g5/117mA/117mA g5/117mA/117mA g4/117mA/117mA g4/117mA/117mA,,,,,,
56.932,HRV,236,11884067,12892032,10910923,11877198,-68,243,-446,g5/117mA/117mA g5/117mA/117mA g4/117mA/117mA g4/117mA/117mA,,,,,,
56.932,HRV,237,11913480,12926363,10932046,11897503,-79,236,-449,g5/117mA/117mA g5/117mA/117mA g4/117mA/117mA g4/117mA/117mA,,,,,,
56.932,HRV,238,11930545,12947016,10945594,11912969,-85,230,-453,g5/117mA/117mA g5/117mA/117mA g4/117mA/117mA g4/117mA/117mA,,,,,,
56.932,HRV,239,11939928,12956299,10953537,11921372,-72,238,-451,g5/117mA/117mA g5/117mA/117mA g4/117mA/117mA g4/117mA/117mA,,,,,,
56.963,HRV,240,11947147,12964318,10959023,11927310,-66,245,-444,g5/117mA/117mA g5/117mA/117mA g4/117mA/117mA g4/117mA/117mA,,,,,,
56.963,HRV,241,11955447,12974060,10964832,11934077,-74,234,-448,g5/117mA/117mA g5/117mA/117mA g4/117mA/117mA g4/117mA/117mA,,,,,,
56.963,HRV,242,11966476,12986705,10973595,11942086,-84,218,-455,g5/117mA/117mA g5/117mA/117mA g4/117mA/117mA g4/117mA/117mA,,,,,,
56.963,HRV,243,11979727,13003263,10983499,11953067,-60,243,-443,g5/117mA/117mA g5/117mA/117mA g4/117mA/117mA g4/117mA/117mA,,,,,,
56.963,HRV,244,11994445,13021351,10993992,11965599,-73,234,-445,g5/117mA/117mA g5/117mA/117mA g4/117mA/117mA g4/117mA/117mA,,,,,,
56.963,HRV,245,12008895,13040194,11004289,11979787,-80,230,-447,g5/117mA/117mA g5/117mA/117mA g4/117mA/117mA g4/117mA/117mA,,,,,,
56.998,HRV,246,12023952,13060493,11014527,11993300,-79,236,-446,g5/117mA/117mA g5/117mA/117mA g4/117mA/117mA g4/117mA/117mA,778,0,0,0,30,1
56.998,HRV,247,12033729,13080131,11020073,12005790,-100,237,-446,g5/117mA/117mA g5/117mA/117mA g4/117mA/117mA g4/117mA/117mA,,,,,,
56.998,HRV,248,12041176,13096511,11024731,12020054,-84,241,-446,g5/117mA/117mA g5/117mA/117mA g4/117mA/117mA g4/117mA/117mA,,,,,,
56.998,HRV,249,12046210,13110059,11027272,12029813,-69,239,-448,g5/117mA/117mA g5/117mA/117mA g4/117mA/117mA g4/117mA/117mA,,,,,,
57.022,HRV,250,12052099,13122361,11029303,12042730,-74,229,-450,g5/117mA/117mA g5/117mA/117mA g4/117mA/117mA g4/117mA/117mA,,,,,,
57.022,HRV,251,12053787,13132565,11028595,12052498,-80,235,-447,g5/117mA/117mA g5/117mA/117mA g4/117mA/117mA g4/117mA/117mA,,,,,,
57.022,HRV,252,12057379,13144788,11027673,12061788,-71,236,-448,g5/117mA/117mA g5/117mA/117mA g4/117mA/117mA g4/117mA/117mA,,,,,,
57.022,HRV,253,12052047,13145847,11020815,12062770,-71,238,-449,g5/117mA/117mA g5/117mA/117mA g4/117mA/117mA g4/117mA/117mA,,,,,,
57.022,HRV,254,12034378,13134918,11007353,12047346,-101,248,-445,g5/117mA/117mA g5/117mA/117mA g4/117mA/117mA g4/117mA/117mA,,,,,,
57.022,HRV,255,12024840,13130943,10998104,12034020,-109,222,-469,g5/117mA/117mA g5/117mA/117mA g4/117mA/117mA g4/117mA/117mA,,,,,,
57.116,HRV,0,12018007,13137126,10991637,12029789,-103,195,-464,g5/117mA/117mA g5/117mA/117mA g4/117mA/117mA g4/117mA/117mA,,,,,,
57.116,HRV,1,12019995,13147860,10989266,12033441,-71,192,-443,g5/117mA/117mA g5/117mA/117mA g4/117mA/117mA g4/117mA/117mA,,,,,,
57.116,HRV,2,12022503,13154489,10990118,12031076,14,260,-437,g5/117mA/117mA g5/117mA/117mA g4/117mA/117mA g4/117mA/117mA,,,,,,
57.116,HRV,3,12011010,13137860,10983797,12006661,-64,240,-436,g5/117mA/117mA g5/117mA/117mA g4/117mA/117mA g4/117mA/117mA,,,,,,
57.116,HRV,4,12008946,13118197,10973252,11999699,-109,235,-436,g5/117mA/117mA g5/117mA/117mA g4/117mA/117mA g4/117mA/117mA,,,,,,
57.116,HRV,5,11995390,13118230,10955344,12011736,-94,255,-437,g5/117mA/117mA g5/117mA/117mA g4/117mA/117mA g4/117mA/117mA,,,,,,
57.117,HRV,6,11977056,13068297,10939563,11982543,-44,278,-432,g5/117mA/117mA g5/117mA/117mA g4/117mA/117mA g4/117mA/117mA,,,,,,
57.117,HRV,7,11961889,13029745,10931236,11954833,-51,267,-436,g5/117mA/117mA g5/117mA/117mA g4/117mA/117mA g4/117mA/117mA,,,,,,
57.117,HRV,8,11962171,13027389,10942044,11955190,-63,254,-440,g5/117mA/117mA g5/117mA/117mA g4/117mA/117mA g4/117mA/117mA,,,,,,
57.117,HRV,9,11975786,13033080,10960089,11960122,-62,250,-443,g5/117mA/117mA g5/117mA/117mA g4/117mA/117mA g4/117mA/117mA,,,,,,
57.117,HRV,10,11992046,13048522,10974815,11970914,-57,251,-443,g5/117mA/117mA g5/117mA/117mA g4/117mA/117mA g4/117mA/117mA,,,,,,
57.141,HRV,11,12002473,13069151,10983251,11988608,-67,252,-441,g5/117mA/117mA g5/117mA/117mA g4/117mA/117mA g4/117mA/117mA,,,,,,
57.141,HRV,12,12011344,13088295,10985887,12006269,-76,248,-442,g5/117mA/117mA g5/117mA/117mA g4/117mA/117mA g4/117mA/117mA,,,,,,
58.312,HR,13,12027442,13106756,10995262,12020951,-90,213,-453,g5/117mA/117mA g5/117mA/117mA g4/117mA/117mA g4/117mA/117mA,,,,,,
58.312,HR,14,12043302,13118366,11008222,12030735,-87,209,-460,g5/117mA/117mA g5/117mA/117mA g4/117mA/117mA g4/117mA/117mA,,,,,,
58.312,HR,15,12056117,13124987,11020857,12035042,-82,222,-460,g5/117mA/117mA g5/117mA/117mA g4/117mA/117mA g4/117mA/117mA,53,100,0,1,0,0
58.312,HR,16,12069937,13134935,11034635,12039582,-74,244,-454,g5/117mA/117mA g5/117mA/117mA g4/117mA/117mA g4/117mA/117mA,,,,,,
58.379,HR,17,12076258,13140054,11043924,12040042,-70,244,-446,g5/117mA/117mA g5/117mA/117mA g4/117mA/117mA g4/117mA/117mA,,,,,,
58.379,HR,18,12073264,13136726,11045478,12031998,-83,224,-451,g5/117mA/117mA g5/117mA/117mA g4/117mA/117mA g4/117mA/117mA,,,,,,
58.379,HR,19,12073843,13137639,11047365,12026897,-89,222,-454,g5/117mA/117mA g5/117mA/117mA g4/117mA/117mA g4/117mA/117mA,,,,,,
58.379,HR,20,12079287,13147322,11050717,12028430,-66,269,-442,g5/117mA/117mA g5/117mA/117mA g4/117mA/117mA g4/117mA/117mA,,,,,,
58.379,HR,21,12087315,13163455,11055127,12036767,-67,258,-448,g5/117mA/117mA g5/117mA/117mA g4/117mA/117mA g4/117mA/117mA,,,,,,
58.379,HR,22,12096280,13179024,11058266,12048164,-68,251,-449,g5/117mA/117mA g5/117mA/117mA g4/117mA/117mA g4/117mA/117mA,,,,,,
58.38,HR,23,12104293,13192290,11059546,12057428,-67,252,-445,g5/117mA/117mA g5/117mA/117mA g4/117mA/117mA g4/117mA/117mA,,,,,,
58.38,HR,24,12110401,13197332,11061500,12061490,-67,253,-446,g5/117mA/117mA g5/117mA/117mA g4/117mA/117mA g4/117mA/117mA,,,,,,
58.38,HR,25,12113139,13195072,11062959,12057812,-68,248,-447,g5/117mA/117mA g5/117mA/117mA g4/117mA/117mA g4/117mA/117mA,,,,,,
58.38,HR,26,12115416,13192829,11066159,12053325,-68,241,-448,g5/117mA/117mA g5/117mA/117mA g4/117mA/117mA g4/117mA/117mA,,,,,,
58.38,HR,27,12119443,13195148,11072956,12053914,-72,240,-453,g5/117mA/117mA g5/117mA/117mA g4/117mA/117mA g4/117mA/117mA,,,,,,
58.44,HR,28,12129435,13203014,11083307,12058930,-73,236,-451,g5/117mA/117mA g5/117mA/117mA g4/117mA/117mA g4/117mA/117mA,,,,,,
58.44,HR,29,12144310,13215410,11097792,12066114,-72,235,-449,g5/117mA/117mA g5/117mA/117mA g4/117mA/117mA g4/117mA/117mA,,,,,,
58.44,HR,30,12161247,13233454,11113695,12075465,-72,239,-449,g5/117mA/117mA g5/117mA/117mA g4/117mA/117mA g4/117mA/117mA,,,,,,
58.44,HR,31,12175843,13253178,11126679,12085567,-72,236,-450,g5/117mA/117mA g5/117mA/117mA g4/117mA/117mA g4/117mA/117mA,,,,,,
58.44,HR,32,12188563,13271989,11136234,12096528,-72,235,-450,g5/117mA/117mA g5/117mA/117mA g4/117mA/117mA g4/117mA/117mA,,,,,,
58.44,HR,33,12200807,13289265,11144414,12107218,-72,237,-449,g5/117mA/117mA g5/117mA/117mA g4/117mA/117mA g4/117mA/117mA,,,,,,
58.441,HR,34,12213312,13305039,11152325,12117465,-72,237,-449,g5/117mA/117mA g5/117mA/117mA g4/117mA/117mA g4/117mA/117mA,,,,,,
58.441,HR,35,12225137,13319577,11160421,12126619,-72,236,-449,g5/117mA/117mA g5/117mA/117mA g4/117mA/117mA g4/117mA/117mA,,,,,,
58.441,HR,36,12235563,13331947,11168574,12135593,-73,236,-449,g5/117mA/117mA g5/117mA/117mA g4/117mA/117mA g4/117mA/117mA,,,,,,
58.441,HR,37,12237039,13333849,11170981,12138579,-73,236,-449,g5/117mA/117mA g5/117mA/117mA g4/117mA/117mA g4/117mA/117mA,,,,,,
58.441,HR,38,12227235,13322887,11167090,12130764,-72,236,-449,g5/117mA/117mA g5/117mA/117mA g4/117mA/117mA g4/117mA/117mA,,,,,,
58.555,HR,39,12221254,13313545,11164643,12123283,-72,236,-450,g5/117mA/117mA g5/117mA/117mA g4/117mA/117mA g4/117mA/117mA,,,,,,
58.555,HR,40,12221563,13311326,11166844,12120049,-72,236,-450,g5/117mA/117mA g5/117mA/117mA g4/117mA/117mA g4/117mA/117mA,53,99,0,1,0,0
58.555,HR,41,12225716,13315524,11171280,12120775,-72,236,-450,g5/117mA/117mA g5/117mA/117mA g4/117mA/117mA g4/117mA/117mA,,,,,,
58.555,HR,42,12231236,13322649,11176775,12124929,-73,236,-450,g5/117mA/117mA g5/117mA/117mA g4/117mA/117mA g4/117mA/117mA,,,,,,
58.555,HR,43,12240631,13332441,11183275,12131379,-73,236,-450,g5/117mA/117mA g5/117mA/117mA g4/117mA/117mA g4/117mA/117mA,,,,,,
58.558,HR,44,12249434,13342603,11190227,12137727,-73,236,-450,g5/117mA/117mA g5/117mA/117mA g4/117mA/117mA g4/117mA/117mA,,,,,,
58.558,HR,45,12257607,13352815,11196422,12143782,-73,236,-450,g5/117mA/117mA g5/117mA/117mA g4/117mA/117mA g4/117mA/117mA,,,,,,
58.558,HR,46,12265081,13361287,11202392,12148953,-74,240,-447,g5/117mA/117mA g5/117mA/117mA g4/117mA/117mA g4/117mA/117mA,,,,,,
58.612,HRV,13,12027442,13106756,10995262,12020951,-90,213,-453,g5/117mA/117mA g5/117mA/117mA g4/117mA/117mA g4/117mA/117mA,,,,,,
58.612,HRV,14,12043302,13118366,11008222,12030735,-87,209,-460,g5/117mA/117mA g5/117mA/117mA g4/117mA/117mA g4/117mA/117mA,,,,,,
58.612,HRV,15,12056117,13124987,11020857,12035042,-82,222,-460,g5/117mA/117mA g5/117mA/117mA g4/117mA/117mA g4/117mA/117mA,802,790,0,0,30,2
58.612,HRV,16,12069937,13134935,11034635,12039582,-74,244,-454,g5/117mA/117mA g5/117mA/117mA g4/117mA/117mA g4/117mA/117mA,,,,,,
58.673,HRV,17,12076258,13140054,11043924,12040042,-70,244,-446,g5/117mA/117mA g5/117mA/117mA g4/117mA/117mA g4/117mA/117mA,,,,,,
58.673,HRV,18,12073264,13136726,11045478,12031998,-83,224,-451,g5/117mA/117mA g5/117mA/117mA g4/117mA/117mA g4/117mA/117mA,,,,,,
58.673,HRV,19,12073843,13137639,11047365,12026897,-89,222,-454,g5/117mA/117mA g5/117mA/117mA g4/117mA/117mA g4/117mA/117mA,,,,,,
58.673,HRV,20,12079287,13147322,11050717,12028430,-66,269,-442,g5/117mA/117mA g5/117mA/117mA g4/117mA/117mA g4/117mA/117mA,,,,,,
58.673,HRV,21,12087315,13163455,11055127,12036767,-67,258,-448,g5/117mA/117mA g5/117mA/117mA g4/117mA/117mA g4/117mA/117mA,,,,,,
58.673,HRV,22,12096280,13179024,11058266,12048164,-68,251,-449,g5/117mA/117mA g5/117mA/117mA g4/117mA/117mA g4/117mA/117mA,,,,,,
58.679,HRV,23,12104293,13192290,11059546,12057428,-67,252,-445,g5/117mA/117mA g5/117mA/117mA g4/117mA/117mA g4/117mA/117mA,,,,,,
58.679,HRV,24,12110401,13197332,11061500,12061490,-67,253,-446,g5/117mA/117mA g5/117mA/117mA g4/117mA/117mA g4/117mA/117mA,,,,,,
58.679,HRV,25,12113139,13195072,11062959,12057812,-68,248,-447,g5/117mA/117mA g5/117mA/117mA g4/117mA/117mA g4/117mA/117mA,,,,,,
58.679,HRV,26,12115416,13192829,11066159,12053325,-68,241,-448,g5/117mA/117mA g5/117mA/117mA g4/117mA/117mA g4/117mA/117mA,,,,,,
58.679,HRV,27,12119443,13195148,11072956,12053914,-72,240,-453,g5/117mA/117mA g5/117mA/117mA g4/117mA/117mA g4/117mA/117mA,,,,,,
58.737,HRV,28,12129435,13203014,11083307,12058930,-73,236,-451,g5/117mA/117mA g5/117mA/117mA g4/117mA/117mA g4/117mA/117mA,,,,,,
58.737,HRV,29,12144310,13215410,11097792,12066114,-72,235,-449,g5/117mA/117mA g5/117mA/117mA g4/117mA/117mA g4/117mA/117mA,,,,,,
58.737,HRV,30,12161247,13233454,11113695,12075465,-72,239,-449,g5/117mA/117mA g5/117mA/117mA g4/117mA/117mA g4/117mA/117mA,,,,,,
58.737,HRV,31,12175843,13253178,11126679,12085567,-72,236,-450,g5/117mA/117mA g5/117mA/117mA g4/117mA/117mA g4/117mA/117mA,,,,,,
58.737,HRV,32,12188563,13271989,11136234,12096528,-72,235,-450,g5/117mA/117mA g5/117mA/117mA g4/117mA/117mA g4/117mA/117mA,,,,,,
58.737,HRV,33,12200807,13289265,11144414,12107218,-72,237,-449,g5/117mA/117mA g5/117mA/117mA g4/117mA/117mA g4/117mA/117mA,,,,,,
58.738,HRV,34,12213312,13305039,11152325,12117465,-72,237,-449,g5/117mA/117mA g5/117mA/117mA g4/117mA/117mA g4/117mA/117mA,,,,,,
58.738,HRV,35,12225137,13319577,11160421,12126619,-72,236,-449,g5/117mA/117mA g5/117mA/117mA g4/117mA/117mA g4/117mA/117mA,,,,,,
58.738,HRV,36,12235563,13331947,11168574,12135593,-73,236,-449,g5/117mA/117mA g5/117mA/117mA g4/117mA/117mA g4/117mA/117mA,,,,,,
58.738,HRV,37,12237039,13333849,11170981,12138579,-73,236,-449,g5/117mA/117mA g5/117mA/117mA g4/117mA/117mA g4/117mA/117mA,,,,,,
58.738,HRV,38,12227235,13322887,11167090,12130764,-72,236,-449,g5/117mA/117mA g5/117mA/117mA g4/117mA/117mA g4/117mA/117mA,,,,,,
58.8,HRV,39,12221254,13313545,11164643,12123283,-72,236,-450,g5/117mA/117mA g5/117mA/117mA g4/117mA/117mA g4/117mA/117mA,,,,,,
58.8,HRV,40,12221563,13311326,11166844,12120049,-72,236,-450,g5/117mA/117mA g5/117mA/117mA g4/117mA/117mA g4/117mA/117mA,833,804,0,0,30,2
58.8,HRV,41,12225716,13315524,11171280,12120775,-72,236,-450,g5/117mA/117mA g5/117mA/117mA g4/117mA/117mA g4/117mA/117mA,,,,,,
58.8,HRV,42,12231236,13322649,11176775,12124929,-73,236,-450,g5/117mA/117mA g5/117mA/117mA g4/117mA/117mA g4/117mA/117mA,,,,,,
58.8,HRV,43,12240631,13332441,11183275,12131379,-73,236,-450,g5/117mA/117mA g5/117mA/117mA g4/117mA/117mA g4/117mA/117mA,,,,,,
58.8,HRV,44,12249434,13342603,11190227,12137727,-73,236,-450,g5/117mA/117mA g5/117mA/117mA g4/117mA/117mA g4/117mA/117mA,,,,,,
58.8,HRV,45,12257607,13352815,11196422,12143782,-73,236,-450,g5/117mA/117mA g5/117mA/117mA g4/117mA/117mA g4/117mA/117mA,,,,,,
58.8,HRV,46,12265081,13361287,11202392,12148953,-74,240,-447,g5/117mA/117mA g5/117mA/117mA g4/117mA/117mA g4/117mA/117mA,,,,,,
59.578,HR,47,12271265,13368384,11206898,12153577,-73,235,-451,g5/117mA/117mA g5/117mA/117mA g4/117mA/117mA g4/117mA/117mA,,,,,,
59.578,HR,48,12277093,13374817,11211437,12157484,-73,234,-451,g5/117mA/117mA g5/117mA/117mA g4/117mA/117mA g4/117mA/117mA,,,,,,
59.578,HR,49,12283694,13382059,11216666,12162286,-73,234,-451,g5/117mA/117mA g5/117mA/117mA g4/117mA/117mA g4/117mA/117mA,,,,,,
59.578,HR,50,12290777,13389005,11222212,12167498,-73,234,-450,g5/117mA/117mA g5/117mA/117mA g4/117mA/117mA g4/117mA/117mA,,,,,,
59.578,HR,51,12299931,13399209,11228739,12173847,-73,234,-450,g5/117mA/117mA g5/117mA/117mA g4/117mA/117mA g4/117mA/117mA,,,,,,
59.578,HR,52,12308674,13409624,11235223,12181150,-73,235,-450,g5/117mA/117mA g5/117mA/117mA g4/117mA/117mA g4/117mA/117mA,,,,,,
59.578,HR,53,12317615,13419887,11240947,12188512,-73,235,-450,g5/117mA/117mA g5/117mA/117mA g4/117mA/117mA g4/117mA/117mA,,,,,,
59.578,HR,54,12326327,13430388,11246884,12195498,-73,234,-450,g5/117mA/117mA g5/117mA/117mA g4/117mA/117mA g4/117mA/117mA,,,,,,
59.578,HR,55,12334532,13440506,11252480,12202683,-73,234,-450,g5/117mA/117mA g5/117mA/117mA g4/117mA/117mA g4/117mA/117mA,,,,,,
59.578,HR,56,12337058,13445224,11254136,12206418,-73,234,-450,g5/117mA/117mA g5/117mA/117mA g4/117mA/117mA g4/117mA/117mA,,,,,,
59.578,HR,57,12325013,13431310,11248735,12197999,-73,234,-450,g5/117mA/117mA g5/117mA/117mA g4/117mA/117mA g4/117mA/117mA,,,,,,
59.633,HR,58,12315200,13416534,11244204,12188760,-73,235,-450,g5/117mA/117mA g5/117mA/117mA g4/117mA/117mA g4/117mA/117mA,,,,,,
59.633,HR,59,12311362,13410178,11242960,12183913,-73,235,-450,g5/117mA/117mA g5/117mA/117mA g4/117mA/117mA g4/117mA/117mA,,,,,,
59.633,HR,60,12311601,13409803,11244085,12183743,-73,235,-450,g5/117mA/117mA g5/117mA/117mA g4/117mA/117mA g4/117mA/117mA,,,,,,
59.633,HR,61,12316627,13414076,11247551,12186072,-73,234,-450,g5/117mA/117mA g5/117mA/117mA g4/117mA/117mA g4/117mA/117mA,,,,,,
59.633,HR,62,12323468,13420944,11251890,12189869,-73,234,-450,g5/117mA/117mA g5/117mA/117mA g4/117mA/117mA g4/117mA/117mA,,,,,,
59.637,HR,63,12331222,13429092,11256789,12195004,-73,234,-450,g5/117mA/117mA g5/117mA/117mA g4/117mA/117mA g4/117mA/117mA,,,,,,
59.637,HR,64,12336803,13436345,11260738,12199365,-73,234,-450,g5/117mA/117mA g5/117mA/117mA g4/117mA/117mA g4/117mA/117mA,,,,,,
59.637,HR,65,12342195,13441625,11264033,12203338,-73,234,-450,g5/117mA/117mA g5/117mA/117mA g4/117mA/117mA g4/117mA/117mA,54,99,0,1,0,0
59.637,HR,66,12345880,13445788,11266890,12206463,-73,235,-450,g5/117mA/117mA g5/117mA/117mA g4/117mA/117mA g4/117mA/117mA,,,,,,
59.637,HR,67,12349027,13448756,11269390,12209449,-73,235,-450,g5/117mA/117mA g5/117mA/117mA g4/117mA/117mA g4/117mA/117mA,,,,,,
59.695,HR,68,12352866,13453704,11272333,12212845,-74,235,-450,g5/117mA/117mA g5/117mA/117mA g4/117mA/117mA g4/117mA/117mA,,,,,,
59.695,HR,69,12358097,13458731,11275891,12217025,-74,235,-450,g5/117mA/117mA g5/117mA/117mA g4/117mA/117mA g4/117mA/117mA,,,,,,
59.695,HR,70,12365066,13466118,11280183,12222424,-73,234,-451,g5/117mA/117mA g5/117mA/117mA g4/117mA/117mA g4/117mA/117mA,,,,,,
59.695,HR,71,12371901,13474419,11284498,12228559,-73,233,-451,g5/117mA/117mA g5/117mA/117mA g4/117mA/117mA g4/117mA/117mA,,,,,,
59.696,HR,72,12379229,13482856,11288679,12235340,-73,232,-451,g5/117mA/117mA g5/117mA/117mA g4/117mA/117mA g4/117mA/117mA,,,,,,
59.814,HR,73,12387043,13491618,11293498,12241303,-73,233,-451,g5/117mA/117mA g5/117mA/117mA g4/117mA/117mA g4/117mA/117mA,,,,,,
59.814,HR,74,12394968,13500311,11298164,12247420,-73,234,-450,g5/117mA/117mA g5/117mA/117mA g4/117mA/117mA g4/117mA/117mA,,,,,,
59.814,HR,75,12398320,13506736,11300469,12252703,-73,235,-450,g5/117mA/117mA g5/117mA/117mA g4/117mA/117mA g4/117mA/117mA,,,,,,
59.814,HR,76,12386523,13493366,11294854,12246124,-73,235,-450,g5/117mA/117mA g5/117mA/117mA g4/117mA/117mA g4/117mA/117mA,,,,,,
59.814,HR,77,12372787,13473635,11288099,12234452,-73,234,-450,g5/117mA/117mA g5/117mA/117mA g4/117mA/117mA g4/117mA/117mA,,,,,,
59.814,HR,78,12365142,13460138,11284762,12225854,-73,234,-450,g5/117mA/117mA g5/117mA/117mA g4/117mA/117mA g4/117mA/117mA,,,,,,
59.844,HR,79,12364683,13456084,11285222,12223815,-72,234,-449,g5/117mA/117mA g5/117mA/117mA g4/117mA/117mA g4/117mA/117mA,,,,,,
59.844,HR,80,12368343,13457725,11287654,12225231,-72,235,-449,g5/117mA/117mA g5/117mA/117mA g4/117mA/117mA g4/117mA/117mA,,,,,,
59.934,HRV,47,12271265,13368384,11206898,12153577,-73,235,-451,g5/117mA/117mA g5/117mA/117mA g4/117mA/117mA g4/117mA/117mA,,,,,,
59.935,HRV,48,12277093,13374817,11211437,12157484,-73,234,-451,g5/117mA/117mA g5/117mA/117mA g4/117mA/117mA g4/117mA/117mA,,,,,,
59.935,HRV,49,12283694,13382059,11216666,12162286,-73,234,-451,g5/117mA/117mA g5/117mA/117mA g4/117mA/117mA g4/117mA/117mA,,,,,,
59.935,HRV,50,12290777,13389005,11222212,12167498,-73,234,-450,g5/117mA/117mA g5/117mA/117mA g4/117mA/117mA g4/117mA/117mA,,,,,,
59.935,HRV,51,12299931,13399209,11228739,12173847,-73,234,-450,g5/117mA/117mA g5/117mA/117mA g4/117mA/117mA g4/117mA/117mA,,,,,,
59.937,HRV,52,12308674,13409624,11235223,12181150,-73,235,-450,g5/117mA/117mA g5/117mA/117mA g4/117mA/117mA g4/117mA/117mA,,,,,,
59.937,HRV,53,12317615,13419887,11240947,12188512,-73,235,-450,g5/117mA/117mA g5/117mA/117mA g4/117mA/117mA g4/117mA/117mA,,,,,,
59.937,HRV,54,12326327,13430388,11246884,12195498,-73,234,-450,g5/117mA/117mA g5/117mA/117mA g4/117mA/117mA g4/117mA/117mA,,,,,,
59.937,HRV,55,12334532,13440506,11252480,12202683,-73,234,-450,g5/117mA/117mA g5/117mA/117mA g4/117mA/117mA g4/117mA/117mA,,,,,,
59.937,HRV,56,12337058,13445224,11254136,12206418,-73,234,-450,g5/117mA/117mA g5/117mA/117mA g4/117mA/117mA g4/117mA/117mA,,,,,,
59.937,HRV,57,12325013,13431310,11248735,12197999,-73,234,-450,g5/117mA/117mA g5/117mA/117mA g4/117mA/117mA g4/117mA/117mA,,,,,,
59.995,HRV,58,12315200,13416534,11244204,12188760,-73,235,-450,g5/117mA/117mA g5/117mA/117mA g4/117mA/117mA g4/117mA/117mA,,,,,,
59.995,HRV,59,12311362,13410178,11242960,12183913,-73,235,-450,g5/117mA/117mA g5/117mA/117mA g4/117mA/117mA g4/117mA/117mA,,,,,,
59.995,HRV,60,12311601,13409803,11244085,12183743,-73,235,-450,g5/117mA/117mA g5/117mA/117mA g4/117mA/117mA g4/117mA/117mA,,,,,,
59.996,HRV,61,12316627,13414076,11247551,12186072,-73,234,-450,g5/117mA/117mA g5/117mA/117mA g4/117mA/117mA g4/117mA/117mA,,,,,,
59.996,HRV,62,12323468,13420944,11251890,12189869,-73,234,-450,g5/117mA/117mA g5/117mA/117mA g4/117mA/117mA g4/117mA/117mA,,,,,,
60.0,HRV,63,12331222,13429092,11256789,12195004,-73,234,-450,g5/117mA/117mA g5/117mA/117mA g4/117mA/117mA g4/117mA/117mA,,,,,,
60.0,HRV,64,12336803,13436345,11260738,12199365,-73,234,-450,g5/117mA/117mA g5/117mA/117mA g4/117mA/117mA g4/117mA/117mA,,,,,,
60.0,HRV,65,12342195,13441625,11264033,12203338,-73,234,-450,g5/117mA/117mA g5/117mA/117mA g4/117mA/117mA g4/117mA/117mA,797,0,0,0,30,1
60.0,HRV,66,12345880,13445788,11266890,12206463,-73,235,-450,g5/117mA/117mA g5/117mA/117mA g4/117mA/117mA g4/117mA/117mA,,,,,,
60.0,HRV,67,12349027,13448756,11269390,12209449,-73,235,-450,g5/117mA/117mA g5/117mA/117mA g4/117mA/117mA g4/117mA/117mA,,,,,,
60.06,HRV,73,12356841,13457518,11274209,12215412,-73,233,-451,g5/117mA/117mA g5/117mA/117mA g4/117mA/117mA g4/117mA/117mA,,,,,,
60.06,HRV,74,12364766,13466211,11278875,12221529,-73,234,-450,g5/117mA/117mA g5/117mA/117mA g4/117mA/117mA g4/117mA/117mA,,,,,,
60.06,HRV,75,12368118,13472636,11281180,12226812,-73,235,-450,g5/117mA/117mA g5/117mA/117mA g4/117mA/117mA g4/117mA/117mA,,,,,,
60.06,HRV,76,12356321,13459266,11275565,12220233,-73,235,-450,g5/117mA/117mA g5/117mA/117mA g4/117mA/117mA g4/117mA/117mA,,,,,,
60.06,HRV,77,12342585,13439535,11268810,12208561,-73,234,-450,g5/117mA/117mA g5/117mA/117mA g4/117mA/117mA g4/117mA/117mA,,,,,,
60.06,HRV,78,12334940,13426038,11265473,12199963,-73,234,-450,g5/117mA/117mA g5/117mA/117mA g4/117mA/117mA g4/117mA/117mA,,,,,,
60.06,HRV,79,12364683,13456084,11285222,12223815,-72,234,-449,g5/117mA/117mA g5/117mA/117mA g4/117mA/117mA g4/117mA/117mA,,,,,,
60.06,HRV,80,12368343,13457725,11287654,12225231,-72,235,-449,g5/117mA/117mA g5/117mA/117mA g4/117mA/117mA g4/117mA/117mA,,,,,,
60.662,HR,81,12373657,13462500,11291298,12228967,-74,235,-450,g5/117mA/117mA g5/117mA/117mA g4/117mA/117mA g4/117mA/117mA,,,,,,
60.662,HR,82,12379570,13469453,11295111,12233710,-74,234,-450,g5/117mA/117mA g5/117mA/117mA g4/117mA/117mA g4/117mA/117mA,,,,,,
60.662,HR,83,12384030,13475844,11297995,12238504,-74,234,-451,g5/117mA/117mA g5/117mA/117mA g4/117mA/117mA g4/117mA/117mA,,,,,,
60.662,HR,84,12387939,13480050,11300631,12242063,-73,234,-451,g5/117mA/117mA g5/117mA/117mA g4/117mA/117mA g4/117mA/117mA,,,,,,
60.662,HR,85,12389535,13480433,11301492,12243632,-73,234,-451,g5/117mA/117mA g5/117mA/117mA g4/117mA/117mA g4/117mA/117mA,,,,,,
60.715,HR,86,12391087,13481490,11303062,12244989,-73,234,-450,g5/117mA/117mA g5/117mA/117mA g4/117mA/117mA g4/117mA/117mA,,,,,,
60.715,HR,87,12394295,13484604,11305341,12247703,-73,234,-450,g5/117mA/117mA g5/117mA/117mA g4/117mA/117mA g4/117mA/117mA,,,,,,
60.715,HR,88,12399514,13489168,11307627,12251243,-73,234,-450,g5/117mA/117mA g5/117mA/117mA g4/117mA/117mA g4/117mA/117mA,,,,,,
60.715,HR,89,12405351,13495662,11311219,12255882,-73,235,-450,g5/117mA/117mA g5/117mA/117mA g4/117mA/117mA g4/117mA/117mA,,,,,,
60.716,HR,90,12411759,13502871,11314955,12261335,-73,235,-450,g5/117mA/117mA g5/117mA/117mA g4/117mA/117mA g4/117mA/117mA,55,99,0,1,0,0
60.778,HR,91,12418319,13510763,11318836,12267161,-73,235,-450,g5/117mA/117mA g5/117mA/117mA g4/117mA/117mA g4/117mA/117mA,,,,,,
60.778,HR,92,12424716,13518414,11322539,12272759,-73,234,-450,g5/117mA/117mA g5/117mA/117mA g4/117mA/117mA g4/117mA/117mA,,,,,,
60.778,HR,93,12430647,13525802,11326029,12278022,-73,234,-450,g5/117mA/117mA g5/117mA/117mA g4/117mA/117mA g4/117mA/117mA,,,,,,
60.778,HR,94,12435176,13531911,11328520,12283209,-73,234,-450,g5/117mA/117mA g5/117mA/117mA g4/117mA/117mA g4/117mA/117mA,,,,,,
60.778,HR,95,12423642,13516810,11322259,12275172,-73,234,-450,g5/117mA/117mA g5/117mA/117mA g4/117mA/117mA g4/117mA/117mA,,,,,,
60.803,HR,96,12409455,13493750,11315688,12262178,-73,234,-450,g5/117mA/117mA g5/117mA/117mA g4/117mA/117mA g4/117mA/117mA,,,,,,
60.803,HR,97,12400318,13477728,11312191,12252376,-73,234,-450,g5/117mA/117mA g5/117mA/117mA g4/117mA/117mA g4/117mA/117mA,,,,,,
60.803,HR,98,12398151,13469975,11311757,12248359,-73,235,-450,g5/117mA/117mA g5/117mA/117mA g4/117mA/117mA g4/117mA/117mA,,,,,,
60.803,HR,99,12399507,13469727,11313590,12248120,-73,236,-450,g5/117mA/117mA g5/117mA/117mA g4/117mA/117mA g4/117mA/117mA,,,,,,
60.803,HR,100,12402936,13473480,11316219,12250083,-73,235,-450,g5/117mA/117mA g5/117mA/117mA g4/117mA/117mA g4/117mA/117mA,,,,,,
60.803,HR,101,12408446,13479750,11319323,12254117,-73,235,-450,g5/117mA/117mA g5/117mA/117mA g4/117mA/117mA g4/117mA/117mA,,,,,,
60.925,HR,102,12414803,13486234,11322316,12258691,-73,235,-450,g5/117mA/117mA g5/117mA/117mA g4/117mA/117mA g4/117mA/117mA,,,,,,
60.925,HR,103,12418206,13489519,11323476,12261496,-73,235,-450,g5/117mA/117mA g5/117mA/117mA g4/117mA/117mA g4/117mA/117mA,,,,,,
60.925,HR,104,12419086,13490066,11323417,12262555,-73,235,-450,g5/117mA/117mA g5/117mA/117mA g4/117mA/117mA g4/117mA/117mA,,,,,,
60.925,HR,105,12421166,13490134,11323845,12263665,-73,235,-450,g5/117mA/117mA g5/117mA/117mA g4/117mA/117mA g4/117mA/117mA,,,,,,
60.925,HR,106,12424061,13493298,11325653,12265352,-73,235,-450,g5/117mA/117mA g5/117mA/117mA g4/117mA/117mA g4/117mA/117mA,,,,,,
60.925,HR,107,12428624,13497983,11328502,12268534,-73,235,-450,g5/117mA/117mA g5/117mA/117mA g4/117mA/117mA g4/117mA/117mA,,,,,,
60.982,HR,108,12434656,13504841,11331573,12272895,-73,235,-450,g5/117mA/117mA g5/117mA/117mA g4/117mA/117mA g4/117mA/117mA,,,,,,
60.982,HR,109,12440525,13512194,11335310,12277511,-73,235,-450,g5/117mA/117mA g5/117mA/117mA g4/117mA/117mA g4/117mA/117mA,,,,,,
60.982,HR,110,12447000,13520403,11338817,12282331,-73,235,-448,g5/117mA/117mA g5/117mA/117mA g4/117mA/117mA g4/117mA/117mA,,,,,,
60.982,HR,111,12453289,13528020,11343006,12287227,-73,235,-448,g5/117mA/117mA g5/117mA/117mA g4/117mA/117mA g4/117mA/117mA,,,,,,
60.982,HR,112,12458884,13535965,11346691,12292235,-73,233,-450,g5/117mA/117mA g5/117mA/117mA g4/117mA/117mA g4/117mA/117mA,,,,,,
60.982,HR,113,12449458,13526443,11341889,12286929,-73,233,-451,g5/117mA/117mA g5/117mA/117mA g4/117mA/117mA g4/117mA/117mA,,,,,,
61.013,HR,114,12431943,13500525,11333401,12271411,-73,234,-450,g5/117mA/117mA g5/117mA/117mA g4/117mA/117mA g4/117mA/117mA,,,,,,
61.017,HRV,81,12373657,13462500,11291298,12228967,-74,235,-450,g5/117mA/117mA g5/117mA/117mA g4/117mA/117mA g4/117mA/117mA,,,,,,
61.017,HRV,82,12379570,13469453,11295111,12233710,-74,234,-450,g5/117mA/117mA g5/117mA/117mA g4/117mA/117mA g4/117mA/117mA,,,,,,
61.017,HRV,83,12384030,13475844,11297995,12238504,-74,234,-451,g5/117mA/117mA g5/117mA/117mA g4/117mA/117mA g4/117mA/117mA,,,,,,
61.017,HRV,84,12387939,13480050,11300631,12242063,-73,234,-451,g5/117mA/117mA g5/117mA/117mA g4/117mA/117mA g4/117mA/117mA,,,,,,
61.017,HRV,85,12389535,13480433,11301492,12243632,-73,234,-451,g5/117mA/117mA g5/117mA/117mA g4/117mA/117mA g4/117mA/117mA,,,,,,
61.072,HRV,86,12391087,13481490,11303062,12244989,-73,234,-450,g5/117mA/117mA g5/117mA/117mA g4/117mA/117mA g4/117mA/117mA,,,,,,
61.072,HRV,87,12394295,13484604,11305341,12247703,-73,234,-450,g5/117mA/117mA g5/117mA/117mA g4/117mA/117mA g4/117mA/117mA,,,,,,
61.072,HRV,88,12399514,13489168,11307627,12251243,-73,234,-450,g5/117mA/117mA g5/117mA/117mA g4/117mA/117mA g4/117mA/117mA,,,,,,
61.072,HRV,89,12405351,13495662,11311219,12255882,-73,235,-450,g5/117mA/117mA g5/117mA/117mA g4/117mA/117mA g4/117mA/117mA,,,,,,
61.072,HRV,90,12411759,13502871,11314955,12261335,-73,235,-450,g5/117mA/117mA g5/117mA/117mA g4/117mA/117mA g4/117mA/117mA,793,0,0,0,30,1
61.137,HRV,91,12418319,13510763,11318836,12267161,-73,235,-450,g5/117mA/117mA g5/117mA/117mA g4/117mA/117mA g4/117mA/117mA,,,,,,
61.137,HRV,92,12424716,13518414,11322539,12272759,-73,234,-450,g5/117mA/117mA g5/117mA/117mA g4/117mA/117mA g4/117mA/117mA,,,,,,
61.137,HRV,93,12430647,13525802,11326029,12278022,-73,234,-450,g5/117mA/117mA g5/117mA/117mA g4/117mA/117mA g4/117mA/117mA,,,,,,
61.137,HRV,94,12435176,13531911,11328520,12283209,-73,234,-450,g5/117mA/117mA g5/117mA/117mA g4/117mA/117mA g4/117mA/117mA,,,,,,
61.137,HRV,95,12423642,13516810,11322259,12275172,-73,234,-450,g5/117mA/117mA g5/117mA/117mA g4/117mA/117mA g4/117mA/117mA,,,,,,
61.137,HRV,96,12409455,13493750,11315688,12262178,-73,234,-450,g5/117mA/117mA g5/117mA/117mA g4/117mA/117mA g4/117mA/117mA,,,,,,
61.137,HRV,97,12400318,13477728,11312191,12252376,-73,234,-450,g5/117mA/117mA g5/117mA/117mA g4/117mA/117mA g4/117mA/117mA,,,,,,
61.137,HRV,98,12398151,13469975,11311757,12248359,-73,235,-450,g5/117mA/117mA g5/117mA/117mA g4/117mA/117mA g4/117mA/117mA,,,,,,
61.137,HRV,99,12399507,13469727,11313590,12248120,-73,236,-450,g5/117mA/117mA g5/117mA/117mA g4/117mA/117mA g4/117mA/117mA,,,,,,
61.137,HRV,100,12402936,13473480,11316219,12250083,-73,235,-450,g5/117mA/117mA g5/117mA/117mA g4/117mA/117mA g4/117mA/117mA,,,,,,
61.137,HRV,101,12408446,13479750,11319323,12254117,-73,235,-450,g5/117mA/117mA g5/117mA/117mA g4/117mA/117mA g4/117mA/117mA,,,,,,
61.191,HRV,102,12414803,13486234,11322316,12258691,-73,235,-450,g5/117mA/117mA g5/117mA/117mA g4/117mA/117mA g4/117mA/117mA,,,,,,
61.191,HRV,103,12418206,13489519,11323476,12261496,-73,235,-450,g5/117mA/117mA g5/117mA/117mA g4/117mA/117mA g4/117mA/117mA,,,,,,
61.191,HRV,104,12419086,13490066,11323417,12262555,-73,235,-450,g5/117mA/117mA g5/117mA/117mA g4/117mA/117mA g4/117mA/117mA,,,,,,
61.191,HRV,105,12421166,13490134,11323845,12263665,-73,235,-450,g5/117mA/117mA g5/117mA/117mA g4/117mA/117mA g4/117mA/117mA,,,,,,
61.191,HRV,106,12424061,13493298,11325653,12265352,-73,235,-450,g5/117mA/117mA g5/117mA/117mA g4/117mA/117mA g4/117mA/117mA,,,,,,
61.191,HRV,107,12428624,13497983,11328502,12268534,-73,235,-450,g5/117mA/117mA g5/117mA/117mA g4/117mA/117mA g4/117mA/117mA,,,,,,
61.199,HRV,108,12434656,13504841,11331573,12272895,-73,235,-450,g5/117mA/117mA g5/117mA/117mA g4/117mA/117mA g4/117mA/117mA,,,,,,
61.199,HRV,109,12440525,13512194,11335310,12277511,-73,235,-450,g5/117mA/117mA g5/117mA/117mA g4/117mA/117mA g4/117mA/117mA,,,,,,
61.199,HRV,110,12447000,13520403,11338817,12282331,-73,235,-448,g5/117mA/117mA g5/117mA/117mA g4/117mA/117mA g4/117mA/117mA,,,,,,
61.199,HRV,111,12453289,13528020,11343006,12287227,-73,235,-448,g5/117mA/117mA g5/117mA/117mA g4/117mA/117mA g4/117mA/117mA,,,,,,
61.199,HRV,112,12458884,13535965,11346691,12292235,-73,233,-450,g5/117mA/117mA g5/117mA/117mA g4/117mA/117mA g4/117mA/117mA,,,,,,
61.199,HRV,113,12449458,13526443,11341889,12286929,-73,233,-451,g5/117mA/117mA g5/117mA/117mA g4/117mA/117mA g4/117mA/117mA,,,,,,
61.199,HRV,114,12431943,13500525,11333401,12271411,-73,234,-450,g5/117mA/117mA g5/117mA/117mA g4/117mA/117mA g4/117mA/117mA,,,,,,
62.456,HR,115,12419429,13478591,11327505,12258324,-73,236,-450,g5/117mA/117mA g5/117mA/117mA g4/117mA/117mA g4/117mA/117mA,57,99,0,1,0,0
62.456,HR,116,12414342,13467561,11325482,12251446,-73,236,-449,g5/117mA/117mA g5/117mA/117mA g4/117mA/117mA g4/117mA/117mA,,,,,,
62.456,HR,117,12414616,13464583,11326224,12248659,-73,236,-449,g5/117mA/117mA g5/117mA/117mA g4/117mA/117mA g4/117mA/117mA,,,,,,
62.456,HR,118,12417057,13467227,11327632,12249186,-73,237,-449,g5/117mA/117mA g5/117mA/117mA g4/117mA/117mA g4/117mA/117mA,,,,,,
62.456,HR,119,12420954,13472663,11330465,12251857,-73,237,-449,g5/117mA/117mA g5/117mA/117mA g4/117mA/117mA g4/117mA/117mA,,,,,,
62.458,HR,120,12425093,13478097,11332735,12254578,-73,236,-450,g5/117mA/117mA g5/117mA/117mA g4/117mA/117mA g4/117mA/117mA,,,,,,
62.458,HR,121,12426969,13480800,11333450,12255901,-73,236,-450,g5/117mA/117mA g5/117mA/117mA g4/117mA/117mA g4/117mA/117mA,,,,,,
62.458,HR,122,12426720,13480459,11333041,12255140,-73,238,-449,g5/117mA/117mA g5/117mA/117mA g4/117mA/117mA g4/117mA/117mA,,,,,,
62.458,HR,123,12427251,13480510,11332784,12254493,-73,237,-449,g5/117mA/117mA g5/117mA/117mA g4/117mA/117mA g4/117mA/117mA,,,,,,
62.458,HR,124,12429238,13482208,11333485,12254816,-73,236,-449,g5/117mA/117mA g5/117mA/117mA g4/117mA/117mA g4/117mA/117mA,,,,,,
62.458,HR,125,12433144,13486269,11334773,12256839,-73,237,-448,g5/117mA/117mA g5/117mA/117mA g4/117mA/117mA g4/117mA/117mA,,,,,,
62.574,HR,126,12438087,13492897,11337367,12260115,-73,238,-448,g5/117mA/117mA g5/117mA/117mA g4/117mA/117mA g4/117mA/117mA,,,,,,
62.574,HR,127,12444057,13500720,11339669,12264866,-73,237,-448,g5/117mA/117mA g5/117mA/117mA g4/117mA/117mA g4/117mA/117mA,,,,,,
62.574,HR,128,12449440,13509158,11342314,12269960,-73,236,-449,g5/117mA/117mA g5/117mA/117mA g4/117mA/117mA g4/117mA/117mA,,,,,,
62.574,HR,129,12454859,13516726,11344867,12274687,-73,237,-449,g5/117mA/117mA g5/117mA/117mA g4/117mA/117mA g4/117mA/117mA,,,,,,
62.574,HR,130,12459993,13523652,11347375,12279334,-73,236,-449,g5/117mA/117mA g5/117mA/117mA g4/117mA/117mA g4/117mA/117mA,,,,,,
62.578,HR,131,12462263,13527978,11348030,12282151,-73,236,-449,g5/117mA/117mA g5/117mA/117mA g4/117mA/117mA g4/117mA/117mA,,,,,,
62.578,HR,132,12445175,13506190,11338545,12269815,-73,239,-449,g5/117mA/117mA g5/117mA/117mA g4/117mA/117mA g4/117mA/117mA,,,,,,
62.578,HR,133,12424426,13477423,11327779,12251932,-73,238,-447,g5/117mA/117mA g5/117mA/117mA g4/117mA/117mA g4/117mA/117mA,,,,,,
62.578,HR,134,12409266,13456212,11319782,12238378,-72,238,-447,g5/117mA/117mA g5/117mA/117mA g4/117mA/117mA g4/117mA/117mA,,,,,,
62.578,HR,135,12399890,13445830,11315654,12231877,-72,237,-449,g5/117mA/117mA g5/117mA/117mA g4/117mA/117mA g4/117mA/117mA,,,,,,
62.578,HR,136,12395062,13443989,11314085,12229625,-72,237,-449,g5/117mA/117mA g5/117mA/117mA g4/117mA/117mA g4/117mA/117mA,,,,,,
62.634,HR,137,12393417,13446479,11313377,12230735,-72,238,-448,g5/117mA/117mA g5/117mA/117mA g4/117mA/117mA g4/117mA/117mA,,,,,,
62.634,HR,138,12394123,13450241,11313487,12232363,-72,238,-447,g5/117mA/117mA g5/117mA/117mA g4/117mA/117mA g4/117mA/117mA,,,,,,
62.634,HR,139,12394278,13451069,11312668,12233029,-72,237,-449,g5/117mA/117mA g5/117mA/117mA g4/117mA/117mA g4/117mA/117mA,,,,,,
62.634,HR,140,12391538,13447878,11310511,12230341,-73,237,-449,g5/117mA/117mA g5/117mA/117mA g4/117mA/117mA g4/117mA/117mA,59,100,0,1,0,0
62.634,HR,141,12389526,13443570,11308940,12227056,-72,238,-449,g5/117mA/117mA g5/117mA/117mA g4/117mA/117mA g4/117mA/117mA,,,,,,
62.692,HR,142,12388722,13441251,11308019,12224556,-72,237,-449,g5/117mA/117mA g5/117mA/117mA g4/117mA/117mA g4/117mA/117mA,,,,,,
62.692,HR,143,12390310,13441455,11308377,12224275,-72,236,-449,g5/117mA/117mA g5/117mA/117mA g4/117mA/117mA g4/117mA/117mA,,,,,,
62.692,HR,144,12391983,13443510,11309197,12225034,-72,236,-449,g5/117mA/117mA g5/117mA/117mA g4/117mA/117mA g4/117mA/117mA,,,,,,
62.692,HR,145,12393971,13447852,11310365,12227202,-72,238,-448,g5/117mA/117mA g5/117mA/117mA g4/117mA/117mA g4/117mA/117mA,,,,,,
62.692,HR,146,12397732,13453712,11312428,12230366,-72,238,-449,g5/117mA/117mA g5/117mA/117mA g4/117mA/117mA g4/117mA/117mA,,,,,,
62.692,HR,147,12401871,13460011,11315048,12234137,-72,237,-450,g5/117mA/117mA g5/117mA/117mA g4/117mA/117mA g4/117mA/117mA,,,,,,
62.695,HR,148,12406597,13466432,11317684,12238377,-73,241,-447,g5/117mA/117mA g5/117mA/117mA g4/117mA/117mA g4/117mA/117mA,,,,,,
62.753,HRV,115,12419429,13478591,11327505,12258324,-73,236,-450,g5/117mA/117mA g5/117mA/117mA g4/117mA/117mA g4/117mA/117mA,791,0,0,0,30,1
62.753,HRV,116,12414342,13467561,11325482,12251446,-73,236,-449,g5/117mA/117mA g5/117mA/117mA g4/117mA/117mA g4/117mA/117mA,,,,,,
62.753,HRV,117,12414616,13464583,11326224,12248659,-73,236,-449,g5/117mA/117mA g5/117mA/117mA g4/117mA/117mA g4/117mA/117mA,,,,,,
62.753,HRV,118,12417057,13467227,11327632,12249186,-73,237,-449,g5/117mA/117mA g5/117mA/117mA g4/117mA/117mA g4/117mA/117mA,,,,,,
62.757,HRV,119,12420954,13472663,11330465,12251857,-73,237,-449,g5/117mA/117mA g5/117mA/117mA g4/117mA/117mA g4/117mA/117mA,,,,,,
62.757,HRV,120,12425093,13478097,11332735,12254578,-73,236,-450,g5/117mA/117mA g5/117mA/117mA g4/117mA/117mA g4/117mA/117mA,,,,,,
62.757,HRV,121,12426969,13480800,11333450,12255901,-73,236,-450,g5/117mA/117mA g5/117mA/117mA g4/117mA/117mA g4/117mA/117mA,,,,,,
62.757,HRV,122,12426720,13480459,11333041,12255140,-73,238,-449,g5/117mA/117mA g5/117mA/117mA g4/117mA/117mA g4/117mA/117mA,,,,,,
62.757,HRV,123,12427251,13480510,11332784,12254493,-73,237,-449,g5/117mA/117mA g5/117mA/117mA g4/117mA/117mA g4/117mA/117mA,,,,,,
62.757,HRV,124,12429238,13482208,11333485,12254816,-73,236,-449,g5/117mA/117mA g5/117mA/117mA g4/117mA/117mA g4/117mA/117mA,,,,,,
62.815,HRV,125,12433144,13486269,11334773,12256839,-73,237,-448,g5/117mA/117mA g5/117mA/117mA g4/117mA/117mA g4/117mA/117mA,,,,,,
62.815,HRV,126,12438087,13492897,11337367,12260115,-73,238,-448,g5/117mA/117mA g5/117mA/117mA g4/117mA/117mA g4/117mA/117mA,,,,,,
62.815,HRV,127,12444057,13500720,11339669,12264866,-73,237,-448,g5/117mA/117mA g5/117mA/117mA g4/117mA/117mA g4/117mA/117mA,,,,,,
62.815,HRV,128,12449440,13509158,11342314,12269960,-73,236,-449,g5/117mA/117mA g5/117mA/117mA g4/117mA/117mA g4/117mA/117mA,,,,,,
62.815,HRV,129,12454859,13516726,11344867,12274687,-73,237,-449,g5/117mA/117mA g5/117mA/117mA g4/117mA/117mA g4/117mA/117mA,,,,,,
62.843,HRV,130,12459993,13523652,11347375,12279334,-73,236,-449,g5/117mA/117mA g5/117mA/117mA g4/117mA/117mA g4/117mA/117mA,,,,,,
62.843,HRV,131,12462263,13527978,11348030,12282151,-73,236,-449,g5/117mA/117mA g5/117mA/117mA g4/117mA/117mA g4/117mA/117mA,,,,,,
62.843,HRV,132,12445175,13506190,11338545,12269815,-73,239,-449,g5/117mA/117mA g5/117mA/117mA g4/117mA/117mA g4/117mA/117mA,,,,,,
62.843,HRV,133,12424426,13477423,11327779,12251932,-73,238,-447,g5/117mA/117mA g5/117mA/117mA g4/117mA/117mA g4/117mA/117mA,,,,,,
62.843,HRV,134,12409266,13456212,11319782,12238378,-72,238,-447,g5/117mA/117mA g5/117mA/117mA g4/117mA/117mA g4/117mA/117mA,,,,,,
62.843,HRV,135,12399890,13445830,11315654,12231877,-72,237,-449,g5/117mA/117mA g5/117mA/117mA g4/117mA/117mA g4/117mA/117mA,,,,,,
62.878,HRV,136,12395062,13443989,11314085,12229625,-72,237,-449,g5/117mA/117mA g5/117mA/117mA g4/117mA/117mA g4/117mA/117mA,,,,,,
62.878,HRV,137,12393417,13446479,11313377,12230735,-72,238,-448,g5/117mA/117mA g5/117mA/117mA g4/117mA/117mA g4/117mA/117mA,,,,,,
62.878,HRV,138,12394123,13450241,11313487,12232363,-72,238,-447,g5/117mA/117mA g5/117mA/117mA g4/117mA/117mA g4/117mA/117mA,,,,,,
62.878,HRV,139,12394278,13451069,11312668,12233029,-72,237,-449,g5/117mA/117mA g5/117mA/117mA g4/117mA/117mA g4/117mA/117mA,,,,,,
62.878,HRV,140,12391538,13447878,11310511,12230341,-73,237,-449,g5/117mA/117mA g5/117mA/117mA g4/117mA/117mA g4/117mA/117mA,911,830,843,0,30,3
62.931,HRV,141,12389526,13443570,11308940,12227056,-72,238,-449,g5/117mA/117mA g5/117mA/117mA g4/117mA/117mA g4/117mA/117mA,,,,,,
62.931,HRV,142,12388722,13441251,11308019,12224556,-72,237,-449,g5/117mA/117mA g5/117mA/117mA g4/117mA/117mA g4/117mA/117mA,,,,,,
62.931,HRV,143,12390310,13441455,11308377,12224275,-72,236,-449,g5/117mA/117mA g5/117mA/117mA g4/117mA/117mA g4/117mA/117mA,,,,,,
62.931,HRV,144,12391983,13443510,11309197,12225034,-72,236,-449,g5/117mA/117mA g5/117mA/117mA g4/117mA/117mA g4/117mA/117mA,,,,,,
62.931,HRV,145,12393971,13447852,11310365,12227202,-72,238,-448,g5/117mA/117mA g5/117mA/117mA g4/117mA/117mA g4/117mA/117mA,,,,,,
62.931,HRV,146,12397732,13453712,11312428,12230366,-72,238,-449,g5/117mA/117mA g5/117mA/117mA g4/117mA/117mA g4/117mA/117mA,,,,,,
62.933,HRV,147,12401871,13460011,11315048,12234137,-72,237,-450,g5/117mA/117mA g5/117mA/117mA g4/117mA/117mA g4/117mA/117mA,,,,,,
62.933,HRV,148,12406597,13466432,11317684,12238377,-73,241,-447,g5/117mA/117mA g5/117mA/117mA g4/117mA/117mA g4/117mA/117mA,,,,,,
63.604,HR,149,12410957,13472567,11319954,12242695,-73,237,-450,g5/117mA/117mA g5/117mA/117mA g4/117mA/117mA g4/117mA/117mA,,,,,,
63.604,HR,150,12414402,13477193,11321848,12245936,-72,237,-449,g5/117mA/117mA g5/117mA/117mA g4/117mA/117mA g4/117mA/117mA,,,,,,
63.604,HR,151,12399644,13459924,11314340,12235597,-72,237,-449,g5/117mA/117mA g5/117mA/117mA g4/117mA/117mA g4/117mA/117mA,,,,,,
63.604,HR,152,12379945,13430892,11303906,12217919,-72,237,-449,g5/117mA/117mA g5/117mA/117mA g4/117mA/117mA g4/117mA/117mA,,,,,,
63.604,HR,153,12366303,13410220,11296587,12203902,-72,236,-450,g5/117mA/117mA g5/117mA/117mA g4/117mA/117mA g4/117mA/117mA,,,,,,
63.654,HR,154,12360247,13399499,11293464,12196274,-72,236,-450,g5/117mA/117mA g5/117mA/117mA g4/117mA/117mA g4/117mA/117mA,,,,,,
63.654,HR,155,12358617,13397244,11292670,12193981,-72,237,-449,g5/117mA/117mA g5/117mA/117mA g4/117mA/117mA g4/117mA/117mA,,,,,,
63.654,HR,156,12359256,13399063,11293525,12193897,-72,239,-448,g5/117mA/117mA g5/117mA/117mA g4/117mA/117mA g4/117mA/117mA,,,,,,
63.654,HR,157,12361551,13403592,11295136,12195482,-72,239,-448,g5/117mA/117mA g5/117mA/117mA g4/117mA/117mA g4/117mA/117mA,,,,,,
63.654,HR,158,12363412,13406443,11295870,12197086,-72,239,-448,g5/117mA/117mA g5/117mA/117mA g4/117mA/117mA g4/117mA/117mA,,,,,,
63.654,HR,159,12362326,13405989,11295427,12196352,-72,237,-448,g5/117mA/117mA g5/117mA/117mA g4/117mA/117mA g4/117mA/117mA,,,,,,
63.656,HR,160,12360359,13403943,11294037,12194842,-72,236,-448,g5/117mA/117mA g5/117mA/117mA g4/117mA/117mA g4/117mA/117mA,,,,,,
63.656,HR,161,12359223,13402517,11293686,12194030,-72,236,-449,g5/117mA/117mA g5/117mA/117mA g4/117mA/117mA g4/117mA/117mA,,,,,,
63.656,HR,162,12360544,13402911,11294173,12194323,-72,236,-451,g5/117mA/117mA g5/117mA/117mA g4/117mA/117mA g4/117mA/117mA,,,,,,
63.656,HR,163,12362370,13406655,11295478,12196787,-73,236,-451,g5/117mA/117mA g5/117mA/117mA g4/117mA/117mA g4/117mA/117mA,,,,,,
63.656,HR,164,12365477,13411372,11297329,12199458,-73,236,-450,g5/117mA/117mA g5/117mA/117mA g4/117mA/117mA g4/117mA/117mA,,,,,,
63.716,HR,165,12369187,13417600,11299487,12204107,-72,237,-449,g5/117mA/117mA g5/117mA/117mA g4/117mA/117mA g4/117mA/117mA,61,100,0,1,0,0
63.716,HR,166,12374093,13425689,11301826,12209347,-72,237,-449,g5/117mA/117mA g5/117mA/117mA g4/117mA/117mA g4/117mA/117mA,,,,,,
63.716,HR,167,12378991,13432667,11304547,12214720,-72,237,-449,g5/117mA/117mA g5/117mA/117mA g4/117mA/117mA g4/117mA/117mA,,,,,,
63.716,HR,168,12383374,13439339,11306569,12220034,-72,237,-449,g5/117mA/117mA g5/117mA/117mA g4/117mA/117mA g4/117mA/117mA,,,,,,
63.716,HR,169,12387982,13445710,11308828,12224778,-72,237,-449,g5/117mA/117mA g5/117mA/117mA g4/117mA/117mA g4/117mA/117mA,,,,,,
63.718,HR,170,12391844,13451120,11310895,12228806,-72,237,-449,g5/117mA/117mA g5/117mA/117mA g4/117mA/117mA g4/117mA/117mA,,,,,,
63.718,HR,171,12379860,13438811,11304163,12221860,-72,237,-448,g5/117mA/117mA g5/117mA/117mA g4/117mA/117mA g4/117mA/117mA,,,,,,
63.718,HR,172,12361459,13411501,11292595,12204329,-77,235,-447,g5/117mA/117mA g5/117mA/117mA g4/117mA/117mA g4/117mA/117mA,,,,,,
63.718,HR,173,12348729,13389926,11284507,12189869,-94,231,-444,g5/117mA/117mA g5/117mA/117mA g4/117mA/117mA g4/117mA/117mA,,,,,,
63.718,HR,174,12341589,13378920,11280130,12182131,-108,227,-442,g5/117mA/117mA g5/117mA/117mA g4/117mA/117mA g4/117mA/117mA,,,,,,
63.803,HR,175,12340173,13375601,11278579,12179050,-87,230,-446,g5/117mA/117mA g5/117mA/117mA g4/117mA/117mA g4/117mA/117mA,,,,,,
63.803,HR,176,12340530,13375995,11278765,12178411,-66,233,-450,g5/117mA/117mA g5/117mA/117mA g4/117mA/117mA g4/117mA/117mA,,,,,,
63.803,HR,177,12341920,13378690,11278843,12179717,-66,234,-450,g5/117mA/117mA g5/117mA/117mA g4/117mA/117mA g4/117mA/117mA,,,,,,
63.803,HR,178,12343354,13381317,11279081,12181747,-72,235,-450,g5/117mA/117mA g5/117mA/117mA g4/117mA/117mA g4/117mA/117mA,,,,,,
63.803,HR,179,12342791,13382034,11278227,12181833,-75,235,-450,g5/117mA/117mA g5/117mA/117mA g4/117mA/117mA g4/117mA/117mA,,,,,,
63.803,HR,180,12340556,13379577,11276820,12180382,-75,235,-450,g5/117mA/117mA g5/117mA/117mA g4/117mA/117mA g4/117mA/117mA,,,,,,
63.837,HR,181,12339081,13378356,11275608,12178983,-74,235,-450,g5/117mA/117mA g5/117mA/117mA g4/117mA/117mA g4/117mA/117mA,,,,,,
63.837,HR,182,12339028,13378450,11275199,12178872,-73,236,-450,g5/117mA/117mA g5/117mA/117mA g4/117mA/117mA g4/117mA/117mA,,,,,,
63.841,HRV,149,12410957,13472567,11319954,12242695,-73,237,-450,g5/117mA/117mA g5/117mA/117mA g4/117mA/117mA g4/117mA/117mA,,,,,,
63.841,HRV,150,12414402,13477193,11321848,12245936,-72,237,-449,g5/117mA/117mA g5/117mA/117mA g4/117mA/117mA g4/117mA/117mA,,,,,,
63.841,HRV,151,12399644,13459924,11314340,12235597,-72,237,-449,g5/117mA/117mA g5/117mA/117mA g4/117mA/117mA g4/117mA/117mA,,,,,,
63.841,HRV,152,12379945,13430892,11303906,12217919,-72,237,-449,g5/117mA/117mA g5/117mA/117mA g4/117mA/117mA g4/117mA/117mA,,,,,,
63.842,HRV,153,12366303,13410220,11296587,12203902,-72,236,-450,g5/117mA/117mA g5/117mA/117mA g4/117mA/117mA g4/117mA/117mA,,,,,,
63.897,HRV,154,12360247,13399499,11293464,12196274,-72,236,-450,g5/117mA/117mA g5/117mA/117mA g4/117mA/117mA g4/117mA/117mA,,,,,,
63.897,HRV,155,12358617,13397244,11292670,12193981,-72,237,-449,g5/117mA/117mA g5/117mA/117mA g4/117mA/117mA g4/117mA/117mA,,,,,,
63.897,HRV,156,12359256,13399063,11293525,12193897,-72,239,-448,g5/117mA/117mA g5/117mA/117mA g4/117mA/117mA g4/117mA/117mA,,,,,,
63.897,HRV,157,12361551,13403592,11295136,12195482,-72,239,-448,g5/117mA/117mA g5/117mA/117mA g4/117mA/117mA g4/117mA/117mA,,,,,,
63.897,HRV,158,12363412,13406443,11295870,12197086,-72,239,-448,g5/117mA/117mA g5/117mA/117mA g4/117mA/117mA g4/117mA/117mA,,,,,,
63.897,HRV,159,12362326,13405989,11295427,12196352,-72,237,-448,g5/117mA/117mA g5/117mA/117mA g4/117mA/117mA g4/117mA/117mA,,,,,,
63.96,HRV,160,12360359,13403943,11294037,12194842,-72,236,-448,g5/117mA/117mA g5/117mA/117mA g4/117mA/117mA g4/117mA/117mA,,,,,,
63.96,HRV,161,12359223,13402517,11293686,12194030,-72,236,-449,g5/117mA/117mA g5/117mA/117mA g4/117mA/117mA g4/117mA/117mA,,,,,,
63.96,HRV,162,12360544,13402911,11294173,12194323,-72,236,-451,g5/117mA/117mA g5/117mA/117mA g4/117mA/117mA g4/117mA/117mA,,,,,,
63.96,HRV,163,12362370,13406655,11295478,12196787,-73,236,-451,g5/117mA/117mA g5/117mA/117mA g4/117mA/117mA g4/117mA/117mA,,,,,,
63.96,HRV,164,12365477,13411372,11297329,12199458,-73,236,-450,g5/117mA/117mA g5/117mA/117mA g4/117mA/117mA g4/117mA/117mA,,,,,,
63.961,HRV,165,12369187,13417600,11299487,12204107,-72,237,-449,g5/117mA/117mA g5/117mA/117mA g4/117mA/117mA g4/117mA/117mA,788,0,0,0,30,1
63.961,HRV,166,12374093,13425689,11301826,12209347,-72,237,-449,g5/117mA/117mA g5/117mA/117mA g4/117mA/117mA g4/117mA/117mA,,,,,,
63.961,HRV,167,12378991,13432667,11304547,12214720,-72,237,-449,g5/117mA/117mA g5/117mA/117mA g4/117mA/117mA g4/117mA/117mA,,,,,,
63.961,HRV,168,12383374,13439339,11306569,12220034,-72,237,-449,g5/117mA/117mA g5/117mA/117mA g4/117mA/117mA g4/117mA/117mA,,,,,,
63.961,HRV,169,12387982,13445710,11308828,12224778,-72,237,-449,g5/117mA/117mA g5/117mA/117mA g4/117mA/117mA g4/117mA/117mA,,,,,,
64.016,HRV,170,12391844,13451120,11310895,12228806,-72,237,-449,g5/117mA/117mA g5/117mA/117mA g4/117mA/117mA g4/117mA/117mA,,,,,,
64.016,HRV,171,12379860,13438811,11304163,12221860,-72,237,-448,g5/117mA/117mA g5/117mA/117mA g4/117mA/117mA g4/117mA/117mA,,,,,,
64.016,HRV,172,12361459,13411501,11292595,12204329,-77,235,-447,g5/117mA/117mA g5/117mA/117mA g4/117mA/117mA g4/117mA/117mA,,,,,,
64.016,HRV,173,12348729,13389926,11284507,12189869,-94,231,-444,g5/117mA/117mA g5/117mA/117mA g4/117mA/117mA g4/117mA/117mA,,,,,,
64.016,HRV,174,12341589,13378920,11280130,12182131,-108,227,-442,g5/117mA/117mA g5/117mA/117mA g4/117mA/117mA g4/117mA/117mA,,,,,,
64.075,HRV,175,12340173,13375601,11278579,12179050,-87,230,-446,g5/117mA/117mA g5/117mA/117mA g4/117mA/117mA g4/117mA/117mA,,,,,,
64.075,HRV,176,12340530,13375995,11278765,12178411,-66,233,-450,g5/117mA/117mA g5/117mA/117mA g4/117mA/117mA g4/117mA/117mA,,,,,,
64.075,HRV,177,12341920,13378690,11278843,12179717,-66,234,-450,g5/117mA/117mA g5/117mA/117mA g4/117mA/117mA g4/117mA/117mA,,,,,,
64.075,HRV,178,12343354,13381317,11279081,12181747,-72,235,-450,g5/117mA/117mA g5/117mA/117mA g4/117mA/117mA g4/117mA/117mA,,,,,,
64.075,HRV,179,12342791,13382034,11278227,12181833,-75,235,-450,g5/117mA/117mA g5/117mA/117mA g4/117mA/117mA g4/117mA/117mA,,,,,,
64.075,HRV,180,12340556,13379577,11276820,12180382,-75,235,-450,g5/117mA/117mA g5/117mA/117mA g4/117mA/117mA g4/117mA/117mA,,,,,,
64.075,HRV,181,12339081,13378356,11275608,12178983,-74,235,-450,g5/117mA/117mA g5/117mA/117mA g4/117mA/117mA g4/117mA/117mA,,,,,,
64.075,HRV,182,12339028,13378450,11275199,12178872,-73,236,-450,g5/117mA/117mA g5/117mA/117mA g4/117mA/117mA g4/117mA/117mA,,,,,,
65.154,HR,183,12339814,13379713,11275940,12178693,-75,235,-450,g5/117mA/117mA g5/117mA/117mA g4/117mA/117mA g4/117mA/117mA,,,,,,
65.154,HR,184,12341016,13383195,11278048,12179913,-74,234,-450,g5/117mA/117mA g5/117mA/117mA g4/117mA/117mA g4/117mA/117mA,,,,,,
65.154,HR,185,12342100,13387374,11279901,12182549,-74,234,-450,g5/117mA/117mA g5/117mA/117mA g4/117mA/117mA g4/117mA/117mA,,,,,,
65.154,HR,186,12342229,13391034,11280753,12185296,-75,235,-450,g5/117mA/117mA g5/117mA/117mA g4/117mA/117mA g4/117mA/117mA,,,,,,
65.154,HR,187,12342195,13394473,11280274,12190355,-75,235,-450,g5/117mA/117mA g5/117mA/117mA g4/117mA/117mA g4/117mA/117mA,,,,,,
65.333,HR,188,12343362,13398371,11279875,12195310,-75,234,-449,g5/117mA/117mA g5/117mA/117mA g4/117mA/117mA g4/117mA/117mA,,,,,,
65.333,HR,189,12343824,13401887,11279763,12200525,-74,233,-449,g5/117mA/117mA g5/117mA/117mA g4/117mA/117mA g4/117mA/117mA,,,,,,
65.333,HR,190,12342704,13403413,11278193,12203988,-74,236,-449,g5/117mA/117mA g5/117mA/117mA g4/117mA/117mA g4/117mA/117mA,64,100,0,1,0,0
65.333,HR,191,12328108,13385684,11268239,12194637,-74,237,-449,g5/117mA/117mA g5/117mA/117mA g4/117mA/117mA g4/117mA/117mA,,,,,,
65.333,HR,192,12310636,13360134,11256088,12179255,-74,236,-449,g5/117mA/117mA g5/117mA/117mA g4/117mA/117mA g4/117mA/117mA,,,,,,
65.338,HR,193,12300698,13342090,11248233,12167498,-74,235,-450,g5/117mA/117mA g5/117mA/117mA g4/117mA/117mA g4/117mA/117mA,,,,,,
65.339,HR,194,12297158,13331580,11244479,12161529,-74,235,-450,g5/117mA/117mA g5/117mA/117mA g4/117mA/117mA g4/117mA/117mA,,,,,,
65.339,HR,195,12295784,13327006,11242890,12158064,-74,235,-450,g5/117mA/117mA g5/117mA/117mA g4/117mA/117mA g4/117mA/117mA,,,,,,
65.339,HR,196,12294265,13323322,11241926,12155308,-74,235,-450,g5/117mA/117mA g5/117mA/117mA g4/117mA/117mA g4/117mA/117mA,,,,,,
65.339,HR,197,12294308,13322513,11241493,12155546,-74,234,-450,g5/117mA/117mA g5/117mA/117mA g4/117mA/117mA g4/117mA/117mA,,,,,,
65.339,HR,198,12294188,13322349,11241323,12155139,-75,234,-450,g5/117mA/117mA g5/117mA/117mA g4/117mA/117mA g4/117mA/117mA,,,,,,
65.397,HR,199,12293745,13321752,11240510,12155222,-75,235,-450,g5/117mA/117mA g5/117mA/117mA g4/117mA/117mA g4/117mA/117mA,,,,,,
65.397,HR,200,12292534,13320984,11238165,12156520,-75,236,-450,g5/117mA/117mA g5/117mA/117mA g4/117mA/117mA g4/117mA/117mA,,,,,,
65.397,HR,201,12291006,13320729,11236341,12158653,-74,235,-449,g5/117mA/117mA g5/117mA/117mA g4/117mA/117mA g4/117mA/117mA,,,,,,
65.397,HR,202,12290249,13322058,11235128,12161553,-74,232,-450,g5/117mA/117mA g5/117mA/117mA g4/117mA/117mA g4/117mA/117mA,,,,,,
65.397,HR,203,12290264,13325387,11235751,12166790,-74,233,-450,g5/117mA/117mA g5/117mA/117mA g4/117mA/117mA g4/117mA/117mA,,,,,,
65.397,HR,204,12293608,13332996,11237449,12172976,-75,234,-450,g5/117mA/117mA g5/117mA/117mA g4/117mA/117mA g4/117mA/117mA,,,,,,
65.397,HR,205,12299238,13341631,11239828,12181125,-75,234,-450,g5/117mA/117mA g5/117mA/117mA g4/117mA/117mA g4/117mA/117mA,,,,,,
65.397,HR,206,12303342,13349972,11240972,12188793,-75,233,-451,g5/117mA/117mA g5/117mA/117mA g4/117mA/117mA g4/117mA/117mA,,,,,,
65.397,HR,207,12307216,13356739,11242295,12195405,-75,233,-451,g5/117mA/117mA g5/117mA/117mA g4/117mA/117mA g4/117mA/117mA,,,,,,
65.397,HR,208,12312394,13362642,11244445,12201658,-75,233,-451,g5/117mA/117mA g5/117mA/117mA g4/117mA/117mA g4/117mA/117mA,,,,,,
65.397,HR,209,12314826,13365459,11244709,12206410,-75,234,-450,g5/117mA/117mA g5/117mA/117mA g4/117mA/117mA g4/117mA/117mA,,,,,,
65.424,HR,215,12285862,13304868,11218142,12177080,-74,232,-452,g5/117mA/117mA g5/117mA/117mA g4/117mA/117mA g4/117mA/117mA,66,100,0,1,0,0
65.424,HR,216,12287832,13303019,11220496,12174468,-74,233,-451,g5/117mA/117mA g5/117mA/117mA g4/117mA/117mA g4/117mA/117mA,,,,,,
65.516,HRV,183,12339814,13379713,11275940,12178693,-75,235,-450,g5/117mA/117mA g5/117mA/117mA g4/117mA/117mA g4/117mA/117mA,,,,,,
65.516,HRV,184,12341016,13383195,11278048,12179913,-74,234,-450,g5/117mA/117mA g5/117mA/117mA g4/117mA/117mA g4/117mA/117mA,,,,,,
65.517,HRV,185,12342100,13387374,11279901,12182549,-74,234,-450,g5/117mA/117mA g5/117mA/117mA g4/117mA/117mA g4/117mA/117mA,,,,,,
65.517,HRV,186,12342229,13391034,11280753,12185296,-75,235,-450,g5/117mA/117mA g5/117mA/117mA g4/117mA/117mA g4/117mA/117mA,,,,,,
65.517,HRV,187,12342195,13394473,11280274,12190355,-75,235,-450,g5/117mA/117mA g5/117mA/117mA g4/117mA/117mA g4/117mA/117mA,,,,,,
65.519,HRV,188,12343362,13398371,11279875,12195310,-75,234,-449,g5/117mA/117mA g5/117mA/117mA g4/117mA/117mA g4/117mA/117mA,,,,,,
65.519,HRV,189,12343824,13401887,11279763,12200525,-74,233,-449,g5/117mA/117mA g5/117mA/117mA g4/117mA/117mA g4/117mA/117mA,,,,,,
65.519,HRV,190,12342704,13403413,11278193,12203988,-74,236,-449,g5/117mA/117mA g5/117mA/117mA g4/117mA/117mA g4/117mA/117mA,769,782,0,0,30,2
65.519,HRV,191,12328108,13385684,11268239,12194637,-74,237,-449,g5/117mA/117mA g5/117mA/117mA g4/117mA/117mA g4/117mA/117mA,,,,,,
65.519,HRV,192,12310636,13360134,11256088,12179255,-74,236,-449,g5/117mA/117mA g5/117mA/117mA g4/117mA/117mA g4/117mA/117mA,,,,,,
65.573,HRV,193,12300698,13342090,11248233,12167498,-74,235,-450,g5/117mA/117mA g5/117mA/117mA g4/117mA/117mA g4/117mA/117mA,,,,,,
65.573,HRV,194,12297158,13331580,11244479,12161529,-74,235,-450,g5/117mA/117mA g5/117mA/117mA g4/117mA/117mA g4/117mA/117mA,,,,,,
65.573,HRV,195,12295784,13327006,11242890,12158064,-74,235,-450,g5/117mA/117mA g5/117mA/117mA g4/117mA/117mA g4/117mA/117mA,,,,,,
65.573,HRV,196,12294265,13323322,11241926,12155308,-74,235,-450,g5/117mA/117mA g5/117mA/117mA g4/117mA/117mA g4/117mA/117mA,,,,,,
65.573,HRV,197,12294308,13322513,11241493,12155546,-74,234,-450,g5/117mA/117mA g5/117mA/117mA g4/117mA/117mA g4/117mA/117mA,,,,,,
65.573,HRV,198,12294188,13322349,11241323,12155139,-75,234,-450,g5/117mA/117mA g5/117mA/117mA g4/117mA/117mA g4/117mA/117mA,,,,,,
65.577,HRV,199,12293745,13321752,11240510,12155222,-75,235,-450,g5/117mA/117mA g5/117mA/117mA g4/117mA/117mA g4/117mA/117mA,,,,,,
65.577,HRV,200,12292534,13320984,11238165,12156520,-75,236,-450,g5/117mA/117mA g5/117mA/117mA g4/117mA/117mA g4/117mA/117mA,,,,,,
65.577,HRV,201,12291006,13320729,11236341,12158653,-74,235,-449,g5/117mA/117mA g5/117mA/117mA g4/117mA/117mA g4/117mA/117mA,,,,,,
65.577,HRV,202,12290249,13322058,11235128,12161553,-74,232,-450,g5/117mA/117mA g5/117mA/117mA g4/117mA/117mA g4/117mA/117mA,,,,,,
65.577,HRV,203,12290264,13325387,11235751,12166790,-74,233,-450,g5/117mA/117mA g5/117mA/117mA g4/117mA/117mA g4/117mA/117mA,,,,,,
65.577,HRV,204,12293608,13332996,11237449,12172976,-75,234,-450,g5/117mA/117mA g5/117mA/117mA g4/117mA/117mA g4/117mA/117mA,,,,,,
65.64,HRV,205,12299238,13341631,11239828,12181125,-75,234,-450,g5/117mA/117mA g5/117mA/117mA g4/117mA/117mA g4/117mA/117mA,,,,,,
65.64,HRV,206,12303342,13349972,11240972,12188793,-75,233,-451,g5/117mA/117mA g5/117mA/117mA g4/117mA/117mA g4/117mA/117mA,,,,,,
65.64,HRV,207,12307216,13356739,11242295,12195405,-75,233,-451,g5/117mA/117mA g5/117mA/117mA g4/117mA/117mA g4/117mA/117mA,,,,,,
65.64,HRV,208,12312394,13362642,11244445,12201658,-75,233,-451,g5/117mA/117mA g5/117mA/117mA g4/117mA/117mA g4/117mA/117mA,,,,,,
65.64,HRV,209,12314826,13365459,11244709,12206410,-75,234,-450,g5/117mA/117mA g5/117mA/117mA g4/117mA/117mA g4/117mA/117mA,,,,,,
65.641,HRV,210,12301227,13348266,11235086,12197146,-75,234,-450,g5/117mA/117mA g5/117mA/117mA g4/117mA/117mA g4/117mA/117mA,,,,,,
65.641,HRV,211,12285879,13324038,11224627,12184947,-75,233,-450,g5/117mA/117mA g5/117mA/117mA g4/117mA/117mA g4/117mA/117mA,,,,,,
65.641,HRV,212,12278696,13309109,11217835,12177627,-75,233,-451,g5/117mA/117mA g5/117mA/117mA g4/117mA/117mA g4/117mA/117mA,,,,,,
65.641,HRV,213,12278721,13303495,11216068,12175869,-73,232,-451,g5/117mA/117mA g5/117mA/117mA g4/117mA/117mA g4/117mA/117mA,,,,,,
65.641,HRV,214,12281570,13302710,11216429,12176253,-71,232,-451,g5/117mA/117mA g5/117mA/117mA g4/117mA/117mA g4/117mA/117mA,,,,,,
66.082,HRV,215,12285862,13304868,11218142,12177080,-74,232,-452,g5/117mA/117mA g5/117mA/117mA g4/117mA/117mA g4/117mA/117mA,786,721,0,0,30,2
66.082,HRV,216,12287832,13303019,11220496,12174468,-74,233,-451,g5/117mA/117mA g5/117mA/117mA g4/117mA/117mA g4/117mA/117mA,,,,,,
66.414,HR,217,12288967,13299450,11221964,12170827,-75,230,-450,g5/117mA/117mA g5/117mA/117mA g4/117mA/117mA g4/117mA/117mA,,,,,,
66.414,HR,218,12288728,13297054,11222270,12166759,-75,231,-450,g5/117mA/117mA g5/117mA/117mA g4/117mA/117mA g4/117mA/117mA,,,,,,
66.414,HR,219,12289214,13296022,11221803,12164803,-75,232,-450,g5/117mA/117mA g5/117mA/117mA g4/117mA/117mA g4/117mA/117mA,,,,,,
66.414,HR,220,12291254,13297413,11221913,12165733,-74,232,-451,g5/117mA/117mA g5/117mA/117mA g4/117mA/117mA g4/117mA/117mA,,,,,,
66.414,HR,221,12294009,13301867,11223023,12169019,-74,231,-451,g5/117mA/117mA g5/117mA/117mA g4/117mA/117mA g4/117mA/117mA,,,,,,
66.416,HR,222,12296586,13306849,11223961,12172841,-74,231,-451,g5/117mA/117mA g5/117mA/117mA g4/117mA/117mA g4/117mA/117mA,,,,,,
66.416,HR,223,12298632,13312821,11226427,12178385,-74,231,-451,g5/117mA/117mA g5/117mA/117mA g4/117mA/117mA g4/117mA/117mA,,,,,,
66.416,HR,224,12301739,13320841,11229669,12182438,-74,231,-451,g5/117mA/117mA g5/117mA/117mA g4/117mA/117mA g4/117mA/117mA,,,,,,
66.417,HR,225,12303906,13329788,11233190,12186729,-74,232,-451,g5/117mA/117mA g5/117mA/117mA g4/117mA/117mA g4/117mA/117mA,,,,,,
66.417,HR,226,12308512,13340162,11236586,12192779,-74,233,-451,g5/117mA/117mA g5/117mA/117mA g4/117mA/117mA g4/117mA/117mA,,,,,,
66.417,HR,227,12313769,13351177,11239589,12200012,-75,233,-451,g5/117mA/117mA g5/117mA/117mA g4/117mA/117mA g4/117mA/117mA,,,,,,
66.535,HR,228,12320260,13361746,11242191,12207426,-75,232,-451,g5/117mA/117mA g5/117mA/117mA g4/117mA/117mA g4/117mA/117mA,,,,,,
66.535,HR,229,12326019,13371267,11244793,12215207,-75,232,-451,g5/117mA/117mA g5/117mA/117mA g4/117mA/117mA g4/117mA/117mA,,,,,,
66.535,HR,230,12331264,13379364,11247754,12222380,-74,231,-451,g5/117mA/117mA g5/117mA/117mA g4/117mA/117mA g4/117mA/117mA,,,,,,
66.535,HR,231,12329566,13382486,11246978,12224455,-74,231,-451,g5/117mA/117mA g5/117mA/117mA g4/117mA/117mA g4/117mA/117mA,,,,,,
66.535,HR,232,12310184,13362207,11234455,12211410,-74,231,-451,g5/117mA/117mA g5/117mA/117mA g4/117mA/117mA g4/117mA/117mA,,,,,,
66.563,HR,233,12290811,13337919,11221487,12193912,-74,232,-451,g5/117mA/117mA g5/117mA/117mA g4/117mA/117mA g4/117mA/117mA,,,,,,
66.563,HR,234,12279122,13323858,11214082,12183854,-74,233,-451,g5/117mA/117mA g5/117mA/117mA g4/117mA/117mA g4/117mA/117mA,,,,,,
66.563,HR,235,12275700,13320277,11211249,12180996,-74,233,-451,g5/117mA/117mA g5/117mA/117mA g4/117mA/117mA g4/117mA/117mA,,,,,,
66.563,HR,236,12276035,13321803,11210013,12182541,-74,232,-451,g5/117mA/117mA g5/117mA/117mA g4/117mA/117mA g4/117mA/117mA,,,,,,
66.563,HR,237,12277989,13326486,11210695,12187744,-73,232,-450,g5/117mA/117mA g5/117mA/117mA g4/117mA/117mA g4/117mA/117mA,,,,,,
66.563,HR,238,12281996,13332570,11212735,12193400,-73,233,-450,g5/117mA/117mA g5/117mA/117mA g4/117mA/117mA g4/117mA/117mA,,,,,,
66.599,HR,239,12283347,13334590,11212904,12194937,-73,233,-450,g5/117mA/117mA g5/117mA/117mA g4/117mA/117mA g4/117mA/117mA,,,,,,
66.599,HR,240,12282646,13333611,11211813,12194885,-73,233,-450,g5/117mA/117mA g5/117mA/117mA g4/117mA/117mA g4/117mA/117mA,67,100,0,1,0,0
66.599,HR,241,12282903,13332143,11211283,12193717,-73,233,-450,g5/117mA/117mA g5/117mA/117mA g4/117mA/117mA g4/117mA/117mA,,,,,,
66.599,HR,242,12285129,13332996,11212179,12193682,-73,233,-450,g5/117mA/117mA g5/117mA/117mA g4/117mA/117mA g4/117mA/117mA,,,,,,
66.599,HR,243,12291229,13337440,11216377,12195090,-73,233,-450,g5/117mA/117mA g5/117mA/117mA g4/117mA/117mA g4/117mA/117mA,,,,,,
66.622,HR,244,12298088,13344676,11221539,12197743,-73,233,-451,g5/117mA/117mA g5/117mA/117mA g4/117mA/117mA g4/117mA/117mA,,,,,,
66.622,HR,245,12305006,13352593,11226400,12201820,-73,234,-451,g5/117mA/117mA g5/117mA/117mA g4/117mA/117mA g4/117mA/117mA,,,,,,
66.622,HR,246,12310978,13360090,11231886,12205370,-73,234,-451,g5/117mA/117mA g5/117mA/117mA g4/117mA/117mA g4/117mA/117mA,,,,,,
66.622,HR,247,12316898,13368708,11236459,12210198,-73,235,-450,g5/117mA/117mA g5/117mA/117mA g4/117mA/117mA g4/117mA/117mA,,,,,,
66.622,HR,248,12322095,13377418,11240348,12214934,-73,235,-450,g5/117mA/117mA g5/117mA/117mA g4/117mA/117mA g4/117mA/117mA,,,,,,
66.622,HR,249,12327802,13386171,11244580,12220777,-73,234,-450,g5/117mA/117mA g5/117mA/117mA g4/117mA/117mA g4/117mA/117mA,,,,,,
66.656,HR,250,12332947,13394626,11248214,12225938,-74,234,-450,g5/117mA/117mA g5/117mA/117mA g4/117mA/117mA g4/117mA/117mA,,,,,,
66.657,HRV,217,12288967,13299450,11221964,12170827,-75,230,-450,g5/117mA/117mA g5/117mA/117mA g4/117mA/117mA g4/117mA/117mA,,,,,,
66.657,HRV,218,12288728,13297054,11222270,12166759,-75,231,-450,g5/117mA/117mA g5/117mA/117mA g4/117mA/117mA g4/117mA/117mA,,,,,,
66.657,HRV,219,12289214,13296022,11221803,12164803,-75,232,-450,g5/117mA/117mA g5/117mA/117mA g4/117mA/117mA g4/117mA/117mA,,,,,,
66.657,HRV,220,12291254,13297413,11221913,12165733,-74,232,-451,g5/117mA/117mA g5/117mA/117mA g4/117mA/117mA g4/117mA/117mA,,,,,,
66.657,HRV,221,12294009,13301867,11223023,12169019,-74,231,-451,g5/117mA/117mA g5/117mA/117mA g4/117mA/117mA g4/117mA/117mA,,,,,,
66.718,HRV,222,12296586,13306849,11223961,12172841,-74,231,-451,g5/117mA/117mA g5/117mA/117mA g4/117mA/117mA g4/117mA/117mA,,,,,,
66.718,HRV,223,12298632,13312821,11226427,12178385,-74,231,-451,g5/117mA/117mA g5/117mA/117mA g4/117mA/117mA g4/117mA/117mA,,,,,,
66.718,HRV,224,12301739,13320841,11229669,12182438,-74,231,-451,g5/117mA/117mA g5/117mA/117mA g4/117mA/117mA g4/117mA/117mA,,,,,,
66.718,HRV,225,12303906,13329788,11233190,12186729,-74,232,-451,g5/117mA/117mA g5/117mA/117mA g4/117mA/117mA g4/117mA/117mA,,,,,,
66.718,HRV,226,12308512,13340162,11236586,12192779,-74,233,-451,g5/117mA/117mA g5/117mA/117mA g4/117mA/117mA g4/117mA/117mA,,,,,,
66.718,HRV,227,12313769,13351177,11239589,12200012,-75,233,-451,g5/117mA/117mA g5/117mA/117mA g4/117mA/117mA g4/117mA/117mA,,,,,,
66.742,HRV,228,12320260,13361746,11242191,12207426,-75,232,-451,g5/117mA/117mA g5/117mA/117mA g4/117mA/117mA g4/117mA/117mA,,,,,,
66.742,HRV,229,12326019,13371267,11244793,12215207,-75,232,-451,g5/117mA/117mA g5/117mA/117mA g4/117mA/117mA g4/117mA/117mA,,,,,,
66.742,HRV,230,12331264,13379364,11247754,12222380,-74,231,-451,g5/117mA/117mA g5/117mA/117mA g4/117mA/117mA g4/117mA/117mA,,,,,,
66.742,HRV,231,12329566,13382486,11246978,12224455,-74,231,-451,g5/117mA/117mA g5/117mA/117mA g4/117mA/117mA g4/117mA/117mA,,,,,,
66.742,HRV,232,12310184,13362207,11234455,12211410,-74,231,-451,g5/117mA/117mA g5/117mA/117mA g4/117mA/117mA g4/117mA/117mA,,,,,,
66.775,HRV,233,12290811,13337919,11221487,12193912,-74,232,-451,g5/117mA/117mA g5/117mA/117mA g4/117mA/117mA g4/117mA/117mA,,,,,,
66.775,HRV,234,12279122,13323858,11214082,12183854,-74,233,-451,g5/117mA/117mA g5/117mA/117mA g4/117mA/117mA g4/117mA/117mA,,,,,,
66.775,HRV,235,12275700,13320277,11211249,12180996,-74,233,-451,g5/117mA/117mA g5/117mA/117mA g4/117mA/117mA g4/117mA/117mA,,,,,,
66.775,HRV,236,12276035,13321803,11210013,12182541,-74,232,-451,g5/117mA/117mA g5/117mA/117mA g4/117mA/117mA g4/117mA/117mA,,,,,,
66.775,HRV,237,12277989,13326486,11210695,12187744,-73,232,-450,g5/117mA/117mA g5/117mA/117mA g4/117mA/117mA g4/117mA/117mA,,,,,,
66.775,HRV,238,12281996,13332570,11212735,12193400,-73,233,-450,g5/117mA/117mA g5/117mA/117mA g4/117mA/117mA g4/117mA/117mA,,,,,,
66.834,HRV,239,12283347,13334590,11212904,12194937,-73,233,-450,g5/117mA/117mA g5/117mA/117mA g4/117mA/117mA g4/117mA/117mA,,,,,,
66.834,HRV,240,12282646,13333611,11211813,12194885,-73,233,-450,g5/117mA/117mA g5/117mA/117mA g4/117mA/117mA g4/117mA/117mA,652,0,0,0,30,1
66.834,HRV,241,12282903,13332143,11211283,12193717,-73,233,-450,g5/117mA/117mA g5/117mA/117mA g4/117mA/117mA g4/117mA/117mA,,,,,,
66.834,HRV,242,12285129,13332996,11212179,12193682,-73,233,-450,g5/117mA/117mA g5/117mA/117mA g4/117mA/117mA g4/117mA/117mA,,,,,,
66.834,HRV,243,12291229,13337440,11216377,12195090,-73,233,-450,g5/117mA/117mA g5/117mA/117mA g4/117mA/117mA g4/117mA/117mA,,,,,,
66.953,HRV,244,12298088,13344676,11221539,12197743,-73,233,-451,g5/117mA/117mA g5/117mA/117mA g4/117mA/117mA g4/117mA/117mA,,,,,,
66.953,HRV,245,12305006,13352593,11226400,12201820,-73,234,-451,g5/117mA/117mA g5/117mA/117mA g4/117mA/117mA g4/117mA/117mA,,,,,,
66.953,HRV,246,12310978,13360090,11231886,12205370,-73,234,-451,g5/117mA/117mA g5/117mA/117mA g4/117mA/117mA g4/117mA/117mA,,,,,,
66.953,HRV,247,12316898,13368708,11236459,12210198,-73,235,-450,g5/117mA/117mA g5/117mA/117mA g4/117mA/117mA g4/117mA/117mA,,,,,,
66.953,HRV,248,12322095,13377418,11240348,12214934,-73,235,-450,g5/117mA/117mA g5/117mA/117mA g4/117mA/117mA g4/117mA/117mA,,,,,,
66.953,HRV,249,12327802,13386171,11244580,12220777,-73,234,-450,g5/117mA/117mA g5/117mA/117mA g4/117mA/117mA g4/117mA/117mA,,,,,,
66.955,HRV,250,12332947,13394626,11248214,12225938,-74,234,-450,g5/117mA/117mA g5/117mA/117mA g4/117mA/117mA g4/117mA/117mA,,,,,,
67.618,HR,251,12337809,13402833,11251347,12231799,-72,234,-450,g5/117mA/117mA g5/117mA/117mA g4/117mA/117mA g4/117mA/117mA,,,,,,
67.618,HR,252,12343422,13412389,11255048,12237747,-72,235,-450,g5/117mA/117mA g5/117mA/117mA g4/117mA/117mA g4/117mA/117mA,,,,,,
67.618,HR,253,12349556,13421799,11258452,12244510,-72,235,-450,g5/117mA/117mA g5/117mA/117mA g4/117mA/117mA g4/117mA/117mA,,,,,,
67.618,HR,254,12355870,13432385,11261857,12251039,-72,234,-449,g5/117mA/117mA g5/117mA/117mA g4/117mA/117mA g4/117mA/117mA,,,,,,
67.618,HR,255,12352389,13434194,11258964,12251773,-72,234,-449,g5/117mA/117mA g5/117mA/117mA g4/117mA/117mA g4/117mA/117mA,,,,,,
67.642,HR,0,12330250,13411297,11243694,12234128,-72,234,-450,g5/117mA/117mA g5/117mA/117mA g4/117mA/117mA g4/117mA/117mA,,,,,,
67.642,HR,1,12308946,13386369,11228543,12214020,-73,234,-451,g5/117mA/117mA g5/117mA/117mA g4/117mA/117mA g4/117mA/117mA,,,,,,
67.642,HR,2,12296756,13370678,11218960,12201599,-73,234,-451,g5/117mA/117mA g5/117mA/117mA g4/117mA/117mA g4/117mA/117mA,,,,,,
67.642,HR,3,12292960,13365441,11214908,12197113,-73,234,-451,g5/117mA/117mA g5/117mA/117mA g4/117mA/117mA g4/117mA/117mA,,,,,,
67.642,HR,4,12292739,13366901,11213587,12197170,-73,234,-451,g5/117mA/117mA g5/117mA/117mA g4/117mA/117mA g4/117mA/117mA,,,,,,
67.642,HR,5,12295009,13371846,11213869,12200841,-73,234,-451,g5/117mA/117mA g5/117mA/117mA g4/117mA/117mA g4/117mA/117mA,,,,,,
67.738,HR,6,12297397,13376821,11213851,12203793,-73,233,-451,g5/117mA/117mA g5/117mA/117mA g4/117mA/117mA g4/117mA/117mA,,,,,,
67.738,HR,7,12294956,13376403,11210908,12203681,-73,233,-451,g5/117mA/117mA g5/117mA/117mA g4/117mA/117mA g4/117mA/117mA,,,,,,
67.738,HR,8,12290939,13373273,11206889,12201429,-73,233,-450,g5/117mA/117mA g5/117mA/117mA g4/117mA/117mA g4/117mA/117mA,,,,,,
67.738,HR,9,12286809,13369808,11202428,12199304,-74,233,-450,g5/117mA/117mA g5/117mA/117mA g4/117mA/117mA g4/117mA/117mA,68,100,0,1,0,0
67.738,HR,10,12285188,13368701,11200140,12198868,-74,234,-451,g5/117mA/117mA g5/117mA/117mA g4/117mA/117mA g4/117mA/117mA,,,,,,
67.761,HR,11,12286929,13371566,11199518,12200933,-74,234,-452,g5/117mA/117mA g5/117mA/117mA g4/117mA/117mA g4/117mA/117mA,,,,,,
67.761,HR,12,12290503,13377291,11200644,12204542,-74,234,-452,g5/117mA/117mA g5/117mA/117mA g4/117mA/117mA g4/117mA/117mA,,,,,,
67.761,HR,13,12294776,13384490,11202078,12210471,-73,233,-451,g5/117mA/117mA g5/117mA/117mA g4/117mA/117mA g4/117mA/117mA,,,,,,
67.761,HR,14,12299163,13393134,11203554,12217765,-73,233,-451,g5/117mA/117mA g5/117mA/117mA g4/117mA/117mA g4/117mA/117mA,,,,,,
67.761,HR,15,12303693,13401553,11204876,12225196,-73,233,-450,g5/117mA/117mA g5/117mA/117mA g4/117mA/117mA g4/117mA/117mA,,,,,,
67.761,HR,16,12307165,13409290,11206225,12232388,-74,232,-449,g5/117mA/117mA g5/117mA/117mA g4/117mA/117mA g4/117mA/117mA,,,,,,
67.796,HR,17,12310723,13416355,11207716,12239520,-74,229,-449,g5/117mA/117mA g5/117mA/117mA g4/117mA/117mA g4/117mA/117mA,,,,,,
67.796,HR,18,12314176,13423138,11209295,12245927,-74,231,-450,g5/117mA/117mA g5/117mA/117mA g4/117mA/117mA g4/117mA/117mA,,,,,,
67.796,HR,19,12317428,13430046,11210781,12252104,-74,233,-451,g5/117mA/117mA g5/117mA/117mA g4/117mA/117mA g4/117mA/117mA,,,,,,
67.796,HR,20,12321463,13437855,11212520,12258827,-74,233,-451,g5/117mA/117mA g5/117mA/117mA g4/117mA/117mA g4/117mA/117mA,,,,,,
67.796,HR,21,12324765,13445012,11213978,12265574,-75,234,-451,g5/117mA/117mA g5/117mA/117mA g4/117mA/117mA g4/117mA/117mA,,,,,,
67.821,HR,22,12328510,13451753,11216120,12271998,-74,234,-451,g5/117mA/117mA g5/117mA/117mA g4/117mA/117mA g4/117mA/117mA,,,,,,
67.821,HR,23,12321403,13450182,11210311,12271222,-74,234,-450,g5/117mA/117mA g5/117mA/117mA g4/117mA/117mA g4/117mA/117mA,,,,,,
67.821,HR,24,12292687,13419998,11190544,12250679,-74,233,-451,g5/117mA/117mA g5/117mA/117mA g4/117mA/117mA g4/117mA/117mA,,,,,,
67.821,HR,25,12266102,13386939,11171041,12227380,-74,233,-452,g5/117mA/117mA g5/117mA/117mA g4/117mA/117mA g4/117mA/117mA,,,,,,
67.821,HR,26,12249680,13365142,11158942,12212100,-74,233,-452,g5/117mA/117mA g5/117mA/117mA g4/117mA/117mA g4/117mA/117mA,,,,,,
67.821,HR,27,12242522,13354990,11153007,12204227,-74,233,-451,g5/117mA/117mA g5/117mA/117mA g4/117mA/117mA g4/117mA/117mA,,,,,,
67.852,HR,28,12238787,13351578,11149551,12201633,-73,234,-450,g5/117mA/117mA g5/117mA/117mA g4/117mA/117mA g4/117mA/117mA,,,,,,
67.855,HRV,251,12337809,13402833,11251347,12231799,-72,234,-450,g5/117mA/117mA g5/117mA/117mA g4/117mA/117mA g4/117mA/117mA,,,,,,
67.855,HRV,252,12343422,13412389,11255048,12237747,-72,235,-450,g5/117mA/117mA g5/117mA/117mA g4/117mA/117mA g4/117mA/117mA,,,,,,
67.855,HRV,253,12349556,13421799,11258452,12244510,-72,235,-450,g5/117mA/117mA g5/117mA/117mA g4/117mA/117mA g4/117mA/117mA,,,,,,
67.855,HRV,254,12355870,13432385,11261857,12251039,-72,234,-449,g5/117mA/117mA g5/117mA/117mA g4/117mA/117mA g4/117mA/117mA,,,,,,
67.855,HRV,255,12352389,13434194,11258964,12251773,-72,234,-449,g5/117mA/117mA g5/117mA/117mA g4/117mA/117mA g4/117mA/117mA,,,,,,
67.972,HRV,0,12330250,13411297,11243694,12234128,-72,234,-450,g5/117mA/117mA g5/117mA/117mA g4/117mA/117mA g4/117mA/117mA,,,,,,
67.972,HRV,1,12308946,13386369,11228543,12214020,-73,234,-451,g5/117mA/117mA g5/117mA/117mA g4/117mA/117mA g4/117mA/117mA,,,,,,
67.972,HRV,2,12296756,13370678,11218960,12201599,-73,234,-451,g5/117mA/117mA g5/117mA/117mA g4/117mA/117mA g4/117mA/117mA,,,,,,
67.972,HRV,3,12292960,13365441,11214908,12197113,-73,234,-451,g5/117mA/117mA g5/117mA/117mA g4/117mA/117mA g4/117mA/117mA,,,,,,
67.972,HRV,4,12292739,13366901,11213587,12197170,-73,234,-451,g5/117mA/117mA g5/117mA/117mA g4/117mA/117mA g4/117mA/117mA,,,,,,
67.972,HRV,5,12295009,13371846,11213869,12200841,-73,234,-451,g5/117mA/117mA g5/117mA/117mA g4/117mA/117mA g4/117mA/117mA,,,,,,
67.977,HRV,6,12297397,13376821,11213851,12203793,-73,233,-451,g5/117mA/117mA g5/117mA/117mA g4/117mA/117mA g4/117mA/117mA,,,,,,
67.977,HRV,7,12294956,13376403,11210908,12203681,-73,233,-451,g5/117mA/117mA g5/117mA/117mA g4/117mA/117mA g4/117mA/117mA,,,,,,
67.978,HRV,8,12290939,13373273,11206889,12201429,-73,233,-450,g5/117mA/117mA g5/117mA/117mA g4/117mA/117mA g4/117mA/117mA,,,,,,
67.978,HRV,9,12286809,13369808,11202428,12199304,-74,233,-450,g5/117mA/117mA g5/117mA/117mA g4/117mA/117mA g4/117mA/117mA,633,633,0,0,30,2
67.978,HRV,10,12285188,13368701,11200140,12198868,-74,234,-451,g5/117mA/117mA g5/117mA/117mA g4/117mA/117mA g4/117mA/117mA,,,,,,
68.037,HRV,11,12286929,13371566,11199518,12200933,-74,234,-452,g5/117mA/117mA g5/117mA/117mA g4/117mA/117mA g4/117mA/117mA,,,,,,
68.037,HRV,12,12290503,13377291,11200644,12204542,-74,234,-452,g5/117mA/117mA g5/117mA/117mA g4/117mA/117mA g4/117mA/117mA,,,,,,
68.037,HRV,13,12294776,13384490,11202078,12210471,-73,233,-451,g5/117mA/117mA g5/117mA/117mA g4/117mA/117mA g4/117mA/117mA,,,,,,
68.037,HRV,14,12299163,13393134,11203554,12217765,-73,233,-451,g5/117mA/117mA g5/117mA/117mA g4/117mA/117mA g4/117mA/117mA,,,,,,
68.037,HRV,15,12303693,13401553,11204876,12225196,-73,233,-450,g5/117mA/117mA g5/117mA/117mA g4/117mA/117mA g4/117mA/117mA,,,,,,
68.037,HRV,16,12307165,13409290,11206225,12232388,-74,232,-449,g5/117mA/117mA g5/117mA/117mA g4/117mA/117mA g4/117mA/117mA,,,,,,
68.038,HRV,17,12310723,13416355,11207716,12239520,-74,229,-449,g5/117mA/117mA g5/117mA/117mA g4/117mA/117mA g4/117mA/117mA,,,,,,
68.038,HRV,18,12314176,13423138,11209295,12245927,-74,231,-450,g5/117mA/117mA g5/117mA/117mA g4/117mA/117mA g4/117mA/117mA,,,,,,
68.038,HRV,19,12317428,13430046,11210781,12252104,-74,233,-451,g5/117mA/117mA g5/117mA/117mA g4/117mA/117mA g4/117mA/117mA,,,,,,
68.038,HRV,20,12321463,13437855,11212520,12258827,-74,233,-451,g5/117mA/117mA g5/117mA/117mA g4/117mA/117mA g4/117mA/117mA,,,,,,
68.038,HRV,21,12324765,13445012,11213978,12265574,-75,234,-451,g5/117mA/117mA g5/117mA/117mA g4/117mA/117mA g4/117mA/117mA,,,,,,
68.098,HRV,22,12328510,13451753,11216120,12271998,-74,234,-451,g5/117mA/117mA g5/117mA/117mA g4/117mA/117mA g4/117mA/117mA,,,,,,
68.098,HRV,23,12321403,13450182,11210311,12271222,-74,234,-450,g5/117mA/117mA g5/117mA/117mA g4/117mA/117mA g4/117mA/117mA,,,,,,
68.098,HRV,24,12292687,13419998,11190544,12250679,-74,233,-451,g5/117mA/117mA g5/117mA/117mA g4/117mA/117mA g4/117mA/117mA,,,,,,
68.098,HRV,25,12266102,13386939,11171041,12227380,-74,233,-452,g5/117mA/117mA g5/117mA/117mA g4/117mA/117mA g4/117mA/117mA,,,,,,
68.098,HRV,26,12249680,13365142,11158942,12212100,-74,233,-452,g5/117mA/117mA g5/117mA/117mA g4/117mA/117mA g4/117mA/117mA,,,,,,
68.098,HRV,27,12242522,13354990,11153007,12204227,-74,233,-451,g5/117mA/117mA g5/117mA/117mA g4/117mA/117mA g4/117mA/117mA,,,,,,
68.098,HRV,28,12238787,13351578,11149551,12201633,-73,234,-450,g5/117mA/117mA g5/117mA/117mA g4/117mA/117mA g4/117mA/117mA,,,,,,
69.177,HR,29,12239630,13351979,11148621,12201436,-74,232,-451,g5/117mA/117mA g5/117mA/117mA g4/117mA/117mA g4/117mA/117mA,,,,,,
69.177,HR,30,12240296,13354307,11148134,12202870,-74,232,-451,g5/117mA/117mA g5/117mA/117mA g4/117mA/117mA g4/117mA/117mA,,,,,,
69.177,HR,31,12237029,13351910,11145099,12201470,-74,233,-451,g5/117mA/117mA g5/117mA/117mA g4/117mA/117mA g4/117mA/117mA,,,,,,
69.177,HR,32,12231579,13344711,11140516,12196303,-73,232,-452,g5/117mA/117mA g5/117mA/117mA g4/117mA/117mA g4/117mA/117mA,,,,,,
69.177,HR,33,12225811,13338490,11135610,12190927,-72,230,-449,g5/117mA/117mA g5/117mA/117mA g4/117mA/117mA g4/117mA/117mA,,,,,,
69.241,HR,34,12222331,13333192,11132301,12187771,-71,232,-448,g5/117mA/117mA g5/117mA/117mA g4/117mA/117mA g4/117mA/117mA,68,99,0,1,0,0
69.241,HR,35,12222049,13331580,11131645,12186559,-71,233,-448,g5/117mA/117mA g5/117mA/117mA g4/117mA/117mA g4/117mA/117mA,,,,,,
69.241,HR,36,12224180,13333909,11132385,12187737,-72,232,-451,g5/117mA/117mA g5/117mA/117mA g4/117mA/117mA g4/117mA/117mA,,,,,,
69.241,HR,37,12227877,13338576,11134168,12190142,-74,232,-453,g5/117mA/117mA g5/117mA/117mA g4/117mA/117mA g4/117mA/117mA,,,,,,
69.241,HR,38,12232124,13343465,11136327,12194527,-76,231,-453,g5/117mA/117mA g5/117mA/117mA g4/117mA/117mA g4/117mA/117mA,,,,,,
69.292,HR,39,12236783,13349957,11139083,12199234,-76,230,-452,g5/117mA/117mA g5/117mA/117mA g4/117mA/117mA g4/117mA/117mA,,,,,,
69.292,HR,40,12241790,13356294,11141274,12203774,-76,227,-452,g5/117mA/117mA g5/117mA/117mA g4/117mA/117mA g4/117mA/117mA,,,,,,
69.292,HR,41,12245135,13361457,11142913,12207272,-76,229,-452,g5/117mA/117mA g5/117mA/117mA g4/117mA/117mA g4/117mA/117mA,,,,,,
69.292,HR,42,12248682,13366250,11145303,12210966,-76,231,-452,g5/117mA/117mA g5/117mA/117mA g4/117mA/117mA g4/117mA/117mA,,,,,,
69.292,HR,43,12253298,13372651,11147682,12215361,-76,227,-452,g5/117mA/117mA g5/117mA/117mA g4/117mA/117mA g4/117mA/117mA,,,,,,
69.359,HR,44,12258050,13378024,11150369,12221698,-76,228,-453,g5/117mA/117mA g5/117mA/117mA g4/117mA/117mA g4/117mA/117mA,,,,,,
69.359,HR,45,12263116,13383048,11153313,12227875,-76,229,-453,g5/117mA/117mA g5/117mA/117mA g4/117mA/117mA g4/117mA/117mA,,,,,,
69.359,HR,46,12268569,13388680,11156836,12233797,-76,229,-454,g5/117mA/117mA g5/117mA/117mA g4/117mA/117mA g4/117mA/117mA,,,,,,
69.359,HR,47,12256635,13377957,11148511,12227005,-83,221,-455,g5/117mA/117mA g5/117mA/117mA g4/117mA/117mA g4/117mA/117mA,,,,,,
69.359,HR,48,12224669,13339523,11126977,12198724,-81,221,-454,g5/117mA/117mA g5/117mA/117mA g4/117mA/117mA g4/117mA/117mA,,,,,,
69.359,HR,49,12197973,13302225,11108003,12171578,-76,226,-453,g5/117mA/117mA g5/117mA/117mA g4/117mA/117mA g4/117mA/117mA,,,,,,
69.383,HR,50,12182880,13278857,11096750,12153363,-76,226,-453,g5/117mA/117mA g5/117mA/117mA g4/117mA/117mA g4/117mA/117mA,,,,,,
69.383,HR,51,12176824,13269515,11091069,12144201,-76,227,-453,g5/117mA/117mA g5/117mA/117mA g4/117mA/117mA g4/117mA/117mA,,,,,,
69.383,HR,52,12173463,13264762,11087827,12140456,-76,227,-453,g5/117mA/117mA g5/117mA/117mA g4/117mA/117mA g4/117mA/117mA,,,,,,
69.383,HR,53,12173684,13263722,11087095,12139644,-76,227,-453,g5/117mA/117mA g5/117mA/117mA g4/117mA/117mA g4/117mA/117mA,,,,,,
69.383,HR,54,12173770,13265598,11086266,12140028,-63,237,-448,g5/117mA/117mA g5/117mA/117mA g4/117mA/117mA g4/117mA/117mA,,,,,,
69.383,HR,55,12169855,13262298,11082121,12138655,-64,238,-448,g5/117mA/117mA g5/117mA/117mA g4/117mA/117mA g4/117mA/117mA,,,,,,
69.416,HR,56,12162876,13255763,11076326,12135577,-76,227,-453,g5/117mA/117mA g5/117mA/117mA g4/117mA/117mA g4/117mA/117mA,,,,,,
69.416,HR,57,12156317,13248750,11070474,12133280,-76,227,-453,g5/117mA/117mA g5/117mA/117mA g4/117mA/117mA g4/117mA/117mA,,,,,,
69.416,HR,58,12152646,13244613,11066788,12132403,-76,228,-453,g5/117mA/117mA g5/117mA/117mA g4/117mA/117mA g4/117mA/117mA,,,,,,
69.416,HR,59,12151990,13244613,11065048,12133656,-76,228,-453,g5/117mA/117mA g5/117mA/117mA g4/117mA/117mA g4/117mA/117mA,69,100,0,1,0,0
69.416,HR,60,12154175,13248913,11065816,12137230,-75,228,-453,g5/117mA/117mA g5/117mA/117mA g4/117mA/117mA g4/117mA/117mA,,,,,,
69.416,HR,61,12157885,13255541,11067599,12143706,-76,226,-451,g5/117mA/117mA g5/117mA/117mA g4/117mA/117mA g4/117mA/117mA,,,,,,
69.416,HR,62,12162305,13260788,11070184,12150454,-77,232,-447,g5/117mA/117mA g5/117mA/117mA g4/117mA/117mA g4/117mA/117mA,,,,,,
69.537,HRV,29,12239630,13351979,11148621,12201436,-74,232,-451,g5/117mA/117mA g5/117mA/117mA g4/117mA/117mA g4/117mA/117mA,,,,,,
69.537,HRV,30,12240296,13354307,11148134,12202870,-74,232,-451,g5/117mA/117mA g5/117mA/117mA g4/117mA/117mA g4/117mA/117mA,,,,,,
69.537,HRV,31,12237029,13351910,11145099,12201470,-74,233,-451,g5/117mA/117mA g5/117mA/117mA g4/117mA/117mA g4/117mA/117mA,,,,,,
69.537,HRV,32,12231579,13344711,11140516,12196303,-73,232,-452,g5/117mA/117mA g5/117mA/117mA g4/117mA/117mA g4/117mA/117mA,,,,,,
69.537,HRV,33,12225811,13338490,11135610,12190927,-72,230,-449,g5/117mA/117mA g5/117mA/117mA g4/117mA/117mA g4/117mA/117mA,,,,,,
69.539,HRV,34,12222331,13333192,11132301,12187771,-71,232,-448,g5/117mA/117mA g5/117mA/117mA g4/117mA/117mA g4/117mA/117mA,624,624,0,0,30,2
69.539,HRV,35,12222049,13331580,11131645,12186559,-71,233,-448,g5/117mA/117mA g5/117mA/117mA g4/117mA/117mA g4/117mA/117mA,,,,,,
69.539,HRV,36,12224180,13333909,11132385,12187737,-72,232,-451,g5/117mA/117mA g5/117mA/117mA g4/117mA/117mA g4/117mA/117mA,,,,,,
69.539,HRV,37,12227877,13338576,11134168,12190142,-74,232,-453,g5/117mA/117mA g5/117mA/117mA g4/117mA/117mA g4/117mA/117mA,,,,,,
69.539,HRV,38,12232124,13343465,11136327,12194527,-76,231,-453,g5/117mA/117mA g5/117mA/117mA g4/117mA/117mA g4/117mA/117mA,,,,,,
69.597,HRV,39,12236783,13349957,11139083,12199234,-76,230,-452,g5/117mA/117mA g5/117mA/117mA g4/117mA/117mA g4/117mA/117mA,,,,,,
69.597,HRV,40,12241790,13356294,11141274,12203774,-76,227,-452,g5/117mA/117mA g5/117mA/117mA g4/117mA/117mA g4/117mA/117mA,,,,,,
69.597,HRV,41,12245135,13361457,11142913,12207272,-76,229,-452,g5/117mA/117mA g5/117mA/117mA g4/117mA/117mA g4/117mA/117mA,,,,,,
69.597,HRV,42,12248682,13366250,11145303,12210966,-76,231,-452,g5/117mA/117mA g5/117mA/117mA g4/117mA/117mA g4/117mA/117mA,,,,,,
69.597,HRV,43,12253298,13372651,11147682,12215361,-76,227,-452,g5/117mA/117mA g5/117mA/117mA g4/117mA/117mA g4/117mA/117mA,,,,,,
69.622,HRV,44,12258050,13378024,11150369,12221698,-76,228,-453,g5/117mA/117mA g5/117mA/117mA g4/117mA/117mA g4/117mA/117mA,,,,,,
69.622,HRV,45,12263116,13383048,11153313,12227875,-76,229,-453,g5/117mA/117mA g5/117mA/117mA g4/117mA/117mA g4/117mA/117mA,,,,,,
69.622,HRV,46,12268569,13388680,11156836,12233797,-76,229,-454,g5/117mA/117mA g5/117mA/117mA g4/117mA/117mA g4/117mA/117mA,,,,,,
69.622,HRV,47,12256635,13377957,11148511,12227005,-83,221,-455,g5/117mA/117mA g5/117mA/117mA g4/117mA/117mA g4/117mA/117mA,,,,,,
69.622,HRV,48,12224669,13339523,11126977,12198724,-81,221,-454,g5/117mA/117mA g5/117mA/117mA g4/117mA/117mA g4/117mA/117mA,,,,,,
69.622,HRV,49,12197973,13302225,11108003,12171578,-76,226,-453,g5/117mA/117mA g5/117mA/117mA g4/117mA/117mA g4/117mA/117mA,,,,,,
69.775,HRV,50,12182880,13278857,11096750,12153363,-76,226,-453,g5/117mA/117mA g5/117mA/117mA g4/117mA/117mA g4/117mA/117mA,,,,,,
69.775,HRV,51,12176824,13269515,11091069,12144201,-76,227,-453,g5/117mA/117mA g5/117mA/117mA g4/117mA/117mA g4/117mA/117mA,,,,,,
69.775,HRV,52,12173463,13264762,11087827,12140456,-76,227,-453,g5/117mA/117mA g5/117mA/117mA g4/117mA/117mA g4/117mA/117mA,,,,,,
69.775,HRV,53,12173684,13263722,11087095,12139644,-76,227,-453,g5/117mA/117mA g5/117mA/117mA g4/117mA/117mA g4/117mA/117mA,,,,,,
69.775,HRV,54,12173770,13265598,11086266,12140028,-63,237,-448,g5/117mA/117mA g5/117mA/117mA g4/117mA/117mA g4/117mA/117mA,,,,,,
69.775,HRV,55,12169855,13262298,11082121,12138655,-64,238,-448,g5/117mA/117mA g5/117mA/117mA g4/117mA/117mA g4/117mA/117mA,,,,,,
69.777,HRV,56,12162876,13255763,11076326,12135577,-76,227,-453,g5/117mA/117mA g5/117mA/117mA g4/117mA/117mA g4/117mA/117mA,,,,,,
69.777,HRV,57,12156317,13248750,11070474,12133280,-76,227,-453,g5/117mA/117mA g5/117mA/117mA g4/117mA/117mA g4/117mA/117mA,,,,,,
69.777,HRV,58,12152646,13244613,11066788,12132403,-76,228,-453,g5/117mA/117mA g5/117mA/117mA g4/117mA/117mA g4/117mA/117mA,,,,,,
69.777,HRV,59,12151990,13244613,11065048,12133656,-76,228,-453,g5/117mA/117mA g5/117mA/117mA g4/117mA/117mA g4/117mA/117mA,619,0,0,0,30,1
69.777,HRV,60,12154175,13248913,11065816,12137230,-75,228,-453,g5/117mA/117mA g5/117mA/117mA g4/117mA/117mA g4/117mA/117mA,,,,,,
69.777,HRV,61,12157885,13255541,11067599,12143706,-76,226,-451,g5/117mA/117mA g5/117mA/117mA g4/117mA/117mA g4/117mA/117mA,,,,,,
69.777,HRV,62,12162305,13260788,11070184,12150454,-77,232,-447,g5/117mA/117mA g5/117mA/117mA g4/117mA/117mA g4/117mA/117mA,,,,,,
70.375,HR,63,12166749,13263739,11073197,12155121,-76,234,-452,g5/117mA/117mA g5/117mA/117mA g4/117mA/117mA g4/117mA/117mA,,,,,,
70.375,HR,64,12170254,13269318,11075115,12158371,-75,233,-451,g5/117mA/117mA g5/117mA/117mA g4/117mA/117mA g4/117mA/117mA,,,,,,
70.375,HR,65,12172780,13276179,11077215,12161340,-75,233,-451,g5/117mA/117mA g5/117mA/117mA g4/117mA/117mA g4/117mA/117mA,,,,,,
70.375,HR,66,12175809,13283558,11079391,12165189,-74,233,-450,g5/117mA/117mA g5/117mA/117mA g4/117mA/117mA g4/117mA/117mA,,,,,,
70.375,HR,67,12180417,13293070,11082026,12170878,-73,233,-449,g5/117mA/117mA g5/117mA/117mA g4/117mA/117mA g4/117mA/117mA,,,,,,
70.438,HR,68,12183947,13300944,11083962,12177507,-73,232,-449,g5/117mA/117mA g5/117mA/117mA g4/117mA/117mA g4/117mA/117mA,,,,,,
70.438,HR,69,12187983,13306149,11086530,12183384,-73,232,-449,g5/117mA/117mA g5/117mA/117mA g4/117mA/117mA g4/117mA/117mA,,,,,,
70.438,HR,70,12190117,13311462,11087905,12186532,-73,232,-449,g5/117mA/117mA g5/117mA/117mA g4/117mA/117mA g4/117mA/117mA,,,,,,
70.438,HR,71,12165972,13290331,11072018,12168488,-74,232,-450,g5/117mA/117mA g5/117mA/117mA g4/117mA/117mA g4/117mA/117mA,,,,,,
70.438,HR,72,12133401,13253842,11048925,12139705,-74,232,-451,g5/117mA/117mA g5/117mA/117mA g4/117mA/117mA g4/117mA/117mA,,,,,,
70.439,HR,73,12110450,13227773,11031795,12119638,-74,232,-452,g5/117mA/117mA g5/117mA/117mA g4/117mA/117mA g4/117mA/117mA,,,,,,
70.462,HR,74,12098030,13213355,11022120,12110673,-74,232,-452,g5/117mA/117mA g5/117mA/117mA g4/117mA/117mA g4/117mA/117mA,,,,,,
70.462,HR,75,12093584,13203305,11017904,12105649,-74,232,-452,g5/117mA/117mA g5/117mA/117mA g4/117mA/117mA g4/117mA/117mA,,,,,,
70.462,HR,76,12092433,13198911,11016285,12103472,-75,232,-452,g5/117mA/117mA g5/117mA/117mA g4/117mA/117mA g4/117mA/117mA,,,,,,
70.462,HR,77,12094677,13201709,11017034,12104198,-75,232,-452,g5/117mA/117mA g5/117mA/117mA g4/117mA/117mA g4/117mA/117mA,,,,,,
70.463,HR,78,12094412,13203833,11016830,12103429,-74,233,-451,g5/117mA/117mA g5/117mA/117mA g4/117mA/117mA g4/117mA/117mA,,,,,,
70.463,HR,79,12089303,13202409,11013068,12101688,-74,233,-450,g5/117mA/117mA g5/117mA/117mA g4/117mA/117mA g4/117mA/117mA,,,,,,
70.524,HR,80,12083867,13197955,11008777,12100053,-74,233,-450,g5/117mA/117mA g5/117mA/117mA g4/117mA/117mA g4/117mA/117mA,,,,,,
70.524,HR,81,12079048,13190174,11004724,12098226,-73,233,-450,g5/117mA/117mA g5/117mA/117mA g4/117mA/117mA g4/117mA/117mA,,,,,,
70.524,HR,82,12076906,13183742,11002729,12096434,-73,233,-450,g5/117mA/117mA g5/117mA/117mA g4/117mA/117mA g4/117mA/117mA,,,,,,
70.524,HR,83,12079056,13182180,11002992,12095811,-73,232,-450,g5/117mA/117mA g5/117mA/117mA g4/117mA/117mA g4/117mA/117mA,,,,,,
70.524,HR,84,12082502,13187069,11005048,12097398,-74,231,-451,g5/117mA/117mA g5/117mA/117mA g4/117mA/117mA g4/117mA/117mA,68,100,0,1,0,0
70.555,HR,85,12087085,13195830,11007898,12101562,-75,230,-452,g5/117mA/117mA g5/117mA/117mA g4/117mA/117mA g4/117mA/117mA,,,,,,
70.555,HR,86,12090804,13204736,11010655,12108361,-75,228,-452,g5/117mA/117mA g5/117mA/117mA g4/117mA/117mA g4/117mA/117mA,,,,,,
70.555,HR,87,12095095,13209515,11013220,12114291,-75,226,-452,g5/117mA/117mA g5/117mA/117mA g4/117mA/117mA g4/117mA/117mA,,,,,,
70.555,HR,88,12098661,13212441,11015746,12118598,-76,227,-452,g5/117mA/117mA g5/117mA/117mA g4/117mA/117mA g4/117mA/117mA,,,,,,
70.555,HR,89,12102527,13215735,11018153,12122326,-76,230,-452,g5/117mA/117mA g5/117mA/117mA g4/117mA/117mA g4/117mA/117mA,,,,,,
70.615,HR,90,12107287,13220666,11020995,12125790,-75,231,-451,g5/117mA/117mA g5/117mA/117mA g4/117mA/117mA g4/117mA/117mA,,,,,,
70.615,HR,91,12111859,13227005,11024303,12130569,-75,231,-450,g5/117mA/117mA g5/117mA/117mA g4/117mA/117mA g4/117mA/117mA,,,,,,
70.615,HR,92,12116823,13232891,11027835,12135916,-75,231,-450,g5/117mA/117mA g5/117mA/117mA g4/117mA/117mA g4/117mA/117mA,,,,,,
70.615,HR,93,12117831,13235083,11028057,12138356,-75,231,-450,g5/117mA/117mA g5/117mA/117mA g4/117mA/117mA g4/117mA/117mA,,,,,,
70.615,HR,94,12092860,13205556,11011592,12118241,-75,232,-451,g5/117mA/117mA g5/117mA/117mA g4/117mA/117mA g4/117mA/117mA,,,,,,
70.615,HR,95,12061235,13163446,10988932,12088398,-75,231,-452,g5/117mA/117mA g5/117mA/117mA g4/117mA/117mA g4/117mA/117mA,,,,,,
70.615,HR,96,12039787,13132939,10973373,12066481,-75,229,-452,g5/117mA/117mA g5/117mA/117mA g4/117mA/117mA g4/117mA/117mA,,,,,,
70.734,HRV,63,12166749,13263739,11073197,12155121,-76,234,-452,g5/117mA/117mA g5/117mA/117mA g4/117mA/117mA g4/117mA/117mA,,,,,,
70.734,HRV,64,12170254,13269318,11075115,12158371,-75,233,-451,g5/117mA/117mA g5/117mA/117mA g4/117mA/117mA g4/117mA/117mA,,,,,,
70.734,HRV,65,12172780,13276179,11077215,12161340,-75,233,-451,g5/117mA/117mA g5/117mA/117mA g4/117mA/117mA g4/117mA/117mA,,,,,,
70.734,HRV,66,12175809,13283558,11079391,12165189,-74,233,-450,g5/117mA/117mA g5/117mA/117mA g4/117mA/117mA g4/117mA/117mA,,,,,,
70.734,HRV,67,12180417,13293070,11082026,12170878,-73,233,-449,g5/117mA/117mA g5/117mA/117mA g4/117mA/117mA g4/117mA/117mA,,,,,,
70.761,HRV,68,12183947,13300944,11083962,12177507,-73,232,-449,g5/117mA/117mA g5/117mA/117mA g4/117mA/117mA g4/117mA/117mA,,,,,,
70.761,HRV,69,12187983,13306149,11086530,12183384,-73,232,-449,g5/117mA/117mA g5/117mA/117mA g4/117mA/117mA g4/117mA/117mA,,,,,,
70.761,HRV,70,12190117,13311462,11087905,12186532,-73,232,-449,g5/117mA/117mA g5/117mA/117mA g4/117mA/117mA g4/117mA/117mA,,,,,,
70.761,HRV,71,12165972,13290331,11072018,12168488,-74,232,-450,g5/117mA/117mA g5/117mA/117mA g4/117mA/117mA g4/117mA/117mA,,,,,,
70.761,HRV,72,12133401,13253842,11048925,12139705,-74,232,-451,g5/117mA/117mA g5/117mA/117mA g4/117mA/117mA g4/117mA/117mA,,,,,,
70.761,HRV,73,12110450,13227773,11031795,12119638,-74,232,-452,g5/117mA/117mA g5/117mA/117mA g4/117mA/117mA g4/117mA/117mA,,,,,,
70.798,HRV,74,12098030,13213355,11022120,12110673,-74,232,-452,g5/117mA/117mA g5/117mA/117mA g4/117mA/117mA g4/117mA/117mA,,,,,,
70.798,HRV,75,12093584,13203305,11017904,12105649,-74,232,-452,g5/117mA/117mA g5/117mA/117mA g4/117mA/117mA g4/117mA/117mA,,,,,,
70.798,HRV,76,12092433,13198911,11016285,12103472,-75,232,-452,g5/117mA/117mA g5/117mA/117mA g4/117mA/117mA g4/117mA/117mA,,,,,,
70.798,HRV,77,12094677,13201709,11017034,12104198,-75,232,-452,g5/117mA/117mA g5/117mA/117mA g4/117mA/117mA g4/117mA/117mA,,,,,,
70.798,HRV,78,12094412,13203833,11016830,12103429,-74,233,-451,g5/117mA/117mA g5/117mA/117mA g4/117mA/117mA g4/117mA/117mA,,,,,,
70.798,HRV,79,12089303,13202409,11013068,12101688,-74,233,-450,g5/117mA/117mA g5/117mA/117mA g4/117mA/117mA g4/117mA/117mA,,,,,,
70.856,HRV,80,12083867,13197955,11008777,12100053,-74,233,-450,g5/117mA/117mA g5/117mA/117mA g4/117mA/117mA g4/117mA/117mA,,,,,,
70.856,HRV,81,12079048,13190174,11004724,12098226,-73,233,-450,g5/117mA/117mA g5/117mA/117mA g4/117mA/117mA g4/117mA/117mA,,,,,,
70.857,HRV,82,12076906,13183742,11002729,12096434,-73,233,-450,g5/117mA/117mA g5/117mA/117mA g4/117mA/117mA g4/117mA/117mA,,,,,,
70.857,HRV,83,12079056,13182180,11002992,12095811,-73,232,-450,g5/117mA/117mA g5/117mA/117mA g4/117mA/117mA g4/117mA/117mA,,,,,,
70.857,HRV,84,12082502,13187069,11005048,12097398,-74,231,-451,g5/117mA/117mA g5/117mA/117mA g4/117mA/117mA g4/117mA/117mA,617,0,0,0,30,1
70.857,HRV,85,12087085,13195830,11007898,12101562,-75,230,-452,g5/117mA/117mA g5/117mA/117mA g4/117mA/117mA g4/117mA/117mA,,,,,,
70.857,HRV,86,12090804,13204736,11010655,12108361,-75,228,-452,g5/117mA/117mA g5/117mA/117mA g4/117mA/117mA g4/117mA/117mA,,,,,,
70.857,HRV,87,12095095,13209515,11013220,12114291,-75,226,-452,g5/117mA/117mA g5/117mA/117mA g4/117mA/117mA g4/117mA/117mA,,,,,,
70.857,HRV,88,12098661,13212441,11015746,12118598,-76,227,-452,g5/117mA/117mA g5/117mA/117mA g4/117mA/117mA g4/117mA/117mA,,,,,,
70.857,HRV,89,12102527,13215735,11018153,12122326,-76,230,-452,g5/117mA/117mA g5/117mA/117mA g4/117mA/117mA g4/117mA/117mA,,,,,,
70.914,HRV,90,12107287,13220666,11020995,12125790,-75,231,-451,g5/117mA/117mA g5/117mA/117mA g4/117mA/117mA g4/117mA/117mA,,,,,,
70.914,HRV,91,12111859,13227005,11024303,12130569,-75,231,-450,g5/117mA/117mA g5/117mA/117mA g4/117mA/117mA g4/117mA/117mA,,,,,,
70.914,HRV,92,12116823,13232891,11027835,12135916,-75,231,-450,g5/117mA/117mA g5/117mA/117mA g4/117mA/117mA g4/117mA/117mA,,,,,,
70.914,HRV,93,12117831,13235083,11028057,12138356,-75,231,-450,g5/117mA/117mA g5/117mA/117mA g4/117mA/117mA g4/117mA/117mA,,,,,,
70.914,HRV,94,12092860,13205556,11011592,12118241,-75,232,-451,g5/117mA/117mA g5/117mA/117mA g4/117mA/117mA g4/117mA/117mA,,,,,,
70.914,HRV,95,12061235,13163446,10988932,12088398,-75,231,-452,g5/117mA/117mA g5/117mA/117mA g4/117mA/117mA g4/117mA/117mA,,,,,,
70.914,HRV,96,12039787,13132939,10973373,12066481,-75,229,-452,g5/117mA/117mA g5/117mA/117mA g4/117mA/117mA g4/117mA/117mA,,,,,,
71.577,HR,97,12030564,13116882,10965676,12054691,-74,232,-451,g5/117mA/117mA g5/117mA/117mA g4/117mA/117mA g4/117mA/117mA,,,,,,
71.577,HR,98,12027254,13109359,10962126,12048924,-74,232,-451,g5/117mA/117mA g5/117mA/117mA g4/117mA/117mA g4/117mA/117mA,,,,,,
71.577,HR,99,12028185,13106960,10961847,12047550,-74,232,-451,g5/117mA/117mA g5/117mA/117mA g4/117mA/117mA g4/117mA/117mA,,,,,,
71.577,HR,100,12030855,13108734,10962912,12049384,-74,232,-452,g5/117mA/117mA g5/117mA/117mA g4/117mA/117mA g4/117mA/117mA,,,,,,
71.577,HR,101,12029721,13105409,10961326,12048284,-74,232,-452,g5/117mA/117mA g5/117mA/117mA g4/117mA/117mA g4/117mA/117mA,,,,,,
71.65,HR,102,12024030,13096921,10957155,12042584,-74,231,-452,g5/117mA/117mA g5/117mA/117mA g4/117mA/117mA g4/117mA/117mA,,,,,,
71.65,HR,103,12018639,13088065,10952649,12036902,-73,231,-452,g5/117mA/117mA g5/117mA/117mA g4/117mA/117mA g4/117mA/117mA,,,,,,
71.65,HR,104,12015678,13081622,10950286,12033354,-73,232,-452,g5/117mA/117mA g5/117mA/117mA g4/117mA/117mA g4/117mA/117mA,,,,,,
71.65,HR,105,12016377,13080609,10950243,12032997,-73,232,-452,g5/117mA/117mA g5/117mA/117mA g4/117mA/117mA g4/117mA/117mA,,,,,,
71.65,HR,106,12018893,13083235,10951720,12034975,-73,231,-452,g5/117mA/117mA g5/117mA/117mA g4/117mA/117mA g4/117mA/117mA,,,,,,
71.65,HR,107,12022544,13087270,10953784,12038371,-73,231,-452,g5/117mA/117mA g5/117mA/117mA g4/117mA/117mA g4/117mA/117mA,,,,,,
71.662,HR,108,12027126,13092519,10956864,12042986,-73,231,-451,g5/117mA/117mA g5/117mA/117mA g4/117mA/117mA g4/117mA/117mA,,,,,,
71.662,HR,109,12032475,13098055,10960326,12047951,-72,232,-450,g5/117mA/117mA g5/117mA/117mA g4/117mA/117mA g4/117mA/117mA,68,99,0,1,0,0
71.662,HR,110,12036800,13104230,10963688,12052780,-72,232,-451,g5/117mA/117mA g5/117mA/117mA g4/117mA/117mA g4/117mA/117mA,,,,,,
71.662,HR,111,12040401,13109333,10965821,12057574,-72,232,-452,g5/117mA/117mA g5/117mA/117mA g4/117mA/117mA g4/117mA/117mA,,,,,,
71.662,HR,112,12044206,13114521,10968347,12062342,-73,233,-451,g5/117mA/117mA g5/117mA/117mA g4/117mA/117mA g4/117mA/117mA,,,,,,
71.753,HR,113,12047833,13119579,10971238,12066898,-73,233,-451,g5/117mA/117mA g5/117mA/117mA g4/117mA/117mA g4/117mA/117mA,,,,,,
71.753,HR,114,12045706,13119921,10970037,12067436,-73,232,-452,g5/117mA/117mA g5/117mA/117mA g4/117mA/117mA g4/117mA/117mA,,,,,,
71.753,HR,115,12018297,13087859,10951781,12045348,-73,232,-452,g5/117mA/117mA g5/117mA/117mA g4/117mA/117mA g4/117mA/117mA,,,,,,
71.753,HR,116,11987311,13047336,10929922,12017051,-73,232,-451,g5/117mA/117mA g5/117mA/117mA g4/117mA/117mA g4/117mA/117mA,,,,,,
71.753,HR,117,11967919,13019455,10915888,11996457,-73,233,-451,g5/117mA/117mA g5/117mA/117mA g4/117mA/117mA g4/117mA/117mA,,,,,,
71.753,HR,118,11958850,13006327,10908681,11985638,-73,233,-451,g5/117mA/117mA g5/117mA/117mA g4/117mA/117mA g4/117mA/117mA,,,,,,
71.815,HR,119,11954825,12998998,10904762,11980197,-73,232,-451,g5/117mA/117mA g5/117mA/117mA g4/117mA/117mA g4/117mA/117mA,,,,,,
71.815,HR,120,11953433,12996096,10903270,11977748,-73,232,-452,g5/117mA/117mA g5/117mA/117mA g4/117mA/117mA g4/117mA/117mA,,,,,,
71.815,HR,121,11954704,12996815,10903681,11977995,-73,232,-451,g5/117mA/117mA g5/117mA/117mA g4/117mA/117mA g4/117mA/117mA,,,,,,
71.815,HR,122,11952640,12994340,10902247,11977279,-73,232,-451,g5/117mA/117mA g5/117mA/117mA g4/117mA/117mA g4/117mA/117mA,,,,,,
71.815,HR,123,11947998,12987104,10898469,11972911,-73,233,-451,g5/117mA/117mA g5/117mA/117mA g4/117mA/117mA g4/117mA/117mA,,,,,,
71.815,HR,124,11943811,12980364,10895039,11968072,-74,232,-451,g5/117mA/117mA g5/117mA/117mA g4/117mA/117mA g4/117mA/117mA,,,,,,
71.816,HR,125,11942001,12977201,10893469,11965206,-74,232,-451,g5/117mA/117mA g5/117mA/117mA g4/117mA/117mA g4/117mA/117mA,,,,,,
71.816,HR,126,11943487,12978412,10894124,11966220,-73,231,-451,g5/117mA/117mA g5/117mA/117mA g4/117mA/117mA g4/117mA/117mA,,,,,,
71.816,HR,127,11946345,12983045,10895841,11969498,-73,231,-452,g5/117mA/117mA g5/117mA/117mA g4/117mA/117mA g4/117mA/117mA,,,,,,
71.816,HR,128,11951139,12988923,10899176,11974941,-73,231,-452,g5/117mA/117mA g5/117mA/117mA g4/117mA/117mA g4/117mA/117mA,,,,,,
71.816,HR,129,11956693,12996072,10902946,11980359,-73,231,-451,g5/117mA/117mA g5/117mA/117mA g4/117mA/117mA g4/117mA/117mA,,,,,,
71.816,HR,130,11962119,13004074,10906802,11986595,-74,229,-450,g5/117mA/117mA g5/117mA/117mA g4/117mA/117mA g4/117mA/117mA,,,,,,
71.877,HRV,97,12030564,13116882,10965676,12054691,-74,232,-451,g5/117mA/117mA g5/117mA/117mA g4/117mA/117mA g4/117mA/117mA,,,,,,
71.877,HRV,98,12027254,13109359,10962126,12048924,-74,232,-451,g5/117mA/117mA g5/117mA/117mA g4/117mA/117mA g4/117mA/117mA,,,,,,
71.877,HRV,99,12028185,13106960,10961847,12047550,-74,232,-451,g5/117mA/117mA g5/117mA/117mA g4/117mA/117mA g4/117mA/117mA,,,,,,
71.877,HRV,100,12030855,13108734,10962912,12049384,-74,232,-452,g5/117mA/117mA g5/117mA/117mA g4/117mA/117mA g4/117mA/117mA,,,,,,
71.877,HRV,101,12029721,13105409,10961326,12048284,-74,232,-452,g5/117mA/117mA g5/117mA/117mA g4/117mA/117mA g4/117mA/117mA,,,,,,
71.877,HRV,102,12024030,13096921,10957155,12042584,-74,231,-452,g5/117mA/117mA g5/117mA/117mA g4/117mA/117mA g4/117mA/117mA,,,,,,
71.877,HRV,103,12018639,13088065,10952649,12036902,-73,231,-452,g5/117mA/117mA g5/117mA/117mA g4/117mA/117mA g4/117mA/117mA,,,,,,
71.877,HRV,104,12015678,13081622,10950286,12033354,-73,232,-452,g5/117mA/117mA g5/117mA/117mA g4/117mA/117mA g4/117mA/117mA,,,,,,
71.877,HRV,105,12016377,13080609,10950243,12032997,-73,232,-452,g5/117mA/117mA g5/117mA/117mA g4/117mA/117mA g4/117mA/117mA,,,,,,
71.877,HRV,106,12018893,13083235,10951720,12034975,-73,231,-452,g5/117mA/117mA g5/117mA/117mA g4/117mA/117mA g4/117mA/117mA,,,,,,
71.877,HRV,107,12022544,13087270,10953784,12038371,-73,231,-452,g5/117mA/117mA g5/117mA/117mA g4/117mA/117mA g4/117mA/117mA,,,,,,
71.939,HRV,108,12027126,13092519,10956864,12042986,-73,231,-451,g5/117mA/117mA g5/117mA/117mA g4/117mA/117mA g4/117mA/117mA,,,,,,
71.939,HRV,109,12032475,13098055,10960326,12047951,-72,232,-450,g5/117mA/117mA g5/117mA/117mA g4/117mA/117mA g4/117mA/117mA,616,0,0,0,30,1
71.939,HRV,110,12036800,13104230,10963688,12052780,-72,232,-451,g5/117mA/117mA g5/117mA/117mA g4/117mA/117mA g4/117mA/117mA,,,,,,
71.939,HRV,111,12040401,13109333,10965821,12057574,-72,232,-452,g5/117mA/117mA g5/117mA/117mA g4/117mA/117mA g4/117mA/117mA,,,,,,
71.964,HRV,112,12044206,13114521,10968347,12062342,-73,233,-451,g5/117mA/117mA g5/117mA/117mA g4/117mA/117mA g4/117mA/117mA,,,,,,
71.964,HRV,113,12047833,13119579,10971238,12066898,-73,233,-451,g5/117mA/117mA g5/117mA/117mA g4/117mA/117mA g4/117mA/117mA,,,,,,
71.964,HRV,114,12045706,13119921,10970037,12067436,-73,232,-452,g5/117mA/117mA g5/117mA/117mA g4/117mA/117mA g4/117mA/117mA,,,,,,
71.964,HRV,115,12018297,13087859,10951781,12045348,-73,232,-452,g5/117mA/117mA g5/117mA/117mA g4/117mA/117mA g4/117mA/117mA,,,,,,
71.965,HRV,116,11987311,13047336,10929922,12017051,-73,232,-451,g5/117mA/117mA g5/117mA/117mA g4/117mA/117mA g4/117mA/117mA,,,,,,
71.965,HRV,117,11967919,13019455,10915888,11996457,-73,233,-451,g5/117mA/117mA g5/117mA/117mA g4/117mA/117mA g4/117mA/117mA,,,,,,
71.997,HRV,118,11958850,13006327,10908681,11985638,-73,233,-451,g5/117mA/117mA g5/117mA/117mA g4/117mA/117mA g4/117mA/117mA,,,,,,
71.997,HRV,119,11954825,12998998,10904762,11980197,-73,232,-451,g5/117mA/117mA g5/117mA/117mA g4/117mA/117mA g4/117mA/117mA,,,,,,
71.997,HRV,120,11953433,12996096,10903270,11977748,-73,232,-452,g5/117mA/117mA g5/117mA/117mA g4/117mA/117mA g4/117mA/117mA,,,,,,
71.997,HRV,121,11954704,12996815,10903681,11977995,-73,232,-451,g5/117mA/117mA g5/117mA/117mA g4/117mA/117mA g4/117mA/117mA,,,,,,
71.997,HRV,122,11952640,12994340,10902247,11977279,-73,232,-451,g5/117mA/117mA g5/117mA/117mA g4/117mA/117mA g4/117mA/117mA,,,,,,
71.997,HRV,123,11947998,12987104,10898469,11972911,-73,233,-451,g5/117mA/117mA g5/117mA/117mA g4/117mA/117mA g4/117mA/117mA,,,,,,
72.054,HRV,124,11943811,12980364,10895039,11968072,-74,232,-451,g5/117mA/117mA g5/117mA/117mA g4/117mA/117mA g4/117mA/117mA,,,,,,
72.054,HRV,125,11942001,12977201,10893469,11965206,-74,232,-451,g5/117mA/117mA g5/117mA/117mA g4/117mA/117mA g4/117mA/117mA,,,,,,
72.054,HRV,126,11943487,12978412,10894124,11966220,-73,231,-451,g5/117mA/117mA g5/117mA/117mA g4/117mA/117mA g4/117mA/117mA,,,,,,
72.054,HRV,127,11946345,12983045,10895841,11969498,-73,231,-452,g5/117mA/117mA g5/117mA/117mA g4/117mA/117mA g4/117mA/117mA,,,,,,
72.054,HRV,128,11951139,12988923,10899176,11974941,-73,231,-452,g5/117mA/117mA g5/117mA/117mA g4/117mA/117mA g4/117mA/117mA,,,,,,
72.054,HRV,129,11956693,12996072,10902946,11980359,-73,231,-451,g5/117mA/117mA g5/117mA/117mA g4/117mA/117mA g4/117mA/117mA,,,,,,
72.055,HRV,130,11962119,13004074,10906802,11986595,-74,229,-450,g5/117mA/117mA g5/117mA/117mA g4/117mA/117mA g4/117mA/117mA,,,,,,
73.282,HR,131,11966570,13011922,10910036,11993061,-73,233,-453,g5/117mA/117mA g5/117mA/117mA g4/117mA/117mA g4/117mA/117mA,,,,,,
73.282,HR,132,11971374,13018620,10913056,11999280,-72,233,-450,g5/117mA/117mA g5/117mA/117mA g4/117mA/117mA g4/117mA/117mA,,,,,,
73.282,HR,133,11976229,13025727,10916648,12004691,-72,232,-450,g5/117mA/117mA g5/117mA/117mA g4/117mA/117mA g4/117mA/117mA,,,,,,
73.282,HR,134,11973924,13025820,10915327,12005313,-73,232,-451,g5/117mA/117mA g5/117mA/117mA g4/117mA/117mA g4/117mA/117mA,68,100,0,1,0,0
73.316,HR,135,11947128,12994059,10896993,11983301,-73,232,-451,g5/117mA/117mA g5/117mA/117mA g4/117mA/117mA g4/117mA/117mA,,,,,,
73.316,HR,136,11919530,12956965,10877575,11956539,-73,232,-452,g5/117mA/117mA g5/117mA/117mA g4/117mA/117mA g4/117mA/117mA,,,,,,
73.316,HR,137,11902842,12933844,10865392,11938340,-73,232,-451,g5/117mA/117mA g5/117mA/117mA g4/117mA/117mA g4/117mA/117mA,,,,,,
73.316,HR,138,11895917,12922721,10859591,11928906,-73,232,-451,g5/117mA/117mA g5/117mA/117mA g4/117mA/117mA g4/117mA/117mA,,,,,,
73.316,HR,139,11893313,12917841,10857056,11924155,-73,232,-451,g5/117mA/117mA g5/117mA/117mA g4/117mA/117mA g4/117mA/117mA,,,,,,
73.316,HR,140,11892665,12915596,10856459,11922567,-73,232,-451,g5/117mA/117mA g5/117mA/117mA g4/117mA/117mA g4/117mA/117mA,,,,,,
73.38,HR,141,11894644,12917610,10857475,11924145,-73,232,-451,g5/117mA/117mA g5/117mA/117mA g4/117mA/117mA g4/117mA/117mA,,,,,,
73.38,HR,142,11893740,12916288,10857313,11923240,-73,232,-451,g5/117mA/117mA g5/117mA/117mA g4/117mA/117mA g4/117mA/117mA,,,,,,
73.38,HR,143,11891334,12912380,10854959,11919744,-73,232,-452,g5/117mA/117mA g5/117mA/117mA g4/117mA/117mA g4/117mA/117mA,,,,,,
73.38,HR,144,11888818,12908900,10853065,11917117,-73,232,-451,g5/117mA/117mA g5/117mA/117mA g4/117mA/117mA g4/117mA/117mA,,,,,,
73.38,HR,145,11889245,12908123,10852876,11916980,-73,231,-451,g5/117mA/117mA g5/117mA/117mA g4/117mA/117mA g4/117mA/117mA,,,,,,
73.38,HR,146,11892332,12911764,10855300,11919658,-73,231,-451,g5/117mA/117mA g5/117mA/117mA g4/117mA/117mA g4/117mA/117mA,,,,,,
73.434,HR,147,11897050,12918344,10858217,11924520,-73,232,-451,g5/117mA/117mA g5/117mA/117mA g4/117mA/117mA g4/117mA/117mA,,,,,,
73.434,HR,148,11903176,12926951,10862746,11931244,-73,232,-451,g5/117mA/117mA g5/117mA/117mA g4/117mA/117mA g4/117mA/117mA,,,,,,
73.434,HR,149,11909334,12937001,10867329,11939160,-73,232,-451,g5/117mA/117mA g5/117mA/117mA g4/117mA/117mA g4/117mA/117mA,,,,,,
73.434,HR,150,11916349,12945540,10872096,11946285,-73,232,-451,g5/117mA/117mA g5/117mA/117mA g4/117mA/117mA g4/117mA/117mA,,,,,,
73.434,HR,151,11922490,12954490,10876628,11953024,-72,232,-451,g5/117mA/117mA g5/117mA/117mA g4/117mA/117mA g4/117mA/117mA,,,,,,
73.434,HR,152,11928488,12963005,10880953,11959260,-72,232,-451,g5/117mA/117mA g5/117mA/117mA g4/117mA/117mA g4/117mA/117mA,,,,,,
73.499,HR,153,11933478,12971869,10885074,11965668,-72,232,-451,g5/117mA/117mA g5/117mA/117mA g4/117mA/117mA g4/117mA/117mA,,,,,,
73.499,HR,154,11939390,12980442,10889348,11972373,-73,232,-452,g5/117mA/117mA g5/117mA/117mA g4/117mA/117mA g4/117mA/117mA,,,,,,
73.499,HR,155,11945637,12989732,10894049,11979283,-73,232,-452,g5/117mA/117mA g5/117mA/117mA g4/117mA/117mA g4/117mA/117mA,,,,,,
73.499,HR,156,11951403,12999228,10898596,11986449,-73,232,-452,g5/117mA/117mA g5/117mA/117mA g4/117mA/117mA g4/117mA/117mA,,,,,,
73.499,HR,157,11958501,13010148,10903696,11993880,-72,232,-451,g5/117mA/117mA g5/117mA/117mA g4/117mA/117mA g4/117mA/117mA,,,,,,
73.499,HR,158,11965395,13020658,10909021,12001875,-72,232,-451,g5/117mA/117mA g5/117mA/117mA g4/117mA/117mA g4/117mA/117mA,,,,,,
73.499,HR,159,11971724,13031050,10913731,12009321,-72,232,-451,g5/117mA/117mA g5/117mA/117mA g4/117mA/117mA g4/117mA/117mA,68,100,0,1,0,0
73.499,HR,160,11955797,13014687,10903569,11997695,-72,232,-451,g5/117mA/117mA g5/117mA/117mA g4/117mA/117mA g4/117mA/117mA,,,,,,
73.499,HR,161,11924622,12974496,10882207,11968490,-73,232,-451,g5/117mA/117mA g5/117mA/117mA g4/117mA/117mA g4/117mA/117mA,,,,,,
73.499,HR,162,11902578,12943255,10865981,11944101,-73,232,-451,g5/117mA/117mA g5/117mA/117mA g4/117mA/117mA g4/117mA/117mA,,,,,,
73.552,HR,163,11892359,12927601,10858695,11929605,-73,233,-451,g5/117mA/117mA g5/117mA/117mA g4/117mA/117mA g4/117mA/117mA,,,,,,
73.552,HR,164,11889219,12920408,10855846,11922430,-74,230,-450,g5/117mA/117mA g5/117mA/117mA g4/117mA/117mA g4/117mA/117mA,,,,,,
73.556,HRV,131,11966570,13011922,10910036,11993061,-73,233,-453,g5/117mA/117mA g5/117mA/117mA g4/117mA/117mA g4/117mA/117mA,,,,,,
73.556,HRV,132,11971374,13018620,10913056,11999280,-72,233,-450,g5/117mA/117mA g5/117mA/117mA g4/117mA/117mA g4/117mA/117mA,,,,,,
73.556,HRV,133,11976229,13025727,10916648,12004691,-72,232,-450,g5/117mA/117mA g5/117mA/117mA g4/117mA/117mA g4/117mA/117mA,,,,,,
73.556,HRV,134,11973924,13025820,10915327,12005313,-73,232,-451,g5/117mA/117mA g5/117mA/117mA g4/117mA/117mA g4/117mA/117mA,615,0,0,0,30,1
73.619,HRV,135,11947128,12994059,10896993,11983301,-73,232,-451,g5/117mA/117mA g5/117mA/117mA g4/117mA/117mA g4/117mA/117mA,,,,,,
73.619,HRV,136,11919530,12956965,10877575,11956539,-73,232,-452,g5/117mA/117mA g5/117mA/117mA g4/117mA/117mA g4/117mA/117mA,,,,,,
73.619,HRV,137,11902842,12933844,10865392,11938340,-73,232,-451,g5/117mA/117mA g5/117mA/117mA g4/117mA/117mA g4/117mA/117mA,,,,,,
73.619,HRV,138,11895917,12922721,10859591,11928906,-73,232,-451,g5/117mA/117mA g5/117mA/117mA g4/117mA/117mA g4/117mA/117mA,,,,,,
73.619,HRV,139,11893313,12917841,10857056,11924155,-73,232,-451,g5/117mA/117mA g5/117mA/117mA g4/117mA/117mA g4/117mA/117mA,,,,,,
73.619,HRV,140,11892665,12915596,10856459,11922567,-73,232,-451,g5/117mA/117mA g5/117mA/117mA g4/117mA/117mA g4/117mA/117mA,,,,,,
73.679,HRV,141,11894644,12917610,10857475,11924145,-73,232,-451,g5/117mA/117mA g5/117mA/117mA g4/117mA/117mA g4/117mA/117mA,,,,,,
73.679,HRV,142,11893740,12916288,10857313,11923240,-73,232,-451,g5/117mA/117mA g5/117mA/117mA g4/117mA/117mA g4/117mA/117mA,,,,,,
73.679,HRV,143,11891334,12912380,10854959,11919744,-73,232,-452,g5/117mA/117mA g5/117mA/117mA g4/117mA/117mA g4/117mA/117mA,,,,,,
73.679,HRV,144,11888818,12908900,10853065,11917117,-73,232,-451,g5/117mA/117mA g5/117mA/117mA g4/117mA/117mA g4/117mA/117mA,,,,,,
73.679,HRV,145,11889245,12908123,10852876,11916980,-73,231,-451,g5/117mA/117mA g5/117mA/117mA g4/117mA/117mA g4/117mA/117mA,,,,,,
73.679,HRV,146,11892332,12911764,10855300,11919658,-73,231,-451,g5/117mA/117mA g5/117mA/117mA g4/117mA/117mA g4/117mA/117mA,,,,,,
73.732,HRV,147,11897050,12918344,10858217,11924520,-73,232,-451,g5/117mA/117mA g5/117mA/117mA g4/117mA/117mA g4/117mA/117mA,,,,,,
73.732,HRV,148,11903176,12926951,10862746,11931244,-73,232,-451,g5/117mA/117mA g5/117mA/117mA g4/117mA/117mA g4/117mA/117mA,,,,,,
73.732,HRV,149,11909334,12937001,10867329,11939160,-73,232,-451,g5/117mA/117mA g5/117mA/117mA g4/117mA/117mA g4/117mA/117mA,,,,,,
73.732,HRV,150,11916349,12945540,10872096,11946285,-73,232,-451,g5/117mA/117mA g5/117mA/117mA g4/117mA/117mA g4/117mA/117mA,,,,,,
73.732,HRV,151,11922490,12954490,10876628,11953024,-72,232,-451,g5/117mA/117mA g5/117mA/117mA g4/117mA/117mA g4/117mA/117mA,,,,,,
73.732,HRV,152,11928488,12963005,10880953,11959260,-72,232,-451,g5/117mA/117mA g5/117mA/117mA g4/117mA/117mA g4/117mA/117mA,,,,,,
73.735,HRV,153,11933478,12971869,10885074,11965668,-72,232,-451,g5/117mA/117mA g5/117mA/117mA g4/117mA/117mA g4/117mA/117mA,,,,,,
73.735,HRV,154,11939390,12980442,10889348,11972373,-73,232,-452,g5/117mA/117mA g5/117mA/117mA g4/117mA/117mA g4/117mA/117mA,,,,,,
73.735,HRV,155,11945637,12989732,10894049,11979283,-73,232,-452,g5/117mA/117mA g5/117mA/117mA g4/117mA/117mA g4/117mA/117mA,,,,,,
73.735,HRV,156,11951403,12999228,10898596,11986449,-73,232,-452,g5/117mA/117mA g5/117mA/117mA g4/117mA/117mA g4/117mA/117mA,,,,,,
73.735,HRV,157,11958501,13010148,10903696,11993880,-72,232,-451,g5/117mA/117mA g5/117mA/117mA g4/117mA/117mA g4/117mA/117mA,,,,,,
73.793,HRV,158,11965395,13020658,10909021,12001875,-72,232,-451,g5/117mA/117mA g5/117mA/117mA g4/117mA/117mA g4/117mA/117mA,,,,,,
73.793,HRV,159,11971724,13031050,10913731,12009321,-72,232,-451,g5/117mA/117mA g5/117mA/117mA g4/117mA/117mA g4/117mA/117mA,615,0,0,0,30,1
73.793,HRV,160,11955797,13014687,10903569,11997695,-72,232,-451,g5/117mA/117mA g5/117mA/117mA g4/117mA/117mA g4/117mA/117mA,,,,,,
73.793,HRV,161,11924622,12974496,10882207,11968490,-73,232,-451,g5/117mA/117mA g5/117mA/117mA g4/117mA/117mA g4/117mA/117mA,,,,,,
73.793,HRV,162,11902578,12943255,10865981,11944101,-73,232,-451,g5/117mA/117mA g5/117mA/117mA g4/117mA/117mA g4/117mA/117mA,,,,,,
74.275,HRV,163,11892359,12927601,10858695,11929605,-73,233,-451,g5/117mA/117mA g5/117mA/117mA g4/117mA/117mA g4/117mA/117mA,,,,,,
74.275,HRV,164,11889219,12920408,10855846,11922430,-74,230,-450,g5/117mA/117mA g5/117mA/117mA g4/117mA/117mA g4/117mA/117mA,,,,,,
74.543,HR,165,11888417,12917524,10855606,11918013,-73,232,-452,g5/117mA/117mA g5/117mA/117mA g4/117mA/117mA g4/117mA/117mA,,,,,,
74.543,HR,166,11890062,12918515,10856690,11917201,-73,232,-452,g5/117mA/117mA g5/117mA/117mA g4/117mA/117mA g4/117mA/117mA,,,,,,
74.543,HR,167,11890261,12918259,10856972,11915623,-73,232,-452,g5/117mA/117mA g5/117mA/117mA g4/117mA/117mA g4/117mA/117mA,,,,,,
74.543,HR,168,11887693,12913327,10855154,11911690,-72,232,-451,g5/117mA/117mA g5/117mA/117mA g4/117mA/117mA g4/117mA/117mA,,,,,,
74.543,HR,169,11884756,12908396,10853141,11906964,-72,232,-450,g5/117mA/117mA g5/117mA/117mA g4/117mA/117mA g4/117mA/117mA,,,,,,
74.58,HR,170,11884466,12906442,10852860,11904582,-72,232,-450,g5/117mA/117mA g5/117mA/117mA g4/117mA/117mA g4/117mA/117mA,,,,,,
74.58,HR,171,11886737,12908841,10854285,11905624,-72,232,-450,g5/117mA/117mA g5/117mA/117mA g4/117mA/117mA g4/117mA/117mA,,,,,,
74.58,HR,172,11891120,12914607,10857482,11909063,-72,232,-451,g5/117mA/117mA g5/117mA/117mA g4/117mA/117mA g4/117mA/117mA,,,,,,
74.58,HR,173,11896640,12922020,10861620,11914241,-72,232,-451,g5/117mA/117mA g5/117mA/117mA g4/117mA/117mA g4/117mA/117mA,,,,,,
74.58,HR,174,11903107,12930662,10866048,11920460,-72,232,-451,g5/117mA/117mA g5/117mA/117mA g4/117mA/117mA g4/117mA/117mA,,,,,,
74.58,HR,175,11909465,12939911,10870945,11927021,-72,232,-451,g5/117mA/117mA g5/117mA/117mA g4/117mA/117mA g4/117mA/117mA,,,,,,
74.602,HR,176,11915802,12948168,10875246,11933000,-72,232,-451,g5/117mA/117mA g5/117mA/117mA g4/117mA/117mA g4/117mA/117mA,,,,,,
74.602,HR,177,11921391,12956400,10879077,11939271,-72,232,-451,g5/117mA/117mA g5/117mA/117mA g4/117mA/117mA g4/117mA/117mA,,,,,,
74.602,HR,178,11927277,12964763,10883163,11945174,-72,232,-451,g5/117mA/117mA g5/117mA/117mA g4/117mA/117mA g4/117mA/117mA,,,,,,
74.602,HR,179,11933214,12972815,10887659,11951702,-73,232,-452,g5/117mA/117mA g5/117mA/117mA g4/117mA/117mA g4/117mA/117mA,,,,,,
74.602,HR,180,11939589,12981934,10892222,11958279,-73,232,-452,g5/117mA/117mA g5/117mA/117mA g4/117mA/117mA g4/117mA/117mA,,,,,,
74.637,HR,181,11946864,12991901,10897170,11965387,-73,232,-451,g5/117mA/117mA g5/117mA/117mA g4/117mA/117mA g4/117mA/117mA,,,,,,
74.637,HR,182,11954022,13002052,10902375,11972647,-73,232,-451,g5/117mA/117mA g5/117mA/117mA g4/117mA/117mA g4/117mA/117mA,,,,,,
74.637,HR,183,11960823,13012758,10907570,11980563,-73,232,-450,g5/117mA/117mA g5/117mA/117mA g4/117mA/117mA g4/117mA/117mA,,,,,,
74.637,HR,184,11968116,13023081,10912869,11988317,-73,232,-450,g5/117mA/117mA g5/117mA/117mA g4/117mA/117mA g4/117mA/117mA,68,100,0,1,0,0
74.637,HR,185,11975700,13034138,10918601,11996415,-73,232,-451,g5/117mA/117mA g5/117mA/117mA g4/117mA/117mA g4/117mA/117mA,,,,,,
74.662,HR,186,11979463,13040281,10921236,12000927,-73,231,-451,g5/117mA/117mA g5/117mA/117mA g4/117mA/117mA g4/117mA/117mA,,,,,,
74.662,HR,187,11958485,13014705,10906350,11983473,-73,231,-451,g5/117mA/117mA g5/117mA/117mA g4/117mA/117mA g4/117mA/117mA,,,,,,
74.662,HR,188,11932115,12978609,10887376,11957409,-73,231,-451,g5/117mA/117mA g5/117mA/117mA g4/117mA/117mA g4/117mA/117mA,,,,,,
74.662,HR,189,11916364,12955062,10875236,11939153,-73,231,-451,g5/117mA/117mA g5/117mA/117mA g4/117mA/117mA g4/117mA/117mA,,,,,,
74.662,HR,190,11910700,12944331,10870220,11930059,-73,232,-451,g5/117mA/117mA g5/117mA/117mA g4/117mA/117mA g4/117mA/117mA,,,,,,
74.752,HR,191,11907963,12939263,10868386,11925153,-73,232,-451,g5/117mA/117mA g5/117mA/117mA g4/117mA/117mA g4/117mA/117mA,,,,,,
74.752,HR,192,11908107,12937659,10867704,11923138,-73,232,-451,g5/117mA/117mA g5/117mA/117mA g4/117mA/117mA g4/117mA/117mA,,,,,,
74.752,HR,193,11910222,12939168,10869273,11923804,-73,232,-452,g5/117mA/117mA g5/117mA/117mA g4/117mA/117mA g4/117mA/117mA,,,,,,
74.752,HR,194,11910264,12938537,10869197,11923081,-73,232,-452,g5/117mA/117mA g5/117mA/117mA g4/117mA/117mA g4/117mA/117mA,,,,,,
74.752,HR,195,11908618,12935312,10867763,11920332,-73,232,-452,g5/117mA/117mA g5/117mA/117mA g4/117mA/117mA g4/117mA/117mA,,,,,,
74.752,HR,196,11907255,12932761,10866792,11918567,-73,232,-452,g5/117mA/117mA g5/117mA/117mA g4/117mA/117mA g4/117mA/117mA,,,,,,
74.757,HR,197,11908397,12933461,10867712,11918642,-73,232,-452,g5/117mA/117mA g5/117mA/117mA g4/117mA/117mA g4/117mA/117mA,,,,,,
74.757,HR,198,11911604,12938025,10870118,11921049,-73,232,-452,g5/117mA/117mA g5/117mA/117mA g4/117mA/117mA g4/117mA/117mA,,,,,,
74.781,HRV,165,11888417,12917524,10855606,11918013,-73,232,-452,g5/117mA/117mA g5/117mA/117mA g4/117mA/117mA g4/117mA/117mA,,,,,,
74.781,HRV,166,11890062,12918515,10856690,11917201,-73,232,-452,g5/117mA/117mA g5/117mA/117mA g4/117mA/117mA g4/117mA/117mA,,,,,,
74.781,HRV,167,11890261,12918259,10856972,11915623,-73,232,-452,g5/117mA/117mA g5/117mA/117mA g4/117mA/117mA g4/117mA/117mA,,,,,,
74.781,HRV,168,11887693,12913327,10855154,11911690,-72,232,-451,g5/117mA/117mA g5/117mA/117mA g4/117mA/117mA g4/117mA/117mA,,,,,,
74.781,HRV,169,11884756,12908396,10853141,11906964,-72,232,-450,g5/117mA/117mA g5/117mA/117mA g4/117mA/117mA g4/117mA/117mA,,,,,,
74.933,HRV,170,11884466,12906442,10852860,11904582,-72,232,-450,g5/117mA/117mA g5/117mA/117mA g4/117mA/117mA g4/117mA/117mA,,,,,,
74.933,HRV,171,11886737,12908841,10854285,11905624,-72,232,-450,g5/117mA/117mA g5/117mA/117mA g4/117mA/117mA g4/117mA/117mA,,,,,,
74.933,HRV,172,11891120,12914607,10857482,11909063,-72,232,-451,g5/117mA/117mA g5/117mA/117mA g4/117mA/117mA g4/117mA/117mA,,,,,,
74.933,HRV,173,11896640,12922020,10861620,11914241,-72,232,-451,g5/117mA/117mA g5/117mA/117mA g4/117mA/117mA g4/117mA/117mA,,,,,,
74.933,HRV,174,11903107,12930662,10866048,11920460,-72,232,-451,g5/117mA/117mA g5/117mA/117mA g4/117mA/117mA g4/117mA/117mA,,,,,,
74.933,HRV,175,11909465,12939911,10870945,11927021,-72,232,-451,g5/117mA/117mA g5/117mA/117mA g4/117mA/117mA g4/117mA/117mA,,,,,,
74.992,HRV,176,11915802,12948168,10875246,11933000,-72,232,-451,g5/117mA/117mA g5/117mA/117mA g4/117mA/117mA g4/117mA/117mA,,,,,,
74.992,HRV,177,11921391,12956400,10879077,11939271,-72,232,-451,g5/117mA/117mA g5/117mA/117mA g4/117mA/117mA g4/117mA/117mA,,,,,,
74.992,HRV,178,11927277,12964763,10883163,11945174,-72,232,-451,g5/117mA/117mA g5/117mA/117mA g4/117mA/117mA g4/117mA/117mA,,,,,,
74.992,HRV,179,11933214,12972815,10887659,11951702,-73,232,-452,g5/117mA/117mA g5/117mA/117mA g4/117mA/117mA g4/117mA/117mA,,,,,,
74.992,HRV,180,11939589,12981934,10892222,11958279,-73,232,-452,g5/117mA/117mA g5/117mA/117mA g4/117mA/117mA g4/117mA/117mA,,,,,,
74.997,HRV,181,11946864,12991901,10897170,11965387,-73,232,-451,g5/117mA/117mA g5/117mA/117mA g4/117mA/117mA g4/117mA/117mA,,,,,,
74.997,HRV,182,11954022,13002052,10902375,11972647,-73,232,-451,g5/117mA/117mA g5/117mA/117mA g4/117mA/117mA g4/117mA/117mA,,,,,,
74.997,HRV,183,11960823,13012758,10907570,11980563,-73,232,-450,g5/117mA/117mA g5/117mA/117mA g4/117mA/117mA g4/117mA/117mA,,,,,,
74.997,HRV,184,11968116,13023081,10912869,11988317,-73,232,-450,g5/117mA/117mA g5/117mA/117mA g4/117mA/117mA g4/117mA/117mA,615,0,0,0,30,1
74.997,HRV,185,11975700,13034138,10918601,11996415,-73,232,-451,g5/117mA/117mA g5/117mA/117mA g4/117mA/117mA g4/117mA/117mA,,,,,,
75.055,HRV,186,11979463,13040281,10921236,12000927,-73,231,-451,g5/117mA/117mA g5/117mA/117mA g4/117mA/117mA g4/117mA/117mA,,,,,,
75.055,HRV,187,11958485,13014705,10906350,11983473,-73,231,-451,g5/117mA/117mA g5/117mA/117mA g4/117mA/117mA g4/117mA/117mA,,,,,,
75.055,HRV,188,11932115,12978609,10887376,11957409,-73,231,-451,g5/117mA/117mA g5/117mA/117mA g4/117mA/117mA g4/117mA/117mA,,,,,,
75.055,HRV,189,11916364,12955062,10875236,11939153,-73,231,-451,g5/117mA/117mA g5/117mA/117mA g4/117mA/117mA g4/117mA/117mA,,,,,,
75.055,HRV,190,11910700,12944331,10870220,11930059,-73,232,-451,g5/117mA/117mA g5/117mA/117mA g4/117mA/117mA g4/117mA/117mA,,,,,,
75.057,HRV,191,11907963,12939263,10868386,11925153,-73,232,-451,g5/117mA/117mA g5/117mA/117mA g4/117mA/117mA g4/117mA/117mA,,,,,,
75.057,HRV,192,11908107,12937659,10867704,11923138,-73,232,-451,g5/117mA/117mA g5/117mA/117mA g4/117mA/117mA g4/117mA/117mA,,,,,,
75.057,HRV,193,11910222,12939168,10869273,11923804,-73,232,-452,g5/117mA/117mA g5/117mA/117mA g4/117mA/117mA g4/117mA/117mA,,,,,,
75.057,HRV,194,11910264,12938537,10869197,11923081,-73,232,-452,g5/117mA/117mA g5/117mA/117mA g4/117mA/117mA g4/117mA/117mA,,,,,,
75.057,HRV,195,11908618,12935312,10867763,11920332,-73,232,-452,g5/117mA/117mA g5/117mA/117mA g4/117mA/117mA g4/117mA/117mA,,,,,,
75.057,HRV,196,11907255,12932761,10866792,11918567,-73,232,-452,g5/117mA/117mA g5/117mA/117mA g4/117mA/117mA g4/117mA/117mA,,,,,,
75.081,HRV,197,11908397,12933461,10867712,11918642,-73,232,-452,g5/117mA/117mA g5/117mA/117mA g4/117mA/117mA g4/117mA/117mA,,,,,,
75.081,HRV,198,11911604,12938025,10870118,11921049,-73,232,-452,g5/117mA/117mA g5/117mA/117mA g4/117mA/117mA g4/117mA/117mA,,,,,,
75.715,HR,199,11917602,12944773,10874085,11925853,-74,232,-451,g5/117mA/117mA g5/117mA/117mA g4/117mA/117mA g4/117mA/117mA,,,,,,
75.715,HR,200,11924087,12953936,10878812,11932548,-73,232,-451,g5/117mA/117mA g5/117mA/117mA g4/117mA/117mA g4/117mA/117mA,,,,,,
75.715,HR,201,11931141,12963576,10883494,11939466,-73,232,-451,g5/117mA/117mA g5/117mA/117mA g4/117mA/117mA g4/117mA/117mA,,,,,,
75.715,HR,202,11938180,12972919,10888656,11946635,-74,231,-451,g5/117mA/117mA g5/117mA/117mA g4/117mA/117mA g4/117mA/117mA,,,,,,
75.715,HR,203,11944203,12982268,10893469,11953374,-75,231,-451,g5/117mA/117mA g5/117mA/117mA g4/117mA/117mA g4/117mA/117mA,,,,,,
75.716,HR,204,11950584,12991465,10897426,11960541,-76,231,-452,g5/117mA/117mA g5/117mA/117mA g4/117mA/117mA g4/117mA/117mA,,,,,,
75.716,HR,205,11956496,13000141,10902111,11967579,-76,232,-453,g5/117mA/117mA g5/117mA/117mA g4/117mA/117mA g4/117mA/117mA,,,,,,
75.716,HR,206,11963005,13010412,10906922,11974729,-76,232,-451,g5/117mA/117mA g5/117mA/117mA g4/117mA/117mA g4/117mA/117mA,,,,,,
75.716,HR,207,11969619,13020350,10911708,11982730,-76,231,-451,g5/117mA/117mA g5/117mA/117mA g4/117mA/117mA g4/117mA/117mA,,,,,,
75.716,HR,208,11976468,13032201,10916886,11991713,-76,231,-451,g5/117mA/117mA g5/117mA/117mA g4/117mA/117mA g4/117mA/117mA,,,,,,
75.777,HR,209,11983950,13043582,10922005,12001438,-76,231,-451,g5/117mA/117mA g5/117mA/117mA g4/117mA/117mA g4/117mA/117mA,68,100,0,1,0,0
75.777,HR,210,11990988,13054434,10927355,12011643,-76,230,-451,g5/117mA/117mA g5/117mA/117mA g4/117mA/117mA g4/117mA/117mA,,,,,,
75.777,HR,211,11998291,13066309,10932525,12021878,-76,230,-452,g5/117mA/117mA g5/117mA/117mA g4/117mA/117mA g4/117mA/117mA,,,,,,
75.777,HR,212,12004620,13078373,10937378,12032681,-76,230,-452,g5/117mA/117mA g5/117mA/117mA g4/117mA/117mA g4/117mA/117mA,,,,,,
75.777,HR,213,12011063,13090411,10942173,12043755,-76,231,-452,g5/117mA/117mA g5/117mA/117mA g4/117mA/117mA g4/117mA/117mA,,,,,,
75.801,HR,214,12001908,13084532,10936448,12043028,-76,232,-452,g5/117mA/117mA g5/117mA/117mA g4/117mA/117mA g4/117mA/117mA,,,,,,
75.801,HR,215,11976732,13054758,10918747,12024901,-76,232,-452,g5/117mA/117mA g5/117mA/117mA g4/117mA/117mA g4/117mA/117mA,,,,,,
75.801,HR,216,11957811,13027936,10904412,12008751,-76,230,-452,g5/117mA/117mA g5/117mA/117mA g4/117mA/117mA g4/117mA/117mA,,,,,,
75.801,HR,217,11948544,13014047,10897223,11999186,-75,229,-452,g5/117mA/117mA g5/117mA/117mA g4/117mA/117mA g4/117mA/117mA,,,,,,
75.801,HR,218,11945245,13007862,10894390,11994784,-75,233,-448,g5/117mA/117mA g5/117mA/117mA g4/117mA/117mA g4/117mA/117mA,,,,,,
75.801,HR,219,11943453,13005277,10892787,11993649,-75,234,-449,g5/117mA/117mA g5/117mA/117mA g4/117mA/117mA g4/117mA/117mA,,,,,,
75.835,HR,220,11942906,13004670,10892027,11993608,-76,233,-451,g5/117mA/117mA g5/117mA/117mA g4/117mA/117mA g4/117mA/117mA,,,,,,
75.835,HR,221,11943563,13005754,10892505,11994614,-76,230,-451,g5/117mA/117mA g5/117mA/117mA g4/117mA/117mA g4/117mA/117mA,,,,,,
75.835,HR,222,11943069,13005397,10892299,11993369,-76,230,-452,g5/117mA/117mA g5/117mA/117mA g4/117mA/117mA g4/117mA/117mA,,,,,,
75.835,HR,223,11942275,13005822,10891216,11992480,-76,231,-452,g5/117mA/117mA g5/117mA/117mA g4/117mA/117mA g4/117mA/117mA,,,,,,
75.835,HR,224,11942377,13007204,10891465,11994111,-76,231,-452,g5/117mA/117mA g5/117mA/117mA g4/117mA/117mA g4/117mA/117mA,,,,,,
75.835,HR,225,11944920,13009773,10892896,11997609,-76,232,-451,g5/117mA/117mA g5/117mA/117mA g4/117mA/117mA g4/117mA/117mA,,,,,,
75.958,HR,226,11948852,13015660,10895515,12002914,-76,232,-451,g5/117mA/117mA g5/117mA/117mA g4/117mA/117mA g4/117mA/117mA,,,,,,
75.958,HR,227,11954166,13023687,10899202,12009903,-77,229,-452,g5/117mA/117mA g5/117mA/117mA g4/117mA/117mA g4/117mA/117mA,,,,,,
75.958,HR,228,11960190,13033107,10903534,12018126,-76,230,-452,g5/117mA/117mA g5/117mA/117mA g4/117mA/117mA g4/117mA/117mA,,,,,,
75.958,HR,229,11966547,13043300,10907868,12026758,-78,230,-452,g5/117mA/117mA g5/117mA/117mA g4/117mA/117mA g4/117mA/117mA,,,,,,
75.958,HR,230,11972722,13052548,10912202,12035283,-82,228,-452,g5/117mA/117mA g5/117mA/117mA g4/117mA/117mA g4/117mA/117mA,,,,,,
75.958,HR,231,11978397,13061455,10916196,12043292,-78,229,-452,g5/117mA/117mA g5/117mA/117mA g4/117mA/117mA g4/117mA/117mA,,,,,,
75.958,HR,232,11983872,13070797,10920470,12051064,-76,229,-451,g5/117mA/117mA g5/117mA/117mA g4/117mA/117mA g4/117mA/117mA,,,,,,
75.981,HRV,199,11917602,12944773,10874085,11925853,-74,232,-451,g5/117mA/117mA g5/117mA/117mA g4/117mA/117mA g4/117mA/117mA,,,,,,
75.981,HRV,200,11924087,12953936,10878812,11932548,-73,232,-451,g5/117mA/117mA g5/117mA/117mA g4/117mA/117mA g4/117mA/117mA,,,,,,
75.981,HRV,201,11931141,12963576,10883494,11939466,-73,232,-451,g5/117mA/117mA g5/117mA/117mA g4/117mA/117mA g4/117mA/117mA,,,,,,
75.981,HRV,202,11938180,12972919,10888656,11946635,-74,231,-451,g5/117mA/117mA g5/117mA/117mA g4/117mA/117mA g4/117mA/117mA,,,,,,
75.981,HRV,203,11944203,12982268,10893469,11953374,-75,231,-451,g5/117mA/117mA g5/117mA/117mA g4/117mA/117mA g4/117mA/117mA,,,,,,
76.017,HRV,204,11950584,12991465,10897426,11960541,-76,231,-452,g5/117mA/117mA g5/117mA/117mA g4/117mA/117mA g4/117mA/117mA,,,,,,
76.017,HRV,205,11956496,13000141,10902111,11967579,-76,232,-453,g5/117mA/117mA g5/117mA/117mA g4/117mA/117mA g4/117mA/117mA,,,,,,
76.017,HRV,206,11963005,13010412,10906922,11974729,-76,232,-451,g5/117mA/117mA g5/117mA/117mA g4/117mA/117mA g4/117mA/117mA,,,,,,
76.017,HRV,207,11969619,13020350,10911708,11982730,-76,231,-451,g5/117mA/117mA g5/117mA/117mA g4/117mA/117mA g4/117mA/117mA,,,,,,
76.017,HRV,208,11976468,13032201,10916886,11991713,-76,231,-451,g5/117mA/117mA g5/117mA/117mA g4/117mA/117mA g4/117mA/117mA,,,,,,
76.041,HRV,209,11983950,13043582,10922005,12001438,-76,231,-451,g5/117mA/117mA g5/117mA/117mA g4/117mA/117mA g4/117mA/117mA,615,0,0,0,30,1
76.041,HRV,210,11990988,13054434,10927355,12011643,-76,230,-451,g5/117mA/117mA g5/117mA/117mA g4/117mA/117mA g4/117mA/117mA,,,,,,
76.041,HRV,211,11998291,13066309,10932525,12021878,-76,230,-452,g5/117mA/117mA g5/117mA/117mA g4/117mA/117mA g4/117mA/117mA,,,,,,
76.041,HRV,212,12004620,13078373,10937378,12032681,-76,230,-452,g5/117mA/117mA g5/117mA/117mA g4/117mA/117mA g4/117mA/117mA,,,,,,
76.074,HRV,213,12011063,13090411,10942173,12043755,-76,231,-452,g5/117mA/117mA g5/117mA/117mA g4/117mA/117mA g4/117mA/117mA,,,,,,
76.074,HRV,214,12001908,13084532,10936448,12043028,-76,232,-452,g5/117mA/117mA g5/117mA/117mA g4/117mA/117mA g4/117mA/117mA,,,,,,
76.074,HRV,215,11976732,13054758,10918747,12024901,-76,232,-452,g5/117mA/117mA g5/117mA/117mA g4/117mA/117mA g4/117mA/117mA,,,,,,
76.074,HRV,216,11957811,13027936,10904412,12008751,-76,230,-452,g5/117mA/117mA g5/117mA/117mA g4/117mA/117mA g4/117mA/117mA,,,,,,
76.075,HRV,217,11948544,13014047,10897223,11999186,-75,229,-452,g5/117mA/117mA g5/117mA/117mA g4/117mA/117mA g4/117mA/117mA,,,,,,
76.075,HRV,218,11945245,13007862,10894390,11994784,-75,233,-448,g5/117mA/117mA g5/117mA/117mA g4/117mA/117mA g4/117mA/117mA,,,,,,
76.14,HRV,219,11943453,13005277,10892787,11993649,-75,234,-449,g5/117mA/117mA g5/117mA/117mA g4/117mA/117mA g4/117mA/117mA,,,,,,
76.14,HRV,220,11942906,13004670,10892027,11993608,-76,233,-451,g5/117mA/117mA g5/117mA/117mA g4/117mA/117mA g4/117mA/117mA,,,,,,
76.14,HRV,221,11943563,13005754,10892505,11994614,-76,230,-451,g5/117mA/117mA g5/117mA/117mA g4/117mA/117mA g4/117mA/117mA,,,,,,
76.14,HRV,222,11943069,13005397,10892299,11993369,-76,230,-452,g5/117mA/117mA g5/117mA/117mA g4/117mA/117mA g4/117mA/117mA,,,,,,
76.14,HRV,223,11942275,13005822,10891216,11992480,-76,231,-452,g5/117mA/117mA g5/117mA/117mA g4/117mA/117mA g4/117mA/117mA,,,,,,
76.14,HRV,224,11942377,13007204,10891465,11994111,-76,231,-452,g5/117mA/117mA g5/117mA/117mA g4/117mA/117mA g4/117mA/117mA,,,,,,
76.192,HRV,225,11944920,13009773,10892896,11997609,-76,232,-451,g5/117mA/117mA g5/117mA/117mA g4/117mA/117mA g4/117mA/117mA,,,,,,
76.192,HRV,226,11948852,13015660,10895515,12002914,-76,232,-451,g5/117mA/117mA g5/117mA/117mA g4/117mA/117mA g4/117mA/117mA,,,,,,
76.192,HRV,227,11954166,13023687,10899202,12009903,-77,229,-452,g5/117mA/117mA g5/117mA/117mA g4/117mA/117mA g4/117mA/117mA,,,,,,
76.192,HRV,228,11960190,13033107,10903534,12018126,-76,230,-452,g5/117mA/117mA g5/117mA/117mA g4/117mA/117mA g4/117mA/117mA,,,,,,
76.192,HRV,229,11966547,13043300,10907868,12026758,-78,230,-452,g5/117mA/117mA g5/117mA/117mA g4/117mA/117mA g4/117mA/117mA,,,,,,
76.192,HRV,230,11972722,13052548,10912202,12035283,-82,228,-452,g5/117mA/117mA g5/117mA/117mA g4/117mA/117mA g4/117mA/117mA,,,,,,
76.192,HRV,231,11978397,13061455,10916196,12043292,-78,229,-452,g5/117mA/117mA g5/117mA/117mA g4/117mA/117mA g4/117mA/117mA,,,,,,
76.192,HRV,232,11983872,13070797,10920470,12051064,-76,229,-451,g5/117mA/117mA g5/117mA/117mA g4/117mA/117mA g4/117mA/117mA,,,,,,
77.399,HR,233,11990365,13080146,10924770,12058580,-77,232,-452,g5/117mA/117mA g5/117mA/117mA g4/117mA/117mA g4/117mA/117mA,,,,,,
77.399,HR,234,11996295,13090769,10929112,12066217,-77,231,-452,g5/117mA/117mA g5/117mA/117mA g4/117mA/117mA g4/117mA/117mA,68,100,0,1,0,0
77.399,HR,235,12002992,13102038,10934034,12074730,-77,230,-452,g5/117mA/117mA g5/117mA/117mA g4/117mA/117mA g4/117mA/117mA,,,,,,
77.399,HR,236,12009944,13113948,10939026,12083365,-76,230,-452,g5/117mA/117mA g5/117mA/117mA g4/117mA/117mA g4/117mA/117mA,,,,,,
77.4,HR,237,12016454,13126353,10944059,12092707,-76,230,-452,g5/117mA/117mA g5/117mA/117mA g4/117mA/117mA g4/117mA/117mA,,,,,,
77.4,HR,238,12023414,13137939,10949409,12101315,-76,230,-452,g5/117mA/117mA g5/117mA/117mA g4/117mA/117mA g4/117mA/117mA,,,,,,
77.4,HR,239,12030582,13150392,10954399,12110519,-76,230,-452,g5/117mA/117mA g5/117mA/117mA g4/117mA/117mA g4/117mA/117mA,,,,,,
77.4,HR,240,12037696,13162866,10959874,12118769,-76,230,-452,g5/117mA/117mA g5/117mA/117mA g4/117mA/117mA g4/117mA/117mA,,,,,,
77.4,HR,241,12037015,13165570,10959534,12121593,-76,231,-452,g5/117mA/117mA g5/117mA/117mA g4/117mA/117mA g4/117mA/117mA,,,,,,
77.4,HR,242,12018108,13143501,10946473,12106211,-76,230,-452,g5/117mA/117mA g5/117mA/117mA g4/117mA/117mA g4/117mA/117mA,,,,,,
77.458,HR,243,12001141,13121590,10934188,12089548,-77,229,-452,g5/117mA/117mA g5/117mA/117mA g4/117mA/117mA g4/117mA/117mA,,,,,,
77.458,HR,244,11993248,13109588,10927916,12080514,-77,229,-452,g5/117mA/117mA g5/117mA/117mA g4/117mA/117mA g4/117mA/117mA,,,,,,
77.458,HR,245,11990782,13105179,10926160,12075823,-77,230,-452,g5/117mA/117mA g5/117mA/117mA g4/117mA/117mA g4/117mA/117mA,,,,,,
77.458,HR,246,11989667,13103139,10925051,12073296,-77,230,-452,g5/117mA/117mA g5/117mA/117mA g4/117mA/117mA g4/117mA/117mA,,,,,,
77.458,HR,247,11989750,13102754,10924982,12072554,-77,230,-452,g5/117mA/117mA g5/117mA/117mA g4/117mA/117mA g4/117mA/117mA,,,,,,
77.458,HR,248,11991125,13103959,10926100,12073393,-76,230,-452,g5/117mA/117mA g5/117mA/117mA g4/117mA/117mA g4/117mA/117mA,,,,,,
77.482,HR,249,11991550,13104539,10926937,12072623,-76,230,-452,g5/117mA/117mA g5/117mA/117mA g4/117mA/117mA g4/117mA/117mA,,,,,,
77.482,HR,250,11991132,13103684,10926544,12071002,-77,231,-452,g5/117mA/117mA g5/117mA/117mA g4/117mA/117mA g4/117mA/117mA,,,,,,
77.482,HR,251,11990733,13103437,10926587,12070381,-77,230,-452,g5/117mA/117mA g5/117mA/117mA g4/117mA/117mA g4/117mA/117mA,,,,,,
77.482,HR,252,11992634,13105570,10927806,12071522,-77,230,-452,g5/117mA/117mA g5/117mA/117mA g4/117mA/117mA g4/117mA/117mA,,,,,,
77.482,HR,253,11996397,13110108,10930518,12074713,-77,231,-451,g5/117mA/117mA g5/117mA/117mA g4/117mA/117mA g4/117mA/117mA,,,,,,
77.482,HR,254,12000620,13116567,10934299,12078681,-77,231,-451,g5/117mA/117mA g5/117mA/117mA g4/117mA/117mA g4/117mA/117mA,,,,,,
77.515,HR,255,12006190,13125389,10937857,12084252,-75,231,-451,g5/117mA/117mA g5/117mA/117mA g4/117mA/117mA g4/117mA/117mA,,,,,,
77.515,HR,0,12011284,13134619,10941705,12090172,-75,231,-451,g5/117mA/117mA g5/117mA/117mA g4/117mA/117mA g4/117mA/117mA,,,,,,
77.515,HR,1,12017000,13144029,10945551,12095471,-75,234,-452,g5/117mA/117mA g5/117mA/117mA g4/117mA/117mA g4/117mA/117mA,,,,,,
77.515,HR,2,12022996,13151383,10949945,12099530,-77,238,-451,g5/117mA/117mA g5/117mA/117mA g4/117mA/117mA g4/117mA/117mA,,,,,,
77.515,HR,3,12028978,13161022,10954475,12104642,-79,229,-454,g5/117mA/117mA g5/117mA/117mA g4/117mA/117mA g4/117mA/117mA,68,99,0,1,0,0
77.577,HR,4,12034480,13172404,10959100,12111900,-83,211,-461,g5/117mA/117mA g5/117mA/117mA g4/117mA/117mA g4/117mA/117mA,,,,,,
77.577,HR,5,12040633,13180688,10964031,12121107,-88,218,-456,g5/117mA/117mA g5/117mA/117mA g4/117mA/117mA g4/117mA/117mA,,,,,,
77.577,HR,6,12046330,13187453,10968739,12130747,-83,225,-453,g5/117mA/117mA g5/117mA/117mA g4/117mA/117mA g4/117mA/117mA,,,,,,
77.577,HR,7,12052806,13194073,10973679,12139756,-77,229,-452,g5/117mA/117mA g5/117mA/117mA g4/117mA/117mA g4/117mA/117mA,,,,,,
77.577,HR,8,12059416,13202213,10979285,12148022,-77,225,-456,g5/117mA/117mA g5/117mA/117mA g4/117mA/117mA g4/117mA/117mA,,,,,,
77.577,HR,9,12066217,13210829,10984318,12154806,-75,228,-453,g5/117mA/117mA g5/117mA/117mA g4/117mA/117mA g4/117mA/117mA,,,,,,
77.577,HR,10,12073562,13220648,10989693,12160291,-75,237,-447,g5/117mA/117mA g5/117mA/117mA g4/117mA/117mA g4/117mA/117mA,,,,,,
77.697,HRV,233,11990365,13080146,10924770,12058580,-77,232,-452,g5/117mA/117mA g5/117mA/117mA g4/117mA/117mA g4/117mA/117mA,,,,,,
77.697,HRV,234,11996295,13090769,10929112,12066217,-77,231,-452,g5/117mA/117mA g5/117mA/117mA g4/117mA/117mA g4/117mA/117mA,615,615,0,0,30,2
77.697,HRV,235,12002992,13102038,10934034,12074730,-77,230,-452,g5/117mA/117mA g5/117mA/117mA g4/117mA/117mA g4/117mA/117mA,,,,,,
77.697,HRV,236,12009944,13113948,10939026,12083365,-76,230,-452,g5/117mA/117mA g5/117mA/117mA g4/117mA/117mA g4/117mA/117mA,,,,,,
77.698,HRV,237,12016454,13126353,10944059,12092707,-76,230,-452,g5/117mA/117mA g5/117mA/117mA g4/117mA/117mA g4/117mA/117mA,,,,,,
77.698,HRV,238,12023414,13137939,10949409,12101315,-76,230,-452,g5/117mA/117mA g5/117mA/117mA g4/117mA/117mA g4/117mA/117mA,,,,,,
77.698,HRV,239,12030582,13150392,10954399,12110519,-76,230,-452,g5/117mA/117mA g5/117mA/117mA g4/117mA/117mA g4/117mA/117mA,,,,,,
77.698,HRV,240,12037696,13162866,10959874,12118769,-76,230,-452,g5/117mA/117mA g5/117mA/117mA g4/117mA/117mA g4/117mA/117mA,,,,,,
77.698,HRV,241,12037015,13165570,10959534,12121593,-76,231,-452,g5/117mA/117mA g5/117mA/117mA g4/117mA/117mA g4/117mA/117mA,,,,,,
77.698,HRV,242,12018108,13143501,10946473,12106211,-76,230,-452,g5/117mA/117mA g5/117mA/117mA g4/117mA/117mA g4/117mA/117mA,,,,,,
77.753,HRV,243,12001141,13121590,10934188,12089548,-77,229,-452,g5/117mA/117mA g5/117mA/117mA g4/117mA/117mA g4/117mA/117mA,,,,,,
77.753,HRV,244,11993248,13109588,10927916,12080514,-77,229,-452,g5/117mA/117mA g5/117mA/117mA g4/117mA/117mA g4/117mA/117mA,,,,,,
77.753,HRV,245,11990782,13105179,10926160,12075823,-77,230,-452,g5/117mA/117mA g5/117mA/117mA g4/117mA/117mA g4/117mA/117mA,,,,,,
77.753,HRV,246,11989667,13103139,10925051,12073296,-77,230,-452,g5/117mA/117mA g5/117mA/117mA g4/117mA/117mA g4/117mA/117mA,,,,,,
77.753,HRV,247,11989750,13102754,10924982,12072554,-77,230,-452,g5/117mA/117mA g5/117mA/117mA g4/117mA/117mA g4/117mA/117mA,,,,,,
77.753,HRV,248,11991125,13103959,10926100,12073393,-76,230,-452,g5/117mA/117mA g5/117mA/117mA g4/117mA/117mA g4/117mA/117mA,,,,,,
77.756,HRV,249,11991550,13104539,10926937,12072623,-76,230,-452,g5/117mA/117mA g5/117mA/117mA g4/117mA/117mA g4/117mA/117mA,,,,,,
77.756,HRV,250,11991132,13103684,10926544,12071002,-77,231,-452,g5/117mA/117mA g5/117mA/117mA g4/117mA/117mA g4/117mA/117mA,,,,,,
77.756,HRV,251,11990733,13103437,10926587,12070381,-77,230,-452,g5/117mA/117mA g5/117mA/117mA g4/117mA/117mA g4/117mA/117mA,,,,,,
77.756,HRV,252,11992634,13105570,10927806,12071522,-77,230,-452,g5/117mA/117mA g5/117mA/117mA g4/117mA/117mA g4/117mA/117mA,,,,,,
77.756,HRV,253,11996397,13110108,10930518,12074713,-77,231,-451,g5/117mA/117mA g5/117mA/117mA g4/117mA/117mA g4/117mA/117mA,,,,,,
77.756,HRV,254,12000620,13116567,10934299,12078681,-77,231,-451,g5/117mA/117mA g5/117mA/117mA g4/117mA/117mA g4/117mA/117mA,,,,,,
77.814,HRV,255,12006190,13125389,10937857,12084252,-75,231,-451,g5/117mA/117mA g5/117mA/117mA g4/117mA/117mA g4/117mA/117mA,,,,,,
77.814,HRV,0,12011284,13134619,10941705,12090172,-75,231,-451,g5/117mA/117mA g5/117mA/117mA g4/117mA/117mA g4/117mA/117mA,,,,,,
77.814,HRV,1,12017000,13144029,10945551,12095471,-75,234,-452,g5/117mA/117mA g5/117mA/117mA g4/117mA/117mA g4/117mA/117mA,,,,,,
77.814,HRV,2,12022996,13151383,10949945,12099530,-77,238,-451,g5/117mA/117mA g5/117mA/117mA g4/117mA/117mA g4/117mA/117mA,,,,,,
77.875,HRV,3,12028978,13161022,10954475,12104642,-79,229,-454,g5/117mA/117mA g5/117mA/117mA g4/117mA/117mA g4/117mA/117mA,615,0,0,0,30,1
77.875,HRV,4,12034480,13172404,10959100,12111900,-83,211,-461,g5/117mA/117mA g5/117mA/117mA g4/117mA/117mA g4/117mA/117mA,,,,,,
77.875,HRV,5,12040633,13180688,10964031,12121107,-88,218,-456,g5/117mA/117mA g5/117mA/117mA g4/117mA/117mA g4/117mA/117mA,,,,,,
77.875,HRV,6,12046330,13187453,10968739,12130747,-83,225,-453,g5/117mA/117mA g5/117mA/117mA g4/117mA/117mA g4/117mA/117mA,,,,,,
77.875,HRV,7,12052806,13194073,10973679,12139756,-77,229,-452,g5/117mA/117mA g5/117mA/117mA g4/117mA/117mA g4/117mA/117mA,,,,,,
77.875,HRV,8,12059416,13202213,10979285,12148022,-77,225,-456,g5/117mA/117mA g5/117mA/117mA g4/117mA/117mA g4/117mA/117mA,,,,,,
77.875,HRV,9,12066217,13210829,10984318,12154806,-75,228,-453,g5/117mA/117mA g5/117mA/117mA g4/117mA/117mA g4/117mA/117mA,,,,,,
77.875,HRV,10,12073562,13220648,10989693,12160291,-75,237,-447,g5/117mA/117mA g5/117mA/117mA g4/117mA/117mA g4/117mA/117mA,,,,,,
78.537,HR,11,12081264,13232822,10995579,12166518,-74,234,-450,g5/117mA/117mA g5/117mA/117mA g4/117mA/117mA g4/117mA/117mA,,,,,,
78.537,HR,12,12089371,13244654,11001705,12173089,-74,234,-450,g5/117mA/117mA g5/117mA/117mA g4/117mA/117mA g4/117mA/117mA,,,,,,
78.538,HR,13,12081693,13238965,10997284,12169256,-74,234,-450,g5/117mA/117mA g5/117mA/117mA g4/117mA/117mA g4/117mA/117mA,,,,,,
78.538,HR,14,12065244,13218694,10986041,12154770,-74,235,-450,g5/117mA/117mA g5/117mA/117mA g4/117mA/117mA g4/117mA/117mA,,,,,,
78.538,HR,15,12053958,13203628,10978269,12143382,-74,235,-450,g5/117mA/117mA g5/117mA/117mA g4/117mA/117mA g4/117mA/117mA,,,,,,
78.656,HR,16,12049641,13197051,10975060,12138075,-74,235,-450,g5/117mA/117mA g5/117mA/117mA g4/117mA/117mA g4/117mA/117mA,,,,,,
78.656,HR,17,12048940,13195199,10974780,12135950,-74,235,-450,g5/117mA/117mA g5/117mA/117mA g4/117mA/117mA g4/117mA/117mA,,,,,,
78.656,HR,18,12049368,13194721,10974977,12134772,-74,235,-450,g5/117mA/117mA g5/117mA/117mA g4/117mA/117mA g4/117mA/117mA,,,,,,
78.656,HR,19,12050962,13196394,10976468,12135313,-74,234,-450,g5/117mA/117mA g5/117mA/117mA g4/117mA/117mA g4/117mA/117mA,,,,,,
78.656,HR,20,12052815,13197767,10977605,12136387,-74,234,-450,g5/117mA/117mA g5/117mA/117mA g4/117mA/117mA g4/117mA/117mA,,,,,,
78.656,HR,21,12052072,13198270,10977595,12135874,-74,234,-450,g5/117mA/117mA g5/117mA/117mA g4/117mA/117mA g4/117mA/117mA,,,,,,
78.682,HR,22,12050631,13197776,10977433,12134611,-74,234,-450,g5/117mA/117mA g5/117mA/117mA g4/117mA/117mA g4/117mA/117mA,,,,,,
78.682,HR,23,12050494,13199151,10977629,12134576,-74,234,-450,g5/117mA/117mA g5/117mA/117mA g4/117mA/117mA g4/117mA/117mA,,,,,,
78.682,HR,24,12052525,13203227,10979557,12136737,-74,234,-450,g5/117mA/117mA g5/117mA/117mA g4/117mA/117mA g4/117mA/117mA,,,,,,
78.682,HR,25,12055134,13208004,10982057,12140295,-74,233,-450,g5/117mA/117mA g5/117mA/117mA g4/117mA/117mA g4/117mA/117mA,,,,,,
78.682,HR,26,12059032,13214770,10985733,12144942,-74,233,-450,g5/117mA/117mA g5/117mA/117mA g4/117mA/117mA g4/117mA/117mA,,,,,,
78.682,HR,27,12063810,13223105,10989139,12150608,-74,233,-451,g5/117mA/117mA g5/117mA/117mA g4/117mA/117mA g4/117mA/117mA,,,,,,
78.772,HR,28,12068768,13231653,10993190,12157023,-74,233,-451,g5/117mA/117mA g5/117mA/117mA g4/117mA/117mA g4/117mA/117mA,67,100,0,1,0,0
78.772,HR,29,12073451,13239808,10996432,12163797,-74,233,-451,g5/117mA/117mA g5/117mA/117mA g4/117mA/117mA g4/117mA/117mA,,,,,,
78.772,HR,30,12078492,13248137,10999878,12170186,-75,233,-451,g5/117mA/117mA g5/117mA/117mA g4/117mA/117mA g4/117mA/117mA,,,,,,
78.772,HR,31,12082716,13256445,11003376,12176782,-75,233,-451,g5/117mA/117mA g5/117mA/117mA g4/117mA/117mA g4/117mA/117mA,,,,,,
78.773,HR,32,12087375,13264294,11007019,12183196,-75,233,-451,g5/117mA/117mA g5/117mA/117mA g4/117mA/117mA g4/117mA/117mA,,,,,,
78.777,HR,33,12092654,13273874,11010637,12190072,-75,233,-451,g5/117mA/117mA g5/117mA/117mA g4/117mA/117mA g4/117mA/117mA,,,,,,
78.777,HR,34,12098201,13283635,11014903,12196496,-75,233,-451,g5/117mA/117mA g5/117mA/117mA g4/117mA/117mA g4/117mA/117mA,,,,,,
78.777,HR,35,12104198,13294024,11019346,12203289,-75,233,-451,g5/117mA/117mA g5/117mA/117mA g4/117mA/117mA g4/117mA/117mA,,,,,,
78.777,HR,36,12110425,13304203,11023680,12210232,-75,233,-451,g5/117mA/117mA g5/117mA/117mA g4/117mA/117mA g4/117mA/117mA,,,,,,
78.777,HR,37,12116516,13314331,11028417,12216674,-75,233,-451,g5/117mA/117mA g5/117mA/117mA g4/117mA/117mA g4/117mA/117mA,,,,,,
78.835,HR,38,12122941,13324148,11032913,12224293,-74,233,-451,g5/117mA/117mA g5/117mA/117mA g4/117mA/117mA g4/117mA/117mA,,,,,,
78.835,HR,39,12128596,13334668,11037680,12231663,-73,233,-449,g5/117mA/117mA g5/117mA/117mA g4/117mA/117mA g4/117mA/117mA,,,,,,
78.835,HR,40,12134809,13344454,11041502,12238522,-73,234,-449,g5/117mA/117mA g5/117mA/117mA g4/117mA/117mA g4/117mA/117mA,,,,,,
78.835,HR,41,12126261,13335436,11035787,12232704,-73,234,-449,g5/117mA/117mA g5/117mA/117mA g4/117mA/117mA g4/117mA/117mA,,,,,,
78.835,HR,42,12111441,13315303,11025311,12217477,-73,234,-450,g5/117mA/117mA g5/117mA/117mA g4/117mA/117mA g4/117mA/117mA,,,,,,
78.835,HR,43,12102236,13300262,11018085,12205718,-74,233,-451,g5/117mA/117mA g5/117mA/117mA g4/117mA/117mA g4/117mA/117mA,,,,,,
78.893,HR,44,12099113,13293676,11015619,12199492,-75,231,-451,g5/117mA/117mA g5/117mA/117mA g4/117mA/117mA g4/117mA/117mA,,,,,,
78.897,HRV,11,12081264,13232822,10995579,12166518,-74,234,-450,g5/117mA/117mA g5/117mA/117mA g4/117mA/117mA g4/117mA/117mA,,,,,,
78.897,HRV,12,12089371,13244654,11001705,12173089,-74,234,-450,g5/117mA/117mA g5/117mA/117mA g4/117mA/117mA g4/117mA/117mA,,,,,,
78.897,HRV,13,12081693,13238965,10997284,12169256,-74,234,-450,g5/117mA/117mA g5/117mA/117mA g4/117mA/117mA g4/117mA/117mA,,,,,,
78.897,HRV,14,12065244,13218694,10986041,12154770,-74,235,-450,g5/117mA/117mA g5/117mA/117mA g4/117mA/117mA g4/117mA/117mA,,,,,,
78.897,HRV,15,12053958,13203628,10978269,12143382,-74,235,-450,g5/117mA/117mA g5/117mA/117mA g4/117mA/117mA g4/117mA/117mA,,,,,,
78.953,HRV,16,12049641,13197051,10975060,12138075,-74,235,-450,g5/117mA/117mA g5/117mA/117mA g4/117mA/117mA g4/117mA/117mA,,,,,,
78.953,HRV,17,12048940,13195199,10974780,12135950,-74,235,-450,g5/117mA/117mA g5/117mA/117mA g4/117mA/117mA g4/117mA/117mA,,,,,,
78.953,HRV,18,12049368,13194721,10974977,12134772,-74,235,-450,g5/117mA/117mA g5/117mA/117mA g4/117mA/117mA g4/117mA/117mA,,,,,,
78.953,HRV,19,12050962,13196394,10976468,12135313,-74,234,-450,g5/117mA/117mA g5/117mA/117mA g4/117mA/117mA g4/117mA/117mA,,,,,,
78.953,HRV,20,12052815,13197767,10977605,12136387,-74,234,-450,g5/117mA/117mA g5/117mA/117mA g4/117mA/117mA g4/117mA/117mA,,,,,,
78.953,HRV,21,12052072,13198270,10977595,12135874,-74,234,-450,g5/117mA/117mA g5/117mA/117mA g4/117mA/117mA g4/117mA/117mA,,,,,,
78.957,HRV,22,12050631,13197776,10977433,12134611,-74,234,-450,g5/117mA/117mA g5/117mA/117mA g4/117mA/117mA g4/117mA/117mA,,,,,,
78.957,HRV,23,12050494,13199151,10977629,12134576,-74,234,-450,g5/117mA/117mA g5/117mA/117mA g4/117mA/117mA g4/117mA/117mA,,,,,,
78.957,HRV,24,12052525,13203227,10979557,12136737,-74,234,-450,g5/117mA/117mA g5/117mA/117mA g4/117mA/117mA g4/117mA/117mA,,,,,,
78.957,HRV,25,12055134,13208004,10982057,12140295,-74,233,-450,g5/117mA/117mA g5/117mA/117mA g4/117mA/117mA g4/117mA/117mA,,,,,,
78.957,HRV,26,12059032,13214770,10985733,12144942,-74,233,-450,g5/117mA/117mA g5/117mA/117mA g4/117mA/117mA g4/117mA/117mA,,,,,,
78.957,HRV,27,12063810,13223105,10989139,12150608,-74,233,-451,g5/117mA/117mA g5/117mA/117mA g4/117mA/117mA g4/117mA/117mA,,,,,,
79.016,HRV,28,12068768,13231653,10993190,12157023,-74,233,-451,g5/117mA/117mA g5/117mA/117mA g4/117mA/117mA g4/117mA/117mA,615,0,0,0,30,1
79.016,HRV,29,12073451,13239808,10996432,12163797,-74,233,-451,g5/117mA/117mA g5/117mA/117mA g4/117mA/117mA g4/117mA/117mA,,,,,,
79.016,HRV,30,12078492,13248137,10999878,12170186,-75,233,-451,g5/117mA/117mA g5/117mA/117mA g4/117mA/117mA g4/117mA/117mA,,,,,,
79.016,HRV,31,12082716,13256445,11003376,12176782,-75,233,-451,g5/117mA/117mA g5/117mA/117mA g4/117mA/117mA g4/117mA/117mA,,,,,,
79.016,HRV,32,12087375,13264294,11007019,12183196,-75,233,-451,g5/117mA/117mA g5/117mA/117mA g4/117mA/117mA g4/117mA/117mA,,,,,,
79.017,HRV,33,12092654,13273874,11010637,12190072,-75,233,-451,g5/117mA/117mA g5/117mA/117mA g4/117mA/117mA g4/117mA/117mA,,,,,,
79.017,HRV,34,12098201,13283635,11014903,12196496,-75,233,-451,g5/117mA/117mA g5/117mA/117mA g4/117mA/117mA g4/117mA/117mA,,,,,,
79.017,HRV,35,12104198,13294024,11019346,12203289,-75,233,-451,g5/117mA/117mA g5/117mA/117mA g4/117mA/117mA g4/117mA/117mA,,,,,,
79.017,HRV,36,12110425,13304203,11023680,12210232,-75,233,-451,g5/117mA/117mA g5/117mA/117mA g4/117mA/117mA g4/117mA/117mA,,,,,,
79.017,HRV,37,12116516,13314331,11028417,12216674,-75,233,-451,g5/117mA/117mA g5/117mA/117mA g4/117mA/117mA g4/117mA/117mA,,,,,,
79.135,HRV,38,12122941,13324148,11032913,12224293,-74,233,-451,g5/117mA/117mA g5/117mA/117mA g4/117mA/117mA g4/117mA/117mA,,,,,,
79.135,HRV,39,12128596,13334668,11037680,12231663,-73,233,-449,g5/117mA/117mA g5/117mA/117mA g4/117mA/117mA g4/117mA/117mA,,,,,,
79.135,HRV,40,12134809,13344454,11041502,12238522,-73,234,-449,g5/117mA/117mA g5/117mA/117mA g4/117mA/117mA g4/117mA/117mA,,,,,,
79.135,HRV,41,12126261,13335436,11035787,12232704,-73,234,-449,g5/117mA/117mA g5/117mA/117mA g4/117mA/117mA g4/117mA/117mA,,,,,,
79.135,HRV,42,12111441,13315303,11025311,12217477,-73,234,-450,g5/117mA/117mA g5/117mA/117mA g4/117mA/117mA g4/117mA/117mA,,,,,,
79.135,HRV,43,12102236,13300262,11018085,12205718,-74,233,-451,g5/117mA/117mA g5/117mA/117mA g4/117mA/117mA g4/117mA/117mA,,,,,,
79.135,HRV,44,12099113,13293676,11015619,12199492,-75,231,-451,g5/117mA/117mA g5/117mA/117mA g4/117mA/117mA g4/117mA/117mA,,,,,,
80.158,HR,45,12099079,13292302,11015746,12196574,-72,234,-451,g5/117mA/117mA g5/117mA/117mA g4/117mA/117mA g4/117mA/117mA,,,,,,
80.158,HR,46,12100385,13292721,11016242,12194323,-72,234,-450,g5/117mA/117mA g5/117mA/117mA g4/117mA/117mA g4/117mA/117mA,,,,,,
80.158,HR,47,12101759,13294819,11017675,12194509,-73,234,-450,g5/117mA/117mA g5/117mA/117mA g4/117mA/117mA g4/117mA/117mA,,,,,,
80.158,HR,48,12103199,13297233,11018861,12194885,-73,234,-450,g5/117mA/117mA g5/117mA/117mA g4/117mA/117mA g4/117mA/117mA,,,,,,
80.158,HR,49,12102934,13296013,11018486,12193605,-73,234,-450,g5/117mA/117mA g5/117mA/117mA g4/117mA/117mA g4/117mA/117mA,,,,,,
80.158,HR,50,12101861,13295179,11018126,12191864,-73,234,-450,g5/117mA/117mA g5/117mA/117mA g4/117mA/117mA g4/117mA/117mA,,,,,,
80.158,HR,51,12101503,13295740,11017931,12191073,-74,234,-450,g5/117mA/117mA g5/117mA/117mA g4/117mA/117mA g4/117mA/117mA,,,,,,
80.158,HR,52,12103302,13297540,11019305,12191720,-74,234,-450,g5/117mA/117mA g5/117mA/117mA g4/117mA/117mA g4/117mA/117mA,,,,,,
80.159,HR,53,12106826,13302275,11021685,12192530,-73,234,-450,g5/117mA/117mA g5/117mA/117mA g4/117mA/117mA g4/117mA/117mA,67,100,0,1,0,0
80.159,HR,54,12110937,13308537,11024516,12194835,-72,234,-450,g5/117mA/117mA g5/117mA/117mA g4/117mA/117mA g4/117mA/117mA,,,,,,
80.216,HR,55,12115186,13315969,11027596,12198775,-72,234,-450,g5/117mA/117mA g5/117mA/117mA g4/117mA/117mA g4/117mA/117mA,,,,,,
80.216,HR,56,12119416,13323202,11030616,12203407,-73,234,-450,g5/117mA/117mA g5/117mA/117mA g4/117mA/117mA g4/117mA/117mA,,,,,,
80.216,HR,57,12123325,13329898,11033688,12208075,-73,235,-450,g5/117mA/117mA g5/117mA/117mA g4/117mA/117mA g4/117mA/117mA,,,,,,
80.216,HR,58,12127403,13337228,11036852,12212656,-73,235,-450,g5/117mA/117mA g5/117mA/117mA g4/117mA/117mA g4/117mA/117mA,,,,,,
80.216,HR,59,12131182,13345034,11039251,12217357,-73,235,-450,g5/117mA/117mA g5/117mA/117mA g4/117mA/117mA g4/117mA/117mA,,,,,,
80.217,HR,60,12135023,13351636,11042221,12221596,-72,235,-450,g5/117mA/117mA g5/117mA/117mA g4/117mA/117mA g4/117mA/117mA,,,,,,
80.217,HR,61,12139474,13358966,11045264,12225973,-72,235,-450,g5/117mA/117mA g5/117mA/117mA g4/117mA/117mA g4/117mA/117mA,,,,,,
80.217,HR,62,12144355,13366645,11049018,12230322,-72,234,-451,g5/117mA/117mA g5/117mA/117mA g4/117mA/117mA g4/117mA/117mA,,,,,,
80.217,HR,63,12149235,13375551,11052919,12235955,-72,234,-450,g5/117mA/117mA g5/117mA/117mA g4/117mA/117mA g4/117mA/117mA,,,,,,
80.217,HR,64,12153926,13384201,11056835,12241261,-72,235,-450,g5/117mA/117mA g5/117mA/117mA g4/117mA/117mA g4/117mA/117mA,,,,,,
80.217,HR,65,12158995,13392860,11060757,12246823,-72,236,-449,g5/117mA/117mA g5/117mA/117mA g4/117mA/117mA g4/117mA/117mA,,,,,,
80.276,HR,66,12164635,13402109,11064895,12252598,-72,236,-449,g5/117mA/117mA g5/117mA/117mA g4/117mA/117mA g4/117mA/117mA,,,,,,
80.276,HR,67,12169617,13411655,11068844,12258299,-72,236,-449,g5/117mA/117mA g5/117mA/117mA g4/117mA/117mA g4/117mA/117mA,,,,,,
80.276,HR,68,12174930,13420511,11072737,12264193,-72,235,-449,g5/117mA/117mA g5/117mA/117mA g4/117mA/117mA g4/117mA/117mA,,,,,,
80.276,HR,69,12174785,13423368,11073085,12264995,-72,235,-450,g5/117mA/117mA g5/117mA/117mA g4/117mA/117mA g4/117mA/117mA,,,,,,
80.276,HR,70,12162031,13406160,11063752,12252444,-72,236,-450,g5/117mA/117mA g5/117mA/117mA g4/117mA/117mA g4/117mA/117mA,,,,,,
80.278,HR,71,12150624,13387416,11055341,12238675,-72,236,-450,g5/117mA/117mA g5/117mA/117mA g4/117mA/117mA g4/117mA/117mA,,,,,,
80.278,HR,72,12145293,13377588,11051424,12229974,-72,236,-450,g5/117mA/117mA g5/117mA/117mA g4/117mA/117mA g4/117mA/117mA,,,,,,
80.278,HR,73,12144261,13373819,11050913,12225998,-72,236,-450,g5/117mA/117mA g5/117mA/117mA g4/117mA/117mA g4/117mA/117mA,,,,,,
80.278,HR,74,12145191,13373826,11051560,12223797,-71,236,-450,g5/117mA/117mA g5/117mA/117mA g4/117mA/117mA g4/117mA/117mA,,,,,,
80.278,HR,75,12146760,13375388,11052942,12223661,-71,236,-450,g5/117mA/117mA g5/117mA/117mA g4/117mA/117mA g4/117mA/117mA,,,,,,
80.278,HR,76,12148910,13377453,11054657,12223747,-71,236,-450,g5/117mA/117mA g5/117mA/117mA g4/117mA/117mA g4/117mA/117mA,,,,,,
80.333,HR,77,12148978,13377060,11054912,12221965,-71,236,-449,g5/117mA/117mA g5/117mA/117mA g4/117mA/117mA g4/117mA/117mA,,,,,,
80.333,HR,78,12147521,13374782,11054359,12218611,-72,235,-449,g5/117mA/117mA g5/117mA/117mA g4/117mA/117mA g4/117mA/117mA,66,100,0,1,0,0
80.397,HRV,45,12099079,13292302,11015746,12196574,-72,234,-451,g5/117mA/117mA g5/117mA/117mA g4/117mA/117mA g4/117mA/117mA,,,,,,
80.397,HRV,46,12100385,13292721,11016242,12194323,-72,234,-450,g5/117mA/117mA g5/117mA/117mA g4/117mA/117mA g4/117mA/117mA,,,,,,
80.397,HRV,47,12101759,13294819,11017675,12194509,-73,234,-450,g5/117mA/117mA g5/117mA/117mA g4/117mA/117mA g4/117mA/117mA,,,,,,
80.397,HRV,48,12103199,13297233,11018861,12194885,-73,234,-450,g5/117mA/117mA g5/117mA/117mA g4/117mA/117mA g4/117mA/117mA,,,,,,
80.397,HRV,49,12102934,13296013,11018486,12193605,-73,234,-450,g5/117mA/117mA g5/117mA/117mA g4/117mA/117mA g4/117mA/117mA,,,,,,
80.398,HRV,50,12101861,13295179,11018126,12191864,-73,234,-450,g5/117mA/117mA g5/117mA/117mA g4/117mA/117mA g4/117mA/117mA,,,,,,
80.398,HRV,51,12101503,13295740,11017931,12191073,-74,234,-450,g5/117mA/117mA g5/117mA/117mA g4/117mA/117mA g4/117mA/117mA,,,,,,
80.398,HRV,52,12103302,13297540,11019305,12191720,-74,234,-450,g5/117mA/117mA g5/117mA/117mA g4/117mA/117mA g4/117mA/117mA,,,,,,
80.398,HRV,53,12106826,13302275,11021685,12192530,-73,234,-450,g5/117mA/117mA g5/117mA/117mA g4/117mA/117mA g4/117mA/117mA,615,0,0,0,30,1
80.398,HRV,54,12110937,13308537,11024516,12194835,-72,234,-450,g5/117mA/117mA g5/117mA/117mA g4/117mA/117mA g4/117mA/117mA,,,,,,
80.513,HRV,55,12115186,13315969,11027596,12198775,-72,234,-450,g5/117mA/117mA g5/117mA/117mA g4/117mA/117mA g4/117mA/117mA,,,,,,
80.513,HRV,56,12119416,13323202,11030616,12203407,-73,234,-450,g5/117mA/117mA g5/117mA/117mA g4/117mA/117mA g4/117mA/117mA,,,,,,
80.513,HRV,57,12123325,13329898,11033688,12208075,-73,235,-450,g5/117mA/117mA g5/117mA/117mA g4/117mA/117mA g4/117mA/117mA,,,,,,
80.513,HRV,58,12127403,13337228,11036852,12212656,-73,235,-450,g5/117mA/117mA g5/117mA/117mA g4/117mA/117mA g4/117mA/117mA,,,,,,
80.513,HRV,59,12131182,13345034,11039251,12217357,-73,235,-450,g5/117mA/117mA g5/117mA/117mA g4/117mA/117mA g4/117mA/117mA,,,,,,
80.516,HRV,60,12135023,13351636,11042221,12221596,-72,235,-450,g5/117mA/117mA g5/117mA/117mA g4/117mA/117mA g4/117mA/117mA,,,,,,
80.516,HRV,61,12139474,13358966,11045264,12225973,-72,235,-450,g5/117mA/117mA g5/117mA/117mA g4/117mA/117mA g4/117mA/117mA,,,,,,
80.516,HRV,62,12144355,13366645,11049018,12230322,-72,234,-451,g5/117mA/117mA g5/117mA/117mA g4/117mA/117mA g4/117mA/117mA,,,,,,
80.516,HRV,63,12149235,13375551,11052919,12235955,-72,234,-450,g5/117mA/117mA g5/117mA/117mA g4/117mA/117mA g4/117mA/117mA,,,,,,
80.516,HRV,64,12153926,13384201,11056835,12241261,-72,235,-450,g5/117mA/117mA g5/117mA/117mA g4/117mA/117mA g4/117mA/117mA,,,,,,
80.516,HRV,65,12158995,13392860,11060757,12246823,-72,236,-449,g5/117mA/117mA g5/117mA/117mA g4/117mA/117mA g4/117mA/117mA,,,,,,
80.577,HRV,66,12164635,13402109,11064895,12252598,-72,236,-449,g5/117mA/117mA g5/117mA/117mA g4/117mA/117mA g4/117mA/117mA,,,,,,
80.577,HRV,67,12169617,13411655,11068844,12258299,-72,236,-449,g5/117mA/117mA g5/117mA/117mA g4/117mA/117mA g4/117mA/117mA,,,,,,
80.577,HRV,68,12174930,13420511,11072737,12264193,-72,235,-449,g5/117mA/117mA g5/117mA/117mA g4/117mA/117mA g4/117mA/117mA,,,,,,
80.577,HRV,69,12174785,13423368,11073085,12264995,-72,235,-450,g5/117mA/117mA g5/117mA/117mA g4/117mA/117mA g4/117mA/117mA,,,,,,
80.577,HRV,70,12162031,13406160,11063752,12252444,-72,236,-450,g5/117mA/117mA g5/117mA/117mA g4/117mA/117mA g4/117mA/117mA,,,,,,
80.577,HRV,71,12150624,13387416,11055341,12238675,-72,236,-450,g5/117mA/117mA g5/117mA/117mA g4/117mA/117mA g4/117mA/117mA,,,,,,
80.577,HRV,72,12145293,13377588,11051424,12229974,-72,236,-450,g5/117mA/117mA g5/117mA/117mA g4/117mA/117mA g4/117mA/117mA,,,,,,
80.577,HRV,73,12144261,13373819,11050913,12225998,-72,236,-450,g5/117mA/117mA g5/117mA/117mA g4/117mA/117mA g4/117mA/117mA,,,,,,
80.577,HRV,74,12145191,13373826,11051560,12223797,-71,236,-450,g5/117mA/117mA g5/117mA/117mA g4/117mA/117mA g4/117mA/117mA,,,,,,
80.577,HRV,75,12146760,13375388,11052942,12223661,-71,236,-450,g5/117mA/117mA g5/117mA/117mA g4/117mA/117mA g4/117mA/117mA,,,,,,
80.577,HRV,76,12148910,13377453,11054657,12223747,-71,236,-450,g5/117mA/117mA g5/117mA/117mA g4/117mA/117mA g4/117mA/117mA,,,,,,
81.052,HRV,77,12148978,13377060,11054912,12221965,-71,236,-449,g5/117mA/117mA g5/117mA/117mA g4/117mA/117mA g4/117mA/117mA,,,,,,
81.052,HRV,78,12147521,13374782,11054359,12218611,-72,235,-449,g5/117mA/117mA g5/117mA/117mA g4/117mA/117mA g4/117mA/117mA,615,0,0,0,30,1
81.417,HR,79,12146794,13373255,11054189,12216664,-70,236,-448,g5/117mA/117mA g5/117mA/117mA g4/117mA/117mA g4/117mA/117mA,,,,,,
81.417,HR,80,12148082,13373128,11054837,12214763,-70,236,-448,g5/117mA/117mA g5/117mA/117mA g4/117mA/117mA g4/117mA/117mA,,,,,,
81.417,HR,81,12150258,13375542,11057114,12215044,-70,236,-449,g5/117mA/117mA g5/117mA/117mA g4/117mA/117mA g4/117mA/117mA,,,,,,
81.417,HR,82,12153090,13379901,11059615,12216870,-71,236,-450,g5/117mA/117mA g5/117mA/117mA g4/117mA/117mA g4/117mA/117mA,,,,,,
81.417,HR,83,12156988,13385455,11062360,12220000,-71,236,-450,g5/117mA/117mA g5/117mA/117mA g4/117mA/117mA g4/117mA/117mA,,,,,,
81.473,HR,84,12161400,13390880,11066012,12222517,-71,235,-450,g5/117mA/117mA g5/117mA/117mA g4/117mA/117mA g4/117mA/117mA,,,,,,
81.473,HR,85,12165409,13396701,11069322,12225315,-71,235,-450,g5/117mA/117mA g5/117mA/117mA g4/117mA/117mA g4/117mA/117mA,,,,,,
81.473,HR,86,12169606,13402825,11072617,12228797,-71,235,-450,g5/117mA/117mA g5/117mA/117mA g4/117mA/117mA g4/117mA/117mA,,,,,,
81.473,HR,87,12173548,13408677,11075731,12232227,-70,235,-450,g5/117mA/117mA g5/117mA/117mA g4/117mA/117mA g4/117mA/117mA,,,,,,
81.473,HR,88,12177413,13414528,11078767,12235503,-70,236,-450,g5/117mA/117mA g5/117mA/117mA g4/117mA/117mA g4/117mA/117mA,,,,,,
81.473,HR,89,12180843,13420723,11081839,12239102,-70,236,-450,g5/117mA/117mA g5/117mA/117mA g4/117mA/117mA g4/117mA/117mA,,,,,,
81.477,HR,90,12185261,13427412,11085276,12243530,-70,235,-450,g5/117mA/117mA g5/117mA/117mA g4/117mA/117mA g4/117mA/117mA,,,,,,
81.477,HR,91,12189733,13434944,11088790,12248162,-70,235,-450,g5/117mA/117mA g5/117mA/117mA g4/117mA/117mA g4/117mA/117mA,,,,,,
81.477,HR,92,12194560,13441616,11092426,12252787,-71,235,-450,g5/117mA/117mA g5/117mA/117mA g4/117mA/117mA g4/117mA/117mA,,,,,,
81.477,HR,93,12199346,13449763,11096189,12257666,-71,236,-450,g5/117mA/117mA g5/117mA/117mA g4/117mA/117mA g4/117mA/117mA,,,,,,
81.477,HR,94,12203936,13458004,11100385,12262742,-70,236,-450,g5/117mA/117mA g5/117mA/117mA g4/117mA/117mA g4/117mA/117mA,,,,,,
81.534,HR,101,12183719,13423745,11087743,12234692,-70,236,-450,g5/117mA/117mA g5/117mA/117mA g4/117mA/117mA g4/117mA/117mA,,,,,,
81.534,HR,102,12184331,13421483,11088150,12232995,-70,236,-450,g5/117mA/117mA g5/117mA/117mA g4/117mA/117mA g4/117mA/117mA,,,,,,
81.534,HR,103,12185380,13421660,11089185,12231971,-70,236,-450,g5/117mA/117mA g5/117mA/117mA g4/117mA/117mA g4/117mA/117mA,65,100,0,1,0,0
81.534,HR,104,12187180,13423385,11090386,12232261,-70,235,-450,g5/117mA/117mA g5/117mA/117mA g4/117mA/117mA g4/117mA/117mA,,,,,,
81.534,HR,105,12186702,13422096,11090634,12231493,-70,235,-450,g5/117mA/117mA g5/117mA/117mA g4/117mA/117mA g4/117mA/117mA,,,,,,
81.54,HR,106,12185150,13418316,11089891,12228686,-71,235,-450,g5/117mA/117mA g5/117mA/117mA g4/117mA/117mA g4/117mA/117mA,,,,,,
81.54,HR,107,12184913,13416602,11089857,12227143,-71,235,-450,g5/117mA/117mA g5/117mA/117mA g4/117mA/117mA g4/117mA/117mA,,,,,,
81.54,HR,108,12185637,13416219,11090209,12227354,-71,235,-450,g5/117mA/117mA g5/117mA/117mA g4/117mA/117mA g4/117mA/117mA,,,,,,
81.54,HR,109,12187360,13418760,11091975,12228397,-71,235,-450,g5/117mA/117mA g5/117mA/117mA g4/117mA/117mA g4/117mA/117mA,,,,,,
81.54,HR,110,12190619,13422695,11094354,12230963,-71,235,-450,g5/117mA/117mA g5/117mA/117mA g4/117mA/117mA g4/117mA/117mA,,,,,,
81.54,HR,111,12193777,13427922,11097041,12234648,-71,235,-449,g5/117mA/117mA g5/117mA/117mA g4/117mA/117mA g4/117mA/117mA,,,,,,
81.564,HR,112,12197743,13433946,11099975,12238454,-71,235,-449,g5/117mA/117mA g5/117mA/117mA g4/117mA/117mA g4/117mA/117mA,,,,,,
81.595,HRV,79,12146794,13373255,11054189,12216664,-70,236,-448,g5/117mA/117mA g5/117mA/117mA g4/117mA/117mA g4/117mA/117mA,,,,,,
81.595,HRV,80,12148082,13373128,11054837,12214763,-70,236,-448,g5/117mA/117mA g5/117mA/117mA g4/117mA/117mA g4/117mA/117mA,,,,,,
81.595,HRV,81,12150258,13375542,11057114,12215044,-70,236,-449,g5/117mA/117mA g5/117mA/117mA g4/117mA/117mA g4/117mA/117mA,,,,,,
81.595,HRV,82,12153090,13379901,11059615,12216870,-71,236,-450,g5/117mA/117mA g5/117mA/117mA g4/117mA/117mA g4/117mA/117mA,,,,,,
81.595,HRV,83,12156988,13385455,11062360,12220000,-71,236,-450,g5/117mA/117mA g5/117mA/117mA g4/117mA/117mA g4/117mA/117mA,,,,,,
81.658,HRV,84,12161400,13390880,11066012,12222517,-71,235,-450,g5/117mA/117mA g5/117mA/117mA g4/117mA/117mA g4/117mA/117mA,,,,,,
81.658,HRV,85,12165409,13396701,11069322,12225315,-71,235,-450,g5/117mA/117mA g5/117mA/117mA g4/117mA/117mA g4/117mA/117mA,,,,,,
81.658,HRV,86,12169606,13402825,11072617,12228797,-71,235,-450,g5/117mA/117mA g5/117mA/117mA g4/117mA/117mA g4/117mA/117mA,,,,,,
81.658,HRV,87,12173548,13408677,11075731,12232227,-70,235,-450,g5/117mA/117mA g5/117mA/117mA g4/117mA/117mA g4/117mA/117mA,,,,,,
81.658,HRV,88,12177413,13414528,11078767,12235503,-70,236,-450,g5/117mA/117mA g5/117mA/117mA g4/117mA/117mA g4/117mA/117mA,,,,,,
81.658,HRV,89,12180843,13420723,11081839,12239102,-70,236,-450,g5/117mA/117mA g5/117mA/117mA g4/117mA/117mA g4/117mA/117mA,,,,,,
81.683,HRV,90,12185261,13427412,11085276,12243530,-70,235,-450,g5/117mA/117mA g5/117mA/117mA g4/117mA/117mA g4/117mA/117mA,,,,,,
81.683,HRV,91,12189733,13434944,11088790,12248162,-70,235,-450,g5/117mA/117mA g5/117mA/117mA g4/117mA/117mA g4/117mA/117mA,,,,,,
81.683,HRV,92,12194560,13441616,11092426,12252787,-71,235,-450,g5/117mA/117mA g5/117mA/117mA g4/117mA/117mA g4/117mA/117mA,,,,,,
81.683,HRV,93,12199346,13449763,11096189,12257666,-71,236,-450,g5/117mA/117mA g5/117mA/117mA g4/117mA/117mA g4/117mA/117mA,,,,,,
81.683,HRV,94,12203936,13458004,11100385,12262742,-70,236,-450,g5/117mA/117mA g5/117mA/117mA g4/117mA/117mA g4/117mA/117mA,,,,,,
81.716,HRV,95,12209389,13466536,11104635,12268184,-70,236,-450,g5/117mA/117mA g5/117mA/117mA g4/117mA/117mA g4/117mA/117mA,,,,,,
81.716,HRV,96,12214593,13474462,11108456,12273202,-70,236,-450,g5/117mA/117mA g5/117mA/117mA g4/117mA/117mA g4/117mA/117mA,,,,,,
81.716,HRV,97,12211452,13472525,11106989,12271802,-70,235,-450,g5/117mA/117mA g5/117mA/117mA g4/117mA/117mA g4/117mA/117mA,,,,,,
81.716,HRV,98,12198425,13453177,11098185,12258085,-70,235,-450,g5/117mA/117mA g5/117mA/117mA g4/117mA/117mA g4/117mA/117mA,,,,,,
81.716,HRV,99,12188512,13436096,11091136,12245603,-70,235,-450,g5/117mA/117mA g5/117mA/117mA g4/117mA/117mA g4/117mA/117mA,,,,,,
81.716,HRV,100,12184262,13426679,11087930,12238079,-70,236,-450,g5/117mA/117mA g5/117mA/117mA g4/117mA/117mA g4/117mA/117mA,,,,,,
81.775,HRV,101,12183719,13423745,11087743,12234692,-70,236,-450,g5/117mA/117mA g5/117mA/117mA g4/117mA/117mA g4/117mA/117mA,,,,,,
81.776,HRV,102,12184331,13421483,11088150,12232995,-70,236,-450,g5/117mA/117mA g5/117mA/117mA g4/117mA/117mA g4/117mA/117mA,,,,,,
81.776,HRV,103,12185380,13421660,11089185,12231971,-70,236,-450,g5/117mA/117mA g5/117mA/117mA g4/117mA/117mA g4/117mA/117mA,615,0,0,0,30,1
81.776,HRV,104,12187180,13423385,11090386,12232261,-70,235,-450,g5/117mA/117mA g5/117mA/117mA g4/117mA/117mA g4/117mA/117mA,,,,,,
81.776,HRV,105,12186702,13422096,11090634,12231493,-70,235,-450,g5/117mA/117mA g5/117mA/117mA g4/117mA/117mA g4/117mA/117mA,,,,,,
81.802,HRV,106,12185150,13418316,11089891,12228686,-71,235,-450,g5/117mA/117mA g5/117mA/117mA g4/117mA/117mA g4/117mA/117mA,,,,,,
81.802,HRV,107,12184913,13416602,11089857,12227143,-71,235,-450,g5/117mA/117mA g5/117mA/117mA g4/117mA/117mA g4/117mA/117mA,,,,,,
81.802,HRV,108,12185637,13416219,11090209,12227354,-71,235,-450,g5/117mA/117mA g5/117mA/117mA g4/117mA/117mA g4/117mA/117mA,,,,,,
81.802,HRV,109,12187360,13418760,11091975,12228397,-71,235,-450,g5/117mA/117mA g5/117mA/117mA g4/117mA/117mA g4/117mA/117mA,,,,,,
81.802,HRV,110,12190619,13422695,11094354,12230963,-71,235,-450,g5/117mA/117mA g5/117mA/117mA g4/117mA/117mA g4/117mA/117mA,,,,,,
81.802,HRV,111,12193777,13427922,11097041,12234648,-71,235,-449,g5/117mA/117mA g5/117mA/117mA g4/117mA/117mA g4/117mA/117mA,,,,,,
81.863,HRV,112,12197743,13433946,11099975,12238454,-71,235,-449,g5/117mA/117mA g5/117mA/117mA g4/117mA/117mA g4/117mA/117mA,,,,,,
82.498,HR,113,12201609,13440064,11102876,12243139,-71,235,-450,g5/117mA/117mA g5/117mA/117mA g4/117mA/117mA g4/117mA/117mA,,,,,,
82.498,HR,114,12205370,13445430,11105700,12247360,-71,235,-450,g5/117mA/117mA g5/117mA/117mA g4/117mA/117mA g4/117mA/117mA,,,,,,
82.498,HR,115,12208987,13451034,11108464,12252385,-71,235,-450,g5/117mA/117mA g5/117mA/117mA g4/117mA/117mA g4/117mA/117mA,,,,,,
82.498,HR,116,12212450,13456615,11111040,12256651,-71,235,-450,g5/117mA/117mA g5/117mA/117mA g4/117mA/117mA g4/117mA/117mA,,,,,,
82.498,HR,117,12216154,13462278,11114061,12260976,-71,235,-450,g5/117mA/117mA g5/117mA/117mA g4/117mA/117mA g4/117mA/117mA,,,,,,
82.498,HR,118,12219940,13468644,11116945,12265506,-71,235,-449,g5/117mA/117mA g5/117mA/117mA g4/117mA/117mA g4/117mA/117mA,,,,,,
82.498,HR,119,12223807,13475868,11119922,12271078,-71,235,-449,g5/117mA/117mA g5/117mA/117mA g4/117mA/117mA g4/117mA/117mA,,,,,,
82.498,HR,120,12228499,13482661,11123037,12276453,-71,235,-450,g5/117mA/117mA g5/117mA/117mA g4/117mA/117mA g4/117mA/117mA,,,,,,
82.498,HR,121,12232652,13489928,11126473,12282509,-72,235,-451,g5/117mA/117mA g5/117mA/117mA g4/117mA/117mA g4/117mA/117mA,,,,,,
82.498,HR,122,12237472,13497786,11129494,12287908,-72,235,-450,g5/117mA/117mA g5/117mA/117mA g4/117mA/117mA g4/117mA/117mA,,,,,,
82.498,HR,123,12241874,13504919,11133256,12294102,-72,235,-449,g5/117mA/117mA g5/117mA/117mA g4/117mA/117mA g4/117mA/117mA,,,,,,
82.617,HR,124,12246381,13512698,11136405,12299623,-71,235,-449,g5/117mA/117mA g5/117mA/117mA g4/117mA/117mA g4/117mA/117mA,,,,,,
82.617,HR,125,12241704,13509542,11133596,12298539,-71,235,-450,g5/117mA/117mA g5/117mA/117mA g4/117mA/117mA g4/117mA/117mA,,,,,,
82.617,HR,126,12228420,13490722,11124008,12285897,-71,235,-450,g5/117mA/117mA g5/117mA/117mA g4/117mA/117mA g4/117mA/117mA,,,,,,
82.617,HR,127,12218005,13474528,11116663,12274081,-72,235,-450,g5/117mA/117mA g5/117mA/117mA g4/117mA/117mA g4/117mA/117mA,,,,,,
82.617,HR,128,12212853,13466048,11112961,12267690,-72,235,-450,g5/117mA/117mA g5/117mA/117mA g4/117mA/117mA g4/117mA/117mA,64,100,0,1,0,0
82.68,HR,129,12211112,13462484,11111375,12264995,-72,235,-450,g5/117mA/117mA g5/117mA/117mA g4/117mA/117mA g4/117mA/117mA,,,,,,
82.68,HR,130,12209287,13460026,11110698,12262581,-72,234,-450,g5/117mA/117mA g5/117mA/117mA g4/117mA/117mA g4/117mA/117mA,,,,,,
82.68,HR,131,12208903,13458200,11110061,12261421,-72,234,-450,g5/117mA/117mA g5/117mA/117mA g4/117mA/117mA g4/117mA/117mA,,,,,,
82.68,HR,132,12208568,13458559,11110000,12261386,-72,234,-450,g5/117mA/117mA g5/117mA/117mA g4/117mA/117mA g4/117mA/117mA,,,,,,
82.68,HR,133,12208245,13457082,11109753,12260251,-72,234,-450,g5/117mA/117mA g5/117mA/117mA g4/117mA/117mA g4/117mA/117mA,,,,,,
82.68,HR,134,12206565,13454932,11108371,12258460,-72,234,-450,g5/117mA/117mA g5/117mA/117mA g4/117mA/117mA g4/117mA/117mA,,,,,,
82.681,HR,135,12205687,13452409,11107492,12256907,-72,234,-450,g5/117mA/117mA g5/117mA/117mA g4/117mA/117mA g4/117mA/117mA,,,,,,
82.681,HR,136,12205703,13451922,11107516,12256010,-72,234,-450,g5/117mA/117mA g5/117mA/117mA g4/117mA/117mA g4/117mA/117mA,,,,,,
82.681,HR,137,12207094,13453525,11108363,12257121,-71,235,-450,g5/117mA/117mA g5/117mA/117mA g4/117mA/117mA g4/117mA/117mA,,,,,,
82.681,HR,138,12209517,13456648,11110009,12259569,-71,235,-450,g5/117mA/117mA g5/117mA/117mA g4/117mA/117mA g4/117mA/117mA,,,,,,
82.681,HR,139,12212289,13460854,11111834,12262298,-71,235,-450,g5/117mA/117mA g5/117mA/117mA g4/117mA/117mA g4/117mA/117mA,,,,,,
82.681,HR,140,12215128,13466066,11114061,12265608,-72,235,-450,g5/117mA/117mA g5/117mA/117mA g4/117mA/117mA g4/117mA/117mA,,,,,,
82.734,HR,141,12218584,13470980,11116331,12269328,-72,235,-451,g5/117mA/117mA g5/117mA/117mA g4/117mA/117mA g4/117mA/117mA,,,,,,
82.734,HR,142,12221989,13476441,11118642,12272945,-71,235,-450,g5/117mA/117mA g5/117mA/117mA g4/117mA/117mA g4/117mA/117mA,,,,,,
82.734,HR,143,12225377,13481783,11120689,12276570,-71,235,-450,g5/117mA/117mA g5/117mA/117mA g4/117mA/117mA g4/117mA/117mA,,,,,,
82.734,HR,144,12228703,13486679,11122872,12280003,-71,235,-450,g5/117mA/117mA g5/117mA/117mA g4/117mA/117mA g4/117mA/117mA,,,,,,
82.734,HR,145,12231689,13492496,11125126,12283840,-72,235,-450,g5/117mA/117mA g5/117mA/117mA g4/117mA/117mA g4/117mA/117mA,,,,,,
82.734,HR,146,12235450,13498092,11127590,12288200,-72,233,-450,g5/117mA/117mA g5/117mA/117mA g4/117mA/117mA g4/117mA/117mA,,,,,,
82.74,HRV,113,12201609,13440064,11102876,12243139,-71,235,-450,g5/117mA/117mA g5/117mA/117mA g4/117mA/117mA g4/117mA/117mA,,,,,,
82.74,HRV,114,12205370,13445430,11105700,12247360,-71,235,-450,g5/117mA/117mA g5/117mA/117mA g4/117mA/117mA g4/117mA/117mA,,,,,,
82.74,HRV,115,12208987,13451034,11108464,12252385,-71,235,-450,g5/117mA/117mA g5/117mA/117mA g4/117mA/117mA g4/117mA/117mA,,,,,,
82.74,HRV,116,12212450,13456615,11111040,12256651,-71,235,-450,g5/117mA/117mA g5/117mA/117mA g4/117mA/117mA g4/117mA/117mA,,,,,,
82.74,HRV,117,12216154,13462278,11114061,12260976,-71,235,-450,g5/117mA/117mA g5/117mA/117mA g4/117mA/117mA g4/117mA/117mA,,,,,,
82.798,HRV,118,12219940,13468644,11116945,12265506,-71,235,-449,g5/117mA/117mA g5/117mA/117mA g4/117mA/117mA g4/117mA/117mA,,,,,,
82.798,HRV,119,12223807,13475868,11119922,12271078,-71,235,-449,g5/117mA/117mA g5/117mA/117mA g4/117mA/117mA g4/117mA/117mA,,,,,,
82.798,HRV,120,12228499,13482661,11123037,12276453,-71,235,-450,g5/117mA/117mA g5/117mA/117mA g4/117mA/117mA g4/117mA/117mA,,,,,,
82.798,HRV,121,12232652,13489928,11126473,12282509,-72,235,-451,g5/117mA/117mA g5/117mA/117mA g4/117mA/117mA g4/117mA/117mA,,,,,,
82.798,HRV,122,12237472,13497786,11129494,12287908,-72,235,-450,g5/117mA/117mA g5/117mA/117mA g4/117mA/117mA g4/117mA/117mA,,,,,,
82.798,HRV,123,12241874,13504919,11133256,12294102,-72,235,-449,g5/117mA/117mA g5/117mA/117mA g4/117mA/117mA g4/117mA/117mA,,,,,,
82.798,HRV,124,12246381,13512698,11136405,12299623,-71,235,-449,g5/117mA/117mA g5/117mA/117mA g4/117mA/117mA g4/117mA/117mA,,,,,,
82.798,HRV,125,12241704,13509542,11133596,12298539,-71,235,-450,g5/117mA/117mA g5/117mA/117mA g4/117mA/117mA g4/117mA/117mA,,,,,,
82.798,HRV,126,12228420,13490722,11124008,12285897,-71,235,-450,g5/117mA/117mA g5/117mA/117mA g4/117mA/117mA g4/117mA/117mA,,,,,,
82.798,HRV,127,12218005,13474528,11116663,12274081,-72,235,-450,g5/117mA/117mA g5/117mA/117mA g4/117mA/117mA g4/117mA/117mA,,,,,,
82.854,HRV,128,12212853,13466048,11112961,12267690,-72,235,-450,g5/117mA/117mA g5/117mA/117mA g4/117mA/117mA g4/117mA/117mA,615,0,0,0,30,1
82.854,HRV,129,12211112,13462484,11111375,12264995,-72,235,-450,g5/117mA/117mA g5/117mA/117mA g4/117mA/117mA g4/117mA/117mA,,,,,,
82.854,HRV,130,12209287,13460026,11110698,12262581,-72,234,-450,g5/117mA/117mA g5/117mA/117mA g4/117mA/117mA g4/117mA/117mA,,,,,,
82.854,HRV,131,12208903,13458200,11110061,12261421,-72,234,-450,g5/117mA/117mA g5/117mA/117mA g4/117mA/117mA g4/117mA/117mA,,,,,,
82.854,HRV,132,12208568,13458559,11110000,12261386,-72,234,-450,g5/117mA/117mA g5/117mA/117mA g4/117mA/117mA g4/117mA/117mA,,,,,,
82.917,HRV,133,12208245,13457082,11109753,12260251,-72,234,-450,g5/117mA/117mA g5/117mA/117mA g4/117mA/117mA g4/117mA/117mA,,,,,,
82.917,HRV,134,12206565,13454932,11108371,12258460,-72,234,-450,g5/117mA/117mA g5/117mA/117mA g4/117mA/117mA g4/117mA/117mA,,,,,,
82.917,HRV,135,12205687,13452409,11107492,12256907,-72,234,-450,g5/117mA/117mA g5/117mA/117mA g4/117mA/117mA g4/117mA/117mA,,,,,,
82.917,HRV,136,12205703,13451922,11107516,12256010,-72,234,-450,g5/117mA/117mA g5/117mA/117mA g4/117mA/117mA g4/117mA/117mA,,,,,,
82.917,HRV,137,12207094,13453525,11108363,12257121,-71,235,-450,g5/117mA/117mA g5/117mA/117mA g4/117mA/117mA g4/117mA/117mA,,,,,,
82.917,HRV,138,12209517,13456648,11110009,12259569,-71,235,-450,g5/117mA/117mA g5/117mA/117mA g4/117mA/117mA g4/117mA/117mA,,,,,,
82.942,HRV,139,12212289,13460854,11111834,12262298,-71,235,-450,g5/117mA/117mA g5/117mA/117mA g4/117mA/117mA g4/117mA/117mA,,,,,,
82.942,HRV,140,12215128,13466066,11114061,12265608,-72,235,-450,g5/117mA/117mA g5/117mA/117mA g4/117mA/117mA g4/117mA/117mA,,,,,,
82.942,HRV,141,12218584,13470980,11116331,12269328,-72,235,-451,g5/117mA/117mA g5/117mA/117mA g4/117mA/117mA g4/117mA/117mA,,,,,,
82.942,HRV,142,12221989,13476441,11118642,12272945,-71,235,-450,g5/117mA/117mA g5/117mA/117mA g4/117mA/117mA g4/117mA/117mA,,,,,,
82.942,HRV,143,12225377,13481783,11120689,12276570,-71,235,-450,g5/117mA/117mA g5/117mA/117mA g4/117mA/117mA g4/117mA/117mA,,,,,,
82.942,HRV,144,12228703,13486679,11122872,12280003,-71,235,-450,g5/117mA/117mA g5/117mA/117mA g4/117mA/117mA g4/117mA/117mA,,,,,,
82.973,HRV,145,12231689,13492496,11125126,12283840,-72,235,-450,g5/117mA/117mA g5/117mA/117mA g4/117mA/117mA g4/117mA/117mA,,,,,,
82.973,HRV,146,12235450,13498092,11127590,12288200,-72,233,-450,g5/117mA/117mA g5/117mA/117mA g4/117mA/117mA g4/117mA/117mA,,,,,,
84.176,HR,147,12239102,13504587,11130185,12292746,-71,235,-450,g5/117mA/117mA g5/117mA/117mA g4/117mA/117mA g4/117mA/117mA,,,,,,
84.176,HR,148,12243573,13511896,11132865,12297550,-71,235,-450,g5/117mA/117mA g5/117mA/117mA g4/117mA/117mA g4/117mA/117mA,,,,,,
84.176,HR,149,12247514,13518696,11136055,12303138,-71,235,-449,g5/117mA/117mA g5/117mA/117mA g4/117mA/117mA g4/117mA/117mA,,,,,,
84.176,HR,150,12251243,13525147,11138785,12308027,-71,236,-449,g5/117mA/117mA g5/117mA/117mA g4/117mA/117mA g4/117mA/117mA,,,,,,
84.176,HR,151,12255961,13532584,11141880,12313444,-71,236,-450,g5/117mA/117mA g5/117mA/117mA g4/117mA/117mA g4/117mA/117mA,,,,,,
84.177,HR,152,12258973,13537942,11144091,12317172,-71,236,-450,g5/117mA/117mA g5/117mA/117mA g4/117mA/117mA g4/117mA/117mA,,,,,,
84.177,HR,153,12249469,13528712,11137648,12309819,-71,236,-449,g5/117mA/117mA g5/117mA/117mA g4/117mA/117mA g4/117mA/117mA,63,100,0,1,0,0
84.177,HR,154,12236227,13511606,11128854,12297235,-71,236,-449,g5/117mA/117mA g5/117mA/117mA g4/117mA/117mA g4/117mA/117mA,,,,,,
84.177,HR,155,12228420,13499876,11123112,12287109,-71,236,-449,g5/117mA/117mA g5/117mA/117mA g4/117mA/117mA g4/117mA/117mA,,,,,,
84.177,HR,156,12225000,13494783,11120860,12281853,-71,236,-449,g5/117mA/117mA g5/117mA/117mA g4/117mA/117mA g4/117mA/117mA,,,,,,
84.236,HR,157,12223190,13492768,11119904,12278919,-71,236,-449,g5/117mA/117mA g5/117mA/117mA g4/117mA/117mA g4/117mA/117mA,,,,,,
84.236,HR,158,12222176,13491525,11119196,12276690,-71,237,-449,g5/117mA/117mA g5/117mA/117mA g4/117mA/117mA g4/117mA/117mA,,,,,,
84.236,HR,159,12221581,13491397,11118906,12275412,-71,236,-450,g5/117mA/117mA g5/117mA/117mA g4/117mA/117mA g4/117mA/117mA,,,,,,
84.236,HR,160,12222218,13491839,11119453,12274770,-71,236,-450,g5/117mA/117mA g5/117mA/117mA g4/117mA/117mA g4/117mA/117mA,,,,,,
84.236,HR,161,12220708,13490663,11118463,12272680,-71,236,-450,g5/117mA/117mA g5/117mA/117mA g4/117mA/117mA g4/117mA/117mA,,,,,,
84.236,HR,162,12218824,13488777,11117465,12269909,-71,237,-450,g5/117mA/117mA g5/117mA/117mA g4/117mA/117mA g4/117mA/117mA,,,,,,
84.238,HR,163,12217850,13487966,11116859,12268783,-71,237,-450,g5/117mA/117mA g5/117mA/117mA g4/117mA/117mA g4/117mA/117mA,,,,,,
84.238,HR,164,12218312,13488377,11117013,12268322,-71,237,-449,g5/117mA/117mA g5/117mA/117mA g4/117mA/117mA g4/117mA/117mA,,,,,,
84.238,HR,165,12219778,13490765,11118199,12269344,-71,236,-449,g5/117mA/117mA g5/117mA/117mA g4/117mA/117mA g4/117mA/117mA,,,,,,
84.238,HR,166,12221751,13494861,11119701,12271418,-71,236,-450,g5/117mA/117mA g5/117mA/117mA g4/117mA/117mA g4/117mA/117mA,,,,,,
84.238,HR,167,12224599,13498997,11121679,12273620,-71,237,-449,g5/117mA/117mA g5/117mA/117mA g4/117mA/117mA g4/117mA/117mA,,,,,,
84.238,HR,168,12227799,13504245,11123915,12277127,-71,237,-449,g5/117mA/117mA g5/117mA/117mA g4/117mA/117mA g4/117mA/117mA,,,,,,
84.36,HR,169,12230571,13509448,11126031,12279873,-71,236,-449,g5/117mA/117mA g5/117mA/117mA g4/117mA/117mA g4/117mA/117mA,,,,,,
84.36,HR,170,12234128,13514261,11128034,12283294,-71,236,-449,g5/117mA/117mA g5/117mA/117mA g4/117mA/117mA g4/117mA/117mA,,,,,,
84.36,HR,171,12236331,13519131,11130091,12286528,-71,237,-449,g5/117mA/117mA g5/117mA/117mA g4/117mA/117mA g4/117mA/117mA,,,,,,
84.36,HR,172,12239513,13524455,11132019,12290068,-71,237,-449,g5/117mA/117mA g5/117mA/117mA g4/117mA/117mA g4/117mA/117mA,,,,,,
84.36,HR,173,12242582,13529889,11134511,12294034,-71,238,-449,g5/117mA/117mA g5/117mA/117mA g4/117mA/117mA g4/117mA/117mA,,,,,,
84.36,HR,174,12245928,13535886,11136959,12297977,-71,237,-449,g5/117mA/117mA g5/117mA/117mA g4/117mA/117mA g4/117mA/117mA,,,,,,
84.36,HR,175,12249563,13541065,11139594,12302191,-71,237,-450,g5/117mA/117mA g5/117mA/117mA g4/117mA/117mA g4/117mA/117mA,,,,,,
84.36,HR,176,12253604,13547533,11142589,12306577,-70,237,-449,g5/117mA/117mA g5/117mA/117mA g4/117mA/117mA g4/117mA/117mA,,,,,,
84.36,HR,177,12257497,13553896,11145217,12311446,-70,238,-449,g5/117mA/117mA g5/117mA/117mA g4/117mA/117mA g4/117mA/117mA,,,,,,
84.36,HR,178,12261386,13560337,11148314,12316250,-70,238,-449,g5/117mA/117mA g5/117mA/117mA g4/117mA/117mA g4/117mA/117mA,62,100,0,1,0,0
84.383,HR,179,12265386,13566147,11151044,12320277,-70,238,-448,g5/117mA/117mA g5/117mA/117mA g4/117mA/117mA g4/117mA/117mA,,,,,,
84.383,HR,180,12257368,13559169,11146447,12315056,-71,235,-448,g5/117mA/117mA g5/117mA/117mA g4/117mA/117mA g4/117mA/117mA,,,,,,
84.419,HRV,147,12239102,13504587,11130185,12292746,-71,235,-450,g5/117mA/117mA g5/117mA/117mA g4/117mA/117mA g4/117mA/117mA,,,,,,
84.419,HRV,148,12243573,13511896,11132865,12297550,-71,235,-450,g5/117mA/117mA g5/117mA/117mA g4/117mA/117mA g4/117mA/117mA,,,,,,
84.419,HRV,149,12247514,13518696,11136055,12303138,-71,235,-449,g5/117mA/117mA g5/117mA/117mA g4/117mA/117mA g4/117mA/117mA,,,,,,
84.419,HRV,150,12251243,13525147,11138785,12308027,-71,236,-449,g5/117mA/117mA g5/117mA/117mA g4/117mA/117mA g4/117mA/117mA,,,,,,
84.419,HRV,151,12255961,13532584,11141880,12313444,-71,236,-450,g5/117mA/117mA g5/117mA/117mA g4/117mA/117mA g4/117mA/117mA,,,,,,
84.473,HRV,152,12258973,13537942,11144091,12317172,-71,236,-450,g5/117mA/117mA g5/117mA/117mA g4/117mA/117mA g4/117mA/117mA,,,,,,
84.473,HRV,153,12249469,13528712,11137648,12309819,-71,236,-449,g5/117mA/117mA g5/117mA/117mA g4/117mA/117mA g4/117mA/117mA,615,0,0,0,30,1
84.473,HRV,154,12236227,13511606,11128854,12297235,-71,236,-449,g5/117mA/117mA g5/117mA/117mA g4/117mA/117mA g4/117mA/117mA,,,,,,
84.473,HRV,155,12228420,13499876,11123112,12287109,-71,236,-449,g5/117mA/117mA g5/117mA/117mA g4/117mA/117mA g4/117mA/117mA,,,,,,
84.473,HRV,156,12225000,13494783,11120860,12281853,-71,236,-449,g5/117mA/117mA g5/117mA/117mA g4/117mA/117mA g4/117mA/117mA,,,,,,
84.507,HRV,157,12223190,13492768,11119904,12278919,-71,236,-449,g5/117mA/117mA g5/117mA/117mA g4/117mA/117mA g4/117mA/117mA,,,,,,
84.507,HRV,158,12222176,13491525,11119196,12276690,-71,237,-449,g5/117mA/117mA g5/117mA/117mA g4/117mA/117mA g4/117mA/117mA,,,,,,
84.507,HRV,159,12221581,13491397,11118906,12275412,-71,236,-450,g5/117mA/117mA g5/117mA/117mA g4/117mA/117mA g4/117mA/117mA,,,,,,
84.507,HRV,160,12222218,13491839,11119453,12274770,-71,236,-450,g5/117mA/117mA g5/117mA/117mA g4/117mA/117mA g4/117mA/117mA,,,,,,
84.507,HRV,161,12220708,13490663,11118463,12272680,-71,236,-450,g5/117mA/117mA g5/117mA/117mA g4/117mA/117mA g4/117mA/117mA,,,,,,
84.507,HRV,162,12218824,13488777,11117465,12269909,-71,237,-450,g5/117mA/117mA g5/117mA/117mA g4/117mA/117mA g4/117mA/117mA,,,,,,
84.535,HRV,163,12217850,13487966,11116859,12268783,-71,237,-450,g5/117mA/117mA g5/117mA/117mA g4/117mA/117mA g4/117mA/117mA,,,,,,
84.535,HRV,164,12218312,13488377,11117013,12268322,-71,237,-449,g5/117mA/117mA g5/117mA/117mA g4/117mA/117mA g4/117mA/117mA,,,,,,
84.535,HRV,165,12219778,13490765,11118199,12269344,-71,236,-449,g5/117mA/117mA g5/117mA/117mA g4/117mA/117mA g4/117mA/117mA,,,,,,
84.535,HRV,166,12221751,13494861,11119701,12271418,-71,236,-450,g5/117mA/117mA g5/117mA/117mA g4/117mA/117mA g4/117mA/117mA,,,,,,
84.535,HRV,167,12224599,13498997,11121679,12273620,-71,237,-449,g5/117mA/117mA g5/117mA/117mA g4/117mA/117mA g4/117mA/117mA,,,,,,
84.536,HRV,168,12227799,13504245,11123915,12277127,-71,237,-449,g5/117mA/117mA g5/117mA/117mA g4/117mA/117mA g4/117mA/117mA,,,,,,
84.595,HRV,169,12230571,13509448,11126031,12279873,-71,236,-449,g5/117mA/117mA g5/117mA/117mA g4/117mA/117mA g4/117mA/117mA,,,,,,
84.595,HRV,170,12234128,13514261,11128034,12283294,-71,236,-449,g5/117mA/117mA g5/117mA/117mA g4/117mA/117mA g4/117mA/117mA,,,,,,
84.595,HRV,171,12236331,13519131,11130091,12286528,-71,237,-449,g5/117mA/117mA g5/117mA/117mA g4/117mA/117mA g4/117mA/117mA,,,,,,
84.595,HRV,172,12239513,13524455,11132019,12290068,-71,237,-449,g5/117mA/117mA g5/117mA/117mA g4/117mA/117mA g4/117mA/117mA,,,,,,
84.595,HRV,173,12242582,13529889,11134511,12294034,-71,238,-449,g5/117mA/117mA g5/117mA/117mA g4/117mA/117mA g4/117mA/117mA,,,,,,
84.659,HRV,174,12245928,13535886,11136959,12297977,-71,237,-449,g5/117mA/117mA g5/117mA/117mA g4/117mA/117mA g4/117mA/117mA,,,,,,
84.659,HRV,175,12249563,13541065,11139594,12302191,-71,237,-450,g5/117mA/117mA g5/117mA/117mA g4/117mA/117mA g4/117mA/117mA,,,,,,
84.659,HRV,176,12253604,13547533,11142589,12306577,-70,237,-449,g5/117mA/117mA g5/117mA/117mA g4/117mA/117mA g4/117mA/117mA,,,,,,
84.659,HRV,177,12257497,13553896,11145217,12311446,-70,238,-449,g5/117mA/117mA g5/117mA/117mA g4/117mA/117mA g4/117mA/117mA,,,,,,
84.659,HRV,178,12261386,13560337,11148314,12316250,-70,238,-449,g5/117mA/117mA g5/117mA/117mA g4/117mA/117mA g4/117mA/117mA,615,0,0,0,30,1
84.659,HRV,179,12265386,13566147,11151044,12320277,-70,238,-448,g5/117mA/117mA g5/117mA/117mA g4/117mA/117mA g4/117mA/117mA,,,,,,
84.659,HRV,180,12257368,13559169,11146447,12315056,-71,235,-448,g5/117mA/117mA g5/117mA/117mA g4/117mA/117mA g4/117mA/117mA,,,,,,
85.378,HR,181,12244980,13543403,11137957,12302864,-71,235,-450,g5/117mA/117mA g5/117mA/117mA g4/117mA/117mA g4/117mA/117mA,,,,,,
85.378,HR,182,12236098,13530273,11132232,12292490,-71,235,-450,g5/117mA/117mA g5/117mA/117mA g4/117mA/117mA g4/117mA/117mA,,,,,,
85.378,HR,183,12232388,13524216,11129981,12286886,-71,235,-450,g5/117mA/117mA g5/117mA/117mA g4/117mA/117mA g4/117mA/117mA,,,,,,
85.378,HR,184,12231056,13521819,11129127,12284146,-71,235,-450,g5/117mA/117mA g5/117mA/117mA g4/117mA/117mA g4/117mA/117mA,,,,,,
85.378,HR,185,12230348,13520512,11128879,12282135,-71,235,-449,g5/117mA/117mA g5/117mA/117mA g4/117mA/117mA g4/117mA/117mA,,,,,,
85.378,HR,186,12229966,13520026,11129298,12281656,-71,236,-449,g5/117mA/117mA g5/117mA/117mA g4/117mA/117mA g4/117mA/117mA,,,,,,
85.378,HR,187,12230017,13519881,11129392,12280778,-71,236,-449,g5/117mA/117mA g5/117mA/117mA g4/117mA/117mA g4/117mA/117mA,,,,,,
85.378,HR,188,12228465,13517604,11128275,12278535,-71,236,-450,g5/117mA/117mA g5/117mA/117mA g4/117mA/117mA g4/117mA/117mA,,,,,,
85.378,HR,189,12226476,13514499,11127165,12275957,-72,236,-450,g5/117mA/117mA g5/117mA/117mA g4/117mA/117mA g4/117mA/117mA,,,,,,
85.378,HR,190,12225367,13512877,11126524,12274226,-72,236,-450,g5/117mA/117mA g5/117mA/117mA g4/117mA/117mA g4/117mA/117mA,,,,,,
85.378,HR,191,12225282,13512544,11126791,12273901,-72,235,-450,g5/117mA/117mA g5/117mA/117mA g4/117mA/117mA g4/117mA/117mA,,,,,,
85.436,HR,192,12226843,13513448,11127752,12274548,-72,235,-450,g5/117mA/117mA g5/117mA/117mA g4/117mA/117mA g4/117mA/117mA,,,,,,
85.436,HR,193,12229172,13516351,11129519,12276291,-72,235,-450,g5/117mA/117mA g5/117mA/117mA g4/117mA/117mA g4/117mA/117mA,,,,,,
85.436,HR,194,12231978,13519703,11131499,12278909,-71,235,-450,g5/117mA/117mA g5/117mA/117mA g4/117mA/117mA g4/117mA/117mA,,,,,,
85.436,HR,195,12234716,13523670,11133359,12282127,-71,235,-450,g5/117mA/117mA g5/117mA/117mA g4/117mA/117mA g4/117mA/117mA,,,,,,
85.436,HR,196,12237935,13527406,11135474,12284880,-71,236,-449,g5/117mA/117mA g5/117mA/117mA g4/117mA/117mA g4/117mA/117mA,,,,,,
85.436,HR,197,12240304,13530998,11137700,12287568,-71,236,-449,g5/117mA/117mA g5/117mA/117mA g4/117mA/117mA g4/117mA/117mA,,,,,,
85.494,HR,198,12243523,13535665,11139458,12290930,-72,236,-449,g5/117mA/117mA g5/117mA/117mA g4/117mA/117mA g4/117mA/117mA,,,,,,
85.494,HR,199,12246856,13539931,11141249,12294547,-72,236,-449,g5/117mA/117mA g5/117mA/117mA g4/117mA/117mA g4/117mA/117mA,,,,,,
85.494,HR,200,12249443,13543898,11143409,12297728,-72,236,-449,g5/117mA/117mA g5/117mA/117mA g4/117mA/117mA g4/117mA/117mA,,,,,,
85.495,HR,201,12252829,13548554,11145670,12300963,-72,236,-449,g5/117mA/117mA g5/117mA/117mA g4/117mA/117mA g4/117mA/117mA,,,,,,
85.495,HR,202,12255908,13553179,11148527,12305407,-72,235,-450,g5/117mA/117mA g5/117mA/117mA g4/117mA/117mA g4/117mA/117mA,,,,,,
85.497,HR,203,12259893,13559271,11150634,12309860,-72,235,-450,g5/117mA/117mA g5/117mA/117mA g4/117mA/117mA g4/117mA/117mA,62,100,0,1,0,0
85.497,HR,204,12263647,13564201,11153270,12314861,-72,235,-450,g5/117mA/117mA g5/117mA/117mA g4/117mA/117mA g4/117mA/117mA,,,,,,
85.497,HR,205,12267178,13569125,11155454,12318307,-72,235,-450,g5/117mA/117mA g5/117mA/117mA g4/117mA/117mA g4/117mA/117mA,,,,,,
85.497,HR,206,12259689,13561736,11150856,12313471,-72,235,-450,g5/117mA/117mA g5/117mA/117mA g4/117mA/117mA g4/117mA/117mA,,,,,,
85.497,HR,207,12246994,13544615,11141873,12300646,-72,235,-450,g5/117mA/117mA g5/117mA/117mA g4/117mA/117mA g4/117mA/117mA,,,,,,
85.555,HR,208,12237830,13531365,11135234,12290733,-72,235,-450,g5/117mA/117mA g5/117mA/117mA g4/117mA/117mA g4/117mA/117mA,,,,,,
85.555,HR,209,12233924,13522715,11131747,12284854,-72,235,-450,g5/117mA/117mA g5/117mA/117mA g4/117mA/117mA g4/117mA/117mA,,,,,,
85.555,HR,210,12231375,13517500,11130125,12280275,-72,235,-450,g5/117mA/117mA g5/117mA/117mA g4/117mA/117mA g4/117mA/117mA,,,,,,
85.555,HR,211,12229674,13513365,11128376,12277237,-72,235,-450,g5/117mA/117mA g5/117mA/117mA g4/117mA/117mA g4/117mA/117mA,,,,,,
85.555,HR,212,12228719,13510107,11127497,12275010,-72,235,-450,g5/117mA/117mA g5/117mA/117mA g4/117mA/117mA g4/117mA/117mA,,,,,,
85.555,HR,213,12228097,13508391,11127175,12273653,-72,235,-449,g5/117mA/117mA g5/117mA/117mA g4/117mA/117mA g4/117mA/117mA,,,,,,
85.582,HR,214,12226579,13505285,11126064,12271572,-71,236,-449,g5/117mA/117mA g5/117mA/117mA g4/117mA/117mA g4/117mA/117mA,,,,,,
85.617,HRV,181,12244980,13543403,11137957,12302864,-71,235,-450,g5/117mA/117mA g5/117mA/117mA g4/117mA/117mA g4/117mA/117mA,,,,,,
85.617,HRV,182,12236098,13530273,11132232,12292490,-71,235,-450,g5/117mA/117mA g5/117mA/117mA g4/117mA/117mA g4/117mA/117mA,,,,,,
85.617,HRV,183,12232388,13524216,11129981,12286886,-71,235,-450,g5/117mA/117mA g5/117mA/117mA g4/117mA/117mA g4/117mA/117mA,,,,,,
85.617,HRV,184,12231056,13521819,11129127,12284146,-71,235,-450,g5/117mA/117mA g5/117mA/117mA g4/117mA/117mA g4/117mA/117mA,,,,,,
85.617,HRV,185,12230348,13520512,11128879,12282135,-71,235,-449,g5/117mA/117mA g5/117mA/117mA g4/117mA/117mA g4/117mA/117mA,,,,,,
85.675,HRV,186,12229966,13520026,11129298,12281656,-71,236,-449,g5/117mA/117mA g5/117mA/117mA g4/117mA/117mA g4/117mA/117mA,,,,,,
85.675,HRV,187,12230017,13519881,11129392,12280778,-71,236,-449,g5/117mA/117mA g5/117mA/117mA g4/117mA/117mA g4/117mA/117mA,,,,,,
85.675,HRV,188,12228465,13517604,11128275,12278535,-71,236,-450,g5/117mA/117mA g5/117mA/117mA g4/117mA/117mA g4/117mA/117mA,,,,,,
85.675,HRV,189,12226476,13514499,11127165,12275957,-72,236,-450,g5/117mA/117mA g5/117mA/117mA g4/117mA/117mA g4/117mA/117mA,,,,,,
85.675,HRV,190,12225367,13512877,11126524,12274226,-72,236,-450,g5/117mA/117mA g5/117mA/117mA g4/117mA/117mA g4/117mA/117mA,,,,,,
85.675,HRV,191,12225282,13512544,11126791,12273901,-72,235,-450,g5/117mA/117mA g5/117mA/117mA g4/117mA/117mA g4/117mA/117mA,,,,,,
85.735,HRV,192,12226843,13513448,11127752,12274548,-72,235,-450,g5/117mA/117mA g5/117mA/117mA g4/117mA/117mA g4/117mA/117mA,,,,,,
85.735,HRV,193,12229172,13516351,11129519,12276291,-72,235,-450,g5/117mA/117mA g5/117mA/117mA g4/117mA/117mA g4/117mA/117mA,,,,,,
85.735,HRV,194,12231978,13519703,11131499,12278909,-71,235,-450,g5/117mA/117mA g5/117mA/117mA g4/117mA/117mA g4/117mA/117mA,,,,,,
85.735,HRV,195,12234716,13523670,11133359,12282127,-71,235,-450,g5/117mA/117mA g5/117mA/117mA g4/117mA/117mA g4/117mA/117mA,,,,,,
85.735,HRV,196,12237935,13527406,11135474,12284880,-71,236,-449,g5/117mA/117mA g5/117mA/117mA g4/117mA/117mA g4/117mA/117mA,,,,,,
85.735,HRV,197,12240304,13530998,11137700,12287568,-71,236,-449,g5/117mA/117mA g5/117mA/117mA g4/117mA/117mA g4/117mA/117mA,,,,,,
85.792,HRV,198,12243523,13535665,11139458,12290930,-72,236,-449,g5/117mA/117mA g5/117mA/117mA g4/117mA/117mA g4/117mA/117mA,,,,,,
85.792,HRV,199,12246856,13539931,11141249,12294547,-72,236,-449,g5/117mA/117mA g5/117mA/117mA g4/117mA/117mA g4/117mA/117mA,,,,,,
85.792,HRV,200,12249443,13543898,11143409,12297728,-72,236,-449,g5/117mA/117mA g5/117mA/117mA g4/117mA/117mA g4/117mA/117mA,,,,,,
85.792,HRV,201,12252829,13548554,11145670,12300963,-72,236,-449,g5/117mA/117mA g5/117mA/117mA g4/117mA/117mA g4/117mA/117mA,,,,,,
85.792,HRV,202,12255908,13553179,11148527,12305407,-72,235,-450,g5/117mA/117mA g5/117mA/117mA g4/117mA/117mA g4/117mA/117mA,,,,,,
85.795,HRV,203,12259893,13559271,11150634,12309860,-72,235,-450,g5/117mA/117mA g5/117mA/117mA g4/117mA/117mA g4/117mA/117mA,615,0,0,0,30,1
85.795,HRV,204,12263647,13564201,11153270,12314861,-72,235,-450,g5/117mA/117mA g5/117mA/117mA g4/117mA/117mA g4/117mA/117mA,,,,,,
85.795,HRV,205,12267178,13569125,11155454,12318307,-72,235,-450,g5/117mA/117mA g5/117mA/117mA g4/117mA/117mA g4/117mA/117mA,,,,,,
85.795,HRV,206,12259689,13561736,11150856,12313471,-72,235,-450,g5/117mA/117mA g5/117mA/117mA g4/117mA/117mA g4/117mA/117mA,,,,,,
85.881,HRV,207,12246994,13544615,11141873,12300646,-72,235,-450,g5/117mA/117mA g5/117mA/117mA g4/117mA/117mA g4/117mA/117mA,,,,,,
85.881,HRV,208,12237830,13531365,11135234,12290733,-72,235,-450,g5/117mA/117mA g5/117mA/117mA g4/117mA/117mA g4/117mA/117mA,,,,,,
85.881,HRV,209,12233924,13522715,11131747,12284854,-72,235,-450,g5/117mA/117mA g5/117mA/117mA g4/117mA/117mA g4/117mA/117mA,,,,,,
85.881,HRV,210,12231375,13517500,11130125,12280275,-72,235,-450,g5/117mA/117mA g5/117mA/117mA g4/117mA/117mA g4/117mA/117mA,,,,,,
85.881,HRV,211,12229674,13513365,11128376,12277237,-72,235,-450,g5/117mA/117mA g5/117mA/117mA g4/117mA/117mA g4/117mA/117mA,,,,,,
85.881,HRV,212,12228719,13510107,11127497,12275010,-72,235,-450,g5/117mA/117mA g5/117mA/117mA g4/117mA/117mA g4/117mA/117mA,,,,,,
85.915,HRV,213,12228097,13508391,11127175,12273653,-72,235,-449,g5/117mA/117mA g5/117mA/117mA g4/117mA/117mA g4/117mA/117mA,,,,,,
85.915,HRV,214,12226579,13505285,11126064,12271572,-71,236,-449,g5/117mA/117mA g5/117mA/117mA g4/117mA/117mA g4/117mA/117mA,,,,,,
86.693,HR,215,12224643,13501864,11124607,12268895,-73,235,-450,g5/117mA/117mA g5/117mA/117mA g4/117mA/117mA g4/117mA/117mA,,,,,,
86.693,HR,216,12223645,13499373,11123489,12266956,-73,235,-450,g5/117mA/117mA g5/117mA/117mA g4/117mA/117mA g4/117mA/117mA,,,,,,
86.693,HR,217,12223610,13497674,11123173,12266223,-73,234,-450,g5/117mA/117mA g5/117mA/117mA g4/117mA/117mA g4/117mA/117mA,,,,,,
86.693,HR,218,12224760,13498392,11124001,12266820,-73,234,-451,g5/117mA/117mA g5/117mA/117mA g4/117mA/117mA g4/117mA/117mA,,,,,,
86.693,HR,219,12226476,13499928,11124928,12268082,-72,234,-449,g5/117mA/117mA g5/117mA/117mA g4/117mA/117mA g4/117mA/117mA,,,,,,
86.698,HR,220,12229010,13502504,11126840,12270138,-72,235,-449,g5/117mA/117mA g5/117mA/117mA g4/117mA/117mA g4/117mA/117mA,,,,,,
86.698,HR,221,12231552,13506214,11128264,12272706,-73,234,-450,g5/117mA/117mA g5/117mA/117mA g4/117mA/117mA g4/117mA/117mA,,,,,,
86.698,HR,222,12234614,13508971,11130057,12275607,-73,234,-450,g5/117mA/117mA g5/117mA/117mA g4/117mA/117mA g4/117mA/117mA,,,,,,
86.698,HR,223,12237020,13512785,11131780,12278422,-73,234,-450,g5/117mA/117mA g5/117mA/117mA g4/117mA/117mA g4/117mA/117mA,,,,,,
86.698,HR,224,12239716,13516145,11133570,12281127,-73,234,-450,g5/117mA/117mA g5/117mA/117mA g4/117mA/117mA g4/117mA/117mA,,,,,,
86.698,HR,225,12242677,13520274,11135431,12284428,-73,234,-450,g5/117mA/117mA g5/117mA/117mA g4/117mA/117mA g4/117mA/117mA,,,,,,
86.781,HR,226,12245561,13524582,11137617,12287551,-72,235,-450,g5/117mA/117mA g5/117mA/117mA g4/117mA/117mA g4/117mA/117mA,,,,,,
86.782,HR,227,12248795,13529420,11139756,12291493,-72,235,-450,g5/117mA/117mA g5/117mA/117mA g4/117mA/117mA g4/117mA/117mA,,,,,,
86.782,HR,228,12252742,13534812,11142266,12296210,-72,235,-450,g5/117mA/117mA g5/117mA/117mA g4/117mA/117mA g4/117mA/117mA,61,100,0,1,0,0
86.782,HR,229,12256020,13540161,11144492,12300289,-73,234,-450,g5/117mA/117mA g5/117mA/117mA g4/117mA/117mA g4/117mA/117mA,,,,,,
86.782,HR,230,12259850,13545161,11147298,12304630,-73,234,-451,g5/117mA/117mA g5/117mA/117mA g4/117mA/117mA g4/117mA/117mA,,,,,,
86.817,HR,231,12263869,13550832,11149628,12309348,-73,234,-451,g5/117mA/117mA g5/117mA/117mA g4/117mA/117mA g4/117mA/117mA,,,,,,
86.817,HR,232,12267863,13556951,11152477,12313597,-73,234,-451,g5/117mA/117mA g5/117mA/117mA g4/117mA/117mA g4/117mA/117mA,,,,,,
86.817,HR,233,12263586,13553248,11149031,12311755,-73,234,-451,g5/117mA/117mA g5/117mA/117mA g4/117mA/117mA g4/117mA/117mA,,,,,,
86.817,HR,234,12250739,13536254,11140431,12299249,-73,234,-449,g5/117mA/117mA g5/117mA/117mA g4/117mA/117mA g4/117mA/117mA,,,,,,
86.817,HR,235,12241712,13521144,11133486,12287875,-73,234,-450,g5/117mA/117mA g5/117mA/117mA g4/117mA/117mA g4/117mA/117mA,,,,,,
86.817,HR,236,12237148,13512359,11129827,12281581,-73,234,-450,g5/117mA/117mA g5/117mA/117mA g4/117mA/117mA g4/117mA/117mA,,,,,,
86.873,HR,237,12235247,13507282,11128155,12277628,-73,234,-450,g5/117mA/117mA g5/117mA/117mA g4/117mA/117mA g4/117mA/117mA,,,,,,
86.873,HR,238,12233489,13503579,11126397,12274156,-73,235,-449,g5/117mA/117mA g5/117mA/117mA g4/117mA/117mA g4/117mA/117mA,,,,,,
86.873,HR,239,12232313,13500762,11125280,12271606,-73,234,-449,g5/117mA/117mA g5/117mA/117mA g4/117mA/117mA g4/117mA/117mA,,,,,,
86.873,HR,240,12232020,13498997,11125059,12270975,-73,234,-450,g5/117mA/117mA g5/117mA/117mA g4/117mA/117mA g4/117mA/117mA,,,,,,
86.873,HR,241,12230691,13496274,11123897,12268417,-73,234,-450,g5/117mA/117mA g5/117mA/117mA g4/117mA/117mA g4/117mA/117mA,,,,,,
86.873,HR,242,12229172,13493094,11122728,12265525,-73,235,-450,g5/117mA/117mA g5/117mA/117mA g4/117mA/117mA g4/117mA/117mA,,,,,,
86.877,HR,243,12227662,13490313,11121952,12263800,-73,235,-450,g5/117mA/117mA g5/117mA/117mA g4/117mA/117mA g4/117mA/117mA,,,,,,
86.877,HR,244,12227901,13488768,11121475,12262562,-73,235,-450,g5/117mA/117mA g5/117mA/117mA g4/117mA/117mA g4/117mA/117mA,,,,,,
86.877,HR,245,12228694,13489213,11122370,12263007,-73,235,-450,g5/117mA/117mA g5/117mA/117mA g4/117mA/117mA g4/117mA/117mA,,,,,,
86.877,HR,246,12230058,13490773,11123232,12264534,-73,235,-450,g5/117mA/117mA g5/117mA/117mA g4/117mA/117mA g4/117mA/117mA,,,,,,
86.877,HR,247,12232686,13493769,11124769,12266692,-73,235,-450,g5/117mA/117mA g5/117mA/117mA g4/117mA/117mA g4/117mA/117mA,,,,,,
86.877,HR,248,12234844,13497572,11126746,12269525,-73,233,-451,g5/117mA/117mA g5/117mA/117mA g4/117mA/117mA g4/117mA/117mA,,,,,,
86.933,HRV,220,12229113,13507861,11127976,12273628,-72,235,-449,g5/117mA/117mA g5/117mA/117mA g4/117mA/117mA g4/117mA/117mA,,,,,,
86.933,HRV,221,12231655,13511571,11129400,12276196,-73,234,-450,g5/117mA/117mA g5/117mA/117mA g4/117mA/117mA g4/117mA/117mA,,,,,,
86.933,HRV,222,12234717,13514328,11131193,12279097,-73,234,-450,g5/117mA/117mA g5/117mA/117mA g4/117mA/117mA g4/117mA/117mA,,,,,,
86.933,HRV,223,12237123,13518142,11132916,12281912,-73,234,-450,g5/117mA/117mA g5/117mA/117mA g4/117mA/117mA g4/117mA/117mA,,,,,,
86.933,HRV,224,12239819,13521502,11134706,12284617,-73,234,-450,g5/117mA/117mA g5/117mA/117mA g4/117mA/117mA g4/117mA/117mA,,,,,,
86.933,HRV,225,12242780,13525631,11136567,12287918,-73,234,-450,g5/117mA/117mA g5/117mA/117mA g4/117mA/117mA g4/117mA/117mA,,,,,,
87.0,HRV,226,12245561,13524582,11137617,12287551,-72,235,-450,g5/117mA/117mA g5/117mA/117mA g4/117mA/117mA g4/117mA/117mA,,,,,,
87.0,HRV,227,12248795,13529420,11139756,12291493,-72,235,-450,g5/117mA/117mA g5/117mA/117mA g4/117mA/117mA g4/117mA/117mA,,,,,,
87.0,HRV,228,12252742,13534812,11142266,12296210,-72,235,-450,g5/117mA/117mA g5/117mA/117mA g4/117mA/117mA g4/117mA/117mA,615,0,0,0,30,1
87.0,HRV,229,12256020,13540161,11144492,12300289,-73,234,-450,g5/117mA/117mA g5/117mA/117mA g4/117mA/117mA g4/117mA/117mA,,,,,,
87.022,HRV,230,12259850,13545161,11147298,12304630,-73,234,-451,g5/117mA/117mA g5/117mA/117mA g4/117mA/117mA g4/117mA/117mA,,,,,,
87.022,HRV,231,12263869,13550832,11149628,12309348,-73,234,-451,g5/117mA/117mA g5/117mA/117mA g4/117mA/117mA g4/117mA/117mA,,,,,,
87.022,HRV,232,12267863,13556951,11152477,12313597,-73,234,-451,g5/117mA/117mA g5/117mA/117mA g4/117mA/117mA g4/117mA/117mA,,,,,,
87.022,HRV,233,12263586,13553248,11149031,12311755,-73,234,-451,g5/117mA/117mA g5/117mA/117mA g4/117mA/117mA g4/117mA/117mA,,,,,,
87.022,HRV,234,12250739,13536254,11140431,12299249,-73,234,-449,g5/117mA/117mA g5/117mA/117mA g4/117mA/117mA g4/117mA/117mA,,,,,,
87.022,HRV,235,12241712,13521144,11133486,12287875,-73,234,-450,g5/117mA/117mA g5/117mA/117mA g4/117mA/117mA g4/117mA/117mA,,,,,,
87.082,HRV,236,12237148,13512359,11129827,12281581,-73,234,-450,g5/117mA/117mA g5/117mA/117mA g4/117mA/117mA g4/117mA/117mA,,,,,,
87.082,HRV,237,12235247,13507282,11128155,12277628,-73,234,-450,g5/117mA/117mA g5/117mA/117mA g4/117mA/117mA g4/117mA/117mA,,,,,,
87.082,HRV,238,12233489,13503579,11126397,12274156,-73,235,-449,g5/117mA/117mA g5/117mA/117mA g4/117mA/117mA g4/117mA/117mA,,,,,,
87.082,HRV,239,12232313,13500762,11125280,12271606,-73,234,-449,g5/117mA/117mA g5/117mA/117mA g4/117mA/117mA g4/117mA/117mA,,,,,,
87.082,HRV,240,12232020,13498997,11125059,12270975,-73,234,-450,g5/117mA/117mA g5/117mA/117mA g4/117mA/117mA g4/117mA/117mA,,,,,,
87.082,HRV,241,12230691,13496274,11123897,12268417,-73,234,-450,g5/117mA/117mA g5/117mA/117mA g4/117mA/117mA g4/117mA/117mA,,,,,,
87.119,HRV,242,12229172,13493094,11122728,12265525,-73,235,-450,g5/117mA/117mA g5/117mA/117mA g4/117mA/117mA g4/117mA/117mA,,,,,,
87.119,HRV,243,12227662,13490313,11121952,12263800,-73,235,-450,g5/117mA/117mA g5/117mA/117mA g4/117mA/117mA g4/117mA/117mA,,,,,,
87.119,HRV,244,12227901,13488768,11121475,12262562,-73,235,-450,g5/117mA/117mA g5/117mA/117mA g4/117mA/117mA g4/117mA/117mA,,,,,,
87.119,HRV,245,12228694,13489213,11122370,12263007,-73,235,-450,g5/117mA/117mA g5/117mA/117mA g4/117mA/117mA g4/117mA/117mA,,,,,,
87.119,HRV,246,12230058,13490773,11123232,12264534,-73,235,-450,g5/117mA/117mA g5/117mA/117mA g4/117mA/117mA g4/117mA/117mA,,,,,,
87.119,HRV,247,12232686,13493769,11124769,12266692,-73,235,-450,g5/117mA/117mA g5/117mA/117mA g4/117mA/117mA g4/117mA/117mA,,,,,,
87.142,HRV,248,12234844,13497572,11126746,12269525,-73,233,-451,g5/117mA/117mA g5/117mA/117mA g4/117mA/117mA g4/117mA/117mA,,,,,,
88.258,HR,249,12237456,13501907,11128641,12272698,-73,236,-450,g5/117mA/117mA g5/117mA/117mA g4/117mA/117mA g4/117mA/117mA,,,,,,
88.258,HR,250,12240416,13505838,11130185,12276162,-72,236,-449,g5/117mA/117mA g5/117mA/117mA g4/117mA/117mA g4/117mA/117mA,,,,,,
88.258,HR,251,12243172,13509670,11132131,12279762,-72,235,-449,g5/117mA/117mA g5/117mA/117mA g4/117mA/117mA g4/117mA/117mA,,,,,,
88.258,HR,252,12245620,13513738,11133870,12282945,-72,235,-451,g5/117mA/117mA g5/117mA/117mA g4/117mA/117mA g4/117mA/117mA,,,,,,
88.258,HR,253,12248282,13518671,11135994,12286561,-72,235,-449,g5/117mA/117mA g5/117mA/117mA g4/117mA/117mA g4/117mA/117mA,60,100,0,1,0,0
88.259,HR,254,12252002,13523695,11137948,12290657,-72,236,-448,g5/117mA/117mA g5/117mA/117mA g4/117mA/117mA g4/117mA/117mA,,,,,,
88.259,HR,255,12255303,13529564,11140312,12294931,-72,236,-449,g5/117mA/117mA g5/117mA/117mA g4/117mA/117mA g4/117mA/117mA,,,,,,
88.259,HR,0,12258759,13534941,11142701,12299027,-73,236,-449,g5/117mA/117mA g5/117mA/117mA g4/117mA/117mA g4/117mA/117mA,,,,,,
88.259,HR,1,12262795,13540853,11145268,12303625,-73,236,-449,g5/117mA/117mA g5/117mA/117mA g4/117mA/117mA g4/117mA/117mA,,,,,,
88.259,HR,2,12266180,13546927,11147701,12308017,-73,236,-449,g5/117mA/117mA g5/117mA/117mA g4/117mA/117mA g4/117mA/117mA,,,,,,
88.259,HR,3,12268995,13551832,11149286,12311533,-72,236,-449,g5/117mA/117mA g5/117mA/117mA g4/117mA/117mA g4/117mA/117mA,,,,,,
88.347,HR,4,12259064,13541389,11142640,12303957,-72,236,-449,g5/117mA/117mA g5/117mA/117mA g4/117mA/117mA g4/117mA/117mA,,,,,,
88.347,HR,5,12248272,13525494,11134749,12292125,-72,236,-449,g5/117mA/117mA g5/117mA/117mA g4/117mA/117mA g4/117mA/117mA,,,,,,
88.347,HR,6,12242413,13513049,11129494,12283022,-72,236,-449,g5/117mA/117mA g5/117mA/117mA g4/117mA/117mA g4/117mA/117mA,,,,,,
88.347,HR,7,12239597,13507844,11127217,12278482,-72,236,-449,g5/117mA/117mA g5/117mA/117mA g4/117mA/117mA g4/117mA/117mA,,,,,,
88.347,HR,8,12238011,13504714,11125774,12276009,-72,236,-450,g5/117mA/117mA g5/117mA/117mA g4/117mA/117mA g4/117mA/117mA,,,,,,
88.382,HR,9,12236945,13501342,11124213,12273817,-72,236,-450,g5/117mA/117mA g5/117mA/117mA g4/117mA/117mA g4/117mA/117mA,,,,,,
88.382,HR,10,12236441,13500277,11124189,12272835,-72,236,-450,g5/117mA/117mA g5/117mA/117mA g4/117mA/117mA g4/117mA/117mA,,,,,,
88.382,HR,11,12236134,13498980,11123693,12271761,-72,236,-450,g5/117mA/117mA g5/117mA/117mA g4/117mA/117mA g4/117mA/117mA,,,,,,
88.382,HR,12,12234283,13496274,11122993,12270052,-72,236,-449,g5/117mA/117mA g5/117mA/117mA g4/117mA/117mA g4/117mA/117mA,,,,,,
88.382,HR,13,12232670,13494365,11121628,12268407,-72,236,-449,g5/117mA/117mA g5/117mA/117mA g4/117mA/117mA g4/117mA/117mA,,,,,,
88.382,HR,14,12231827,13492803,11120816,12267392,-72,236,-449,g5/117mA/117mA g5/117mA/117mA g4/117mA/117mA g4/117mA/117mA,,,,,,
88.435,HR,15,12232227,13492651,11121083,12268135,-72,237,-450,g5/117mA/117mA g5/117mA/117mA g4/117mA/117mA g4/117mA/117mA,,,,,,
88.435,HR,16,12233165,13495065,11122123,12270498,-72,237,-450,g5/117mA/117mA g5/117mA/117mA g4/117mA/117mA g4/117mA/117mA,,,,,,
88.435,HR,17,12234308,13498254,11123164,12272980,-72,237,-450,g5/117mA/117mA g5/117mA/117mA g4/117mA/117mA g4/117mA/117mA,,,,,,
88.435,HR,18,12237251,13502298,11125014,12276528,-72,237,-450,g5/117mA/117mA g5/117mA/117mA g4/117mA/117mA g4/117mA/117mA,,,,,,
88.435,HR,19,12239777,13506207,11126704,12279865,-72,237,-450,g5/117mA/117mA g5/117mA/117mA g4/117mA/117mA g4/117mA/117mA,,,,,,
88.435,HR,20,12242292,13510771,11128505,12283439,-72,237,-450,g5/117mA/117mA g5/117mA/117mA g4/117mA/117mA g4/117mA/117mA,,,,,,
88.438,HR,21,12244555,13515029,11130252,12286537,-72,236,-449,g5/117mA/117mA g5/117mA/117mA g4/117mA/117mA g4/117mA/117mA,,,,,,
88.438,HR,22,12247334,13518825,11132259,12289735,-72,236,-449,g5/117mA/117mA g5/117mA/117mA g4/117mA/117mA g4/117mA/117mA,60,100,0,1,0,0
88.438,HR,23,12249545,13523430,11133998,12293224,-72,237,-449,g5/117mA/117mA g5/117mA/117mA g4/117mA/117mA g4/117mA/117mA,,,,,,
88.438,HR,24,12252607,13528935,11136047,12296773,-72,237,-449,g5/117mA/117mA g5/117mA/117mA g4/117mA/117mA g4/117mA/117mA,,,,,,
88.438,HR,25,12255585,13534777,11138186,12300911,-72,237,-449,g5/117mA/117mA g5/117mA/117mA g4/117mA/117mA g4/117mA/117mA,,,,,,
88.439,HR,26,12259322,13540638,11140729,12305688,-72,236,-449,g5/117mA/117mA g5/117mA/117mA g4/117mA/117mA g4/117mA/117mA,,,,,,
88.558,HRV,249,12237456,13501907,11128641,12272698,-73,236,-450,g5/117mA/117mA g5/117mA/117mA g4/117mA/117mA g4/117mA/117mA,,,,,,
88.558,HRV,250,12240416,13505838,11130185,12276162,-72,236,-449,g5/117mA/117mA g5/117mA/117mA g4/117mA/117mA g4/117mA/117mA,,,,,,
88.558,HRV,251,12243172,13509670,11132131,12279762,-72,235,-449,g5/117mA/117mA g5/117mA/117mA g4/117mA/117mA g4/117mA/117mA,,,,,,
88.558,HRV,252,12245620,13513738,11133870,12282945,-72,235,-451,g5/117mA/117mA g5/117mA/117mA g4/117mA/117mA g4/117mA/117mA,,,,,,
88.558,HRV,253,12248282,13518671,11135994,12286561,-72,235,-449,g5/117mA/117mA g5/117mA/117mA g4/117mA/117mA g4/117mA/117mA,615,0,0,0,30,1
88.558,HRV,254,12252002,13523695,11137948,12290657,-72,236,-448,g5/117mA/117mA g5/117mA/117mA g4/117mA/117mA g4/117mA/117mA,,,,,,
88.558,HRV,255,12255303,13529564,11140312,12294931,-72,236,-449,g5/117mA/117mA g5/117mA/117mA g4/117mA/117mA g4/117mA/117mA,,,,,,
88.558,HRV,0,12258759,13534941,11142701,12299027,-73,236,-449,g5/117mA/117mA g5/117mA/117mA g4/117mA/117mA g4/117mA/117mA,,,,,,
88.558,HRV,1,12262795,13540853,11145268,12303625,-73,236,-449,g5/117mA/117mA g5/117mA/117mA g4/117mA/117mA g4/117mA/117mA,,,,,,
88.613,HRV,2,12266180,13546927,11147701,12308017,-73,236,-449,g5/117mA/117mA g5/117mA/117mA g4/117mA/117mA g4/117mA/117mA,,,,,,
88.613,HRV,3,12268995,13551832,11149286,12311533,-72,236,-449,g5/117mA/117mA g5/117mA/117mA g4/117mA/117mA g4/117mA/117mA,,,,,,
88.613,HRV,4,12259064,13541389,11142640,12303957,-72,236,-449,g5/117mA/117mA g5/117mA/117mA g4/117mA/117mA g4/117mA/117mA,,,,,,
88.613,HRV,5,12248272,13525494,11134749,12292125,-72,236,-449,g5/117mA/117mA g5/117mA/117mA g4/117mA/117mA g4/117mA/117mA,,,,,,
88.613,HRV,6,12242413,13513049,11129494,12283022,-72,236,-449,g5/117mA/117mA g5/117mA/117mA g4/117mA/117mA g4/117mA/117mA,,,,,,
88.617,HRV,7,12239597,13507844,11127217,12278482,-72,236,-449,g5/117mA/117mA g5/117mA/117mA g4/117mA/117mA g4/117mA/117mA,,,,,,
88.617,HRV,8,12238011,13504714,11125774,12276009,-72,236,-450,g5/117mA/117mA g5/117mA/117mA g4/117mA/117mA g4/117mA/117mA,,,,,,
88.617,HRV,9,12236945,13501342,11124213,12273817,-72,236,-450,g5/117mA/117mA g5/117mA/117mA g4/117mA/117mA g4/117mA/117mA,,,,,,
88.617,HRV,10,12236441,13500277,11124189,12272835,-72,236,-450,g5/117mA/117mA g5/117mA/117mA g4/117mA/117mA g4/117mA/117mA,,,,,,
88.617,HRV,11,12236134,13498980,11123693,12271761,-72,236,-450,g5/117mA/117mA g5/117mA/117mA g4/117mA/117mA g4/117mA/117mA,,,,,,
88.617,HRV,12,12234283,13496274,11122993,12270052,-72,236,-449,g5/117mA/117mA g5/117mA/117mA g4/117mA/117mA g4/117mA/117mA,,,,,,
88.683,HRV,13,12232670,13494365,11121628,12268407,-72,236,-449,g5/117mA/117mA g5/117mA/117mA g4/117mA/117mA g4/117mA/117mA,,,,,,
88.683,HRV,14,12231827,13492803,11120816,12267392,-72,236,-449,g5/117mA/117mA g5/117mA/117mA g4/117mA/117mA g4/117mA/117mA,,,,,,
88.683,HRV,15,12232227,13492651,11121083,12268135,-72,237,-450,g5/117mA/117mA g5/117mA/117mA g4/117mA/117mA g4/117mA/117mA,,,,,,
88.683,HRV,16,12233165,13495065,11122123,12270498,-72,237,-450,g5/117mA/117mA g5/117mA/117mA g4/117mA/117mA g4/117mA/117mA,,,,,,
88.683,HRV,17,12234308,13498254,11123164,12272980,-72,237,-450,g5/117mA/117mA g5/117mA/117mA g4/117mA/117mA g4/117mA/117mA,,,,,,
88.683,HRV,18,12237251,13502298,11125014,12276528,-72,237,-450,g5/117mA/117mA g5/117mA/117mA g4/117mA/117mA g4/117mA/117mA,,,,,,
88.733,HRV,19,12239777,13506207,11126704,12279865,-72,237,-450,g5/117mA/117mA g5/117mA/117mA g4/117mA/117mA g4/117mA/117mA,,,,,,
88.733,HRV,20,12242292,13510771,11128505,12283439,-72,237,-450,g5/117mA/117mA g5/117mA/117mA g4/117mA/117mA g4/117mA/117mA,,,,,,
88.733,HRV,21,12244555,13515029,11130252,12286537,-72,236,-449,g5/117mA/117mA g5/117mA/117mA g4/117mA/117mA g4/117mA/117mA,,,,,,
88.733,HRV,22,12247334,13518825,11132259,12289735,-72,236,-449,g5/117mA/117mA g5/117mA/117mA g4/117mA/117mA g4/117mA/117mA,615,0,0,0,30,1
88.733,HRV,23,12249545,13523430,11133998,12293224,-72,237,-449,g5/117mA/117mA g5/117mA/117mA g4/117mA/117mA g4/117mA/117mA,,,,,,
88.736,HRV,24,12252607,13528935,11136047,12296773,-72,237,-449,g5/117mA/117mA g5/117mA/117mA g4/117mA/117mA g4/117mA/117mA,,,,,,
88.737,HRV,25,12255585,13534777,11138186,12300911,-72,237,-449,g5/117mA/117mA g5/117mA/117mA g4/117mA/117mA g4/117mA/117mA,,,,,,
88.737,HRV,26,12259322,13540638,11140729,12305688,-72,236,-449,g5/117mA/117mA g5/117mA/117mA g4/117mA/117mA g4/117mA/117mA,,,,,,
89.458,HR,27,12262878,13547497,11143230,12310730,-72,235,-448,g5/117mA/117mA g5/117mA/117mA g4/117mA/117mA g4/117mA/117mA,,,,,,
89.458,HR,28,12266308,13553401,11145925,12315431,-72,235,-448,g5/117mA/117mA g5/117mA/117mA g4/117mA/117mA g4/117mA/117mA,,,,,,
89.458,HR,29,12268944,13558382,11147630,12319407,-72,236,-449,g5/117mA/117mA g5/117mA/117mA g4/117mA/117mA g4/117mA/117mA,,,,,,
89.458,HR,30,12259791,13548931,11142086,12313265,-72,236,-449,g5/117mA/117mA g5/117mA/117mA g4/117mA/117mA g4/117mA/117mA,,,,,,
89.458,HR,31,12249101,13533130,11133957,12301885,-72,236,-449,g5/117mA/117mA g5/117mA/117mA g4/117mA/117mA g4/117mA/117mA,,,,,,
89.542,HR,32,12242642,13521521,11128905,12293104,-72,236,-449,g5/117mA/117mA g5/117mA/117mA g4/117mA/117mA g4/117mA/117mA,,,,,,
89.542,HR,33,12240032,13515063,11126875,12288370,-72,236,-449,g5/117mA/117mA g5/117mA/117mA g4/117mA/117mA g4/117mA/117mA,,,,,,
89.542,HR,34,12239121,13512144,11125561,12285633,-72,236,-449,g5/117mA/117mA g5/117mA/117mA g4/117mA/117mA g4/117mA/117mA,,,,,,
89.542,HR,35,12238463,13510011,11125289,12283857,-72,237,-450,g5/117mA/117mA g5/117mA/117mA g4/117mA/117mA g4/117mA/117mA,,,,,,
89.542,HR,36,12239393,13509542,11125561,12283762,-72,237,-450,g5/117mA/117mA g5/117mA/117mA g4/117mA/117mA g4/117mA/117mA,,,,,,
89.542,HR,37,12238590,13508613,11125451,12282722,-72,236,-449,g5/117mA/117mA g5/117mA/117mA g4/117mA/117mA g4/117mA/117mA,,,,,,
89.634,HR,38,12237311,13505797,11124239,12280361,-72,236,-449,g5/117mA/117mA g5/117mA/117mA g4/117mA/117mA g4/117mA/117mA,,,,,,
89.634,HR,39,12235732,13502905,11123232,12277722,-72,236,-449,g5/117mA/117mA g5/117mA/117mA g4/117mA/117mA g4/117mA/117mA,,,,,,
89.634,HR,40,12235272,13500660,11122789,12276750,-72,236,-449,g5/117mA/117mA g5/117mA/117mA g4/117mA/117mA g4/117mA/117mA,,,,,,
89.634,HR,41,12235578,13501105,11123267,12276572,-72,236,-449,g5/117mA/117mA g5/117mA/117mA g4/117mA/117mA g4/117mA/117mA,,,,,,
89.634,HR,42,12237080,13502656,11124562,12278022,-72,236,-450,g5/117mA/117mA g5/117mA/117mA g4/117mA/117mA g4/117mA/117mA,,,,,,
89.634,HR,43,12239196,13505807,11126166,12280060,-72,236,-450,g5/117mA/117mA g5/117mA/117mA g4/117mA/117mA g4/117mA/117mA,,,,,,
89.639,HR,44,12241730,13509720,11128232,12282741,-72,236,-451,g5/117mA/117mA g5/117mA/117mA g4/117mA/117mA g4/117mA/117mA,,,,,,
89.639,HR,45,12244239,13513757,11130323,12285786,-72,236,-450,g5/117mA/117mA g5/117mA/117mA g4/117mA/117mA g4/117mA/117mA,,,,,,
89.639,HR,46,12247209,13517373,11132155,12288968,-72,236,-450,g5/117mA/117mA g5/117mA/117mA g4/117mA/117mA g4/117mA/117mA,,,,,,
89.639,HR,47,12249503,13522286,11134127,12292261,-72,236,-449,g5/117mA/117mA g5/117mA/117mA g4/117mA/117mA g4/117mA/117mA,60,100,0,1,0,0
89.639,HR,48,12251891,13526341,11135987,12295443,-72,236,-449,g5/117mA/117mA g5/117mA/117mA g4/117mA/117mA g4/117mA/117mA,,,,,,
89.691,HR,49,12255133,13530392,11137915,12298539,-72,236,-449,g5/117mA/117mA g5/117mA/117mA g4/117mA/117mA g4/117mA/117mA,,,,,,
89.691,HR,50,12257716,13535400,11140192,12302686,-72,236,-449,g5/117mA/117mA g5/117mA/117mA g4/117mA/117mA g4/117mA/117mA,,,,,,
89.692,HR,51,12260746,13540195,11142539,12306328,-72,236,-449,g5/117mA/117mA g5/117mA/117mA g4/117mA/117mA g4/117mA/117mA,,,,,,
89.692,HR,52,12264397,13545986,11144850,12310688,-72,236,-450,g5/117mA/117mA g5/117mA/117mA g4/117mA/117mA g4/117mA/117mA,,,,,,
89.692,HR,53,12267852,13551438,11147777,12315023,-72,236,-450,g5/117mA/117mA g5/117mA/117mA g4/117mA/117mA g4/117mA/117mA,,,,,,
89.759,HR,54,12271606,13556993,11150387,12319338,-72,236,-450,g5/117mA/117mA g5/117mA/117mA g4/117mA/117mA g4/117mA/117mA,,,,,,
89.759,HR,55,12272742,13560047,11151719,12322359,-72,235,-450,g5/117mA/117mA g5/117mA/117mA g4/117mA/117mA g4/117mA/117mA,,,,,,
89.759,HR,56,12262776,13547428,11144910,12313606,-72,235,-450,g5/117mA/117mA g5/117mA/117mA g4/117mA/117mA g4/117mA/117mA,,,,,,
89.759,HR,57,12251908,13530359,11137411,12301629,-72,235,-450,g5/117mA/117mA g5/117mA/117mA g4/117mA/117mA g4/117mA/117mA,,,,,,
89.759,HR,58,12245380,13517016,11132470,12293020,-72,235,-450,g5/117mA/117mA g5/117mA/117mA g4/117mA/117mA g4/117mA/117mA,,,,,,
89.759,HR,59,12242386,13510207,11130150,12288038,-72,236,-450,g5/117mA/117mA g5/117mA/117mA g4/117mA/117mA g4/117mA/117mA,,,,,,
89.813,HRV,27,12262878,13547497,11143230,12310730,-72,235,-448,g5/117mA/117mA g5/117mA/117mA g4/117mA/117mA g4/117mA/117mA,,,,,,
89.813,HRV,28,12266308,13553401,11145925,12315431,-72,235,-448,g5/117mA/117mA g5/117mA/117mA g4/117mA/117mA g4/117mA/117mA,,,,,,
89.813,HRV,29,12268944,13558382,11147630,12319407,-72,236,-449,g5/117mA/117mA g5/117mA/117mA g4/117mA/117mA g4/117mA/117mA,,,,,,
89.813,HRV,30,12259791,13548931,11142086,12313265,-72,236,-449,g5/117mA/117mA g5/117mA/117mA g4/117mA/117mA g4/117mA/117mA,,,,,,
89.813,HRV,31,12249101,13533130,11133957,12301885,-72,236,-449,g5/117mA/117mA g5/117mA/117mA g4/117mA/117mA g4/117mA/117mA,,,,,,
89.817,HRV,32,12242642,13521521,11128905,12293104,-72,236,-449,g5/117mA/117mA g5/117mA/117mA g4/117mA/117mA g4/117mA/117mA,,,,,,
89.817,HRV,33,12240032,13515063,11126875,12288370,-72,236,-449,g5/117mA/117mA g5/117mA/117mA g4/117mA/117mA g4/117mA/117mA,,,,,,
89.817,HRV,34,12239121,13512144,11125561,12285633,-72,236,-449,g5/117mA/117mA g5/117mA/117mA g4/117mA/117mA g4/117mA/117mA,,,,,,
89.817,HRV,35,12238463,13510011,11125289,12283857,-72,237,-450,g5/117mA/117mA g5/117mA/117mA g4/117mA/117mA g4/117mA/117mA,,,,,,
89.817,HRV,36,12239393,13509542,11125561,12283762,-72,237,-450,g5/117mA/117mA g5/117mA/117mA g4/117mA/117mA g4/117mA/117mA,,,,,,
89.817,HRV,37,12238590,13508613,11125451,12282722,-72,236,-449,g5/117mA/117mA g5/117mA/117mA g4/117mA/117mA g4/117mA/117mA,,,,,,
89.872,HRV,38,12237311,13505797,11124239,12280361,-72,236,-449,g5/117mA/117mA g5/117mA/117mA g4/117mA/117mA g4/117mA/117mA,,,,,,
89.872,HRV,39,12235732,13502905,11123232,12277722,-72,236,-449,g5/117mA/117mA g5/117mA/117mA g4/117mA/117mA g4/117mA/117mA,,,,,,
89.872,HRV,40,12235272,13500660,11122789,12276750,-72,236,-449,g5/117mA/117mA g5/117mA/117mA g4/117mA/117mA g4/117mA/117mA,,,,,,
89.872,HRV,41,12235578,13501105,11123267,12276572,-72,236,-449,g5/117mA/117mA g5/117mA/117mA g4/117mA/117mA g4/117mA/117mA,,,,,,
89.872,HRV,42,12237080,13502656,11124562,12278022,-72,236,-450,g5/117mA/117mA g5/117mA/117mA g4/117mA/117mA g4/117mA/117mA,,,,,,
89.873,HRV,43,12239196,13505807,11126166,12280060,-72,236,-450,g5/117mA/117mA g5/117mA/117mA g4/117mA/117mA g4/117mA/117mA,,,,,,
89.876,HRV,44,12241730,13509720,11128232,12282741,-72,236,-451,g5/117mA/117mA g5/117mA/117mA g4/117mA/117mA g4/117mA/117mA,,,,,,
89.876,HRV,45,12244239,13513757,11130323,12285786,-72,236,-450,g5/117mA/117mA g5/117mA/117mA g4/117mA/117mA g4/117mA/117mA,,,,,,
89.876,HRV,46,12247209,13517373,11132155,12288968,-72,236,-450,g5/117mA/117mA g5/117mA/117mA g4/117mA/117mA g4/117mA/117mA,,,,,,
89.876,HRV,47,12249503,13522286,11134127,12292261,-72,236,-449,g5/117mA/117mA g5/117mA/117mA g4/117mA/117mA g4/117mA/117mA,691,0,0,0,30,1
89.876,HRV,48,12251891,13526341,11135987,12295443,-72,236,-449,g5/117mA/117mA g5/117mA/117mA g4/117mA/117mA g4/117mA/117mA,,,,,,
89.962,HRV,49,12255133,13530392,11137915,12298539,-72,236,-449,g5/117mA/117mA g5/117mA/117mA g4/117mA/117mA g4/117mA/117mA,,,,,,
89.962,HRV,50,12257716,13535400,11140192,12302686,-72,236,-449,g5/117mA/117mA g5/117mA/117mA g4/117mA/117mA g4/117mA/117mA,,,,,,
89.962,HRV,51,12260746,13540195,11142539,12306328,-72,236,-449,g5/117mA/117mA g5/117mA/117mA g4/117mA/117mA g4/117mA/117mA,,,,,,
89.962,HRV,52,12264397,13545986,11144850,12310688,-72,236,-450,g5/117mA/117mA g5/117mA/117mA g4/117mA/117mA g4/117mA/117mA,,,,,,
89.962,HRV,53,12267852,13551438,11147777,12315023,-72,236,-450,g5/117mA/117mA g5/117mA/117mA g4/117mA/117mA g4/117mA/117mA,,,,,,
89.999,HRV,54,12271606,13556993,11150387,12319338,-72,236,-450,g5/117mA/117mA g5/117mA/117mA g4/117mA/117mA g4/117mA/117mA,,,,,,
89.999,HRV,55,12272742,13560047,11151719,12322359,-72,235,-450,g5/117mA/117mA g5/117mA/117mA g4/117mA/117mA g4/117mA/117mA,,,,,,
89.999,HRV,56,12262776,13547428,11144910,12313606,-72,235,-450,g5/117mA/117mA g5/117mA/117mA g4/117mA/117mA g4/117mA/117mA,,,,,,
89.999,HRV,57,12251908,13530359,11137411,12301629,-72,235,-450,g5/117mA/117mA g5/117mA/117mA g4/117mA/117mA g4/117mA/117mA,,,,,,
89.999,HRV,58,12245380,13517016,11132470,12293020,-72,235,-450,g5/117mA/117mA g5/117mA/117mA g4/117mA/117mA g4/117mA/117mA,,,,,,
89.999,HRV,59,12242386,13510207,11130150,12288038,-72,236,-450,g5/117mA/117mA g5/117mA/117mA g4/117mA/117mA g4/117mA/117mA,,,,,,
89.999,HRV,60,12240466,13505558,11128821,12284530,-72,236,-450,g5/117mA/117mA g5/117mA/117mA g4/117mA/117mA g4/117mA/117mA,,,,,,
90.651,HR,61,12238847,13501138,11127556,12281929,-73,235,-450,g5/117mA/117mA g5/117mA/117mA g4/117mA/117mA g4/117mA/117mA,,,,,,
90.651,HR,62,12238745,13499485,11127020,12280488,-73,235,-450,g5/117mA/117mA g5/117mA/117mA g4/117mA/117mA g4/117mA/117mA,,,,,,
90.651,HR,63,12238105,13497053,11126713,12279423,-73,235,-450,g5/117mA/117mA g5/117mA/117mA g4/117mA/117mA g4/117mA/117mA,,,,,,
90.651,HR,64,12236417,13494032,11125782,12277067,-73,235,-450,g5/117mA/117mA g5/117mA/117mA g4/117mA/117mA g4/117mA/117mA,,,,,,
90.651,HR,65,12234947,13491268,11124614,12274720,-73,234,-450,g5/117mA/117mA g5/117mA/117mA g4/117mA/117mA g4/117mA/117mA,,,,,,
90.655,HR,66,12234369,13489168,11123888,12273969,-73,234,-450,g5/117mA/117mA g5/117mA/117mA g4/117mA/117mA g4/117mA/117mA,,,,,,
90.655,HR,67,12234956,13488298,11124094,12273610,-73,235,-450,g5/117mA/117mA g5/117mA/117mA g4/117mA/117mA g4/117mA/117mA,,,,,,
90.655,HR,68,12235996,13489981,11124955,12274131,-73,235,-450,g5/117mA/117mA g5/117mA/117mA g4/117mA/117mA g4/117mA/117mA,,,,,,
90.655,HR,69,12238045,13492693,11126679,12276477,-73,235,-451,g5/117mA/117mA g5/117mA/117mA g4/117mA/117mA g4/117mA/117mA,,,,,,
90.655,HR,70,12240800,13496624,11128207,12279378,-72,235,-450,g5/117mA/117mA g5/117mA/117mA g4/117mA/117mA g4/117mA/117mA,,,,,,
90.655,HR,71,12243478,13500311,11130150,12282271,-72,235,-450,g5/117mA/117mA g5/117mA/117mA g4/117mA/117mA g4/117mA/117mA,,,,,,
90.72,HR,72,12245834,13504237,11131867,12285471,-72,235,-450,g5/117mA/117mA g5/117mA/117mA g4/117mA/117mA g4/117mA/117mA,59,100,0,1,0,0
90.72,HR,73,12248742,13507980,11133896,12288200,-72,235,-450,g5/117mA/117mA g5/117mA/117mA g4/117mA/117mA g4/117mA/117mA,,,,,,
90.72,HR,74,12251344,13512562,11135525,12291518,-72,235,-450,g5/117mA/117mA g5/117mA/117mA g4/117mA/117mA g4/117mA/117mA,,,,,,
90.72,HR,75,12254006,13517032,11137564,12294666,-73,236,-450,g5/117mA/117mA g5/117mA/117mA g4/117mA/117mA g4/117mA/117mA,,,,,,
90.72,HR,76,12256857,13522015,11139868,12298241,-72,238,-451,g5/117mA/117mA g5/117mA/117mA g4/117mA/117mA g4/117mA/117mA,,,,,,
90.802,HR,77,12260362,13528063,11141831,12302679,-72,234,-454,g5/117mA/117mA g5/117mA/117mA g4/117mA/117mA g4/117mA/117mA,,,,,,
90.802,HR,78,12263809,13533224,11144689,12307010,-71,241,-449,g5/117mA/117mA g5/117mA/117mA g4/117mA/117mA g4/117mA/117mA,,,,,,
90.802,HR,79,12267478,13539317,11146933,12311404,-70,247,-446,g5/117mA/117mA g5/117mA/117mA g4/117mA/117mA g4/117mA/117mA,,,,,,
90.802,HR,80,12270982,13545628,11149304,12315909,-74,239,-455,g5/117mA/117mA g5/117mA/117mA g4/117mA/117mA g4/117mA/117mA,,,,,,
90.802,HR,81,12275036,13552455,11152741,12322121,-74,240,-453,g5/117mA/117mA g5/117mA/117mA g4/117mA/117mA g4/117mA/117mA,,,,,,
90.802,HR,82,12277306,13558153,11154457,12328168,-74,242,-448,g5/117mA/117mA g5/117mA/117mA g4/117mA/117mA g4/117mA/117mA,,,,,,
90.839,HR,83,12265942,13546456,11147546,12323740,-74,239,-448,g5/117mA/117mA g5/117mA/117mA g4/117mA/117mA g4/117mA/117mA,,,,,,
90.839,HR,84,12251668,13527543,11137462,12316259,-74,237,-448,g5/117mA/117mA g5/117mA/117mA g4/117mA/117mA g4/117mA/117mA,,,,,,
90.839,HR,85,12242616,13511479,11128811,12310143,-75,235,-449,g5/117mA/117mA g5/117mA/117mA g4/117mA/117mA g4/117mA/117mA,,,,,,
90.839,HR,86,12236519,13498042,11122883,12307891,-75,235,-450,g5/117mA/117mA g5/117mA/117mA g4/117mA/117mA g4/117mA/117mA,,,,,,
90.839,HR,87,12232337,13487334,11118797,12304836,-75,235,-451,g5/117mA/117mA g5/117mA/117mA g4/117mA/117mA g4/117mA/117mA,,,,,,
90.862,HR,88,12227815,13477942,11114487,12302499,-75,233,-450,g5/117mA/117mA g5/117mA/117mA g4/117mA/117mA g4/117mA/117mA,,,,,,
90.862,HR,89,12224898,13470759,11111945,12302523,-75,231,-449,g5/117mA/117mA g5/117mA/117mA g4/117mA/117mA g4/117mA/117mA,,,,,,
90.862,HR,90,12219403,13462125,11108935,12303522,-73,226,-447,g5/117mA/117mA g5/117mA/117mA g4/117mA/117mA g4/117mA/117mA,,,,,,
90.862,HR,91,12209611,13449668,11105750,12307473,-73,225,-451,g5/117mA/117mA g5/117mA/117mA g4/117mA/117mA g4/117mA/117mA,,,,,,
90.862,HR,92,12204593,13440302,11104907,12311362,-73,231,-461,g5/117mA/117mA g5/117mA/117mA g4/117mA/117mA g4/117mA/117mA,,,,,,
90.862,HR,93,12204712,13431387,11105136,12317240,-100,241,-445,g5/117mA/117mA g5/117mA/117mA g4/117mA/117mA g4/117mA/117mA,,,,,,
90.892,HR,94,12207673,13422232,11106025,12321617,-102,241,-441,g5/117mA/117mA g5/117mA/117mA g4/117mA/117mA g4/117mA/117mA,,,,,,
90.896,HRV,61,12238847,13501138,11127556,12281929,-73,235,-450,g5/117mA/117mA g5/117mA/117mA g4/117mA/117mA g4/117mA/117mA,,,,,,
90.896,HRV,62,12238745,13499485,11127020,12280488,-73,235,-450,g5/117mA/117mA g5/117mA/117mA g4/117mA/117mA g4/117mA/117mA,,,,,,
90.896,HRV,63,12238105,13497053,11126713,12279423,-73,235,-450,g5/117mA/117mA g5/117mA/117mA g4/117mA/117mA g4/117mA/117mA,,,,,,
90.896,HRV,64,12236417,13494032,11125782,12277067,-73,235,-450,g5/117mA/117mA g5/117mA/117mA g4/117mA/117mA g4/117mA/117mA,,,,,,
90.896,HRV,65,12234947,13491268,11124614,12274720,-73,234,-450,g5/117mA/117mA g5/117mA/117mA g4/117mA/117mA g4/117mA/117mA,,,,,,
91.015,HRV,66,12234369,13489168,11123888,12273969,-73,234,-450,g5/117mA/117mA g5/117mA/117mA g4/117mA/117mA g4/117mA/117mA,,,,,,
91.015,HRV,67,12234956,13488298,11124094,12273610,-73,235,-450,g5/117mA/117mA g5/117mA/117mA g4/117mA/117mA g4/117mA/117mA,,,,,,
91.015,HRV,68,12235996,13489981,11124955,12274131,-73,235,-450,g5/117mA/117mA g5/117mA/117mA g4/117mA/117mA g4/117mA/117mA,,,,,,
91.015,HRV,69,12238045,13492693,11126679,12276477,-73,235,-451,g5/117mA/117mA g5/117mA/117mA g4/117mA/117mA g4/117mA/117mA,,,,,,
91.015,HRV,70,12240800,13496624,11128207,12279378,-72,235,-450,g5/117mA/117mA g5/117mA/117mA g4/117mA/117mA g4/117mA/117mA,,,,,,
91.015,HRV,71,12243478,13500311,11130150,12282271,-72,235,-450,g5/117mA/117mA g5/117mA/117mA g4/117mA/117mA g4/117mA/117mA,,,,,,
91.042,HRV,72,12245834,13504237,11131867,12285471,-72,235,-450,g5/117mA/117mA g5/117mA/117mA g4/117mA/117mA g4/117mA/117mA,767,0,0,0,30,1
91.042,HRV,73,12248742,13507980,11133896,12288200,-72,235,-450,g5/117mA/117mA g5/117mA/117mA g4/117mA/117mA g4/117mA/117mA,,,,,,
91.042,HRV,74,12251344,13512562,11135525,12291518,-72,235,-450,g5/117mA/117mA g5/117mA/117mA g4/117mA/117mA g4/117mA/117mA,,,,,,
91.042,HRV,75,12254006,13517032,11137564,12294666,-73,236,-450,g5/117mA/117mA g5/117mA/117mA g4/117mA/117mA g4/117mA/117mA,,,,,,
91.042,HRV,76,12256857,13522015,11139868,12298241,-72,238,-451,g5/117mA/117mA g5/117mA/117mA g4/117mA/117mA g4/117mA/117mA,,,,,,
91.076,HRV,77,12260362,13528063,11141831,12302679,-72,234,-454,g5/117mA/117mA g5/117mA/117mA g4/117mA/117mA g4/117mA/117mA,,,,,,
91.076,HRV,78,12263809,13533224,11144689,12307010,-71,241,-449,g5/117mA/117mA g5/117mA/117mA g4/117mA/117mA g4/117mA/117mA,,,,,,
91.076,HRV,79,12267478,13539317,11146933,12311404,-70,247,-446,g5/117mA/117mA g5/117mA/117mA g4/117mA/117mA g4/117mA/117mA,,,,,,
91.076,HRV,80,12270982,13545628,11149304,12315909,-74,239,-455,g5/117mA/117mA g5/117mA/117mA g4/117mA/117mA g4/117mA/117mA,,,,,,
91.076,HRV,81,12275036,13552455,11152741,12322121,-74,240,-453,g5/117mA/117mA g5/117mA/117mA g4/117mA/117mA g4/117mA/117mA,,,,,,
91.076,HRV,82,12277306,13558153,11154457,12328168,-74,242,-448,g5/117mA/117mA g5/117mA/117mA g4/117mA/117mA g4/117mA/117mA,,,,,,
91.102,HRV,83,12265942,13546456,11147546,12323740,-74,239,-448,g5/117mA/117mA g5/117mA/117mA g4/117mA/117mA g4/117mA/117mA,,,,,,
91.102,HRV,84,12251668,13527543,11137462,12316259,-74,237,-448,g5/117mA/117mA g5/117mA/117mA g4/117mA/117mA g4/117mA/117mA,,,,,,
91.102,HRV,85,12242616,13511479,11128811,12310143,-75,235,-449,g5/117mA/117mA g5/117mA/117mA g4/117mA/117mA g4/117mA/117mA,,,,,,
91.102,HRV,86,12236519,13498042,11122883,12307891,-75,235,-450,g5/117mA/117mA g5/117mA/117mA g4/117mA/117mA g4/117mA/117mA,,,,,,
91.102,HRV,87,12232337,13487334,11118797,12304836,-75,235,-451,g5/117mA/117mA g5/117mA/117mA g4/117mA/117mA g4/117mA/117mA,,,,,,
91.137,HRV,88,12227815,13477942,11114487,12302499,-75,233,-450,g5/117mA/117mA g5/117mA/117mA g4/117mA/117mA g4/117mA/117mA,,,,,,
91.137,HRV,89,12224898,13470759,11111945,12302523,-75,231,-449,g5/117mA/117mA g5/117mA/117mA g4/117mA/117mA g4/117mA/117mA,,,,,,
91.137,HRV,90,12219403,13462125,11108935,12303522,-73,226,-447,g5/117mA/117mA g5/117mA/117mA g4/117mA/117mA g4/117mA/117mA,,,,,,
91.137,HRV,91,12209611,13449668,11105750,12307473,-73,225,-451,g5/117mA/117mA g5/117mA/117mA g4/117mA/117mA g4/117mA/117mA,,,,,,
91.137,HRV,92,12204593,13440302,11104907,12311362,-73,231,-461,g5/117mA/117mA g5/117mA/117mA g4/117mA/117mA g4/117mA/117mA,,,,,,
91.137,HRV,93,12204712,13431387,11105136,12317240,-100,241,-445,g5/117mA/117mA g5/117mA/117mA g4/117mA/117mA g4/117mA/117mA,,,,,,
91.137,HRV,94,12207673,13422232,11106025,12321617,-102,241,-441,g5/117mA/117mA g5/117mA/117mA g4/117mA/117mA g4/117mA/117mA,,,,,,
92.276,HR,95,12209815,13413702,11106784,12325277,-115,200,-376,g5/117mA/117mA g5/117mA/117mA g4/117mA/117mA g4/117mA/117mA,,,,,,
92.276,HR,96,12212109,13405281,11108277,12326154,-146,180,-420,g5/117mA/117mA g5/117mA/117mA g4/117mA/117mA g4/117mA/117mA,,,,,,
92.276,HR,97,12212656,13399549,11109580,12327946,-144,165,-448,g5/117mA/117mA g5/117mA/117mA g4/117mA/117mA g4/117mA/117mA,59,100,0,1,0,0
92.276,HR,98,12213747,13394104,11112373,12328262,-114,155,-461,g5/117mA/117mA g5/117mA/117mA g4/117mA/117mA g4/117mA/117mA,,,,,,
92.364,HR,99,12220460,13391956,11119110,12326471,-95,193,-475,g5/117mA/117mA g5/117mA/117mA g4/117mA/117mA g4/117mA/117mA,,,,,,
92.364,HR,100,12235364,13394097,11131507,12324312,-91,199,-476,g5/117mA/117mA g5/117mA/117mA g4/117mA/117mA g4/117mA/117mA,,,,,,
92.364,HR,101,12255046,13409155,11149978,12325788,-99,180,-467,g5/117mA/117mA g5/117mA/117mA g4/117mA/117mA g4/117mA/117mA,,,,,,
92.364,HR,102,12277824,13434850,11161860,12329073,-113,158,-449,g5/117mA/117mA g5/117mA/117mA g4/117mA/117mA g4/117mA/117mA,,,,,,
92.364,HR,103,12293047,13438878,11170120,12329354,-132,164,-443,g5/117mA/117mA g5/117mA/117mA g4/117mA/117mA g4/117mA/117mA,,,,,,
92.364,HR,104,12310586,13444388,11179606,12329286,-148,184,-447,g5/117mA/117mA g5/117mA/117mA g4/117mA/117mA g4/117mA/117mA,,,,,,
92.398,HR,105,12314749,13444611,11183037,12332400,-130,190,-466,g5/117mA/117mA g5/117mA/117mA g4/117mA/117mA g4/117mA/117mA,,,,,,
92.398,HR,106,12335737,13454932,11193155,12335642,-128,188,-489,g5/117mA/117mA g5/117mA/117mA g4/117mA/117mA g4/117mA/117mA,,,,,,
92.398,HR,107,12361234,13470562,11206206,12337024,-135,182,-508,g5/117mA/117mA g5/117mA/117mA g4/117mA/117mA g4/117mA/117mA,,,,,,
92.398,HR,108,12378316,13484418,11217051,12342825,-142,182,-501,g5/117mA/117mA g5/117mA/117mA g4/117mA/117mA g4/117mA/117mA,,,,,,
92.398,HR,109,12398090,13497531,11228507,12346894,-136,198,-501,g5/117mA/117mA g5/117mA/117mA g4/117mA/117mA g4/117mA/117mA,,,,,,
92.423,HR,110,12411699,13504885,11236673,12347782,-124,212,-496,g5/117mA/117mA g5/117mA/117mA g4/117mA/117mA g4/117mA/117mA,,,,,,
92.423,HR,111,12412184,13498878,11237960,12340207,-105,189,-456,g5/117mA/117mA g5/117mA/117mA g4/117mA/117mA g4/117mA/117mA,,,,,,
92.423,HR,112,12416697,13492685,11239060,12330300,-113,183,-453,g5/117mA/117mA g5/117mA/117mA g4/117mA/117mA g4/117mA/117mA,,,,,,
92.423,HR,113,12428624,13491754,11244241,12322999,-117,184,-460,g5/117mA/117mA g5/117mA/117mA g4/117mA/117mA g4/117mA/117mA,,,,,,
92.423,HR,114,12442538,13493521,11252600,12320028,-86,190,-462,g5/117mA/117mA g5/117mA/117mA g4/117mA/117mA g4/117mA/117mA,,,,,,
92.423,HR,115,12460583,13500099,11261695,12318288,-104,197,-463,g5/117mA/117mA g5/117mA/117mA g4/117mA/117mA g4/117mA/117mA,,,,,,
92.458,HR,116,12473883,13507452,11268213,12317914,-120,191,-465,g5/117mA/117mA g5/117mA/117mA g4/117mA/117mA g4/117mA/117mA,,,,,,
92.458,HR,117,12478370,13509456,11273364,12316831,-100,158,-470,g5/117mA/117mA g5/117mA/117mA g4/117mA/117mA g4/117mA/117mA,,,,,,
92.458,HR,118,12476929,13508571,11274610,12316898,-95,160,-469,g5/117mA/117mA g5/117mA/117mA g4/117mA/117mA g4/117mA/117mA,,,,,,
92.458,HR,119,12467390,13502734,11271872,12315407,-117,171,-468,g5/117mA/117mA g5/117mA/117mA g4/117mA/117mA g4/117mA/117mA,,,,,,
92.458,HR,120,12459148,13494850,11267930,12311517,-186,182,-470,g5/117mA/117mA g5/117mA/117mA g4/117mA/117mA g4/117mA/117mA,,,,,,
92.458,HR,121,12456163,13492428,11265175,12311072,-116,190,-473,g5/117mA/117mA g5/117mA/117mA g4/117mA/117mA g4/117mA/117mA,,,,,,
92.575,HR,122,12449978,13491566,11260687,12315083,-74,193,-475,g5/117mA/117mA g5/117mA/117mA g4/117mA/117mA g4/117mA/117mA,59,100,0,1,0,0
92.575,HR,123,12451999,13493016,11259630,12319960,-108,189,-475,g5/117mA/117mA g5/117mA/117mA g4/117mA/117mA g4/117mA/117mA,,,,,,
92.575,HR,124,12459004,13495329,11261796,12324867,-120,170,-468,g5/117mA/117mA g5/117mA/117mA g4/117mA/117mA g4/117mA/117mA,,,,,,
92.575,HR,125,12458987,13495619,11262659,12329660,-122,168,-463,g5/117mA/117mA g5/117mA/117mA g4/117mA/117mA g4/117mA/117mA,,,,,,
92.575,HR,126,12454883,13495867,11260953,12335753,-115,191,-461,g5/117mA/117mA g5/117mA/117mA g4/117mA/117mA g4/117mA/117mA,,,,,,
92.605,HR,127,12460029,13498921,11263639,12341725,-108,192,-462,g5/117mA/117mA g5/117mA/117mA g4/117mA/117mA g4/117mA/117mA,,,,,,
92.605,HR,128,12469183,13501864,11268059,12346093,-95,204,-459,g5/117mA/117mA g5/117mA/117mA g4/117mA/117mA g4/117mA/117mA,,,,,,
92.642,HRV,95,12209815,13413702,11106784,12325277,-115,200,-376,g5/117mA/117mA g5/117mA/117mA g4/117mA/117mA g4/117mA/117mA,,,,,,
92.642,HRV,96,12212109,13405281,11108277,12326154,-146,180,-420,g5/117mA/117mA g5/117mA/117mA g4/117mA/117mA g4/117mA/117mA,,,,,,
92.642,HRV,97,12212656,13399549,11109580,12327946,-144,165,-448,g5/117mA/117mA g5/117mA/117mA g4/117mA/117mA g4/117mA/117mA,816,0,0,0,30,1
92.642,HRV,98,12213747,13394104,11112373,12328262,-114,155,-461,g5/117mA/117mA g5/117mA/117mA g4/117mA/117mA g4/117mA/117mA,,,,,,
92.692,HRV,99,12220460,13391956,11119110,12326471,-95,193,-475,g5/117mA/117mA g5/117mA/117mA g4/117mA/117mA g4/117mA/117mA,,,,,,
92.692,HRV,100,12235364,13394097,11131507,12324312,-91,199,-476,g5/117mA/117mA g5/117mA/117mA g4/117mA/117mA g4/117mA/117mA,,,,,,
92.692,HRV,101,12255046,13409155,11149978,12325788,-99,180,-467,g5/117mA/117mA g5/117mA/117mA g4/117mA/117mA g4/117mA/117mA,,,,,,
92.692,HRV,102,12277824,13434850,11161860,12329073,-113,158,-449,g5/117mA/117mA g5/117mA/117mA g4/117mA/117mA g4/117mA/117mA,,,,,,
92.692,HRV,103,12293047,13438878,11170120,12329354,-132,164,-443,g5/117mA/117mA g5/117mA/117mA g4/117mA/117mA g4/117mA/117mA,,,,,,
92.693,HRV,104,12310586,13444388,11179606,12329286,-148,184,-447,g5/117mA/117mA g5/117mA/117mA g4/117mA/117mA g4/117mA/117mA,,,,,,
92.697,HRV,105,12314749,13444611,11183037,12332400,-130,190,-466,g5/117mA/117mA g5/117mA/117mA g4/117mA/117mA g4/117mA/117mA,,,,,,
92.697,HRV,106,12335737,13454932,11193155,12335642,-128,188,-489,g5/117mA/117mA g5/117mA/117mA g4/117mA/117mA g4/117mA/117mA,,,,,,
92.697,HRV,107,12361234,13470562,11206206,12337024,-135,182,-508,g5/117mA/117mA g5/117mA/117mA g4/117mA/117mA g4/117mA/117mA,,,,,,
92.697,HRV,108,12378316,13484418,11217051,12342825,-142,182,-501,g5/117mA/117mA g5/117mA/117mA g4/117mA/117mA g4/117mA/117mA,,,,,,
92.697,HRV,109,12398090,13497531,11228507,12346894,-136,198,-501,g5/117mA/117mA g5/117mA/117mA g4/117mA/117mA g4/117mA/117mA,,,,,,
92.756,HRV,110,12411699,13504885,11236673,12347782,-124,212,-496,g5/117mA/117mA g5/117mA/117mA g4/117mA/117mA g4/117mA/117mA,,,,,,
92.756,HRV,111,12412184,13498878,11237960,12340207,-105,189,-456,g5/117mA/117mA g5/117mA/117mA g4/117mA/117mA g4/117mA/117mA,,,,,,
92.756,HRV,112,12416697,13492685,11239060,12330300,-113,183,-453,g5/117mA/117mA g5/117mA/117mA g4/117mA/117mA g4/117mA/117mA,,,,,,
92.756,HRV,113,12428624,13491754,11244241,12322999,-117,184,-460,g5/117mA/117mA g5/117mA/117mA g4/117mA/117mA g4/117mA/117mA,,,,,,
92.756,HRV,114,12442538,13493521,11252600,12320028,-86,190,-462,g5/117mA/117mA g5/117mA/117mA g4/117mA/117mA g4/117mA/117mA,,,,,,
92.756,HRV,115,12460583,13500099,11261695,12318288,-104,197,-463,g5/117mA/117mA g5/117mA/117mA g4/117mA/117mA g4/117mA/117mA,,,,,,
92.757,HRV,116,12473883,13507452,11268213,12317914,-120,191,-465,g5/117mA/117mA g5/117mA/117mA g4/117mA/117mA g4/117mA/117mA,,,,,,
92.757,HRV,117,12478370,13509456,11273364,12316831,-100,158,-470,g5/117mA/117mA g5/117mA/117mA g4/117mA/117mA g4/117mA/117mA,,,,,,
92.757,HRV,118,12476929,13508571,11274610,12316898,-95,160,-469,g5/117mA/117mA g5/117mA/117mA g4/117mA/117mA g4/117mA/117mA,,,,,,
92.757,HRV,119,12467390,13502734,11271872,12315407,-117,171,-468,g5/117mA/117mA g5/117mA/117mA g4/117mA/117mA g4/117mA/117mA,,,,,,
92.757,HRV,120,12459148,13494850,11267930,12311517,-186,182,-470,g5/117mA/117mA g5/117mA/117mA g4/117mA/117mA g4/117mA/117mA,,,,,,
92.757,HRV,121,12456163,13492428,11265175,12311072,-116,190,-473,g5/117mA/117mA g5/117mA/117mA g4/117mA/117mA g4/117mA/117mA,,,,,,
92.873,HRV,122,12449978,13491566,11260687,12315083,-74,193,-475,g5/117mA/117mA g5/117mA/117mA g4/117mA/117mA g4/117mA/117mA,1079,0,0,0,30,1
92.873,HRV,123,12451999,13493016,11259630,12319960,-108,189,-475,g5/117mA/117mA g5/117mA/117mA g4/117mA/117mA g4/117mA/117mA,,,,,,
92.873,HRV,124,12459004,13495329,11261796,12324867,-120,170,-468,g5/117mA/117mA g5/117mA/117mA g4/117mA/117mA g4/117mA/117mA,,,,,,
92.873,HRV,125,12458987,13495619,11262659,12329660,-122,168,-463,g5/117mA/117mA g5/117mA/117mA g4/117mA/117mA g4/117mA/117mA,,,,,,
92.873,HRV,126,12454883,13495867,11260953,12335753,-115,191,-461,g5/117mA/117mA g5/117mA/117mA g4/117mA/117mA g4/117mA/117mA,,,,,,
92.874,HRV,127,12460029,13498921,11263639,12341725,-108,192,-462,g5/117mA/117mA g5/117mA/117mA g4/117mA/117mA g4/117mA/117mA,,,,,,
92.874,HRV,128,12469183,13501864,11268059,12346093,-95,204,-459,g5/117mA/117mA g5/117mA/117mA g4/117mA/117mA g4/117mA/117mA,,,,,,
93.479,HR,129,12469138,13506094,11269458,12350795,-214,166,-446,g5/117mA/117mA g5/117mA/117mA g4/117mA/117mA g4/117mA/117mA,,,,,,
93.479,HR,130,12467365,13509098,11269491,12356740,-192,165,-458,g5/117mA/117mA g5/117mA/117mA g4/117mA/117mA g4/117mA/117mA,,,,,,
93.479,HR,131,12467278,13513049,11271496,12363292,-170,164,-470,g5/117mA/117mA g5/117mA/117mA g4/117mA/117mA g4/117mA/117mA,,,,,,
93.479,HR,132,12468772,13516682,11273477,12370066,-157,162,-475,g5/117mA/117mA g5/117mA/117mA g4/117mA/117mA g4/117mA/117mA,,,,,,
93.479,HR,133,12469917,13520598,11277035,12376532,-152,158,-474,g5/117mA/117mA g5/117mA/117mA g4/117mA/117mA g4/117mA/117mA,,,,,,
93.562,HR,134,12465889,13529710,11276248,12382437,-146,156,-472,g5/117mA/117mA g5/117mA/117mA g4/117mA/117mA g4/117mA/117mA,,,,,,
93.562,HR,135,12474787,13543523,11280345,12387649,-133,163,-470,g5/117mA/117mA g5/117mA/117mA g4/117mA/117mA g4/117mA/117mA,,,,,,
93.562,HR,136,12481279,13550731,11283780,12393877,-120,169,-468,g5/117mA/117mA g5/117mA/117mA g4/117mA/117mA g4/117mA/117mA,,,,,,
93.562,HR,137,12472330,13550945,11279584,12393893,-125,176,-463,g5/117mA/117mA g5/117mA/117mA g4/117mA/117mA g4/117mA/117mA,,,,,,
93.562,HR,138,12461802,13543207,11269772,12385140,-138,182,-456,g5/117mA/117mA g5/117mA/117mA g4/117mA/117mA g4/117mA/117mA,,,,,,
93.562,HR,139,12451805,13528318,11264526,12375637,-149,185,-452,g5/117mA/117mA g5/117mA/117mA g4/117mA/117mA g4/117mA/117mA,,,,,,
93.595,HR,140,12439443,13517382,11260773,12362720,-158,175,-454,g5/117mA/117mA g5/117mA/117mA g4/117mA/117mA g4/117mA/117mA,,,,,,
93.595,HR,141,12436389,13503639,11264952,12343884,-167,165,-455,g5/117mA/117mA g5/117mA/117mA g4/117mA/117mA g4/117mA/117mA,,,,,,
93.595,HR,142,12437692,13492233,11270269,12325935,-181,152,-459,g5/117mA/117mA g5/117mA/117mA g4/117mA/117mA g4/117mA/117mA,,,,,,
93.595,HR,143,12448356,13502085,11274875,12301339,-196,138,-463,g5/117mA/117mA g5/117mA/117mA g4/117mA/117mA g4/117mA/117mA,,,,,,
93.595,HR,144,12460353,13516247,11272690,12291723,-199,126,-468,g5/117mA/117mA g5/117mA/117mA g4/117mA/117mA g4/117mA/117mA,,,,,,
93.658,HR,145,12472363,13530273,11264459,12282177,-185,115,-474,g5/117mA/117mA g5/117mA/117mA g4/117mA/117mA g4/117mA/117mA,,,,,,
93.658,HR,146,12483694,13534257,11256276,12266837,-172,104,-481,g5/117mA/117mA g5/117mA/117mA g4/117mA/117mA g4/117mA/117mA,,,,,,
93.658,HR,147,12493777,13550748,11229616,12254408,-149,120,-476,g5/117mA/117mA g5/117mA/117mA g4/117mA/117mA g4/117mA/117mA,58,100,0,1,0,0
93.658,HR,148,12499374,13568049,11207298,12242123,-127,136,-471,g5/117mA/117mA g5/117mA/117mA g4/117mA/117mA g4/117mA/117mA,,,,,,
93.659,HR,149,12503119,13579626,11189145,12229282,-114,161,-467,g5/117mA/117mA g5/117mA/117mA g4/117mA/117mA g4/117mA/117mA,,,,,,
93.682,HR,150,12502617,13590759,11181892,12222569,-109,193,-462,g5/117mA/117mA g5/117mA/117mA g4/117mA/117mA g4/117mA/117mA,,,,,,
93.682,HR,151,12501950,13600349,11170324,12213986,-108,218,-457,g5/117mA/117mA g5/117mA/117mA g4/117mA/117mA g4/117mA/117mA,,,,,,
93.682,HR,152,12494356,13601271,11210575,12212263,-134,210,-454,g5/117mA/117mA g5/117mA/117mA g4/117mA/117mA g4/117mA/117mA,,,,,,
93.682,HR,153,12493520,13596399,11240170,12206470,-159,201,-451,g5/117mA/117mA g5/117mA/117mA g4/117mA/117mA g4/117mA/117mA,,,,,,
93.682,HR,154,12493309,13589847,11252293,12202291,-164,178,-453,g5/117mA/117mA g5/117mA/117mA g4/117mA/117mA g4/117mA/117mA,,,,,,
93.776,HR,155,12496805,13588140,11253136,12198741,-159,148,-458,g5/117mA/117mA g5/117mA/117mA g4/117mA/117mA g4/117mA/117mA,,,,,,
93.776,HR,156,12499921,13593609,11231119,12194090,-156,131,-462,g5/117mA/117mA g5/117mA/117mA g4/117mA/117mA g4/117mA/117mA,,,,,,
93.776,HR,157,12497411,13600672,11224173,12196285,-154,144,-465,g5/117mA/117mA g5/117mA/117mA g4/117mA/117mA g4/117mA/117mA,,,,,,
93.776,HR,158,12501831,13612916,11223859,12192069,-153,157,-469,g5/117mA/117mA g5/117mA/117mA g4/117mA/117mA g4/117mA/117mA,,,,,,
93.776,HR,159,12503186,13620320,11240367,12190592,-134,179,-467,g5/117mA/117mA g5/117mA/117mA g4/117mA/117mA g4/117mA/117mA,,,,,,
93.776,HR,160,12503171,13622931,11258879,12194459,-113,202,-465,g5/117mA/117mA g5/117mA/117mA g4/117mA/117mA g4/117mA/117mA,,,,,,
93.776,HR,161,12510261,13625704,11269971,12197155,-106,213,-464,g5/117mA/117mA g5/117mA/117mA g4/117mA/117mA g4/117mA/117mA,,,,,,
93.776,HR,162,12524284,13639608,11273254,12191686,-116,207,-464,g5/117mA/117mA g5/117mA/117mA g4/117mA/117mA g4/117mA/117mA,,,,,,
93.777,HRV,129,12469138,13506094,11269458,12350795,-214,166,-446,g5/117mA/117mA g5/117mA/117mA g4/117mA/117mA g4/117mA/117mA,,,,,,
93.777,HRV,130,12467365,13509098,11269491,12356740,-192,165,-458,g5/117mA/117mA g5/117mA/117mA g4/117mA/117mA g4/117mA/117mA,,,,,,
93.777,HRV,131,12467278,13513049,11271496,12363292,-170,164,-470,g5/117mA/117mA g5/117mA/117mA g4/117mA/117mA g4/117mA/117mA,,,,,,
93.777,HRV,132,12468772,13516682,11273477,12370066,-157,162,-475,g5/117mA/117mA g5/117mA/117mA g4/117mA/117mA g4/117mA/117mA,,,,,,
93.777,HRV,133,12469917,13520598,11277035,12376532,-152,158,-474,g5/117mA/117mA g5/117mA/117mA g4/117mA/117mA g4/117mA/117mA,,,,,,
93.835,HRV,134,12465889,13529710,11276248,12382437,-146,156,-472,g5/117mA/117mA g5/117mA/117mA g4/117mA/117mA g4/117mA/117mA,,,,,,
93.835,HRV,135,12474787,13543523,11280345,12387649,-133,163,-470,g5/117mA/117mA g5/117mA/117mA g4/117mA/117mA g4/117mA/117mA,,,,,,
93.835,HRV,136,12481279,13550731,11283780,12393877,-120,169,-468,g5/117mA/117mA g5/117mA/117mA g4/117mA/117mA g4/117mA/117mA,,,,,,
93.835,HRV,137,12472330,13550945,11279584,12393893,-125,176,-463,g5/117mA/117mA g5/117mA/117mA g4/117mA/117mA g4/117mA/117mA,,,,,,
93.835,HRV,138,12461802,13543207,11269772,12385140,-138,182,-456,g5/117mA/117mA g5/117mA/117mA g4/117mA/117mA g4/117mA/117mA,,,,,,
93.835,HRV,139,12451805,13528318,11264526,12375637,-149,185,-452,g5/117mA/117mA g5/117mA/117mA g4/117mA/117mA g4/117mA/117mA,,,,,,
93.896,HRV,140,12439443,13517382,11260773,12362720,-158,175,-454,g5/117mA/117mA g5/117mA/117mA g4/117mA/117mA g4/117mA/117mA,,,,,,
93.896,HRV,141,12436389,13503639,11264952,12343884,-167,165,-455,g5/117mA/117mA g5/117mA/117mA g4/117mA/117mA g4/117mA/117mA,,,,,,
93.896,HRV,142,12437692,13492233,11270269,12325935,-181,152,-459,g5/117mA/117mA g5/117mA/117mA g4/117mA/117mA g4/117mA/117mA,,,,,,
93.896,HRV,143,12448356,13502085,11274875,12301339,-196,138,-463,g5/117mA/117mA g5/117mA/117mA g4/117mA/117mA g4/117mA/117mA,,,,,,
93.896,HRV,144,12460353,13516247,11272690,12291723,-199,126,-468,g5/117mA/117mA g5/117mA/117mA g4/117mA/117mA g4/117mA/117mA,,,,,,
93.897,HRV,145,12472363,13530273,11264459,12282177,-185,115,-474,g5/117mA/117mA g5/117mA/117mA g4/117mA/117mA g4/117mA/117mA,,,,,,
93.897,HRV,146,12483694,13534257,11256276,12266837,-172,104,-481,g5/117mA/117mA g5/117mA/117mA g4/117mA/117mA g4/117mA/117mA,,,,,,
93.897,HRV,147,12493777,13550748,11229616,12254408,-149,120,-476,g5/117mA/117mA g5/117mA/117mA g4/117mA/117mA g4/117mA/117mA,1041,0,0,0,30,1
93.897,HRV,148,12499374,13568049,11207298,12242123,-127,136,-471,g5/117mA/117mA g5/117mA/117mA g4/117mA/117mA g4/117mA/117mA,,,,,,
93.897,HRV,149,12503119,13579626,11189145,12229282,-114,161,-467,g5/117mA/117mA g5/117mA/117mA g4/117mA/117mA g4/117mA/117mA,,,,,,
93.956,HRV,150,12502617,13590759,11181892,12222569,-109,193,-462,g5/117mA/117mA g5/117mA/117mA g4/117mA/117mA g4/117mA/117mA,,,,,,
93.956,HRV,151,12501950,13600349,11170324,12213986,-108,218,-457,g5/117mA/117mA g5/117mA/117mA g4/117mA/117mA g4/117mA/117mA,,,,,,
93.956,HRV,152,12494356,13601271,11210575,12212263,-134,210,-454,g5/117mA/117mA g5/117mA/117mA g4/117mA/117mA g4/117mA/117mA,,,,,,
93.956,HRV,153,12493520,13596399,11240170,12206470,-159,201,-451,g5/117mA/117mA g5/117mA/117mA g4/117mA/117mA g4/117mA/117mA,,,,,,
93.956,HRV,154,12493309,13589847,11252293,12202291,-164,178,-453,g5/117mA/117mA g5/117mA/117mA g4/117mA/117mA g4/117mA/117mA,,,,,,
94.016,HRV,155,12496805,13588140,11253136,12198741,-159,148,-458,g5/117mA/117mA g5/117mA/117mA g4/117mA/117mA g4/117mA/117mA,,,,,,
94.016,HRV,156,12499921,13593609,11231119,12194090,-156,131,-462,g5/117mA/117mA g5/117mA/117mA g4/117mA/117mA g4/117mA/117mA,,,,,,
94.016,HRV,157,12497411,13600672,11224173,12196285,-154,144,-465,g5/117mA/117mA g5/117mA/117mA g4/117mA/117mA g4/117mA/117mA,,,,,,
94.016,HRV,158,12501831,13612916,11223859,12192069,-153,157,-469,g5/117mA/117mA g5/117mA/117mA g4/117mA/117mA g4/117mA/117mA,,,,,,
94.016,HRV,159,12503186,13620320,11240367,12190592,-134,179,-467,g5/117mA/117mA g5/117mA/117mA g4/117mA/117mA g4/117mA/117mA,,,,,,
94.016,HRV,160,12503171,13622931,11258879,12194459,-113,202,-465,g5/117mA/117mA g5/117mA/117mA g4/117mA/117mA g4/117mA/117mA,,,,,,
94.016,HRV,161,12510261,13625704,11269971,12197155,-106,213,-464,g5/117mA/117mA g5/117mA/117mA g4/117mA/117mA g4/117mA/117mA,,,,,,
94.017,HRV,162,12524284,13639608,11273254,12191686,-116,207,-464,g5/117mA/117mA g5/117mA/117mA g4/117mA/117mA g4/117mA/117mA,,,,,,
94.702,HR,163,12539486,13655742,11282272,12186901,-160,195,-450,g5/117mA/117mA g5/117mA/117mA g4/117mA/117mA g4/117mA/117mA,,,,,,
94.702,HR,164,12546459,13653055,11285334,12172159,-137,198,-456,g5/117mA/117mA g5/117mA/117mA g4/117mA/117mA g4/117mA/117mA,,,,,,
94.702,HR,165,12522485,13638279,11255065,12144696,-130,196,-458,g5/117mA/117mA g5/117mA/117mA g4/117mA/117mA g4/117mA/117mA,,,,,,
94.702,HR,166,12495704,13618426,11240733,12129407,-138,189,-455,g5/117mA/117mA g5/117mA/117mA g4/117mA/117mA g4/117mA/117mA,,,,,,
94.702,HR,167,12496004,13608087,11238864,12117677,-165,176,-453,g5/117mA/117mA g5/117mA/117mA g4/117mA/117mA g4/117mA/117mA,,,,,,
94.796,HR,168,12492643,13599163,11239069,12112661,-162,164,-461,g5/117mA/117mA g5/117mA/117mA g4/117mA/117mA g4/117mA/117mA,,,,,,
94.796,HR,169,12486621,13592286,11234428,12104120,-137,155,-477,g5/117mA/117mA g5/117mA/117mA g4/117mA/117mA g4/117mA/117mA,,,,,,
94.796,HR,170,12479437,13584591,11229343,12101903,-107,167,-480,g5/117mA/117mA g5/117mA/117mA g4/117mA/117mA g4/117mA/117mA,,,,,,
94.796,HR,171,12474478,13590708,11223841,12101239,-103,199,-461,g5/117mA/117mA g5/117mA/117mA g4/117mA/117mA g4/117mA/117mA,,,,,,
94.796,HR,172,12470632,13591971,11218124,12093415,-120,236,-433,g5/117mA/117mA g5/117mA/117mA g4/117mA/117mA g4/117mA/117mA,58,100,0,1,0,0
94.797,HR,173,12463219,13587817,11220719,12090489,-161,213,-441,g5/117mA/117mA g5/117mA/117mA g4/117mA/117mA g4/117mA/117mA,,,,,,
94.797,HR,174,12461690,13587278,11216888,12083903,-171,179,-460,g5/117mA/117mA g5/117mA/117mA g4/117mA/117mA g4/117mA/117mA,,,,,,
94.797,HR,175,12458150,13589292,11212725,12079833,-153,160,-473,g5/117mA/117mA g5/117mA/117mA g4/117mA/117mA g4/117mA/117mA,,,,,,
94.797,HR,176,12458056,13590230,11209106,12076112,-89,235,-439,g5/117mA/117mA g5/117mA/117mA g4/117mA/117mA g4/117mA/117mA,,,,,,
94.797,HR,177,12462527,13598582,11173838,12071140,-102,220,-453,g5/117mA/117mA g5/117mA/117mA g4/117mA/117mA g4/117mA/117mA,,,,,,
94.855,HR,178,12463474,13612950,11111620,12070457,-141,174,-481,g5/117mA/117mA g5/117mA/117mA g4/117mA/117mA g4/117mA/117mA,,,,,,
94.855,HR,179,12460463,13628732,11114719,12074407,-149,159,-483,g5/117mA/117mA g5/117mA/117mA g4/117mA/117mA g4/117mA/117mA,,,,,,
94.855,HR,180,12466051,13646043,11116765,12074678,-132,117,-515,g5/117mA/117mA g5/117mA/117mA g4/117mA/117mA g4/117mA/117mA,,,,,,
94.855,HR,181,12470019,13653619,11104924,12074271,-141,113,-524,g5/117mA/117mA g5/117mA/117mA g4/117mA/117mA g4/117mA/117mA,,,,,,
94.855,HR,182,12462289,13654206,11155760,12076258,-248,237,-440,g5/117mA/117mA g5/117mA/117mA g4/117mA/117mA g4/117mA/117mA,,,,,,
94.855,HR,183,12467305,13657013,11174957,12073638,-162,167,-475,g5/117mA/117mA g5/117mA/117mA g4/117mA/117mA g4/117mA/117mA,,,,,,
94.856,HR,184,12470368,13660134,11185092,12068588,-93,105,-508,g5/117mA/117mA g5/117mA/117mA g4/117mA/117mA g4/117mA/117mA,,,,,,
94.856,HR,185,12468475,13660537,11192300,12074313,-185,184,-460,g5/117mA/117mA g5/117mA/117mA g4/117mA/117mA g4/117mA/117mA,,,,,,
94.856,HR,186,12457443,13677990,11187054,12081580,-80,252,-451,g5/117mA/117mA g5/117mA/117mA g4/117mA/117mA g4/117mA/117mA,,,,,,
94.856,HR,187,12466920,13692639,11203239,12084558,-24,282,-455,g5/117mA/117mA g5/117mA/117mA g4/117mA/117mA g4/117mA/117mA,,,,,,
94.856,HR,188,12474768,13684919,11219115,12072249,-135,246,-470,g5/117mA/117mA g5/117mA/117mA g4/117mA/117mA g4/117mA/117mA,,,,,,
94.916,HR,189,12472704,13680833,11206251,12073145,-164,227,-454,g5/117mA/117mA g5/117mA/117mA g4/117mA/117mA g4/117mA/117mA,,,,,,
94.916,HR,190,12453502,13689654,11199877,12091162,-161,221,-444,g5/117mA/117mA g5/117mA/117mA g4/117mA/117mA g4/117mA/117mA,,,,,,
94.916,HR,191,12460402,13691497,11203852,12108556,-127,229,-447,g5/117mA/117mA g5/117mA/117mA g4/117mA/117mA g4/117mA/117mA,,,,,,
94.916,HR,192,12460760,13665860,11217578,12121269,-117,230,-441,g5/117mA/117mA g5/117mA/117mA g4/117mA/117mA g4/117mA/117mA,,,,,,
94.916,HR,193,12443698,13623101,11220087,12124989,-114,232,-440,g5/117mA/117mA g5/117mA/117mA g4/117mA/117mA g4/117mA/117mA,,,,,,
94.916,HR,194,12410026,13611012,11202452,12129887,-118,236,-445,g5/117mA/117mA g5/117mA/117mA g4/117mA/117mA g4/117mA/117mA,,,,,,
94.916,HR,195,12390533,13613272,11189706,12142409,-128,232,-446,g5/117mA/117mA g5/117mA/117mA g4/117mA/117mA g4/117mA/117mA,,,,,,
94.916,HR,196,12386086,13611284,11187959,12162970,-114,230,-448,g5/117mA/117mA g5/117mA/117mA g4/117mA/117mA g4/117mA/117mA,,,,,,
95.035,HRV,163,12539486,13655742,11282272,12186901,-160,195,-450,g5/117mA/117mA g5/117mA/117mA g4/117mA/117mA g4/117mA/117mA,,,,,,
95.035,HRV,164,12546459,13653055,11285334,12172159,-137,198,-456,g5/117mA/117mA g5/117mA/117mA g4/117mA/117mA g4/117mA/117mA,,,,,,
95.035,HRV,165,12522485,13638279,11255065,12144696,-130,196,-458,g5/117mA/117mA g5/117mA/117mA g4/117mA/117mA g4/117mA/117mA,,,,,,
95.035,HRV,166,12495704,13618426,11240733,12129407,-138,189,-455,g5/117mA/117mA g5/117mA/117mA g4/117mA/117mA g4/117mA/117mA,,,,,,
95.035,HRV,167,12496004,13608087,11238864,12117677,-165,176,-453,g5/117mA/117mA g5/117mA/117mA g4/117mA/117mA g4/117mA/117mA,,,,,,
95.065,HRV,168,12492643,13599163,11239069,12112661,-162,164,-461,g5/117mA/117mA g5/117mA/117mA g4/117mA/117mA g4/117mA/117mA,,,,,,
95.065,HRV,169,12486621,13592286,11234428,12104120,-137,155,-477,g5/117mA/117mA g5/117mA/117mA g4/117mA/117mA g4/117mA/117mA,,,,,,
95.065,HRV,170,12479437,13584591,11229343,12101903,-107,167,-480,g5/117mA/117mA g5/117mA/117mA g4/117mA/117mA g4/117mA/117mA,,,,,,
95.065,HRV,171,12474478,13590708,11223841,12101239,-103,199,-461,g5/117mA/117mA g5/117mA/117mA g4/117mA/117mA g4/117mA/117mA,,,,,,
95.065,HRV,172,12470632,13591971,11218124,12093415,-120,236,-433,g5/117mA/117mA g5/117mA/117mA g4/117mA/117mA g4/117mA/117mA,1037,0,0,0,30,1
95.098,HRV,173,12463219,13587817,11220719,12090489,-161,213,-441,g5/117mA/117mA g5/117mA/117mA g4/117mA/117mA g4/117mA/117mA,,,,,,
95.098,HRV,174,12461690,13587278,11216888,12083903,-171,179,-460,g5/117mA/117mA g5/117mA/117mA g4/117mA/117mA g4/117mA/117mA,,,,,,
95.098,HRV,175,12458150,13589292,11212725,12079833,-153,160,-473,g5/117mA/117mA g5/117mA/117mA g4/117mA/117mA g4/117mA/117mA,,,,,,
95.098,HRV,176,12458056,13590230,11209106,12076112,-89,235,-439,g5/117mA/117mA g5/117mA/117mA g4/117mA/117mA g4/117mA/117mA,,,,,,
95.098,HRV,177,12462527,13598582,11173838,12071140,-102,220,-453,g5/117mA/117mA g5/117mA/117mA g4/117mA/117mA g4/117mA/117mA,,,,,,
95.183,HRV,178,12463474,13612950,11111620,12070457,-141,174,-481,g5/117mA/117mA g5/117mA/117mA g4/117mA/117mA g4/117mA/117mA,,,,,,
95.183,HRV,179,12460463,13628732,11114719,12074407,-149,159,-483,g5/117mA/117mA g5/117mA/117mA g4/117mA/117mA g4/117mA/117mA,,,,,,
95.183,HRV,180,12466051,13646043,11116765,12074678,-132,117,-515,g5/117mA/117mA g5/117mA/117mA g4/117mA/117mA g4/117mA/117mA,,,,,,
95.183,HRV,181,12470019,13653619,11104924,12074271,-141,113,-524,g5/117mA/117mA g5/117mA/117mA g4/117mA/117mA g4/117mA/117mA,,,,,,
95.183,HRV,182,12462289,13654206,11155760,12076258,-248,237,-440,g5/117mA/117mA g5/117mA/117mA g4/117mA/117mA g4/117mA/117mA,,,,,,
95.183,HRV,183,12467305,13657013,11174957,12073638,-162,167,-475,g5/117mA/117mA g5/117mA/117mA g4/117mA/117mA g4/117mA/117mA,,,,,,
95.22,HRV,184,12470368,13660134,11185092,12068588,-93,105,-508,g5/117mA/117mA g5/117mA/117mA g4/117mA/117mA g4/117mA/117mA,,,,,,
95.22,HRV,185,12468475,13660537,11192300,12074313,-185,184,-460,g5/117mA/117mA g5/117mA/117mA g4/117mA/117mA g4/117mA/117mA,,,,,,
95.22,HRV,186,12457443,13677990,11187054,12081580,-80,252,-451,g5/117mA/117mA g5/117mA/117mA g4/117mA/117mA g4/117mA/117mA,,,,,,
95.22,HRV,187,12466920,13692639,11203239,12084558,-24,282,-455,g5/117mA/117mA g5/117mA/117mA g4/117mA/117mA g4/117mA/117mA,,,,,,
95.22,HRV,188,12474768,13684919,11219115,12072249,-135,246,-470,g5/117mA/117mA g5/117mA/117mA g4/117mA/117mA g4/117mA/117mA,,,,,,
95.242,HRV,189,12472704,13680833,11206251,12073145,-164,227,-454,g5/117mA/117mA g5/117mA/117mA g4/117mA/117mA g4/117mA/117mA,,,,,,
95.242,HRV,190,12453502,13689654,11199877,12091162,-161,221,-444,g5/117mA/117mA g5/117mA/117mA g4/117mA/117mA g4/117mA/117mA,,,,,,
95.242,HRV,191,12460402,13691497,11203852,12108556,-127,229,-447,g5/117mA/117mA g5/117mA/117mA g4/117mA/117mA g4/117mA/117mA,,,,,,
95.242,HRV,192,12460760,13665860,11217578,12121269,-117,230,-441,g5/117mA/117mA g5/117mA/117mA g4/117mA/117mA g4/117mA/117mA,,,,,,
95.242,HRV,193,12443698,13623101,11220087,12124989,-114,232,-440,g5/117mA/117mA g5/117mA/117mA g4/117mA/117mA g4/117mA/117mA,,,,,,
95.242,HRV,194,12410026,13611012,11202452,12129887,-118,236,-445,g5/117mA/117mA g5/117mA/117mA g4/117mA/117mA g4/117mA/117mA,,,,,,
95.273,HRV,195,12390533,13613272,11189706,12142409,-128,232,-446,g5/117mA/117mA g5/117mA/117mA g4/117mA/117mA g4/117mA/117mA,,,,,,
95.273,HRV,196,12386086,13611284,11187959,12162970,-114,230,-448,g5/117mA/117mA g5/117mA/117mA g4/117mA/117mA g4/117mA/117mA,,,,,,
96.419,HR,197,12396964,13609417,11199647,12179434,-116,165,-472,g5/117mA/117mA g5/117mA/117mA g4/117mA/117mA g4/117mA/117mA,58,100,0,1,0,0
96.419,HR,198,12409122,13604946,11208299,12200958,-107,167,-472,g5/117mA/117mA g5/117mA/117mA g4/117mA/117mA g4/117mA/117mA,,,,,,
96.419,HR,199,12414786,13596380,11211573,12223942,-110,164,-473,g5/117mA/117mA g5/117mA/117mA g4/117mA/117mA g4/117mA/117mA,,,,,,
96.419,HR,200,12427318,13587807,11219123,12244528,-122,155,-474,g5/117mA/117mA g5/117mA/117mA g4/117mA/117mA g4/117mA/117mA,,,,,,
96.42,HR,201,12443153,13581555,11228799,12260729,-108,148,-474,g5/117mA/117mA g5/117mA/117mA g4/117mA/117mA g4/117mA/117mA,,,,,,
96.42,HR,202,12453518,13584029,11231876,12276186,-104,154,-474,g5/117mA/117mA g5/117mA/117mA g4/117mA/117mA g4/117mA/117mA,,,,,,
96.42,HR,203,12464566,13590479,11233653,12293131,-108,166,-475,g5/117mA/117mA g5/117mA/117mA g4/117mA/117mA g4/117mA/117mA,,,,,,
96.42,HR,204,12482277,13602942,11238089,12308129,-118,154,-475,g5/117mA/117mA g5/117mA/117mA g4/117mA/117mA g4/117mA/117mA,,,,,,
96.42,HR,205,12498129,13620219,11238796,12321379,-114,154,-474,g5/117mA/117mA g5/117mA/117mA g4/117mA/117mA g4/117mA/117mA,,,,,,
96.42,HR,206,12517485,13640368,11240076,12333748,-105,162,-474,g5/117mA/117mA g5/117mA/117mA g4/117mA/117mA g4/117mA/117mA,,,,,,
96.475,HR,207,12539010,13660042,11243711,12345077,-108,162,-476,g5/117mA/117mA g5/117mA/117mA g4/117mA/117mA g4/117mA/117mA,,,,,,
96.475,HR,208,12556380,13673102,11247857,12357184,-108,162,-476,g5/117mA/117mA g5/117mA/117mA g4/117mA/117mA g4/117mA/117mA,,,,,,
96.475,HR,209,12574467,13689082,11251943,12367830,-105,162,-474,g5/117mA/117mA g5/117mA/117mA g4/117mA/117mA g4/117mA/117mA,,,,,,
96.475,HR,210,12591622,13704942,11255030,12377829,-101,163,-474,g5/117mA/117mA g5/117mA/117mA g4/117mA/117mA g4/117mA/117mA,,,,,,
96.475,HR,211,12603183,13715521,11256951,12387536,-101,163,-474,g5/117mA/117mA g5/117mA/117mA g4/117mA/117mA g4/117mA/117mA,,,,,,
96.547,HR,212,12620825,13726978,11262061,12396205,-103,163,-475,g5/117mA/117mA g5/117mA/117mA g4/117mA/117mA g4/117mA/117mA,,,,,,
96.547,HR,213,12632922,13737473,11265626,12405419,-102,163,-475,g5/117mA/117mA g5/117mA/117mA g4/117mA/117mA g4/117mA/117mA,,,,,,
96.547,HR,214,12644020,13747403,11268451,12414693,-101,165,-475,g5/117mA/117mA g5/117mA/117mA g4/117mA/117mA g4/117mA/117mA,,,,,,
96.547,HR,215,12656033,13754559,11273586,12423274,-100,166,-475,g5/117mA/117mA g5/117mA/117mA g4/117mA/117mA g4/117mA/117mA,,,,,,
96.547,HR,216,12666109,13760660,11279158,12431559,-100,166,-475,g5/117mA/117mA g5/117mA/117mA g4/117mA/117mA g4/117mA/117mA,,,,,,
96.547,HR,217,12677276,13766453,11285377,12439853,-97,166,-475,g5/117mA/117mA g5/117mA/117mA g4/117mA/117mA g4/117mA/117mA,,,,,,
96.566,HR,218,12678460,13769880,11290027,12447990,-96,166,-475,g5/117mA/117mA g5/117mA/117mA g4/117mA/117mA g4/117mA/117mA,,,,,,
96.566,HR,219,12649907,13761607,11285129,12446599,-102,166,-476,g5/117mA/117mA g5/117mA/117mA g4/117mA/117mA g4/117mA/117mA,,,,,,
96.566,HR,220,12639115,13752743,11281837,12444150,-100,167,-475,g5/117mA/117mA g5/117mA/117mA g4/117mA/117mA g4/117mA/117mA,,,,,,
96.566,HR,221,12635924,13747742,11281426,12444587,-98,168,-474,g5/117mA/117mA g5/117mA/117mA g4/117mA/117mA g4/117mA/117mA,,,,,,
96.566,HR,222,12638884,13748920,11282894,12448374,-98,167,-474,g5/117mA/117mA g5/117mA/117mA g4/117mA/117mA g4/117mA/117mA,58,100,0,1,0,0
96.623,HR,223,12644652,13751198,11286238,12452863,-99,167,-475,g5/117mA/117mA g5/117mA/117mA g4/117mA/117mA g4/117mA/117mA,,,,,,
96.623,HR,224,12648919,13753382,11289115,12458185,-98,168,-474,g5/117mA/117mA g5/117mA/117mA g4/117mA/117mA g4/117mA/117mA,,,,,,
96.623,HR,225,12657219,13757639,11293517,12463859,-96,169,-474,g5/117mA/117mA g5/117mA/117mA g4/117mA/117mA g4/117mA/117mA,,,,,,
96.623,HR,226,12661758,13760344,11296620,12469275,-96,170,-474,g5/117mA/117mA g5/117mA/117mA g4/117mA/117mA g4/117mA/117mA,,,,,,
96.623,HR,227,12665357,13762938,11299735,12474541,-96,169,-474,g5/117mA/117mA g5/117mA/117mA g4/117mA/117mA g4/117mA/117mA,,,,,,
96.623,HR,228,12669949,13763712,11303104,12478669,-96,169,-474,g5/117mA/117mA g5/117mA/117mA g4/117mA/117mA g4/117mA/117mA,,,,,,
96.654,HR,229,12674972,13767228,11305886,12483361,-91,170,-474,g5/117mA/117mA g5/117mA/117mA g4/117mA/117mA g4/117mA/117mA,,,,,,
96.654,HR,230,12680288,13770811,11308342,12488599,-84,190,-466,g5/117mA/117mA g5/117mA/117mA g4/117mA/117mA g4/117mA/117mA,,,,,,
96.657,HRV,197,12396964,13609417,11199647,12179434,-116,165,-472,g5/117mA/117mA g5/117mA/117mA g4/117mA/117mA g4/117mA/117mA,1083,0,0,0,30,1
96.657,HRV,198,12409122,13604946,11208299,12200958,-107,167,-472,g5/117mA/117mA g5/117mA/117mA g4/117mA/117mA g4/117mA/117mA,,,,,,
96.657,HRV,199,12414786,13596380,11211573,12223942,-110,164,-473,g5/117mA/117mA g5/117mA/117mA g4/117mA/117mA g4/117mA/117mA,,,,,,
96.657,HRV,200,12427318,13587807,11219123,12244528,-122,155,-474,g5/117mA/117mA g5/117mA/117mA g4/117mA/117mA g4/117mA/117mA,,,,,,
96.833,HRV,201,12443153,13581555,11228799,12260729,-108,148,-474,g5/117mA/117mA g5/117mA/117mA g4/117mA/117mA g4/117mA/117mA,,,,,,
96.833,HRV,202,12453518,13584029,11231876,12276186,-104,154,-474,g5/117mA/117mA g5/117mA/117mA g4/117mA/117mA g4/117mA/117mA,,,,,,
96.833,HRV,203,12464566,13590479,11233653,12293131,-108,166,-475,g5/117mA/117mA g5/117mA/117mA g4/117mA/117mA g4/117mA/117mA,,,,,,
96.833,HRV,204,12482277,13602942,11238089,12308129,-118,154,-475,g5/117mA/117mA g5/117mA/117mA g4/117mA/117mA g4/117mA/117mA,,,,,,
96.833,HRV,205,12498129,13620219,11238796,12321379,-114,154,-474,g5/117mA/117mA g5/117mA/117mA g4/117mA/117mA g4/117mA/117mA,,,,,,
96.833,HRV,206,12517485,13640368,11240076,12333748,-105,162,-474,g5/117mA/117mA g5/117mA/117mA g4/117mA/117mA g4/117mA/117mA,,,,,,
96.925,HRV,207,12539010,13660042,11243711,12345077,-108,162,-476,g5/117mA/117mA g5/117mA/117mA g4/117mA/117mA g4/117mA/117mA,,,,,,
96.925,HRV,208,12556380,13673102,11247857,12357184,-108,162,-476,g5/117mA/117mA g5/117mA/117mA g4/117mA/117mA g4/117mA/117mA,,,,,,
96.925,HRV,209,12574467,13689082,11251943,12367830,-105,162,-474,g5/117mA/117mA g5/117mA/117mA g4/117mA/117mA g4/117mA/117mA,,,,,,
96.925,HRV,210,12591622,13704942,11255030,12377829,-101,163,-474,g5/117mA/117mA g5/117mA/117mA g4/117mA/117mA g4/117mA/117mA,,,,,,
96.925,HRV,211,12603183,13715521,11256951,12387536,-101,163,-474,g5/117mA/117mA g5/117mA/117mA g4/117mA/117mA g4/117mA/117mA,,,,,,
97.015,HRV,212,12620825,13726978,11262061,12396205,-103,163,-475,g5/117mA/117mA g5/117mA/117mA g4/117mA/117mA g4/117mA/117mA,,,,,,
97.015,HRV,213,12632922,13737473,11265626,12405419,-102,163,-475,g5/117mA/117mA g5/117mA/117mA g4/117mA/117mA g4/117mA/117mA,,,,,,
97.015,HRV,214,12644020,13747403,11268451,12414693,-101,165,-475,g5/117mA/117mA g5/117mA/117mA g4/117mA/117mA g4/117mA/117mA,,,,,,
97.015,HRV,215,12656033,13754559,11273586,12423274,-100,166,-475,g5/117mA/117mA g5/117mA/117mA g4/117mA/117mA g4/117mA/117mA,,,,,,
97.015,HRV,216,12666109,13760660,11279158,12431559,-100,166,-475,g5/117mA/117mA g5/117mA/117mA g4/117mA/117mA g4/117mA/117mA,,,,,,
97.016,HRV,217,12677276,13766453,11285377,12439853,-97,166,-475,g5/117mA/117mA g5/117mA/117mA g4/117mA/117mA g4/117mA/117mA,,,,,,
97.016,HRV,218,12678460,13769880,11290027,12447990,-96,166,-475,g5/117mA/117mA g5/117mA/117mA g4/117mA/117mA g4/117mA/117mA,,,,,,
97.016,HRV,219,12649907,13761607,11285129,12446599,-102,166,-476,g5/117mA/117mA g5/117mA/117mA g4/117mA/117mA g4/117mA/117mA,,,,,,
97.016,HRV,220,12639115,13752743,11281837,12444150,-100,167,-475,g5/117mA/117mA g5/117mA/117mA g4/117mA/117mA g4/117mA/117mA,,,,,,
97.016,HRV,221,12635924,13747742,11281426,12444587,-98,168,-474,g5/117mA/117mA g5/117mA/117mA g4/117mA/117mA g4/117mA/117mA,,,,,,
97.072,HRV,222,12638884,13748920,11282894,12448374,-98,167,-474,g5/117mA/117mA g5/117mA/117mA g4/117mA/117mA g4/117mA/117mA,1145,0,0,0,30,2
97.072,HRV,223,12644652,13751198,11286238,12452863,-99,167,-475,g5/117mA/117mA g5/117mA/117mA g4/117mA/117mA g4/117mA/117mA,,,,,,
97.072,HRV,224,12648919,13753382,11289115,12458185,-98,168,-474,g5/117mA/117mA g5/117mA/117mA g4/117mA/117mA g4/117mA/117mA,,,,,,
97.072,HRV,225,12657219,13757639,11293517,12463859,-96,169,-474,g5/117mA/117mA g5/117mA/117mA g4/117mA/117mA g4/117mA/117mA,,,,,,
97.072,HRV,226,12661758,13760344,11296620,12469275,-96,170,-474,g5/117mA/117mA g5/117mA/117mA g4/117mA/117mA g4/117mA/117mA,,,,,,
97.317,HRV,227,12665357,13762938,11299735,12474541,-96,169,-474,g5/117mA/117mA g5/117mA/117mA g4/117mA/117mA g4/117mA/117mA,,,,,,
97.317,HRV,228,12669949,13763712,11303104,12478669,-96,169,-474,g5/117mA/117mA g5/117mA/117mA g4/117mA/117mA g4/117mA/117mA,,,,,,
97.317,HRV,229,12674972,13767228,11305886,12483361,-91,170,-474,g5/117mA/117mA g5/117mA/117mA g4/117mA/117mA g4/117mA/117mA,,,,,,
97.317,HRV,230,12680288,13770811,11308342,12488599,-84,190,-466,g5/117mA/117mA g5/117mA/117mA g4/117mA/117mA g4/117mA/117mA,,,,,,
97.616,HR,231,12687248,13774472,11312284,12495414,-90,176,-473,g5/117mA/117mA g5/117mA/117mA g4/117mA/117mA g4/117mA/117mA,,,,,,
97.616,HR,232,12696763,13780698,11316055,12501583,-90,176,-473,g5/117mA/117mA g5/117mA/117mA g4/117mA/117mA g4/117mA/117mA,,,,,,
97.616,HR,233,12704686,13786049,11319553,12508263,-90,176,-473,g5/117mA/117mA g5/117mA/117mA g4/117mA/117mA g4/117mA/117mA,,,,,,
97.616,HR,234,12713279,13792251,11323307,12515003,-90,176,-474,g5/117mA/117mA g5/117mA/117mA g4/117mA/117mA g4/117mA/117mA,,,,,,
97.616,HR,235,12720674,13799017,11325840,12521463,-90,176,-474,g5/117mA/117mA g5/117mA/117mA g4/117mA/117mA g4/117mA/117mA,,,,,,
97.675,HR,236,12727158,13803069,11328869,12527613,-90,176,-474,g5/117mA/117mA g5/117mA/117mA g4/117mA/117mA g4/117mA/117mA,,,,,,
97.675,HR,237,12734460,13808980,11332170,12533542,-90,176,-473,g5/117mA/117mA g5/117mA/117mA g4/117mA/117mA g4/117mA/117mA,,,,,,
97.675,HR,238,12741832,13814817,11334595,12538439,-90,176,-473,g5/117mA/117mA g5/117mA/117mA g4/117mA/117mA g4/117mA/117mA,,,,,,
97.675,HR,239,12749723,13819517,11338116,12543319,-90,176,-473,g5/117mA/117mA g5/117mA/117mA g4/117mA/117mA g4/117mA/117mA,,,,,,
97.675,HR,240,12758357,13825037,11341555,12547747,-90,176,-473,g5/117mA/117mA g5/117mA/117mA g4/117mA/117mA g4/117mA/117mA,,,,,,
97.675,HR,241,12767477,13830904,11345470,12551577,-90,175,-473,g5/117mA/117mA g5/117mA/117mA g4/117mA/117mA g4/117mA/117mA,,,,,,
97.737,HR,242,12776981,13837783,11350053,12553889,-89,175,-473,g5/117mA/117mA g5/117mA/117mA g4/117mA/117mA g4/117mA/117mA,,,,,,
97.737,HR,243,12789283,13845845,11357509,12555459,-88,176,-473,g5/117mA/117mA g5/117mA/117mA g4/117mA/117mA g4/117mA/117mA,,,,,,
97.737,HR,244,12801055,13856089,11364060,12560500,-88,176,-473,g5/117mA/117mA g5/117mA/117mA g4/117mA/117mA g4/117mA/117mA,,,,,,
97.737,HR,245,12798267,13864476,11366211,12563409,-88,177,-473,g5/117mA/117mA g5/117mA/117mA g4/117mA/117mA g4/117mA/117mA,,,,,,
97.737,HR,246,12768202,13858745,11359538,12556900,-88,177,-473,g5/117mA/117mA g5/117mA/117mA g4/117mA/117mA g4/117mA/117mA,,,,,,
97.739,HR,247,12757828,13852958,11355837,12550552,-89,177,-473,g5/117mA/117mA g5/117mA/117mA g4/117mA/117mA g4/117mA/117mA,58,100,0,1,0,0
97.739,HR,248,12758126,13852073,11356689,12546986,-89,177,-473,g5/117mA/117mA g5/117mA/117mA g4/117mA/117mA g4/117mA/117mA,,,,,,
97.739,HR,249,12762314,13856388,11360528,12546681,-89,177,-473,g5/117mA/117mA g5/117mA/117mA g4/117mA/117mA g4/117mA/117mA,,,,,,
97.739,HR,250,12768654,13862693,11365801,12548257,-86,176,-473,g5/117mA/117mA g5/117mA/117mA g4/117mA/117mA g4/117mA/117mA,,,,,,
97.739,HR,251,12775606,13869775,11370919,12550014,-83,176,-473,g5/117mA/117mA g5/117mA/117mA g4/117mA/117mA g4/117mA/117mA,,,,,,
97.792,HR,252,12782440,13877547,11375851,12553256,-80,176,-473,g5/117mA/117mA g5/117mA/117mA g4/117mA/117mA g4/117mA/117mA,,,,,,
97.792,HR,253,12788013,13885021,11380159,12555202,-83,176,-473,g5/117mA/117mA g5/117mA/117mA g4/117mA/117mA g4/117mA/117mA,,,,,,
97.792,HR,254,12791997,13890515,11384109,12556780,-87,176,-473,g5/117mA/117mA g5/117mA/117mA g4/117mA/117mA g4/117mA/117mA,,,,,,
97.792,HR,255,12796679,13895497,11387292,12557608,-88,177,-473,g5/117mA/117mA g5/117mA/117mA g4/117mA/117mA g4/117mA/117mA,,,,,,
97.792,HR,0,12801986,13900674,11391274,12559007,-88,177,-473,g5/117mA/117mA g5/117mA/117mA g4/117mA/117mA g4/117mA/117mA,,,,,,
97.975,HR,1,12808223,13906673,11394585,12560816,-88,177,-473,g5/117mA/117mA g5/117mA/117mA g4/117mA/117mA g4/117mA/117mA,,,,,,
97.975,HR,2,12816183,13911868,11399099,12563683,-88,177,-472,g5/117mA/117mA g5/117mA/117mA g4/117mA/117mA g4/117mA/117mA,,,,,,
97.975,HR,3,12824832,13918769,11403866,12566804,-88,179,-472,g5/117mA/117mA g5/117mA/117mA g4/117mA/117mA g4/117mA/117mA,,,,,,
97.975,HR,4,12833143,13925584,11407996,12570115,-88,179,-472,g5/117mA/117mA g5/117mA/117mA g4/117mA/117mA g4/117mA/117mA,,,,,,
97.975,HR,5,12841751,13932207,11412697,12573756,-90,179,-472,g5/117mA/117mA g5/117mA/117mA g4/117mA/117mA g4/117mA/117mA,,,,,,
97.975,HR,6,12849828,13938041,11416307,12576769,-92,178,-472,g5/117mA/117mA g5/117mA/117mA g4/117mA/117mA g4/117mA/117mA,,,,,,
97.978,HR,7,12857174,13943970,11419941,12580044,-94,175,-472,g5/117mA/117mA g5/117mA/117mA g4/117mA/117mA g4/117mA/117mA,,,,,,
97.978,HR,8,12863711,13948952,11423431,12583286,-97,171,-473,g5/117mA/117mA g5/117mA/117mA g4/117mA/117mA g4/117mA/117mA,,,,,,
98.002,HRV,231,12687248,13774472,11312284,12495414,-90,176,-473,g5/117mA/117mA g5/117mA/117mA g4/117mA/117mA g4/117mA/117mA,,,,,,
98.002,HRV,232,12696763,13780698,11316055,12501583,-90,176,-473,g5/117mA/117mA g5/117mA/117mA g4/117mA/117mA g4/117mA/117mA,,,,,,
98.002,HRV,233,12704686,13786049,11319553,12508263,-90,176,-473,g5/117mA/117mA g5/117mA/117mA g4/117mA/117mA g4/117mA/117mA,,,,,,
98.002,HRV,234,12713279,13792251,11323307,12515003,-90,176,-474,g5/117mA/117mA g5/117mA/117mA g4/117mA/117mA g4/117mA/117mA,,,,,,
98.002,HRV,235,12720674,13799017,11325840,12521463,-90,176,-474,g5/117mA/117mA g5/117mA/117mA g4/117mA/117mA g4/117mA/117mA,,,,,,
98.038,HRV,236,12727158,13803069,11328869,12527613,-90,176,-474,g5/117mA/117mA g5/117mA/117mA g4/117mA/117mA g4/117mA/117mA,,,,,,
98.038,HRV,237,12734460,13808980,11332170,12533542,-90,176,-473,g5/117mA/117mA g5/117mA/117mA g4/117mA/117mA g4/117mA/117mA,,,,,,
98.038,HRV,238,12741832,13814817,11334595,12538439,-90,176,-473,g5/117mA/117mA g5/117mA/117mA g4/117mA/117mA g4/117mA/117mA,,,,,,
98.038,HRV,239,12749723,13819517,11338116,12543319,-90,176,-473,g5/117mA/117mA g5/117mA/117mA g4/117mA/117mA g4/117mA/117mA,,,,,,
98.038,HRV,240,12758357,13825037,11341555,12547747,-90,176,-473,g5/117mA/117mA g5/117mA/117mA g4/117mA/117mA g4/117mA/117mA,,,,,,
98.038,HRV,241,12767477,13830904,11345470,12551577,-90,175,-473,g5/117mA/117mA g5/117mA/117mA g4/117mA/117mA g4/117mA/117mA,,,,,,
98.064,HRV,247,12757103,13825117,11341769,12545229,-89,177,-473,g5/117mA/117mA g5/117mA/117mA g4/117mA/117mA g4/117mA/117mA,797,0,0,0,30,1
98.064,HRV,248,12757401,13824232,11342621,12541663,-89,177,-473,g5/117mA/117mA g5/117mA/117mA g4/117mA/117mA g4/117mA/117mA,,,,,,
98.064,HRV,249,12761589,13828547,11346460,12541358,-89,177,-473,g5/117mA/117mA g5/117mA/117mA g4/117mA/117mA g4/117mA/117mA,,,,,,
98.064,HRV,250,12767929,13834852,11351733,12542934,-86,176,-473,g5/117mA/117mA g5/117mA/117mA g4/117mA/117mA g4/117mA/117mA,,,,,,
98.064,HRV,251,12774881,13841934,11356851,12544691,-83,176,-473,g5/117mA/117mA g5/117mA/117mA g4/117mA/117mA g4/117mA/117mA,,,,,,
98.154,HRV,252,12782440,13877547,11375851,12553256,-80,176,-473,g5/117mA/117mA g5/117mA/117mA g4/117mA/117mA g4/117mA/117mA,,,,,,
98.154,HRV,253,12788013,13885021,11380159,12555202,-83,176,-473,g5/117mA/117mA g5/117mA/117mA g4/117mA/117mA g4/117mA/117mA,,,,,,
98.154,HRV,254,12791997,13890515,11384109,12556780,-87,176,-473,g5/117mA/117mA g5/117mA/117mA g4/117mA/117mA g4/117mA/117mA,,,,,,
98.154,HRV,255,12796679,13895497,11387292,12557608,-88,177,-473,g5/117mA/117mA g5/117mA/117mA g4/117mA/117mA g4/117mA/117mA,,,,,,
98.154,HRV,0,12801986,13900674,11391274,12559007,-88,177,-473,g5/117mA/117mA g5/117mA/117mA g4/117mA/117mA g4/117mA/117mA,,,,,,
98.157,HRV,1,12808223,13906673,11394585,12560816,-88,177,-473,g5/117mA/117mA g5/117mA/117mA g4/117mA/117mA g4/117mA/117mA,,,,,,
98.157,HRV,2,12816183,13911868,11399099,12563683,-88,177,-472,g5/117mA/117mA g5/117mA/117mA g4/117mA/117mA g4/117mA/117mA,,,,,,
98.157,HRV,3,12824832,13918769,11403866,12566804,-88,179,-472,g5/117mA/117mA g5/117mA/117mA g4/117mA/117mA g4/117mA/117mA,,,,,,
98.157,HRV,4,12833143,13925584,11407996,12570115,-88,179,-472,g5/117mA/117mA g5/117mA/117mA g4/117mA/117mA g4/117mA/117mA,,,,,,
98.157,HRV,5,12841751,13932207,11412697,12573756,-90,179,-472,g5/117mA/117mA g5/117mA/117mA g4/117mA/117mA g4/117mA/117mA,,,,,,
98.157,HRV,6,12849828,13938041,11416307,12576769,-92,178,-472,g5/117mA/117mA g5/117mA/117mA g4/117mA/117mA g4/117mA/117mA,,,,,,
98.158,HRV,7,12857174,13943970,11419941,12580044,-94,175,-472,g5/117mA/117mA g5/117mA/117mA g4/117mA/117mA g4/117mA/117mA,,,,,,
98.158,HRV,8,12863711,13948952,11423431,12583286,-97,171,-473,g5/117mA/117mA g5/117mA/117mA g4/117mA/117mA g4/117mA/117mA,,,,,,
99.202,HR,9,12870611,13954070,11426757,12585855,-87,179,-472,g5/117mA/117mA g5/117mA/117mA g4/117mA/117mA g4/117mA/117mA,,,,,,
99.202,HR,10,12878494,13959011,11430689,12589141,-87,179,-472,g5/117mA/117mA g5/117mA/117mA g4/117mA/117mA g4/117mA/117mA,,,,,,
99.202,HR,11,12884994,13963644,11433967,12592040,-87,179,-473,g5/117mA/117mA g5/117mA/117mA g4/117mA/117mA g4/117mA/117mA,,,,,,
99.202,HR,12,12891572,13967629,11437454,12595342,-86,179,-473,g5/117mA/117mA g5/117mA/117mA g4/117mA/117mA g4/117mA/117mA,,,,,,
99.202,HR,13,12898824,13972046,11440952,12598686,-85,178,-473,g5/117mA/117mA g5/117mA/117mA g4/117mA/117mA g4/117mA/117mA,,,,,,
99.295,HR,14,12905769,13976287,11444741,12602287,-85,178,-473,g5/117mA/117mA g5/117mA/117mA g4/117mA/117mA g4/117mA/117mA,,,,,,
99.295,HR,15,12901179,13977405,11445611,12604265,-87,180,-473,g5/117mA/117mA g5/117mA/117mA g4/117mA/117mA g4/117mA/117mA,,,,,,
99.295,HR,16,12872454,13964275,11437601,12596706,-88,181,-473,g5/117mA/117mA g5/117mA/117mA g4/117mA/117mA g4/117mA/117mA,57,99,0,1,0,0
99.295,HR,17,12857013,13948979,11430785,12588158,-87,181,-472,g5/117mA/117mA g5/117mA/117mA g4/117mA/117mA g4/117mA/117mA,,,,,,
99.295,HR,18,12851279,13939464,11427916,12583305,-86,180,-472,g5/117mA/117mA g5/117mA/117mA g4/117mA/117mA g4/117mA/117mA,,,,,,
99.297,HR,19,12851304,13934892,11428070,12581528,-86,180,-472,g5/117mA/117mA g5/117mA/117mA g4/117mA/117mA g4/117mA/117mA,,,,,,
99.297,HR,20,12853473,13931915,11429445,12581343,-87,179,-472,g5/117mA/117mA g5/117mA/117mA g4/117mA/117mA g4/117mA/117mA,,,,,,
99.297,HR,21,12856474,13930671,11431543,12582239,-86,179,-472,g5/117mA/117mA g5/117mA/117mA g4/117mA/117mA g4/117mA/117mA,,,,,,
99.297,HR,22,12860007,13930125,11433616,12583877,-86,179,-472,g5/117mA/117mA g5/117mA/117mA g4/117mA/117mA g4/117mA/117mA,,,,,,
99.297,HR,23,12860921,13928324,11435212,12584909,-86,180,-472,g5/117mA/117mA g5/117mA/117mA g4/117mA/117mA g4/117mA/117mA,,,,,,
99.297,HR,24,12860169,13924135,11436192,12584499,-86,180,-471,g5/117mA/117mA g5/117mA/117mA g4/117mA/117mA g4/117mA/117mA,,,,,,
99.355,HR,25,12860349,13920270,11437285,12584618,-86,179,-472,g5/117mA/117mA g5/117mA/117mA g4/117mA/117mA g4/117mA/117mA,,,,,,
99.355,HR,26,12861372,13918804,11438870,12584525,-86,179,-473,g5/117mA/117mA g5/117mA/117mA g4/117mA/117mA g4/117mA/117mA,,,,,,
99.355,HR,27,12863829,13917651,11441039,12585420,-86,179,-473,g5/117mA/117mA g5/117mA/117mA g4/117mA/117mA g4/117mA/117mA,,,,,,
99.355,HR,28,12867796,13918309,11444041,12587919,-86,178,-473,g5/117mA/117mA g5/117mA/117mA g4/117mA/117mA g4/117mA/117mA,,,,,,
99.355,HR,29,12874278,13920244,11447429,12590147,-86,179,-473,g5/117mA/117mA g5/117mA/117mA g4/117mA/117mA g4/117mA/117mA,,,,,,
99.355,HR,30,12880848,13922353,11451105,12593559,-86,179,-472,g5/117mA/117mA g5/117mA/117mA g4/117mA/117mA g4/117mA/117mA,,,,,,
99.416,HR,31,12886258,13925177,11454373,12596187,-86,179,-472,g5/117mA/117mA g5/117mA/117mA g4/117mA/117mA g4/117mA/117mA,,,,,,
99.416,HR,32,12891129,13927684,11457555,12599718,-85,180,-472,g5/117mA/117mA g5/117mA/117mA g4/117mA/117mA g4/117mA/117mA,,,,,,
99.416,HR,33,12894729,13929714,11460574,12602644,-85,180,-472,g5/117mA/117mA g5/117mA/117mA g4/117mA/117mA g4/117mA/117mA,,,,,,
99.416,HR,34,12899490,13931737,11463380,12605477,-85,180,-472,g5/117mA/117mA g5/117mA/117mA g4/117mA/117mA g4/117mA/117mA,,,,,,
99.416,HR,35,12903073,13934612,11466068,12607950,-85,181,-472,g5/117mA/117mA g5/117mA/117mA g4/117mA/117mA g4/117mA/117mA,,,,,,
99.416,HR,36,12907313,13936684,11469055,12611210,-85,182,-472,g5/117mA/117mA g5/117mA/117mA g4/117mA/117mA g4/117mA/117mA,,,,,,
99.535,HR,37,12912380,13939697,11472059,12614205,-85,182,-472,g5/117mA/117mA g5/117mA/117mA g4/117mA/117mA g4/117mA/117mA,,,,,,
99.535,HR,38,12917456,13942521,11475358,12617752,-85,181,-472,g5/117mA/117mA g5/117mA/117mA g4/117mA/117mA g4/117mA/117mA,,,,,,
99.535,HR,39,12922805,13945522,11478695,12620909,-85,181,-471,g5/117mA/117mA g5/117mA/117mA g4/117mA/117mA g4/117mA/117mA,,,,,,
99.535,HR,40,12929527,13949234,11482799,12623980,-85,181,-471,g5/117mA/117mA g5/117mA/117mA g4/117mA/117mA g4/117mA/117mA,,,,,,
99.535,HR,41,12919734,13949815,11481297,12624357,-85,181,-472,g5/117mA/117mA g5/117mA/117mA g4/117mA/117mA g4/117mA/117mA,57,100,0,1,0,0
99.536,HR,42,12890447,13932632,11470702,12612976,-81,197,-465,g5/117mA/117mA g5/117mA/117mA g4/117mA/117mA g4/117mA/117mA,,,,,,
99.562,HRV,9,12870611,13954070,11426757,12585855,-87,179,-472,g5/117mA/117mA g5/117mA/117mA g4/117mA/117mA g4/117mA/117mA,,,,,,
99.562,HRV,10,12878494,13959011,11430689,12589141,-87,179,-472,g5/117mA/117mA g5/117mA/117mA g4/117mA/117mA g4/117mA/117mA,,,,,,
99.562,HRV,11,12884994,13963644,11433967,12592040,-87,179,-473,g5/117mA/117mA g5/117mA/117mA g4/117mA/117mA g4/117mA/117mA,,,,,,
99.562,HRV,12,12891572,13967629,11437454,12595342,-86,179,-473,g5/117mA/117mA g5/117mA/117mA g4/117mA/117mA g4/117mA/117mA,,,,,,
99.562,HRV,13,12898824,13972046,11440952,12598686,-85,178,-473,g5/117mA/117mA g5/117mA/117mA g4/117mA/117mA g4/117mA/117mA,,,,,,
99.598,HRV,14,12905769,13976287,11444741,12602287,-85,178,-473,g5/117mA/117mA g5/117mA/117mA g4/117mA/117mA g4/117mA/117mA,,,,,,
99.598,HRV,15,12901179,13977405,11445611,12604265,-87,180,-473,g5/117mA/117mA g5/117mA/117mA g4/117mA/117mA g4/117mA/117mA,,,,,,
99.598,HRV,16,12872454,13964275,11437601,12596706,-88,181,-473,g5/117mA/117mA g5/117mA/117mA g4/117mA/117mA g4/117mA/117mA,877,877,904,0,30,3
99.598,HRV,17,12857013,13948979,11430785,12588158,-87,181,-472,g5/117mA/117mA g5/117mA/117mA g4/117mA/117mA g4/117mA/117mA,,,,,,
99.598,HRV,18,12851279,13939464,11427916,12583305,-86,180,-472,g5/117mA/117mA g5/117mA/117mA g4/117mA/117mA g4/117mA/117mA,,,,,,
99.683,HRV,25,12851459,13935599,11429009,12583424,-86,179,-472,g5/117mA/117mA g5/117mA/117mA g4/117mA/117mA g4/117mA/117mA,,,,,,
99.683,HRV,26,12852482,13934133,11430594,12583331,-86,179,-473,g5/117mA/117mA g5/117mA/117mA g4/117mA/117mA g4/117mA/117mA,,,,,,
99.683,HRV,27,12854939,13932980,11432763,12584226,-86,179,-473,g5/117mA/117mA g5/117mA/117mA g4/117mA/117mA g4/117mA/117mA,,,,,,
99.683,HRV,28,12858906,13933638,11435765,12586725,-86,178,-473,g5/117mA/117mA g5/117mA/117mA g4/117mA/117mA g4/117mA/117mA,,,,,,
99.683,HRV,29,12865388,13935573,11439153,12588953,-86,179,-473,g5/117mA/117mA g5/117mA/117mA g4/117mA/117mA g4/117mA/117mA,,,,,,
99.683,HRV,30,12871958,13937682,11442829,12592365,-86,179,-472,g5/117mA/117mA g5/117mA/117mA g4/117mA/117mA g4/117mA/117mA,,,,,,
100.135,HRV,31,12886258,13925177,11454373,12596187,-86,179,-472,g5/117mA/117mA g5/117mA/117mA g4/117mA/117mA g4/117mA/117mA,,,,,,
100.135,HRV,32,12891129,13927684,11457555,12599718,-85,180,-472,g5/117mA/117mA g5/117mA/117mA g4/117mA/117mA g4/117mA/117mA,,,,,,
100.135,HRV,33,12894729,13929714,11460574,12602644,-85,180,-472,g5/117mA/117mA g5/117mA/117mA g4/117mA/117mA g4/117mA/117mA,,,,,,
100.135,HRV,34,12899490,13931737,11463380,12605477,-85,180,-472,g5/117mA/117mA g5/117mA/117mA g4/117mA/117mA g4/117mA/117mA,,,,,,
100.135,HRV,35,12903073,13934612,11466068,12607950,-85,181,-472,g5/117mA/117mA g5/117mA/117mA g4/117mA/117mA g4/117mA/117mA,,,,,,
100.135,HRV,36,12907313,13936684,11469055,12611210,-85,182,-472,g5/117mA/117mA g5/117mA/117mA g4/117mA/117mA g4/117mA/117mA,,,,,,
100.138,HRV,37,12912380,13939697,11472059,12614205,-85,182,-472,g5/117mA/117mA g5/117mA/117mA g4/117mA/117mA g4/117mA/117mA,,,,,,
100.138,HRV,38,12917456,13942521,11475358,12617752,-85,181,-472,g5/117mA/117mA g5/117mA/117mA g4/117mA/117mA g4/117mA/117mA,,,,,,
100.138,HRV,39,12922805,13945522,11478695,12620909,-85,181,-471,g5/117mA/117mA g5/117mA/117mA g4/117mA/117mA g4/117mA/117mA,,,,,,
100.138,HRV,40,12929527,13949234,11482799,12623980,-85,181,-471,g5/117mA/117mA g5/117mA/117mA g4/117mA/117mA g4/117mA/117mA,,,,,,
100.138,HRV,41,12919734,13949815,11481297,12624357,-85,181,-472,g5/117mA/117mA g5/117mA/117mA g4/117mA/117mA g4/117mA/117mA,1040,0,0,0,30,1
100.139,HRV,42,12890447,13932632,11470702,12612976,-81,197,-465,g5/117mA/117mA g5/117mA/117mA g4/117mA/117mA g4/117mA/117mA,,,,,,
100.462,HR,43,12872463,13912713,11462314,12600845,-85,187,-470,g5/117mA/117mA g5/117mA/117mA g4/117mA/117mA g4/117mA/117mA,,,,,,
100.462,HR,44,12863907,13899130,11457735,12592843,-87,185,-470,g5/117mA/117mA g5/117mA/117mA g4/117mA/117mA g4/117mA/117mA,,,,,,
100.462,HR,45,12860894,13890829,11456941,12588372,-89,184,-470,g5/117mA/117mA g5/117mA/117mA g4/117mA/117mA g4/117mA/117mA,,,,,,
100.462,HR,46,12860655,13885232,11456779,12585642,-90,183,-470,g5/117mA/117mA g5/117mA/117mA g4/117mA/117mA g4/117mA/117mA,,,,,,
100.462,HR,47,12860417,13881120,11456914,12583422,-89,183,-470,g5/117mA/117mA g5/117mA/117mA g4/117mA/117mA g4/117mA/117mA,,,,,,
100.496,HR,48,12861483,13877145,11457512,12582460,-88,183,-470,g5/117mA/117mA g5/117mA/117mA g4/117mA/117mA g4/117mA/117mA,,,,,,
100.496,HR,49,12861174,13873212,11458168,12581257,-88,183,-470,g5/117mA/117mA g5/117mA/117mA g4/117mA/117mA g4/117mA/117mA,,,,,,
100.496,HR,50,12859121,13868265,11457633,12579099,-89,183,-471,g5/117mA/117mA g5/117mA/117mA g4/117mA/117mA g4/117mA/117mA,,,,,,
100.496,HR,51,12857423,13862890,11456796,12576018,-90,183,-471,g5/117mA/117mA g5/117mA/117mA g4/117mA/117mA g4/117mA/117mA,,,,,,
100.496,HR,52,12856090,13858829,11456387,12574252,-91,184,-470,g5/117mA/117mA g5/117mA/117mA g4/117mA/117mA g4/117mA/117mA,,,,,,
100.496,HR,53,12858045,13856627,11457452,12572827,-91,184,-470,g5/117mA/117mA g5/117mA/117mA g4/117mA/117mA g4/117mA/117mA,,,,,,
100.521,HR,54,12861370,13856235,11458826,12572170,-90,183,-471,g5/117mA/117mA g5/117mA/117mA g4/117mA/117mA g4/117mA/117mA,,,,,,
100.521,HR,55,12866125,13857522,11461651,12573364,-89,182,-471,g5/117mA/117mA g5/117mA/117mA g4/117mA/117mA g4/117mA/117mA,,,,,,
100.521,HR,56,12871875,13860075,11464200,12574885,-88,182,-472,g5/117mA/117mA g5/117mA/117mA g4/117mA/117mA g4/117mA/117mA,,,,,,
100.521,HR,57,12876480,13862300,11466145,12576974,-88,182,-472,g5/117mA/117mA g5/117mA/117mA g4/117mA/117mA g4/117mA/117mA,,,,,,
100.521,HR,58,12879203,13862967,11468339,12578518,-88,183,-471,g5/117mA/117mA g5/117mA/117mA g4/117mA/117mA g4/117mA/117mA,,,,,,
100.521,HR,59,12883544,13864510,11471027,12579174,-90,183,-471,g5/117mA/117mA g5/117mA/117mA g4/117mA/117mA g4/117mA/117mA,,,,,,
100.617,HR,60,12886651,13866984,11472578,12580277,-91,183,-471,g5/117mA/117mA g5/117mA/117mA g4/117mA/117mA g4/117mA/117mA,,,,,,
100.617,HR,61,12890405,13867923,11476179,12582059,-90,183,-471,g5/117mA/117mA g5/117mA/117mA g4/117mA/117mA g4/117mA/117mA,,,,,,
100.617,HR,62,12895215,13871642,11478961,12584705,-88,182,-471,g5/117mA/117mA g5/117mA/117mA g4/117mA/117mA g4/117mA/117mA,,,,,,
100.617,HR,63,12900572,13875020,11481307,12587297,-87,182,-471,g5/117mA/117mA g5/117mA/117mA g4/117mA/117mA g4/117mA/117mA,,,,,,
100.617,HR,64,12906118,13879244,11483864,12590625,-87,182,-471,g5/117mA/117mA g5/117mA/117mA g4/117mA/117mA g4/117mA/117mA,,,,,,
100.617,HR,65,12913097,13884260,11486722,12594540,-87,182,-470,g5/117mA/117mA g5/117mA/117mA g4/117mA/117mA g4/117mA/117mA,,,,,,
100.618,HR,66,12922062,13890480,11489470,12598517,-88,182,-470,g5/117mA/117mA g5/117mA/117mA g4/117mA/117mA g4/117mA/117mA,57,100,0,1,0,0
100.618,HR,67,12925518,13896255,11490826,12601647,-90,182,-470,g5/117mA/117mA g5/117mA/117mA g4/117mA/117mA g4/117mA/117mA,,,,,,
100.618,HR,68,12900479,13886324,11480374,12593490,-89,183,-470,g5/117mA/117mA g5/117mA/117mA g4/117mA/117mA g4/117mA/117mA,,,,,,
100.618,HR,69,12876489,13865124,11466769,12578221,-87,183,-471,g5/117mA/117mA g5/117mA/117mA g4/117mA/117mA g4/117mA/117mA,,,,,,
100.618,HR,70,12863701,13846885,11457615,12565781,-85,183,-471,g5/117mA/117mA g5/117mA/117mA g4/117mA/117mA g4/117mA/117mA,,,,,,
100.706,HR,71,12860417,13836767,11453135,12558076,-83,183,-471,g5/117mA/117mA g5/117mA/117mA g4/117mA/117mA g4/117mA/117mA,,,,,,
100.706,HR,72,12861765,13832766,11450994,12553146,-81,183,-471,g5/117mA/117mA g5/117mA/117mA g4/117mA/117mA g4/117mA/117mA,,,,,,
100.706,HR,73,12863332,13829250,11449671,12548761,-81,184,-470,g5/117mA/117mA g5/117mA/117mA g4/117mA/117mA g4/117mA/117mA,,,,,,
100.706,HR,74,12867019,13827732,11449184,12545238,-81,184,-470,g5/117mA/117mA g5/117mA/117mA g4/117mA/117mA g4/117mA/117mA,,,,,,
100.706,HR,75,12870781,13826803,11448853,12543335,-82,183,-470,g5/117mA/117mA g5/117mA/117mA g4/117mA/117mA g4/117mA/117mA,,,,,,
100.706,HR,76,12871645,13824106,11447377,12541381,-84,181,-471,g5/117mA/117mA g5/117mA/117mA g4/117mA/117mA g4/117mA/117mA,,,,,,
100.792,HRV,43,12872463,13912713,11462314,12600845,-85,187,-470,g5/117mA/117mA g5/117mA/117mA g4/117mA/117mA g4/117mA/117mA,,,,,,
100.792,HRV,44,12863907,13899130,11457735,12592843,-87,185,-470,g5/117mA/117mA g5/117mA/117mA g4/117mA/117mA g4/117mA/117mA,,,,,,
100.792,HRV,45,12860894,13890829,11456941,12588372,-89,184,-470,g5/117mA/117mA g5/117mA/117mA g4/117mA/117mA g4/117mA/117mA,,,,,,
100.792,HRV,46,12860655,13885232,11456779,12585642,-90,183,-470,g5/117mA/117mA g5/117mA/117mA g4/117mA/117mA g4/117mA/117mA,,,,,,
100.792,HRV,47,12860417,13881120,11456914,12583422,-89,183,-470,g5/117mA/117mA g5/117mA/117mA g4/117mA/117mA g4/117mA/117mA,,,,,,
100.856,HRV,48,12861483,13877145,11457512,12582460,-88,183,-470,g5/117mA/117mA g5/117mA/117mA g4/117mA/117mA g4/117mA/117mA,,,,,,
100.856,HRV,49,12861174,13873212,11458168,12581257,-88,183,-470,g5/117mA/117mA g5/117mA/117mA g4/117mA/117mA g4/117mA/117mA,,,,,,
100.856,HRV,50,12859121,13868265,11457633,12579099,-89,183,-471,g5/117mA/117mA g5/117mA/117mA g4/117mA/117mA g4/117mA/117mA,,,,,,
100.856,HRV,51,12857423,13862890,11456796,12576018,-90,183,-471,g5/117mA/117mA g5/117mA/117mA g4/117mA/117mA g4/117mA/117mA,,,,,,
100.856,HRV,52,12856090,13858829,11456387,12574252,-91,184,-470,g5/117mA/117mA g5/117mA/117mA g4/117mA/117mA g4/117mA/117mA,,,,,,
100.856,HRV,53,12858045,13856627,11457452,12572827,-91,184,-470,g5/117mA/117mA g5/117mA/117mA g4/117mA/117mA g4/117mA/117mA,,,,,,
100.857,HRV,54,12861370,13856235,11458826,12572170,-90,183,-471,g5/117mA/117mA g5/117mA/117mA g4/117mA/117mA g4/117mA/117mA,,,,,,
100.857,HRV,55,12866125,13857522,11461651,12573364,-89,182,-471,g5/117mA/117mA g5/117mA/117mA g4/117mA/117mA g4/117mA/117mA,,,,,,
100.857,HRV,56,12871875,13860075,11464200,12574885,-88,182,-472,g5/117mA/117mA g5/117mA/117mA g4/117mA/117mA g4/117mA/117mA,,,,,,
100.857,HRV,57,12876480,13862300,11466145,12576974,-88,182,-472,g5/117mA/117mA g5/117mA/117mA g4/117mA/117mA g4/117mA/117mA,,,,,,
100.857,HRV,58,12879203,13862967,11468339,12578518,-88,183,-471,g5/117mA/117mA g5/117mA/117mA g4/117mA/117mA g4/117mA/117mA,,,,,,
100.857,HRV,59,12883544,13864510,11471027,12579174,-90,183,-471,g5/117mA/117mA g5/117mA/117mA g4/117mA/117mA g4/117mA/117mA,,,,,,
100.918,HRV,60,12886651,13866984,11472578,12580277,-91,183,-471,g5/117mA/117mA g5/117mA/117mA g4/117mA/117mA g4/117mA/117mA,,,,,,
100.918,HRV,61,12890405,13867923,11476179,12582059,-90,183,-471,g5/117mA/117mA g5/117mA/117mA g4/117mA/117mA g4/117mA/117mA,,,,,,
100.918,HRV,62,12895215,13871642,11478961,12584705,-88,182,-471,g5/117mA/117mA g5/117mA/117mA g4/117mA/117mA g4/117mA/117mA,,,,,,
100.918,HRV,63,12900572,13875020,11481307,12587297,-87,182,-471,g5/117mA/117mA g5/117mA/117mA g4/117mA/117mA g4/117mA/117mA,,,,,,
100.918,HRV,64,12906118,13879244,11483864,12590625,-87,182,-471,g5/117mA/117mA g5/117mA/117mA g4/117mA/117mA g4/117mA/117mA,,,,,,
100.918,HRV,65,12913097,13884260,11486722,12594540,-87,182,-470,g5/117mA/117mA g5/117mA/117mA g4/117mA/117mA g4/117mA/117mA,,,,,,
100.942,HRV,70,12900309,13866021,11477568,12582100,-85,183,-471,g5/117mA/117mA g5/117mA/117mA g4/117mA/117mA g4/117mA/117mA,,,,,,
100.942,HRV,71,12897025,13855903,11473088,12574395,-83,183,-471,g5/117mA/117mA g5/117mA/117mA g4/117mA/117mA g4/117mA/117mA,,,,,,
100.942,HRV,72,12898373,13851902,11470947,12569465,-81,183,-471,g5/117mA/117mA g5/117mA/117mA g4/117mA/117mA g4/117mA/117mA,,,,,,
100.942,HRV,73,12899940,13848386,11469624,12565080,-81,184,-470,g5/117mA/117mA g5/117mA/117mA g4/117mA/117mA g4/117mA/117mA,,,,,,
100.942,HRV,74,12903627,13846868,11469137,12561557,-81,184,-470,g5/117mA/117mA g5/117mA/117mA g4/117mA/117mA g4/117mA/117mA,,,,,,
100.942,HRV,75,12907389,13845939,11468806,12559654,-82,183,-470,g5/117mA/117mA g5/117mA/117mA g4/117mA/117mA g4/117mA/117mA,,,,,,
100.973,HRV,76,12871645,13824106,11447377,12541381,-84,181,-471,g5/117mA/117mA g5/117mA/117mA g4/117mA/117mA g4/117mA/117mA,,,,,,
101.576,HR,77,12871285,13820326,11445200,12538507,-86,184,-471,g5/117mA/117mA g5/117mA/117mA g4/117mA/117mA g4/117mA/117mA,,,,,,
101.576,HR,78,12871593,13816241,11443546,12535981,-85,185,-471,g5/117mA/117mA g5/117mA/117mA g4/117mA/117mA g4/117mA/117mA,,,,,,
101.576,HR,79,12874289,13814338,11443444,12535179,-84,185,-470,g5/117mA/117mA g5/117mA/117mA g4/117mA/117mA g4/117mA/117mA,,,,,,
101.576,HR,80,12878111,13812640,11443581,12535863,-84,185,-469,g5/117mA/117mA g5/117mA/117mA g4/117mA/117mA g4/117mA/117mA,,,,,,
101.576,HR,81,12882444,13814320,11442617,12540442,-84,185,-470,g5/117mA/117mA g5/117mA/117mA g4/117mA/117mA g4/117mA/117mA,,,,,,
101.636,HR,82,12886573,13820651,11440526,12549837,-82,186,-470,g5/117mA/117mA g5/117mA/117mA g4/117mA/117mA g4/117mA/117mA,,,,,,
101.636,HR,83,12886215,13835027,11435143,12562770,-80,186,-470,g5/117mA/117mA g5/117mA/117mA g4/117mA/117mA g4/117mA/117mA,,,,,,
101.636,HR,84,12875671,13849538,11429061,12573673,-82,186,-470,g5/117mA/117mA g5/117mA/117mA g4/117mA/117mA g4/117mA/117mA,,,,,,
101.636,HR,85,12859025,13847935,11424554,12584686,-85,186,-470,g5/117mA/117mA g5/117mA/117mA g4/117mA/117mA g4/117mA/117mA,,,,,,
101.636,HR,86,12851014,13837814,11424615,12597466,-87,186,-471,g5/117mA/117mA g5/117mA/117mA g4/117mA/117mA g4/117mA/117mA,,,,,,
101.636,HR,87,12848070,13826947,11426749,12601793,-87,186,-471,g5/117mA/117mA g5/117mA/117mA g4/117mA/117mA g4/117mA/117mA,,,,,,
101.637,HR,88,12857490,13825326,11430494,12608421,-86,186,-470,g5/117mA/117mA g5/117mA/117mA g4/117mA/117mA g4/117mA/117mA,,,,,,
101.637,HR,89,12877930,13838156,11435271,12623129,-84,186,-469,g5/117mA/117mA g5/117mA/117mA g4/117mA/117mA g4/117mA/117mA,,,,,,
101.637,HR,90,12893595,13852141,11438274,12632239,-84,184,-470,g5/117mA/117mA g5/117mA/117mA g4/117mA/117mA g4/117mA/117mA,,,,,,
101.637,HR,91,12901837,13861131,11441935,12636915,-84,185,-470,g5/117mA/117mA g5/117mA/117mA g4/117mA/117mA g4/117mA/117mA,57,100,0,1,0,0
101.637,HR,92,12909940,13871326,11444552,12642484,-86,186,-470,g5/117mA/117mA g5/117mA/117mA g4/117mA/117mA g4/117mA/117mA,,,,,,
101.726,HR,93,12921072,13880695,11446251,12645617,-86,185,-470,g5/117mA/117mA g5/117mA/117mA g4/117mA/117mA g4/117mA/117mA,,,,,,
101.726,HR,94,12915076,13886513,11445893,12644652,-85,186,-470,g5/117mA/117mA g5/117mA/117mA g4/117mA/117mA g4/117mA/117mA,,,,,,
101.726,HR,95,12869476,13875362,11434698,12627488,-85,186,-470,g5/117mA/117mA g5/117mA/117mA g4/117mA/117mA g4/117mA/117mA,,,,,,
101.726,HR,96,12846725,13859367,11423336,12615450,-85,186,-470,g5/117mA/117mA g5/117mA/117mA g4/117mA/117mA g4/117mA/117mA,,,,,,
101.726,HR,97,12836400,13847268,11415565,12610263,-84,187,-470,g5/117mA/117mA g5/117mA/117mA g4/117mA/117mA g4/117mA/117mA,,,,,,
101.726,HR,98,12833355,13843028,11411536,12611338,-84,187,-470,g5/117mA/117mA g5/117mA/117mA g4/117mA/117mA g4/117mA/117mA,,,,,,
101.815,HR,99,12833875,13841561,11409337,12612703,-84,186,-470,g5/117mA/117mA g5/117mA/117mA g4/117mA/117mA g4/117mA/117mA,,,,,,
101.815,HR,100,12835079,13838482,11408595,12614536,-84,186,-469,g5/117mA/117mA g5/117mA/117mA g4/117mA/117mA g4/117mA/117mA,,,,,,
101.815,HR,101,12838960,13838190,11409582,12617574,-84,186,-469,g5/117mA/117mA g5/117mA/117mA g4/117mA/117mA g4/117mA/117mA,,,,,,
101.815,HR,102,12838567,13837142,11409352,12618760,-84,186,-469,g5/117mA/117mA g5/117mA/117mA g4/117mA/117mA g4/117mA/117mA,,,,,,
101.815,HR,103,12836878,13833192,11408524,12617805,-84,186,-470,g5/117mA/117mA g5/117mA/117mA g4/117mA/117mA g4/117mA/117mA,,,,,,
101.815,HR,104,12835325,13829524,11407459,12617054,-84,187,-470,g5/117mA/117mA g5/117mA/117mA g4/117mA/117mA g4/117mA/117mA,,,,,,
101.816,HR,105,12834874,13826069,11406717,12615025,-84,187,-470,g5/117mA/117mA g5/117mA/117mA g4/117mA/117mA g4/117mA/117mA,,,,,,
101.816,HR,106,12840231,13825275,11408466,12615730,-84,187,-470,g5/117mA/117mA g5/117mA/117mA g4/117mA/117mA g4/117mA/117mA,,,,,,
101.816,HR,107,12848847,13827911,11411545,12620057,-83,187,-470,g5/117mA/117mA g5/117mA/117mA g4/117mA/117mA g4/117mA/117mA,,,,,,
101.816,HR,108,12864034,13835129,11416322,12631753,-83,187,-470,g5/117mA/117mA g5/117mA/117mA g4/117mA/117mA g4/117mA/117mA,,,,,,
101.816,HR,109,12881463,13837585,11422005,12641778,-85,187,-470,g5/117mA/117mA g5/117mA/117mA g4/117mA/117mA g4/117mA/117mA,,,,,,
101.816,HR,110,12891641,13841774,11426169,12647818,-83,201,-463,g5/117mA/117mA g5/117mA/117mA g4/117mA/117mA g4/117mA/117mA,,,,,,
101.876,HRV,77,12871285,13820326,11445200,12538507,-86,184,-471,g5/117mA/117mA g5/117mA/117mA g4/117mA/117mA g4/117mA/117mA,,,,,,
101.876,HRV,78,12871593,13816241,11443546,12535981,-85,185,-471,g5/117mA/117mA g5/117mA/117mA g4/117mA/117mA g4/117mA/117mA,,,,,,
101.876,HRV,79,12874289,13814338,11443444,12535179,-84,185,-470,g5/117mA/117mA g5/117mA/117mA g4/117mA/117mA g4/117mA/117mA,,,,,,
101.876,HRV,80,12878111,13812640,11443581,12535863,-84,185,-469,g5/117mA/117mA g5/117mA/117mA g4/117mA/117mA g4/117mA/117mA,,,,,,
101.876,HRV,81,12882444,13814320,11442617,12540442,-84,185,-470,g5/117mA/117mA g5/117mA/117mA g4/117mA/117mA g4/117mA/117mA,,,,,,
101.877,HRV,82,12886573,13820651,11440526,12549837,-82,186,-470,g5/117mA/117mA g5/117mA/117mA g4/117mA/117mA g4/117mA/117mA,,,,,,
101.877,HRV,83,12886215,13835027,11435143,12562770,-80,186,-470,g5/117mA/117mA g5/117mA/117mA g4/117mA/117mA g4/117mA/117mA,,,,,,
101.877,HRV,84,12875671,13849538,11429061,12573673,-82,186,-470,g5/117mA/117mA g5/117mA/117mA g4/117mA/117mA g4/117mA/117mA,,,,,,
101.877,HRV,85,12859025,13847935,11424554,12584686,-85,186,-470,g5/117mA/117mA g5/117mA/117mA g4/117mA/117mA g4/117mA/117mA,,,,,,
101.877,HRV,86,12851014,13837814,11424615,12597466,-87,186,-471,g5/117mA/117mA g5/117mA/117mA g4/117mA/117mA g4/117mA/117mA,,,,,,
101.877,HRV,87,12848070,13826947,11426749,12601793,-87,186,-471,g5/117mA/117mA g5/117mA/117mA g4/117mA/117mA g4/117mA/117mA,,,,,,
101.994,HRV,88,12857490,13825326,11430494,12608421,-86,186,-470,g5/117mA/117mA g5/117mA/117mA g4/117mA/117mA g4/117mA/117mA,,,,,,
101.994,HRV,89,12877930,13838156,11435271,12623129,-84,186,-469,g5/117mA/117mA g5/117mA/117mA g4/117mA/117mA g4/117mA/117mA,,,,,,
101.994,HRV,90,12893595,13852141,11438274,12632239,-84,184,-470,g5/117mA/117mA g5/117mA/117mA g4/117mA/117mA g4/117mA/117mA,,,,,,
101.994,HRV,91,12901837,13861131,11441935,12636915,-84,185,-470,g5/117mA/117mA g5/117mA/117mA g4/117mA/117mA g4/117mA/117mA,1090,0,0,0,30,1
101.997,HRV,92,12909940,13871326,11444552,12642484,-86,186,-470,g5/117mA/117mA g5/117mA/117mA g4/117mA/117mA g4/117mA/117mA,,,,,,
101.997,HRV,93,12921072,13880695,11446251,12645617,-86,185,-470,g5/117mA/117mA g5/117mA/117mA g4/117mA/117mA g4/117mA/117mA,,,,,,
101.997,HRV,94,12915076,13886513,11445893,12644652,-85,186,-470,g5/117mA/117mA g5/117mA/117mA g4/117mA/117mA g4/117mA/117mA,,,,,,
101.997,HRV,95,12869476,13875362,11434698,12627488,-85,186,-470,g5/117mA/117mA g5/117mA/117mA g4/117mA/117mA g4/117mA/117mA,,,,,,
101.997,HRV,96,12846725,13859367,11423336,12615450,-85,186,-470,g5/117mA/117mA g5/117mA/117mA g4/117mA/117mA g4/117mA/117mA,,,,,,
101.997,HRV,97,12836400,13847268,11415565,12610263,-84,187,-470,g5/117mA/117mA g5/117mA/117mA g4/117mA/117mA g4/117mA/117mA,,,,,,
102.055,HRV,98,12833355,13843028,11411536,12611338,-84,187,-470,g5/117mA/117mA g5/117mA/117mA g4/117mA/117mA g4/117mA/117mA,,,,,,
102.055,HRV,99,12833875,13841561,11409337,12612703,-84,186,-470,g5/117mA/117mA g5/117mA/117mA g4/117mA/117mA g4/117mA/117mA,,,,,,
102.055,HRV,100,12835079,13838482,11408595,12614536,-84,186,-469,g5/117mA/117mA g5/117mA/117mA g4/117mA/117mA g4/117mA/117mA,,,,,,
102.055,HRV,101,12838960,13838190,11409582,12617574,-84,186,-469,g5/117mA/117mA g5/117mA/117mA g4/117mA/117mA g4/117mA/117mA,,,,,,
102.055,HRV,102,12838567,13837142,11409352,12618760,-84,186,-469,g5/117mA/117mA g5/117mA/117mA g4/117mA/117mA g4/117mA/117mA,,,,,,
102.055,HRV,103,12836878,13833192,11408524,12617805,-84,186,-470,g5/117mA/117mA g5/117mA/117mA g4/117mA/117mA g4/117mA/117mA,,,,,,
102.057,HRV,104,12835325,13829524,11407459,12617054,-84,187,-470,g5/117mA/117mA g5/117mA/117mA g4/117mA/117mA g4/117mA/117mA,,,,,,
102.057,HRV,105,12834874,13826069,11406717,12615025,-84,187,-470,g5/117mA/117mA g5/117mA/117mA g4/117mA/117mA g4/117mA/117mA,,,,,,
102.057,HRV,106,12840231,13825275,11408466,12615730,-84,187,-470,g5/117mA/117mA g5/117mA/117mA g4/117mA/117mA g4/117mA/117mA,,,,,,
102.057,HRV,107,12848847,13827911,11411545,12620057,-83,187,-470,g5/117mA/117mA g5/117mA/117mA g4/117mA/117mA g4/117mA/117mA,,,,,,
102.057,HRV,108,12864034,13835129,11416322,12631753,-83,187,-470,g5/117mA/117mA g5/117mA/117mA g4/117mA/117mA g4/117mA/117mA,,,,,,
102.057,HRV,109,12881463,13837585,11422005,12641778,-85,187,-470,g5/117mA/117mA g5/117mA/117mA g4/117mA/117mA g4/117mA/117mA,,,,,,
103.195,HR,111,12894003,13849001,11426534,12655470,-83,184,-470,g5/117mA/117mA g5/117mA/117mA g4/117mA/117mA g4/117mA/117mA,,,,,,
103.195,HR,112,12898321,13856825,11426380,12665231,-87,186,-470,g5/117mA/117mA g5/117mA/117mA g4/117mA/117mA g4/117mA/117mA,,,,,,
103.195,HR,113,12901434,13863495,11426064,12673360,-84,187,-470,g5/117mA/117mA g5/117mA/117mA g4/117mA/117mA g4/117mA/117mA,,,,,,
103.195,HR,114,12904191,13866575,11427276,12679314,-77,187,-469,g5/117mA/117mA g5/117mA/117mA g4/117mA/117mA g4/117mA/117mA,,,,,,
103.195,HR,115,12910145,13870405,11429656,12683196,-81,187,-469,g5/117mA/117mA g5/117mA/117mA g4/117mA/117mA g4/117mA/117mA,,,,,,
103.198,HR,116,12917269,13871744,11433069,12686917,-83,186,-469,g5/117mA/117mA g5/117mA/117mA g4/117mA/117mA g4/117mA/117mA,57,100,0,1,0,0
103.198,HR,117,12931259,13873254,11438675,12695645,-83,186,-470,g5/117mA/117mA g5/117mA/117mA g4/117mA/117mA g4/117mA/117mA,,,,,,
103.198,HR,118,12947069,13881803,11442530,12704534,-86,186,-470,g5/117mA/117mA g5/117mA/117mA g4/117mA/117mA g4/117mA/117mA,,,,,,
103.198,HR,119,12959959,13885037,11447224,12708219,-86,186,-470,g5/117mA/117mA g5/117mA/117mA g4/117mA/117mA g4/117mA/117mA,,,,,,
103.198,HR,120,12970664,13889789,11452128,12711059,-84,186,-470,g5/117mA/117mA g5/117mA/117mA g4/117mA/117mA g4/117mA/117mA,,,,,,
103.257,HR,121,12932530,13887408,11444877,12701419,-83,186,-470,g5/117mA/117mA g5/117mA/117mA g4/117mA/117mA g4/117mA/117mA,,,,,,
103.257,HR,122,12891998,13865637,11427986,12678821,-84,187,-469,g5/117mA/117mA g5/117mA/117mA g4/117mA/117mA g4/117mA/117mA,,,,,,
103.257,HR,123,12867949,13842380,11415640,12660555,-85,187,-469,g5/117mA/117mA g5/117mA/117mA g4/117mA/117mA g4/117mA/117mA,,,,,,
103.257,HR,124,12856595,13826750,11408715,12647179,-84,187,-470,g5/117mA/117mA g5/117mA/117mA g4/117mA/117mA g4/117mA/117mA,,,,,,
103.257,HR,125,12853010,13815447,11406282,12639798,-84,187,-470,g5/117mA/117mA g5/117mA/117mA g4/117mA/117mA g4/117mA/117mA,,,,,,
103.258,HR,126,12850717,13806352,11404217,12634629,-84,187,-470,g5/117mA/117mA g5/117mA/117mA g4/117mA/117mA g4/117mA/117mA,,,,,,
103.258,HR,127,12852295,13798470,11404618,12627444,-84,187,-470,g5/117mA/117mA g5/117mA/117mA g4/117mA/117mA g4/117mA/117mA,,,,,,
103.258,HR,128,12855826,13796030,11406631,12625414,-84,187,-470,g5/117mA/117mA g5/117mA/117mA g4/117mA/117mA g4/117mA/117mA,,,,,,
103.258,HR,129,12856799,13793343,11407519,12625414,-84,187,-469,g5/117mA/117mA g5/117mA/117mA g4/117mA/117mA g4/117mA/117mA,,,,,,
103.258,HR,130,12857201,13791226,11407579,12624271,-84,187,-469,g5/117mA/117mA g5/117mA/117mA g4/117mA/117mA g4/117mA/117mA,,,,,,
103.258,HR,131,12855451,13787046,11407067,12622771,-85,187,-469,g5/117mA/117mA g5/117mA/117mA g4/117mA/117mA g4/117mA/117mA,,,,,,
103.374,HR,132,12855835,13784555,11406622,12622376,-86,187,-470,g5/117mA/117mA g5/117mA/117mA g4/117mA/117mA g4/117mA/117mA,,,,,,
103.374,HR,133,12857660,13781876,11406589,12618026,-86,187,-470,g5/117mA/117mA g5/117mA/117mA g4/117mA/117mA g4/117mA/117mA,,,,,,
103.374,HR,134,12862420,13780427,11408048,12612713,-85,187,-470,g5/117mA/117mA g5/117mA/117mA g4/117mA/117mA g4/117mA/117mA,,,,,,
103.374,HR,135,12870057,13778457,11410677,12608104,-84,187,-470,g5/117mA/117mA g5/117mA/117mA g4/117mA/117mA g4/117mA/117mA,,,,,,
103.374,HR,136,12879440,13777960,11414617,12605997,-84,187,-470,g5/117mA/117mA g5/117mA/117mA g4/117mA/117mA g4/117mA/117mA,,,,,,
103.374,HR,137,12888793,13781289,11418234,12609435,-84,186,-469,g5/117mA/117mA g5/117mA/117mA g4/117mA/117mA g4/117mA/117mA,,,,,,
103.377,HR,138,12895070,13784539,11421724,12612797,-85,186,-469,g5/117mA/117mA g5/117mA/117mA g4/117mA/117mA g4/117mA/117mA,,,,,,
103.377,HR,139,12899601,13786680,11424256,12611926,-85,186,-470,g5/117mA/117mA g5/117mA/117mA g4/117mA/117mA g4/117mA/117mA,,,,,,
103.377,HR,140,12905392,13790561,11426910,12614152,-85,187,-470,g5/117mA/117mA g5/117mA/117mA g4/117mA/117mA g4/117mA/117mA,,,,,,
103.377,HR,141,12913028,13794468,11430391,12616576,-84,187,-470,g5/117mA/117mA g5/117mA/117mA g4/117mA/117mA g4/117mA/117mA,57,100,0,1,0,0
103.377,HR,142,12921132,13797880,11434016,12619785,-84,187,-470,g5/117mA/117mA g5/117mA/117mA g4/117mA/117mA g4/117mA/117mA,,,,,,
103.406,HR,143,12930673,13802181,11438274,12623494,-84,187,-470,g5/117mA/117mA g5/117mA/117mA g4/117mA/117mA g4/117mA/117mA,,,,,,
103.406,HR,144,12940438,13809150,11441857,12629346,-81,201,-463,g5/117mA/117mA g5/117mA/117mA g4/117mA/117mA g4/117mA/117mA,,,,,,
103.434,HRV,111,12894003,13849001,11426534,12655470,-83,184,-470,g5/117mA/117mA g5/117mA/117mA g4/117mA/117mA g4/117mA/117mA,,,,,,
103.434,HRV,112,12898321,13856825,11426380,12665231,-87,186,-470,g5/117mA/117mA g5/117mA/117mA g4/117mA/117mA g4/117mA/117mA,,,,,,
103.434,HRV,113,12901434,13863495,11426064,12673360,-84,187,-470,g5/117mA/117mA g5/117mA/117mA g4/117mA/117mA g4/117mA/117mA,,,,,,
103.434,HRV,114,12904191,13866575,11427276,12679314,-77,187,-469,g5/117mA/117mA g5/117mA/117mA g4/117mA/117mA g4/117mA/117mA,,,,,,
103.434,HRV,115,12910145,13870405,11429656,12683196,-81,187,-469,g5/117mA/117mA g5/117mA/117mA g4/117mA/117mA g4/117mA/117mA,,,,,,
103.498,HRV,116,12917269,13871744,11433069,12686917,-83,186,-469,g5/117mA/117mA g5/117mA/117mA g4/117mA/117mA g4/117mA/117mA,1040,0,0,0,30,1
103.498,HRV,117,12931259,13873254,11438675,12695645,-83,186,-470,g5/117mA/117mA g5/117mA/117mA g4/117mA/117mA g4/117mA/117mA,,,,,,
103.498,HRV,118,12947069,13881803,11442530,12704534,-86,186,-470,g5/117mA/117mA g5/117mA/117mA g4/117mA/117mA g4/117mA/117mA,,,,,,
103.498,HRV,119,12959959,13885037,11447224,12708219,-86,186,-470,g5/117mA/117mA g5/117mA/117mA g4/117mA/117mA g4/117mA/117mA,,,,,,
103.498,HRV,120,12970664,13889789,11452128,12711059,-84,186,-470,g5/117mA/117mA g5/117mA/117mA g4/117mA/117mA g4/117mA/117mA,,,,,,
103.523,HRV,121,12932530,13887408,11444877,12701419,-83,186,-470,g5/117mA/117mA g5/117mA/117mA g4/117mA/117mA g4/117mA/117mA,,,,,,
103.523,HRV,122,12891998,13865637,11427986,12678821,-84,187,-469,g5/117mA/117mA g5/117mA/117mA g4/117mA/117mA g4/117mA/117mA,,,,,,
103.523,HRV,123,12867949,13842380,11415640,12660555,-85,187,-469,g5/117mA/117mA g5/117mA/117mA g4/117mA/117mA g4/117mA/117mA,,,,,,
103.523,HRV,124,12856595,13826750,11408715,12647179,-84,187,-470,g5/117mA/117mA g5/117mA/117mA g4/117mA/117mA g4/117mA/117mA,,,,,,
103.523,HRV,125,12853010,13815447,11406282,12639798,-84,187,-470,g5/117mA/117mA g5/117mA/117mA g4/117mA/117mA g4/117mA/117mA,,,,,,
103.556,HRV,126,12850717,13806352,11404217,12634629,-84,187,-470,g5/117mA/117mA g5/117mA/117mA g4/117mA/117mA g4/117mA/117mA,,,,,,
103.556,HRV,127,12852295,13798470,11404618,12627444,-84,187,-470,g5/117mA/117mA g5/117mA/117mA g4/117mA/117mA g4/117mA/117mA,,,,,,
103.556,HRV,128,12855826,13796030,11406631,12625414,-84,187,-470,g5/117mA/117mA g5/117mA/117mA g4/117mA/117mA g4/117mA/117mA,,,,,,
103.556,HRV,129,12856799,13793343,11407519,12625414,-84,187,-469,g5/117mA/117mA g5/117mA/117mA g4/117mA/117mA g4/117mA/117mA,,,,,,
103.556,HRV,130,12857201,13791226,11407579,12624271,-84,187,-469,g5/117mA/117mA g5/117mA/117mA g4/117mA/117mA g4/117mA/117mA,,,,,,
103.556,HRV,131,12855451,13787046,11407067,12622771,-85,187,-469,g5/117mA/117mA g5/117mA/117mA g4/117mA/117mA g4/117mA/117mA,,,,,,
103.618,HRV,132,12855835,13784555,11406622,12622376,-86,187,-470,g5/117mA/117mA g5/117mA/117mA g4/117mA/117mA g4/117mA/117mA,,,,,,
103.618,HRV,133,12857660,13781876,11406589,12618026,-86,187,-470,g5/117mA/117mA g5/117mA/117mA g4/117mA/117mA g4/117mA/117mA,,,,,,
103.618,HRV,134,12862420,13780427,11408048,12612713,-85,187,-470,g5/117mA/117mA g5/117mA/117mA g4/117mA/117mA g4/117mA/117mA,,,,,,
103.618,HRV,135,12870057,13778457,11410677,12608104,-84,187,-470,g5/117mA/117mA g5/117mA/117mA g4/117mA/117mA g4/117mA/117mA,,,,,,
103.618,HRV,136,12879440,13777960,11414617,12605997,-84,187,-470,g5/117mA/117mA g5/117mA/117mA g4/117mA/117mA g4/117mA/117mA,,,,,,
103.618,HRV,137,12888793,13781289,11418234,12609435,-84,186,-469,g5/117mA/117mA g5/117mA/117mA g4/117mA/117mA g4/117mA/117mA,,,,,,
103.674,HRV,138,12895070,13784539,11421724,12612797,-85,186,-469,g5/117mA/117mA g5/117mA/117mA g4/117mA/117mA g4/117mA/117mA,,,,,,
103.675,HRV,139,12899601,13786680,11424256,12611926,-85,186,-470,g5/117mA/117mA g5/117mA/117mA g4/117mA/117mA g4/117mA/117mA,,,,,,
103.675,HRV,140,12905392,13790561,11426910,12614152,-85,187,-470,g5/117mA/117mA g5/117mA/117mA g4/117mA/117mA g4/117mA/117mA,,,,,,
103.675,HRV,141,12913028,13794468,11430391,12616576,-84,187,-470,g5/117mA/117mA g5/117mA/117mA g4/117mA/117mA g4/117mA/117mA,1040,0,0,0,40,1
103.675,HRV,142,12921132,13797880,11434016,12619785,-84,187,-470,g5/117mA/117mA g5/117mA/117mA g4/117mA/117mA g4/117mA/117mA,,,,,,
103.705,HRV,143,12930673,13802181,11438274,12623494,-84,187,-470,g5/117mA/117mA g5/117mA/117mA g4/117mA/117mA g4/117mA/117mA,,,,,,
103.705,HRV,144,12940438,13809150,11441857,12629346,-81,201,-463,g5/117mA/117mA g5/117mA/117mA g4/117mA/117mA g4/117mA/117mA,,,,,,
104.399,HR,145,12949919,13814655,11444801,12634908,-84,188,-470,g5/117mA/117mA g5/117mA/117mA g4/117mA/117mA g4/117mA/117mA,,,,,,
104.399,HR,146,12959439,13819193,11448913,12640157,-83,188,-470,g5/117mA/117mA g5/117mA/117mA g4/117mA/117mA g4/117mA/117mA,,,,,,
104.399,HR,147,12966435,13822939,11452068,12643594,-83,188,-470,g5/117mA/117mA g5/117mA/117mA g4/117mA/117mA g4/117mA/117mA,,,,,,
104.399,HR,148,12921603,13815089,11442146,12629715,-83,188,-470,g5/117mA/117mA g5/117mA/117mA g4/117mA/117mA g4/117mA/117mA,,,,,,
104.399,HR,149,12878349,13789742,11422645,12603003,-83,188,-470,g5/117mA/117mA g5/117mA/117mA g4/117mA/117mA g4/117mA/117mA,,,,,,
104.421,HR,150,12854453,13759934,11409055,12577460,-84,188,-470,g5/117mA/117mA g5/117mA/117mA g4/117mA/117mA g4/117mA/117mA,,,,,,
104.421,HR,151,12846409,13740663,11402588,12562881,-84,188,-470,g5/117mA/117mA g5/117mA/117mA g4/117mA/117mA g4/117mA/117mA,,,,,,
104.421,HR,152,12844744,13730467,11400455,12556174,-84,188,-470,g5/117mA/117mA g5/117mA/117mA g4/117mA/117mA g4/117mA/117mA,,,,,,
104.421,HR,153,12844052,13722603,11398808,12552710,-84,188,-470,g5/117mA/117mA g5/117mA/117mA g4/117mA/117mA g4/117mA/117mA,,,,,,
104.421,HR,154,12844530,13717038,11398150,12550503,-84,188,-470,g5/117mA/117mA g5/117mA/117mA g4/117mA/117mA g4/117mA/117mA,,,,,,
104.421,HR,155,12846971,13714515,11398639,12551918,-84,188,-470,g5/117mA/117mA g5/117mA/117mA g4/117mA/117mA g4/117mA/117mA,,,,,,
104.458,HR,156,12844677,13711025,11397265,12552421,-84,188,-470,g5/117mA/117mA g5/117mA/117mA g4/117mA/117mA g4/117mA/117mA,,,,,,
104.458,HR,157,12842075,13706000,11395047,12551336,-84,188,-470,g5/117mA/117mA g5/117mA/117mA g4/117mA/117mA g4/117mA/117mA,,,,,,
104.458,HR,158,12840505,13702586,11393365,12550484,-81,188,-470,g5/117mA/117mA g5/117mA/117mA g4/117mA/117mA g4/117mA/117mA,,,,,,
104.458,HR,159,12841639,13700113,11393161,12551090,-79,189,-470,g5/117mA/117mA g5/117mA/117mA g4/117mA/117mA g4/117mA/117mA,,,,,,
104.458,HR,160,12844983,13699593,11394492,12552608,-80,189,-469,g5/117mA/117mA g5/117mA/117mA g4/117mA/117mA g4/117mA/117mA,,,,,,
104.458,HR,161,12851228,13701675,11395874,12555255,-85,189,-469,g5/117mA/117mA g5/117mA/117mA g4/117mA/117mA g4/117mA/117mA,,,,,,
104.516,HR,162,12859145,13705667,11398766,12561593,-90,189,-469,g5/117mA/117mA g5/117mA/117mA g4/117mA/117mA g4/117mA/117mA,,,,,,
104.516,HR,163,12865271,13710282,11401120,12569424,-88,188,-469,g5/117mA/117mA g5/117mA/117mA g4/117mA/117mA g4/117mA/117mA,,,,,,
104.516,HR,164,12869852,13713833,11403082,12576505,-85,188,-469,g5/117mA/117mA g5/117mA/117mA g4/117mA/117mA g4/117mA/117mA,,,,,,
104.516,HR,165,12874218,13717679,11405139,12582589,-83,188,-470,g5/117mA/117mA g5/117mA/117mA g4/117mA/117mA g4/117mA/117mA,,,,,,
104.516,HR,166,12877001,13720043,11406215,12586853,-83,188,-470,g5/117mA/117mA g5/117mA/117mA g4/117mA/117mA g4/117mA/117mA,57,100,0,1,0,0
104.542,HR,167,12881548,13722303,11408347,12590112,-83,188,-469,g5/117mA/117mA g5/117mA/117mA g4/117mA/117mA g4/117mA/117mA,,,,,,
104.542,HR,168,12886197,13725962,11410324,12594787,-85,188,-469,g5/117mA/117mA g5/117mA/117mA g4/117mA/117mA g4/117mA/117mA,,,,,,
104.542,HR,169,12891855,13727618,11412986,12597885,-88,189,-469,g5/117mA/117mA g5/117mA/117mA g4/117mA/117mA g4/117mA/117mA,,,,,,
104.542,HR,170,12898807,13730945,11415871,12601688,-87,189,-469,g5/117mA/117mA g5/117mA/117mA g4/117mA/117mA g4/117mA/117mA,,,,,,
104.542,HR,171,12905402,13736294,11418329,12608206,-84,189,-469,g5/117mA/117mA g5/117mA/117mA g4/117mA/117mA g4/117mA/117mA,,,,,,
104.632,HR,172,12913778,13739955,11421595,12613580,-83,189,-470,g5/117mA/117mA g5/117mA/117mA g4/117mA/117mA g4/117mA/117mA,,,,,,
104.632,HR,173,12922958,13744425,11425528,12618282,-84,189,-470,g5/117mA/117mA g5/117mA/117mA g4/117mA/117mA g4/117mA/117mA,,,,,,
104.632,HR,174,12920895,13747334,11426500,12620610,-85,189,-470,g5/117mA/117mA g5/117mA/117mA g4/117mA/117mA g4/117mA/117mA,,,,,,
104.632,HR,175,12874937,13729913,11410692,12601450,-86,188,-470,g5/117mA/117mA g5/117mA/117mA g4/117mA/117mA g4/117mA/117mA,,,,,,
104.632,HR,176,12841427,13701453,11391711,12580797,-86,188,-470,g5/117mA/117mA g5/117mA/117mA g4/117mA/117mA g4/117mA/117mA,,,,,,
104.632,HR,177,12823015,13677173,11379401,12566149,-86,187,-470,g5/117mA/117mA g5/117mA/117mA g4/117mA/117mA g4/117mA/117mA,,,,,,
104.637,HR,178,12815611,13662720,11372966,12559160,-86,187,-470,g5/117mA/117mA g5/117mA/117mA g4/117mA/117mA g4/117mA/117mA,,,,,,
104.663,HRV,145,12949919,13814655,11444801,12634908,-84,188,-470,g5/117mA/117mA g5/117mA/117mA g4/117mA/117mA g4/117mA/117mA,,,,,,
104.663,HRV,146,12959439,13819193,11448913,12640157,-83,188,-470,g5/117mA/117mA g5/117mA/117mA g4/117mA/117mA g4/117mA/117mA,,,,,,
104.663,HRV,147,12966435,13822939,11452068,12643594,-83,188,-470,g5/117mA/117mA g5/117mA/117mA g4/117mA/117mA g4/117mA/117mA,,,,,,
104.663,HRV,148,12921603,13815089,11442146,12629715,-83,188,-470,g5/117mA/117mA g5/117mA/117mA g4/117mA/117mA g4/117mA/117mA,,,,,,
104.663,HRV,149,12878349,13789742,11422645,12603003,-83,188,-470,g5/117mA/117mA g5/117mA/117mA g4/117mA/117mA g4/117mA/117mA,,,,,,
104.697,HRV,150,12854453,13759934,11409055,12577460,-84,188,-470,g5/117mA/117mA g5/117mA/117mA g4/117mA/117mA g4/117mA/117mA,,,,,,
104.697,HRV,151,12846409,13740663,11402588,12562881,-84,188,-470,g5/117mA/117mA g5/117mA/117mA g4/117mA/117mA g4/117mA/117mA,,,,,,
104.697,HRV,152,12844744,13730467,11400455,12556174,-84,188,-470,g5/117mA/117mA g5/117mA/117mA g4/117mA/117mA g4/117mA/117mA,,,,,,
104.697,HRV,153,12844052,13722603,11398808,12552710,-84,188,-470,g5/117mA/117mA g5/117mA/117mA g4/117mA/117mA g4/117mA/117mA,,,,,,
104.697,HRV,154,12844530,13717038,11398150,12550503,-84,188,-470,g5/117mA/117mA g5/117mA/117mA g4/117mA/117mA g4/117mA/117mA,,,,,,
104.697,HRV,155,12846971,13714515,11398639,12551918,-84,188,-470,g5/117mA/117mA g5/117mA/117mA g4/117mA/117mA g4/117mA/117mA,,,,,,
104.813,HRV,156,12844677,13711025,11397265,12552421,-84,188,-470,g5/117mA/117mA g5/117mA/117mA g4/117mA/117mA g4/117mA/117mA,,,,,,
104.813,HRV,157,12842075,13706000,11395047,12551336,-84,188,-470,g5/117mA/117mA g5/117mA/117mA g4/117mA/117mA g4/117mA/117mA,,,,,,
104.813,HRV,158,12840505,13702586,11393365,12550484,-81,188,-470,g5/117mA/117mA g5/117mA/117mA g4/117mA/117mA g4/117mA/117mA,,,,,,
104.813,HRV,159,12841639,13700113,11393161,12551090,-79,189,-470,g5/117mA/117mA g5/117mA/117mA g4/117mA/117mA g4/117mA/117mA,,,,,,
104.813,HRV,160,12844983,13699593,11394492,12552608,-80,189,-469,g5/117mA/117mA g5/117mA/117mA g4/117mA/117mA g4/117mA/117mA,,,,,,
104.813,HRV,161,12851228,13701675,11395874,12555255,-85,189,-469,g5/117mA/117mA g5/117mA/117mA g4/117mA/117mA g4/117mA/117mA,,,,,,
104.877,HRV,162,12859145,13705667,11398766,12561593,-90,189,-469,g5/117mA/117mA g5/117mA/117mA g4/117mA/117mA g4/117mA/117mA,,,,,,
104.877,HRV,163,12865271,13710282,11401120,12569424,-88,188,-469,g5/117mA/117mA g5/117mA/117mA g4/117mA/117mA g4/117mA/117mA,,,,,,
104.877,HRV,164,12869852,13713833,11403082,12576505,-85,188,-469,g5/117mA/117mA g5/117mA/117mA g4/117mA/117mA g4/117mA/117mA,,,,,,
104.877,HRV,165,12874218,13717679,11405139,12582589,-83,188,-470,g5/117mA/117mA g5/117mA/117mA g4/117mA/117mA g4/117mA/117mA,,,,,,
104.878,HRV,166,12877001,13720043,11406215,12586853,-83,188,-470,g5/117mA/117mA g5/117mA/117mA g4/117mA/117mA g4/117mA/117mA,1075,0,0,0,80,1
104.879,HRV,167,12881548,13722303,11408347,12590112,-83,188,-469,g5/117mA/117mA g5/117mA/117mA g4/117mA/117mA g4/117mA/117mA,,,,,,
104.879,HRV,168,12886197,13725962,11410324,12594787,-85,188,-469,g5/117mA/117mA g5/117mA/117mA g4/117mA/117mA g4/117mA/117mA,,,,,,
104.879,HRV,169,12891855,13727618,11412986,12597885,-88,189,-469,g5/117mA/117mA g5/117mA/117mA g4/117mA/117mA g4/117mA/117mA,,,,,,
104.879,HRV,170,12898807,13730945,11415871,12601688,-87,189,-469,g5/117mA/117mA g5/117mA/117mA g4/117mA/117mA g4/117mA/117mA,,,,,,
104.88,HRV,171,12905402,13736294,11418329,12608206,-84,189,-469,g5/117mA/117mA g5/117mA/117mA g4/117mA/117mA g4/117mA/117mA,,,,,,
104.937,HRV,172,12913778,13739955,11421595,12613580,-83,189,-470,g5/117mA/117mA g5/117mA/117mA g4/117mA/117mA g4/117mA/117mA,,,,,,
104.937,HRV,173,12922958,13744425,11425528,12618282,-84,189,-470,g5/117mA/117mA g5/117mA/117mA g4/117mA/117mA g4/117mA/117mA,,,,,,
104.937,HRV,174,12920895,13747334,11426500,12620610,-85,189,-470,g5/117mA/117mA g5/117mA/117mA g4/117mA/117mA g4/117mA/117mA,,,,,,
104.937,HRV,175,12874937,13729913,11410692,12601450,-86,188,-470,g5/117mA/117mA g5/117mA/117mA g4/117mA/117mA g4/117mA/117mA,,,,,,
104.937,HRV,176,12841427,13701453,11391711,12580797,-86,188,-470,g5/117mA/117mA g5/117mA/117mA g4/117mA/117mA g4/117mA/117mA,,,,,,
104.937,HRV,177,12823015,13677173,11379401,12566149,-86,187,-470,g5/117mA/117mA g5/117mA/117mA g4/117mA/117mA g4/117mA/117mA,,,,,,
104.938,HRV,178,12815611,13662720,11372966,12559160,-86,187,-470,g5/117mA/117mA g5/117mA/117mA g4/117mA/117mA g4/117mA/117mA,,,,,,
105.719,HR,179,12813801,13654556,11370492,12555817,-84,188,-468,g5/117mA/117mA g5/117mA/117mA g4/117mA/117mA g4/117mA/117mA,,,,,,
105.719,HR,180,12812710,13648321,11368719,12554340,-84,188,-469,g5/117mA/117mA g5/117mA/117mA g4/117mA/117mA g4/117mA/117mA,,,,,,
105.719,HR,181,12817223,13647952,11369460,12561541,-83,188,-470,g5/117mA/117mA g5/117mA/117mA g4/117mA/117mA g4/117mA/117mA,,,,,,
105.719,HR,182,12820806,13649941,11369700,12570525,-83,189,-470,g5/117mA/117mA g5/117mA/117mA g4/117mA/117mA g4/117mA/117mA,,,,,,
105.719,HR,183,12820600,13648781,11369043,12573024,-83,189,-470,g5/117mA/117mA g5/117mA/117mA g4/117mA/117mA g4/117mA/117mA,,,,,,
105.72,HR,184,12821113,13645546,11368820,12576351,-84,188,-470,g5/117mA/117mA g5/117mA/117mA g4/117mA/117mA g4/117mA/117mA,,,,,,
105.72,HR,185,12820404,13645872,11366994,12580131,-85,188,-470,g5/117mA/117mA g5/117mA/117mA g4/117mA/117mA g4/117mA/117mA,,,,,,
105.72,HR,186,12819448,13647911,11363755,12588304,-83,188,-470,g5/117mA/117mA g5/117mA/117mA g4/117mA/117mA g4/117mA/117mA,,,,,,
105.72,HR,187,12820815,13648038,11362558,12597381,-83,188,-470,g5/117mA/117mA g5/117mA/117mA g4/117mA/117mA g4/117mA/117mA,,,,,,
105.72,HR,188,12824917,13649224,11362747,12606356,-84,188,-469,g5/117mA/117mA g5/117mA/117mA g4/117mA/117mA g4/117mA/117mA,,,,,,
105.72,HR,189,12831173,13651058,11363702,12612047,-84,188,-469,g5/117mA/117mA g5/117mA/117mA g4/117mA/117mA g4/117mA/117mA,,,,,,
105.776,HR,190,12838517,13654471,11365733,12616772,-84,187,-469,g5/117mA/117mA g5/117mA/117mA g4/117mA/117mA g4/117mA/117mA,,,,,,
105.776,HR,191,12847175,13658122,11369188,12620415,-83,187,-470,g5/117mA/117mA g5/117mA/117mA g4/117mA/117mA g4/117mA/117mA,57,100,0,1,0,0
105.776,HR,192,12853839,13662219,11372352,12623554,-83,187,-470,g5/117mA/117mA g5/117mA/117mA g4/117mA/117mA g4/117mA/117mA,,,,,,
105.776,HR,193,12859103,13665903,11374878,12627343,-81,187,-470,g5/117mA/117mA g5/117mA/117mA g4/117mA/117mA g4/117mA/117mA,,,,,,
105.776,HR,194,12864818,13670331,11377123,12631609,-80,187,-470,g5/117mA/117mA g5/117mA/117mA g4/117mA/117mA g4/117mA/117mA,,,,,,
105.802,HR,195,12871611,13674066,11379938,12635413,-83,187,-470,g5/117mA/117mA g5/117mA/117mA g4/117mA/117mA g4/117mA/117mA,,,,,,
105.802,HR,196,12879184,13678453,11382745,12639491,-86,188,-470,g5/117mA/117mA g5/117mA/117mA g4/117mA/117mA g4/117mA/117mA,,,,,,
105.802,HR,197,12888458,13683519,11386379,12644098,-88,188,-470,g5/117mA/117mA g5/117mA/117mA g4/117mA/117mA g4/117mA/117mA,,,,,,
105.802,HR,198,12897202,13687991,11390046,12647451,-84,188,-470,g5/117mA/117mA g5/117mA/117mA g4/117mA/117mA g4/117mA/117mA,,,,,,
105.802,HR,199,12906630,13694543,11393596,12653466,-82,188,-469,g5/117mA/117mA g5/117mA/117mA g4/117mA/117mA g4/117mA/117mA,,,,,,
105.802,HR,200,12918915,13703211,11398067,12660887,-82,189,-469,g5/117mA/117mA g5/117mA/117mA g4/117mA/117mA g4/117mA/117mA,,,,,,
105.837,HR,206,12914068,13696743,11392912,12662942,-83,188,-469,g5/117mA/117mA g5/117mA/117mA g4/117mA/117mA g4/117mA/117mA,,,,,,
105.837,HR,207,12910152,13688869,11389218,12660613,-83,188,-469,g5/117mA/117mA g5/117mA/117mA g4/117mA/117mA g4/117mA/117mA,,,,,,
105.837,HR,208,12912252,13684893,11388154,12658395,-88,189,-470,g5/117mA/117mA g5/117mA/117mA g4/117mA/117mA g4/117mA/117mA,,,,,,
105.837,HR,209,12915067,13685125,11387760,12656255,-87,189,-470,g5/117mA/117mA g5/117mA/117mA g4/117mA/117mA g4/117mA/117mA,,,,,,
105.837,HR,210,12916090,13682660,11387097,12651620,-78,188,-470,g5/117mA/117mA g5/117mA/117mA g4/117mA/117mA g4/117mA/117mA,,,,,,
105.837,HR,211,12916372,13681090,11385552,12648942,-81,188,-469,g5/117mA/117mA g5/117mA/117mA g4/117mA/117mA g4/117mA/117mA,,,,,,
105.837,HR,212,12819636,13619127,11343065,12615485,-80,202,-463,g5/117mA/117mA g5/117mA/117mA g4/117mA/117mA g4/117mA/117mA,,,,,,
105.892,HRV,179,12813801,13654556,11370492,12555817,-84,188,-468,g5/117mA/117mA g5/117mA/117mA g4/117mA/117mA g4/117mA/117mA,,,,,,
105.892,HRV,180,12812710,13648321,11368719,12554340,-84,188,-469,g5/117mA/117mA g5/117mA/117mA g4/117mA/117mA g4/117mA/117mA,,,,,,
105.892,HRV,181,12817223,13647952,11369460,12561541,-83,188,-470,g5/117mA/117mA g5/117mA/117mA g4/117mA/117mA g4/117mA/117mA,,,,,,
105.892,HRV,182,12820806,13649941,11369700,12570525,-83,189,-470,g5/117mA/117mA g5/117mA/117mA g4/117mA/117mA g4/117mA/117mA,,,,,,
105.892,HRV,183,12820600,13648781,11369043,12573024,-83,189,-470,g5/117mA/117mA g5/117mA/117mA g4/117mA/117mA g4/117mA/117mA,,,,,,
105.956,HRV,184,12821113,13645546,11368820,12576351,-84,188,-470,g5/117mA/117mA g5/117mA/117mA g4/117mA/117mA g4/117mA/117mA,,,,,,
105.956,HRV,185,12820404,13645872,11366994,12580131,-85,188,-470,g5/117mA/117mA g5/117mA/117mA g4/117mA/117mA g4/117mA/117mA,,,,,,
105.956,HRV,186,12819448,13647911,11363755,12588304,-83,188,-470,g5/117mA/117mA g5/117mA/117mA g4/117mA/117mA g4/117mA/117mA,,,,,,
105.956,HRV,187,12820815,13648038,11362558,12597381,-83,188,-470,g5/117mA/117mA g5/117mA/117mA g4/117mA/117mA g4/117mA/117mA,,,,,,
105.956,HRV,188,12824917,13649224,11362747,12606356,-84,188,-469,g5/117mA/117mA g5/117mA/117mA g4/117mA/117mA g4/117mA/117mA,,,,,,
105.956,HRV,189,12831173,13651058,11363702,12612047,-84,188,-469,g5/117mA/117mA g5/117mA/117mA g4/117mA/117mA g4/117mA/117mA,,,,,,
105.957,HRV,190,12838517,13654471,11365733,12616772,-84,187,-469,g5/117mA/117mA g5/117mA/117mA g4/117mA/117mA g4/117mA/117mA,,,,,,
105.957,HRV,191,12847175,13658122,11369188,12620415,-83,187,-470,g5/117mA/117mA g5/117mA/117mA g4/117mA/117mA g4/117mA/117mA,1033,0,0,0,80,1
105.957,HRV,192,12853839,13662219,11372352,12623554,-83,187,-470,g5/117mA/117mA g5/117mA/117mA g4/117mA/117mA g4/117mA/117mA,,,,,,
105.957,HRV,193,12859103,13665903,11374878,12627343,-81,187,-470,g5/117mA/117mA g5/117mA/117mA g4/117mA/117mA g4/117mA/117mA,,,,,,
106.017,HRV,194,12864818,13670331,11377123,12631609,-80,187,-470,g5/117mA/117mA g5/117mA/117mA g4/117mA/117mA g4/117mA/117mA,,,,,,
106.018,HRV,195,12871611,13674066,11379938,12635413,-83,187,-470,g5/117mA/117mA g5/117mA/117mA g4/117mA/117mA g4/117mA/117mA,,,,,,
106.018,HRV,196,12879184,13678453,11382745,12639491,-86,188,-470,g5/117mA/117mA g5/117mA/117mA g4/117mA/117mA g4/117mA/117mA,,,,,,
106.018,HRV,197,12888458,13683519,11386379,12644098,-88,188,-470,g5/117mA/117mA g5/117mA/117mA g4/117mA/117mA g4/117mA/117mA,,,,,,
106.018,HRV,198,12897202,13687991,11390046,12647451,-84,188,-470,g5/117mA/117mA g5/117mA/117mA g4/117mA/117mA g4/117mA/117mA,,,,,,
106.018,HRV,199,12906630,13694543,11393596,12653466,-82,188,-469,g5/117mA/117mA g5/117mA/117mA g4/117mA/117mA g4/117mA/117mA,,,,,,
106.018,HRV,200,12918915,13703211,11398067,12660887,-82,189,-469,g5/117mA/117mA g5/117mA/117mA g4/117mA/117mA g4/117mA/117mA,,,,,,
106.018,HRV,201,12930007,13711545,11401873,12666467,-84,189,-469,g5/117mA/117mA g5/117mA/117mA g4/117mA/117mA g4/117mA/117mA,,,,,,
106.018,HRV,202,12898561,13709208,11394517,12660845,-83,188,-469,g5/117mA/117mA g5/117mA/117mA g4/117mA/117mA g4/117mA/117mA,,,,,,
106.018,HRV,203,12859419,13682113,11378325,12643389,-85,188,-470,g5/117mA/117mA g5/117mA/117mA g4/117mA/117mA g4/117mA/117mA,,,,,,
106.018,HRV,204,12834182,13657355,11365555,12629399,-91,188,-470,g5/117mA/117mA g5/117mA/117mA g4/117mA/117mA g4/117mA/117mA,,,,,,
106.102,HRV,205,12822359,13643440,11356545,12628555,-87,188,-470,g5/117mA/117mA g5/117mA/117mA g4/117mA/117mA g4/117mA/117mA,,,,,,
106.102,HRV,206,12817512,13636972,11351390,12630610,-83,188,-469,g5/117mA/117mA g5/117mA/117mA g4/117mA/117mA g4/117mA/117mA,,,,,,
106.102,HRV,207,12813596,13629098,11347696,12628281,-83,188,-469,g5/117mA/117mA g5/117mA/117mA g4/117mA/117mA g4/117mA/117mA,,,,,,
106.102,HRV,208,12815696,13625122,11346632,12626063,-88,189,-470,g5/117mA/117mA g5/117mA/117mA g4/117mA/117mA g4/117mA/117mA,,,,,,
106.102,HRV,209,12818511,13625354,11346238,12623923,-87,189,-470,g5/117mA/117mA g5/117mA/117mA g4/117mA/117mA g4/117mA/117mA,,,,,,
106.102,HRV,210,12819534,13622889,11345575,12619288,-78,188,-470,g5/117mA/117mA g5/117mA/117mA g4/117mA/117mA g4/117mA/117mA,,,,,,
106.133,HRV,211,12819816,13621319,11344030,12616610,-81,188,-469,g5/117mA/117mA g5/117mA/117mA g4/117mA/117mA g4/117mA/117mA,,,,,,
106.133,HRV,212,12819636,13619127,11343065,12615485,-80,202,-463,g5/117mA/117mA g5/117mA/117mA g4/117mA/117mA g4/117mA/117mA,,,,,,
107.215,HR,213,12822205,13619671,11342733,12616047,-81,192,-469,g5/117mA/117mA g5/117mA/117mA g4/117mA/117mA g4/117mA/117mA,,,,,,
107.215,HR,214,12826753,13621302,11343501,12618742,-81,191,-469,g5/117mA/117mA g5/117mA/117mA g4/117mA/117mA g4/117mA/117mA,,,,,,
107.215,HR,215,12834234,13623451,11345744,12621736,-81,191,-469,g5/117mA/117mA g5/117mA/117mA g4/117mA/117mA g4/117mA/117mA,,,,,,
107.215,HR,216,12841842,13626241,11348730,12624587,-81,191,-469,g5/117mA/117mA g5/117mA/117mA g4/117mA/117mA g4/117mA/117mA,57,100,0,1,0,0
107.218,HR,217,12850708,13632570,11352313,12629022,-81,191,-469,g5/117mA/117mA g5/117mA/117mA g4/117mA/117mA g4/117mA/117mA,,,,,,
107.218,HR,218,12858727,13638363,11355879,12633860,-81,191,-469,g5/117mA/117mA g5/117mA/117mA g4/117mA/117mA g4/117mA/117mA,,,,,,
107.218,HR,219,12864939,13643117,11359052,12639082,-81,191,-469,g5/117mA/117mA g5/117mA/117mA g4/117mA/117mA g4/117mA/117mA,,,,,,
107.218,HR,220,12871268,13649157,11361662,12643279,-81,191,-469,g5/117mA/117mA g5/117mA/117mA g4/117mA/117mA g4/117mA/117mA,,,,,,
107.218,HR,221,12877283,13654266,11364437,12648245,-81,191,-469,g5/117mA/117mA g5/117mA/117mA g4/117mA/117mA g4/117mA/117mA,,,,,,
107.218,HR,222,12885089,13660741,11367644,12652782,-81,191,-468,g5/117mA/117mA g5/117mA/117mA g4/117mA/117mA g4/117mA/117mA,,,,,,
107.333,HR,223,12894183,13667054,11371166,12656579,-81,191,-467,g5/117mA/117mA g5/117mA/117mA g4/117mA/117mA g4/117mA/117mA,,,,,,
107.333,HR,224,12903234,13674424,11374588,12661281,-81,191,-468,g5/117mA/117mA g5/117mA/117mA g4/117mA/117mA g4/117mA/117mA,,,,,,
107.333,HR,225,12913890,13682403,11378640,12666484,-81,191,-469,g5/117mA/117mA g5/117mA/117mA g4/117mA/117mA g4/117mA/117mA,,,,,,
107.333,HR,226,12923974,13690107,11382395,12671090,-81,191,-469,g5/117mA/117mA g5/117mA/117mA g4/117mA/117mA g4/117mA/117mA,,,,,,
107.333,HR,227,12934801,13698109,11386405,12676049,-81,191,-468,g5/117mA/117mA g5/117mA/117mA g4/117mA/117mA g4/117mA/117mA,,,,,,
107.338,HR,228,12945942,13706323,11390507,12681516,-81,192,-468,g5/117mA/117mA g5/117mA/117mA g4/117mA/117mA g4/117mA/117mA,,,,,,
107.338,HR,229,12957612,13714574,11394731,12686993,-81,192,-468,g5/117mA/117mA g5/117mA/117mA g4/117mA/117mA g4/117mA/117mA,,,,,,
107.338,HR,230,12951999,13720528,11395130,12688137,-81,192,-468,g5/117mA/117mA g5/117mA/117mA g4/117mA/117mA g4/117mA/117mA,,,,,,
107.338,HR,231,12896009,13704601,11377872,12670296,-81,192,-468,g5/117mA/117mA g5/117mA/117mA g4/117mA/117mA g4/117mA/117mA,,,,,,
107.338,HR,232,12863667,13679706,11360246,12651024,-81,192,-468,g5/117mA/117mA g5/117mA/117mA g4/117mA/117mA g4/117mA/117mA,,,,,,
107.338,HR,233,12849478,13664520,11350836,12639942,-81,192,-468,g5/117mA/117mA g5/117mA/117mA g4/117mA/117mA g4/117mA/117mA,,,,,,
107.423,HR,234,12846006,13659102,11346946,12635235,-81,193,-468,g5/117mA/117mA g5/117mA/117mA g4/117mA/117mA g4/117mA/117mA,,,,,,
107.423,HR,235,12845341,13656263,11345326,12633519,-81,193,-468,g5/117mA/117mA g5/117mA/117mA g4/117mA/117mA g4/117mA/117mA,,,,,,
107.423,HR,236,12845249,13653950,11344619,12631959,-81,193,-468,g5/117mA/117mA g5/117mA/117mA g4/117mA/117mA g4/117mA/117mA,,,,,,
107.423,HR,237,12848336,13653703,11345131,12632273,-81,193,-468,g5/117mA/117mA g5/117mA/117mA g4/117mA/117mA g4/117mA/117mA,,,,,,
107.423,HR,238,12847686,13652380,11345028,12630968,-81,193,-468,g5/117mA/117mA g5/117mA/117mA g4/117mA/117mA g4/117mA/117mA,,,,,,
107.423,HR,239,12846338,13649685,11343843,12629330,-81,193,-468,g5/117mA/117mA g5/117mA/117mA g4/117mA/117mA g4/117mA/117mA,,,,,,
107.543,HR,240,12844651,13646742,11342503,12627222,-79,194,-468,g5/117mA/117mA g5/117mA/117mA g4/117mA/117mA g4/117mA/117mA,,,,,,
107.543,HR,241,12844865,13645591,11342604,12626524,-76,196,-468,g5/117mA/117mA g5/117mA/117mA g4/117mA/117mA g4/117mA/117mA,57,100,0,1,0,0
107.543,HR,242,12848559,13646220,11344054,12626959,-79,194,-468,g5/117mA/117mA g5/117mA/117mA g4/117mA/117mA g4/117mA/117mA,,,,,,
107.543,HR,243,12854717,13649113,11346570,12629067,-81,193,-468,g5/117mA/117mA g5/117mA/117mA g4/117mA/117mA g4/117mA/117mA,,,,,,
107.543,HR,244,12861576,13653250,11349336,12631522,-81,193,-468,g5/117mA/117mA g5/117mA/117mA g4/117mA/117mA g4/117mA/117mA,,,,,,
107.575,HR,245,12869153,13657211,11352714,12634083,-85,192,-468,g5/117mA/117mA g5/117mA/117mA g4/117mA/117mA g4/117mA/117mA,,,,,,
107.575,HR,246,12876762,13661245,11356758,12637409,-83,204,-463,g5/117mA/117mA g5/117mA/117mA g4/117mA/117mA g4/117mA/117mA,,,,,,
107.577,HRV,213,12822205,13619671,11342733,12616047,-81,192,-469,g5/117mA/117mA g5/117mA/117mA g4/117mA/117mA g4/117mA/117mA,,,,,,
107.577,HRV,214,12826753,13621302,11343501,12618742,-81,191,-469,g5/117mA/117mA g5/117mA/117mA g4/117mA/117mA g4/117mA/117mA,,,,,,
107.577,HRV,215,12834234,13623451,11345744,12621736,-81,191,-469,g5/117mA/117mA g5/117mA/117mA g4/117mA/117mA g4/117mA/117mA,,,,,,
107.577,HRV,216,12841842,13626241,11348730,12624587,-81,191,-469,g5/117mA/117mA g5/117mA/117mA g4/117mA/117mA g4/117mA/117mA,1045,0,0,0,80,1
107.662,HRV,217,12850708,13632570,11352313,12629022,-81,191,-469,g5/117mA/117mA g5/117mA/117mA g4/117mA/117mA g4/117mA/117mA,,,,,,
107.662,HRV,218,12858727,13638363,11355879,12633860,-81,191,-469,g5/117mA/117mA g5/117mA/117mA g4/117mA/117mA g4/117mA/117mA,,,,,,
107.662,HRV,219,12864939,13643117,11359052,12639082,-81,191,-469,g5/117mA/117mA g5/117mA/117mA g4/117mA/117mA g4/117mA/117mA,,,,,,
107.662,HRV,220,12871268,13649157,11361662,12643279,-81,191,-469,g5/117mA/117mA g5/117mA/117mA g4/117mA/117mA g4/117mA/117mA,,,,,,
107.662,HRV,221,12877283,13654266,11364437,12648245,-81,191,-469,g5/117mA/117mA g5/117mA/117mA g4/117mA/117mA g4/117mA/117mA,,,,,,
107.662,HRV,222,12885089,13660741,11367644,12652782,-81,191,-468,g5/117mA/117mA g5/117mA/117mA g4/117mA/117mA g4/117mA/117mA,,,,,,
107.699,HRV,228,12896230,13668955,11371746,12658249,-81,192,-468,g5/117mA/117mA g5/117mA/117mA g4/117mA/117mA g4/117mA/117mA,,,,,,
107.699,HRV,229,12907900,13677206,11375970,12663726,-81,192,-468,g5/117mA/117mA g5/117mA/117mA g4/117mA/117mA g4/117mA/117mA,,,,,,
107.699,HRV,230,12902287,13683160,11376369,12664870,-81,192,-468,g5/117mA/117mA g5/117mA/117mA g4/117mA/117mA g4/117mA/117mA,,,,,,
107.699,HRV,231,12846297,13667233,11359111,12647029,-81,192,-468,g5/117mA/117mA g5/117mA/117mA g4/117mA/117mA g4/117mA/117mA,,,,,,
107.699,HRV,232,12813955,13642338,11341485,12627757,-81,192,-468,g5/117mA/117mA g5/117mA/117mA g4/117mA/117mA g4/117mA/117mA,,,,,,
107.699,HRV,233,12799766,13627152,11332075,12616675,-81,192,-468,g5/117mA/117mA g5/117mA/117mA g4/117mA/117mA g4/117mA/117mA,,,,,,
107.724,HRV,234,12846006,13659102,11346946,12635235,-81,193,-468,g5/117mA/117mA g5/117mA/117mA g4/117mA/117mA g4/117mA/117mA,,,,,,
107.724,HRV,235,12845341,13656263,11345326,12633519,-81,193,-468,g5/117mA/117mA g5/117mA/117mA g4/117mA/117mA g4/117mA/117mA,,,,,,
107.724,HRV,236,12845249,13653950,11344619,12631959,-81,193,-468,g5/117mA/117mA g5/117mA/117mA g4/117mA/117mA g4/117mA/117mA,,,,,,
107.724,HRV,237,12848336,13653703,11345131,12632273,-81,193,-468,g5/117mA/117mA g5/117mA/117mA g4/117mA/117mA g4/117mA/117mA,,,,,,
107.724,HRV,238,12847686,13652380,11345028,12630968,-81,193,-468,g5/117mA/117mA g5/117mA/117mA g4/117mA/117mA g4/117mA/117mA,,,,,,
107.724,HRV,239,12846338,13649685,11343843,12629330,-81,193,-468,g5/117mA/117mA g5/117mA/117mA g4/117mA/117mA g4/117mA/117mA,,,,,,
107.843,HRV,240,12844651,13646742,11342503,12627222,-79,194,-468,g5/117mA/117mA g5/117mA/117mA g4/117mA/117mA g4/117mA/117mA,,,,,,
107.843,HRV,241,12844865,13645591,11342604,12626524,-76,196,-468,g5/117mA/117mA g5/117mA/117mA g4/117mA/117mA g4/117mA/117mA,1080,0,0,0,100,1
107.843,HRV,242,12848559,13646220,11344054,12626959,-79,194,-468,g5/117mA/117mA g5/117mA/117mA g4/117mA/117mA g4/117mA/117mA,,,,,,
107.843,HRV,243,12854717,13649113,11346570,12629067,-81,193,-468,g5/117mA/117mA g5/117mA/117mA g4/117mA/117mA g4/117mA/117mA,,,,,,
107.843,HRV,244,12861576,13653250,11349336,12631522,-81,193,-468,g5/117mA/117mA g5/117mA/117mA g4/117mA/117mA g4/117mA/117mA,,,,,,
107.877,HRV,245,12869153,13657211,11352714,12634083,-85,192,-468,g5/117mA/117mA g5/117mA/117mA g4/117mA/117mA g4/117mA/117mA,,,,,,
107.877,HRV,246,12876762,13661245,11356758,12637409,-83,204,-463,g5/117mA/117mA g5/117mA/117mA g4/117mA/117mA g4/117mA/117mA,,,,,,
108.474,HR,247,12881412,13665255,11359889,12639713,-83,193,-468,g5/117mA/117mA g5/117mA/117mA g4/117mA/117mA g4/117mA/117mA,,,,,,
108.474,HR,248,12886479,13669766,11362671,12641923,-83,193,-468,g5/117mA/117mA g5/117mA/117mA g4/117mA/117mA g4/117mA/117mA,,,,,,
108.474,HR,249,12892613,13675647,11365785,12645010,-83,193,-468,g5/117mA/117mA g5/117mA/117mA g4/117mA/117mA g4/117mA/117mA,,,,,,
108.474,HR,250,12899208,13680295,11369309,12648483,-83,192,-468,g5/117mA/117mA g5/117mA/117mA g4/117mA/117mA g4/117mA/117mA,,,,,,
108.474,HR,251,12907961,13686421,11373727,12653150,-83,192,-468,g5/117mA/117mA g5/117mA/117mA g4/117mA/117mA g4/117mA/117mA,,,,,,
108.535,HR,252,12915563,13692725,11377207,12658720,-83,192,-468,g5/117mA/117mA g5/117mA/117mA g4/117mA/117mA g4/117mA/117mA,,,,,,
108.535,HR,253,12924350,13700718,11380712,12664445,-83,192,-468,g5/117mA/117mA g5/117mA/117mA g4/117mA/117mA g4/117mA/117mA,,,,,,
108.535,HR,254,12932608,13708234,11384014,12669829,-83,192,-468,g5/117mA/117mA g5/117mA/117mA g4/117mA/117mA g4/117mA/117mA,,,,,,
108.535,HR,255,12940438,13714198,11387624,12673794,-83,192,-468,g5/117mA/117mA g5/117mA/117mA g4/117mA/117mA g4/117mA/117mA,,,,,,
108.535,HR,0,12950412,13721825,11392050,12677770,-83,192,-468,g5/117mA/117mA g5/117mA/117mA g4/117mA/117mA g4/117mA/117mA,,,,,,
108.535,HR,1,12960317,13730211,11395906,12682062,-83,192,-467,g5/117mA/117mA g5/117mA/117mA g4/117mA/117mA g4/117mA/117mA,,,,,,
108.539,HR,2,12952359,13735022,11395276,12681840,-83,192,-467,g5/117mA/117mA g5/117mA/117mA g4/117mA/117mA g4/117mA/117mA,,,,,,
108.539,HR,3,12903901,13718959,11378487,12665417,-82,193,-467,g5/117mA/117mA g5/117mA/117mA g4/117mA/117mA g4/117mA/117mA,,,,,,
108.539,HR,4,12872053,13696880,11360571,12647391,-82,193,-468,g5/117mA/117mA g5/117mA/117mA g4/117mA/117mA g4/117mA/117mA,,,,,,
108.539,HR,5,12855894,13682598,11349370,12635566,-82,193,-468,g5/117mA/117mA g5/117mA/117mA g4/117mA/117mA g4/117mA/117mA,,,,,,
108.539,HR,6,12850835,13678777,11344277,12632784,-84,194,-468,g5/117mA/117mA g5/117mA/117mA g4/117mA/117mA g4/117mA/117mA,,,,,,
108.594,HR,7,12850581,13677949,11342527,12635514,-85,194,-467,g5/117mA/117mA g5/117mA/117mA g4/117mA/117mA g4/117mA/117mA,,,,,,
108.594,HR,8,12852065,13677285,11342136,12638084,-85,194,-467,g5/117mA/117mA g5/117mA/117mA g4/117mA/117mA g4/117mA/117mA,,,,,,
108.594,HR,9,12854453,13678222,11342646,12639916,-84,194,-467,g5/117mA/117mA g5/117mA/117mA g4/117mA/117mA g4/117mA/117mA,,,,,,
108.594,HR,10,12855638,13679356,11342578,12640651,-83,194,-467,g5/117mA/117mA g5/117mA/117mA g4/117mA/117mA g4/117mA/117mA,57,100,0,1,0,0
108.594,HR,11,12853574,13679364,11340036,12640070,-83,194,-467,g5/117mA/117mA g5/117mA/117mA g4/117mA/117mA g4/117mA/117mA,,,,,,
108.657,HR,12,12851006,13678563,11335771,12639276,-82,194,-467,g5/117mA/117mA g5/117mA/117mA g4/117mA/117mA g4/117mA/117mA,,,,,,
108.657,HR,13,12850059,13680644,11332084,12639756,-82,194,-466,g5/117mA/117mA g5/117mA/117mA g4/117mA/117mA g4/117mA/117mA,,,,,,
108.657,HR,14,12853012,13683946,11329493,12642126,-82,194,-466,g5/117mA/117mA g5/117mA/117mA g4/117mA/117mA g4/117mA/117mA,,,,,,
108.657,HR,15,12856655,13688442,11328067,12645259,-82,194,-466,g5/117mA/117mA g5/117mA/117mA g4/117mA/117mA g4/117mA/117mA,,,,,,
108.657,HR,16,12861841,13694082,11327719,12650121,-82,194,-467,g5/117mA/117mA g5/117mA/117mA g4/117mA/117mA g4/117mA/117mA,,,,,,
108.658,HR,17,12868649,13700591,11328220,12654812,-82,194,-467,g5/117mA/117mA g5/117mA/117mA g4/117mA/117mA g4/117mA/117mA,,,,,,
108.658,HR,18,12877180,13706793,11330276,12659949,-82,194,-467,g5/117mA/117mA g5/117mA/117mA g4/117mA/117mA g4/117mA/117mA,,,,,,
108.658,HR,19,12884866,13713081,11332547,12664674,-82,195,-467,g5/117mA/117mA g5/117mA/117mA g4/117mA/117mA g4/117mA/117mA,,,,,,
108.658,HR,20,12892212,13720024,11335104,12669026,-82,195,-467,g5/117mA/117mA g5/117mA/117mA g4/117mA/117mA g4/117mA/117mA,,,,,,
108.658,HR,21,12899720,13726952,11337664,12673172,-84,195,-467,g5/117mA/117mA g5/117mA/117mA g4/117mA/117mA g4/117mA/117mA,,,,,,
108.658,HR,22,12907832,13734819,11340506,12678410,-87,195,-468,g5/117mA/117mA g5/117mA/117mA g4/117mA/117mA g4/117mA/117mA,,,,,,
108.682,HR,23,12918522,13743024,11343644,12684767,-88,194,-468,g5/117mA/117mA g5/117mA/117mA g4/117mA/117mA g4/117mA/117mA,,,,,,
108.683,HR,24,12928461,13751794,11347186,12691173,-84,193,-468,g5/117mA/117mA g5/117mA/117mA g4/117mA/117mA g4/117mA/117mA,,,,,,
108.717,HRV,247,12881412,13665255,11359889,12639713,-83,193,-468,g5/117mA/117mA g5/117mA/117mA g4/117mA/117mA g4/117mA/117mA,,,,,,
108.717,HRV,248,12886479,13669766,11362671,12641923,-83,193,-468,g5/117mA/117mA g5/117mA/117mA g4/117mA/117mA g4/117mA/117mA,,,,,,
108.717,HRV,249,12892613,13675647,11365785,12645010,-83,193,-468,g5/117mA/117mA g5/117mA/117mA g4/117mA/117mA g4/117mA/117mA,,,,,,
108.717,HRV,250,12899208,13680295,11369309,12648483,-83,192,-468,g5/117mA/117mA g5/117mA/117mA g4/117mA/117mA g4/117mA/117mA,,,,,,
108.717,HRV,251,12907961,13686421,11373727,12653150,-83,192,-468,g5/117mA/117mA g5/117mA/117mA g4/117mA/117mA g4/117mA/117mA,,,,,,
108.742,HRV,252,12915563,13692725,11377207,12658720,-83,192,-468,g5/117mA/117mA g5/117mA/117mA g4/117mA/117mA g4/117mA/117mA,,,,,,
108.742,HRV,253,12924350,13700718,11380712,12664445,-83,192,-468,g5/117mA/117mA g5/117mA/117mA g4/117mA/117mA g4/117mA/117mA,,,,,,
108.742,HRV,254,12932608,13708234,11384014,12669829,-83,192,-468,g5/117mA/117mA g5/117mA/117mA g4/117mA/117mA g4/117mA/117mA,,,,,,
108.742,HRV,255,12940438,13714198,11387624,12673794,-83,192,-468,g5/117mA/117mA g5/117mA/117mA g4/117mA/117mA g4/117mA/117mA,,,,,,
108.742,HRV,0,12950412,13721825,11392050,12677770,-83,192,-468,g5/117mA/117mA g5/117mA/117mA g4/117mA/117mA g4/117mA/117mA,,,,,,
108.742,HRV,1,12960317,13730211,11395906,12682062,-83,192,-467,g5/117mA/117mA g5/117mA/117mA g4/117mA/117mA g4/117mA/117mA,,,,,,
108.802,HRV,2,12952359,13735022,11395276,12681840,-83,192,-467,g5/117mA/117mA g5/117mA/117mA g4/117mA/117mA g4/117mA/117mA,,,,,,
108.802,HRV,3,12903901,13718959,11378487,12665417,-82,193,-467,g5/117mA/117mA g5/117mA/117mA g4/117mA/117mA g4/117mA/117mA,,,,,,
108.802,HRV,4,12872053,13696880,11360571,12647391,-82,193,-468,g5/117mA/117mA g5/117mA/117mA g4/117mA/117mA g4/117mA/117mA,,,,,,
108.802,HRV,5,12855894,13682598,11349370,12635566,-82,193,-468,g5/117mA/117mA g5/117mA/117mA g4/117mA/117mA g4/117mA/117mA,,,,,,
108.802,HRV,6,12850835,13678777,11344277,12632784,-84,194,-468,g5/117mA/117mA g5/117mA/117mA g4/117mA/117mA g4/117mA/117mA,,,,,,
108.895,HRV,7,12850581,13677949,11342527,12635514,-85,194,-467,g5/117mA/117mA g5/117mA/117mA g4/117mA/117mA g4/117mA/117mA,,,,,,
108.895,HRV,8,12852065,13677285,11342136,12638084,-85,194,-467,g5/117mA/117mA g5/117mA/117mA g4/117mA/117mA g4/117mA/117mA,,,,,,
108.895,HRV,9,12854453,13678222,11342646,12639916,-84,194,-467,g5/117mA/117mA g5/117mA/117mA g4/117mA/117mA g4/117mA/117mA,,,,,,
108.895,HRV,10,12855638,13679356,11342578,12640651,-83,194,-467,g5/117mA/117mA g5/117mA/117mA g4/117mA/117mA g4/117mA/117mA,1070,0,0,0,100,1
108.895,HRV,11,12853574,13679364,11340036,12640070,-83,194,-467,g5/117mA/117mA g5/117mA/117mA g4/117mA/117mA g4/117mA/117mA,,,,,,
108.898,HRV,12,12851006,13678563,11335771,12639276,-82,194,-467,g5/117mA/117mA g5/117mA/117mA g4/117mA/117mA g4/117mA/117mA,,,,,,
108.898,HRV,13,12850059,13680644,11332084,12639756,-82,194,-466,g5/117mA/117mA g5/117mA/117mA g4/117mA/117mA g4/117mA/117mA,,,,,,
108.898,HRV,14,12853012,13683946,11329493,12642126,-82,194,-466,g5/117mA/117mA g5/117mA/117mA g4/117mA/117mA g4/117mA/117mA,,,,,,
108.898,HRV,15,12856655,13688442,11328067,12645259,-82,194,-466,g5/117mA/117mA g5/117mA/117mA g4/117mA/117mA g4/117mA/117mA,,,,,,
108.898,HRV,16,12861841,13694082,11327719,12650121,-82,194,-467,g5/117mA/117mA g5/117mA/117mA g4/117mA/117mA g4/117mA/117mA,,,,,,
108.958,HRV,17,12868649,13700591,11328220,12654812,-82,194,-467,g5/117mA/117mA g5/117mA/117mA g4/117mA/117mA g4/117mA/117mA,,,,,,
108.958,HRV,18,12877180,13706793,11330276,12659949,-82,194,-467,g5/117mA/117mA g5/117mA/117mA g4/117mA/117mA g4/117mA/117mA,,,,,,
108.958,HRV,19,12884866,13713081,11332547,12664674,-82,195,-467,g5/117mA/117mA g5/117mA/117mA g4/117mA/117mA g4/117mA/117mA,,,,,,
108.958,HRV,20,12892212,13720024,11335104,12669026,-82,195,-467,g5/117mA/117mA g5/117mA/117mA g4/117mA/117mA g4/117mA/117mA,,,,,,
108.958,HRV,21,12899720,13726952,11337664,12673172,-84,195,-467,g5/117mA/117mA g5/117mA/117mA g4/117mA/117mA g4/117mA/117mA,,,,,,
108.958,HRV,22,12907832,13734819,11340506,12678410,-87,195,-468,g5/117mA/117mA g5/117mA/117mA g4/117mA/117mA g4/117mA/117mA,,,,,,
108.959,HRV,23,12918522,13743024,11343644,12684767,-88,194,-468,g5/117mA/117mA g5/117mA/117mA g4/117mA/117mA g4/117mA/117mA,,,,,,
108.959,HRV,24,12928461,13751794,11347186,12691173,-84,193,-468,g5/117mA/117mA g5/117mA/117mA g4/117mA/117mA g4/117mA/117mA,,,,,,
109.555,HR,25,12940611,13760089,11351118,12698262,-84,193,-468,g5/117mA/117mA g5/117mA/117mA g4/117mA/117mA g4/117mA/117mA,,,,,,
109.555,HR,26,12954585,13769010,11356484,12705898,-91,190,-467,g5/117mA/117mA g5/117mA/117mA g4/117mA/117mA g4/117mA/117mA,,,,,,
109.555,HR,27,12967484,13777407,11362056,12714258,-91,189,-467,g5/117mA/117mA g5/117mA/117mA g4/117mA/117mA g4/117mA/117mA,,,,,,
109.555,HR,28,12979325,13784999,11366986,12722508,-84,191,-467,g5/117mA/117mA g5/117mA/117mA g4/117mA/117mA g4/117mA/117mA,,,,,,
109.555,HR,29,12991958,13792122,11372661,12729964,-88,191,-467,g5/117mA/117mA g5/117mA/117mA g4/117mA/117mA g4/117mA/117mA,,,,,,
109.702,HR,30,13004271,13799280,11377872,12736542,-86,192,-467,g5/117mA/117mA g5/117mA/117mA g4/117mA/117mA g4/117mA/117mA,,,,,,
109.702,HR,31,12977634,13799017,11374588,12733063,-80,193,-467,g5/117mA/117mA g5/117mA/117mA g4/117mA/117mA g4/117mA/117mA,,,,,,
109.702,HR,32,12924930,13777867,11357295,12715180,-84,193,-466,g5/117mA/117mA g5/117mA/117mA g4/117mA/117mA g4/117mA/117mA,,,,,,
109.702,HR,33,12900625,13755908,11343218,12699874,-86,193,-466,g5/117mA/117mA g5/117mA/117mA g4/117mA/117mA g4/117mA/117mA,,,,,,
109.702,HR,34,12896077,13743709,11339328,12690039,-88,192,-466,g5/117mA/117mA g5/117mA/117mA g4/117mA/117mA g4/117mA/117mA,,,,,,
109.738,HR,35,12900359,13739715,11341095,12683829,-88,192,-466,g5/117mA/117mA g5/117mA/117mA g4/117mA/117mA g4/117mA/117mA,57,100,0,1,0,0
109.738,HR,36,12906537,13738947,11345854,12679544,-84,192,-466,g5/117mA/117mA g5/117mA/117mA g4/117mA/117mA g4/117mA/117mA,,,,,,
109.738,HR,37,12913830,13742248,11350648,12676602,-81,193,-467,g5/117mA/117mA g5/117mA/117mA g4/117mA/117mA g4/117mA/117mA,,,,,,
109.738,HR,38,12921508,13747742,11356134,12675476,-85,193,-467,g5/117mA/117mA g5/117mA/117mA g4/117mA/117mA g4/117mA/117mA,,,,,,
109.738,HR,39,12927728,13752521,11361084,12672558,-89,192,-467,g5/117mA/117mA g5/117mA/117mA g4/117mA/117mA g4/117mA/117mA,,,,,,
109.792,HR,40,12928863,13756343,11363454,12669659,-91,192,-467,g5/117mA/117mA g5/117mA/117mA g4/117mA/117mA g4/117mA/117mA,,,,,,
109.792,HR,41,12930210,13758459,11365785,12665725,-87,192,-467,g5/117mA/117mA g5/117mA/117mA g4/117mA/117mA g4/117mA/117mA,,,,,,
109.793,HR,42,12933128,13761853,11369102,12663251,-86,193,-467,g5/117mA/117mA g5/117mA/117mA g4/117mA/117mA g4/117mA/117mA,,,,,,
109.793,HR,43,12937650,13766478,11372532,12662611,-87,193,-467,g5/117mA/117mA g5/117mA/117mA g4/117mA/117mA g4/117mA/117mA,,,,,,
109.793,HR,44,12943980,13770923,11377087,12662756,-87,193,-467,g5/117mA/117mA g5/117mA/117mA g4/117mA/117mA g4/117mA/117mA,,,,,,
109.793,HR,45,12950651,13774394,11380772,12665639,-85,194,-468,g5/117mA/117mA g5/117mA/117mA g4/117mA/117mA g4/117mA/117mA,,,,,,
109.822,HR,46,12956017,13777577,11379170,12672601,-85,194,-468,g5/117mA/117mA g5/117mA/117mA g4/117mA/117mA g4/117mA/117mA,,,,,,
109.822,HR,47,12958330,13785869,11378019,12679170,-85,193,-468,g5/117mA/117mA g5/117mA/117mA g4/117mA/117mA g4/117mA/117mA,,,,,,
109.822,HR,48,12960335,13793470,11377300,12684477,-83,194,-466,g5/117mA/117mA g5/117mA/117mA g4/117mA/117mA g4/117mA/117mA,,,,,,
109.822,HR,49,12962006,13802147,11376670,12689824,-83,195,-466,g5/117mA/117mA g5/117mA/117mA g4/117mA/117mA g4/117mA/117mA,,,,,,
109.822,HR,50,12963629,13812504,11375757,12693382,-83,195,-466,g5/117mA/117mA g5/117mA/117mA g4/117mA/117mA g4/117mA/117mA,,,,,,
109.919,HR,51,12967457,13818579,11377020,12697017,-84,193,-467,g5/117mA/117mA g5/117mA/117mA g4/117mA/117mA g4/117mA/117mA,,,,,,
109.919,HR,52,12971433,13825206,11378460,12700880,-84,192,-467,g5/117mA/117mA g5/117mA/117mA g4/117mA/117mA g4/117mA/117mA,,,,,,
109.919,HR,53,12978958,13831323,11381660,12703688,-82,194,-467,g5/117mA/117mA g5/117mA/117mA g4/117mA/117mA g4/117mA/117mA,,,,,,
109.919,HR,54,12988377,13839086,11385712,12708116,-83,193,-467,g5/117mA/117mA g5/117mA/117mA g4/117mA/117mA g4/117mA/117mA,,,,,,
109.919,HR,55,12999056,13846680,11390185,12713892,-84,193,-468,g5/117mA/117mA g5/117mA/117mA g4/117mA/117mA g4/117mA/117mA,,,,,,
109.919,HR,56,13010694,13854740,11395054,12720027,-84,193,-468,g5/117mA/117mA g5/117mA/117mA g4/117mA/117mA g4/117mA/117mA,,,,,,
109.919,HR,57,13023592,13863614,11400107,12725939,-84,194,-466,g5/117mA/117mA g5/117mA/117mA g4/117mA/117mA g4/117mA/117mA,,,,,,
109.919,HR,58,13032057,13870713,11404762,12731133,-81,206,-461,g5/117mA/117mA g5/117mA/117mA g4/117mA/117mA g4/117mA/117mA,,,,,,
109.919,HRV,25,12940611,13760089,11351118,12698262,-84,193,-468,g5/117mA/117mA g5/117mA/117mA g4/117mA/117mA g4/117mA/117mA,,,,,,
109.919,HRV,26,12954585,13769010,11356484,12705898,-91,190,-467,g5/117mA/117mA g5/117mA/117mA g4/117mA/117mA g4/117mA/117mA,,,,,,
109.919,HRV,27,12967484,13777407,11362056,12714258,-91,189,-467,g5/117mA/117mA g5/117mA/117mA g4/117mA/117mA g4/117mA/117mA,,,,,,
109.919,HRV,28,12979325,13784999,11366986,12722508,-84,191,-467,g5/117mA/117mA g5/117mA/117mA g4/117mA/117mA g4/117mA/117mA,,,,,,
109.919,HRV,29,12991958,13792122,11372661,12729964,-88,191,-467,g5/117mA/117mA g5/117mA/117mA g4/117mA/117mA g4/117mA/117mA,,,,,,
109.978,HRV,30,13004271,13799280,11377872,12736542,-86,192,-467,g5/117mA/117mA g5/117mA/117mA g4/117mA/117mA g4/117mA/117mA,,,,,,
109.978,HRV,31,12977634,13799017,11374588,12733063,-80,193,-467,g5/117mA/117mA g5/117mA/117mA g4/117mA/117mA g4/117mA/117mA,,,,,,
109.978,HRV,32,12924930,13777867,11357295,12715180,-84,193,-466,g5/117mA/117mA g5/117mA/117mA g4/117mA/117mA g4/117mA/117mA,,,,,,
109.978,HRV,33,12900625,13755908,11343218,12699874,-86,193,-466,g5/117mA/117mA g5/117mA/117mA g4/117mA/117mA g4/117mA/117mA,,,,,,
109.978,HRV,34,12896077,13743709,11339328,12690039,-88,192,-466,g5/117mA/117mA g5/117mA/117mA g4/117mA/117mA g4/117mA/117mA,,,,,,
109.979,HRV,35,12900359,13739715,11341095,12683829,-88,192,-466,g5/117mA/117mA g5/117mA/117mA g4/117mA/117mA g4/117mA/117mA,1073,0,0,0,100,1
109.979,HRV,36,12906537,13738947,11345854,12679544,-84,192,-466,g5/117mA/117mA g5/117mA/117mA g4/117mA/117mA g4/117mA/117mA,,,,,,
109.979,HRV,37,12913830,13742248,11350648,12676602,-81,193,-467,g5/117mA/117mA g5/117mA/117mA g4/117mA/117mA g4/117mA/117mA,,,,,,
109.979,HRV,38,12921508,13747742,11356134,12675476,-85,193,-467,g5/117mA/117mA g5/117mA/117mA g4/117mA/117mA g4/117mA/117mA,,,,,,
110.036,HRV,39,12927728,13752521,11361084,12672558,-89,192,-467,g5/117mA/117mA g5/117mA/117mA g4/117mA/117mA g4/117mA/117mA,,,,,,
110.036,HRV,40,12928863,13756343,11363454,12669659,-91,192,-467,g5/117mA/117mA g5/117mA/117mA g4/117mA/117mA g4/117mA/117mA,,,,,,
110.036,HRV,41,12930210,13758459,11365785,12665725,-87,192,-467,g5/117mA/117mA g5/117mA/117mA g4/117mA/117mA g4/117mA/117mA,,,,,,
110.036,HRV,42,12933128,13761853,11369102,12663251,-86,193,-467,g5/117mA/117mA g5/117mA/117mA g4/117mA/117mA g4/117mA/117mA,,,,,,
110.036,HRV,43,12937650,13766478,11372532,12662611,-87,193,-467,g5/117mA/117mA g5/117mA/117mA g4/117mA/117mA g4/117mA/117mA,,,,,,
110.036,HRV,44,12943980,13770923,11377087,12662756,-87,193,-467,g5/117mA/117mA g5/117mA/117mA g4/117mA/117mA g4/117mA/117mA,,,,,,
110.064,HRV,45,12950651,13774394,11380772,12665639,-85,194,-468,g5/117mA/117mA g5/117mA/117mA g4/117mA/117mA g4/117mA/117mA,,,,,,
110.065,HRV,46,12956017,13777577,11379170,12672601,-85,194,-468,g5/117mA/117mA g5/117mA/117mA g4/117mA/117mA g4/117mA/117mA,,,,,,
110.065,HRV,47,12958330,13785869,11378019,12679170,-85,193,-468,g5/117mA/117mA g5/117mA/117mA g4/117mA/117mA g4/117mA/117mA,,,,,,
110.065,HRV,48,12960335,13793470,11377300,12684477,-83,194,-466,g5/117mA/117mA g5/117mA/117mA g4/117mA/117mA g4/117mA/117mA,,,,,,
110.065,HRV,49,12962006,13802147,11376670,12689824,-83,195,-466,g5/117mA/117mA g5/117mA/117mA g4/117mA/117mA g4/117mA/117mA,,,,,,
110.154,HRV,50,12963629,13812504,11375757,12693382,-83,195,-466,g5/117mA/117mA g5/117mA/117mA g4/117mA/117mA g4/117mA/117mA,,,,,,
110.154,HRV,51,12967457,13818579,11377020,12697017,-84,193,-467,g5/117mA/117mA g5/117mA/117mA g4/117mA/117mA g4/117mA/117mA,,,,,,
110.154,HRV,52,12971433,13825206,11378460,12700880,-84,192,-467,g5/117mA/117mA g5/117mA/117mA g4/117mA/117mA g4/117mA/117mA,,,,,,
110.154,HRV,53,12978958,13831323,11381660,12703688,-82,194,-467,g5/117mA/117mA g5/117mA/117mA g4/117mA/117mA g4/117mA/117mA,,,,,,
110.154,HRV,54,12988377,13839086,11385712,12708116,-83,193,-467,g5/117mA/117mA g5/117mA/117mA g4/117mA/117mA g4/117mA/117mA,,,,,,
110.154,HRV,55,12999056,13846680,11390185,12713892,-84,193,-468,g5/117mA/117mA g5/117mA/117mA g4/117mA/117mA g4/117mA/117mA,,,,,,
110.156,HRV,56,13010694,13854740,11395054,12720027,-84,193,-468,g5/117mA/117mA g5/117mA/117mA g4/117mA/117mA g4/117mA/117mA,,,,,,
110.156,HRV,57,13023592,13863614,11400107,12725939,-84,194,-466,g5/117mA/117mA g5/117mA/117mA g4/117mA/117mA g4/117mA/117mA,,,,,,
110.156,HRV,58,13032057,13870713,11404762,12731133,-81,206,-461,g5/117mA/117mA g5/117mA/117mA g4/117mA/117mA g4/117mA/117mA,,,,,,
111.356,HR,59,12991106,13866020,11396146,12719165,-85,193,-468,g5/117mA/117mA g5/117mA/117mA g4/117mA/117mA g4/117mA/117mA,,,,,,
111.356,HR,60,12955590,13843967,11379511,12702999,-84,193,-468,g5/117mA/117mA g5/117mA/117mA g4/117mA/117mA g4/117mA/117mA,57,100,0,1,0,0
111.356,HR,61,12935876,13825248,11367627,12689560,-84,194,-468,g5/117mA/117mA g5/117mA/117mA g4/117mA/117mA g4/117mA/117mA,,,,,,
111.357,HR,62,12928350,13814166,11361962,12681901,-83,193,-467,g5/117mA/117mA g5/117mA/117mA g4/117mA/117mA g4/117mA/117mA,,,,,,
111.416,HR,63,12927635,13807889,11361015,12677140,-79,191,-467,g5/117mA/117mA g5/117mA/117mA g4/117mA/117mA g4/117mA/117mA,,,,,,
111.416,HR,64,12928479,13802778,11361058,12673062,-79,191,-467,g5/117mA/117mA g5/117mA/117mA g4/117mA/117mA g4/117mA/117mA,,,,,,
111.416,HR,65,12930203,13799571,11363071,12669300,-84,193,-467,g5/117mA/117mA g5/117mA/117mA g4/117mA/117mA g4/117mA/117mA,,,,,,
111.416,HR,66,12932515,13799469,11365954,12666056,-84,193,-467,g5/117mA/117mA g5/117mA/117mA g4/117mA/117mA g4/117mA/117mA,,,,,,
111.416,HR,67,12931558,13797292,11367822,12661338,-83,194,-467,g5/117mA/117mA g5/117mA/117mA g4/117mA/117mA g4/117mA/117mA,,,,,,
111.416,HR,68,12929383,13795023,11367728,12655539,-83,195,-467,g5/117mA/117mA g5/117mA/117mA g4/117mA/117mA g4/117mA/117mA,,,,,,
111.417,HR,69,12927113,13791909,11368591,12649916,-84,195,-467,g5/117mA/117mA g5/117mA/117mA g4/117mA/117mA g4/117mA/117mA,,,,,,
111.417,HR,70,12926501,13790519,11370502,12645821,-86,195,-467,g5/117mA/117mA g5/117mA/117mA g4/117mA/117mA g4/117mA/117mA,,,,,,
111.417,HR,71,12929962,13791780,11373172,12643330,-87,195,-466,g5/117mA/117mA g5/117mA/117mA g4/117mA/117mA g4/117mA/117mA,,,,,,
111.417,HR,72,12934263,13794879,11376686,12642544,-83,195,-467,g5/117mA/117mA g5/117mA/117mA g4/117mA/117mA g4/117mA/117mA,,,,,,
111.417,HR,73,12940490,13799563,11380388,12642675,-83,195,-467,g5/117mA/117mA g5/117mA/117mA g4/117mA/117mA g4/117mA/117mA,,,,,,
111.417,HR,74,12947247,13803664,11384578,12642954,-85,196,-466,g5/117mA/117mA g5/117mA/117mA g4/117mA/117mA g4/117mA/117mA,,,,,,
111.478,HR,75,12953578,13808306,11388597,12643177,-82,196,-466,g5/117mA/117mA g5/117mA/117mA g4/117mA/117mA g4/117mA/117mA,,,,,,
111.478,HR,76,12958824,13812708,11392223,12643237,-82,196,-467,g5/117mA/117mA g5/117mA/117mA g4/117mA/117mA g4/117mA/117mA,,,,,,
111.478,HR,77,12963686,13818119,11395191,12643380,-83,196,-466,g5/117mA/117mA g5/117mA/117mA g4/117mA/117mA g4/117mA/117mA,,,,,,
111.478,HR,78,12969677,13822221,11398168,12643936,-83,196,-466,g5/117mA/117mA g5/117mA/117mA g4/117mA/117mA g4/117mA/117mA,,,,,,
111.478,HR,79,12976203,13827040,11402144,12645360,-82,196,-466,g5/117mA/117mA g5/117mA/117mA g4/117mA/117mA g4/117mA/117mA,,,,,,
111.478,HR,80,12983651,13832432,11406350,12647519,-82,196,-466,g5/117mA/117mA g5/117mA/117mA g4/117mA/117mA g4/117mA/117mA,,,,,,
111.502,HR,81,12990749,13836563,11410146,12650384,-84,197,-466,g5/117mA/117mA g5/117mA/117mA g4/117mA/117mA g4/117mA/117mA,,,,,,
111.502,HR,82,12998811,13840981,11414300,12652185,-83,196,-466,g5/117mA/117mA g5/117mA/117mA g4/117mA/117mA g4/117mA/117mA,,,,,,
111.502,HR,83,13006796,13846365,11418227,12654950,-83,195,-467,g5/117mA/117mA g5/117mA/117mA g4/117mA/117mA g4/117mA/117mA,,,,,,
111.502,HR,84,13014951,13852165,11422235,12657903,-84,195,-467,g5/117mA/117mA g5/117mA/117mA g4/117mA/117mA g4/117mA/117mA,,,,,,
111.502,HR,85,13023159,13857805,11425810,12660870,-88,195,-468,g5/117mA/117mA g5/117mA/117mA g4/117mA/117mA g4/117mA/117mA,57,100,0,1,0,0
111.658,HR,86,13027218,13862274,11428658,12661979,-87,195,-467,g5/117mA/117mA g5/117mA/117mA g4/117mA/117mA g4/117mA/117mA,,,,,,
111.658,HR,87,12995286,13852141,11417467,12651759,-77,195,-465,g5/117mA/117mA g5/117mA/117mA g4/117mA/117mA g4/117mA/117mA,,,,,,
111.658,HR,88,12958354,13826333,11397179,12630569,-80,196,-466,g5/117mA/117mA g5/117mA/117mA g4/117mA/117mA g4/117mA/117mA,,,,,,
111.658,HR,89,12934861,13807369,11380406,12619545,-83,196,-467,g5/117mA/117mA g5/117mA/117mA g4/117mA/117mA g4/117mA/117mA,,,,,,
111.658,HR,90,12923350,13809082,11363770,12617752,-83,196,-467,g5/117mA/117mA g5/117mA/117mA g4/117mA/117mA g4/117mA/117mA,,,,,,
111.658,HR,91,12917507,13811292,11353807,12619570,-83,195,-467,g5/117mA/117mA g5/117mA/117mA g4/117mA/117mA g4/117mA/117mA,,,,,,
111.658,HR,92,12911024,13811335,11346520,12622182,-80,206,-461,g5/117mA/117mA g5/117mA/117mA g4/117mA/117mA g4/117mA/117mA,,,,,,
111.682,HRV,59,12991106,13866020,11396146,12719165,-85,193,-468,g5/117mA/117mA g5/117mA/117mA g4/117mA/117mA g4/117mA/117mA,,,,,,
111.682,HRV,60,12955590,13843967,11379511,12702999,-84,193,-468,g5/117mA/117mA g5/117mA/117mA g4/117mA/117mA g4/117mA/117mA,1097,0,0,0,100,1
111.682,HRV,61,12935876,13825248,11367627,12689560,-84,194,-468,g5/117mA/117mA g5/117mA/117mA g4/117mA/117mA g4/117mA/117mA,,,,,,
111.682,HRV,62,12928350,13814166,11361962,12681901,-83,193,-467,g5/117mA/117mA g5/117mA/117mA g4/117mA/117mA g4/117mA/117mA,,,,,,
111.718,HRV,63,12927635,13807889,11361015,12677140,-79,191,-467,g5/117mA/117mA g5/117mA/117mA g4/117mA/117mA g4/117mA/117mA,,,,,,
111.718,HRV,64,12928479,13802778,11361058,12673062,-79,191,-467,g5/117mA/117mA g5/117mA/117mA g4/117mA/117mA g4/117mA/117mA,,,,,,
111.718,HRV,65,12930203,13799571,11363071,12669300,-84,193,-467,g5/117mA/117mA g5/117mA/117mA g4/117mA/117mA g4/117mA/117mA,,,,,,
111.718,HRV,66,12932515,13799469,11365954,12666056,-84,193,-467,g5/117mA/117mA g5/117mA/117mA g4/117mA/117mA g4/117mA/117mA,,,,,,
111.718,HRV,67,12931558,13797292,11367822,12661338,-83,194,-467,g5/117mA/117mA g5/117mA/117mA g4/117mA/117mA g4/117mA/117mA,,,,,,
111.718,HRV,68,12929383,13795023,11367728,12655539,-83,195,-467,g5/117mA/117mA g5/117mA/117mA g4/117mA/117mA g4/117mA/117mA,,,,,,
111.772,HRV,69,12927113,13791909,11368591,12649916,-84,195,-467,g5/117mA/117mA g5/117mA/117mA g4/117mA/117mA g4/117mA/117mA,,,,,,
111.772,HRV,70,12926501,13790519,11370502,12645821,-86,195,-467,g5/117mA/117mA g5/117mA/117mA g4/117mA/117mA g4/117mA/117mA,,,,,,
111.772,HRV,71,12929962,13791780,11373172,12643330,-87,195,-466,g5/117mA/117mA g5/117mA/117mA g4/117mA/117mA g4/117mA/117mA,,,,,,
111.772,HRV,72,12934263,13794879,11376686,12642544,-83,195,-467,g5/117mA/117mA g5/117mA/117mA g4/117mA/117mA g4/117mA/117mA,,,,,,
111.772,HRV,73,12940490,13799563,11380388,12642675,-83,195,-467,g5/117mA/117mA g5/117mA/117mA g4/117mA/117mA g4/117mA/117mA,,,,,,
111.772,HRV,74,12947247,13803664,11384578,12642954,-85,196,-466,g5/117mA/117mA g5/117mA/117mA g4/117mA/117mA g4/117mA/117mA,,,,,,
111.781,HRV,75,12953578,13808306,11388597,12643177,-82,196,-466,g5/117mA/117mA g5/117mA/117mA g4/117mA/117mA g4/117mA/117mA,,,,,,
111.781,HRV,76,12958824,13812708,11392223,12643237,-82,196,-467,g5/117mA/117mA g5/117mA/117mA g4/117mA/117mA g4/117mA/117mA,,,,,,
111.781,HRV,77,12963686,13818119,11395191,12643380,-83,196,-466,g5/117mA/117mA g5/117mA/117mA g4/117mA/117mA g4/117mA/117mA,,,,,,
111.781,HRV,78,12969677,13822221,11398168,12643936,-83,196,-466,g5/117mA/117mA g5/117mA/117mA g4/117mA/117mA g4/117mA/117mA,,,,,,
111.781,HRV,79,12976203,13827040,11402144,12645360,-82,196,-466,g5/117mA/117mA g5/117mA/117mA g4/117mA/117mA g4/117mA/117mA,,,,,,
111.781,HRV,80,12983651,13832432,11406350,12647519,-82,196,-466,g5/117mA/117mA g5/117mA/117mA g4/117mA/117mA g4/117mA/117mA,,,,,,
111.832,HRV,81,12990749,13836563,11410146,12650384,-84,197,-466,g5/117mA/117mA g5/117mA/117mA g4/117mA/117mA g4/117mA/117mA,,,,,,
111.832,HRV,82,12998811,13840981,11414300,12652185,-83,196,-466,g5/117mA/117mA g5/117mA/117mA g4/117mA/117mA g4/117mA/117mA,,,,,,
111.832,HRV,83,13006796,13846365,11418227,12654950,-83,195,-467,g5/117mA/117mA g5/117mA/117mA g4/117mA/117mA g4/117mA/117mA,,,,,,
111.832,HRV,84,13014951,13852165,11422235,12657903,-84,195,-467,g5/117mA/117mA g5/117mA/117mA g4/117mA/117mA g4/117mA/117mA,,,,,,
111.837,HRV,85,13023159,13857805,11425810,12660870,-88,195,-468,g5/117mA/117mA g5/117mA/117mA g4/117mA/117mA g4/117mA/117mA,1120,0,0,0,100,1
111.837,HRV,86,13027218,13862274,11428658,12661979,-87,195,-467,g5/117mA/117mA g5/117mA/117mA g4/117mA/117mA g4/117mA/117mA,,,,,,
111.837,HRV,87,12995286,13852141,11417467,12651759,-77,195,-465,g5/117mA/117mA g5/117mA/117mA g4/117mA/117mA g4/117mA/117mA,,,,,,
111.837,HRV,88,12958354,13826333,11397179,12630569,-80,196,-466,g5/117mA/117mA g5/117mA/117mA g4/117mA/117mA g4/117mA/117mA,,,,,,
111.837,HRV,89,12934861,13807369,11380406,12619545,-83,196,-467,g5/117mA/117mA g5/117mA/117mA g4/117mA/117mA g4/117mA/117mA,,,,,,
112.313,HRV,90,12923350,13809082,11363770,12617752,-83,196,-467,g5/117mA/117mA g5/117mA/117mA g4/117mA/117mA g4/117mA/117mA,,,,,,
112.313,HRV,91,12917507,13811292,11353807,12619570,-83,195,-467,g5/117mA/117mA g5/117mA/117mA g4/117mA/117mA g4/117mA/117mA,,,,,,
112.313,HRV,92,12911024,13811335,11346520,12622182,-80,206,-461,g5/117mA/117mA g5/117mA/117mA g4/117mA/117mA g4/117mA/117mA,,,,,,
112.673,HR,93,12906657,13815293,11340455,12627086,-86,196,-467,g5/117mA/117mA g5/117mA/117mA g4/117mA/117mA g4/117mA/117mA,,,,,,
112.673,HR,94,12903737,13818859,11336881,12629339,-86,195,-467,g5/117mA/117mA g5/117mA/117mA g4/117mA/117mA g4/117mA/117mA,,,,,,
112.673,HR,95,12899822,13821129,11332904,12627010,-86,194,-467,g5/117mA/117mA g5/117mA/117mA g4/117mA/117mA g4/117mA/117mA,,,,,,
112.673,HR,96,12893748,13822511,11327265,12622771,-86,194,-466,g5/117mA/117mA g5/117mA/117mA g4/117mA/117mA g4/117mA/117mA,,,,,,
112.673,HR,97,12890948,13824344,11323759,12617430,-87,195,-465,g5/117mA/117mA g5/117mA/117mA g4/117mA/117mA g4/117mA/117mA,,,,,,
112.681,HR,98,12895122,13827168,11324997,12615970,-87,196,-464,g5/117mA/117mA g5/117mA/117mA g4/117mA/117mA g4/117mA/117mA,,,,,,
112.681,HR,99,12908924,13828080,11331685,12622060,-88,196,-464,g5/117mA/117mA g5/117mA/117mA g4/117mA/117mA g4/117mA/117mA,,,,,,
112.681,HR,100,12922104,13826990,11340217,12624921,-88,195,-465,g5/117mA/117mA g5/117mA/117mA g4/117mA/117mA g4/117mA/117mA,,,,,,
112.681,HR,101,12933717,13827118,11347665,12625595,-88,195,-466,g5/117mA/117mA g5/117mA/117mA g4/117mA/117mA g4/117mA/117mA,,,,,,
112.681,HR,102,12942980,13827989,11354157,12626167,-88,195,-466,g5/117mA/117mA g5/117mA/117mA g4/117mA/117mA g4/117mA/117mA,,,,,,
112.681,HR,103,12950582,13830802,11360698,12626950,-88,195,-466,g5/117mA/117mA g5/117mA/117mA g4/117mA/117mA g4/117mA/117mA,,,,,,
112.736,HR,104,12957435,13834175,11366023,12627010,-89,194,-467,g5/117mA/117mA g5/117mA/117mA g4/117mA/117mA g4/117mA/117mA,,,,,,
112.736,HR,105,12962126,13837158,11370913,12627752,-89,194,-467,g5/117mA/117mA g5/117mA/117mA g4/117mA/117mA g4/117mA/117mA,,,,,,
112.736,HR,106,12967287,13840760,11375545,12629091,-89,194,-467,g5/117mA/117mA g5/117mA/117mA g4/117mA/117mA g4/117mA/117mA,,,,,,
112.736,HR,107,12973387,13844836,11379835,12629970,-89,194,-467,g5/117mA/117mA g5/117mA/117mA g4/117mA/117mA g4/117mA/117mA,,,,,,
112.736,HR,108,12980033,13847780,11384536,12631753,-90,194,-467,g5/117mA/117mA g5/117mA/117mA g4/117mA/117mA g4/117mA/117mA,,,,,,
112.737,HR,109,12987037,13851534,11388903,12633775,-91,194,-466,g5/117mA/117mA g5/117mA/117mA g4/117mA/117mA g4/117mA/117mA,,,,,,
112.737,HR,110,12995260,13856286,11393289,12635841,-91,194,-466,g5/117mA/117mA g5/117mA/117mA g4/117mA/117mA g4/117mA/117mA,56,100,0,1,0,0
112.737,HR,111,13003946,13860278,11397810,12637896,-91,194,-466,g5/117mA/117mA g5/117mA/117mA g4/117mA/117mA g4/117mA/117mA,,,,,,
112.738,HR,112,13011351,13861397,11399833,12643415,-89,193,-466,g5/117mA/117mA g5/117mA/117mA g4/117mA/117mA g4/117mA/117mA,,,,,,
112.738,HR,113,13012111,13864101,11398740,12647492,-86,193,-467,g5/117mA/117mA g5/117mA/117mA g4/117mA/117mA g4/117mA/117mA,,,,,,
112.796,HR,114,12975938,13851415,11384391,12636224,-83,192,-469,g5/117mA/117mA g5/117mA/117mA g4/117mA/117mA g4/117mA/117mA,,,,,,
112.796,HR,115,12937429,13822401,11363523,12613121,-85,192,-469,g5/117mA/117mA g5/117mA/117mA g4/117mA/117mA g4/117mA/117mA,,,,,,
112.796,HR,116,12914521,13799323,11348918,12593917,-86,192,-469,g5/117mA/117mA g5/117mA/117mA g4/117mA/117mA g4/117mA/117mA,,,,,,
112.796,HR,117,12902602,13789358,11337955,12585233,-89,192,-468,g5/117mA/117mA g5/117mA/117mA g4/117mA/117mA g4/117mA/117mA,,,,,,
112.797,HR,118,12894258,13791840,11326676,12582622,-91,193,-467,g5/117mA/117mA g5/117mA/117mA g4/117mA/117mA g4/117mA/117mA,,,,,,
112.821,HR,119,12884508,13794153,11316347,12579585,-93,194,-467,g5/117mA/117mA g5/117mA/117mA g4/117mA/117mA g4/117mA/117mA,,,,,,
112.821,HR,120,12878357,13795349,11309827,12577348,-91,194,-467,g5/117mA/117mA g5/117mA/117mA g4/117mA/117mA g4/117mA/117mA,,,,,,
112.821,HR,121,12868437,13798727,11302696,12575055,-89,194,-467,g5/117mA/117mA g5/117mA/117mA g4/117mA/117mA g4/117mA/117mA,,,,,,
112.821,HR,122,12850860,13791106,11294779,12561883,-86,193,-466,g5/117mA/117mA g5/117mA/117mA g4/117mA/117mA g4/117mA/117mA,,,,,,
112.821,HR,123,12837621,13782159,11287756,12553838,-86,193,-466,g5/117mA/117mA g5/117mA/117mA g4/117mA/117mA g4/117mA/117mA,,,,,,
112.821,HR,124,12832213,13783737,11284386,12556080,-86,193,-466,g5/117mA/117mA g5/117mA/117mA g4/117mA/117mA g4/117mA/117mA,,,,,,
112.853,HR,125,12833561,13789862,11284107,12562982,-85,193,-466,g5/117mA/117mA g5/117mA/117mA g4/117mA/117mA g4/117mA/117mA,,,,,,
112.854,HR,126,12839018,13797729,11286988,12568639,-84,195,-466,g5/117mA/117mA g5/117mA/117mA g4/117mA/117mA g4/117mA/117mA,,,,,,
112.855,HRV,93,12906657,13815293,11340455,12627086,-86,196,-467,g5/117mA/117mA g5/117mA/117mA g4/117mA/117mA g4/117mA/117mA,,,,,,
112.855,HRV,94,12903737,13818859,11336881,12629339,-86,195,-467,g5/117mA/117mA g5/117mA/117mA g4/117mA/117mA g4/117mA/117mA,,,,,,
112.855,HRV,95,12899822,13821129,11332904,12627010,-86,194,-467,g5/117mA/117mA g5/117mA/117mA g4/117mA/117mA g4/117mA/117mA,,,,,,
112.855,HRV,96,12893748,13822511,11327265,12622771,-86,194,-466,g5/117mA/117mA g5/117mA/117mA g4/117mA/117mA g4/117mA/117mA,,,,,,
112.855,HRV,97,12890948,13824344,11323759,12617430,-87,195,-465,g5/117mA/117mA g5/117mA/117mA g4/117mA/117mA g4/117mA/117mA,,,,,,
112.92,HRV,98,12895122,13827168,11324997,12615970,-87,196,-464,g5/117mA/117mA g5/117mA/117mA g4/117mA/117mA g4/117mA/117mA,,,,,,
112.92,HRV,99,12908924,13828080,11331685,12622060,-88,196,-464,g5/117mA/117mA g5/117mA/117mA g4/117mA/117mA g4/117mA/117mA,,,,,,
112.92,HRV,100,12922104,13826990,11340217,12624921,-88,195,-465,g5/117mA/117mA g5/117mA/117mA g4/117mA/117mA g4/117mA/117mA,,,,,,
112.92,HRV,101,12933717,13827118,11347665,12625595,-88,195,-466,g5/117mA/117mA g5/117mA/117mA g4/117mA/117mA g4/117mA/117mA,,,,,,
112.92,HRV,102,12942980,13827989,11354157,12626167,-88,195,-466,g5/117mA/117mA g5/117mA/117mA g4/117mA/117mA g4/117mA/117mA,,,,,,
112.92,HRV,103,12950582,13830802,11360698,12626950,-88,195,-466,g5/117mA/117mA g5/117mA/117mA g4/117mA/117mA g4/117mA/117mA,,,,,,
112.92,HRV,104,12957435,13834175,11366023,12627010,-89,194,-467,g5/117mA/117mA g5/117mA/117mA g4/117mA/117mA g4/117mA/117mA,,,,,,
112.92,HRV,105,12962126,13837158,11370913,12627752,-89,194,-467,g5/117mA/117mA g5/117mA/117mA g4/117mA/117mA g4/117mA/117mA,,,,,,
112.92,HRV,106,12967287,13840760,11375545,12629091,-89,194,-467,g5/117mA/117mA g5/117mA/117mA g4/117mA/117mA g4/117mA/117mA,,,,,,
112.92,HRV,107,12973387,13844836,11379835,12629970,-89,194,-467,g5/117mA/117mA g5/117mA/117mA g4/117mA/117mA g4/117mA/117mA,,,,,,
112.92,HRV,108,12980033,13847780,11384536,12631753,-90,194,-467,g5/117mA/117mA g5/117mA/117mA g4/117mA/117mA g4/117mA/117mA,,,,,,
113.063,HRV,109,12987037,13851534,11388903,12633775,-91,194,-466,g5/117mA/117mA g5/117mA/117mA g4/117mA/117mA g4/117mA/117mA,,,,,,
113.063,HRV,110,12995260,13856286,11393289,12635841,-91,194,-466,g5/117mA/117mA g5/117mA/117mA g4/117mA/117mA g4/117mA/117mA,1120,0,0,0,100,1
113.063,HRV,111,13003946,13860278,11397810,12637896,-91,194,-466,g5/117mA/117mA g5/117mA/117mA g4/117mA/117mA g4/117mA/117mA,,,,,,
113.064,HRV,112,13011351,13861397,11399833,12643415,-89,193,-466,g5/117mA/117mA g5/117mA/117mA g4/117mA/117mA g4/117mA/117mA,,,,,,
113.064,HRV,113,13012111,13864101,11398740,12647492,-86,193,-467,g5/117mA/117mA g5/117mA/117mA g4/117mA/117mA g4/117mA/117mA,,,,,,
113.098,HRV,114,12975938,13851415,11384391,12636224,-83,192,-469,g5/117mA/117mA g5/117mA/117mA g4/117mA/117mA g4/117mA/117mA,,,,,,
113.098,HRV,115,12937429,13822401,11363523,12613121,-85,192,-469,g5/117mA/117mA g5/117mA/117mA g4/117mA/117mA g4/117mA/117mA,,,,,,
113.098,HRV,116,12914521,13799323,11348918,12593917,-86,192,-469,g5/117mA/117mA g5/117mA/117mA g4/117mA/117mA g4/117mA/117mA,,,,,,
113.098,HRV,117,12902602,13789358,11337955,12585233,-89,192,-468,g5/117mA/117mA g5/117mA/117mA g4/117mA/117mA g4/117mA/117mA,,,,,,
113.098,HRV,118,12894258,13791840,11326676,12582622,-91,193,-467,g5/117mA/117mA g5/117mA/117mA g4/117mA/117mA g4/117mA/117mA,,,,,,
113.123,HRV,119,12884508,13794153,11316347,12579585,-93,194,-467,g5/117mA/117mA g5/117mA/117mA g4/117mA/117mA g4/117mA/117mA,,,,,,
113.123,HRV,120,12878357,13795349,11309827,12577348,-91,194,-467,g5/117mA/117mA g5/117mA/117mA g4/117mA/117mA g4/117mA/117mA,,,,,,
113.123,HRV,121,12868437,13798727,11302696,12575055,-89,194,-467,g5/117mA/117mA g5/117mA/117mA g4/117mA/117mA g4/117mA/117mA,,,,,,
113.123,HRV,122,12850860,13791106,11294779,12561883,-86,193,-466,g5/117mA/117mA g5/117mA/117mA g4/117mA/117mA g4/117mA/117mA,,,,,,
113.123,HRV,123,12837621,13782159,11287756,12553838,-86,193,-466,g5/117mA/117mA g5/117mA/117mA g4/117mA/117mA g4/117mA/117mA,,,,,,
113.123,HRV,124,12832213,13783737,11284386,12556080,-86,193,-466,g5/117mA/117mA g5/117mA/117mA g4/117mA/117mA g4/117mA/117mA,,,,,,
113.152,HRV,125,12833561,13789862,11284107,12562982,-85,193,-466,g5/117mA/117mA g5/117mA/117mA g4/117mA/117mA g4/117mA/117mA,,,,,,
113.152,HRV,126,12839018,13797729,11286988,12568639,-84,195,-466,g5/117mA/117mA g5/117mA/117mA g4/117mA/117mA g4/117mA/117mA,,,,,,
114.202,HR,127,12846792,13805867,11290777,12575506,-88,194,-466,g5/117mA/117mA g5/117mA/117mA g4/117mA/117mA g4/117mA/117mA,,,,,,
114.202,HR,128,12857217,13814380,11295597,12584457,-89,194,-466,g5/117mA/117mA g5/117mA/117mA g4/117mA/117mA g4/117mA/117mA,,,,,,
114.202,HR,129,12868264,13823697,11300895,12591939,-87,194,-467,g5/117mA/117mA g5/117mA/117mA g4/117mA/117mA g4/117mA/117mA,,,,,,
114.202,HR,130,12879561,13831392,11305417,12599708,-81,194,-467,g5/117mA/117mA g5/117mA/117mA g4/117mA/117mA g4/117mA/117mA,,,,,,
114.202,HR,131,12887631,13840171,11308769,12609129,-86,194,-466,g5/117mA/117mA g5/117mA/117mA g4/117mA/117mA g4/117mA/117mA,,,,,,
114.237,HR,132,12897714,13849845,11312522,12616158,-88,195,-466,g5/117mA/117mA g5/117mA/117mA g4/117mA/117mA g4/117mA/117mA,,,,,,
114.237,HR,133,12908413,13859699,11316747,12623878,-83,195,-466,g5/117mA/117mA g5/117mA/117mA g4/117mA/117mA g4/117mA/117mA,,,,,,
114.237,HR,134,12918386,13867470,11320022,12630934,-84,194,-466,g5/117mA/117mA g5/117mA/117mA g4/117mA/117mA g4/117mA/117mA,,,,,,
114.237,HR,135,12930866,13875447,11324425,12637376,-86,193,-467,g5/117mA/117mA g5/117mA/117mA g4/117mA/117mA g4/117mA/117mA,56,100,0,1,0,0
114.237,HR,136,12941865,13885241,11328041,12645292,-87,193,-467,g5/117mA/117mA g5/117mA/117mA g4/117mA/117mA g4/117mA/117mA,,,,,,
114.263,HR,137,12950917,13895078,11331010,12653346,-87,193,-467,g5/117mA/117mA g5/117mA/117mA g4/117mA/117mA g4/117mA/117mA,,,,,,
114.263,HR,138,12961520,13903856,11334465,12661955,-85,194,-467,g5/117mA/117mA g5/117mA/117mA g4/117mA/117mA g4/117mA/117mA,,,,,,
114.263,HR,139,12972987,13910800,11340088,12670299,-85,194,-467,g5/117mA/117mA g5/117mA/117mA g4/117mA/117mA g4/117mA/117mA,,,,,,
114.263,HR,140,12985143,13915594,11345907,12677702,-85,194,-467,g5/117mA/117mA g5/117mA/117mA g4/117mA/117mA g4/117mA/117mA,,,,,,
114.263,HR,141,12955327,13908114,11341504,12672242,-85,194,-467,g5/117mA/117mA g5/117mA/117mA g4/117mA/117mA g4/117mA/117mA,,,,,,
114.356,HR,142,12916579,13881256,11326284,12652568,-87,194,-467,g5/117mA/117mA g5/117mA/117mA g4/117mA/117mA g4/117mA/117mA,,,,,,
114.356,HR,143,12889645,13858708,11312020,12633058,-89,194,-466,g5/117mA/117mA g5/117mA/117mA g4/117mA/117mA g4/117mA/117mA,,,,,,
114.356,HR,144,12877820,13845929,11304306,12620101,-89,194,-465,g5/117mA/117mA g5/117mA/117mA g4/117mA/117mA g4/117mA/117mA,,,,,,
114.356,HR,145,12873581,13837203,11301492,12611331,-86,194,-466,g5/117mA/117mA g5/117mA/117mA g4/117mA/117mA g4/117mA/117mA,,,,,,
114.356,HR,146,12870456,13830564,11299394,12605861,-85,194,-467,g5/117mA/117mA g5/117mA/117mA g4/117mA/117mA g4/117mA/117mA,,,,,,
114.356,HR,147,12866755,13832057,11293200,12601767,-85,194,-466,g5/117mA/117mA g5/117mA/117mA g4/117mA/117mA g4/117mA/117mA,,,,,,
114.417,HR,148,12865365,13833132,11288405,12601485,-85,194,-466,g5/117mA/117mA g5/117mA/117mA g4/117mA/117mA g4/117mA/117mA,,,,,,
114.417,HR,149,12858666,13834078,11282323,12603036,-84,195,-466,g5/117mA/117mA g5/117mA/117mA g4/117mA/117mA g4/117mA/117mA,,,,,,
114.417,HR,150,12851944,13835682,11275267,12604538,-83,195,-466,g5/117mA/117mA g5/117mA/117mA g4/117mA/117mA g4/117mA/117mA,,,,,,
114.417,HR,151,12844412,13835384,11268785,12605383,-86,195,-467,g5/117mA/117mA g5/117mA/117mA g4/117mA/117mA g4/117mA/117mA,,,,,,
114.417,HR,152,12839028,13835761,11264169,12604598,-88,194,-467,g5/117mA/117mA g5/117mA/117mA g4/117mA/117mA g4/117mA/117mA,,,,,,
114.417,HR,153,12835342,13835179,11261464,12603344,-87,194,-467,g5/117mA/117mA g5/117mA/117mA g4/117mA/117mA g4/117mA/117mA,,,,,,
114.418,HR,154,12835931,13835384,11261559,12602090,-87,195,-466,g5/117mA/117mA g5/117mA/117mA g4/117mA/117mA g4/117mA/117mA,,,,,,
114.418,HR,155,12839402,13834838,11263204,12600664,-87,196,-466,g5/117mA/117mA g5/117mA/117mA g4/117mA/117mA g4/117mA/117mA,,,,,,
114.418,HR,156,12842346,13833550,11266206,12598037,-91,195,-466,g5/117mA/117mA g5/117mA/117mA g4/117mA/117mA g4/117mA/117mA,,,,,,
114.418,HR,157,12845837,13830359,11270464,12596118,-90,195,-466,g5/117mA/117mA g5/117mA/117mA g4/117mA/117mA g4/117mA/117mA,,,,,,
114.418,HR,158,12848055,13827432,11275405,12593472,-88,194,-466,g5/117mA/117mA g5/117mA/117mA g4/117mA/117mA g4/117mA/117mA,,,,,,
114.418,HR,159,12850528,13826829,11280760,12591605,-92,194,-466,g5/117mA/117mA g5/117mA/117mA g4/117mA/117mA g4/117mA/117mA,,,,,,
114.443,HR,160,12854735,13827748,11285957,12592203,-90,194,-466,g5/117mA/117mA g5/117mA/117mA g4/117mA/117mA g4/117mA/117mA,56,100,0,1,0,0
114.478,HRV,127,12846792,13805867,11290777,12575506,-88,194,-466,g5/117mA/117mA g5/117mA/117mA g4/117mA/117mA g4/117mA/117mA,,,,,,
114.478,HRV,128,12857217,13814380,11295597,12584457,-89,194,-466,g5/117mA/117mA g5/117mA/117mA g4/117mA/117mA g4/117mA/117mA,,,,,,
114.478,HRV,129,12868264,13823697,11300895,12591939,-87,194,-467,g5/117mA/117mA g5/117mA/117mA g4/117mA/117mA g4/117mA/117mA,,,,,,
114.478,HRV,130,12879561,13831392,11305417,12599708,-81,194,-467,g5/117mA/117mA g5/117mA/117mA g4/117mA/117mA g4/117mA/117mA,,,,,,
114.478,HRV,131,12887631,13840171,11308769,12609129,-86,194,-466,g5/117mA/117mA g5/117mA/117mA g4/117mA/117mA g4/117mA/117mA,,,,,,
114.539,HRV,132,12897714,13849845,11312522,12616158,-88,195,-466,g5/117mA/117mA g5/117mA/117mA g4/117mA/117mA g4/117mA/117mA,,,,,,
114.54,HRV,133,12908413,13859699,11316747,12623878,-83,195,-466,g5/117mA/117mA g5/117mA/117mA g4/117mA/117mA g4/117mA/117mA,,,,,,
114.54,HRV,134,12918386,13867470,11320022,12630934,-84,194,-466,g5/117mA/117mA g5/117mA/117mA g4/117mA/117mA g4/117mA/117mA,,,,,,
114.54,HRV,135,12930866,13875447,11324425,12637376,-86,193,-467,g5/117mA/117mA g5/117mA/117mA g4/117mA/117mA g4/117mA/117mA,1157,0,0,0,100,1
114.54,HRV,136,12941865,13885241,11328041,12645292,-87,193,-467,g5/117mA/117mA g5/117mA/117mA g4/117mA/117mA g4/117mA/117mA,,,,,,
114.54,HRV,137,12950917,13895078,11331010,12653346,-87,193,-467,g5/117mA/117mA g5/117mA/117mA g4/117mA/117mA g4/117mA/117mA,,,,,,
114.54,HRV,138,12961520,13903856,11334465,12661955,-85,194,-467,g5/117mA/117mA g5/117mA/117mA g4/117mA/117mA g4/117mA/117mA,,,,,,
114.54,HRV,139,12972987,13910800,11340088,12670299,-85,194,-467,g5/117mA/117mA g5/117mA/117mA g4/117mA/117mA g4/117mA/117mA,,,,,,
114.54,HRV,140,12985143,13915594,11345907,12677702,-85,194,-467,g5/117mA/117mA g5/117mA/117mA g4/117mA/117mA g4/117mA/117mA,,,,,,
114.54,HRV,141,12955327,13908114,11341504,12672242,-85,194,-467,g5/117mA/117mA g5/117mA/117mA g4/117mA/117mA g4/117mA/117mA,,,,,,
114.596,HRV,142,12916579,13881256,11326284,12652568,-87,194,-467,g5/117mA/117mA g5/117mA/117mA g4/117mA/117mA g4/117mA/117mA,,,,,,
114.596,HRV,143,12889645,13858708,11312020,12633058,-89,194,-466,g5/117mA/117mA g5/117mA/117mA g4/117mA/117mA g4/117mA/117mA,,,,,,
114.596,HRV,144,12877820,13845929,11304306,12620101,-89,194,-465,g5/117mA/117mA g5/117mA/117mA g4/117mA/117mA g4/117mA/117mA,,,,,,
114.596,HRV,145,12873581,13837203,11301492,12611331,-86,194,-466,g5/117mA/117mA g5/117mA/117mA g4/117mA/117mA g4/117mA/117mA,,,,,,
114.596,HRV,146,12870456,13830564,11299394,12605861,-85,194,-467,g5/117mA/117mA g5/117mA/117mA g4/117mA/117mA g4/117mA/117mA,,,,,,
114.596,HRV,147,12866755,13832057,11293200,12601767,-85,194,-466,g5/117mA/117mA g5/117mA/117mA g4/117mA/117mA g4/117mA/117mA,,,,,,
115.017,HRV,148,12865365,13833132,11288405,12601485,-85,194,-466,g5/117mA/117mA g5/117mA/117mA g4/117mA/117mA g4/117mA/117mA,,,,,,
115.017,HRV,149,12858666,13834078,11282323,12603036,-84,195,-466,g5/117mA/117mA g5/117mA/117mA g4/117mA/117mA g4/117mA/117mA,,,,,,
115.017,HRV,150,12851944,13835682,11275267,12604538,-83,195,-466,g5/117mA/117mA g5/117mA/117mA g4/117mA/117mA g4/117mA/117mA,,,,,,
115.017,HRV,151,12844412,13835384,11268785,12605383,-86,195,-467,g5/117mA/117mA g5/117mA/117mA g4/117mA/117mA g4/117mA/117mA,,,,,,
115.017,HRV,152,12839028,13835761,11264169,12604598,-88,194,-467,g5/117mA/117mA g5/117mA/117mA g4/117mA/117mA g4/117mA/117mA,,,,,,
115.017,HRV,153,12835342,13835179,11261464,12603344,-87,194,-467,g5/117mA/117mA g5/117mA/117mA g4/117mA/117mA g4/117mA/117mA,,,,,,
115.136,HRV,154,12835931,13835384,11261559,12602090,-87,195,-466,g5/117mA/117mA g5/117mA/117mA g4/117mA/117mA g4/117mA/117mA,,,,,,
115.136,HRV,155,12839402,13834838,11263204,12600664,-87,196,-466,g5/117mA/117mA g5/117mA/117mA g4/117mA/117mA g4/117mA/117mA,,,,,,
115.136,HRV,156,12842346,13833550,11266206,12598037,-91,195,-466,g5/117mA/117mA g5/117mA/117mA g4/117mA/117mA g4/117mA/117mA,,,,,,
115.136,HRV,157,12845837,13830359,11270464,12596118,-90,195,-466,g5/117mA/117mA g5/117mA/117mA g4/117mA/117mA g4/117mA/117mA,,,,,,
115.136,HRV,158,12848055,13827432,11275405,12593472,-88,194,-466,g5/117mA/117mA g5/117mA/117mA g4/117mA/117mA g4/117mA/117mA,,,,,,
115.136,HRV,159,12850528,13826829,11280760,12591605,-92,194,-466,g5/117mA/117mA g5/117mA/117mA g4/117mA/117mA g4/117mA/117mA,,,,,,
115.136,HRV,160,12854735,13827748,11285957,12592203,-90,194,-466,g5/117mA/117mA g5/117mA/117mA g4/117mA/117mA g4/117mA/117mA,1120,0,0,0,100,1
115.375,HR,161,12862909,13833192,11291392,12596971,-86,197,-466,g5/117mA/117mA g5/117mA/117mA g4/117mA/117mA g4/117mA/117mA,,,,,,
115.375,HR,162,12873844,13838482,11296672,12603353,-83,196,-466,g5/117mA/117mA g5/117mA/117mA g4/117mA/117mA g4/117mA/117mA,,,,,,
115.375,HR,163,12885174,13844369,11301015,12610623,-81,196,-466,g5/117mA/117mA g5/117mA/117mA g4/117mA/117mA g4/117mA/117mA,,,,,,
115.375,HR,164,12897903,13850469,11304871,12616558,-81,195,-466,g5/117mA/117mA g5/117mA/117mA g4/117mA/117mA g4/117mA/117mA,,,,,,
115.375,HR,165,12910521,13855417,11309162,12622402,-81,195,-466,g5/117mA/117mA g5/117mA/117mA g4/117mA/117mA g4/117mA/117mA,,,,,,
115.439,HR,166,12917533,13860994,11313035,12626353,-82,195,-466,g5/117mA/117mA g5/117mA/117mA g4/117mA/117mA g4/117mA/117mA,,,,,,
115.439,HR,167,12881199,13852156,11302822,12613410,-82,195,-466,g5/117mA/117mA g5/117mA/117mA g4/117mA/117mA g4/117mA/117mA,,,,,,
115.439,HR,168,12840847,13830369,11285343,12593371,-82,195,-466,g5/117mA/117mA g5/117mA/117mA g4/117mA/117mA g4/117mA/117mA,,,,,,
115.439,HR,169,12815448,13812845,11271162,12576616,-79,194,-466,g5/117mA/117mA g5/117mA/117mA g4/117mA/117mA g4/117mA/117mA,,,,,,
115.439,HR,170,12800432,13802241,11261250,12567334,-75,194,-466,g5/117mA/117mA g5/117mA/117mA g4/117mA/117mA g4/117mA/117mA,,,,,,
115.439,HR,171,12793470,13799469,11254408,12565645,-74,194,-467,g5/117mA/117mA g5/117mA/117mA g4/117mA/117mA g4/117mA/117mA,,,,,,
115.462,HR,172,12788549,13796175,11248770,12569859,-78,194,-467,g5/117mA/117mA g5/117mA/117mA g4/117mA/117mA g4/117mA/117mA,,,,,,
115.462,HR,173,12787482,13796448,11246407,12578545,-82,194,-467,g5/117mA/117mA g5/117mA/117mA g4/117mA/117mA g4/117mA/117mA,,,,,,
115.462,HR,174,12787227,13796781,11245051,12588124,-82,195,-468,g5/117mA/117mA g5/117mA/117mA g4/117mA/117mA g4/117mA/117mA,,,,,,
115.462,HR,175,12783567,13797112,11241500,12592406,-82,195,-468,g5/117mA/117mA g5/117mA/117mA g4/117mA/117mA g4/117mA/117mA,,,,,,
115.462,HR,176,12777861,13795091,11237686,12594497,-82,195,-467,g5/117mA/117mA g5/117mA/117mA g4/117mA/117mA g4/117mA/117mA,,,,,,
115.462,HR,177,12773142,13793326,11233932,12595008,-82,195,-467,g5/117mA/117mA g5/117mA/117mA g4/117mA/117mA g4/117mA/117mA,,,,,,
115.497,HR,178,12770863,13793078,11231792,12596058,-82,195,-467,g5/117mA/117mA g5/117mA/117mA g4/117mA/117mA g4/117mA/117mA,,,,,,
115.497,HR,179,12772605,13792711,11231910,12597552,-82,195,-467,g5/117mA/117mA g5/117mA/117mA g4/117mA/117mA g4/117mA/117mA,,,,,,
115.497,HR,180,12775445,13794510,11232968,12600315,-82,195,-467,g5/117mA/117mA g5/117mA/117mA g4/117mA/117mA g4/117mA/117mA,,,,,,
115.498,HR,181,12779718,13797880,11233865,12603590,-83,196,-467,g5/117mA/117mA g5/117mA/117mA g4/117mA/117mA g4/117mA/117mA,,,,,,
115.498,HR,182,12784037,13802191,11235051,12608428,-85,196,-467,g5/117mA/117mA g5/117mA/117mA g4/117mA/117mA g4/117mA/117mA,,,,,,
115.498,HR,183,12788277,13806157,11236936,12612558,-86,195,-467,g5/117mA/117mA g5/117mA/117mA g4/117mA/117mA g4/117mA/117mA,,,,,,
115.557,HR,184,12791817,13808928,11238541,12616158,-85,195,-467,g5/117mA/117mA g5/117mA/117mA g4/117mA/117mA g4/117mA/117mA,,,,,,
115.557,HR,185,12795307,13814031,11239214,12620355,-84,195,-467,g5/117mA/117mA g5/117mA/117mA g4/117mA/117mA g4/117mA/117mA,56,100,0,1,0,0
115.557,HR,186,12799280,13817742,11240297,12624212,-83,195,-467,g5/117mA/117mA g5/117mA/117mA g4/117mA/117mA g4/117mA/117mA,,,,,,
115.557,HR,187,12803701,13821888,11242167,12628161,-81,195,-467,g5/117mA/117mA g5/117mA/117mA g4/117mA/117mA g4/117mA/117mA,,,,,,
115.557,HR,188,12808487,13826026,11243668,12632402,-81,195,-467,g5/117mA/117mA g5/117mA/117mA g4/117mA/117mA g4/117mA/117mA,,,,,,
115.582,HR,189,12813810,13830394,11245307,12636063,-81,195,-467,g5/117mA/117mA g5/117mA/117mA g4/117mA/117mA g4/117mA/117mA,,,,,,
115.582,HR,190,12818973,13835264,11247533,12639934,-81,195,-467,g5/117mA/117mA g5/117mA/117mA g4/117mA/117mA g4/117mA/117mA,,,,,,
115.582,HR,191,12825736,13840230,11250477,12644200,-81,195,-467,g5/117mA/117mA g5/117mA/117mA g4/117mA/117mA g4/117mA/117mA,,,,,,
115.582,HR,192,12833313,13846049,11253897,12648747,-81,195,-467,g5/117mA/117mA g5/117mA/117mA g4/117mA/117mA g4/117mA/117mA,,,,,,
115.582,HR,193,12832076,13848770,11254947,12650768,-81,195,-466,g5/117mA/117mA g5/117mA/117mA g4/117mA/117mA g4/117mA/117mA,,,,,,
115.582,HR,194,12801381,13834718,11243906,12636998,-83,195,-466,g5/117mA/117mA g5/117mA/117mA g4/117mA/117mA g4/117mA/117mA,,,,,,
115.617,HRV,161,12862909,13833192,11291392,12596971,-86,197,-466,g5/117mA/117mA g5/117mA/117mA g4/117mA/117mA g4/117mA/117mA,,,,,,
115.617,HRV,162,12873844,13838482,11296672,12603353,-83,196,-466,g5/117mA/117mA g5/117mA/117mA g4/117mA/117mA g4/117mA/117mA,,,,,,
115.617,HRV,163,12885174,13844369,11301015,12610623,-81,196,-466,g5/117mA/117mA g5/117mA/117mA g4/117mA/117mA g4/117mA/117mA,,,,,,
115.617,HRV,164,12897903,13850469,11304871,12616558,-81,195,-466,g5/117mA/117mA g5/117mA/117mA g4/117mA/117mA g4/117mA/117mA,,,,,,
115.617,HRV,165,12910521,13855417,11309162,12622402,-81,195,-466,g5/117mA/117mA g5/117mA/117mA g4/117mA/117mA g4/117mA/117mA,,,,,,
115.704,HRV,166,12917533,13860994,11313035,12626353,-82,195,-466,g5/117mA/117mA g5/117mA/117mA g4/117mA/117mA g4/117mA/117mA,,,,,,
115.704,HRV,167,12881199,13852156,11302822,12613410,-82,195,-466,g5/117mA/117mA g5/117mA/117mA g4/117mA/117mA g4/117mA/117mA,,,,,,
115.704,HRV,168,12840847,13830369,11285343,12593371,-82,195,-466,g5/117mA/117mA g5/117mA/117mA g4/117mA/117mA g4/117mA/117mA,,,,,,
115.704,HRV,169,12815448,13812845,11271162,12576616,-79,194,-466,g5/117mA/117mA g5/117mA/117mA g4/117mA/117mA g4/117mA/117mA,,,,,,
115.704,HRV,170,12800432,13802241,11261250,12567334,-75,194,-466,g5/117mA/117mA g5/117mA/117mA g4/117mA/117mA g4/117mA/117mA,,,,,,
115.704,HRV,171,12793470,13799469,11254408,12565645,-74,194,-467,g5/117mA/117mA g5/117mA/117mA g4/117mA/117mA g4/117mA/117mA,,,,,,
115.798,HRV,172,12788549,13796175,11248770,12569859,-78,194,-467,g5/117mA/117mA g5/117mA/117mA g4/117mA/117mA g4/117mA/117mA,,,,,,
115.798,HRV,173,12787482,13796448,11246407,12578545,-82,194,-467,g5/117mA/117mA g5/117mA/117mA g4/117mA/117mA g4/117mA/117mA,,,,,,
115.799,HRV,174,12787227,13796781,11245051,12588124,-82,195,-468,g5/117mA/117mA g5/117mA/117mA g4/117mA/117mA g4/117mA/117mA,,,,,,
115.799,HRV,175,12783567,13797112,11241500,12592406,-82,195,-468,g5/117mA/117mA g5/117mA/117mA g4/117mA/117mA g4/117mA/117mA,,,,,,
115.799,HRV,176,12777861,13795091,11237686,12594497,-82,195,-467,g5/117mA/117mA g5/117mA/117mA g4/117mA/117mA g4/117mA/117mA,,,,,,
115.799,HRV,177,12773142,13793326,11233932,12595008,-82,195,-467,g5/117mA/117mA g5/117mA/117mA g4/117mA/117mA g4/117mA/117mA,,,,,,
115.822,HRV,178,12770863,13793078,11231792,12596058,-82,195,-467,g5/117mA/117mA g5/117mA/117mA g4/117mA/117mA g4/117mA/117mA,,,,,,
115.823,HRV,179,12772605,13792711,11231910,12597552,-82,195,-467,g5/117mA/117mA g5/117mA/117mA g4/117mA/117mA g4/117mA/117mA,,,,,,
115.823,HRV,180,12775445,13794510,11232968,12600315,-82,195,-467,g5/117mA/117mA g5/117mA/117mA g4/117mA/117mA g4/117mA/117mA,,,,,,
115.823,HRV,181,12779718,13797880,11233865,12603590,-83,196,-467,g5/117mA/117mA g5/117mA/117mA g4/117mA/117mA g4/117mA/117mA,,,,,,
115.823,HRV,182,12784037,13802191,11235051,12608428,-85,196,-467,g5/117mA/117mA g5/117mA/117mA g4/117mA/117mA g4/117mA/117mA,,,,,,
115.823,HRV,183,12788277,13806157,11236936,12612558,-86,195,-467,g5/117mA/117mA g5/117mA/117mA g4/117mA/117mA g4/117mA/117mA,,,,,,
115.855,HRV,184,12791817,13808928,11238541,12616158,-85,195,-467,g5/117mA/117mA g5/117mA/117mA g4/117mA/117mA g4/117mA/117mA,,,,,,
115.855,HRV,185,12795307,13814031,11239214,12620355,-84,195,-467,g5/117mA/117mA g5/117mA/117mA g4/117mA/117mA g4/117mA/117mA,1117,0,0,0,100,1
115.855,HRV,186,12799280,13817742,11240297,12624212,-83,195,-467,g5/117mA/117mA g5/117mA/117mA g4/117mA/117mA g4/117mA/117mA,,,,,,
115.855,HRV,187,12803701,13821888,11242167,12628161,-81,195,-467,g5/117mA/117mA g5/117mA/117mA g4/117mA/117mA g4/117mA/117mA,,,,,,
115.917,HRV,188,12808487,13826026,11243668,12632402,-81,195,-467,g5/117mA/117mA g5/117mA/117mA g4/117mA/117mA g4/117mA/117mA,,,,,,
115.917,HRV,189,12813810,13830394,11245307,12636063,-81,195,-467,g5/117mA/117mA g5/117mA/117mA g4/117mA/117mA g4/117mA/117mA,,,,,,
115.917,HRV,190,12818973,13835264,11247533,12639934,-81,195,-467,g5/117mA/117mA g5/117mA/117mA g4/117mA/117mA g4/117mA/117mA,,,,,,
115.917,HRV,191,12825736,13840230,11250477,12644200,-81,195,-467,g5/117mA/117mA g5/117mA/117mA g4/117mA/117mA g4/117mA/117mA,,,,,,
115.917,HRV,192,12833313,13846049,11253897,12648747,-81,195,-467,g5/117mA/117mA g5/117mA/117mA g4/117mA/117mA g4/117mA/117mA,,,,,,
115.917,HRV,193,12832076,13848770,11254947,12650768,-81,195,-466,g5/117mA/117mA g5/117mA/117mA g4/117mA/117mA g4/117mA/117mA,,,,,,
115.917,HRV,194,12801381,13834718,11243906,12636998,-83,195,-466,g5/117mA/117mA g5/117mA/117mA g4/117mA/117mA g4/117mA/117mA,,,,,,
116.602,HR,195,12771505,13815959,11230257,12617762,-81,195,-468,g5/117mA/117mA g5/117mA/117mA g4/117mA/117mA g4/117mA/117mA,,,,,,
116.602,HR,196,12751762,13803486,11220395,12602253,-79,195,-467,g5/117mA/117mA g5/117mA/117mA g4/117mA/117mA g4/117mA/117mA,,,,,,
116.602,HR,197,12742097,13797088,11215300,12592876,-80,195,-467,g5/117mA/117mA g5/117mA/117mA g4/117mA/117mA g4/117mA/117mA,,,,,,
116.602,HR,198,12736056,13792883,11212222,12585036,-82,195,-467,g5/117mA/117mA g5/117mA/117mA g4/117mA/117mA g4/117mA/117mA,,,,,,
116.602,HR,199,12730853,13790331,11209747,12576640,-82,195,-467,g5/117mA/117mA g5/117mA/117mA g4/117mA/117mA g4/117mA/117mA,,,,,,
116.638,HR,200,12729871,13790152,11209611,12572274,-80,195,-467,g5/117mA/117mA g5/117mA/117mA g4/117mA/117mA g4/117mA/117mA,,,,,,
116.638,HR,201,12729795,13788045,11210533,12570175,-79,194,-467,g5/117mA/117mA g5/117mA/117mA g4/117mA/117mA g4/117mA/117mA,,,,,,
116.638,HR,202,12726715,13783266,11210950,12567915,-80,194,-467,g5/117mA/117mA g5/117mA/117mA g4/117mA/117mA g4/117mA/117mA,,,,,,
116.638,HR,203,12723770,13778430,11210318,12566183,-81,194,-468,g5/117mA/117mA g5/117mA/117mA g4/117mA/117mA g4/117mA/117mA,,,,,,
116.638,HR,204,12720735,13774224,11210080,12564647,-80,194,-468,g5/117mA/117mA g5/117mA/117mA g4/117mA/117mA g4/117mA/117mA,,,,,,
116.638,HR,205,12721587,13771774,11211419,12564312,-80,194,-468,g5/117mA/117mA g5/117mA/117mA g4/117mA/117mA g4/117mA/117mA,,,,,,
116.694,HR,206,12724940,13772289,11213791,12565064,-80,194,-468,g5/117mA/117mA g5/117mA/117mA g4/117mA/117mA g4/117mA/117mA,,,,,,
116.694,HR,207,12729366,13774010,11216155,12567394,-81,194,-467,g5/117mA/117mA g5/117mA/117mA g4/117mA/117mA g4/117mA/117mA,,,,,,
116.694,HR,208,12734803,13777516,11218493,12569806,-81,194,-467,g5/117mA/117mA g5/117mA/117mA g4/117mA/117mA g4/117mA/117mA,,,,,,
116.694,HR,209,12741559,13781194,11221675,12573024,-77,194,-467,g5/117mA/117mA g5/117mA/117mA g4/117mA/117mA g4/117mA/117mA,,,,,,
116.694,HR,210,12748103,13784923,11224736,12576301,-74,194,-467,g5/117mA/117mA g5/117mA/117mA g4/117mA/117mA g4/117mA/117mA,56,100,0,1,0,0
116.698,HR,211,12753385,13788394,11227203,12579475,-78,194,-467,g5/117mA/117mA g5/117mA/117mA g4/117mA/117mA g4/117mA/117mA,,,,,,
116.698,HR,212,12758246,13792609,11229727,12582691,-80,193,-467,g5/117mA/117mA g5/117mA/117mA g4/117mA/117mA g4/117mA/117mA,,,,,,
116.698,HR,213,12764175,13796532,11232218,12585385,-81,193,-468,g5/117mA/117mA g5/117mA/117mA g4/117mA/117mA g4/117mA/117mA,,,,,,
116.698,HR,214,12770097,13799604,11235299,12588824,-81,193,-468,g5/117mA/117mA g5/117mA/117mA g4/117mA/117mA g4/117mA/117mA,,,,,,
116.698,HR,215,12776409,13803163,11238720,12592545,-83,194,-468,g5/117mA/117mA g5/117mA/117mA g4/117mA/117mA g4/117mA/117mA,,,,,,
116.698,HR,216,12782527,13808895,11241587,12596187,-82,194,-468,g5/117mA/117mA g5/117mA/117mA g4/117mA/117mA g4/117mA/117mA,,,,,,
116.755,HR,217,12789828,13812998,11244769,12600238,-79,193,-468,g5/117mA/117mA g5/117mA/117mA g4/117mA/117mA g4/117mA/117mA,,,,,,
116.755,HR,218,12797713,13817605,11249476,12604486,-80,193,-468,g5/117mA/117mA g5/117mA/117mA g4/117mA/117mA g4/117mA/117mA,,,,,,
116.755,HR,219,12800928,13819917,11252352,12606696,-81,193,-468,g5/117mA/117mA g5/117mA/117mA g4/117mA/117mA g4/117mA/117mA,,,,,,
116.755,HR,220,12776391,13808161,11246654,12595656,-81,193,-468,g5/117mA/117mA g5/117mA/117mA g4/117mA/117mA g4/117mA/117mA,,,,,,
116.755,HR,221,12747609,13789912,11236262,12576010,-81,192,-468,g5/117mA/117mA g5/117mA/117mA g4/117mA/117mA g4/117mA/117mA,,,,,,
116.756,HR,222,12729964,13777748,11229292,12560106,-81,192,-468,g5/117mA/117mA g5/117mA/117mA g4/117mA/117mA g4/117mA/117mA,,,,,,
116.756,HR,223,12722031,13771706,11226178,12550647,-81,193,-467,g5/117mA/117mA g5/117mA/117mA g4/117mA/117mA g4/117mA/117mA,,,,,,
116.756,HR,224,12717150,13767809,11224473,12545195,-81,194,-467,g5/117mA/117mA g5/117mA/117mA g4/117mA/117mA g4/117mA/117mA,,,,,,
116.756,HR,225,12713934,13765053,11223268,12540315,-82,193,-468,g5/117mA/117mA g5/117mA/117mA g4/117mA/117mA g4/117mA/117mA,,,,,,
116.756,HR,226,12713543,13764055,11223193,12537713,-82,192,-468,g5/117mA/117mA g5/117mA/117mA g4/117mA/117mA g4/117mA/117mA,,,,,,
116.756,HR,227,12713482,13761983,11224046,12535385,-79,190,-468,g5/117mA/117mA g5/117mA/117mA g4/117mA/117mA g4/117mA/117mA,,,,,,
116.781,HR,228,12711392,13759055,11223832,12531682,-77,203,-462,g5/117mA/117mA g5/117mA/117mA g4/117mA/117mA g4/117mA/117mA,,,,,,
116.817,HRV,195,12771505,13815959,11230257,12617762,-81,195,-468,g5/117mA/117mA g5/117mA/117mA g4/117mA/117mA g4/117mA/117mA,,,,,,
116.817,HRV,196,12751762,13803486,11220395,12602253,-79,195,-467,g5/117mA/117mA g5/117mA/117mA g4/117mA/117mA g4/117mA/117mA,,,,,,
116.817,HRV,197,12742097,13797088,11215300,12592876,-80,195,-467,g5/117mA/117mA g5/117mA/117mA g4/117mA/117mA g4/117mA/117mA,,,,,,
116.817,HRV,198,12736056,13792883,11212222,12585036,-82,195,-467,g5/117mA/117mA g5/117mA/117mA g4/117mA/117mA g4/117mA/117mA,,,,,,
116.817,HRV,199,12730853,13790331,11209747,12576640,-82,195,-467,g5/117mA/117mA g5/117mA/117mA g4/117mA/117mA g4/117mA/117mA,,,,,,
116.842,HRV,200,12729871,13790152,11209611,12572274,-80,195,-467,g5/117mA/117mA g5/117mA/117mA g4/117mA/117mA g4/117mA/117mA,,,,,,
116.842,HRV,201,12729795,13788045,11210533,12570175,-79,194,-467,g5/117mA/117mA g5/117mA/117mA g4/117mA/117mA g4/117mA/117mA,,,,,,
116.842,HRV,202,12726715,13783266,11210950,12567915,-80,194,-467,g5/117mA/117mA g5/117mA/117mA g4/117mA/117mA g4/117mA/117mA,,,,,,
116.842,HRV,203,12723770,13778430,11210318,12566183,-81,194,-468,g5/117mA/117mA g5/117mA/117mA g4/117mA/117mA g4/117mA/117mA,,,,,,
116.842,HRV,204,12720735,13774224,11210080,12564647,-80,194,-468,g5/117mA/117mA g5/117mA/117mA g4/117mA/117mA g4/117mA/117mA,,,,,,
116.842,HRV,205,12721587,13771774,11211419,12564312,-80,194,-468,g5/117mA/117mA g5/117mA/117mA g4/117mA/117mA g4/117mA/117mA,,,,,,
116.874,HRV,206,12724940,13772289,11213791,12565064,-80,194,-468,g5/117mA/117mA g5/117mA/117mA g4/117mA/117mA g4/117mA/117mA,,,,,,
116.874,HRV,207,12729366,13774010,11216155,12567394,-81,194,-467,g5/117mA/117mA g5/117mA/117mA g4/117mA/117mA g4/117mA/117mA,,,,,,
116.874,HRV,208,12734803,13777516,11218493,12569806,-81,194,-467,g5/117mA/117mA g5/117mA/117mA g4/117mA/117mA g4/117mA/117mA,,,,,,
116.874,HRV,209,12741559,13781194,11221675,12573024,-77,194,-467,g5/117mA/117mA g5/117mA/117mA g4/117mA/117mA g4/117mA/117mA,,,,,,
116.942,HRV,210,12748103,13784923,11224736,12576301,-74,194,-467,g5/117mA/117mA g5/117mA/117mA g4/117mA/117mA g4/117mA/117mA,1081,0,0,0,100,1
116.942,HRV,211,12753385,13788394,11227203,12579475,-78,194,-467,g5/117mA/117mA g5/117mA/117mA g4/117mA/117mA g4/117mA/117mA,,,,,,
116.942,HRV,212,12758246,13792609,11229727,12582691,-80,193,-467,g5/117mA/117mA g5/117mA/117mA g4/117mA/117mA g4/117mA/117mA,,,,,,
116.942,HRV,213,12764175,13796532,11232218,12585385,-81,193,-468,g5/117mA/117mA g5/117mA/117mA g4/117mA/117mA g4/117mA/117mA,,,,,,
116.942,HRV,214,12770097,13799604,11235299,12588824,-81,193,-468,g5/117mA/117mA g5/117mA/117mA g4/117mA/117mA g4/117mA/117mA,,,,,,
116.942,HRV,215,12776409,13803163,11238720,12592545,-83,194,-468,g5/117mA/117mA g5/117mA/117mA g4/117mA/117mA g4/117mA/117mA,,,,,,
116.942,HRV,216,12782527,13808895,11241587,12596187,-82,194,-468,g5/117mA/117mA g5/117mA/117mA g4/117mA/117mA g4/117mA/117mA,,,,,,
116.943,HRV,217,12789828,13812998,11244769,12600238,-79,193,-468,g5/117mA/117mA g5/117mA/117mA g4/117mA/117mA g4/117mA/117mA,,,,,,
116.943,HRV,218,12797713,13817605,11249476,12604486,-80,193,-468,g5/117mA/117mA g5/117mA/117mA g4/117mA/117mA g4/117mA/117mA,,,,,,
116.943,HRV,219,12800928,13819917,11252352,12606696,-81,193,-468,g5/117mA/117mA g5/117mA/117mA g4/117mA/117mA g4/117mA/117mA,,,,,,
117.054,HRV,220,12776391,13808161,11246654,12595656,-81,193,-468,g5/117mA/117mA g5/117mA/117mA g4/117mA/117mA g4/117mA/117mA,,,,,,
117.054,HRV,221,12747609,13789912,11236262,12576010,-81,192,-468,g5/117mA/117mA g5/117mA/117mA g4/117mA/117mA g4/117mA/117mA,,,,,,
117.055,HRV,222,12729964,13777748,11229292,12560106,-81,192,-468,g5/117mA/117mA g5/117mA/117mA g4/117mA/117mA g4/117mA/117mA,,,,,,
117.055,HRV,223,12722031,13771706,11226178,12550647,-81,193,-467,g5/117mA/117mA g5/117mA/117mA g4/117mA/117mA g4/117mA/117mA,,,,,,
117.055,HRV,224,12717150,13767809,11224473,12545195,-81,194,-467,g5/117mA/117mA g5/117mA/117mA g4/117mA/117mA g4/117mA/117mA,,,,,,
117.055,HRV,225,12713934,13765053,11223268,12540315,-82,193,-468,g5/117mA/117mA g5/117mA/117mA g4/117mA/117mA g4/117mA/117mA,,,,,,
117.082,HRV,226,12713543,13764055,11223193,12537713,-82,192,-468,g5/117mA/117mA g5/117mA/117mA g4/117mA/117mA g4/117mA/117mA,,,,,,
117.082,HRV,227,12713482,13761983,11224046,12535385,-79,190,-468,g5/117mA/117mA g5/117mA/117mA g4/117mA/117mA g4/117mA/117mA,,,,,,
117.082,HRV,228,12711392,13759055,11223832,12531682,-77,203,-462,g5/117mA/117mA g5/117mA/117mA g4/117mA/117mA g4/117mA/117mA,,,,,,
118.077,HR,229,12707792,13755686,11222911,12527314,-82,193,-468,g5/117mA/117mA g5/117mA/117mA g4/117mA/117mA g4/117mA/117mA,,,,,,
118.077,HR,230,12705812,13753417,11222664,12524140,-82,193,-468,g5/117mA/117mA g5/117mA/117mA g4/117mA/117mA g4/117mA/117mA,,,,,,
118.077,HR,231,12706555,13753289,11223467,12522390,-81,193,-468,g5/117mA/117mA g5/117mA/117mA g4/117mA/117mA g4/117mA/117mA,,,,,,
118.077,HR,232,12709848,13753962,11225470,12521769,-81,193,-468,g5/117mA/117mA g5/117mA/117mA g4/117mA/117mA g4/117mA/117mA,,,,,,
118.077,HR,233,12714804,13756283,11227817,12522613,-81,193,-468,g5/117mA/117mA g5/117mA/117mA g4/117mA/117mA g4/117mA/117mA,,,,,,
118.14,HR,234,12720136,13758594,11230759,12524412,-81,193,-468,g5/117mA/117mA g5/117mA/117mA g4/117mA/117mA g4/117mA/117mA,,,,,,
118.14,HR,235,12724914,13761308,11233883,12526606,-81,193,-468,g5/117mA/117mA g5/117mA/117mA g4/117mA/117mA g4/117mA/117mA,56,100,0,1,0,0
118.14,HR,236,12730383,13764371,11236680,12528892,-81,193,-468,g5/117mA/117mA g5/117mA/117mA g4/117mA/117mA g4/117mA/117mA,,,,,,
118.14,HR,237,12734735,13766837,11240033,12531092,-81,193,-468,g5/117mA/117mA g5/117mA/117mA g4/117mA/117mA g4/117mA/117mA,,,,,,
118.14,HR,238,12739604,13770061,11242796,12533218,-81,193,-468,g5/117mA/117mA g5/117mA/117mA g4/117mA/117mA g4/117mA/117mA,,,,,,
118.141,HR,239,12745653,13773269,11245852,12536169,-81,193,-468,g5/117mA/117mA g5/117mA/117mA g4/117mA/117mA g4/117mA/117mA,,,,,,
118.141,HR,240,12751387,13776808,11249555,12539078,-81,193,-468,g5/117mA/117mA g5/117mA/117mA g4/117mA/117mA g4/117mA/117mA,,,,,,
118.141,HR,241,12758246,13779410,11253162,12541731,-80,193,-468,g5/117mA/117mA g5/117mA/117mA g4/117mA/117mA g4/117mA/117mA,,,,,,
118.141,HR,242,12764901,13782765,11257215,12545247,-80,193,-467,g5/117mA/117mA g5/117mA/117mA g4/117mA/117mA g4/117mA/117mA,,,,,,
118.141,HR,243,12772238,13785937,11261310,12549513,-81,193,-467,g5/117mA/117mA g5/117mA/117mA g4/117mA/117mA g4/117mA/117mA,,,,,,
118.254,HR,244,12780581,13790110,11265950,12553231,-81,193,-468,g5/117mA/117mA g5/117mA/117mA g4/117mA/117mA g4/117mA/117mA,,,,,,
118.254,HR,245,12789222,13793829,11270198,12557634,-81,193,-468,g5/117mA/117mA g5/117mA/117mA g4/117mA/117mA g4/117mA/117mA,,,,,,
118.254,HR,246,12781127,13792736,11269911,12555756,-81,193,-468,g5/117mA/117mA g5/117mA/117mA g4/117mA/117mA g4/117mA/117mA,,,,,,
118.254,HR,247,12751353,13774651,11260526,12537893,-81,193,-468,g5/117mA/117mA g5/117mA/117mA g4/117mA/117mA g4/117mA/117mA,,,,,,
118.254,HR,248,12726571,13756403,11252029,12517144,-81,193,-468,g5/117mA/117mA g5/117mA/117mA g4/117mA/117mA g4/117mA/117mA,,,,,,
118.254,HR,249,12712510,13744774,11246441,12502037,-79,192,-468,g5/117mA/117mA g5/117mA/117mA g4/117mA/117mA g4/117mA/117mA,,,,,,
118.258,HR,250,12706110,13737666,11244103,12492156,-78,192,-468,g5/117mA/117mA g5/117mA/117mA g4/117mA/117mA g4/117mA/117mA,,,,,,
118.258,HR,251,12701487,13731218,11242559,12484147,-80,193,-468,g5/117mA/117mA g5/117mA/117mA g4/117mA/117mA g4/117mA/117mA,,,,,,
118.258,HR,252,12697274,13724795,11241884,12476724,-81,194,-468,g5/117mA/117mA g5/117mA/117mA g4/117mA/117mA g4/117mA/117mA,,,,,,
118.258,HR,253,12696888,13721816,11241646,12472133,-81,193,-468,g5/117mA/117mA g5/117mA/117mA g4/117mA/117mA g4/117mA/117mA,,,,,,
118.258,HR,254,12695950,13718378,11241996,12468218,-81,193,-468,g5/117mA/117mA g5/117mA/117mA g4/117mA/117mA g4/117mA/117mA,,,,,,
118.316,HR,255,12693544,13713694,11241304,12462860,-81,193,-468,g5/117mA/117mA g5/117mA/117mA g4/117mA/117mA g4/117mA/117mA,,,,,,
118.316,HR,0,12690908,13708781,11240818,12457485,-81,194,-468,g5/117mA/117mA g5/117mA/117mA g4/117mA/117mA g4/117mA/117mA,,,,,,
118.316,HR,1,12690064,13705625,11240800,12453270,-81,194,-468,g5/117mA/117mA g5/117mA/117mA g4/117mA/117mA g4/117mA/117mA,,,,,,
118.316,HR,2,12691326,13703807,11241748,12450901,-81,194,-468,g5/117mA/117mA g5/117mA/117mA g4/117mA/117mA g4/117mA/117mA,,,,,,
118.316,HR,3,12694953,13703294,11243454,12449790,-80,194,-468,g5/117mA/117mA g5/117mA/117mA g4/117mA/117mA g4/117mA/117mA,,,,,,
118.316,HR,4,12700431,13703825,11246328,12449577,-80,194,-468,g5/117mA/117mA g5/117mA/117mA g4/117mA/117mA g4/117mA/117mA,56,100,0,1,0,0
118.316,HR,5,12706206,13705667,11249648,12450754,-81,193,-468,g5/117mA/117mA g5/117mA/117mA g4/117mA/117mA g4/117mA/117mA,,,,,,
118.316,HR,6,12711290,13707195,11252198,12452606,-79,205,-462,g5/117mA/117mA g5/117mA/117mA g4/117mA/117mA g4/117mA/117mA,,,,,,
118.379,HRV,229,12707792,13755686,11222911,12527314,-82,193,-468,g5/117mA/117mA g5/117mA/117mA g4/117mA/117mA g4/117mA/117mA,,,,,,
118.379,HRV,230,12705812,13753417,11222664,12524140,-82,193,-468,g5/117mA/117mA g5/117mA/117mA g4/117mA/117mA g4/117mA/117mA,,,,,,
118.379,HRV,231,12706555,13753289,11223467,12522390,-81,193,-468,g5/117mA/117mA g5/117mA/117mA g4/117mA/117mA g4/117mA/117mA,,,,,,
118.379,HRV,232,12709848,13753962,11225470,12521769,-81,193,-468,g5/117mA/117mA g5/117mA/117mA g4/117mA/117mA g4/117mA/117mA,,,,,,
118.379,HRV,233,12714804,13756283,11227817,12522613,-81,193,-468,g5/117mA/117mA g5/117mA/117mA g4/117mA/117mA g4/117mA/117mA,,,,,,
118.379,HRV,234,12720136,13758594,11230759,12524412,-81,193,-468,g5/117mA/117mA g5/117mA/117mA g4/117mA/117mA g4/117mA/117mA,,,,,,
118.379,HRV,235,12724914,13761308,11233883,12526606,-81,193,-468,g5/117mA/117mA g5/117mA/117mA g4/117mA/117mA g4/117mA/117mA,1079,0,0,0,100,1
118.379,HRV,236,12730383,13764371,11236680,12528892,-81,193,-468,g5/117mA/117mA g5/117mA/117mA g4/117mA/117mA g4/117mA/117mA,,,,,,
118.379,HRV,237,12734735,13766837,11240033,12531092,-81,193,-468,g5/117mA/117mA g5/117mA/117mA g4/117mA/117mA g4/117mA/117mA,,,,,,
118.379,HRV,238,12739604,13770061,11242796,12533218,-81,193,-468,g5/117mA/117mA g5/117mA/117mA g4/117mA/117mA g4/117mA/117mA,,,,,,
118.436,HRV,239,12745653,13773269,11245852,12536169,-81,193,-468,g5/117mA/117mA g5/117mA/117mA g4/117mA/117mA g4/117mA/117mA,,,,,,
118.436,HRV,240,12751387,13776808,11249555,12539078,-81,193,-468,g5/117mA/117mA g5/117mA/117mA g4/117mA/117mA g4/117mA/117mA,,,,,,
118.436,HRV,241,12758246,13779410,11253162,12541731,-80,193,-468,g5/117mA/117mA g5/117mA/117mA g4/117mA/117mA g4/117mA/117mA,,,,,,
118.436,HRV,242,12764901,13782765,11257215,12545247,-80,193,-467,g5/117mA/117mA g5/117mA/117mA g4/117mA/117mA g4/117mA/117mA,,,,,,
118.436,HRV,243,12772238,13785937,11261310,12549513,-81,193,-467,g5/117mA/117mA g5/117mA/117mA g4/117mA/117mA g4/117mA/117mA,,,,,,
118.553,HRV,244,12780581,13790110,11265950,12553231,-81,193,-468,g5/117mA/117mA g5/117mA/117mA g4/117mA/117mA g4/117mA/117mA,,,,,,
118.553,HRV,245,12789222,13793829,11270198,12557634,-81,193,-468,g5/117mA/117mA g5/117mA/117mA g4/117mA/117mA g4/117mA/117mA,,,,,,
118.553,HRV,246,12781127,13792736,11269911,12555756,-81,193,-468,g5/117mA/117mA g5/117mA/117mA g4/117mA/117mA g4/117mA/117mA,,,,,,
118.553,HRV,247,12751353,13774651,11260526,12537893,-81,193,-468,g5/117mA/117mA g5/117mA/117mA g4/117mA/117mA g4/117mA/117mA,,,,,,
118.553,HRV,248,12726571,13756403,11252029,12517144,-81,193,-468,g5/117mA/117mA g5/117mA/117mA g4/117mA/117mA g4/117mA/117mA,,,,,,
118.553,HRV,249,12712510,13744774,11246441,12502037,-79,192,-468,g5/117mA/117mA g5/117mA/117mA g4/117mA/117mA g4/117mA/117mA,,,,,,
118.559,HRV,250,12706110,13737666,11244103,12492156,-78,192,-468,g5/117mA/117mA g5/117mA/117mA g4/117mA/117mA g4/117mA/117mA,,,,,,
118.559,HRV,251,12701487,13731218,11242559,12484147,-80,193,-468,g5/117mA/117mA g5/117mA/117mA g4/117mA/117mA g4/117mA/117mA,,,,,,
118.559,HRV,252,12697274,13724795,11241884,12476724,-81,194,-468,g5/117mA/117mA g5/117mA/117mA g4/117mA/117mA g4/117mA/117mA,,,,,,
118.559,HRV,253,12696888,13721816,11241646,12472133,-81,193,-468,g5/117mA/117mA g5/117mA/117mA g4/117mA/117mA g4/117mA/117mA,,,,,,
118.559,HRV,254,12695950,13718378,11241996,12468218,-81,193,-468,g5/117mA/117mA g5/117mA/117mA g4/117mA/117mA g4/117mA/117mA,,,,,,
118.616,HRV,255,12693544,13713694,11241304,12462860,-81,193,-468,g5/117mA/117mA g5/117mA/117mA g4/117mA/117mA g4/117mA/117mA,,,,,,
118.616,HRV,0,12690908,13708781,11240818,12457485,-81,194,-468,g5/117mA/117mA g5/117mA/117mA g4/117mA/117mA g4/117mA/117mA,,,,,,
118.616,HRV,1,12690064,13705625,11240800,12453270,-81,194,-468,g5/117mA/117mA g5/117mA/117mA g4/117mA/117mA g4/117mA/117mA,,,,,,
118.616,HRV,2,12691326,13703807,11241748,12450901,-81,194,-468,g5/117mA/117mA g5/117mA/117mA g4/117mA/117mA g4/117mA/117mA,,,,,,
118.616,HRV,3,12694953,13703294,11243454,12449790,-80,194,-468,g5/117mA/117mA g5/117mA/117mA g4/117mA/117mA g4/117mA/117mA,,,,,,
118.617,HRV,4,12700431,13703825,11246328,12449577,-80,194,-468,g5/117mA/117mA g5/117mA/117mA g4/117mA/117mA g4/117mA/117mA,1087,0,0,0,100,1
118.617,HRV,5,12706206,13705667,11249648,12450754,-81,193,-468,g5/117mA/117mA g5/117mA/117mA g4/117mA/117mA g4/117mA/117mA,,,,,,
118.617,HRV,6,12711290,13707195,11252198,12452606,-79,205,-462,g5/117mA/117mA g5/117mA/117mA g4/117mA/117mA g4/117mA/117mA,,,,,,
119.423,HR,7,12716546,13709045,11255048,12454619,-81,195,-466,g5/117mA/117mA g5/117mA/117mA g4/117mA/117mA g4/117mA/117mA,,,,,,
119.423,HR,8,12721119,13710794,11257471,12456768,-82,194,-466,g5/117mA/117mA g5/117mA/117mA g4/117mA/117mA g4/117mA/117mA,,,,,,
119.423,HR,9,12726382,13713107,11259722,12459525,-83,194,-466,g5/117mA/117mA g5/117mA/117mA g4/117mA/117mA g4/117mA/117mA,,,,,,
119.423,HR,10,12731764,13715640,11261763,12463286,-84,193,-467,g5/117mA/117mA g5/117mA/117mA g4/117mA/117mA g4/117mA/117mA,,,,,,
119.423,HR,11,12736747,13718804,11263802,12467764,-84,193,-467,g5/117mA/117mA g5/117mA/117mA g4/117mA/117mA g4/117mA/117mA,,,,,,
119.457,HR,12,12742164,13723812,11265720,12472151,-84,193,-467,g5/117mA/117mA g5/117mA/117mA g4/117mA/117mA g4/117mA/117mA,,,,,,
119.457,HR,13,12748819,13730245,11267009,12477364,-84,193,-467,g5/117mA/117mA g5/117mA/117mA g4/117mA/117mA g4/117mA/117mA,,,,,,
119.457,HR,14,12755054,13736370,11269082,12483114,-84,193,-467,g5/117mA/117mA g5/117mA/117mA g4/117mA/117mA g4/117mA/117mA,,,,,,
119.457,HR,15,12762640,13744168,11271737,12489254,-83,193,-467,g5/117mA/117mA g5/117mA/117mA g4/117mA/117mA g4/117mA/117mA,,,,,,
119.457,HR,16,12769566,13751522,11273707,12496149,-83,193,-467,g5/117mA/117mA g5/117mA/117mA g4/117mA/117mA g4/117mA/117mA,,,,,,
119.457,HR,17,12756165,13750959,11270345,12494134,-82,193,-467,g5/117mA/117mA g5/117mA/117mA g4/117mA/117mA g4/117mA/117mA,,,,,,
119.484,HR,18,12725529,13738589,11259244,12478020,-82,193,-467,g5/117mA/117mA g5/117mA/117mA g4/117mA/117mA g4/117mA/117mA,,,,,,
119.484,HR,19,12700805,13726184,11248703,12460384,-82,194,-467,g5/117mA/117mA g5/117mA/117mA g4/117mA/117mA g4/117mA/117mA,,,,,,
119.484,HR,20,12686115,13717927,11241706,12447904,-83,194,-467,g5/117mA/117mA g5/117mA/117mA g4/117mA/117mA g4/117mA/117mA,,,,,,
119.484,HR,21,12678674,13714821,11238225,12439356,-84,194,-467,g5/117mA/117mA g5/117mA/117mA g4/117mA/117mA g4/117mA/117mA,,,,,,
119.484,HR,22,12672695,13712245,11235563,12431551,-84,194,-467,g5/117mA/117mA g5/117mA/117mA g4/117mA/117mA g4/117mA/117mA,,,,,,
119.604,HR,23,12667892,13710445,11234225,12424988,-85,194,-467,g5/117mA/117mA g5/117mA/117mA g4/117mA/117mA g4/117mA/117mA,,,,,,
119.604,HR,24,12666296,13711358,11233669,12419998,-85,194,-467,g5/117mA/117mA g5/117mA/117mA g4/117mA/117mA g4/117mA/117mA,,,,,,
119.604,HR,25,12661631,13711221,11232723,12413848,-85,194,-467,g5/117mA/117mA g5/117mA/117mA g4/117mA/117mA g4/117mA/117mA,,,,,,
119.604,HR,26,12655667,13710682,11231205,12407090,-86,193,-466,g5/117mA/117mA g5/117mA/117mA g4/117mA/117mA g4/117mA/117mA,,,,,,
119.604,HR,27,12650581,13709549,11230529,12401306,-87,193,-466,g5/117mA/117mA g5/117mA/117mA g4/117mA/117mA g4/117mA/117mA,,,,,,
119.604,HR,28,12649661,13710675,11231050,12399925,-87,193,-466,g5/117mA/117mA g5/117mA/117mA g4/117mA/117mA g4/117mA/117mA,,,,,,
119.638,HR,34,12658294,13716084,11235520,12408167,-85,193,-467,g5/117mA/117mA g5/117mA/117mA g4/117mA/117mA g4/117mA/117mA,,,,,,
119.638,HR,35,12667577,13720647,11240640,12416202,-85,193,-467,g5/117mA/117mA g5/117mA/117mA g4/117mA/117mA g4/117mA/117mA,,,,,,
119.638,HR,36,12678777,13725749,11246766,12424990,-85,194,-466,g5/117mA/117mA g5/117mA/117mA g4/117mA/117mA g4/117mA/117mA,,,,,,
119.638,HR,37,12689484,13731029,11252257,12433938,-85,194,-466,g5/117mA/117mA g5/117mA/117mA g4/117mA/117mA g4/117mA/117mA,,,,,,
119.638,HR,38,12698620,13736293,11256831,12441038,-85,194,-466,g5/117mA/117mA g5/117mA/117mA g4/117mA/117mA g4/117mA/117mA,,,,,,
119.638,HR,39,12708652,13741346,11261994,12447632,-85,194,-467,g5/117mA/117mA g5/117mA/117mA g4/117mA/117mA g4/117mA/117mA,,,,,,
119.697,HR,40,12751446,13775060,11286280,12493147,-83,194,-467,g5/117mA/117mA g5/117mA/117mA g4/117mA/117mA g4/117mA/117mA,,,,,,
119.753,HRV,7,12716546,13709045,11255048,12454619,-81,195,-466,g5/117mA/117mA g5/117mA/117mA g4/117mA/117mA g4/117mA/117mA,,,,,,
119.753,HRV,8,12721119,13710794,11257471,12456768,-82,194,-466,g5/117mA/117mA g5/117mA/117mA g4/117mA/117mA g4/117mA/117mA,,,,,,
119.753,HRV,9,12726382,13713107,11259722,12459525,-83,194,-466,g5/117mA/117mA g5/117mA/117mA g4/117mA/117mA g4/117mA/117mA,,,,,,
119.753,HRV,10,12731764,13715640,11261763,12463286,-84,193,-467,g5/117mA/117mA g5/117mA/117mA g4/117mA/117mA g4/117mA/117mA,,,,,,
119.753,HRV,11,12736747,13718804,11263802,12467764,-84,193,-467,g5/117mA/117mA g5/117mA/117mA g4/117mA/117mA g4/117mA/117mA,,,,,,
119.781,HRV,18,12725529,13738589,11259244,12478020,-82,193,-467,g5/117mA/117mA g5/117mA/117mA g4/117mA/117mA g4/117mA/117mA,,,,,,
119.781,HRV,19,12700805,13726184,11248703,12460384,-82,194,-467,g5/117mA/117mA g5/117mA/117mA g4/117mA/117mA g4/117mA/117mA,,,,,,
119.781,HRV,20,12686115,13717927,11241706,12447904,-83,194,-467,g5/117mA/117mA g5/117mA/117mA g4/117mA/117mA g4/117mA/117mA,,,,,,
119.781,HRV,21,12678674,13714821,11238225,12439356,-84,194,-467,g5/117mA/117mA g5/117mA/117mA g4/117mA/117mA g4/117mA/117mA,,,,,,
119.781,HRV,22,12672695,13712245,11235563,12431551,-84,194,-467,g5/117mA/117mA g5/117mA/117mA g4/117mA/117mA g4/117mA/117mA,,,,,,
119.817,HRV,23,12667892,13710445,11234225,12424988,-85,194,-467,g5/117mA/117mA g5/117mA/117mA g4/117mA/117mA g4/117mA/117mA,,,,,,
119.817,HRV,24,12666296,13711358,11233669,12419998,-85,194,-467,g5/117mA/117mA g5/117mA/117mA g4/117mA/117mA g4/117mA/117mA,,,,,,
119.817,HRV,25,12661631,13711221,11232723,12413848,-85,194,-467,g5/117mA/117mA g5/117mA/117mA g4/117mA/117mA g4/117mA/117mA,,,,,,
119.817,HRV,26,12655667,13710682,11231205,12407090,-86,193,-466,g5/117mA/117mA g5/117mA/117mA g4/117mA/117mA g4/117mA/117mA,,,,,,
119.817,HRV,27,12650581,13709549,11230529,12401306,-87,193,-466,g5/117mA/117mA g5/117mA/117mA g4/117mA/117mA g4/117mA/117mA,,,,,,
119.817,HRV,28,12649661,13710675,11231050,12399925,-87,193,-466,g5/117mA/117mA g5/117mA/117mA g4/117mA/117mA g4/117mA/117mA,,,,,,
119.841,HRV,29,12652127,13713294,11233943,12402604,-85,193,-466,g5/117mA/117mA g5/117mA/117mA g4/117mA/117mA g4/117mA/117mA,1040,0,0,0,100,1
119.841,HRV,30,12658227,13718728,11237516,12410000,-85,194,-467,g5/117mA/117mA g5/117mA/117mA g4/117mA/117mA g4/117mA/117mA,,,,,,
119.841,HRV,31,12664693,13726142,11241056,12420171,-85,194,-467,g5/117mA/117mA g5/117mA/117mA g4/117mA/117mA g4/117mA/117mA,,,,,,
119.841,HRV,32,12672841,13733523,11245093,12430348,-85,193,-467,g5/117mA/117mA g5/117mA/117mA g4/117mA/117mA g4/117mA/117mA,,,,,,
119.874,HRV,39,12740158,13770557,11280541,12487430,-85,194,-467,g5/117mA/117mA g5/117mA/117mA g4/117mA/117mA g4/117mA/117mA,,,,,,
119.874,HRV,40,12751446,13775060,11286280,12493147,-83,194,-467,g5/117mA/117mA g5/117mA/117mA g4/117mA/117mA g4/117mA/117mA,,,,,,
120.478,HR,41,12762554,13778951,11292006,12498837,-83,193,-466,g5/117mA/117mA g5/117mA/117mA g4/117mA/117mA g4/117mA/117mA,,,,,,
120.478,HR,42,12774420,13785783,11296323,12503374,-84,193,-467,g5/117mA/117mA g5/117mA/117mA g4/117mA/117mA g4/117mA/117mA,,,,,,
120.478,HR,43,12782994,13798154,11296500,12506139,-85,194,-468,g5/117mA/117mA g5/117mA/117mA g4/117mA/117mA g4/117mA/117mA,,,,,,
120.478,HR,44,12772887,13799484,11294309,12508348,-87,194,-467,g5/117mA/117mA g5/117mA/117mA g4/117mA/117mA g4/117mA/117mA,,,,,,
120.478,HR,45,12742207,13788975,11282348,12500141,-88,194,-467,g5/117mA/117mA g5/117mA/117mA g4/117mA/117mA g4/117mA/117mA,,,,,,
120.537,HR,46,12717218,13777561,11270567,12487285,-85,194,-467,g5/117mA/117mA g5/117mA/117mA g4/117mA/117mA g4/117mA/117mA,,,,,,
120.537,HR,47,12701230,13769822,11262512,12477568,-81,193,-467,g5/117mA/117mA g5/117mA/117mA g4/117mA/117mA g4/117mA/117mA,,,,,,
120.537,HR,48,12693427,13766332,11257967,12471510,-87,193,-467,g5/117mA/117mA g5/117mA/117mA g4/117mA/117mA g4/117mA/117mA,,,,,,
120.537,HR,49,12687113,13764464,11254272,12465957,-88,193,-467,g5/117mA/117mA g5/117mA/117mA g4/117mA/117mA g4/117mA/117mA,,,,,,
120.537,HR,50,12681355,13763960,11250911,12460719,-85,194,-467,g5/117mA/117mA g5/117mA/117mA g4/117mA/117mA g4/117mA/117mA,,,,,,
120.537,HR,51,12678317,13765034,11248933,12457528,-82,191,-467,g5/117mA/117mA g5/117mA/117mA g4/117mA/117mA g4/117mA/117mA,,,,,,
120.594,HR,52,12675534,13765547,11247284,12452307,-84,191,-467,g5/117mA/117mA g5/117mA/117mA g4/117mA/117mA g4/117mA/117mA,,,,,,
120.594,HR,53,12671192,13764856,11246363,12447598,-89,193,-467,g5/117mA/117mA g5/117mA/117mA g4/117mA/117mA g4/117mA/117mA,,,,,,
120.594,HR,54,12671561,13763193,11248019,12447802,-87,193,-467,g5/117mA/117mA g5/117mA/117mA g4/117mA/117mA g4/117mA/117mA,56,100,0,1,0,0
120.594,HR,55,12680048,13763151,11253512,12456614,-86,193,-467,g5/117mA/117mA g5/117mA/117mA g4/117mA/117mA g4/117mA/117mA,,,,,,
120.594,HR,56,12690867,13761060,11260287,12465222,-85,193,-468,g5/117mA/117mA g5/117mA/117mA g4/117mA/117mA g4/117mA/117mA,,,,,,
120.658,HR,57,12702257,13762299,11265781,12470256,-84,193,-468,g5/117mA/117mA g5/117mA/117mA g4/117mA/117mA g4/117mA/117mA,,,,,,
120.658,HR,58,12712425,13765907,11271138,12478616,-84,192,-468,g5/117mA/117mA g5/117mA/117mA g4/117mA/117mA g4/117mA/117mA,,,,,,
120.658,HR,59,12720573,13772220,11273356,12487874,-84,192,-468,g5/117mA/117mA g5/117mA/117mA g4/117mA/117mA g4/117mA/117mA,,,,,,
120.658,HR,60,12727508,13780724,11274057,12498854,-84,193,-468,g5/117mA/117mA g5/117mA/117mA g4/117mA/117mA g4/117mA/117mA,,,,,,
120.658,HR,61,12732592,13787295,11274132,12507760,-84,194,-467,g5/117mA/117mA g5/117mA/117mA g4/117mA/117mA g4/117mA/117mA,,,,,,
120.659,HR,62,12736713,13797191,11273424,12516206,-85,194,-467,g5/117mA/117mA g5/117mA/117mA g4/117mA/117mA g4/117mA/117mA,,,,,,
120.682,HR,63,12739921,13806522,11273278,12522827,-85,194,-467,g5/117mA/117mA g5/117mA/117mA g4/117mA/117mA g4/117mA/117mA,,,,,,
120.682,HR,64,12742634,13814380,11272895,12526094,-86,194,-467,g5/117mA/117mA g5/117mA/117mA g4/117mA/117mA g4/117mA/117mA,,,,,,
120.682,HR,65,12745500,13822136,11272921,12528705,-87,194,-467,g5/117mA/117mA g5/117mA/117mA g4/117mA/117mA g4/117mA/117mA,,,,,,
120.682,HR,66,12751396,13828697,11274781,12531434,-85,194,-467,g5/117mA/117mA g5/117mA/117mA g4/117mA/117mA g4/117mA/117mA,,,,,,
120.682,HR,67,12759372,13833833,11278263,12533371,-86,194,-467,g5/117mA/117mA g5/117mA/117mA g4/117mA/117mA g4/117mA/117mA,,,,,,
120.772,HR,68,12773362,13838609,11285677,12541158,-86,193,-467,g5/117mA/117mA g5/117mA/117mA g4/117mA/117mA g4/117mA/117mA,,,,,,
120.772,HR,69,12790468,13844138,11293763,12550801,-82,193,-467,g5/117mA/117mA g5/117mA/117mA g4/117mA/117mA g4/117mA/117mA,,,,,,
120.772,HR,70,12809528,13848812,11302960,12560354,-84,193,-468,g5/117mA/117mA g5/117mA/117mA g4/117mA/117mA g4/117mA/117mA,,,,,,
120.772,HR,71,12799683,13845137,11306425,12561140,-83,192,-468,g5/117mA/117mA g5/117mA/117mA g4/117mA/117mA g4/117mA/117mA,,,,,,
120.772,HR,72,12775794,13829345,11304257,12551354,-78,192,-467,g5/117mA/117mA g5/117mA/117mA g4/117mA/117mA g4/117mA/117mA,,,,,,
120.772,HR,73,12759237,13817358,11300486,12540708,-82,192,-467,g5/117mA/117mA g5/117mA/117mA g4/117mA/117mA g4/117mA/117mA,,,,,,
120.834,HR,74,12753043,13812197,11297841,12535512,-81,205,-461,g5/117mA/117mA g5/117mA/117mA g4/117mA/117mA g4/117mA/117mA,,,,,,
120.837,HRV,41,12762554,13778951,11292006,12498837,-83,193,-466,g5/117mA/117mA g5/117mA/117mA g4/117mA/117mA g4/117mA/117mA,,,,,,
120.837,HRV,42,12774420,13785783,11296323,12503374,-84,193,-467,g5/117mA/117mA g5/117mA/117mA g4/117mA/117mA g4/117mA/117mA,,,,,,
120.837,HRV,43,12782994,13798154,11296500,12506139,-85,194,-468,g5/117mA/117mA g5/117mA/117mA g4/117mA/117mA g4/117mA/117mA,,,,,,
120.837,HRV,44,12772887,13799484,11294309,12508348,-87,194,-467,g5/117mA/117mA g5/117mA/117mA g4/117mA/117mA g4/117mA/117mA,,,,,,
120.837,HRV,45,12742207,13788975,11282348,12500141,-88,194,-467,g5/117mA/117mA g5/117mA/117mA g4/117mA/117mA g4/117mA/117mA,,,,,,
120.895,HRV,46,12717218,13777561,11270567,12487285,-85,194,-467,g5/117mA/117mA g5/117mA/117mA g4/117mA/117mA g4/117mA/117mA,,,,,,
120.895,HRV,47,12701230,13769822,11262512,12477568,-81,193,-467,g5/117mA/117mA g5/117mA/117mA g4/117mA/117mA g4/117mA/117mA,,,,,,
120.895,HRV,48,12693427,13766332,11257967,12471510,-87,193,-467,g5/117mA/117mA g5/117mA/117mA g4/117mA/117mA g4/117mA/117mA,,,,,,
120.895,HRV,49,12687113,13764464,11254272,12465957,-88,193,-467,g5/117mA/117mA g5/117mA/117mA g4/117mA/117mA g4/117mA/117mA,,,,,,
120.895,HRV,50,12681355,13763960,11250911,12460719,-85,194,-467,g5/117mA/117mA g5/117mA/117mA g4/117mA/117mA g4/117mA/117mA,,,,,,
120.895,HRV,51,12678317,13765034,11248933,12457528,-82,191,-467,g5/117mA/117mA g5/117mA/117mA g4/117mA/117mA g4/117mA/117mA,,,,,,
120.982,HRV,52,12675534,13765547,11247284,12452307,-84,191,-467,g5/117mA/117mA g5/117mA/117mA g4/117mA/117mA g4/117mA/117mA,,,,,,
120.982,HRV,53,12671192,13764856,11246363,12447598,-89,193,-467,g5/117mA/117mA g5/117mA/117mA g4/117mA/117mA g4/117mA/117mA,,,,,,
120.982,HRV,54,12671561,13763193,11248019,12447802,-87,193,-467,g5/117mA/117mA g5/117mA/117mA g4/117mA/117mA g4/117mA/117mA,1072,0,0,0,100,1
120.982,HRV,55,12680048,13763151,11253512,12456614,-86,193,-467,g5/117mA/117mA g5/117mA/117mA g4/117mA/117mA g4/117mA/117mA,,,,,,
121.018,HRV,56,12690867,13761060,11260287,12465222,-85,193,-468,g5/117mA/117mA g5/117mA/117mA g4/117mA/117mA g4/117mA/117mA,,,,,,
121.019,HRV,57,12702257,13762299,11265781,12470256,-84,193,-468,g5/117mA/117mA g5/117mA/117mA g4/117mA/117mA g4/117mA/117mA,,,,,,
121.019,HRV,58,12712425,13765907,11271138,12478616,-84,192,-468,g5/117mA/117mA g5/117mA/117mA g4/117mA/117mA g4/117mA/117mA,,,,,,
121.019,HRV,59,12720573,13772220,11273356,12487874,-84,192,-468,g5/117mA/117mA g5/117mA/117mA g4/117mA/117mA g4/117mA/117mA,,,,,,
121.019,HRV,60,12727508,13780724,11274057,12498854,-84,193,-468,g5/117mA/117mA g5/117mA/117mA g4/117mA/117mA g4/117mA/117mA,,,,,,
121.019,HRV,61,12732592,13787295,11274132,12507760,-84,194,-467,g5/117mA/117mA g5/117mA/117mA g4/117mA/117mA g4/117mA/117mA,,,,,,
121.104,HRV,62,12736713,13797191,11273424,12516206,-85,194,-467,g5/117mA/117mA g5/117mA/117mA g4/117mA/117mA g4/117mA/117mA,,,,,,
121.104,HRV,63,12739921,13806522,11273278,12522827,-85,194,-467,g5/117mA/117mA g5/117mA/117mA g4/117mA/117mA g4/117mA/117mA,,,,,,
121.104,HRV,64,12742634,13814380,11272895,12526094,-86,194,-467,g5/117mA/117mA g5/117mA/117mA g4/117mA/117mA g4/117mA/117mA,,,,,,
121.104,HRV,65,12745500,13822136,11272921,12528705,-87,194,-467,g5/117mA/117mA g5/117mA/117mA g4/117mA/117mA g4/117mA/117mA,,,,,,
121.104,HRV,66,12751396,13828697,11274781,12531434,-85,194,-467,g5/117mA/117mA g5/117mA/117mA g4/117mA/117mA g4/117mA/117mA,,,,,,
121.104,HRV,67,12759372,13833833,11278263,12533371,-86,194,-467,g5/117mA/117mA g5/117mA/117mA g4/117mA/117mA g4/117mA/117mA,,,,,,
121.139,HRV,68,12773362,13838609,11285677,12541158,-86,193,-467,g5/117mA/117mA g5/117mA/117mA g4/117mA/117mA g4/117mA/117mA,,,,,,
121.139,HRV,69,12790468,13844138,11293763,12550801,-82,193,-467,g5/117mA/117mA g5/117mA/117mA g4/117mA/117mA g4/117mA/117mA,,,,,,
121.139,HRV,70,12809528,13848812,11302960,12560354,-84,193,-468,g5/117mA/117mA g5/117mA/117mA g4/117mA/117mA g4/117mA/117mA,,,,,,
121.139,HRV,71,12799683,13845137,11306425,12561140,-83,192,-468,g5/117mA/117mA g5/117mA/117mA g4/117mA/117mA g4/117mA/117mA,,,,,,
121.139,HRV,72,12775794,13829345,11304257,12551354,-78,192,-467,g5/117mA/117mA g5/117mA/117mA g4/117mA/117mA g4/117mA/117mA,,,,,,
121.139,HRV,73,12759237,13817358,11300486,12540708,-82,192,-467,g5/117mA/117mA g5/117mA/117mA g4/117mA/117mA g4/117mA/117mA,,,,,,
122.275,HR,75,12749281,13812367,11294096,12535836,-82,195,-467,g5/117mA/117mA g5/117mA/117mA g4/117mA/117mA g4/117mA/117mA,,,,,,
122.276,HR,76,12747530,13815133,11290973,12540929,-84,195,-466,g5/117mA/117mA g5/117mA/117mA g4/117mA/117mA g4/117mA/117mA,,,,,,
122.276,HR,77,12747606,13820473,11288859,12544624,-84,195,-466,g5/117mA/117mA g5/117mA/117mA g4/117mA/117mA g4/117mA/117mA,,,,,,
122.276,HR,78,12747616,13826878,11286486,12546636,-84,195,-467,g5/117mA/117mA g5/117mA/117mA g4/117mA/117mA g4/117mA/117mA,,,,,,
122.276,HR,79,12745441,13830207,11285445,12545298,-88,195,-467,g5/117mA/117mA g5/117mA/117mA g4/117mA/117mA g4/117mA/117mA,56,100,0,1,0,0
122.335,HR,80,12742642,13830693,11284498,12542593,-89,195,-466,g5/117mA/117mA g5/117mA/117mA g4/117mA/117mA g4/117mA/117mA,,,,,,
122.335,HR,81,12740919,13831332,11283560,12539258,-86,195,-466,g5/117mA/117mA g5/117mA/117mA g4/117mA/117mA g4/117mA/117mA,,,,,,
122.335,HR,82,12741532,13833354,11283380,12537125,-83,195,-466,g5/117mA/117mA g5/117mA/117mA g4/117mA/117mA g4/117mA/117mA,,,,,,
122.335,HR,83,12745483,13835708,11284864,12537663,-87,195,-466,g5/117mA/117mA g5/117mA/117mA g4/117mA/117mA g4/117mA/117mA,,,,,,
122.335,HR,84,12754219,13837731,11288961,12540990,-94,196,-466,g5/117mA/117mA g5/117mA/117mA g4/117mA/117mA g4/117mA/117mA,,,,,,
122.335,HR,85,12766828,13841093,11294677,12548309,-86,196,-466,g5/117mA/117mA g5/117mA/117mA g4/117mA/117mA g4/117mA/117mA,,,,,,
122.4,HR,86,12778260,13844904,11297892,12551193,-85,196,-466,g5/117mA/117mA g5/117mA/117mA g4/117mA/117mA g4/117mA/117mA,,,,,,
122.4,HR,87,12786255,13849385,11300913,12557376,-88,194,-466,g5/117mA/117mA g5/117mA/117mA g4/117mA/117mA g4/117mA/117mA,,,,,,
122.4,HR,88,12795298,13856370,11302875,12565208,-88,194,-466,g5/117mA/117mA g5/117mA/117mA g4/117mA/117mA g4/117mA/117mA,,,,,,
122.4,HR,89,12807804,13867617,11304231,12573706,-92,194,-466,g5/117mA/117mA g5/117mA/117mA g4/117mA/117mA g4/117mA/117mA,,,,,,
122.4,HR,90,12822758,13876778,11306611,12582912,-93,195,-466,g5/117mA/117mA g5/117mA/117mA g4/117mA/117mA g4/117mA/117mA,,,,,,
122.4,HR,91,12842040,13879252,11311244,12591272,-84,195,-466,g5/117mA/117mA g5/117mA/117mA g4/117mA/117mA g4/117mA/117mA,,,,,,
122.4,HR,92,12861370,13880985,11318147,12594028,-84,195,-465,g5/117mA/117mA g5/117mA/117mA g4/117mA/117mA g4/117mA/117mA,,,,,,
122.4,HR,93,12876498,13885864,11323699,12595239,-85,195,-464,g5/117mA/117mA g5/117mA/117mA g4/117mA/117mA g4/117mA/117mA,,,,,,
122.4,HR,94,12887683,13891991,11327488,12596664,-82,195,-467,g5/117mA/117mA g5/117mA/117mA g4/117mA/117mA g4/117mA/117mA,,,,,,
122.4,HR,95,12901059,13897041,11331283,12598755,-90,197,-467,g5/117mA/117mA g5/117mA/117mA g4/117mA/117mA g4/117mA/117mA,,,,,,
122.4,HR,96,12912211,13901221,11334457,12602704,-95,197,-466,g5/117mA/117mA g5/117mA/117mA g4/117mA/117mA g4/117mA/117mA,,,,,,
122.455,HR,97,12908130,13906117,11332264,12606647,-86,196,-465,g5/117mA/117mA g5/117mA/117mA g4/117mA/117mA g4/117mA/117mA,,,,,,
122.455,HR,98,12883808,13894130,11323084,12595803,-85,195,-465,g5/117mA/117mA g5/117mA/117mA g4/117mA/117mA g4/117mA/117mA,,,,,,
122.455,HR,99,12861397,13878656,11314220,12580540,-86,195,-466,g5/117mA/117mA g5/117mA/117mA g4/117mA/117mA g4/117mA/117mA,,,,,,
122.455,HR,100,12850521,13866797,11308907,12567742,-89,195,-466,g5/117mA/117mA g5/117mA/117mA g4/117mA/117mA g4/117mA/117mA,,,,,,
122.455,HR,101,12846323,13861268,11305936,12560757,-87,195,-467,g5/117mA/117mA g5/117mA/117mA g4/117mA/117mA g4/117mA/117mA,,,,,,
122.456,HR,102,12845189,13860927,11302875,12559665,-86,194,-467,g5/117mA/117mA g5/117mA/117mA g4/117mA/117mA g4/117mA/117mA,,,,,,
122.456,HR,103,12845837,13861788,11300656,12559620,-86,194,-467,g5/117mA/117mA g5/117mA/117mA g4/117mA/117mA g4/117mA/117mA,,,,,,
122.456,HR,104,12848107,13860467,11301236,12561899,-86,194,-467,g5/117mA/117mA g5/117mA/117mA g4/117mA/117mA g4/117mA/117mA,56,100,0,1,0,0
122.456,HR,105,12847773,13854050,11302969,12562692,-86,195,-467,g5/117mA/117mA g5/117mA/117mA g4/117mA/117mA g4/117mA/117mA,,,,,,
122.456,HR,106,12846296,13845826,11304640,12561669,-88,195,-467,g5/117mA/117mA g5/117mA/117mA g4/117mA/117mA g4/117mA/117mA,,,,,,
122.482,HR,107,12845588,13838977,11305451,12560798,-85,194,-467,g5/117mA/117mA g5/117mA/117mA g4/117mA/117mA g4/117mA/117mA,,,,,,
122.482,HR,108,12845852,13832612,11307482,12560090,-81,205,-461,g5/117mA/117mA g5/117mA/117mA g4/117mA/117mA g4/117mA/117mA,,,,,,
122.514,HRV,75,12749281,13812367,11294096,12535836,-82,195,-467,g5/117mA/117mA g5/117mA/117mA g4/117mA/117mA g4/117mA/117mA,,,,,,
122.514,HRV,76,12747530,13815133,11290973,12540929,-84,195,-466,g5/117mA/117mA g5/117mA/117mA g4/117mA/117mA g4/117mA/117mA,,,,,,
122.514,HRV,77,12747606,13820473,11288859,12544624,-84,195,-466,g5/117mA/117mA g5/117mA/117mA g4/117mA/117mA g4/117mA/117mA,,,,,,
122.514,HRV,78,12747616,13826878,11286486,12546636,-84,195,-467,g5/117mA/117mA g5/117mA/117mA g4/117mA/117mA g4/117mA/117mA,,,,,,
122.577,HRV,79,12745441,13830207,11285445,12545298,-88,195,-467,g5/117mA/117mA g5/117mA/117mA g4/117mA/117mA g4/117mA/117mA,1044,0,0,0,100,1
122.578,HRV,80,12742642,13830693,11284498,12542593,-89,195,-466,g5/117mA/117mA g5/117mA/117mA g4/117mA/117mA g4/117mA/117mA,,,,,,
122.578,HRV,81,12740919,13831332,11283560,12539258,-86,195,-466,g5/117mA/117mA g5/117mA/117mA g4/117mA/117mA g4/117mA/117mA,,,,,,
122.578,HRV,82,12741532,13833354,11283380,12537125,-83,195,-466,g5/117mA/117mA g5/117mA/117mA g4/117mA/117mA g4/117mA/117mA,,,,,,
122.578,HRV,83,12745483,13835708,11284864,12537663,-87,195,-466,g5/117mA/117mA g5/117mA/117mA g4/117mA/117mA g4/117mA/117mA,,,,,,
122.602,HRV,84,12754219,13837731,11288961,12540990,-94,196,-466,g5/117mA/117mA g5/117mA/117mA g4/117mA/117mA g4/117mA/117mA,,,,,,
122.602,HRV,85,12766828,13841093,11294677,12548309,-86,196,-466,g5/117mA/117mA g5/117mA/117mA g4/117mA/117mA g4/117mA/117mA,,,,,,
122.602,HRV,86,12778260,13844904,11297892,12551193,-85,196,-466,g5/117mA/117mA g5/117mA/117mA g4/117mA/117mA g4/117mA/117mA,,,,,,
122.602,HRV,87,12786255,13849385,11300913,12557376,-88,194,-466,g5/117mA/117mA g5/117mA/117mA g4/117mA/117mA g4/117mA/117mA,,,,,,
122.602,HRV,88,12795298,13856370,11302875,12565208,-88,194,-466,g5/117mA/117mA g5/117mA/117mA g4/117mA/117mA g4/117mA/117mA,,,,,,
122.752,HRV,89,12807804,13867617,11304231,12573706,-92,194,-466,g5/117mA/117mA g5/117mA/117mA g4/117mA/117mA g4/117mA/117mA,,,,,,
122.752,HRV,90,12822758,13876778,11306611,12582912,-93,195,-466,g5/117mA/117mA g5/117mA/117mA g4/117mA/117mA g4/117mA/117mA,,,,,,
122.752,HRV,91,12842040,13879252,11311244,12591272,-84,195,-466,g5/117mA/117mA g5/117mA/117mA g4/117mA/117mA g4/117mA/117mA,,,,,,
122.752,HRV,92,12861370,13880985,11318147,12594028,-84,195,-465,g5/117mA/117mA g5/117mA/117mA g4/117mA/117mA g4/117mA/117mA,,,,,,
122.752,HRV,93,12876498,13885864,11323699,12595239,-85,195,-464,g5/117mA/117mA g5/117mA/117mA g4/117mA/117mA g4/117mA/117mA,,,,,,
122.752,HRV,94,12887683,13891991,11327488,12596664,-82,195,-467,g5/117mA/117mA g5/117mA/117mA g4/117mA/117mA g4/117mA/117mA,,,,,,
122.757,HRV,95,12901059,13897041,11331283,12598755,-90,197,-467,g5/117mA/117mA g5/117mA/117mA g4/117mA/117mA g4/117mA/117mA,,,,,,
122.757,HRV,96,12912211,13901221,11334457,12602704,-95,197,-466,g5/117mA/117mA g5/117mA/117mA g4/117mA/117mA g4/117mA/117mA,,,,,,
122.757,HRV,97,12908130,13906117,11332264,12606647,-86,196,-465,g5/117mA/117mA g5/117mA/117mA g4/117mA/117mA g4/117mA/117mA,,,,,,
122.757,HRV,98,12883808,13894130,11323084,12595803,-85,195,-465,g5/117mA/117mA g5/117mA/117mA g4/117mA/117mA g4/117mA/117mA,,,,,,
122.757,HRV,99,12861397,13878656,11314220,12580540,-86,195,-466,g5/117mA/117mA g5/117mA/117mA g4/117mA/117mA g4/117mA/117mA,,,,,,
122.818,HRV,100,12850521,13866797,11308907,12567742,-89,195,-466,g5/117mA/117mA g5/117mA/117mA g4/117mA/117mA g4/117mA/117mA,,,,,,
122.818,HRV,101,12846323,13861268,11305936,12560757,-87,195,-467,g5/117mA/117mA g5/117mA/117mA g4/117mA/117mA g4/117mA/117mA,,,,,,
122.818,HRV,102,12845189,13860927,11302875,12559665,-86,194,-467,g5/117mA/117mA g5/117mA/117mA g4/117mA/117mA g4/117mA/117mA,,,,,,
122.818,HRV,103,12845837,13861788,11300656,12559620,-86,194,-467,g5/117mA/117mA g5/117mA/117mA g4/117mA/117mA g4/117mA/117mA,,,,,,
122.818,HRV,104,12848107,13860467,11301236,12561899,-86,194,-467,g5/117mA/117mA g5/117mA/117mA g4/117mA/117mA g4/117mA/117mA,1067,0,0,0,100,1
122.818,HRV,105,12847773,13854050,11302969,12562692,-86,195,-467,g5/117mA/117mA g5/117mA/117mA g4/117mA/117mA g4/117mA/117mA,,,,,,
122.818,HRV,106,12846296,13845826,11304640,12561669,-88,195,-467,g5/117mA/117mA g5/117mA/117mA g4/117mA/117mA g4/117mA/117mA,,,,,,
122.818,HRV,107,12845588,13838977,11305451,12560798,-85,194,-467,g5/117mA/117mA g5/117mA/117mA g4/117mA/117mA g4/117mA/117mA,,,,,,
122.818,HRV,108,12845852,13832612,11307482,12560090,-81,205,-461,g5/117mA/117mA g5/117mA/117mA g4/117mA/117mA g4/117mA/117mA,,,,,,
123.539,HR,109,12848122,13826897,11310466,12559725,-85,197,-467,g5/117mA/117mA g5/117mA/117mA g4/117mA/117mA g4/117mA/117mA,,,,,,
123.539,HR,110,12852780,13824874,11313905,12561772,-86,196,-466,g5/117mA/117mA g5/117mA/117mA g4/117mA/117mA g4/117mA/117mA,,,,,,
123.539,HR,111,12859085,13819193,11320457,12562873,-87,197,-466,g5/117mA/117mA g5/117mA/117mA g4/117mA/117mA g4/117mA/117mA,,,,,,
123.539,HR,112,12866065,13820625,11324278,12566549,-86,196,-465,g5/117mA/117mA g5/117mA/117mA g4/117mA/117mA g4/117mA/117mA,,,,,,
123.539,HR,113,12870441,13830359,11322768,12573604,-84,196,-465,g5/117mA/117mA g5/117mA/117mA g4/117mA/117mA g4/117mA/117mA,,,,,,
123.54,HR,125,12841743,13810882,11311192,12552975,-82,197,-466,g5/117mA/117mA g5/117mA/117mA g4/117mA/117mA g4/117mA/117mA,,,,,,
123.54,HR,126,12821379,13794128,11302252,12537262,-82,197,-466,g5/117mA/117mA g5/117mA/117mA g4/117mA/117mA g4/117mA/117mA,,,,,,
123.54,HR,127,12806517,13778472,11298020,12526809,-83,197,-466,g5/117mA/117mA g5/117mA/117mA g4/117mA/117mA g4/117mA/117mA,,,,,,
123.54,HR,128,12794870,13764813,11296133,12519602,-84,197,-466,g5/117mA/117mA g5/117mA/117mA g4/117mA/117mA g4/117mA/117mA,,,,,,
123.54,HR,129,12786101,13752297,11298138,12514311,-84,197,-466,g5/117mA/117mA g5/117mA/117mA g4/117mA/117mA g4/117mA/117mA,56,100,0,1,0,0
123.599,HR,130,12767588,13766290,11283167,12542473,-83,197,-466,g5/117mA/117mA g5/117mA/117mA g4/117mA/117mA g4/117mA/117mA,,,,,,
123.599,HR,131,12777041,13763286,11296816,12542953,-82,197,-467,g5/117mA/117mA g5/117mA/117mA g4/117mA/117mA g4/117mA/117mA,,,,,,
123.599,HR,132,12780717,13764856,11303786,12543924,-82,197,-467,g5/117mA/117mA g5/117mA/117mA g4/117mA/117mA g4/117mA/117mA,,,,,,
123.599,HR,133,12781980,13766231,11307754,12544795,-82,197,-467,g5/117mA/117mA g5/117mA/117mA g4/117mA/117mA g4/117mA/117mA,,,,,,
123.599,HR,134,12783423,13767263,11309761,12546483,-79,196,-466,g5/117mA/117mA g5/117mA/117mA g4/117mA/117mA g4/117mA/117mA,,,,,,
123.599,HR,135,12787234,13768363,11312684,12551568,-77,195,-466,g5/117mA/117mA g5/117mA/117mA g4/117mA/117mA g4/117mA/117mA,,,,,,
123.653,HR,136,12792294,13768764,11317643,12556985,-75,195,-466,g5/117mA/117mA g5/117mA/117mA g4/117mA/117mA g4/117mA/117mA,,,,,,
123.653,HR,137,12799938,13767895,11325175,12561157,-78,195,-466,g5/117mA/117mA g5/117mA/117mA g4/117mA/117mA g4/117mA/117mA,,,,,,
123.653,HR,138,12809587,13769574,11332667,12566583,-81,195,-466,g5/117mA/117mA g5/117mA/117mA g4/117mA/117mA g4/117mA/117mA,,,,,,
123.653,HR,139,12819194,13772775,11340522,12571198,-82,196,-466,g5/117mA/117mA g5/117mA/117mA g4/117mA/117mA g4/117mA/117mA,,,,,,
123.653,HR,140,12829209,13777107,11347323,12575097,-82,196,-466,g5/117mA/117mA g5/117mA/117mA g4/117mA/117mA g4/117mA/117mA,,,,,,
123.653,HR,141,12839138,13779326,11355205,12577001,-85,197,-467,g5/117mA/117mA g5/117mA/117mA g4/117mA/117mA g4/117mA/117mA,,,,,,
123.655,HR,142,12850521,13783950,11363104,12579321,-91,197,-467,g5/117mA/117mA g5/117mA/117mA g4/117mA/117mA g4/117mA/117mA,,,,,,
123.773,HRV,109,12848122,13826897,11310466,12559725,-85,197,-467,g5/117mA/117mA g5/117mA/117mA g4/117mA/117mA g4/117mA/117mA,,,,,,
123.773,HRV,110,12852780,13824874,11313905,12561772,-86,196,-466,g5/117mA/117mA g5/117mA/117mA g4/117mA/117mA g4/117mA/117mA,,,,,,
123.773,HRV,111,12859085,13819193,11320457,12562873,-87,197,-466,g5/117mA/117mA g5/117mA/117mA g4/117mA/117mA g4/117mA/117mA,,,,,,
123.773,HRV,112,12866065,13820625,11324278,12566549,-86,196,-465,g5/117mA/117mA g5/117mA/117mA g4/117mA/117mA g4/117mA/117mA,,,,,,
123.773,HRV,113,12870441,13830359,11322768,12573604,-84,196,-465,g5/117mA/117mA g5/117mA/117mA g4/117mA/117mA g4/117mA/117mA,,,,,,
123.779,HRV,114,12873818,13841032,11318640,12580830,-81,196,-464,g5/117mA/117mA g5/117mA/117mA g4/117mA/117mA g4/117mA/117mA,,,,,,
123.779,HRV,115,12875653,13851200,11314145,12588056,-80,196,-464,g5/117mA/117mA g5/117mA/117mA g4/117mA/117mA g4/117mA/117mA,,,,,,
123.779,HRV,116,12877010,13857839,11309581,12594507,-78,196,-464,g5/117mA/117mA g5/117mA/117mA g4/117mA/117mA g4/117mA/117mA,,,,,,
123.779,HRV,117,12877274,13861148,11305552,12600238,-76,195,-464,g5/117mA/117mA g5/117mA/117mA g4/117mA/117mA g4/117mA/117mA,,,,,,
123.779,HRV,118,12877035,13861054,11303617,12605341,-75,194,-466,g5/117mA/117mA g5/117mA/117mA g4/117mA/117mA g4/117mA/117mA,,,,,,
123.779,HRV,119,12878622,13864116,11302798,12609528,-75,194,-466,g5/117mA/117mA g5/117mA/117mA g4/117mA/117mA g4/117mA/117mA,,,,,,
123.831,HRV,120,12879936,13867223,11301876,12613232,-82,196,-465,g5/117mA/117mA g5/117mA/117mA g4/117mA/117mA g4/117mA/117mA,,,,,,
123.831,HRV,121,12882495,13871045,11300170,12617199,-89,197,-465,g5/117mA/117mA g5/117mA/117mA g4/117mA/117mA g4/117mA/117mA,,,,,,
123.831,HRV,122,12886131,13876360,11300281,12621490,-87,197,-465,g5/117mA/117mA g5/117mA/117mA g4/117mA/117mA g4/117mA/117mA,,,,,,
123.831,HRV,123,12879143,13876820,11297738,12621781,-83,197,-466,g5/117mA/117mA g5/117mA/117mA g4/117mA/117mA g4/117mA/117mA,,,,,,
123.831,HRV,124,12850085,13862130,11287151,12606407,-82,197,-466,g5/117mA/117mA g5/117mA/117mA g4/117mA/117mA g4/117mA/117mA,,,,,,
123.894,HRV,125,12821387,13842653,11275575,12585778,-82,197,-466,g5/117mA/117mA g5/117mA/117mA g4/117mA/117mA g4/117mA/117mA,,,,,,
123.894,HRV,126,12801023,13825899,11266635,12570065,-82,197,-466,g5/117mA/117mA g5/117mA/117mA g4/117mA/117mA g4/117mA/117mA,,,,,,
123.894,HRV,127,12786161,13810243,11262403,12559612,-83,197,-466,g5/117mA/117mA g5/117mA/117mA g4/117mA/117mA g4/117mA/117mA,,,,,,
123.894,HRV,128,12774514,13796584,11260516,12552405,-84,197,-466,g5/117mA/117mA g5/117mA/117mA g4/117mA/117mA g4/117mA/117mA,,,,,,
123.894,HRV,129,12765745,13784068,11262521,12547114,-84,197,-466,g5/117mA/117mA g5/117mA/117mA g4/117mA/117mA g4/117mA/117mA,1057,0,0,0,100,1
123.955,HRV,130,12767588,13766290,11283167,12542473,-83,197,-466,g5/117mA/117mA g5/117mA/117mA g4/117mA/117mA g4/117mA/117mA,,,,,,
123.955,HRV,131,12777041,13763286,11296816,12542953,-82,197,-467,g5/117mA/117mA g5/117mA/117mA g4/117mA/117mA g4/117mA/117mA,,,,,,
123.955,HRV,132,12780717,13764856,11303786,12543924,-82,197,-467,g5/117mA/117mA g5/117mA/117mA g4/117mA/117mA g4/117mA/117mA,,,,,,
123.955,HRV,133,12781980,13766231,11307754,12544795,-82,197,-467,g5/117mA/117mA g5/117mA/117mA g4/117mA/117mA g4/117mA/117mA,,,,,,
123.955,HRV,134,12783423,13767263,11309761,12546483,-79,196,-466,g5/117mA/117mA g5/117mA/117mA g4/117mA/117mA g4/117mA/117mA,,,,,,
123.955,HRV,135,12787234,13768363,11312684,12551568,-77,195,-466,g5/117mA/117mA g5/117mA/117mA g4/117mA/117mA g4/117mA/117mA,,,,,,
124.041,HRV,136,12792294,13768764,11317643,12556985,-75,195,-466,g5/117mA/117mA g5/117mA/117mA g4/117mA/117mA g4/117mA/117mA,,,,,,
124.041,HRV,137,12799938,13767895,11325175,12561157,-78,195,-466,g5/117mA/117mA g5/117mA/117mA g4/117mA/117mA g4/117mA/117mA,,,,,,
124.041,HRV,138,12809587,13769574,11332667,12566583,-81,195,-466,g5/117mA/117mA g5/117mA/117mA g4/117mA/117mA g4/117mA/117mA,,,,,,
124.041,HRV,139,12819194,13772775,11340522,12571198,-82,196,-466,g5/117mA/117mA g5/117mA/117mA g4/117mA/117mA g4/117mA/117mA,,,,,,
124.041,HRV,140,12829209,13777107,11347323,12575097,-82,196,-466,g5/117mA/117mA g5/117mA/117mA g4/117mA/117mA g4/117mA/117mA,,,,,,
124.041,HRV,141,12839138,13779326,11355205,12577001,-85,197,-467,g5/117mA/117mA g5/117mA/117mA g4/117mA/117mA g4/117mA/117mA,,,,,,
124.075,HRV,142,12850521,13783950,11363104,12579321,-91,197,-467,g5/117mA/117mA g5/117mA/117mA g4/117mA/117mA g4/117mA/117mA,,,,,,
124.678,HR,143,12861780,13788659,11370341,12582526,-78,194,-466,g5/117mA/117mA g5/117mA/117mA g4/117mA/117mA g4/117mA/117mA,,,,,,
124.678,HR,144,12871593,13793700,11376856,12586589,-82,195,-466,g5/117mA/117mA g5/117mA/117mA g4/117mA/117mA g4/117mA/117mA,,,,,,
124.679,HR,145,12881121,13802097,11382172,12591435,-84,196,-466,g5/117mA/117mA g5/117mA/117mA g4/117mA/117mA g4/117mA/117mA,,,,,,
124.679,HR,146,12890344,13807923,11386771,12596793,-85,196,-466,g5/117mA/117mA g5/117mA/117mA g4/117mA/117mA g4/117mA/117mA,,,,,,
124.679,HR,147,12900206,13813877,11392155,12601996,-85,196,-466,g5/117mA/117mA g5/117mA/117mA g4/117mA/117mA g4/117mA/117mA,,,,,,
124.737,HR,148,12904251,13818075,11396556,12606474,-84,195,-466,g5/117mA/117mA g5/117mA/117mA g4/117mA/117mA g4/117mA/117mA,,,,,,
124.738,HR,149,12873076,13808646,11392939,12598977,-83,195,-467,g5/117mA/117mA g5/117mA/117mA g4/117mA/117mA g4/117mA/117mA,,,,,,
124.738,HR,150,12845309,13789358,11386021,12581402,-84,195,-467,g5/117mA/117mA g5/117mA/117mA g4/117mA/117mA g4/117mA/117mA,,,,,,
124.738,HR,151,12827281,13772953,11381132,12567223,-85,195,-467,g5/117mA/117mA g5/117mA/117mA g4/117mA/117mA g4/117mA/117mA,,,,,,
124.738,HR,152,12820038,13760975,11380015,12561235,-85,195,-467,g5/117mA/117mA g5/117mA/117mA g4/117mA/117mA g4/117mA/117mA,,,,,,
124.738,HR,153,12818947,13750771,11382940,12558742,-85,195,-466,g5/117mA/117mA g5/117mA/117mA g4/117mA/117mA g4/117mA/117mA,,,,,,
124.738,HR,154,12819893,13746199,11386737,12558844,-85,195,-466,g5/117mA/117mA g5/117mA/117mA g4/117mA/117mA g4/117mA/117mA,56,100,0,1,0,0
124.738,HR,155,12825122,13746762,11390439,12561430,-85,195,-467,g5/117mA/117mA g5/117mA/117mA g4/117mA/117mA g4/117mA/117mA,,,,,,
124.738,HR,156,12828432,13748357,11392128,12564484,-85,195,-467,g5/117mA/117mA g5/117mA/117mA g4/117mA/117mA g4/117mA/117mA,,,,,,
124.738,HR,157,12830241,13749996,11392410,12566993,-86,194,-467,g5/117mA/117mA g5/117mA/117mA g4/117mA/117mA g4/117mA/117mA,,,,,,
124.738,HR,158,12829311,13750856,11390858,12567975,-86,194,-467,g5/117mA/117mA g5/117mA/117mA g4/117mA/117mA g4/117mA/117mA,,,,,,
124.797,HR,159,12830439,13751734,11388852,12568281,-86,195,-467,g5/117mA/117mA g5/117mA/117mA g4/117mA/117mA g4/117mA/117mA,,,,,,
124.797,HR,160,12831631,13754738,11385584,12569219,-86,195,-466,g5/117mA/117mA g5/117mA/117mA g4/117mA/117mA g4/117mA/117mA,,,,,,
124.797,HR,161,12829423,13759031,11379887,12571335,-85,195,-466,g5/117mA/117mA g5/117mA/117mA g4/117mA/117mA g4/117mA/117mA,,,,,,
124.797,HR,162,12828304,13764849,11374118,12574425,-85,195,-466,g5/117mA/117mA g5/117mA/117mA g4/117mA/117mA g4/117mA/117mA,,,,,,
124.797,HR,163,12828417,13770813,11368120,12580744,-85,195,-466,g5/117mA/117mA g5/117mA/117mA g4/117mA/117mA g4/117mA/117mA,,,,,,
124.797,HR,164,12831777,13775035,11366098,12586716,-85,195,-467,g5/117mA/117mA g5/117mA/117mA g4/117mA/117mA g4/117mA/117mA,,,,,,
124.884,HR,165,12837502,13776213,11368428,12592458,-85,195,-467,g5/117mA/117mA g5/117mA/117mA g4/117mA/117mA g4/117mA/117mA,,,,,,
124.884,HR,166,12847184,13774881,11374803,12598702,-85,195,-467,g5/117mA/117mA g5/117mA/117mA g4/117mA/117mA g4/117mA/117mA,,,,,,
124.884,HR,167,12863233,13778166,11383513,12608224,-86,194,-466,g5/117mA/117mA g5/117mA/117mA g4/117mA/117mA g4/117mA/117mA,,,,,,
124.884,HR,168,12877554,13781433,11391420,12615876,-86,194,-466,g5/117mA/117mA g5/117mA/117mA g4/117mA/117mA g4/117mA/117mA,,,,,,
124.884,HR,169,12890820,13784359,11399884,12622376,-86,195,-466,g5/117mA/117mA g5/117mA/117mA g4/117mA/117mA g4/117mA/117mA,,,,,,
124.972,HR,170,12901204,13787559,11407605,12627060,-87,195,-467,g5/117mA/117mA g5/117mA/117mA g4/117mA/117mA g4/117mA/117mA,,,,,,
124.972,HR,171,12911612,13791900,11416076,12630789,-87,195,-467,g5/117mA/117mA g5/117mA/117mA g4/117mA/117mA g4/117mA/117mA,,,,,,
124.972,HR,172,12925493,13797515,11426049,12634723,-86,195,-467,g5/117mA/117mA g5/117mA/117mA g4/117mA/117mA g4/117mA/117mA,,,,,,
124.972,HR,173,12928444,13802505,11434400,12637374,-86,195,-467,g5/117mA/117mA g5/117mA/117mA g4/117mA/117mA g4/117mA/117mA,,,,,,
124.972,HR,174,12898576,13793753,11435323,12623682,-86,195,-467,g5/117mA/117mA g5/117mA/117mA g4/117mA/117mA g4/117mA/117mA,,,,,,
124.972,HR,175,12876012,13780025,11433642,12599974,-86,194,-467,g5/117mA/117mA g5/117mA/117mA g4/117mA/117mA g4/117mA/117mA,,,,,,
125.001,HR,176,12865151,13770274,11432004,12583440,-83,205,-462,g5/117mA/117mA g5/117mA/117mA g4/117mA/117mA g4/117mA/117mA,,,,,,
125.036,HRV,143,12861780,13788659,11370341,12582526,-78,194,-466,g5/117mA/117mA g5/117mA/117mA g4/117mA/117mA g4/117mA/117mA,,,,,,
125.036,HRV,144,12871593,13793700,11376856,12586589,-82,195,-466,g5/117mA/117mA g5/117mA/117mA g4/117mA/117mA g4/117mA/117mA,,,,,,
125.036,HRV,145,12881121,13802097,11382172,12591435,-84,196,-466,g5/117mA/117mA g5/117mA/117mA g4/117mA/117mA g4/117mA/117mA,,,,,,
125.036,HRV,146,12890344,13807923,11386771,12596793,-85,196,-466,g5/117mA/117mA g5/117mA/117mA g4/117mA/117mA g4/117mA/117mA,,,,,,
125.036,HRV,147,12900206,13813877,11392155,12601996,-85,196,-466,g5/117mA/117mA g5/117mA/117mA g4/117mA/117mA g4/117mA/117mA,,,,,,
125.124,HRV,148,12904251,13818075,11396556,12606474,-84,195,-466,g5/117mA/117mA g5/117mA/117mA g4/117mA/117mA g4/117mA/117mA,,,,,,
125.124,HRV,149,12873076,13808646,11392939,12598977,-83,195,-467,g5/117mA/117mA g5/117mA/117mA g4/117mA/117mA g4/117mA/117mA,,,,,,
125.124,HRV,150,12845309,13789358,11386021,12581402,-84,195,-467,g5/117mA/117mA g5/117mA/117mA g4/117mA/117mA g4/117mA/117mA,,,,,,
125.124,HRV,151,12827281,13772953,11381132,12567223,-85,195,-467,g5/117mA/117mA g5/117mA/117mA g4/117mA/117mA g4/117mA/117mA,,,,,,
125.124,HRV,152,12820038,13760975,11380015,12561235,-85,195,-467,g5/117mA/117mA g5/117mA/117mA g4/117mA/117mA g4/117mA/117mA,,,,,,
125.124,HRV,153,12818947,13750771,11382940,12558742,-85,195,-466,g5/117mA/117mA g5/117mA/117mA g4/117mA/117mA g4/117mA/117mA,,,,,,
125.242,HRV,159,12820075,13751649,11380934,12559048,-86,195,-467,g5/117mA/117mA g5/117mA/117mA g4/117mA/117mA g4/117mA/117mA,,,,,,
125.242,HRV,160,12821267,13754653,11377666,12559986,-86,195,-466,g5/117mA/117mA g5/117mA/117mA g4/117mA/117mA g4/117mA/117mA,,,,,,
125.242,HRV,161,12819059,13758946,11371969,12562102,-85,195,-466,g5/117mA/117mA g5/117mA/117mA g4/117mA/117mA g4/117mA/117mA,,,,,,
125.242,HRV,162,12817940,13764764,11366200,12565192,-85,195,-466,g5/117mA/117mA g5/117mA/117mA g4/117mA/117mA g4/117mA/117mA,,,,,,
125.242,HRV,163,12818053,13770728,11360202,12571511,-85,195,-466,g5/117mA/117mA g5/117mA/117mA g4/117mA/117mA g4/117mA/117mA,,,,,,
125.242,HRV,164,12821413,13774950,11358180,12577483,-85,195,-467,g5/117mA/117mA g5/117mA/117mA g4/117mA/117mA g4/117mA/117mA,,,,,,
125.283,HRV,165,12837502,13776213,11368428,12592458,-85,195,-467,g5/117mA/117mA g5/117mA/117mA g4/117mA/117mA g4/117mA/117mA,,,,,,
125.283,HRV,166,12847184,13774881,11374803,12598702,-85,195,-467,g5/117mA/117mA g5/117mA/117mA g4/117mA/117mA g4/117mA/117mA,,,,,,
125.283,HRV,167,12863233,13778166,11383513,12608224,-86,194,-466,g5/117mA/117mA g5/117mA/117mA g4/117mA/117mA g4/117mA/117mA,,,,,,
125.283,HRV,168,12877554,13781433,11391420,12615876,-86,194,-466,g5/117mA/117mA g5/117mA/117mA g4/117mA/117mA g4/117mA/117mA,,,,,,
125.283,HRV,169,12890820,13784359,11399884,12622376,-86,195,-466,g5/117mA/117mA g5/117mA/117mA g4/117mA/117mA g4/117mA/117mA,,,,,,
125.302,HRV,170,12901204,13787559,11407605,12627060,-87,195,-467,g5/117mA/117mA g5/117mA/117mA g4/117mA/117mA g4/117mA/117mA,,,,,,
125.302,HRV,171,12911612,13791900,11416076,12630789,-87,195,-467,g5/117mA/117mA g5/117mA/117mA g4/117mA/117mA g4/117mA/117mA,,,,,,
125.302,HRV,172,12925493,13797515,11426049,12634723,-86,195,-467,g5/117mA/117mA g5/117mA/117mA g4/117mA/117mA g4/117mA/117mA,,,,,,
125.302,HRV,173,12928444,13802505,11434400,12637374,-86,195,-467,g5/117mA/117mA g5/117mA/117mA g4/117mA/117mA g4/117mA/117mA,,,,,,
125.302,HRV,174,12898576,13793753,11435323,12623682,-86,195,-467,g5/117mA/117mA g5/117mA/117mA g4/117mA/117mA g4/117mA/117mA,,,,,,
125.302,HRV,175,12876012,13780025,11433642,12599974,-86,194,-467,g5/117mA/117mA g5/117mA/117mA g4/117mA/117mA g4/117mA/117mA,,,,,,
125.335,HRV,176,12865151,13770274,11432004,12583440,-83,205,-462,g5/117mA/117mA g5/117mA/117mA g4/117mA/117mA g4/117mA/117mA,,,,,,
126.236,HR,177,12862266,13764729,11431270,12574312,-87,196,-466,g5/117mA/117mA g5/117mA/117mA g4/117mA/117mA g4/117mA/117mA,,,,,,
126.237,HR,178,12859829,13763030,11429445,12569161,-87,195,-466,g5/117mA/117mA g5/117mA/117mA g4/117mA/117mA g4/117mA/117mA,,,,,,
126.237,HR,179,12856902,13763696,11426534,12566402,-87,195,-466,g5/117mA/117mA g5/117mA/117mA g4/117mA/117mA g4/117mA/117mA,56,100,0,1,0,0
126.237,HR,180,12855469,13769081,11420871,12565543,-87,195,-466,g5/117mA/117mA g5/117mA/117mA g4/117mA/117mA g4/117mA/117mA,,,,,,
126.237,HR,181,12852055,13775931,11410444,12567333,-87,195,-466,g5/117mA/117mA g5/117mA/117mA g4/117mA/117mA g4/117mA/117mA,,,,,,
126.296,HR,182,12844421,13777218,11398263,12566532,-89,195,-466,g5/117mA/117mA g5/117mA/117mA g4/117mA/117mA g4/117mA/117mA,,,,,,
126.296,HR,183,12837646,13776108,11386856,12564458,-90,195,-466,g5/117mA/117mA g5/117mA/117mA g4/117mA/117mA g4/117mA/117mA,,,,,,
126.296,HR,184,12832733,13776340,11376534,12564262,-88,195,-466,g5/117mA/117mA g5/117mA/117mA g4/117mA/117mA g4/117mA/117mA,,,,,,
126.296,HR,185,12830334,13777329,11368812,12564979,-87,195,-466,g5/117mA/117mA g5/117mA/117mA g4/117mA/117mA g4/117mA/117mA,,,,,,
126.296,HR,186,12831946,13779693,11363240,12568238,-87,194,-466,g5/117mA/117mA g5/117mA/117mA g4/117mA/117mA g4/117mA/117mA,,,,,,
126.296,HR,187,12835266,13781979,11359402,12572136,-84,194,-466,g5/117mA/117mA g5/117mA/117mA g4/117mA/117mA g4/117mA/117mA,,,,,,
126.301,HR,188,12840034,13786586,11356366,12576896,-84,194,-466,g5/117mA/117mA g5/117mA/117mA g4/117mA/117mA g4/117mA/117mA,,,,,,
126.302,HR,189,12845154,13791219,11353739,12580949,-86,196,-466,g5/117mA/117mA g5/117mA/117mA g4/117mA/117mA g4/117mA/117mA,,,,,,
126.302,HR,190,12849812,13795655,11351118,12583971,-88,196,-466,g5/117mA/117mA g5/117mA/117mA g4/117mA/117mA g4/117mA/117mA,,,,,,
126.302,HR,191,12856143,13801584,11349182,12587092,-87,196,-466,g5/117mA/117mA g5/117mA/117mA g4/117mA/117mA g4/117mA/117mA,,,,,,
126.302,HR,192,12863520,13808861,11347143,12592176,-86,196,-466,g5/117mA/117mA g5/117mA/117mA g4/117mA/117mA g4/117mA/117mA,,,,,,
126.443,HR,193,12873528,13818681,11345847,12597177,-86,196,-466,g5/117mA/117mA g5/117mA/117mA g4/117mA/117mA g4/117mA/117mA,,,,,,
126.443,HR,194,12886546,13829754,11346170,12602004,-87,196,-466,g5/117mA/117mA g5/117mA/117mA g4/117mA/117mA g4/117mA/117mA,,,,,,
126.443,HR,195,12898014,13841630,11346751,12605418,-87,197,-466,g5/117mA/117mA g5/117mA/117mA g4/117mA/117mA g4/117mA/117mA,,,,,,
126.443,HR,196,12911117,13853693,11348723,12607977,-86,197,-466,g5/117mA/117mA g5/117mA/117mA g4/117mA/117mA g4/117mA/117mA,,,,,,
126.443,HR,197,12926099,13868724,11350018,12610315,-85,196,-466,g5/117mA/117mA g5/117mA/117mA g4/117mA/117mA g4/117mA/117mA,,,,,,
126.443,HR,198,12934161,13878775,11352254,12611012,-85,196,-465,g5/117mA/117mA g5/117mA/117mA g4/117mA/117mA g4/117mA/117mA,,,,,,
126.476,HR,199,12915239,13877427,11345530,12602242,-86,197,-465,g5/117mA/117mA g5/117mA/117mA g4/117mA/117mA g4/117mA/117mA,,,,,,
126.476,HR,200,12888015,13860015,11336095,12581486,-85,197,-465,g5/117mA/117mA g5/117mA/117mA g4/117mA/117mA g4/117mA/117mA,,,,,,
126.476,HR,201,12870893,13843669,11329765,12560689,-85,197,-465,g5/117mA/117mA g5/117mA/117mA g4/117mA/117mA g4/117mA/117mA,,,,,,
126.476,HR,202,12862822,13835777,11325133,12547747,-85,197,-465,g5/117mA/117mA g5/117mA/117mA g4/117mA/117mA g4/117mA/117mA,,,,,,
126.476,HR,203,12857303,13830164,11322855,12539274,-85,197,-466,g5/117mA/117mA g5/117mA/117mA g4/117mA/117mA g4/117mA/117mA,,,,,,
126.538,HR,204,12853319,13825206,11321261,12532509,-85,197,-466,g5/117mA/117mA g5/117mA/117mA g4/117mA/117mA g4/117mA/117mA,56,100,0,1,0,0
126.538,HR,205,12850844,13822127,11321548,12528628,-84,197,-465,g5/117mA/117mA g5/117mA/117mA g4/117mA/117mA g4/117mA/117mA,,,,,,
126.538,HR,206,12849752,13816139,11325080,12527629,-81,196,-465,g5/117mA/117mA g5/117mA/117mA g4/117mA/117mA g4/117mA/117mA,,,,,,
126.538,HR,207,12848259,13810558,11327011,12524080,-81,196,-465,g5/117mA/117mA g5/117mA/117mA g4/117mA/117mA g4/117mA/117mA,,,,,,
126.538,HR,208,12846409,13806055,11327512,12519345,-85,196,-465,g5/117mA/117mA g5/117mA/117mA g4/117mA/117mA g4/117mA/117mA,,,,,,
126.562,HR,209,12843969,13803870,11326891,12515951,-84,197,-465,g5/117mA/117mA g5/117mA/117mA g4/117mA/117mA g4/117mA/117mA,,,,,,
126.562,HR,210,12843864,13804150,11327531,12513759,-81,208,-461,g5/117mA/117mA g5/117mA/117mA g4/117mA/117mA g4/117mA/117mA,,,,,,
126.653,HRV,177,12862266,13764729,11431270,12574312,-87,196,-466,g5/117mA/117mA g5/117mA/117mA g4/117mA/117mA g4/117mA/117mA,,,,,,
126.653,HRV,178,12859829,13763030,11429445,12569161,-87,195,-466,g5/117mA/117mA g5/117mA/117mA g4/117mA/117mA g4/117mA/117mA,,,,,,
126.653,HRV,179,12856902,13763696,11426534,12566402,-87,195,-466,g5/117mA/117mA g5/117mA/117mA g4/117mA/117mA g4/117mA/117mA,1115,0,0,0,100,1
126.653,HRV,180,12855469,13769081,11420871,12565543,-87,195,-466,g5/117mA/117mA g5/117mA/117mA g4/117mA/117mA g4/117mA/117mA,,,,,,
126.657,HRV,181,12852055,13775931,11410444,12567333,-87,195,-466,g5/117mA/117mA g5/117mA/117mA g4/117mA/117mA g4/117mA/117mA,,,,,,
126.657,HRV,182,12844421,13777218,11398263,12566532,-89,195,-466,g5/117mA/117mA g5/117mA/117mA g4/117mA/117mA g4/117mA/117mA,,,,,,
126.657,HRV,183,12837646,13776108,11386856,12564458,-90,195,-466,g5/117mA/117mA g5/117mA/117mA g4/117mA/117mA g4/117mA/117mA,,,,,,
126.657,HRV,184,12832733,13776340,11376534,12564262,-88,195,-466,g5/117mA/117mA g5/117mA/117mA g4/117mA/117mA g4/117mA/117mA,,,,,,
126.657,HRV,185,12830334,13777329,11368812,12564979,-87,195,-466,g5/117mA/117mA g5/117mA/117mA g4/117mA/117mA g4/117mA/117mA,,,,,,
126.657,HRV,186,12831946,13779693,11363240,12568238,-87,194,-466,g5/117mA/117mA g5/117mA/117mA g4/117mA/117mA g4/117mA/117mA,,,,,,
126.715,HRV,187,12835266,13781979,11359402,12572136,-84,194,-466,g5/117mA/117mA g5/117mA/117mA g4/117mA/117mA g4/117mA/117mA,,,,,,
126.715,HRV,188,12840034,13786586,11356366,12576896,-84,194,-466,g5/117mA/117mA g5/117mA/117mA g4/117mA/117mA g4/117mA/117mA,,,,,,
126.715,HRV,189,12845154,13791219,11353739,12580949,-86,196,-466,g5/117mA/117mA g5/117mA/117mA g4/117mA/117mA g4/117mA/117mA,,,,,,
126.715,HRV,190,12849812,13795655,11351118,12583971,-88,196,-466,g5/117mA/117mA g5/117mA/117mA g4/117mA/117mA g4/117mA/117mA,,,,,,
126.715,HRV,191,12856143,13801584,11349182,12587092,-87,196,-466,g5/117mA/117mA g5/117mA/117mA g4/117mA/117mA g4/117mA/117mA,,,,,,
126.776,HRV,192,12863520,13808861,11347143,12592176,-86,196,-466,g5/117mA/117mA g5/117mA/117mA g4/117mA/117mA g4/117mA/117mA,,,,,,
126.776,HRV,193,12873528,13818681,11345847,12597177,-86,196,-466,g5/117mA/117mA g5/117mA/117mA g4/117mA/117mA g4/117mA/117mA,,,,,,
126.776,HRV,194,12886546,13829754,11346170,12602004,-87,196,-466,g5/117mA/117mA g5/117mA/117mA g4/117mA/117mA g4/117mA/117mA,,,,,,
126.776,HRV,195,12898014,13841630,11346751,12605418,-87,197,-466,g5/117mA/117mA g5/117mA/117mA g4/117mA/117mA g4/117mA/117mA,,,,,,
126.776,HRV,196,12911117,13853693,11348723,12607977,-86,197,-466,g5/117mA/117mA g5/117mA/117mA g4/117mA/117mA g4/117mA/117mA,,,,,,
126.776,HRV,197,12926099,13868724,11350018,12610315,-85,196,-466,g5/117mA/117mA g5/117mA/117mA g4/117mA/117mA g4/117mA/117mA,,,,,,
126.778,HRV,198,12934161,13878775,11352254,12611012,-85,196,-465,g5/117mA/117mA g5/117mA/117mA g4/117mA/117mA g4/117mA/117mA,,,,,,
126.778,HRV,199,12915239,13877427,11345530,12602242,-86,197,-465,g5/117mA/117mA g5/117mA/117mA g4/117mA/117mA g4/117mA/117mA,,,,,,
126.778,HRV,200,12888015,13860015,11336095,12581486,-85,197,-465,g5/117mA/117mA g5/117mA/117mA g4/117mA/117mA g4/117mA/117mA,,,,,,
126.778,HRV,201,12870893,13843669,11329765,12560689,-85,197,-465,g5/117mA/117mA g5/117mA/117mA g4/117mA/117mA g4/117mA/117mA,,,,,,
126.778,HRV,202,12862822,13835777,11325133,12547747,-85,197,-465,g5/117mA/117mA g5/117mA/117mA g4/117mA/117mA g4/117mA/117mA,,,,,,
126.835,HRV,203,12857303,13830164,11322855,12539274,-85,197,-466,g5/117mA/117mA g5/117mA/117mA g4/117mA/117mA g4/117mA/117mA,,,,,,
126.835,HRV,204,12853319,13825206,11321261,12532509,-85,197,-466,g5/117mA/117mA g5/117mA/117mA g4/117mA/117mA g4/117mA/117mA,1005,0,0,0,100,1
126.835,HRV,205,12850844,13822127,11321548,12528628,-84,197,-465,g5/117mA/117mA g5/117mA/117mA g4/117mA/117mA g4/117mA/117mA,,,,,,
126.835,HRV,206,12849752,13816139,11325080,12527629,-81,196,-465,g5/117mA/117mA g5/117mA/117mA g4/117mA/117mA g4/117mA/117mA,,,,,,
126.835,HRV,207,12848259,13810558,11327011,12524080,-81,196,-465,g5/117mA/117mA g5/117mA/117mA g4/117mA/117mA g4/117mA/117mA,,,,,,
126.923,HRV,208,12846409,13806055,11327512,12519345,-85,196,-465,g5/117mA/117mA g5/117mA/117mA g4/117mA/117mA g4/117mA/117mA,,,,,,
126.923,HRV,209,12843969,13803870,11326891,12515951,-84,197,-465,g5/117mA/117mA g5/117mA/117mA g4/117mA/117mA g4/117mA/117mA,,,,,,
126.923,HRV,210,12843864,13804150,11327531,12513759,-81,208,-461,g5/117mA/117mA g5/117mA/117mA g4/117mA/117mA g4/117mA/117mA,,,,,,
127.616,HR,211,12843423,13800082,11330096,12519328,-82,197,-466,g5/117mA/117mA g5/117mA/117mA g4/117mA/117mA g4/117mA/117mA,,,,,,
127.616,HR,212,12846620,13795440,11335635,12524574,-82,197,-466,g5/117mA/117mA g5/117mA/117mA g4/117mA/117mA g4/117mA/117mA,,,,,,
127.616,HR,213,12851382,13792164,11340958,12529190,-82,197,-466,g5/117mA/117mA g5/117mA/117mA g4/117mA/117mA g4/117mA/117mA,,,,,,
127.616,HR,214,12855588,13789905,11346155,12534010,-82,198,-466,g5/117mA/117mA g5/117mA/117mA g4/117mA/117mA g4/117mA/117mA,,,,,,
127.616,HR,215,12860510,13789599,11351766,12538038,-82,198,-466,g5/117mA/117mA g5/117mA/117mA g4/117mA/117mA g4/117mA/117mA,,,,,,
127.617,HR,222,12917815,13817852,11393111,12558658,-86,198,-466,g5/117mA/117mA g5/117mA/117mA g4/117mA/117mA g4/117mA/117mA,,,,,,
127.617,HR,223,12928215,13825088,11398929,12562692,-85,198,-466,g5/117mA/117mA g5/117mA/117mA g4/117mA/117mA g4/117mA/117mA,,,,,,
127.617,HR,224,12921867,13826316,11400726,12562803,-83,198,-466,g5/117mA/117mA g5/117mA/117mA g4/117mA/117mA g4/117mA/117mA,,,,,,
127.617,HR,225,12890405,13811251,11393886,12547080,-82,198,-466,g5/117mA/117mA g5/117mA/117mA g4/117mA/117mA g4/117mA/117mA,,,,,,
127.617,HR,226,12865134,13793053,11387121,12526442,-83,198,-466,g5/117mA/117mA g5/117mA/117mA g4/117mA/117mA g4/117mA/117mA,,,,,,
127.674,HR,227,12852116,13781416,11383956,12513006,-84,198,-466,g5/117mA/117mA g5/117mA/117mA g4/117mA/117mA g4/117mA/117mA,,,,,,
127.674,HR,228,12847678,13773763,11384620,12505994,-83,198,-466,g5/117mA/117mA g5/117mA/117mA g4/117mA/117mA g4/117mA/117mA,,,,,,
127.674,HR,229,12846443,13767014,11388144,12500083,-82,198,-466,g5/117mA/117mA g5/117mA/117mA g4/117mA/117mA g4/117mA/117mA,56,100,0,1,0,0
127.674,HR,230,12845351,13763151,11390073,12495550,-82,197,-466,g5/117mA/117mA g5/117mA/117mA g4/117mA/117mA g4/117mA/117mA,,,,,,
127.674,HR,231,12848115,13761811,11393458,12493828,-82,197,-466,g5/117mA/117mA g5/117mA/117mA g4/117mA/117mA g4/117mA/117mA,,,,,,
127.682,HR,232,12848865,13762254,11395721,12491951,-82,197,-466,g5/117mA/117mA g5/117mA/117mA g4/117mA/117mA g4/117mA/117mA,,,,,,
127.682,HR,233,12848345,13759959,11397938,12488752,-82,197,-466,g5/117mA/117mA g5/117mA/117mA g4/117mA/117mA g4/117mA/117mA,,,,,,
127.682,HR,234,12847790,13758330,11400402,12484862,-82,197,-466,g5/117mA/117mA g5/117mA/117mA g4/117mA/117mA g4/117mA/117mA,,,,,,
127.682,HR,235,12849223,13757640,11403169,12483070,-82,197,-466,g5/117mA/117mA g5/117mA/117mA g4/117mA/117mA g4/117mA/117mA,,,,,,
127.682,HR,236,12852456,13757674,11407485,12482362,-82,197,-466,g5/117mA/117mA g5/117mA/117mA g4/117mA/117mA g4/117mA/117mA,,,,,,
127.682,HR,237,12859042,13760326,11412383,12482781,-82,197,-466,g5/117mA/117mA g5/117mA/117mA g4/117mA/117mA g4/117mA/117mA,,,,,,
127.735,HR,238,12865263,13763945,11416774,12485665,-82,197,-466,g5/117mA/117mA g5/117mA/117mA g4/117mA/117mA g4/117mA/117mA,,,,,,
127.735,HR,239,12872907,13767383,11421280,12488839,-82,197,-466,g5/117mA/117mA g5/117mA/117mA g4/117mA/117mA g4/117mA/117mA,,,,,,
127.735,HR,240,12880644,13772612,11426296,12492165,-82,197,-466,g5/117mA/117mA g5/117mA/117mA g4/117mA/117mA g4/117mA/117mA,,,,,,
127.735,HR,241,12886948,13777995,11430699,12495390,-82,197,-466,g5/117mA/117mA g5/117mA/117mA g4/117mA/117mA g4/117mA/117mA,,,,,,
127.735,HR,242,12893116,13783472,11434938,12498606,-82,197,-466,g5/117mA/117mA g5/117mA/117mA g4/117mA/117mA g4/117mA/117mA,,,,,,
127.735,HR,243,12898056,13788045,11438238,12502147,-82,197,-465,g5/117mA/117mA g5/117mA/117mA g4/117mA/117mA g4/117mA/117mA,,,,,,
127.736,HR,244,12903976,13793259,11442761,12505321,-84,197,-465,g5/117mA/117mA g5/117mA/117mA g4/117mA/117mA g4/117mA/117mA,,,,,,
127.798,HRV,211,12843423,13800082,11330096,12519328,-82,197,-466,g5/117mA/117mA g5/117mA/117mA g4/117mA/117mA g4/117mA/117mA,,,,,,
127.798,HRV,212,12846620,13795440,11335635,12524574,-82,197,-466,g5/117mA/117mA g5/117mA/117mA g4/117mA/117mA g4/117mA/117mA,,,,,,
127.798,HRV,213,12851382,13792164,11340958,12529190,-82,197,-466,g5/117mA/117mA g5/117mA/117mA g4/117mA/117mA g4/117mA/117mA,,,,,,
127.798,HRV,214,12855588,13789905,11346155,12534010,-82,198,-466,g5/117mA/117mA g5/117mA/117mA g4/117mA/117mA g4/117mA/117mA,,,,,,
127.798,HRV,215,12860510,13789599,11351766,12538038,-82,198,-466,g5/117mA/117mA g5/117mA/117mA g4/117mA/117mA g4/117mA/117mA,,,,,,
127.853,HRV,216,12865636,13788258,11358292,12541620,-82,198,-466,g5/117mA/117mA g5/117mA/117mA g4/117mA/117mA g4/117mA/117mA,,,,,,
127.853,HRV,217,12871439,13789768,11364649,12544444,-82,198,-466,g5/117mA/117mA g5/117mA/117mA g4/117mA/117mA g4/117mA/117mA,,,,,,
127.853,HRV,218,12878578,13793718,11370485,12547430,-82,198,-466,g5/117mA/117mA g5/117mA/117mA g4/117mA/117mA g4/117mA/117mA,,,,,,
127.854,HRV,219,12887664,13799451,11376279,12549392,-82,198,-466,g5/117mA/117mA g5/117mA/117mA g4/117mA/117mA g4/117mA/117mA,,,,,,
127.854,HRV,220,12896913,13806070,11381456,12552592,-82,198,-466,g5/117mA/117mA g5/117mA/117mA g4/117mA/117mA g4/117mA/117mA,,,,,,
127.854,HRV,221,12907662,13811967,11387624,12555244,-84,198,-466,g5/117mA/117mA g5/117mA/117mA g4/117mA/117mA g4/117mA/117mA,,,,,,
127.974,HRV,222,12917815,13817852,11393111,12558658,-86,198,-466,g5/117mA/117mA g5/117mA/117mA g4/117mA/117mA g4/117mA/117mA,,,,,,
127.974,HRV,223,12928215,13825088,11398929,12562692,-85,198,-466,g5/117mA/117mA g5/117mA/117mA g4/117mA/117mA g4/117mA/117mA,,,,,,
127.974,HRV,224,12921867,13826316,11400726,12562803,-83,198,-466,g5/117mA/117mA g5/117mA/117mA g4/117mA/117mA g4/117mA/117mA,,,,,,
127.974,HRV,225,12890405,13811251,11393886,12547080,-82,198,-466,g5/117mA/117mA g5/117mA/117mA g4/117mA/117mA g4/117mA/117mA,,,,,,
127.975,HRV,226,12865134,13793053,11387121,12526442,-83,198,-466,g5/117mA/117mA g5/117mA/117mA g4/117mA/117mA g4/117mA/117mA,,,,,,
127.975,HRV,227,12852116,13781416,11383956,12513006,-84,198,-466,g5/117mA/117mA g5/117mA/117mA g4/117mA/117mA g4/117mA/117mA,,,,,,
127.975,HRV,228,12847678,13773763,11384620,12505994,-83,198,-466,g5/117mA/117mA g5/117mA/117mA g4/117mA/117mA g4/117mA/117mA,,,,,,
127.975,HRV,229,12846443,13767014,11388144,12500083,-82,198,-466,g5/117mA/117mA g5/117mA/117mA g4/117mA/117mA g4/117mA/117mA,1040,0,0,0,100,1
127.975,HRV,230,12845351,13763151,11390073,12495550,-82,197,-466,g5/117mA/117mA g5/117mA/117mA g4/117mA/117mA g4/117mA/117mA,,,,,,
127.976,HRV,231,12848115,13761811,11393458,12493828,-82,197,-466,g5/117mA/117mA g5/117mA/117mA g4/117mA/117mA g4/117mA/117mA,,,,,,
128.037,HRV,232,12848865,13762254,11395721,12491951,-82,197,-466,g5/117mA/117mA g5/117mA/117mA g4/117mA/117mA g4/117mA/117mA,,,,,,
128.037,HRV,233,12848345,13759959,11397938,12488752,-82,197,-466,g5/117mA/117mA g5/117mA/117mA g4/117mA/117mA g4/117mA/117mA,,,,,,
128.037,HRV,234,12847790,13758330,11400402,12484862,-82,197,-466,g5/117mA/117mA g5/117mA/117mA g4/117mA/117mA g4/117mA/117mA,,,,,,
128.037,HRV,235,12849223,13757640,11403169,12483070,-82,197,-466,g5/117mA/117mA g5/117mA/117mA g4/117mA/117mA g4/117mA/117mA,,,,,,
128.037,HRV,236,12852456,13757674,11407485,12482362,-82,197,-466,g5/117mA/117mA g5/117mA/117mA g4/117mA/117mA g4/117mA/117mA,,,,,,
128.037,HRV,237,12859042,13760326,11412383,12482781,-82,197,-466,g5/117mA/117mA g5/117mA/117mA g4/117mA/117mA g4/117mA/117mA,,,,,,
128.063,HRV,238,12865263,13763945,11416774,12485665,-82,197,-466,g5/117mA/117mA g5/117mA/117mA g4/117mA/117mA g4/117mA/117mA,,,,,,
128.063,HRV,239,12872907,13767383,11421280,12488839,-82,197,-466,g5/117mA/117mA g5/117mA/117mA g4/117mA/117mA g4/117mA/117mA,,,,,,
128.063,HRV,240,12880644,13772612,11426296,12492165,-82,197,-466,g5/117mA/117mA g5/117mA/117mA g4/117mA/117mA g4/117mA/117mA,,,,,,
128.063,HRV,241,12886948,13777995,11430699,12495390,-82,197,-466,g5/117mA/117mA g5/117mA/117mA g4/117mA/117mA g4/117mA/117mA,,,,,,
128.063,HRV,242,12893116,13783472,11434938,12498606,-82,197,-466,g5/117mA/117mA g5/117mA/117mA g4/117mA/117mA g4/117mA/117mA,,,,,,
128.063,HRV,243,12898056,13788045,11438238,12502147,-82,197,-465,g5/117mA/117mA g5/117mA/117mA g4/117mA/117mA g4/117mA/117mA,,,,,,
128.094,HRV,244,12903976,13793259,11442761,12505321,-84,197,-465,g5/117mA/117mA g5/117mA/117mA g4/117mA/117mA g4/117mA/117mA,,,,,,
128.758,HR,245,12910547,13799229,11446857,12509696,-82,197,-466,g5/117mA/117mA g5/117mA/117mA g4/117mA/117mA g4/117mA/117mA,,,,,,
128.758,HR,246,12917900,13805124,11451959,12514346,-82,197,-466,g5/117mA/117mA g5/117mA/117mA g4/117mA/117mA g4/117mA/117mA,,,,,,
128.758,HR,247,12926302,13811804,11457502,12519423,-82,197,-466,g5/117mA/117mA g5/117mA/117mA g4/117mA/117mA g4/117mA/117mA,,,,,,
128.758,HR,248,12935790,13821975,11460574,12526094,-81,196,-466,g5/117mA/117mA g5/117mA/117mA g4/117mA/117mA g4/117mA/117mA,,,,,,
128.758,HR,249,12939023,13834820,11457989,12535512,-79,196,-466,g5/117mA/117mA g5/117mA/117mA g4/117mA/117mA g4/117mA/117mA,,,,,,
128.758,HR,250,12915477,13832357,11452633,12531989,-80,196,-466,g5/117mA/117mA g5/117mA/117mA g4/117mA/117mA g4/117mA/117mA,,,,,,
128.758,HR,251,12881599,13814373,11442241,12516906,-83,197,-466,g5/117mA/117mA g5/117mA/117mA g4/117mA/117mA g4/117mA/117mA,,,,,,
128.758,HR,252,12859265,13799427,11433259,12502606,-83,197,-466,g5/117mA/117mA g5/117mA/117mA g4/117mA/117mA g4/117mA/117mA,,,,,,
128.758,HR,253,12845435,13789845,11425921,12495432,-83,197,-466,g5/117mA/117mA g5/117mA/117mA g4/117mA/117mA g4/117mA/117mA,,,,,,
128.758,HR,254,12835384,13778175,11421519,12492361,-82,197,-466,g5/117mA/117mA g5/117mA/117mA g4/117mA/117mA g4/117mA/117mA,57,100,0,1,0,0
128.873,HR,255,12828646,13768790,11419787,12489469,-79,197,-466,g5/117mA/117mA g5/117mA/117mA g4/117mA/117mA g4/117mA/117mA,,,,,,
128.873,HR,0,12827390,13761581,11420257,12487771,-80,197,-466,g5/117mA/117mA g5/117mA/117mA g4/117mA/117mA g4/117mA/117mA,,,,,,
128.873,HR,1,12829253,13761008,11421733,12488342,-81,198,-466,g5/117mA/117mA g5/117mA/117mA g4/117mA/117mA g4/117mA/117mA,,,,,,
128.873,HR,2,12831588,13759140,11423566,12488744,-81,198,-466,g5/117mA/117mA g5/117mA/117mA g4/117mA/117mA g4/117mA/117mA,,,,,,
128.873,HR,3,12830865,13757025,11423028,12486448,-81,198,-466,g5/117mA/117mA g5/117mA/117mA g4/117mA/117mA g4/117mA/117mA,,,,,,
128.873,HR,4,12833252,13755796,11424290,12484470,-81,199,-466,g5/117mA/117mA g5/117mA/117mA g4/117mA/117mA g4/117mA/117mA,,,,,,
128.879,HR,5,12840683,13758270,11427081,12484402,-81,199,-466,g5/117mA/117mA g5/117mA/117mA g4/117mA/117mA g4/117mA/117mA,,,,,,
128.879,HR,6,12849130,13760940,11430066,12485126,-81,200,-465,g5/117mA/117mA g5/117mA/117mA g4/117mA/117mA g4/117mA/117mA,,,,,,
128.879,HR,7,12860245,13764250,11435536,12486680,-81,199,-465,g5/117mA/117mA g5/117mA/117mA g4/117mA/117mA g4/117mA/117mA,,,,,,
128.879,HR,8,12873894,13770497,11440790,12489265,-80,199,-465,g5/117mA/117mA g5/117mA/117mA g4/117mA/117mA g4/117mA/117mA,,,,,,
128.879,HR,9,12885679,13777237,11445423,12492395,-81,203,-464,g5/117mA/117mA g5/117mA/117mA g4/117mA/117mA g4/117mA/117mA,,,,,,
128.879,HR,10,12896905,13782329,11451865,12496397,-81,206,-464,g5/117mA/117mA g5/117mA/117mA g4/117mA/117mA g4/117mA/117mA,,,,,,
128.961,HR,11,12908721,13788402,11457257,12501028,-80,200,-465,g5/117mA/117mA g5/117mA/117mA g4/117mA/117mA g4/117mA/117mA,,,,,,
128.962,HR,12,12917788,13795263,11461512,12504280,-80,200,-465,g5/117mA/117mA g5/117mA/117mA g4/117mA/117mA g4/117mA/117mA,,,,,,
128.962,HR,13,12929417,13802828,11467135,12507975,-80,199,-465,g5/117mA/117mA g5/117mA/117mA g4/117mA/117mA g4/117mA/117mA,,,,,,
128.962,HR,14,12941172,13811104,11472440,12512315,-80,199,-465,g5/117mA/117mA g5/117mA/117mA g4/117mA/117mA g4/117mA/117mA,,,,,,
128.962,HR,15,12954822,13819765,11479052,12518226,-80,199,-465,g5/117mA/117mA g5/117mA/117mA g4/117mA/117mA g4/117mA/117mA,,,,,,
129.052,HR,16,12966401,13829438,11482125,12523782,-81,199,-465,g5/117mA/117mA g5/117mA/117mA g4/117mA/117mA g4/117mA/117mA,,,,,,
129.052,HR,17,12978567,13837867,11487090,12530308,-81,199,-465,g5/117mA/117mA g5/117mA/117mA g4/117mA/117mA g4/117mA/117mA,,,,,,
129.052,HR,18,12989955,13845988,11491227,12536758,-79,200,-464,g5/117mA/117mA g5/117mA/117mA g4/117mA/117mA g4/117mA/117mA,,,,,,
129.052,HR,19,12997983,13853684,11495920,12542986,-78,200,-464,g5/117mA/117mA g5/117mA/117mA g4/117mA/117mA g4/117mA/117mA,,,,,,
129.052,HR,20,12962338,13850989,11489844,12536921,-80,199,-464,g5/117mA/117mA g5/117mA/117mA g4/117mA/117mA g4/117mA/117mA,,,,,,
129.052,HR,21,12933444,13838235,11481842,12520045,-81,199,-465,g5/117mA/117mA g5/117mA/117mA g4/117mA/117mA g4/117mA/117mA,,,,,,
129.082,HR,22,12920040,13828193,11478124,12506838,-79,209,-461,g5/117mA/117mA g5/117mA/117mA g4/117mA/117mA g4/117mA/117mA,,,,,,
129.118,HRV,245,12910547,13799229,11446857,12509696,-82,197,-466,g5/117mA/117mA g5/117mA/117mA g4/117mA/117mA g4/117mA/117mA,,,,,,
129.118,HRV,246,12917900,13805124,11451959,12514346,-82,197,-466,g5/117mA/117mA g5/117mA/117mA g4/117mA/117mA g4/117mA/117mA,,,,,,
129.118,HRV,247,12926302,13811804,11457502,12519423,-82,197,-466,g5/117mA/117mA g5/117mA/117mA g4/117mA/117mA g4/117mA/117mA,,,,,,
129.118,HRV,248,12935790,13821975,11460574,12526094,-81,196,-466,g5/117mA/117mA g5/117mA/117mA g4/117mA/117mA g4/117mA/117mA,,,,,,
129.118,HRV,249,12939023,13834820,11457989,12535512,-79,196,-466,g5/117mA/117mA g5/117mA/117mA g4/117mA/117mA g4/117mA/117mA,,,,,,
129.173,HRV,250,12915477,13832357,11452633,12531989,-80,196,-466,g5/117mA/117mA g5/117mA/117mA g4/117mA/117mA g4/117mA/117mA,,,,,,
129.173,HRV,251,12881599,13814373,11442241,12516906,-83,197,-466,g5/117mA/117mA g5/117mA/117mA g4/117mA/117mA g4/117mA/117mA,,,,,,
129.173,HRV,252,12859265,13799427,11433259,12502606,-83,197,-466,g5/117mA/117mA g5/117mA/117mA g4/117mA/117mA g4/117mA/117mA,,,,,,
129.173,HRV,253,12845435,13789845,11425921,12495432,-83,197,-466,g5/117mA/117mA g5/117mA/117mA g4/117mA/117mA g4/117mA/117mA,,,,,,
129.173,HRV,254,12835384,13778175,11421519,12492361,-82,197,-466,g5/117mA/117mA g5/117mA/117mA g4/117mA/117mA g4/117mA/117mA,1028,0,0,0,100,1
129.177,HRV,5,12842815,13780649,11424310,12492293,-81,199,-466,g5/117mA/117mA g5/117mA/117mA g4/117mA/117mA g4/117mA/117mA,,,,,,
129.177,HRV,6,12851262,13783319,11427295,12493017,-81,200,-465,g5/117mA/117mA g5/117mA/117mA g4/117mA/117mA g4/117mA/117mA,,,,,,
129.177,HRV,7,12862377,13786629,11432765,12494571,-81,199,-465,g5/117mA/117mA g5/117mA/117mA g4/117mA/117mA g4/117mA/117mA,,,,,,
129.177,HRV,8,12876026,13792876,11438019,12497156,-80,199,-465,g5/117mA/117mA g5/117mA/117mA g4/117mA/117mA g4/117mA/117mA,,,,,,
129.177,HRV,9,12887811,13799616,11442652,12500286,-81,203,-464,g5/117mA/117mA g5/117mA/117mA g4/117mA/117mA g4/117mA/117mA,,,,,,
129.177,HRV,10,12899037,13804708,11449094,12504288,-81,206,-464,g5/117mA/117mA g5/117mA/117mA g4/117mA/117mA g4/117mA/117mA,,,,,,
129.232,HRV,11,12908721,13788402,11457257,12501028,-80,200,-465,g5/117mA/117mA g5/117mA/117mA g4/117mA/117mA g4/117mA/117mA,,,,,,
129.232,HRV,12,12917788,13795263,11461512,12504280,-80,200,-465,g5/117mA/117mA g5/117mA/117mA g4/117mA/117mA g4/117mA/117mA,,,,,,
129.232,HRV,13,12929417,13802828,11467135,12507975,-80,199,-465,g5/117mA/117mA g5/117mA/117mA g4/117mA/117mA g4/117mA/117mA,,,,,,
129.232,HRV,14,12941172,13811104,11472440,12512315,-80,199,-465,g5/117mA/117mA g5/117mA/117mA g4/117mA/117mA g4/117mA/117mA,,,,,,
129.232,HRV,15,12954822,13819765,11479052,12518226,-80,199,-465,g5/117mA/117mA g5/117mA/117mA g4/117mA/117mA g4/117mA/117mA,,,,,,
129.323,HRV,16,12966401,13829438,11482125,12523782,-81,199,-465,g5/117mA/117mA g5/117mA/117mA g4/117mA/117mA g4/117mA/117mA,,,,,,
129.323,HRV,17,12978567,13837867,11487090,12530308,-81,199,-465,g5/117mA/117mA g5/117mA/117mA g4/117mA/117mA g4/117mA/117mA,,,,,,
129.323,HRV,18,12989955,13845988,11491227,12536758,-79,200,-464,g5/117mA/117mA g5/117mA/117mA g4/117mA/117mA g4/117mA/117mA,,,,,,
129.323,HRV,19,12997983,13853684,11495920,12542986,-78,200,-464,g5/117mA/117mA g5/117mA/117mA g4/117mA/117mA g4/117mA/117mA,,,,,,
129.323,HRV,20,12962338,13850989,11489844,12536921,-80,199,-464,g5/117mA/117mA g5/117mA/117mA g4/117mA/117mA g4/117mA/117mA,,,,,,
129.323,HRV,21,12933444,13838235,11481842,12520045,-81,199,-465,g5/117mA/117mA g5/117mA/117mA g4/117mA/117mA g4/117mA/117mA,,,,,,
129.383,HRV,22,12920040,13828193,11478124,12506838,-79,209,-461,g5/117mA/117mA g5/117mA/117mA g4/117mA/117mA g4/117mA/117mA,,,,,,
130.438,HR,23,12919862,13823433,11480120,12500689,-86,197,-466,g5/117mA/117mA g5/117mA/117mA g4/117mA/117mA g4/117mA/117mA,57,100,0,1,0,0
130.438,HR,24,12925406,13825666,11483269,12497888,-85,196,-466,g5/117mA/117mA g5/117mA/117mA g4/117mA/117mA g4/117mA/117mA,,,,,,
130.438,HR,25,12931702,13829754,11486561,12497308,-84,196,-465,g5/117mA/117mA g5/117mA/117mA g4/117mA/117mA g4/117mA/117mA,,,,,,
130.438,HR,26,12939730,13834779,11488983,12499783,-84,197,-465,g5/117mA/117mA g5/117mA/117mA g4/117mA/117mA g4/117mA/117mA,,,,,,
130.438,HR,27,12942427,13838310,11489307,12502651,-85,197,-465,g5/117mA/117mA g5/117mA/117mA g4/117mA/117mA g4/117mA/117mA,,,,,,
130.496,HR,28,12941865,13841425,11488105,12503555,-87,195,-466,g5/117mA/117mA g5/117mA/117mA g4/117mA/117mA g4/117mA/117mA,,,,,,
130.496,HR,29,12936371,13847080,11482305,12505082,-89,194,-466,g5/117mA/117mA g5/117mA/117mA g4/117mA/117mA g4/117mA/117mA,,,,,,
130.496,HR,30,12926885,13855560,11473568,12509022,-90,195,-466,g5/117mA/117mA g5/117mA/117mA g4/117mA/117mA g4/117mA/117mA,,,,,,
130.496,HR,31,12920647,13862566,11466990,12513978,-87,196,-466,g5/117mA/117mA g5/117mA/117mA g4/117mA/117mA g4/117mA/117mA,,,,,,
130.496,HR,32,12918217,13863214,11464977,12517375,-82,197,-466,g5/117mA/117mA g5/117mA/117mA g4/117mA/117mA g4/117mA/117mA,,,,,,
130.496,HR,33,12921893,13865184,11466053,12521155,-85,196,-466,g5/117mA/117mA g5/117mA/117mA g4/117mA/117mA g4/117mA/117mA,,,,,,
130.559,HR,34,12928888,13870661,11468305,12526956,-87,196,-466,g5/117mA/117mA g5/117mA/117mA g4/117mA/117mA g4/117mA/117mA,,,,,,
130.559,HR,35,12946617,13868460,11479983,12534574,-89,197,-466,g5/117mA/117mA g5/117mA/117mA g4/117mA/117mA g4/117mA/117mA,,,,,,
130.559,HR,36,12976749,13870653,11494359,12543514,-87,197,-466,g5/117mA/117mA g5/117mA/117mA g4/117mA/117mA g4/117mA/117mA,,,,,,
130.559,HR,37,13000175,13877871,11505644,12549777,-88,197,-465,g5/117mA/117mA g5/117mA/117mA g4/117mA/117mA g4/117mA/117mA,,,,,,
130.559,HR,38,13020232,13888919,11517700,12553982,-90,197,-464,g5/117mA/117mA g5/117mA/117mA g4/117mA/117mA g4/117mA/117mA,,,,,,
130.642,HR,39,13037780,13904829,11527186,12555644,-88,197,-466,g5/117mA/117mA g5/117mA/117mA g4/117mA/117mA g4/117mA/117mA,,,,,,
130.642,HR,40,13050022,13921313,11535079,12559195,-90,196,-467,g5/117mA/117mA g5/117mA/117mA g4/117mA/117mA g4/117mA/117mA,,,,,,
130.642,HR,41,13059928,13934449,11541118,12564364,-91,196,-466,g5/117mA/117mA g5/117mA/117mA g4/117mA/117mA g4/117mA/117mA,,,,,,
130.642,HR,42,13074475,13943124,11550800,12569808,-87,196,-466,g5/117mA/117mA g5/117mA/117mA g4/117mA/117mA g4/117mA/117mA,,,,,,
130.642,HR,43,13096255,13954841,11564510,12575491,-83,195,-466,g5/117mA/117mA g5/117mA/117mA g4/117mA/117mA g4/117mA/117mA,,,,,,
130.642,HR,44,13095555,13966970,11568990,12578365,-82,195,-466,g5/117mA/117mA g5/117mA/117mA g4/117mA/117mA g4/117mA/117mA,,,,,,
130.762,HR,45,13053078,13966475,11563272,12564816,-88,196,-465,g5/117mA/117mA g5/117mA/117mA g4/117mA/117mA g4/117mA/117mA,,,,,,
130.762,HR,46,13034778,13962380,11559469,12546576,-86,196,-465,g5/117mA/117mA g5/117mA/117mA g4/117mA/117mA g4/117mA/117mA,,,,,,
130.762,HR,47,13027169,13960606,11556603,12537696,-85,196,-466,g5/117mA/117mA g5/117mA/117mA g4/117mA/117mA g4/117mA/117mA,,,,,,
130.762,HR,48,13021375,13957851,11550135,12536868,-90,196,-466,g5/117mA/117mA g5/117mA/117mA g4/117mA/117mA g4/117mA/117mA,57,100,0,1,0,0
130.762,HR,49,13012469,13957184,11542884,12537508,-85,196,-466,g5/117mA/117mA g5/117mA/117mA g4/117mA/117mA g4/117mA/117mA,,,,,,
130.801,HR,50,13003332,13955948,11536254,12537526,-83,196,-466,g5/117mA/117mA g5/117mA/117mA g4/117mA/117mA g4/117mA/117mA,,,,,,
130.801,HR,51,12998886,13953261,11533140,12537501,-86,196,-466,g5/117mA/117mA g5/117mA/117mA g4/117mA/117mA g4/117mA/117mA,,,,,,
130.801,HR,52,12998717,13948602,11533558,12536127,-87,196,-465,g5/117mA/117mA g5/117mA/117mA g4/117mA/117mA g4/117mA/117mA,,,,,,
130.801,HR,53,13000645,13942238,11536043,12533362,-87,195,-465,g5/117mA/117mA g5/117mA/117mA g4/117mA/117mA g4/117mA/117mA,,,,,,
130.801,HR,54,13002940,13934568,11539574,12529096,-87,195,-465,g5/117mA/117mA g5/117mA/117mA g4/117mA/117mA g4/117mA/117mA,,,,,,
130.801,HR,55,13010575,13937717,11543258,12526171,-87,195,-466,g5/117mA/117mA g5/117mA/117mA g4/117mA/117mA g4/117mA/117mA,,,,,,
130.801,HR,56,13022134,13940490,11549351,12527749,-83,207,-461,g5/117mA/117mA g5/117mA/117mA g4/117mA/117mA g4/117mA/117mA,,,,,,
130.856,HRV,27,12922737,13831724,11478448,12509706,-85,197,-465,g5/117mA/117mA g5/117mA/117mA g4/117mA/117mA g4/117mA/117mA,,,,,,
130.856,HRV,28,12922175,13834839,11477246,12510610,-87,195,-466,g5/117mA/117mA g5/117mA/117mA g4/117mA/117mA g4/117mA/117mA,,,,,,
130.856,HRV,29,12916681,13840494,11471446,12512137,-89,194,-466,g5/117mA/117mA g5/117mA/117mA g4/117mA/117mA g4/117mA/117mA,,,,,,
130.856,HRV,30,12907195,13848974,11462709,12516077,-90,195,-466,g5/117mA/117mA g5/117mA/117mA g4/117mA/117mA g4/117mA/117mA,,,,,,
130.856,HRV,31,12900957,13855980,11456131,12521033,-87,196,-466,g5/117mA/117mA g5/117mA/117mA g4/117mA/117mA g4/117mA/117mA,,,,,,
130.856,HRV,32,12898527,13856628,11454118,12524430,-82,197,-466,g5/117mA/117mA g5/117mA/117mA g4/117mA/117mA g4/117mA/117mA,,,,,,
130.857,HRV,44,13095555,13966970,11568990,12578365,-82,195,-466,g5/117mA/117mA g5/117mA/117mA g4/117mA/117mA g4/117mA/117mA,,,,,,
130.857,HRV,45,13053078,13966475,11563272,12564816,-88,196,-465,g5/117mA/117mA g5/117mA/117mA g4/117mA/117mA g4/117mA/117mA,,,,,,
130.857,HRV,46,13034778,13962380,11559469,12546576,-86,196,-465,g5/117mA/117mA g5/117mA/117mA g4/117mA/117mA g4/117mA/117mA,,,,,,
130.857,HRV,47,13027169,13960606,11556603,12537696,-85,196,-466,g5/117mA/117mA g5/117mA/117mA g4/117mA/117mA g4/117mA/117mA,,,,,,
130.942,HRV,48,13021375,13957851,11550135,12536868,-90,196,-466,g5/117mA/117mA g5/117mA/117mA g4/117mA/117mA g4/117mA/117mA,1006,0,0,0,100,1
130.942,HRV,49,13012469,13957184,11542884,12537508,-85,196,-466,g5/117mA/117mA g5/117mA/117mA g4/117mA/117mA g4/117mA/117mA,,,,,,
130.942,HRV,50,13003332,13955948,11536254,12537526,-83,196,-466,g5/117mA/117mA g5/117mA/117mA g4/117mA/117mA g4/117mA/117mA,,,,,,
130.942,HRV,51,12998886,13953261,11533140,12537501,-86,196,-466,g5/117mA/117mA g5/117mA/117mA g4/117mA/117mA g4/117mA/117mA,,,,,,
130.942,HRV,52,12998717,13948602,11533558,12536127,-87,196,-465,g5/117mA/117mA g5/117mA/117mA g4/117mA/117mA g4/117mA/117mA,,,,,,
131.335,HRV,53,13000645,13942238,11536043,12533362,-87,195,-465,g5/117mA/117mA g5/117mA/117mA g4/117mA/117mA g4/117mA/117mA,,,,,,
131.335,HRV,54,13002940,13934568,11539574,12529096,-87,195,-465,g5/117mA/117mA g5/117mA/117mA g4/117mA/117mA g4/117mA/117mA,,,,,,
131.335,HRV,55,13010575,13937717,11543258,12526171,-87,195,-466,g5/117mA/117mA g5/117mA/117mA g4/117mA/117mA g4/117mA/117mA,,,,,,
131.335,HRV,56,13022134,13940490,11549351,12527749,-83,207,-461,g5/117mA/117mA g5/117mA/117mA g4/117mA/117mA g4/117mA/117mA,,,,,,
131.576,HR,57,13041202,13949747,11558274,12530445,-84,196,-466,g5/117mA/117mA g5/117mA/117mA g4/117mA/117mA g4/117mA/117mA,,,,,,
131.576,HR,58,13055790,13962398,11564519,12533823,-84,196,-464,g5/117mA/117mA g5/117mA/117mA g4/117mA/117mA g4/117mA/117mA,,,,,,
131.576,HR,59,13066096,13974144,11567454,12537321,-84,196,-462,g5/117mA/117mA g5/117mA/117mA g4/117mA/117mA g4/117mA/117mA,,,,,,
131.576,HR,60,13072691,13982431,11567147,12544777,-84,196,-462,g5/117mA/117mA g5/117mA/117mA g4/117mA/117mA g4/117mA/117mA,,,,,,
131.576,HR,61,13075173,13986645,11566738,12552054,-83,196,-464,g5/117mA/117mA g5/117mA/117mA g4/117mA/117mA g4/117mA/117mA,,,,,,
131.636,HR,62,13073791,13991906,11563708,12559657,-83,196,-465,g5/117mA/117mA g5/117mA/117mA g4/117mA/117mA g4/117mA/117mA,,,,,,
131.636,HR,63,13072246,13992539,11560041,12569398,-84,195,-466,g5/117mA/117mA g5/117mA/117mA g4/117mA/117mA g4/117mA/117mA,,,,,,
131.636,HR,64,13072178,13988546,11558513,12580685,-85,193,-467,g5/117mA/117mA g5/117mA/117mA g4/117mA/117mA g4/117mA/117mA,,,,,,
131.636,HR,65,13075011,13980519,11557217,12591946,-86,193,-467,g5/117mA/117mA g5/117mA/117mA g4/117mA/117mA g4/117mA/117mA,,,,,,
131.636,HR,66,13075676,13978949,11555084,12599992,-86,194,-467,g5/117mA/117mA g5/117mA/117mA g4/117mA/117mA g4/117mA/117mA,,,,,,
131.636,HR,67,13075078,13977337,11553846,12605239,-86,195,-466,g5/117mA/117mA g5/117mA/117mA g4/117mA/117mA g4/117mA/117mA,,,,,,
131.723,HR,68,13079558,13975067,11555818,12610330,-86,196,-466,g5/117mA/117mA g5/117mA/117mA g4/117mA/117mA g4/117mA/117mA,,,,,,
131.723,HR,69,13083235,13975920,11557107,12614870,-86,196,-466,g5/117mA/117mA g5/117mA/117mA g4/117mA/117mA g4/117mA/117mA,,,,,,
131.723,HR,70,13049826,13966466,11549760,12605810,-86,196,-466,g5/117mA/117mA g5/117mA/117mA g4/117mA/117mA g4/117mA/117mA,,,,,,
131.723,HR,71,13009474,13940012,11535256,12582997,-86,195,-466,g5/117mA/117mA g5/117mA/117mA g4/117mA/117mA g4/117mA/117mA,,,,,,
131.723,HR,72,12982318,13915178,11524286,12556788,-86,195,-466,g5/117mA/117mA g5/117mA/117mA g4/117mA/117mA g4/117mA/117mA,,,,,,
131.755,HR,73,12967270,13897134,11516634,12539309,-86,195,-466,g5/117mA/117mA g5/117mA/117mA g4/117mA/117mA g4/117mA/117mA,58,100,0,1,0,0
131.755,HR,74,12952570,13885659,11509937,12527150,-86,195,-466,g5/117mA/117mA g5/117mA/117mA g4/117mA/117mA g4/117mA/117mA,,,,,,
131.755,HR,75,12937940,13874670,11500534,12518440,-86,195,-466,g5/117mA/117mA g5/117mA/117mA g4/117mA/117mA g4/117mA/117mA,,,,,,
131.755,HR,76,12928778,13865177,11493967,12512204,-86,195,-466,g5/117mA/117mA g5/117mA/117mA g4/117mA/117mA g4/117mA/117mA,,,,,,
131.755,HR,77,12922132,13857335,11488958,12508221,-86,195,-466,g5/117mA/117mA g5/117mA/117mA g4/117mA/117mA g4/117mA/117mA,,,,,,
131.934,HR,78,12918786,13846704,11489205,12504775,-87,194,-466,g5/117mA/117mA g5/117mA/117mA g4/117mA/117mA g4/117mA/117mA,,,,,,
131.934,HR,79,12916885,13838643,11486466,12501224,-87,194,-466,g5/117mA/117mA g5/117mA/117mA g4/117mA/117mA g4/117mA/117mA,,,,,,
131.935,HR,80,12917174,13827545,11485589,12500396,-87,194,-466,g5/117mA/117mA g5/117mA/117mA g4/117mA/117mA g4/117mA/117mA,,,,,,
131.935,HR,81,12920689,13823150,11484343,12501985,-86,194,-466,g5/117mA/117mA g5/117mA/117mA g4/117mA/117mA g4/117mA/117mA,,,,,,
131.935,HR,82,12925237,13819602,11481868,12506447,-86,194,-466,g5/117mA/117mA g5/117mA/117mA g4/117mA/117mA g4/117mA/117mA,,,,,,
131.998,HR,83,12934476,13812904,11482414,12513382,-86,194,-466,g5/117mA/117mA g5/117mA/117mA g4/117mA/117mA g4/117mA/117mA,,,,,,
131.999,HR,84,12946804,13806524,11485750,12522220,-86,194,-466,g5/117mA/117mA g5/117mA/117mA g4/117mA/117mA g4/117mA/117mA,,,,,,
131.999,HR,85,12960497,13802821,11489693,12531358,-86,194,-466,g5/117mA/117mA g5/117mA/117mA g4/117mA/117mA g4/117mA/117mA,,,,,,
131.999,HR,86,12973413,13803060,11493360,12540298,-85,194,-466,g5/117mA/117mA g5/117mA/117mA g4/117mA/117mA g4/117mA/117mA,,,,,,
131.999,HR,87,12983787,13805396,11496491,12547388,-82,194,-466,g5/117mA/117mA g5/117mA/117mA g4/117mA/117mA g4/117mA/117mA,,,,,,
131.999,HR,88,12993147,13808451,11500432,12550970,-79,194,-466,g5/117mA/117mA g5/117mA/117mA g4/117mA/117mA g4/117mA/117mA,,,,,,
131.999,HR,89,13002565,13812341,11505004,12550407,-80,195,-466,g5/117mA/117mA g5/117mA/117mA g4/117mA/117mA g4/117mA/117mA,,,,,,
131.999,HR,90,13013330,13818255,11509902,12550639,-83,195,-466,g5/117mA/117mA g5/117mA/117mA g4/117mA/117mA g4/117mA/117mA,,,,,,
132.055,HRV,57,13041202,13949747,11558274,12530445,-84,196,-466,g5/117mA/117mA g5/117mA/117mA g4/117mA/117mA g4/117mA/117mA,,,,,,
132.055,HRV,58,13055790,13962398,11564519,12533823,-84,196,-464,g5/117mA/117mA g5/117mA/117mA g4/117mA/117mA g4/117mA/117mA,,,,,,
132.055,HRV,59,13066096,13974144,11567454,12537321,-84,196,-462,g5/117mA/117mA g5/117mA/117mA g4/117mA/117mA g4/117mA/117mA,,,,,,
132.055,HRV,60,13072691,13982431,11567147,12544777,-84,196,-462,g5/117mA/117mA g5/117mA/117mA g4/117mA/117mA g4/117mA/117mA,,,,,,
132.055,HRV,61,13075173,13986645,11566738,12552054,-83,196,-464,g5/117mA/117mA g5/117mA/117mA g4/117mA/117mA g4/117mA/117mA,,,,,,
132.057,HRV,68,13079558,13975067,11555818,12610330,-86,196,-466,g5/117mA/117mA g5/117mA/117mA g4/117mA/117mA g4/117mA/117mA,,,,,,
132.057,HRV,69,13083235,13975920,11557107,12614870,-86,196,-466,g5/117mA/117mA g5/117mA/117mA g4/117mA/117mA g4/117mA/117mA,,,,,,
132.057,HRV,70,13049826,13966466,11549760,12605810,-86,196,-466,g5/117mA/117mA g5/117mA/117mA g4/117mA/117mA g4/117mA/117mA,,,,,,
132.057,HRV,71,13009474,13940012,11535256,12582997,-86,195,-466,g5/117mA/117mA g5/117mA/117mA g4/117mA/117mA g4/117mA/117mA,,,,,,
132.057,HRV,72,12982318,13915178,11524286,12556788,-86,195,-466,g5/117mA/117mA g5/117mA/117mA g4/117mA/117mA g4/117mA/117mA,,,,,,
132.081,HRV,78,12918786,13846704,11489205,12504775,-87,194,-466,g5/117mA/117mA g5/117mA/117mA g4/117mA/117mA g4/117mA/117mA,,,,,,
132.081,HRV,79,12916885,13838643,11486466,12501224,-87,194,-466,g5/117mA/117mA g5/117mA/117mA g4/117mA/117mA g4/117mA/117mA,,,,,,
132.081,HRV,80,12917174,13827545,11485589,12500396,-87,194,-466,g5/117mA/117mA g5/117mA/117mA g4/117mA/117mA g4/117mA/117mA,,,,,,
132.081,HRV,81,12920689,13823150,11484343,12501985,-86,194,-466,g5/117mA/117mA g5/117mA/117mA g4/117mA/117mA g4/117mA/117mA,,,,,,
132.081,HRV,82,12925237,13819602,11481868,12506447,-86,194,-466,g5/117mA/117mA g5/117mA/117mA g4/117mA/117mA g4/117mA/117mA,,,,,,
132.118,HRV,83,12934476,13812904,11482414,12513382,-86,194,-466,g5/117mA/117mA g5/117mA/117mA g4/117mA/117mA g4/117mA/117mA,,,,,,
132.118,HRV,84,12946804,13806524,11485750,12522220,-86,194,-466,g5/117mA/117mA g5/117mA/117mA g4/117mA/117mA g4/117mA/117mA,,,,,,
132.118,HRV,85,12960497,13802821,11489693,12531358,-86,194,-466,g5/117mA/117mA g5/117mA/117mA g4/117mA/117mA g4/117mA/117mA,,,,,,
132.118,HRV,86,12973413,13803060,11493360,12540298,-85,194,-466,g5/117mA/117mA g5/117mA/117mA g4/117mA/117mA g4/117mA/117mA,,,,,,
132.118,HRV,87,12983787,13805396,11496491,12547388,-82,194,-466,g5/117mA/117mA g5/117mA/117mA g4/117mA/117mA g4/117mA/117mA,,,,,,
132.118,HRV,88,12993147,13808451,11500432,12550970,-79,194,-466,g5/117mA/117mA g5/117mA/117mA g4/117mA/117mA g4/117mA/117mA,,,,,,
132.119,HRV,89,13002565,13812341,11505004,12550407,-80,195,-466,g5/117mA/117mA g5/117mA/117mA g4/117mA/117mA g4/117mA/117mA,,,,,,
132.119,HRV,90,13013330,13818255,11509902,12550639,-83,195,-466,g5/117mA/117mA g5/117mA/117mA g4/117mA/117mA g4/117mA/117mA,,,,,,
133.165,HR,91,13022398,13824149,11513706,12551004,-85,197,-466,g5/117mA/117mA g5/117mA/117mA g4/117mA/117mA g4/117mA/117mA,,,,,,
133.165,HR,92,13029147,13829687,11516318,12550706,-85,196,-466,g5/117mA/117mA g5/117mA/117mA g4/117mA/117mA g4/117mA/117mA,,,,,,
133.165,HR,93,13035769,13839112,11518255,12554254,-81,195,-466,g5/117mA/117mA g5/117mA/117mA g4/117mA/117mA g4/117mA/117mA,,,,,,
133.165,HR,94,13041228,13846244,11520073,12557993,-74,195,-465,g5/117mA/117mA g5/117mA/117mA g4/117mA/117mA g4/117mA/117mA,,,,,,
133.165,HR,95,13028438,13848181,11518246,12557591,-81,196,-465,g5/117mA/117mA g5/117mA/117mA g4/117mA/117mA g4/117mA/117mA,,,,,,
133.254,HR,96,12987413,13827954,11506243,12538266,-80,196,-465,g5/117mA/117mA g5/117mA/117mA g4/117mA/117mA g4/117mA/117mA,,,,,,
133.254,HR,97,12964011,13801943,11498904,12512972,-74,196,-466,g5/117mA/117mA g5/117mA/117mA g4/117mA/117mA g4/117mA/117mA,,,,,,
133.254,HR,98,12951735,13784332,11492652,12496412,-77,196,-466,g5/117mA/117mA g5/117mA/117mA g4/117mA/117mA g4/117mA/117mA,58,100,0,1,0,0
133.254,HR,99,12951522,13776459,11488071,12491524,-79,197,-466,g5/117mA/117mA g5/117mA/117mA g4/117mA/117mA g4/117mA/117mA,,,,,,
133.254,HR,100,12945891,13769021,11479813,12489928,-81,198,-466,g5/117mA/117mA g5/117mA/117mA g4/117mA/117mA g4/117mA/117mA,,,,,,
133.256,HR,101,12937641,13761147,11470805,12488956,-84,198,-466,g5/117mA/117mA g5/117mA/117mA g4/117mA/117mA g4/117mA/117mA,,,,,,
133.256,HR,102,12935449,13751906,11467024,12488361,-85,199,-466,g5/117mA/117mA g5/117mA/117mA g4/117mA/117mA g4/117mA/117mA,,,,,,
133.256,HR,103,12932292,13744484,11462989,12487959,-85,198,-466,g5/117mA/117mA g5/117mA/117mA g4/117mA/117mA g4/117mA/117mA,,,,,,
133.256,HR,104,12927292,13734391,11459177,12484615,-86,196,-466,g5/117mA/117mA g5/117mA/117mA g4/117mA/117mA g4/117mA/117mA,,,,,,
133.256,HR,105,12921200,13727840,11453357,12482064,-85,195,-466,g5/117mA/117mA g5/117mA/117mA g4/117mA/117mA g4/117mA/117mA,,,,,,
133.312,HR,106,12915289,13723216,11447513,12480649,-81,196,-465,g5/117mA/117mA g5/117mA/117mA g4/117mA/117mA g4/117mA/117mA,,,,,,
133.312,HR,107,12912193,13719094,11444442,12481579,-68,204,-462,g5/117mA/117mA g5/117mA/117mA g4/117mA/117mA g4/117mA/117mA,,,,,,
133.312,HR,108,12912354,13716595,11443264,12481731,-73,202,-463,g5/117mA/117mA g5/117mA/117mA g4/117mA/117mA g4/117mA/117mA,,,,,,
133.312,HR,109,12914701,13718080,11443222,12485186,-79,200,-464,g5/117mA/117mA g5/117mA/117mA g4/117mA/117mA g4/117mA/117mA,,,,,,
133.312,HR,110,12918846,13715495,11445968,12490023,-73,203,-463,g5/117mA/117mA g5/117mA/117mA g4/117mA/117mA g4/117mA/117mA,,,,,,
133.312,HR,111,12930424,13711835,11455080,12495526,-77,203,-464,g5/117mA/117mA g5/117mA/117mA g4/117mA/117mA g4/117mA/117mA,,,,,,
133.436,HR,112,12951042,13714403,11466529,12503905,-81,203,-464,g5/117mA/117mA g5/117mA/117mA g4/117mA/117mA g4/117mA/117mA,,,,,,
133.436,HR,113,12971007,13719146,11477090,12508476,-78,203,-463,g5/117mA/117mA g5/117mA/117mA g4/117mA/117mA g4/117mA/117mA,,,,,,
133.436,HR,114,12985186,13728368,11486074,12513842,-74,202,-463,g5/117mA/117mA g5/117mA/117mA g4/117mA/117mA g4/117mA/117mA,,,,,,
133.436,HR,115,12996294,13738504,11494212,12518398,-73,201,-464,g5/117mA/117mA g5/117mA/117mA g4/117mA/117mA g4/117mA/117mA,,,,,,
133.436,HR,116,13002999,13750480,11500569,12521452,-78,201,-464,g5/117mA/117mA g5/117mA/117mA g4/117mA/117mA g4/117mA/117mA,,,,,,
133.494,HR,117,13006813,13764781,11503897,12525718,-83,201,-465,g5/117mA/117mA g5/117mA/117mA g4/117mA/117mA g4/117mA/117mA,,,,,,
133.494,HR,118,13007803,13774760,11503283,12529386,-83,201,-465,g5/117mA/117mA g5/117mA/117mA g4/117mA/117mA g4/117mA/117mA,,,,,,
133.494,HR,119,13009798,13781689,11504767,12533242,-72,203,-464,g5/117mA/117mA g5/117mA/117mA g4/117mA/117mA g4/117mA/117mA,,,,,,
133.494,HR,120,12998675,13782987,11503061,12531570,-75,203,-464,g5/117mA/117mA g5/117mA/117mA g4/117mA/117mA g4/117mA/117mA,,,,,,
133.494,HR,121,12951462,13764318,11484206,12508365,-77,203,-465,g5/117mA/117mA g5/117mA/117mA g4/117mA/117mA g4/117mA/117mA,,,,,,
133.494,HR,122,12912347,13741422,11463971,12482788,-77,203,-465,g5/117mA/117mA g5/117mA/117mA g4/117mA/117mA g4/117mA/117mA,,,,,,
133.496,HR,123,12887894,13724283,11450114,12465369,-78,203,-465,g5/117mA/117mA g5/117mA/117mA g4/117mA/117mA g4/117mA/117mA,58,100,0,1,0,0
133.497,HR,124,12874169,13713635,11442062,12454550,-77,212,-460,g5/117mA/117mA g5/117mA/117mA g4/117mA/117mA g4/117mA/117mA,,,,,,
133.522,HRV,91,13022398,13824149,11513706,12551004,-85,197,-466,g5/117mA/117mA g5/117mA/117mA g4/117mA/117mA g4/117mA/117mA,,,,,,
133.522,HRV,92,13029147,13829687,11516318,12550706,-85,196,-466,g5/117mA/117mA g5/117mA/117mA g4/117mA/117mA g4/117mA/117mA,,,,,,
133.522,HRV,93,13035769,13839112,11518255,12554254,-81,195,-466,g5/117mA/117mA g5/117mA/117mA g4/117mA/117mA g4/117mA/117mA,,,,,,
133.522,HRV,94,13041228,13846244,11520073,12557993,-74,195,-465,g5/117mA/117mA g5/117mA/117mA g4/117mA/117mA g4/117mA/117mA,,,,,,
133.522,HRV,95,13028438,13848181,11518246,12557591,-81,196,-465,g5/117mA/117mA g5/117mA/117mA g4/117mA/117mA g4/117mA/117mA,,,,,,
133.617,HRV,101,12937641,13761147,11470805,12488956,-84,198,-466,g5/117mA/117mA g5/117mA/117mA g4/117mA/117mA g4/117mA/117mA,,,,,,
133.617,HRV,102,12935449,13751906,11467024,12488361,-85,199,-466,g5/117mA/117mA g5/117mA/117mA g4/117mA/117mA g4/117mA/117mA,,,,,,
133.618,HRV,103,12932292,13744484,11462989,12487959,-85,198,-466,g5/117mA/117mA g5/117mA/117mA g4/117mA/117mA g4/117mA/117mA,,,,,,
133.618,HRV,104,12927292,13734391,11459177,12484615,-86,196,-466,g5/117mA/117mA g5/117mA/117mA g4/117mA/117mA g4/117mA/117mA,,,,,,
133.618,HRV,105,12921200,13727840,11453357,12482064,-85,195,-466,g5/117mA/117mA g5/117mA/117mA g4/117mA/117mA g4/117mA/117mA,,,,,,
133.618,HRV,106,12915289,13723216,11447513,12480649,-81,196,-465,g5/117mA/117mA g5/117mA/117mA g4/117mA/117mA g4/117mA/117mA,,,,,,
133.618,HRV,107,12912193,13719094,11444442,12481579,-68,204,-462,g5/117mA/117mA g5/117mA/117mA g4/117mA/117mA g4/117mA/117mA,,,,,,
133.618,HRV,108,12912354,13716595,11443264,12481731,-73,202,-463,g5/117mA/117mA g5/117mA/117mA g4/117mA/117mA g4/117mA/117mA,,,,,,
133.618,HRV,109,12914701,13718080,11443222,12485186,-79,200,-464,g5/117mA/117mA g5/117mA/117mA g4/117mA/117mA g4/117mA/117mA,,,,,,
133.618,HRV,110,12918846,13715495,11445968,12490023,-73,203,-463,g5/117mA/117mA g5/117mA/117mA g4/117mA/117mA g4/117mA/117mA,,,,,,
133.618,HRV,111,12930424,13711835,11455080,12495526,-77,203,-464,g5/117mA/117mA g5/117mA/117mA g4/117mA/117mA g4/117mA/117mA,,,,,,
133.674,HRV,112,12951042,13714403,11466529,12503905,-81,203,-464,g5/117mA/117mA g5/117mA/117mA g4/117mA/117mA g4/117mA/117mA,,,,,,
133.674,HRV,113,12971007,13719146,11477090,12508476,-78,203,-463,g5/117mA/117mA g5/117mA/117mA g4/117mA/117mA g4/117mA/117mA,,,,,,
133.674,HRV,114,12985186,13728368,11486074,12513842,-74,202,-463,g5/117mA/117mA g5/117mA/117mA g4/117mA/117mA g4/117mA/117mA,,,,,,
133.674,HRV,115,12996294,13738504,11494212,12518398,-73,201,-464,g5/117mA/117mA g5/117mA/117mA g4/117mA/117mA g4/117mA/117mA,,,,,,
133.674,HRV,116,13002999,13750480,11500569,12521452,-78,201,-464,g5/117mA/117mA g5/117mA/117mA g4/117mA/117mA g4/117mA/117mA,,,,,,
134.035,HRV,117,13006813,13764781,11503897,12525718,-83,201,-465,g5/117mA/117mA g5/117mA/117mA g4/117mA/117mA g4/117mA/117mA,,,,,,
134.035,HRV,118,13007803,13774760,11503283,12529386,-83,201,-465,g5/117mA/117mA g5/117mA/117mA g4/117mA/117mA g4/117mA/117mA,,,,,,
134.035,HRV,119,13009798,13781689,11504767,12533242,-72,203,-464,g5/117mA/117mA g5/117mA/117mA g4/117mA/117mA g4/117mA/117mA,,,,,,
134.035,HRV,120,12998675,13782987,11503061,12531570,-75,203,-464,g5/117mA/117mA g5/117mA/117mA g4/117mA/117mA g4/117mA/117mA,,,,,,
134.035,HRV,121,12951462,13764318,11484206,12508365,-77,203,-465,g5/117mA/117mA g5/117mA/117mA g4/117mA/117mA g4/117mA/117mA,,,,,,
134.035,HRV,122,12912347,13741422,11463971,12482788,-77,203,-465,g5/117mA/117mA g5/117mA/117mA g4/117mA/117mA g4/117mA/117mA,,,,,,
134.095,HRV,123,12887894,13724283,11450114,12465369,-78,203,-465,g5/117mA/117mA g5/117mA/117mA g4/117mA/117mA g4/117mA/117mA,1028,0,0,0,100,1
134.095,HRV,124,12874169,13713635,11442062,12454550,-77,212,-460,g5/117mA/117mA g5/117mA/117mA g4/117mA/117mA g4/117mA/117mA,,,,,,
134.361,HR,125,12866950,13704021,11438640,12445762,-75,199,-466,g5/117mA/117mA g5/117mA/117mA g4/117mA/117mA g4/117mA/117mA,,,,,,
134.361,HR,126,12865346,13698100,11438376,12437769,-77,198,-466,g5/117mA/117mA g5/117mA/117mA g4/117mA/117mA g4/117mA/117mA,,,,,,
134.361,HR,127,12867566,13697955,11439665,12432070,-79,198,-466,g5/117mA/117mA g5/117mA/117mA g4/117mA/117mA g4/117mA/117mA,,,,,,
134.361,HR,128,12867642,13697580,11439843,12426099,-79,198,-466,g5/117mA/117mA g5/117mA/117mA g4/117mA/117mA g4/117mA/117mA,,,,,,
134.361,HR,129,12861678,13692965,11435809,12419881,-78,199,-466,g5/117mA/117mA g5/117mA/117mA g4/117mA/117mA g4/117mA/117mA,,,,,,
134.395,HR,130,12853480,13686335,11430126,12413559,-77,199,-466,g5/117mA/117mA g5/117mA/117mA g4/117mA/117mA g4/117mA/117mA,,,,,,
134.395,HR,131,12847911,13680783,11425733,12408509,-77,199,-466,g5/117mA/117mA g5/117mA/117mA g4/117mA/117mA g4/117mA/117mA,,,,,,
134.395,HR,132,12845392,13677821,11423326,12404967,-78,198,-466,g5/117mA/117mA g5/117mA/117mA g4/117mA/117mA g4/117mA/117mA,,,,,,
134.395,HR,133,12844914,13678614,11421937,12403851,-79,198,-466,g5/117mA/117mA g5/117mA/117mA g4/117mA/117mA g4/117mA/117mA,,,,,,
134.395,HR,134,12846493,13680057,11422184,12405572,-79,198,-466,g5/117mA/117mA g5/117mA/117mA g4/117mA/117mA g4/117mA/117mA,,,,,,
134.395,HR,135,12848447,13682940,11422977,12407902,-79,197,-466,g5/117mA/117mA g5/117mA/117mA g4/117mA/117mA g4/117mA/117mA,,,,,,
134.457,HR,136,12851433,13686036,11423872,12412527,-79,197,-466,g5/117mA/117mA g5/117mA/117mA g4/117mA/117mA g4/117mA/117mA,,,,,,
134.457,HR,137,12853983,13688186,11425716,12416177,-79,197,-466,g5/117mA/117mA g5/117mA/117mA g4/117mA/117mA g4/117mA/117mA,,,,,,
134.458,HR,138,12856867,13692622,11428318,12419034,-76,198,-466,g5/117mA/117mA g5/117mA/117mA g4/117mA/117mA g4/117mA/117mA,,,,,,
134.458,HR,139,12859376,13698995,11431568,12420887,-73,200,-465,g5/117mA/117mA g5/117mA/117mA g4/117mA/117mA g4/117mA/117mA,,,,,,
134.458,HR,140,12863222,13706580,11435323,12422208,-73,198,-465,g5/117mA/117mA g5/117mA/117mA g4/117mA/117mA g4/117mA/117mA,,,,,,
134.458,HR,141,12867326,13715239,11439110,12423787,-79,192,-467,g5/117mA/117mA g5/117mA/117mA g4/117mA/117mA g4/117mA/117mA,,,,,,
134.483,HR,142,12872855,13724385,11443393,12426151,-85,186,-470,g5/117mA/117mA g5/117mA/117mA g4/117mA/117mA g4/117mA/117mA,,,,,,
134.483,HR,143,12879048,13735006,11447470,12429682,-83,190,-468,g5/117mA/117mA g5/117mA/117mA g4/117mA/117mA g4/117mA/117mA,,,,,,
134.484,HR,144,12884859,13744305,11451147,12433308,-80,195,-466,g5/117mA/117mA g5/117mA/117mA g4/117mA/117mA g4/117mA/117mA,,,,,,
134.484,HR,145,12864298,13740466,11443828,12425314,-79,197,-466,g5/117mA/117mA g5/117mA/117mA g4/117mA/117mA g4/117mA/117mA,,,,,,
134.484,HR,146,12823033,13715981,11423882,12398569,-81,198,-466,g5/117mA/117mA g5/117mA/117mA g4/117mA/117mA g4/117mA/117mA,,,,,,
134.484,HR,147,12791613,13691710,11406306,12372437,-82,199,-466,g5/117mA/117mA g5/117mA/117mA g4/117mA/117mA g4/117mA/117mA,,,,,,
134.518,HR,148,12772707,13676499,11394184,12353446,-79,199,-466,g5/117mA/117mA g5/117mA/117mA g4/117mA/117mA g4/117mA/117mA,58,100,0,1,0,0
134.518,HR,149,12760182,13665135,11386131,12339865,-76,199,-466,g5/117mA/117mA g5/117mA/117mA g4/117mA/117mA g4/117mA/117mA,,,,,,
134.518,HR,150,12747804,13654710,11378683,12327221,-76,199,-466,g5/117mA/117mA g5/117mA/117mA g4/117mA/117mA g4/117mA/117mA,,,,,,
134.518,HR,151,12739904,13647474,11372984,12316814,-77,199,-466,g5/117mA/117mA g5/117mA/117mA g4/117mA/117mA g4/117mA/117mA,,,,,,
134.518,HR,152,12734852,13642459,11368548,12309878,-78,198,-466,g5/117mA/117mA g5/117mA/117mA g4/117mA/117mA g4/117mA/117mA,,,,,,
134.58,HR,153,12729257,13637544,11363311,12302172,-78,198,-466,g5/117mA/117mA g5/117mA/117mA g4/117mA/117mA g4/117mA/117mA,,,,,,
134.58,HR,154,12722046,13630318,11356672,12293439,-78,198,-466,g5/117mA/117mA g5/117mA/117mA g4/117mA/117mA g4/117mA/117mA,,,,,,
134.58,HR,155,12714269,13622196,11349737,12284805,-76,197,-466,g5/117mA/117mA g5/117mA/117mA g4/117mA/117mA g4/117mA/117mA,,,,,,
134.58,HR,156,12709668,13616585,11345300,12277254,-74,196,-466,g5/117mA/117mA g5/117mA/117mA g4/117mA/117mA g4/117mA/117mA,,,,,,
134.58,HR,157,12709932,13613675,11343449,12270727,-75,197,-465,g5/117mA/117mA g5/117mA/117mA g4/117mA/117mA g4/117mA/117mA,,,,,,
134.58,HR,158,12714711,13613836,11344661,12267042,-79,200,-465,g5/117mA/117mA g5/117mA/117mA g4/117mA/117mA g4/117mA/117mA,,,,,,
134.581,HRV,125,12866950,13704021,11438640,12445762,-75,199,-466,g5/117mA/117mA g5/117mA/117mA g4/117mA/117mA g4/117mA/117mA,,,,,,
134.581,HRV,126,12865346,13698100,11438376,12437769,-77,198,-466,g5/117mA/117mA g5/117mA/117mA g4/117mA/117mA g4/117mA/117mA,,,,,,
134.581,HRV,127,12867566,13697955,11439665,12432070,-79,198,-466,g5/117mA/117mA g5/117mA/117mA g4/117mA/117mA g4/117mA/117mA,,,,,,
134.581,HRV,128,12867642,13697580,11439843,12426099,-79,198,-466,g5/117mA/117mA g5/117mA/117mA g4/117mA/117mA g4/117mA/117mA,,,,,,
134.581,HRV,129,12861678,13692965,11435809,12419881,-78,199,-466,g5/117mA/117mA g5/117mA/117mA g4/117mA/117mA g4/117mA/117mA,,,,,,
134.638,HRV,130,12853480,13686335,11430126,12413559,-77,199,-466,g5/117mA/117mA g5/117mA/117mA g4/117mA/117mA g4/117mA/117mA,,,,,,
134.638,HRV,131,12847911,13680783,11425733,12408509,-77,199,-466,g5/117mA/117mA g5/117mA/117mA g4/117mA/117mA g4/117mA/117mA,,,,,,
134.638,HRV,132,12845392,13677821,11423326,12404967,-78,198,-466,g5/117mA/117mA g5/117mA/117mA g4/117mA/117mA g4/117mA/117mA,,,,,,
134.638,HRV,133,12844914,13678614,11421937,12403851,-79,198,-466,g5/117mA/117mA g5/117mA/117mA g4/117mA/117mA g4/117mA/117mA,,,,,,
134.638,HRV,134,12846493,13680057,11422184,12405572,-79,198,-466,g5/117mA/117mA g5/117mA/117mA g4/117mA/117mA g4/117mA/117mA,,,,,,
134.638,HRV,135,12848447,13682940,11422977,12407902,-79,197,-466,g5/117mA/117mA g5/117mA/117mA g4/117mA/117mA g4/117mA/117mA,,,,,,
134.7,HRV,136,12851433,13686036,11423872,12412527,-79,197,-466,g5/117mA/117mA g5/117mA/117mA g4/117mA/117mA g4/117mA/117mA,,,,,,
134.7,HRV,137,12853983,13688186,11425716,12416177,-79,197,-466,g5/117mA/117mA g5/117mA/117mA g4/117mA/117mA g4/117mA/117mA,,,,,,
134.7,HRV,138,12856867,13692622,11428318,12419034,-76,198,-466,g5/117mA/117mA g5/117mA/117mA g4/117mA/117mA g4/117mA/117mA,,,,,,
134.7,HRV,139,12859376,13698995,11431568,12420887,-73,200,-465,g5/117mA/117mA g5/117mA/117mA g4/117mA/117mA g4/117mA/117mA,,,,,,
134.7,HRV,140,12863222,13706580,11435323,12422208,-73,198,-465,g5/117mA/117mA g5/117mA/117mA g4/117mA/117mA g4/117mA/117mA,,,,,,
134.7,HRV,141,12867326,13715239,11439110,12423787,-79,192,-467,g5/117mA/117mA g5/117mA/117mA g4/117mA/117mA g4/117mA/117mA,,,,,,
134.723,HRV,142,12872855,13724385,11443393,12426151,-85,186,-470,g5/117mA/117mA g5/117mA/117mA g4/117mA/117mA g4/117mA/117mA,,,,,,
134.723,HRV,143,12879048,13735006,11447470,12429682,-83,190,-468,g5/117mA/117mA g5/117mA/117mA g4/117mA/117mA g4/117mA/117mA,,,,,,
134.723,HRV,144,12884859,13744305,11451147,12433308,-80,195,-466,g5/117mA/117mA g5/117mA/117mA g4/117mA/117mA g4/117mA/117mA,,,,,,
134.723,HRV,145,12864298,13740466,11443828,12425314,-79,197,-466,g5/117mA/117mA g5/117mA/117mA g4/117mA/117mA g4/117mA/117mA,,,,,,
134.724,HRV,146,12823033,13715981,11423882,12398569,-81,198,-466,g5/117mA/117mA g5/117mA/117mA g4/117mA/117mA g4/117mA/117mA,,,,,,
134.724,HRV,147,12791613,13691710,11406306,12372437,-82,199,-466,g5/117mA/117mA g5/117mA/117mA g4/117mA/117mA g4/117mA/117mA,,,,,,
134.817,HRV,148,12772707,13676499,11394184,12353446,-79,199,-466,g5/117mA/117mA g5/117mA/117mA g4/117mA/117mA g4/117mA/117mA,997,0,0,0,100,1
134.817,HRV,149,12760182,13665135,11386131,12339865,-76,199,-466,g5/117mA/117mA g5/117mA/117mA g4/117mA/117mA g4/117mA/117mA,,,,,,
134.817,HRV,150,12747804,13654710,11378683,12327221,-76,199,-466,g5/117mA/117mA g5/117mA/117mA g4/117mA/117mA g4/117mA/117mA,,,,,,
134.817,HRV,151,12739904,13647474,11372984,12316814,-77,199,-466,g5/117mA/117mA g5/117mA/117mA g4/117mA/117mA g4/117mA/117mA,,,,,,
134.817,HRV,152,12734852,13642459,11368548,12309878,-78,198,-466,g5/117mA/117mA g5/117mA/117mA g4/117mA/117mA g4/117mA/117mA,,,,,,
134.817,HRV,153,12729257,13637544,11363311,12302172,-78,198,-466,g5/117mA/117mA g5/117mA/117mA g4/117mA/117mA g4/117mA/117mA,,,,,,
134.817,HRV,154,12722046,13630318,11356672,12293439,-78,198,-466,g5/117mA/117mA g5/117mA/117mA g4/117mA/117mA g4/117mA/117mA,,,,,,
134.817,HRV,155,12714269,13622196,11349737,12284805,-76,197,-466,g5/117mA/117mA g5/117mA/117mA g4/117mA/117mA g4/117mA/117mA,,,,,,
134.818,HRV,156,12709668,13616585,11345300,12277254,-74,196,-466,g5/117mA/117mA g5/117mA/117mA g4/117mA/117mA g4/117mA/117mA,,,,,,
134.818,HRV,157,12709932,13613675,11343449,12270727,-75,197,-465,g5/117mA/117mA g5/117mA/117mA g4/117mA/117mA g4/117mA/117mA,,,,,,
134.818,HRV,158,12714711,13613836,11344661,12267042,-79,200,-465,g5/117mA/117mA g5/117mA/117mA g4/117mA/117mA g4/117mA/117mA,,,,,,
135.542,HR,159,12720957,13616149,11347996,12263809,-75,189,-469,g5/117mA/117mA g5/117mA/117mA g4/117mA/117mA g4/117mA/117mA,,,,,,
135.543,HR,160,12728941,13621771,11352995,12261352,-77,192,-467,g5/117mA/117mA g5/117mA/117mA g4/117mA/117mA g4/117mA/117mA,,,,,,
135.543,HR,161,12737021,13626334,11358883,12263220,-81,195,-467,g5/117mA/117mA g5/117mA/117mA g4/117mA/117mA g4/117mA/117mA,,,,,,
135.543,HR,162,12745713,13633083,11364471,12265081,-86,197,-467,g5/117mA/117mA g5/117mA/117mA g4/117mA/117mA g4/117mA/117mA,,,,,,
135.543,HR,163,12753596,13640139,11368812,12268696,-82,192,-467,g5/117mA/117mA g5/117mA/117mA g4/117mA/117mA g4/117mA/117mA,,,,,,
135.624,HR,164,12759968,13649488,11373693,12274252,-81,192,-466,g5/117mA/117mA g5/117mA/117mA g4/117mA/117mA g4/117mA/117mA,,,,,,
135.624,HR,165,12766264,13659837,11379100,12283217,-83,196,-466,g5/117mA/117mA g5/117mA/117mA g4/117mA/117mA g4/117mA/117mA,,,,,,
135.625,HR,166,12778099,13670688,11386489,12295281,-81,196,-466,g5/117mA/117mA g5/117mA/117mA g4/117mA/117mA g4/117mA/117mA,,,,,,
135.625,HR,167,12791100,13682768,11391778,12304204,-82,195,-466,g5/117mA/117mA g5/117mA/117mA g4/117mA/117mA g4/117mA/117mA,,,,,,
135.625,HR,168,12801995,13696290,11397810,12313453,-85,195,-467,g5/117mA/117mA g5/117mA/117mA g4/117mA/117mA g4/117mA/117mA,,,,,,
135.625,HR,169,12812019,13708269,11404031,12324406,-85,195,-467,g5/117mA/117mA g5/117mA/117mA g4/117mA/117mA g4/117mA/117mA,,,,,,
135.657,HR,170,12817172,13717490,11407979,12336001,-85,194,-466,g5/117mA/117mA g5/117mA/117mA g4/117mA/117mA g4/117mA/117mA,,,,,,
135.657,HR,171,12777399,13704574,11390584,12332409,-86,193,-466,g5/117mA/117mA g5/117mA/117mA g4/117mA/117mA g4/117mA/117mA,,,,,,
135.657,HR,172,12731773,13677138,11365205,12313309,-93,193,-466,g5/117mA/117mA g5/117mA/117mA g4/117mA/117mA g4/117mA/117mA,,,,,,
135.657,HR,173,12712689,13659027,11350753,12300349,-94,192,-466,g5/117mA/117mA g5/117mA/117mA g4/117mA/117mA g4/117mA/117mA,58,100,0,1,0,0
135.657,HR,174,12708245,13648457,11344891,12292192,-91,192,-467,g5/117mA/117mA g5/117mA/117mA g4/117mA/117mA g4/117mA/117mA,,,,,,
135.743,HR,175,12704346,13640139,11342818,12289941,-83,194,-466,g5/117mA/117mA g5/117mA/117mA g4/117mA/117mA g4/117mA/117mA,,,,,,
135.743,HR,176,12702544,13632442,11342108,12288992,-88,196,-465,g5/117mA/117mA g5/117mA/117mA g4/117mA/117mA g4/117mA/117mA,,,,,,
135.743,HR,177,12708237,13632947,11344737,12293506,-95,196,-464,g5/117mA/117mA g5/117mA/117mA g4/117mA/117mA g4/117mA/117mA,,,,,,
135.743,HR,178,12711162,13637486,11345002,12300450,-95,192,-465,g5/117mA/117mA g5/117mA/117mA g4/117mA/117mA g4/117mA/117mA,,,,,,
135.743,HR,179,12721263,13648422,11345727,12306286,-88,184,-467,g5/117mA/117mA g5/117mA/117mA g4/117mA/117mA g4/117mA/117mA,,,,,,
135.743,HR,180,12731176,13658625,11345625,12309673,-85,181,-467,g5/117mA/117mA g5/117mA/117mA g4/117mA/117mA g4/117mA/117mA,,,,,,
135.802,HR,181,12726568,13666227,11341335,12322011,-95,193,-464,g5/117mA/117mA g5/117mA/117mA g4/117mA/117mA g4/117mA/117mA,,,,,,
135.802,HR,182,12716895,13669367,11335028,12332171,-97,195,-464,g5/117mA/117mA g5/117mA/117mA g4/117mA/117mA g4/117mA/117mA,,,,,,
135.802,HR,183,12725887,13669350,11339592,12338561,-94,191,-465,g5/117mA/117mA g5/117mA/117mA g4/117mA/117mA g4/117mA/117mA,,,,,,
135.802,HR,184,12754952,13667566,11351716,12343679,-87,181,-466,g5/117mA/117mA g5/117mA/117mA g4/117mA/117mA g4/117mA/117mA,,,,,,
135.802,HR,185,12789624,13672378,11359735,12348788,-89,192,-465,g5/117mA/117mA g5/117mA/117mA g4/117mA/117mA g4/117mA/117mA,,,,,,
135.955,HR,186,12821343,13685286,11368462,12364034,-92,198,-465,g5/117mA/117mA g5/117mA/117mA g4/117mA/117mA g4/117mA/117mA,,,,,,
135.955,HR,187,12835000,13694738,11375646,12375663,-96,190,-465,g5/117mA/117mA g5/117mA/117mA g4/117mA/117mA g4/117mA/117mA,,,,,,
135.955,HR,188,12841085,13699345,11381130,12382060,-97,188,-466,g5/117mA/117mA g5/117mA/117mA g4/117mA/117mA g4/117mA/117mA,,,,,,
135.955,HR,189,12859776,13698049,11392530,12388912,-99,188,-466,g5/117mA/117mA g5/117mA/117mA g4/117mA/117mA g4/117mA/117mA,,,,,,
135.955,HR,190,12884584,13696973,11410316,12384202,-105,189,-466,g5/117mA/117mA g5/117mA/117mA g4/117mA/117mA g4/117mA/117mA,,,,,,
135.955,HR,191,12916391,13712252,11429359,12381787,-99,188,-467,g5/117mA/117mA g5/117mA/117mA g4/117mA/117mA g4/117mA/117mA,,,,,,
135.982,HR,192,12940909,13732974,11444153,12386933,-89,201,-462,g5/117mA/117mA g5/117mA/117mA g4/117mA/117mA g4/117mA/117mA,,,,,,
136.017,HRV,164,12721083,13623185,11349542,12272598,-81,192,-466,g5/117mA/117mA g5/117mA/117mA g4/117mA/117mA g4/117mA/117mA,,,,,,
136.018,HRV,165,12727379,13633534,11354949,12281563,-83,196,-466,g5/117mA/117mA g5/117mA/117mA g4/117mA/117mA g4/117mA/117mA,,,,,,
136.018,HRV,166,12739214,13644385,11362338,12293627,-81,196,-466,g5/117mA/117mA g5/117mA/117mA g4/117mA/117mA g4/117mA/117mA,,,,,,
136.018,HRV,167,12752215,13656465,11367627,12302550,-82,195,-466,g5/117mA/117mA g5/117mA/117mA g4/117mA/117mA g4/117mA/117mA,,,,,,
136.018,HRV,168,12763110,13669987,11373659,12311799,-85,195,-467,g5/117mA/117mA g5/117mA/117mA g4/117mA/117mA g4/117mA/117mA,,,,,,
136.018,HRV,169,12773134,13681966,11379880,12322752,-85,195,-467,g5/117mA/117mA g5/117mA/117mA g4/117mA/117mA g4/117mA/117mA,,,,,,
136.044,HRV,170,12817172,13717490,11407979,12336001,-85,194,-466,g5/117mA/117mA g5/117mA/117mA g4/117mA/117mA g4/117mA/117mA,,,,,,
136.044,HRV,171,12777399,13704574,11390584,12332409,-86,193,-466,g5/117mA/117mA g5/117mA/117mA g4/117mA/117mA g4/117mA/117mA,,,,,,
136.044,HRV,172,12731773,13677138,11365205,12313309,-93,193,-466,g5/117mA/117mA g5/117mA/117mA g4/117mA/117mA g4/117mA/117mA,,,,,,
136.044,HRV,173,12712689,13659027,11350753,12300349,-94,192,-466,g5/117mA/117mA g5/117mA/117mA g4/117mA/117mA g4/117mA/117mA,1007,0,0,0,100,1
136.103,HRV,185,12747361,13663839,11358772,12305458,-89,192,-465,g5/117mA/117mA g5/117mA/117mA g4/117mA/117mA g4/117mA/117mA,,,,,,
136.103,HRV,186,12779080,13676747,11367499,12320704,-92,198,-465,g5/117mA/117mA g5/117mA/117mA g4/117mA/117mA g4/117mA/117mA,,,,,,
136.103,HRV,187,12792737,13686199,11374683,12332333,-96,190,-465,g5/117mA/117mA g5/117mA/117mA g4/117mA/117mA g4/117mA/117mA,,,,,,
136.103,HRV,188,12798822,13690806,11380167,12338730,-97,188,-466,g5/117mA/117mA g5/117mA/117mA g4/117mA/117mA g4/117mA/117mA,,,,,,
136.103,HRV,189,12817513,13689510,11391567,12345582,-99,188,-466,g5/117mA/117mA g5/117mA/117mA g4/117mA/117mA g4/117mA/117mA,,,,,,
136.103,HRV,190,12842321,13688434,11409353,12340872,-105,189,-466,g5/117mA/117mA g5/117mA/117mA g4/117mA/117mA g4/117mA/117mA,,,,,,
136.134,HRV,191,12916391,13712252,11429359,12381787,-99,188,-467,g5/117mA/117mA g5/117mA/117mA g4/117mA/117mA g4/117mA/117mA,,,,,,
136.134,HRV,192,12940909,13732974,11444153,12386933,-89,201,-462,g5/117mA/117mA g5/117mA/117mA g4/117mA/117mA g4/117mA/117mA,,,,,,
137.099,HR,193,12959481,13752350,11454185,12398116,-106,192,-466,g5/117mA/117mA g5/117mA/117mA g4/117mA/117mA g4/117mA/117mA,,,,,,
137.099,HR,194,12978002,13768234,11461121,12407979,-94,192,-466,g5/117mA/117mA g5/117mA/117mA g4/117mA/117mA g4/117mA/117mA,,,,,,
137.099,HR,195,12992658,13784009,11465779,12414650,-90,191,-467,g5/117mA/117mA g5/117mA/117mA g4/117mA/117mA g4/117mA/117mA,,,,,,
137.099,HR,196,12947213,13788481,11456659,12406604,-91,190,-468,g5/117mA/117mA g5/117mA/117mA g4/117mA/117mA g4/117mA/117mA,,,,,,
137.099,HR,197,12897051,13775436,11440963,12364716,-90,190,-468,g5/117mA/117mA g5/117mA/117mA g4/117mA/117mA g4/117mA/117mA,,,,,,
137.156,HR,198,12889491,13767534,11431132,12322351,-87,190,-468,g5/117mA/117mA g5/117mA/117mA g4/117mA/117mA g4/117mA/117mA,59,100,0,1,0,0
137.157,HR,199,12895932,13775717,11431851,12314664,-85,189,-468,g5/117mA/117mA g5/117mA/117mA g4/117mA/117mA g4/117mA/117mA,,,,,,
137.157,HR,200,12900836,13780060,11435253,12320081,-85,189,-468,g5/117mA/117mA g5/117mA/117mA g4/117mA/117mA g4/117mA/117mA,,,,,,
137.157,HR,201,12896973,13779462,11436107,12332434,-86,188,-468,g5/117mA/117mA g5/117mA/117mA g4/117mA/117mA g4/117mA/117mA,,,,,,
137.157,HR,202,12891426,13774744,11435134,12340479,-88,188,-469,g5/117mA/117mA g5/117mA/117mA g4/117mA/117mA g4/117mA/117mA,,,,,,
137.157,HR,203,12883698,13768337,11431866,12340368,-89,189,-469,g5/117mA/117mA g5/117mA/117mA g4/117mA/117mA g4/117mA/117mA,,,,,,
137.157,HR,204,12874220,13761317,11428412,12340496,-89,189,-469,g5/117mA/117mA g5/117mA/117mA g4/117mA/117mA g4/117mA/117mA,,,,,,
137.157,HR,205,12867345,13756274,11426628,12338372,-89,188,-468,g5/117mA/117mA g5/117mA/117mA g4/117mA/117mA g4/117mA/117mA,,,,,,
137.157,HR,206,12862021,13751096,11425068,12329218,-89,187,-467,g5/117mA/117mA g5/117mA/117mA g4/117mA/117mA g4/117mA/117mA,,,,,,
137.157,HR,207,12861704,13746523,11425118,12321464,-89,190,-467,g5/117mA/117mA g5/117mA/117mA g4/117mA/117mA g4/117mA/117mA,,,,,,
137.217,HR,208,12867590,13744347,11427140,12316831,-90,189,-468,g5/117mA/117mA g5/117mA/117mA g4/117mA/117mA g4/117mA/117mA,,,,,,
137.217,HR,209,12874793,13743827,11429418,12314007,-89,188,-469,g5/117mA/117mA g5/117mA/117mA g4/117mA/117mA g4/117mA/117mA,,,,,,
137.217,HR,210,12882452,13744203,11432558,12312444,-87,186,-469,g5/117mA/117mA g5/117mA/117mA g4/117mA/117mA g4/117mA/117mA,,,,,,
137.217,HR,211,12890232,13743641,11435696,12311559,-90,186,-469,g5/117mA/117mA g5/117mA/117mA g4/117mA/117mA g4/117mA/117mA,,,,,,
137.217,HR,212,12898457,13745004,11438769,12311047,-91,187,-469,g5/117mA/117mA g5/117mA/117mA g4/117mA/117mA g4/117mA/117mA,,,,,,
137.217,HR,213,12908088,13745252,11442199,12310629,-89,187,-468,g5/117mA/117mA g5/117mA/117mA g4/117mA/117mA g4/117mA/117mA,,,,,,
137.302,HR,214,12919769,13749364,11446652,12315952,-89,187,-468,g5/117mA/117mA g5/117mA/117mA g4/117mA/117mA g4/117mA/117mA,,,,,,
137.302,HR,215,12929144,13754747,11450976,12324082,-89,186,-468,g5/117mA/117mA g5/117mA/117mA g4/117mA/117mA g4/117mA/117mA,,,,,,
137.302,HR,216,12936857,13757706,11455328,12333432,-88,186,-469,g5/117mA/117mA g5/117mA/117mA g4/117mA/117mA g4/117mA/117mA,,,,,,
137.302,HR,217,12947954,13761607,11459509,12342826,-85,186,-469,g5/117mA/117mA g5/117mA/117mA g4/117mA/117mA g4/117mA/117mA,,,,,,
137.302,HR,218,12957040,13767383,11464679,12354846,-85,187,-469,g5/117mA/117mA g5/117mA/117mA g4/117mA/117mA g4/117mA/117mA,,,,,,
137.342,HR,219,12959626,13768848,11468015,12364691,-90,187,-469,g5/117mA/117mA g5/117mA/117mA g4/117mA/117mA g4/117mA/117mA,,,,,,
137.342,HR,220,12921261,13756966,11456225,12358522,-100,185,-469,g5/117mA/117mA g5/117mA/117mA g4/117mA/117mA g4/117mA/117mA,,,,,,
137.342,HR,221,12885584,13736618,11440255,12347816,-101,197,-469,g5/117mA/117mA g5/117mA/117mA g4/117mA/117mA g4/117mA/117mA,,,,,,
137.342,HR,222,12861525,13718337,11428096,12335940,-93,191,-469,g5/117mA/117mA g5/117mA/117mA g4/117mA/117mA g4/117mA/117mA,,,,,,
137.342,HR,223,12844530,13700240,11418524,12308564,-85,181,-469,g5/117mA/117mA g5/117mA/117mA g4/117mA/117mA g4/117mA/117mA,59,100,0,1,0,0
137.342,HR,224,12837654,13687667,11412955,12283456,-89,187,-467,g5/117mA/117mA g5/117mA/117mA g4/117mA/117mA g4/117mA/117mA,,,,,,
137.343,HR,225,12835206,13680807,11410982,12276188,-90,188,-467,g5/117mA/117mA g5/117mA/117mA g4/117mA/117mA g4/117mA/117mA,,,,,,
137.343,HR,226,12836708,13679349,11410839,12277757,-86,207,-459,g5/117mA/117mA g5/117mA/117mA g4/117mA/117mA g4/117mA/117mA,,,,,,
137.519,HRV,193,12959481,13752350,11454185,12398116,-106,192,-466,g5/117mA/117mA g5/117mA/117mA g4/117mA/117mA g4/117mA/117mA,,,,,,
137.519,HRV,194,12978002,13768234,11461121,12407979,-94,192,-466,g5/117mA/117mA g5/117mA/117mA g4/117mA/117mA g4/117mA/117mA,,,,,,
137.519,HRV,195,12992658,13784009,11465779,12414650,-90,191,-467,g5/117mA/117mA g5/117mA/117mA g4/117mA/117mA g4/117mA/117mA,,,,,,
137.519,HRV,196,12947213,13788481,11456659,12406604,-91,190,-468,g5/117mA/117mA g5/117mA/117mA g4/117mA/117mA g4/117mA/117mA,,,,,,
137.519,HRV,197,12897051,13775436,11440963,12364716,-90,190,-468,g5/117mA/117mA g5/117mA/117mA g4/117mA/117mA g4/117mA/117mA,,,,,,
137.519,HRV,198,12889491,13767534,11431132,12322351,-87,190,-468,g5/117mA/117mA g5/117mA/117mA g4/117mA/117mA g4/117mA/117mA,1009,0,0,0,100,1
137.52,HRV,199,12895932,13775717,11431851,12314664,-85,189,-468,g5/117mA/117mA g5/117mA/117mA g4/117mA/117mA g4/117mA/117mA,,,,,,
137.52,HRV,200,12900836,13780060,11435253,12320081,-85,189,-468,g5/117mA/117mA g5/117mA/117mA g4/117mA/117mA g4/117mA/117mA,,,,,,
137.52,HRV,201,12896973,13779462,11436107,12332434,-86,188,-468,g5/117mA/117mA g5/117mA/117mA g4/117mA/117mA g4/117mA/117mA,,,,,,
137.52,HRV,202,12891426,13774744,11435134,12340479,-88,188,-469,g5/117mA/117mA g5/117mA/117mA g4/117mA/117mA g4/117mA/117mA,,,,,,
137.578,HRV,203,12883698,13768337,11431866,12340368,-89,189,-469,g5/117mA/117mA g5/117mA/117mA g4/117mA/117mA g4/117mA/117mA,,,,,,
137.578,HRV,204,12874220,13761317,11428412,12340496,-89,189,-469,g5/117mA/117mA g5/117mA/117mA g4/117mA/117mA g4/117mA/117mA,,,,,,
137.578,HRV,205,12867345,13756274,11426628,12338372,-89,188,-468,g5/117mA/117mA g5/117mA/117mA g4/117mA/117mA g4/117mA/117mA,,,,,,
137.578,HRV,206,12862021,13751096,11425068,12329218,-89,187,-467,g5/117mA/117mA g5/117mA/117mA g4/117mA/117mA g4/117mA/117mA,,,,,,
137.578,HRV,207,12861704,13746523,11425118,12321464,-89,190,-467,g5/117mA/117mA g5/117mA/117mA g4/117mA/117mA g4/117mA/117mA,,,,,,
137.602,HRV,208,12867590,13744347,11427140,12316831,-90,189,-468,g5/117mA/117mA g5/117mA/117mA g4/117mA/117mA g4/117mA/117mA,,,,,,
137.602,HRV,209,12874793,13743827,11429418,12314007,-89,188,-469,g5/117mA/117mA g5/117mA/117mA g4/117mA/117mA g4/117mA/117mA,,,,,,
137.602,HRV,210,12882452,13744203,11432558,12312444,-87,186,-469,g5/117mA/117mA g5/117mA/117mA g4/117mA/117mA g4/117mA/117mA,,,,,,
137.602,HRV,211,12890232,13743641,11435696,12311559,-90,186,-469,g5/117mA/117mA g5/117mA/117mA g4/117mA/117mA g4/117mA/117mA,,,,,,
137.602,HRV,212,12898457,13745004,11438769,12311047,-91,187,-469,g5/117mA/117mA g5/117mA/117mA g4/117mA/117mA g4/117mA/117mA,,,,,,
137.602,HRV,213,12908088,13745252,11442199,12310629,-89,187,-468,g5/117mA/117mA g5/117mA/117mA g4/117mA/117mA g4/117mA/117mA,,,,,,
137.701,HRV,214,12919769,13749364,11446652,12315952,-89,187,-468,g5/117mA/117mA g5/117mA/117mA g4/117mA/117mA g4/117mA/117mA,,,,,,
137.701,HRV,215,12929144,13754747,11450976,12324082,-89,186,-468,g5/117mA/117mA g5/117mA/117mA g4/117mA/117mA g4/117mA/117mA,,,,,,
137.701,HRV,216,12936857,13757706,11455328,12333432,-88,186,-469,g5/117mA/117mA g5/117mA/117mA g4/117mA/117mA g4/117mA/117mA,,,,,,
137.701,HRV,217,12947954,13761607,11459509,12342826,-85,186,-469,g5/117mA/117mA g5/117mA/117mA g4/117mA/117mA g4/117mA/117mA,,,,,,
137.701,HRV,218,12957040,13767383,11464679,12354846,-85,187,-469,g5/117mA/117mA g5/117mA/117mA g4/117mA/117mA g4/117mA/117mA,,,,,,
137.783,HRV,219,12959626,13768848,11468015,12364691,-90,187,-469,g5/117mA/117mA g5/117mA/117mA g4/117mA/117mA g4/117mA/117mA,,,,,,
137.783,HRV,220,12921261,13756966,11456225,12358522,-100,185,-469,g5/117mA/117mA g5/117mA/117mA g4/117mA/117mA g4/117mA/117mA,,,,,,
137.783,HRV,221,12885584,13736618,11440255,12347816,-101,197,-469,g5/117mA/117mA g5/117mA/117mA g4/117mA/117mA g4/117mA/117mA,,,,,,
137.783,HRV,222,12861525,13718337,11428096,12335940,-93,191,-469,g5/117mA/117mA g5/117mA/117mA g4/117mA/117mA g4/117mA/117mA,,,,,,
137.783,HRV,223,12844530,13700240,11418524,12308564,-85,181,-469,g5/117mA/117mA g5/117mA/117mA g4/117mA/117mA g4/117mA/117mA,1001,0,0,0,100,1
137.817,HRV,224,12837654,13687667,11412955,12283456,-89,187,-467,g5/117mA/117mA g5/117mA/117mA g4/117mA/117mA g4/117mA/117mA,,,,,,
137.817,HRV,225,12835206,13680807,11410982,12276188,-90,188,-467,g5/117mA/117mA g5/117mA/117mA g4/117mA/117mA g4/117mA/117mA,,,,,,
137.817,HRV,226,12836708,13679349,11410839,12277757,-86,207,-459,g5/117mA/117mA g5/117mA/117mA g4/117mA/117mA g4/117mA/117mA,,,,,,
138.376,HR,227,12833670,13675151,11410369,12282851,-102,188,-467,g5/117mA/117mA g5/117mA/117mA g4/117mA/117mA g4/117mA/117mA,,,,,,
138.376,HR,228,12833030,13671243,11409499,12279992,-99,188,-467,g5/117mA/117mA g5/117mA/117mA g4/117mA/117mA g4/117mA/117mA,,,,,,
138.376,HR,229,12836931,13671738,11410761,12278953,-96,188,-467,g5/117mA/117mA g5/117mA/117mA g4/117mA/117mA g4/117mA/117mA,,,,,,
138.376,HR,230,12843456,13669750,11414157,12287023,-96,188,-467,g5/117mA/117mA g5/117mA/117mA g4/117mA/117mA g4/117mA/117mA,,,,,,
138.376,HR,231,12867692,13677120,11423677,12303828,-98,188,-467,g5/117mA/117mA g5/117mA/117mA g4/117mA/117mA g4/117mA/117mA,,,,,,
138.415,HR,232,12897315,13684952,11437224,12319160,-98,187,-468,g5/117mA/117mA g5/117mA/117mA g4/117mA/117mA g4/117mA/117mA,,,,,,
138.415,HR,233,12950472,13709744,11453348,12322795,-97,186,-468,g5/117mA/117mA g5/117mA/117mA g4/117mA/117mA g4/117mA/117mA,,,,,,
138.415,HR,234,13004900,13738888,11465726,12334038,-96,186,-468,g5/117mA/117mA g5/117mA/117mA g4/117mA/117mA g4/117mA/117mA,,,,,,
138.415,HR,235,13041893,13760089,11474412,12342347,-99,187,-467,g5/117mA/117mA g5/117mA/117mA g4/117mA/117mA g4/117mA/117mA,,,,,,
138.415,HR,236,13062769,13778130,11482678,12350597,-101,187,-467,g5/117mA/117mA g5/117mA/117mA g4/117mA/117mA g4/117mA/117mA,,,,,,
138.415,HR,237,13074253,13792796,11488420,12356286,-107,188,-467,g5/117mA/117mA g5/117mA/117mA g4/117mA/117mA g4/117mA/117mA,,,,,,
138.476,HR,238,13071583,13799722,11493813,12361850,-113,188,-467,g5/117mA/117mA g5/117mA/117mA g4/117mA/117mA g4/117mA/117mA,,,,,,
138.476,HR,239,13059782,13801209,11497823,12371091,-108,188,-468,g5/117mA/117mA g5/117mA/117mA g4/117mA/117mA g4/117mA/117mA,,,,,,
138.476,HR,240,13051491,13797259,11500108,12376984,-98,188,-468,g5/117mA/117mA g5/117mA/117mA g4/117mA/117mA g4/117mA/117mA,,,,,,
138.476,HR,241,13061488,13799664,11507583,12384748,-92,188,-468,g5/117mA/117mA g5/117mA/117mA g4/117mA/117mA g4/117mA/117mA,,,,,,
138.476,HR,242,13080489,13810133,11517878,12385438,-93,188,-467,g5/117mA/117mA g5/117mA/117mA g4/117mA/117mA g4/117mA/117mA,,,,,,
138.479,HR,243,13102713,13825463,11527426,12386172,-93,188,-466,g5/117mA/117mA g5/117mA/117mA g4/117mA/117mA g4/117mA/117mA,,,,,,
138.479,HR,244,13121310,13839677,11536145,12394313,-90,190,-466,g5/117mA/117mA g5/117mA/117mA g4/117mA/117mA g4/117mA/117mA,,,,,,
138.479,HR,245,13120312,13848676,11534789,12403943,-86,191,-466,g5/117mA/117mA g5/117mA/117mA g4/117mA/117mA g4/117mA/117mA,,,,,,
138.479,HR,246,13049042,13846056,11515924,12396520,-85,190,-466,g5/117mA/117mA g5/117mA/117mA g4/117mA/117mA g4/117mA/117mA,,,,,,
138.479,HR,247,13015651,13833158,11501890,12385294,-84,189,-467,g5/117mA/117mA g5/117mA/117mA g4/117mA/117mA g4/117mA/117mA,,,,,,
138.536,HR,248,13004022,13826743,11497465,12382402,-88,189,-468,g5/117mA/117mA g5/117mA/117mA g4/117mA/117mA g4/117mA/117mA,59,100,0,1,0,0
138.536,HR,249,13003434,13827425,11497848,12382975,-95,190,-468,g5/117mA/117mA g5/117mA/117mA g4/117mA/117mA g4/117mA/117mA,,,,,,
138.536,HR,250,12998273,13825889,11496482,12384159,-97,190,-468,g5/117mA/117mA g5/117mA/117mA g4/117mA/117mA g4/117mA/117mA,,,,,,
138.536,HR,251,12989400,13812795,11491263,12377003,-91,189,-468,g5/117mA/117mA g5/117mA/117mA g4/117mA/117mA g4/117mA/117mA,,,,,,
138.536,HR,252,12998255,13810250,11489162,12364025,-85,189,-468,g5/117mA/117mA g5/117mA/117mA g4/117mA/117mA g4/117mA/117mA,,,,,,
138.6,HR,253,13009302,13814824,11490006,12361425,-87,189,-468,g5/117mA/117mA g5/117mA/117mA g4/117mA/117mA g4/117mA/117mA,,,,,,
138.6,HR,254,13012887,13814432,11492789,12363095,-89,189,-468,g5/117mA/117mA g5/117mA/117mA g4/117mA/117mA g4/117mA/117mA,,,,,,
138.6,HR,255,13010617,13808374,11493379,12364196,-91,190,-468,g5/117mA/117mA g5/117mA/117mA g4/117mA/117mA g4/117mA/117mA,,,,,,
138.6,HR,0,13011309,13804570,11493702,12361730,-92,191,-468,g5/117mA/117mA g5/117mA/117mA g4/117mA/117mA g4/117mA/117mA,,,,,,
138.6,HR,1,13020429,13805542,11496550,12362167,-91,191,-468,g5/117mA/117mA g5/117mA/117mA g4/117mA/117mA g4/117mA/117mA,,,,,,
138.6,HR,2,13035129,13811820,11501287,12364862,-88,190,-468,g5/117mA/117mA g5/117mA/117mA g4/117mA/117mA g4/117mA/117mA,,,,,,
138.602,HR,3,13048292,13820541,11507761,12377385,-87,189,-468,g5/117mA/117mA g5/117mA/117mA g4/117mA/117mA g4/117mA/117mA,,,,,,
138.602,HR,4,13056848,13825983,11513306,12391513,-88,188,-468,g5/117mA/117mA g5/117mA/117mA g4/117mA/117mA g4/117mA/117mA,,,,,,
138.656,HRV,227,12833670,13675151,11410369,12282851,-102,188,-467,g5/117mA/117mA g5/117mA/117mA g4/117mA/117mA g4/117mA/117mA,,,,,,
138.656,HRV,228,12833030,13671243,11409499,12279992,-99,188,-467,g5/117mA/117mA g5/117mA/117mA g4/117mA/117mA g4/117mA/117mA,,,,,,
138.656,HRV,229,12836931,13671738,11410761,12278953,-96,188,-467,g5/117mA/117mA g5/117mA/117mA g4/117mA/117mA g4/117mA/117mA,,,,,,
138.656,HRV,230,12843456,13669750,11414157,12287023,-96,188,-467,g5/117mA/117mA g5/117mA/117mA g4/117mA/117mA g4/117mA/117mA,,,,,,
138.656,HRV,231,12867692,13677120,11423677,12303828,-98,188,-467,g5/117mA/117mA g5/117mA/117mA g4/117mA/117mA g4/117mA/117mA,,,,,,
138.777,HRV,232,12897315,13684952,11437224,12319160,-98,187,-468,g5/117mA/117mA g5/117mA/117mA g4/117mA/117mA g4/117mA/117mA,,,,,,
138.777,HRV,233,12950472,13709744,11453348,12322795,-97,186,-468,g5/117mA/117mA g5/117mA/117mA g4/117mA/117mA g4/117mA/117mA,,,,,,
138.777,HRV,234,13004900,13738888,11465726,12334038,-96,186,-468,g5/117mA/117mA g5/117mA/117mA g4/117mA/117mA g4/117mA/117mA,,,,,,
138.777,HRV,235,13041893,13760089,11474412,12342347,-99,187,-467,g5/117mA/117mA g5/117mA/117mA g4/117mA/117mA g4/117mA/117mA,,,,,,
138.777,HRV,236,13062769,13778130,11482678,12350597,-101,187,-467,g5/117mA/117mA g5/117mA/117mA g4/117mA/117mA g4/117mA/117mA,,,,,,
138.777,HRV,237,13074253,13792796,11488420,12356286,-107,188,-467,g5/117mA/117mA g5/117mA/117mA g4/117mA/117mA g4/117mA/117mA,,,,,,
138.78,HRV,238,13071583,13799722,11493813,12361850,-113,188,-467,g5/117mA/117mA g5/117mA/117mA g4/117mA/117mA g4/117mA/117mA,,,,,,
138.78,HRV,239,13059782,13801209,11497823,12371091,-108,188,-468,g5/117mA/117mA g5/117mA/117mA g4/117mA/117mA g4/117mA/117mA,,,,,,
138.78,HRV,240,13051491,13797259,11500108,12376984,-98,188,-468,g5/117mA/117mA g5/117mA/117mA g4/117mA/117mA g4/117mA/117mA,,,,,,
138.78,HRV,241,13061488,13799664,11507583,12384748,-92,188,-468,g5/117mA/117mA g5/117mA/117mA g4/117mA/117mA g4/117mA/117mA,,,,,,
138.78,HRV,242,13080489,13810133,11517878,12385438,-93,188,-467,g5/117mA/117mA g5/117mA/117mA g4/117mA/117mA g4/117mA/117mA,,,,,,
138.896,HRV,243,13102713,13825463,11527426,12386172,-93,188,-466,g5/117mA/117mA g5/117mA/117mA g4/117mA/117mA g4/117mA/117mA,,,,,,
138.896,HRV,244,13121310,13839677,11536145,12394313,-90,190,-466,g5/117mA/117mA g5/117mA/117mA g4/117mA/117mA g4/117mA/117mA,,,,,,
138.896,HRV,245,13120312,13848676,11534789,12403943,-86,191,-466,g5/117mA/117mA g5/117mA/117mA g4/117mA/117mA g4/117mA/117mA,,,,,,
138.896,HRV,246,13049042,13846056,11515924,12396520,-85,190,-466,g5/117mA/117mA g5/117mA/117mA g4/117mA/117mA g4/117mA/117mA,,,,,,
138.896,HRV,247,13015651,13833158,11501890,12385294,-84,189,-467,g5/117mA/117mA g5/117mA/117mA g4/117mA/117mA g4/117mA/117mA,,,,,,
138.897,HRV,248,13004022,13826743,11497465,12382402,-88,189,-468,g5/117mA/117mA g5/117mA/117mA g4/117mA/117mA g4/117mA/117mA,1000,0,0,0,100,1
138.897,HRV,249,13003434,13827425,11497848,12382975,-95,190,-468,g5/117mA/117mA g5/117mA/117mA g4/117mA/117mA g4/117mA/117mA,,,,,,
138.897,HRV,250,12998273,13825889,11496482,12384159,-97,190,-468,g5/117mA/117mA g5/117mA/117mA g4/117mA/117mA g4/117mA/117mA,,,,,,
138.897,HRV,251,12989400,13812795,11491263,12377003,-91,189,-468,g5/117mA/117mA g5/117mA/117mA g4/117mA/117mA g4/117mA/117mA,,,,,,
138.959,HRV,252,12998255,13810250,11489162,12364025,-85,189,-468,g5/117mA/117mA g5/117mA/117mA g4/117mA/117mA g4/117mA/117mA,,,,,,
138.959,HRV,253,13009302,13814824,11490006,12361425,-87,189,-468,g5/117mA/117mA g5/117mA/117mA g4/117mA/117mA g4/117mA/117mA,,,,,,
138.959,HRV,254,13012887,13814432,11492789,12363095,-89,189,-468,g5/117mA/117mA g5/117mA/117mA g4/117mA/117mA g4/117mA/117mA,,,,,,
138.959,HRV,255,13010617,13808374,11493379,12364196,-91,190,-468,g5/117mA/117mA g5/117mA/117mA g4/117mA/117mA g4/117mA/117mA,,,,,,
138.959,HRV,0,13011309,13804570,11493702,12361730,-92,191,-468,g5/117mA/117mA g5/117mA/117mA g4/117mA/117mA g4/117mA/117mA,,,,,,
138.959,HRV,1,13020429,13805542,11496550,12362167,-91,191,-468,g5/117mA/117mA g5/117mA/117mA g4/117mA/117mA g4/117mA/117mA,,,,,,
138.96,HRV,2,13035129,13811820,11501287,12364862,-88,190,-468,g5/117mA/117mA g5/117mA/117mA g4/117mA/117mA g4/117mA/117mA,,,,,,
138.96,HRV,3,13048292,13820541,11507761,12377385,-87,189,-468,g5/117mA/117mA g5/117mA/117mA g4/117mA/117mA g4/117mA/117mA,,,,,,
138.96,HRV,4,13056848,13825983,11513306,12391513,-88,188,-468,g5/117mA/117mA g5/117mA/117mA g4/117mA/117mA g4/117mA/117mA,,,,,,
139.556,HR,5,13065046,13834130,11518895,12405829,-94,192,-468,g5/117mA/117mA g5/117mA/117mA g4/117mA/117mA g4/117mA/117mA,,,,,,
139.556,HR,6,13071522,13840784,11523161,12422355,-91,191,-468,g5/117mA/117mA g5/117mA/117mA g4/117mA/117mA g4/117mA/117mA,,,,,,
139.556,HR,7,13075745,13847925,11526471,12436439,-89,191,-468,g5/117mA/117mA g5/117mA/117mA g4/117mA/117mA g4/117mA/117mA,,,,,,
139.556,HR,8,13076547,13854487,11528877,12448349,-89,191,-467,g5/117mA/117mA g5/117mA/117mA g4/117mA/117mA g4/117mA/117mA,,,,,,
139.556,HR,9,13065525,13846919,11526019,12450856,-89,191,-466,g5/117mA/117mA g5/117mA/117mA g4/117mA/117mA g4/117mA/117mA,,,,,,
139.617,HR,10,13071368,13843183,11526427,12435552,-88,192,-467,g5/117mA/117mA g5/117mA/117mA g4/117mA/117mA g4/117mA/117mA,,,,,,
139.617,HR,11,13087835,13846782,11531700,12436242,-88,193,-468,g5/117mA/117mA g5/117mA/117mA g4/117mA/117mA g4/117mA/117mA,,,,,,
139.617,HR,12,13103993,13852232,11537937,12446881,-97,194,-466,g5/117mA/117mA g5/117mA/117mA g4/117mA/117mA g4/117mA/117mA,,,,,,
139.617,HR,13,13116235,13856457,11543574,12458440,-96,194,-466,g5/117mA/117mA g5/117mA/117mA g4/117mA/117mA g4/117mA/117mA,,,,,,
139.617,HR,14,13087417,13856370,11538303,12460828,-90,192,-466,g5/117mA/117mA g5/117mA/117mA g4/117mA/117mA g4/117mA/117mA,,,,,,
139.617,HR,15,13035468,13838789,11521249,12451018,-98,188,-468,g5/117mA/117mA g5/117mA/117mA g4/117mA/117mA g4/117mA/117mA,,,,,,
139.644,HR,16,13004459,13824634,11509262,12443016,-90,189,-468,g5/117mA/117mA g5/117mA/117mA g4/117mA/117mA g4/117mA/117mA,,,,,,
139.645,HR,17,12985954,13819908,11504058,12446590,-78,192,-466,g5/117mA/117mA g5/117mA/117mA g4/117mA/117mA g4/117mA/117mA,59,100,0,1,0,0
139.645,HR,18,12974847,13818442,11500936,12450525,-80,192,-465,g5/117mA/117mA g5/117mA/117mA g4/117mA/117mA g4/117mA/117mA,,,,,,
139.645,HR,19,12963124,13808315,11494419,12448589,-82,189,-465,g5/117mA/117mA g5/117mA/117mA g4/117mA/117mA g4/117mA/117mA,,,,,,
139.645,HR,20,12961137,13801833,11493805,12447027,-86,187,-466,g5/117mA/117mA g5/117mA/117mA g4/117mA/117mA g4/117mA/117mA,,,,,,
139.676,HR,21,12960803,13799519,11493753,12450226,-98,195,-466,g5/117mA/117mA g5/117mA/117mA g4/117mA/117mA g4/117mA/117mA,,,,,,
139.676,HR,22,12956777,13798871,11494171,12467195,-100,194,-466,g5/117mA/117mA g5/117mA/117mA g4/117mA/117mA g4/117mA/117mA,,,,,,
139.676,HR,23,12956358,13801326,11492687,12483079,-97,192,-466,g5/117mA/117mA g5/117mA/117mA g4/117mA/117mA g4/117mA/117mA,,,,,,
139.676,HR,24,12960233,13809381,11487475,12484528,-93,189,-465,g5/117mA/117mA g5/117mA/117mA g4/117mA/117mA g4/117mA/117mA,,,,,,
139.676,HR,25,12963627,13820823,11479052,12478088,-88,193,-464,g5/117mA/117mA g5/117mA/117mA g4/117mA/117mA g4/117mA/117mA,,,,,,
139.676,HR,26,12961231,13828824,11473577,12477602,-86,196,-464,g5/117mA/117mA g5/117mA/117mA g4/117mA/117mA g4/117mA/117mA,,,,,,
139.856,HR,27,12962417,13837517,11470574,12480443,-89,196,-466,g5/117mA/117mA g5/117mA/117mA g4/117mA/117mA g4/117mA/117mA,,,,,,
139.856,HR,28,12967160,13844104,11469405,12481150,-95,195,-467,g5/117mA/117mA g5/117mA/117mA g4/117mA/117mA g4/117mA/117mA,,,,,,
139.856,HR,29,12972715,13851781,11468618,12483497,-98,195,-466,g5/117mA/117mA g5/117mA/117mA g4/117mA/117mA g4/117mA/117mA,,,,,,
139.856,HR,30,12974711,13860380,11466888,12490654,-92,195,-466,g5/117mA/117mA g5/117mA/117mA g4/117mA/117mA g4/117mA/117mA,,,,,,
139.856,HR,31,12969794,13865670,11461505,12516622,-89,192,-466,g5/117mA/117mA g5/117mA/117mA g4/117mA/117mA g4/117mA/117mA,,,,,,
139.917,HR,32,12959687,13855851,11463075,12528584,-87,192,-466,g5/117mA/117mA g5/117mA/117mA g4/117mA/117mA g4/117mA/117mA,,,,,,
139.917,HR,33,12961735,13850074,11469548,12530649,-89,194,-466,g5/117mA/117mA g5/117mA/117mA g4/117mA/117mA g4/117mA/117mA,,,,,,
139.917,HR,34,12971919,13848326,11477500,12527382,-98,190,-465,g5/117mA/117mA g5/117mA/117mA g4/117mA/117mA g4/117mA/117mA,,,,,,
139.917,HR,35,12988027,13851074,11490341,12520190,-106,193,-465,g5/117mA/117mA g5/117mA/117mA g4/117mA/117mA g4/117mA/117mA,,,,,,
139.917,HR,36,13004474,13858053,11500485,12525496,-112,208,-465,g5/117mA/117mA g5/117mA/117mA g4/117mA/117mA g4/117mA/117mA,,,,,,
139.918,HR,37,12995746,13861423,11494581,12533491,-84,190,-468,g5/117mA/117mA g5/117mA/117mA g4/117mA/117mA g4/117mA/117mA,,,,,,
139.918,HR,38,12947965,13843789,11472511,12513876,-75,183,-469,g5/117mA/117mA g5/117mA/117mA g4/117mA/117mA g4/117mA/117mA,,,,,,
139.972,HRV,5,13065046,13834130,11518895,12405829,-94,192,-468,g5/117mA/117mA g5/117mA/117mA g4/117mA/117mA g4/117mA/117mA,,,,,,
139.972,HRV,6,13071522,13840784,11523161,12422355,-91,191,-468,g5/117mA/117mA g5/117mA/117mA g4/117mA/117mA g4/117mA/117mA,,,,,,
139.972,HRV,7,13075745,13847925,11526471,12436439,-89,191,-468,g5/117mA/117mA g5/117mA/117mA g4/117mA/117mA g4/117mA/117mA,,,,,,
139.972,HRV,8,13076547,13854487,11528877,12448349,-89,191,-467,g5/117mA/117mA g5/117mA/117mA g4/117mA/117mA g4/117mA/117mA,,,,,,
139.972,HRV,9,13065525,13846919,11526019,12450856,-89,191,-466,g5/117mA/117mA g5/117mA/117mA g4/117mA/117mA g4/117mA/117mA,,,,,,
140.038,HRV,16,13004459,13824634,11509262,12443016,-90,189,-468,g5/117mA/117mA g5/117mA/117mA g4/117mA/117mA g4/117mA/117mA,,,,,,
140.038,HRV,17,12985954,13819908,11504058,12446590,-78,192,-466,g5/117mA/117mA g5/117mA/117mA g4/117mA/117mA g4/117mA/117mA,1027,0,0,0,100,1
140.038,HRV,18,12974847,13818442,11500936,12450525,-80,192,-465,g5/117mA/117mA g5/117mA/117mA g4/117mA/117mA g4/117mA/117mA,,,,,,
140.038,HRV,19,12963124,13808315,11494419,12448589,-82,189,-465,g5/117mA/117mA g5/117mA/117mA g4/117mA/117mA g4/117mA/117mA,,,,,,
140.039,HRV,20,12961137,13801833,11493805,12447027,-86,187,-466,g5/117mA/117mA g5/117mA/117mA g4/117mA/117mA g4/117mA/117mA,,,,,,
140.039,HRV,21,12960803,13799519,11493753,12450226,-98,195,-466,g5/117mA/117mA g5/117mA/117mA g4/117mA/117mA g4/117mA/117mA,,,,,,
140.039,HRV,22,12956777,13798871,11494171,12467195,-100,194,-466,g5/117mA/117mA g5/117mA/117mA g4/117mA/117mA g4/117mA/117mA,,,,,,
140.039,HRV,23,12956358,13801326,11492687,12483079,-97,192,-466,g5/117mA/117mA g5/117mA/117mA g4/117mA/117mA g4/117mA/117mA,,,,,,
140.039,HRV,24,12960233,13809381,11487475,12484528,-93,189,-465,g5/117mA/117mA g5/117mA/117mA g4/117mA/117mA g4/117mA/117mA,,,,,,
140.039,HRV,25,12963627,13820823,11479052,12478088,-88,193,-464,g5/117mA/117mA g5/117mA/117mA g4/117mA/117mA g4/117mA/117mA,,,,,,
140.068,HRV,26,12961231,13828824,11473577,12477602,-86,196,-464,g5/117mA/117mA g5/117mA/117mA g4/117mA/117mA g4/117mA/117mA,,,,,,
140.068,HRV,27,12962417,13837517,11470574,12480443,-89,196,-466,g5/117mA/117mA g5/117mA/117mA g4/117mA/117mA g4/117mA/117mA,,,,,,
140.068,HRV,28,12967160,13844104,11469405,12481150,-95,195,-467,g5/117mA/117mA g5/117mA/117mA g4/117mA/117mA g4/117mA/117mA,,,,,,
140.068,HRV,29,12972715,13851781,11468618,12483497,-98,195,-466,g5/117mA/117mA g5/117mA/117mA g4/117mA/117mA g4/117mA/117mA,,,,,,
140.068,HRV,30,12974711,13860380,11466888,12490654,-92,195,-466,g5/117mA/117mA g5/117mA/117mA g4/117mA/117mA g4/117mA/117mA,,,,,,
140.123,HRV,31,12969794,13865670,11461505,12516622,-89,192,-466,g5/117mA/117mA g5/117mA/117mA g4/117mA/117mA g4/117mA/117mA,,,,,,
140.123,HRV,32,12959687,13855851,11463075,12528584,-87,192,-466,g5/117mA/117mA g5/117mA/117mA g4/117mA/117mA g4/117mA/117mA,,,,,,
140.123,HRV,33,12961735,13850074,11469548,12530649,-89,194,-466,g5/117mA/117mA g5/117mA/117mA g4/117mA/117mA g4/117mA/117mA,,,,,,
140.123,HRV,34,12971919,13848326,11477500,12527382,-98,190,-465,g5/117mA/117mA g5/117mA/117mA g4/117mA/117mA g4/117mA/117mA,,,,,,
140.123,HRV,35,12988027,13851074,11490341,12520190,-106,193,-465,g5/117mA/117mA g5/117mA/117mA g4/117mA/117mA g4/117mA/117mA,,,,,,
140.123,HRV,36,13004474,13858053,11500485,12525496,-112,208,-465,g5/117mA/117mA g5/117mA/117mA g4/117mA/117mA g4/117mA/117mA,,,,,,
140.154,HRV,37,12995746,13861423,11494581,12533491,-84,190,-468,g5/117mA/117mA g5/117mA/117mA g4/117mA/117mA g4/117mA/117mA,,,,,,
140.154,HRV,38,12947965,13843789,11472511,12513876,-75,183,-469,g5/117mA/117mA g5/117mA/117mA g4/117mA/117mA g4/117mA/117mA,,,,,,
141.235,HR,39,12906492,13822162,11448555,12481023,-101,186,-468,g5/117mA/117mA g5/117mA/117mA g4/117mA/117mA g4/117mA/117mA,,,,,,
141.236,HR,40,12877914,13804237,11432378,12454652,-96,190,-469,g5/117mA/117mA g5/117mA/117mA g4/117mA/117mA g4/117mA/117mA,,,,,,
141.236,HR,41,12859385,13794555,11421477,12436378,-100,191,-468,g5/117mA/117mA g5/117mA/117mA g4/117mA/117mA g4/117mA/117mA,,,,,,
141.236,HR,42,12844752,13785860,11412390,12420298,-108,189,-467,g5/117mA/117mA g5/117mA/117mA g4/117mA/117mA g4/117mA/117mA,59,100,0,1,0,0
141.305,HR,43,12829728,13779037,11403320,12406751,-71,185,-470,g5/117mA/117mA g5/117mA/117mA g4/117mA/117mA g4/117mA/117mA,,,,,,
141.305,HR,44,12815926,13774471,11395115,12417679,-66,186,-469,g5/117mA/117mA g5/117mA/117mA g4/117mA/117mA g4/117mA/117mA,,,,,,
141.305,HR,45,12790596,13755404,11387854,12428335,-85,190,-466,g5/117mA/117mA g5/117mA/117mA g4/117mA/117mA g4/117mA/117mA,,,,,,
141.305,HR,46,12773337,13736807,11384673,12418251,-95,191,-466,g5/117mA/117mA g5/117mA/117mA g4/117mA/117mA g4/117mA/117mA,,,,,,
141.305,HR,47,12766786,13725554,11385201,12403841,-96,191,-467,g5/117mA/117mA g5/117mA/117mA g4/117mA/117mA g4/117mA/117mA,,,,,,
141.305,HR,48,12768389,13717720,11389407,12387264,-93,190,-468,g5/117mA/117mA g5/117mA/117mA g4/117mA/117mA g4/117mA/117mA,,,,,,
141.323,HR,49,12774514,13715972,11396078,12377873,-93,190,-467,g5/117mA/117mA g5/117mA/117mA g4/117mA/117mA g4/117mA/117mA,,,,,,
141.324,HR,50,12778132,13713336,11399788,12375850,-91,192,-467,g5/117mA/117mA g5/117mA/117mA g4/117mA/117mA g4/117mA/117mA,,,,,,
141.324,HR,51,12785400,13716895,11402119,12381447,-88,193,-467,g5/117mA/117mA g5/117mA/117mA g4/117mA/117mA g4/117mA/117mA,,,,,,
141.324,HR,52,12791646,13723625,11402281,12387768,-85,192,-468,g5/117mA/117mA g5/117mA/117mA g4/117mA/117mA g4/117mA/117mA,,,,,,
141.324,HR,53,12795033,13732890,11401113,12388545,-88,194,-467,g5/117mA/117mA g5/117mA/117mA g4/117mA/117mA g4/117mA/117mA,,,,,,
141.324,HR,54,12798975,13745679,11402476,12388127,-91,196,-466,g5/117mA/117mA g5/117mA/117mA g4/117mA/117mA g4/117mA/117mA,,,,,,
141.358,HR,55,12800843,13755575,11403271,12389568,-89,192,-468,g5/117mA/117mA g5/117mA/117mA g4/117mA/117mA g4/117mA/117mA,,,,,,
141.358,HR,56,12800826,13756539,11403782,12391402,-89,192,-468,g5/117mA/117mA g5/117mA/117mA g4/117mA/117mA g4/117mA/117mA,,,,,,
141.358,HR,57,12796211,13752845,11404261,12409368,-95,193,-467,g5/117mA/117mA g5/117mA/117mA g4/117mA/117mA g4/117mA/117mA,,,,,,
141.358,HR,58,12791646,13746259,11409950,12418977,-116,191,-467,g5/117mA/117mA g5/117mA/117mA g4/117mA/117mA g4/117mA/117mA,,,,,,
141.358,HR,59,12798419,13748212,11415565,12416816,-98,189,-469,g5/117mA/117mA g5/117mA/117mA g4/117mA/117mA g4/117mA/117mA,,,,,,
141.358,HR,60,12814092,13752709,11424147,12416766,-76,189,-470,g5/117mA/117mA g5/117mA/117mA g4/117mA/117mA g4/117mA/117mA,,,,,,
141.383,HR,61,12803863,13749994,11423608,12404763,-70,189,-465,g5/117mA/117mA g5/117mA/117mA g4/117mA/117mA g4/117mA/117mA,,,,,,
141.383,HR,62,12763186,13726117,11405258,12378965,-80,192,-465,g5/117mA/117mA g5/117mA/117mA g4/117mA/117mA g4/117mA/117mA,,,,,,
141.383,HR,63,12732389,13698782,11386601,12361116,-85,193,-466,g5/117mA/117mA g5/117mA/117mA g4/117mA/117mA g4/117mA/117mA,,,,,,
141.383,HR,64,12711121,13678095,11374528,12342357,-73,192,-466,g5/117mA/117mA g5/117mA/117mA g4/117mA/117mA g4/117mA/117mA,,,,,,
141.383,HR,65,12699287,13670971,11366646,12327171,-84,192,-467,g5/117mA/117mA g5/117mA/117mA g4/117mA/117mA g4/117mA/117mA,,,,,,
141.42,HR,66,12684852,13664471,11358481,12312787,-93,192,-467,g5/117mA/117mA g5/117mA/117mA g4/117mA/117mA g4/117mA/117mA,,,,,,
141.421,HR,67,12674016,13658106,11352613,12301380,-92,192,-466,g5/117mA/117mA g5/117mA/117mA g4/117mA/117mA g4/117mA/117mA,59,100,0,1,0,0
141.421,HR,68,12665826,13652313,11347066,12296116,-89,193,-467,g5/117mA/117mA g5/117mA/117mA g4/117mA/117mA g4/117mA/117mA,,,,,,
141.421,HR,69,12645549,13640060,11339337,12307805,-89,192,-467,g5/117mA/117mA g5/117mA/117mA g4/117mA/117mA g4/117mA/117mA,,,,,,
141.421,HR,70,12627121,13627205,11332410,12301534,-93,192,-466,g5/117mA/117mA g5/117mA/117mA g4/117mA/117mA g4/117mA/117mA,,,,,,
141.421,HR,71,12614886,13616917,11325781,12295715,-91,192,-467,g5/117mA/117mA g5/117mA/117mA g4/117mA/117mA g4/117mA/117mA,,,,,,
141.421,HR,72,12605552,13609256,11320064,12290154,-90,191,-468,g5/117mA/117mA g5/117mA/117mA g4/117mA/117mA g4/117mA/117mA,,,,,,
141.484,HRV,39,12906492,13822162,11448555,12481023,-101,186,-468,g5/117mA/117mA g5/117mA/117mA g4/117mA/117mA g4/117mA/117mA,,,,,,
141.484,HRV,40,12877914,13804237,11432378,12454652,-96,190,-469,g5/117mA/117mA g5/117mA/117mA g4/117mA/117mA g4/117mA/117mA,,,,,,
141.484,HRV,41,12859385,13794555,11421477,12436378,-100,191,-468,g5/117mA/117mA g5/117mA/117mA g4/117mA/117mA g4/117mA/117mA,,,,,,
141.484,HRV,42,12844752,13785860,11412390,12420298,-108,189,-467,g5/117mA/117mA g5/117mA/117mA g4/117mA/117mA g4/117mA/117mA,1000,0,0,0,100,1
141.486,HRV,43,12829728,13779037,11403320,12406751,-71,185,-470,g5/117mA/117mA g5/117mA/117mA g4/117mA/117mA g4/117mA/117mA,,,,,,
141.486,HRV,44,12815926,13774471,11395115,12417679,-66,186,-469,g5/117mA/117mA g5/117mA/117mA g4/117mA/117mA g4/117mA/117mA,,,,,,
141.486,HRV,45,12790596,13755404,11387854,12428335,-85,190,-466,g5/117mA/117mA g5/117mA/117mA g4/117mA/117mA g4/117mA/117mA,,,,,,
141.486,HRV,46,12773337,13736807,11384673,12418251,-95,191,-466,g5/117mA/117mA g5/117mA/117mA g4/117mA/117mA g4/117mA/117mA,,,,,,
141.486,HRV,47,12766786,13725554,11385201,12403841,-96,191,-467,g5/117mA/117mA g5/117mA/117mA g4/117mA/117mA g4/117mA/117mA,,,,,,
141.486,HRV,48,12768389,13717720,11389407,12387264,-93,190,-468,g5/117mA/117mA g5/117mA/117mA g4/117mA/117mA g4/117mA/117mA,,,,,,
141.655,HRV,49,12774514,13715972,11396078,12377873,-93,190,-467,g5/117mA/117mA g5/117mA/117mA g4/117mA/117mA g4/117mA/117mA,,,,,,
141.655,HRV,50,12778132,13713336,11399788,12375850,-91,192,-467,g5/117mA/117mA g5/117mA/117mA g4/117mA/117mA g4/117mA/117mA,,,,,,
141.655,HRV,51,12785400,13716895,11402119,12381447,-88,193,-467,g5/117mA/117mA g5/117mA/117mA g4/117mA/117mA g4/117mA/117mA,,,,,,
141.655,HRV,52,12791646,13723625,11402281,12387768,-85,192,-468,g5/117mA/117mA g5/117mA/117mA g4/117mA/117mA g4/117mA/117mA,,,,,,
141.655,HRV,53,12795033,13732890,11401113,12388545,-88,194,-467,g5/117mA/117mA g5/117mA/117mA g4/117mA/117mA g4/117mA/117mA,,,,,,
141.655,HRV,54,12798975,13745679,11402476,12388127,-91,196,-466,g5/117mA/117mA g5/117mA/117mA g4/117mA/117mA g4/117mA/117mA,,,,,,
141.658,HRV,55,12800843,13755575,11403271,12389568,-89,192,-468,g5/117mA/117mA g5/117mA/117mA g4/117mA/117mA g4/117mA/117mA,,,,,,
141.659,HRV,56,12800826,13756539,11403782,12391402,-89,192,-468,g5/117mA/117mA g5/117mA/117mA g4/117mA/117mA g4/117mA/117mA,,,,,,
141.659,HRV,57,12796211,13752845,11404261,12409368,-95,193,-467,g5/117mA/117mA g5/117mA/117mA g4/117mA/117mA g4/117mA/117mA,,,,,,
141.659,HRV,58,12791646,13746259,11409950,12418977,-116,191,-467,g5/117mA/117mA g5/117mA/117mA g4/117mA/117mA g4/117mA/117mA,,,,,,
141.659,HRV,59,12798419,13748212,11415565,12416816,-98,189,-469,g5/117mA/117mA g5/117mA/117mA g4/117mA/117mA g4/117mA/117mA,,,,,,
141.659,HRV,60,12814092,13752709,11424147,12416766,-76,189,-470,g5/117mA/117mA g5/117mA/117mA g4/117mA/117mA g4/117mA/117mA,,,,,,
141.719,HRV,61,12803863,13749994,11423608,12404763,-70,189,-465,g5/117mA/117mA g5/117mA/117mA g4/117mA/117mA g4/117mA/117mA,,,,,,
141.719,HRV,62,12763186,13726117,11405258,12378965,-80,192,-465,g5/117mA/117mA g5/117mA/117mA g4/117mA/117mA g4/117mA/117mA,,,,,,
141.72,HRV,63,12732389,13698782,11386601,12361116,-85,193,-466,g5/117mA/117mA g5/117mA/117mA g4/117mA/117mA g4/117mA/117mA,,,,,,
141.72,HRV,64,12711121,13678095,11374528,12342357,-73,192,-466,g5/117mA/117mA g5/117mA/117mA g4/117mA/117mA g4/117mA/117mA,,,,,,
141.72,HRV,65,12699287,13670971,11366646,12327171,-84,192,-467,g5/117mA/117mA g5/117mA/117mA g4/117mA/117mA g4/117mA/117mA,,,,,,
141.729,HRV,66,12684852,13664471,11358481,12312787,-93,192,-467,g5/117mA/117mA g5/117mA/117mA g4/117mA/117mA g4/117mA/117mA,,,,,,
141.729,HRV,67,12674016,13658106,11352613,12301380,-92,192,-466,g5/117mA/117mA g5/117mA/117mA g4/117mA/117mA g4/117mA/117mA,955,0,0,0,100,1
141.729,HRV,68,12665826,13652313,11347066,12296116,-89,193,-467,g5/117mA/117mA g5/117mA/117mA g4/117mA/117mA g4/117mA/117mA,,,,,,
141.729,HRV,69,12645549,13640060,11339337,12307805,-89,192,-467,g5/117mA/117mA g5/117mA/117mA g4/117mA/117mA g4/117mA/117mA,,,,,,
141.729,HRV,70,12627121,13627205,11332410,12301534,-93,192,-466,g5/117mA/117mA g5/117mA/117mA g4/117mA/117mA g4/117mA/117mA,,,,,,
141.73,HRV,71,12614886,13616917,11325781,12295715,-91,192,-467,g5/117mA/117mA g5/117mA/117mA g4/117mA/117mA g4/117mA/117mA,,,,,,
141.73,HRV,72,12605552,13609256,11320064,12290154,-90,191,-468,g5/117mA/117mA g5/117mA/117mA g4/117mA/117mA g4/117mA/117mA,,,,,,
142.441,HR,73,12603421,13600894,11320253,12287227,-90,193,-467,g5/117mA/117mA g5/117mA/117mA g4/117mA/117mA g4/117mA/117mA,,,,,,
142.442,HR,74,12610084,13597370,11325533,12282979,-87,193,-467,g5/117mA/117mA g5/117mA/117mA g4/117mA/117mA g4/117mA/117mA,,,,,,
142.442,HR,75,12622369,13599735,11331967,12280291,-84,193,-467,g5/117mA/117mA g5/117mA/117mA g4/117mA/117mA g4/117mA/117mA,,,,,,
142.442,HR,76,12637513,13603428,11339532,12278380,-83,194,-467,g5/117mA/117mA g5/117mA/117mA g4/117mA/117mA g4/117mA/117mA,,,,,,
142.442,HR,77,12653123,13607745,11347356,12271351,-81,194,-467,g5/117mA/117mA g5/117mA/117mA g4/117mA/117mA g4/117mA/117mA,,,,,,
142.463,HR,78,12670161,13616389,11355870,12271027,-81,194,-467,g5/117mA/117mA g5/117mA/117mA g4/117mA/117mA g4/117mA/117mA,,,,,,
142.464,HR,79,12679589,13622675,11360111,12276111,-82,194,-467,g5/117mA/117mA g5/117mA/117mA g4/117mA/117mA g4/117mA/117mA,,,,,,
142.464,HR,80,12689868,13630746,11363967,12293950,-84,194,-467,g5/117mA/117mA g5/117mA/117mA g4/117mA/117mA g4/117mA/117mA,,,,,,
142.464,HR,81,12695423,13638671,11366048,12308998,-84,194,-467,g5/117mA/117mA g5/117mA/117mA g4/117mA/117mA g4/117mA/117mA,,,,,,
142.464,HR,82,12702281,13648475,11367465,12316616,-84,194,-467,g5/117mA/117mA g5/117mA/117mA g4/117mA/117mA g4/117mA/117mA,,,,,,
142.464,HR,83,12708994,13664726,11371433,12318374,-84,194,-467,g5/117mA/117mA g5/117mA/117mA g4/117mA/117mA g4/117mA/117mA,,,,,,
142.466,HR,84,12713840,13680526,11374785,12320916,-84,194,-467,g5/117mA/117mA g5/117mA/117mA g4/117mA/117mA g4/117mA/117mA,,,,,,
142.466,HR,85,12702767,13684320,11370571,12315098,-84,193,-467,g5/117mA/117mA g5/117mA/117mA g4/117mA/117mA g4/117mA/117mA,,,,,,
142.466,HR,86,12656655,13661508,11348456,12291153,-84,193,-467,g5/117mA/117mA g5/117mA/117mA g4/117mA/117mA g4/117mA/117mA,,,,,,
142.466,HR,87,12607167,13627155,11320900,12286229,-85,193,-467,g5/117mA/117mA g5/117mA/117mA g4/117mA/117mA g4/117mA/117mA,,,,,,
142.466,HR,88,12572664,13598088,11304112,12273756,-86,193,-467,g5/117mA/117mA g5/117mA/117mA g4/117mA/117mA g4/117mA/117mA,,,,,,
142.498,HR,89,12555030,13579721,11296134,12263306,-88,194,-467,g5/117mA/117mA g5/117mA/117mA g4/117mA/117mA g4/117mA/117mA,,,,,,
142.498,HR,90,12543993,13565857,11290855,12253487,-94,196,-467,g5/117mA/117mA g5/117mA/117mA g4/117mA/117mA g4/117mA/117mA,,,,,,
142.498,HR,91,12539293,13554304,11288626,12244699,-101,198,-467,g5/117mA/117mA g5/117mA/117mA g4/117mA/117mA g4/117mA/117mA,,,,,,
142.498,HR,92,12539369,13545997,11289319,12236432,-99,196,-466,g5/117mA/117mA g5/117mA/117mA g4/117mA/117mA g4/117mA/117mA,59,100,0,1,0,0
142.498,HR,93,12536613,13538703,11287681,12226826,-97,193,-466,g5/117mA/117mA g5/117mA/117mA g4/117mA/117mA g4/117mA/117mA,,,,,,
142.555,HR,94,12530301,13531109,11283535,12221135,-91,192,-466,g5/117mA/117mA g5/117mA/117mA g4/117mA/117mA g4/117mA/117mA,,,,,,
142.555,HR,95,12525138,13521810,11281214,12214525,-84,192,-467,g5/117mA/117mA g5/117mA/117mA g4/117mA/117mA g4/117mA/117mA,,,,,,
142.555,HR,96,12524269,13515549,11280454,12207656,-79,192,-467,g5/117mA/117mA g5/117mA/117mA g4/117mA/117mA g4/117mA/117mA,,,,,,
142.555,HR,97,12526716,13515292,11282186,12203306,-81,192,-467,g5/117mA/117mA g5/117mA/117mA g4/117mA/117mA g4/117mA/117mA,,,,,,
142.555,HR,98,12533344,13517613,11285053,12202136,-83,192,-467,g5/117mA/117mA g5/117mA/117mA g4/117mA/117mA g4/117mA/117mA,,,,,,
142.676,HR,99,12539931,13521690,11287153,12206325,-83,192,-467,g5/117mA/117mA g5/117mA/117mA g4/117mA/117mA g4/117mA/117mA,,,,,,
142.676,HR,100,12545748,13527689,11288806,12217313,-84,192,-467,g5/117mA/117mA g5/117mA/117mA g4/117mA/117mA g4/117mA/117mA,,,,,,
142.676,HR,101,12554905,13534855,11288995,12221529,-85,193,-467,g5/117mA/117mA g5/117mA/117mA g4/117mA/117mA g4/117mA/117mA,,,,,,
142.676,HR,102,12561020,13542089,11291025,12223149,-85,193,-467,g5/117mA/117mA g5/117mA/117mA g4/117mA/117mA g4/117mA/117mA,,,,,,
142.676,HR,103,12569764,13553742,11294933,12221793,-86,194,-466,g5/117mA/117mA g5/117mA/117mA g4/117mA/117mA g4/117mA/117mA,,,,,,
142.676,HR,104,12574859,13565089,11298567,12222587,-87,194,-466,g5/117mA/117mA g5/117mA/117mA g4/117mA/117mA g4/117mA/117mA,,,,,,
142.677,HR,105,12578809,13574200,11301800,12222509,-85,193,-465,g5/117mA/117mA g5/117mA/117mA g4/117mA/117mA g4/117mA/117mA,,,,,,
142.677,HR,106,12582818,13583558,11304998,12223951,-77,191,-465,g5/117mA/117mA g5/117mA/117mA g4/117mA/117mA g4/117mA/117mA,,,,,,
142.679,HRV,73,12603421,13600894,11320253,12287227,-90,193,-467,g5/117mA/117mA g5/117mA/117mA g4/117mA/117mA g4/117mA/117mA,,,,,,
142.679,HRV,74,12610084,13597370,11325533,12282979,-87,193,-467,g5/117mA/117mA g5/117mA/117mA g4/117mA/117mA g4/117mA/117mA,,,,,,
142.679,HRV,75,12622369,13599735,11331967,12280291,-84,193,-467,g5/117mA/117mA g5/117mA/117mA g4/117mA/117mA g4/117mA/117mA,,,,,,
142.679,HRV,76,12637513,13603428,11339532,12278380,-83,194,-467,g5/117mA/117mA g5/117mA/117mA g4/117mA/117mA g4/117mA/117mA,,,,,,
142.679,HRV,77,12653123,13607745,11347356,12271351,-81,194,-467,g5/117mA/117mA g5/117mA/117mA g4/117mA/117mA g4/117mA/117mA,,,,,,
142.744,HRV,78,12670161,13616389,11355870,12271027,-81,194,-467,g5/117mA/117mA g5/117mA/117mA g4/117mA/117mA g4/117mA/117mA,,,,,,
142.745,HRV,79,12679589,13622675,11360111,12276111,-82,194,-467,g5/117mA/117mA g5/117mA/117mA g4/117mA/117mA g4/117mA/117mA,,,,,,
142.745,HRV,80,12689868,13630746,11363967,12293950,-84,194,-467,g5/117mA/117mA g5/117mA/117mA g4/117mA/117mA g4/117mA/117mA,,,,,,
142.745,HRV,81,12695423,13638671,11366048,12308998,-84,194,-467,g5/117mA/117mA g5/117mA/117mA g4/117mA/117mA g4/117mA/117mA,,,,,,
142.745,HRV,82,12702281,13648475,11367465,12316616,-84,194,-467,g5/117mA/117mA g5/117mA/117mA g4/117mA/117mA g4/117mA/117mA,,,,,,
142.745,HRV,83,12708994,13664726,11371433,12318374,-84,194,-467,g5/117mA/117mA g5/117mA/117mA g4/117mA/117mA g4/117mA/117mA,,,,,,
142.745,HRV,84,12713840,13680526,11374785,12320916,-84,194,-467,g5/117mA/117mA g5/117mA/117mA g4/117mA/117mA g4/117mA/117mA,,,,,,
142.745,HRV,85,12702767,13684320,11370571,12315098,-84,193,-467,g5/117mA/117mA g5/117mA/117mA g4/117mA/117mA g4/117mA/117mA,,,,,,
142.745,HRV,86,12656655,13661508,11348456,12291153,-84,193,-467,g5/117mA/117mA g5/117mA/117mA g4/117mA/117mA g4/117mA/117mA,,,,,,
142.745,HRV,87,12607167,13627155,11320900,12286229,-85,193,-467,g5/117mA/117mA g5/117mA/117mA g4/117mA/117mA g4/117mA/117mA,,,,,,
142.745,HRV,88,12572664,13598088,11304112,12273756,-86,193,-467,g5/117mA/117mA g5/117mA/117mA g4/117mA/117mA g4/117mA/117mA,,,,,,
142.919,HRV,89,12555030,13579721,11296134,12263306,-88,194,-467,g5/117mA/117mA g5/117mA/117mA g4/117mA/117mA g4/117mA/117mA,,,,,,
142.919,HRV,90,12543993,13565857,11290855,12253487,-94,196,-467,g5/117mA/117mA g5/117mA/117mA g4/117mA/117mA g4/117mA/117mA,,,,,,
142.919,HRV,91,12539293,13554304,11288626,12244699,-101,198,-467,g5/117mA/117mA g5/117mA/117mA g4/117mA/117mA g4/117mA/117mA,,,,,,
142.919,HRV,92,12539369,13545997,11289319,12236432,-99,196,-466,g5/117mA/117mA g5/117mA/117mA g4/117mA/117mA g4/117mA/117mA,1018,0,0,0,100,1
142.919,HRV,93,12536613,13538703,11287681,12226826,-97,193,-466,g5/117mA/117mA g5/117mA/117mA g4/117mA/117mA g4/117mA/117mA,,,,,,
142.92,HRV,94,12530301,13531109,11283535,12221135,-91,192,-466,g5/117mA/117mA g5/117mA/117mA g4/117mA/117mA g4/117mA/117mA,,,,,,
142.92,HRV,95,12525138,13521810,11281214,12214525,-84,192,-467,g5/117mA/117mA g5/117mA/117mA g4/117mA/117mA g4/117mA/117mA,,,,,,
142.92,HRV,96,12524269,13515549,11280454,12207656,-79,192,-467,g5/117mA/117mA g5/117mA/117mA g4/117mA/117mA g4/117mA/117mA,,,,,,
142.92,HRV,97,12526716,13515292,11282186,12203306,-81,192,-467,g5/117mA/117mA g5/117mA/117mA g4/117mA/117mA g4/117mA/117mA,,,,,,
142.92,HRV,98,12533344,13517613,11285053,12202136,-83,192,-467,g5/117mA/117mA g5/117mA/117mA g4/117mA/117mA g4/117mA/117mA,,,,,,
142.977,HRV,99,12539931,13521690,11287153,12206325,-83,192,-467,g5/117mA/117mA g5/117mA/117mA g4/117mA/117mA g4/117mA/117mA,,,,,,
142.977,HRV,100,12545748,13527689,11288806,12217313,-84,192,-467,g5/117mA/117mA g5/117mA/117mA g4/117mA/117mA g4/117mA/117mA,,,,,,
142.977,HRV,101,12554905,13534855,11288995,12221529,-85,193,-467,g5/117mA/117mA g5/117mA/117mA g4/117mA/117mA g4/117mA/117mA,,,,,,
142.977,HRV,102,12561020,13542089,11291025,12223149,-85,193,-467,g5/117mA/117mA g5/117mA/117mA g4/117mA/117mA g4/117mA/117mA,,,,,,
142.977,HRV,103,12569764,13553742,11294933,12221793,-86,194,-466,g5/117mA/117mA g5/117mA/117mA g4/117mA/117mA g4/117mA/117mA,,,,,,
142.977,HRV,104,12574859,13565089,11298567,12222587,-87,194,-466,g5/117mA/117mA g5/117mA/117mA g4/117mA/117mA g4/117mA/117mA,,,,,,
143.003,HRV,105,12578809,13574200,11301800,12222509,-85,193,-465,g5/117mA/117mA g5/117mA/117mA g4/117mA/117mA g4/117mA/117mA,,,,,,
143.003,HRV,106,12582818,13583558,11304998,12223951,-77,191,-465,g5/117mA/117mA g5/117mA/117mA g4/117mA/117mA g4/117mA/117mA,,,,,,
143.639,HR,107,12587947,13593506,11308232,12226759,-87,195,-466,g5/117mA/117mA g5/117mA/117mA g4/117mA/117mA g4/117mA/117mA,,,,,,
143.639,HR,108,12590334,13602627,11310288,12230811,-91,194,-466,g5/117mA/117mA g5/117mA/117mA g4/117mA/117mA g4/117mA/117mA,,,,,,
143.639,HR,109,12556260,13584797,11293772,12240409,-94,194,-466,g5/117mA/117mA g5/117mA/117mA g4/117mA/117mA g4/117mA/117mA,,,,,,
143.639,HR,110,12503588,13545467,11269825,12224207,-96,194,-465,g5/117mA/117mA g5/117mA/117mA g4/117mA/117mA g4/117mA/117mA,,,,,,
143.639,HR,111,12467689,13513740,11252386,12200909,-85,191,-467,g5/117mA/117mA g5/117mA/117mA g4/117mA/117mA g4/117mA/117mA,,,,,,
143.639,HR,112,12447061,13495474,11240682,12187684,-92,190,-467,g5/117mA/117mA g5/117mA/117mA g4/117mA/117mA g4/117mA/117mA,,,,,,
143.639,HR,113,12432438,13480416,11231989,12180048,-109,190,-466,g5/117mA/117mA g5/117mA/117mA g4/117mA/117mA g4/117mA/117mA,,,,,,
143.639,HR,114,12421297,13467234,11225147,12172626,-101,190,-468,g5/117mA/117mA g5/117mA/117mA g4/117mA/117mA g4/117mA/117mA,,,,,,
143.639,HR,115,12418104,13461178,11222774,12166093,-92,186,-468,g5/117mA/117mA g5/117mA/117mA g4/117mA/117mA g4/117mA/117mA,,,,,,
143.639,HR,116,12418940,13457161,11223338,12156272,-83,181,-468,g5/117mA/117mA g5/117mA/117mA g4/117mA/117mA g4/117mA/117mA,,,,,,
143.663,HR,117,12419283,13452518,11224624,12147008,-71,179,-468,g5/117mA/117mA g5/117mA/117mA g4/117mA/117mA g4/117mA/117mA,60,100,0,1,0,0
143.663,HR,118,12425655,13447128,11232986,12142920,-77,186,-468,g5/117mA/117mA g5/117mA/117mA g4/117mA/117mA g4/117mA/117mA,,,,,,
143.663,HR,119,12443698,13464096,11245928,12142954,-89,196,-468,g5/117mA/117mA g5/117mA/117mA g4/117mA/117mA g4/117mA/117mA,,,,,,
143.663,HR,120,12462714,13479222,11254170,12130755,-95,192,-468,g5/117mA/117mA g5/117mA/117mA g4/117mA/117mA g4/117mA/117mA,,,,,,
143.663,HR,121,12483394,13480247,11261600,12108045,-104,192,-468,g5/117mA/117mA g5/117mA/117mA g4/117mA/117mA g4/117mA/117mA,,,,,,
143.785,HR,122,12520183,13486415,11268169,12073552,-109,194,-467,g5/117mA/117mA g5/117mA/117mA g4/117mA/117mA g4/117mA/117mA,,,,,,
143.785,HR,123,12553896,13500636,11274746,12068230,-94,191,-467,g5/117mA/117mA g5/117mA/117mA g4/117mA/117mA g4/117mA/117mA,,,,,,
143.785,HR,124,12573391,13523244,11284225,12081896,-85,191,-467,g5/117mA/117mA g5/117mA/117mA g4/117mA/117mA g4/117mA/117mA,,,,,,
143.785,HR,125,12576658,13532388,11292995,12106526,-82,192,-466,g5/117mA/117mA g5/117mA/117mA g4/117mA/117mA g4/117mA/117mA,,,,,,
143.785,HR,126,12573801,13530888,11299770,12129459,-87,192,-466,g5/117mA/117mA g5/117mA/117mA g4/117mA/117mA g4/117mA/117mA,,,,,,
143.786,HR,127,12571847,13529437,11304580,12146521,-91,192,-466,g5/117mA/117mA g5/117mA/117mA g4/117mA/117mA g4/117mA/117mA,,,,,,
143.823,HR,128,12568845,13530264,11307114,12160172,-91,192,-467,g5/117mA/117mA g5/117mA/117mA g4/117mA/117mA g4/117mA/117mA,,,,,,
143.823,HR,129,12569527,13533669,11311942,12174897,-88,194,-467,g5/117mA/117mA g5/117mA/117mA g4/117mA/117mA g4/117mA/117mA,,,,,,
143.823,HR,130,12573017,13544401,11314461,12188197,-88,195,-466,g5/117mA/117mA g5/117mA/117mA g4/117mA/117mA g4/117mA/117mA,,,,,,
143.823,HR,131,12574935,13551370,11315262,12204755,-85,195,-466,g5/117mA/117mA g5/117mA/117mA g4/117mA/117mA g4/117mA/117mA,,,,,,
143.823,HR,132,12582025,13556183,11319100,12215000,-78,195,-466,g5/117mA/117mA g5/117mA/117mA g4/117mA/117mA g4/117mA/117mA,,,,,,
143.842,HR,133,12590327,13564509,11323205,12220897,-92,193,-466,g5/117mA/117mA g5/117mA/117mA g4/117mA/117mA g4/117mA/117mA,,,,,,
143.842,HR,134,12602261,13573672,11328869,12222748,-101,192,-467,g5/117mA/117mA g5/117mA/117mA g4/117mA/117mA g4/117mA/117mA,,,,,,
143.842,HR,135,12615764,13583637,11335216,12220437,-99,194,-469,g5/117mA/117mA g5/117mA/117mA g4/117mA/117mA g4/117mA/117mA,,,,,,
143.843,HR,136,12604068,13576768,11331650,12211051,-89,193,-468,g5/117mA/117mA g5/117mA/117mA g4/117mA/117mA g4/117mA/117mA,,,,,,
143.843,HR,137,12582229,13556499,11317805,12185602,-83,192,-467,g5/117mA/117mA g5/117mA/117mA g4/117mA/117mA g4/117mA/117mA,,,,,,
143.843,HR,138,12570789,13549528,11310050,12163412,-85,192,-467,g5/117mA/117mA g5/117mA/117mA g4/117mA/117mA g4/117mA/117mA,,,,,,
143.874,HR,139,12565670,13549656,11308360,12156281,-87,191,-468,g5/117mA/117mA g5/117mA/117mA g4/117mA/117mA g4/117mA/117mA,,,,,,
143.874,HR,140,12559280,13545655,11306168,12156264,-89,190,-468,g5/117mA/117mA g5/117mA/117mA g4/117mA/117mA g4/117mA/117mA,,,,,,
143.879,HRV,107,12587947,13593506,11308232,12226759,-87,195,-466,g5/117mA/117mA g5/117mA/117mA g4/117mA/117mA g4/117mA/117mA,,,,,,
143.879,HRV,108,12590334,13602627,11310288,12230811,-91,194,-466,g5/117mA/117mA g5/117mA/117mA g4/117mA/117mA g4/117mA/117mA,,,,,,
143.879,HRV,109,12556260,13584797,11293772,12240409,-94,194,-466,g5/117mA/117mA g5/117mA/117mA g4/117mA/117mA g4/117mA/117mA,,,,,,
143.879,HRV,110,12503588,13545467,11269825,12224207,-96,194,-465,g5/117mA/117mA g5/117mA/117mA g4/117mA/117mA g4/117mA/117mA,,,,,,
143.879,HRV,111,12467689,13513740,11252386,12200909,-85,191,-467,g5/117mA/117mA g5/117mA/117mA g4/117mA/117mA g4/117mA/117mA,,,,,,
143.935,HRV,112,12447061,13495474,11240682,12187684,-92,190,-467,g5/117mA/117mA g5/117mA/117mA g4/117mA/117mA g4/117mA/117mA,,,,,,
143.935,HRV,113,12432438,13480416,11231989,12180048,-109,190,-466,g5/117mA/117mA g5/117mA/117mA g4/117mA/117mA g4/117mA/117mA,,,,,,
143.935,HRV,114,12421297,13467234,11225147,12172626,-101,190,-468,g5/117mA/117mA g5/117mA/117mA g4/117mA/117mA g4/117mA/117mA,,,,,,
143.935,HRV,115,12418104,13461178,11222774,12166093,-92,186,-468,g5/117mA/117mA g5/117mA/117mA g4/117mA/117mA g4/117mA/117mA,,,,,,
143.935,HRV,116,12418940,13457161,11223338,12156272,-83,181,-468,g5/117mA/117mA g5/117mA/117mA g4/117mA/117mA g4/117mA/117mA,,,,,,
144.056,HRV,117,12419283,13452518,11224624,12147008,-71,179,-468,g5/117mA/117mA g5/117mA/117mA g4/117mA/117mA g4/117mA/117mA,1000,0,0,0,100,1
144.056,HRV,118,12425655,13447128,11232986,12142920,-77,186,-468,g5/117mA/117mA g5/117mA/117mA g4/117mA/117mA g4/117mA/117mA,,,,,,
144.056,HRV,119,12443698,13464096,11245928,12142954,-89,196,-468,g5/117mA/117mA g5/117mA/117mA g4/117mA/117mA g4/117mA/117mA,,,,,,
144.056,HRV,120,12462714,13479222,11254170,12130755,-95,192,-468,g5/117mA/117mA g5/117mA/117mA g4/117mA/117mA g4/117mA/117mA,,,,,,
144.061,HRV,121,12483394,13480247,11261600,12108045,-104,192,-468,g5/117mA/117mA g5/117mA/117mA g4/117mA/117mA g4/117mA/117mA,,,,,,
144.061,HRV,122,12520183,13486415,11268169,12073552,-109,194,-467,g5/117mA/117mA g5/117mA/117mA g4/117mA/117mA g4/117mA/117mA,,,,,,
144.061,HRV,123,12553896,13500636,11274746,12068230,-94,191,-467,g5/117mA/117mA g5/117mA/117mA g4/117mA/117mA g4/117mA/117mA,,,,,,
144.061,HRV,124,12573391,13523244,11284225,12081896,-85,191,-467,g5/117mA/117mA g5/117mA/117mA g4/117mA/117mA g4/117mA/117mA,,,,,,
144.061,HRV,125,12576658,13532388,11292995,12106526,-82,192,-466,g5/117mA/117mA g5/117mA/117mA g4/117mA/117mA g4/117mA/117mA,,,,,,
144.061,HRV,126,12573801,13530888,11299770,12129459,-87,192,-466,g5/117mA/117mA g5/117mA/117mA g4/117mA/117mA g4/117mA/117mA,,,,,,
144.116,HRV,127,12571847,13529437,11304580,12146521,-91,192,-466,g5/117mA/117mA g5/117mA/117mA g4/117mA/117mA g4/117mA/117mA,,,,,,
144.116,HRV,128,12568845,13530264,11307114,12160172,-91,192,-467,g5/117mA/117mA g5/117mA/117mA g4/117mA/117mA g4/117mA/117mA,,,,,,
144.116,HRV,129,12569527,13533669,11311942,12174897,-88,194,-467,g5/117mA/117mA g5/117mA/117mA g4/117mA/117mA g4/117mA/117mA,,,,,,
144.116,HRV,130,12573017,13544401,11314461,12188197,-88,195,-466,g5/117mA/117mA g5/117mA/117mA g4/117mA/117mA g4/117mA/117mA,,,,,,
144.116,HRV,131,12574935,13551370,11315262,12204755,-85,195,-466,g5/117mA/117mA g5/117mA/117mA g4/117mA/117mA g4/117mA/117mA,,,,,,
144.118,HRV,132,12582025,13556183,11319100,12215000,-78,195,-466,g5/117mA/117mA g5/117mA/117mA g4/117mA/117mA g4/117mA/117mA,,,,,,
144.118,HRV,133,12590327,13564509,11323205,12220897,-92,193,-466,g5/117mA/117mA g5/117mA/117mA g4/117mA/117mA g4/117mA/117mA,,,,,,
144.118,HRV,134,12602261,13573672,11328869,12222748,-101,192,-467,g5/117mA/117mA g5/117mA/117mA g4/117mA/117mA g4/117mA/117mA,,,,,,
144.118,HRV,135,12615764,13583637,11335216,12220437,-99,194,-469,g5/117mA/117mA g5/117mA/117mA g4/117mA/117mA g4/117mA/117mA,,,,,,
144.118,HRV,136,12604068,13576768,11331650,12211051,-89,193,-468,g5/117mA/117mA g5/117mA/117mA g4/117mA/117mA g4/117mA/117mA,,,,,,
144.118,HRV,137,12582229,13556499,11317805,12185602,-83,192,-467,g5/117mA/117mA g5/117mA/117mA g4/117mA/117mA g4/117mA/117mA,,,,,,
144.143,HRV,138,12570789,13549528,11310050,12163412,-85,192,-467,g5/117mA/117mA g5/117mA/117mA g4/117mA/117mA g4/117mA/117mA,,,,,,
144.143,HRV,139,12565670,13549656,11308360,12156281,-87,191,-468,g5/117mA/117mA g5/117mA/117mA g4/117mA/117mA g4/117mA/117mA,,,,,,
144.143,HRV,140,12559280,13545655,11306168,12156264,-89,190,-468,g5/117mA/117mA g5/117mA/117mA g4/117mA/117mA g4/117mA/117mA,,,,,,
145.319,HR,141,12554212,13546184,11304946,12153543,-88,194,-468,g5/117mA/117mA g5/117mA/117mA g4/117mA/117mA g4/117mA/117mA,,,,,,
145.319,HR,142,12551176,13549776,11305526,12150599,-91,190,-467,g5/117mA/117mA g5/117mA/117mA g4/117mA/117mA g4/117mA/117mA,60,100,0,1,0,0
145.319,HR,143,12553078,13553059,11305717,12150309,-91,189,-467,g5/117mA/117mA g5/117mA/117mA g4/117mA/117mA g4/117mA/117mA,,,,,,
145.319,HR,144,12552224,13553272,11305118,12151221,-87,189,-468,g5/117mA/117mA g5/117mA/117mA g4/117mA/117mA g4/117mA/117mA,,,,,,
145.319,HR,145,12545169,13547097,11301511,12153048,-86,189,-468,g5/117mA/117mA g5/117mA/117mA g4/117mA/117mA g4/117mA/117mA,,,,,,
145.361,HR,146,12537935,13533029,11295888,12153346,-90,188,-467,g5/117mA/117mA g5/117mA/117mA g4/117mA/117mA g4/117mA/117mA,,,,,,
145.361,HR,147,12536758,13524428,11295333,12150873,-97,187,-467,g5/117mA/117mA g5/117mA/117mA g4/117mA/117mA g4/117mA/117mA,,,,,,
145.361,HR,148,12542286,13520776,11296613,12147273,-96,185,-469,g5/117mA/117mA g5/117mA/117mA g4/117mA/117mA g4/117mA/117mA,,,,,,
145.361,HR,149,12551781,13522195,11298933,12152492,-90,187,-468,g5/117mA/117mA g5/117mA/117mA g4/117mA/117mA g4/117mA/117mA,,,,,,
145.361,HR,150,12560918,13526400,11302278,12160317,-82,192,-467,g5/117mA/117mA g5/117mA/117mA g4/117mA/117mA g4/117mA/117mA,,,,,,
145.361,HR,151,12569458,13530887,11306551,12170008,-85,192,-467,g5/117mA/117mA g5/117mA/117mA g4/117mA/117mA g4/117mA/117mA,,,,,,
145.383,HR,152,12581053,13538370,11310817,12178847,-85,192,-467,g5/117mA/117mA g5/117mA/117mA g4/117mA/117mA g4/117mA/117mA,,,,,,
145.383,HR,153,12590957,13549716,11315237,12192930,-84,191,-468,g5/117mA/117mA g5/117mA/117mA g4/117mA/117mA g4/117mA/117mA,,,,,,
145.383,HR,154,12598201,13561225,11318957,12209490,-84,191,-468,g5/117mA/117mA g5/117mA/117mA g4/117mA/117mA g4/117mA/117mA,,,,,,
145.383,HR,155,12599598,13566786,11320909,12224036,-86,191,-468,g5/117mA/117mA g5/117mA/117mA g4/117mA/117mA g4/117mA/117mA,,,,,,
145.383,HR,156,12597039,13560883,11319845,12211155,-88,192,-467,g5/117mA/117mA g5/117mA/117mA g4/117mA/117mA g4/117mA/117mA,,,,,,
145.405,HR,157,12606671,13558887,11323084,12187463,-87,192,-467,g5/117mA/117mA g5/117mA/117mA g4/117mA/117mA g4/117mA/117mA,,,,,,
145.405,HR,158,12625746,13564568,11329321,12180936,-87,192,-467,g5/117mA/117mA g5/117mA/117mA g4/117mA/117mA g4/117mA/117mA,,,,,,
145.406,HR,159,12641965,13574465,11336308,12191344,-86,192,-467,g5/117mA/117mA g5/117mA/117mA g4/117mA/117mA g4/117mA/117mA,,,,,,
145.406,HR,160,12650342,13581435,11341606,12207118,-85,192,-467,g5/117mA/117mA g5/117mA/117mA g4/117mA/117mA g4/117mA/117mA,,,,,,
145.406,HR,161,12657620,13586006,11345582,12216059,-86,192,-466,g5/117mA/117mA g5/117mA/117mA g4/117mA/117mA g4/117mA/117mA,,,,,,
145.406,HR,162,12667182,13592482,11350198,12223762,-86,193,-466,g5/117mA/117mA g5/117mA/117mA g4/117mA/117mA g4/117mA/117mA,,,,,,
145.439,HR,163,12677021,13601866,11355837,12234871,-84,193,-466,g5/117mA/117mA g5/117mA/117mA g4/117mA/117mA g4/117mA/117mA,,,,,,
145.439,HR,164,12661586,13598985,11351025,12238061,-84,191,-467,g5/117mA/117mA g5/117mA/117mA g4/117mA/117mA g4/117mA/117mA,,,,,,
145.439,HR,165,12635148,13583328,11340019,12235511,-84,191,-467,g5/117mA/117mA g5/117mA/117mA g4/117mA/117mA g4/117mA/117mA,,,,,,
145.439,HR,166,12615570,13569739,11331029,12240271,-87,192,-467,g5/117mA/117mA g5/117mA/117mA g4/117mA/117mA g4/117mA/117mA,,,,,,
145.439,HR,167,12607404,13563229,11326608,12249792,-88,193,-467,g5/117mA/117mA g5/117mA/117mA g4/117mA/117mA g4/117mA/117mA,60,100,0,1,0,0
145.497,HR,168,12603567,13560378,11323291,12253811,-87,193,-467,g5/117mA/117mA g5/117mA/117mA g4/117mA/117mA g4/117mA/117mA,,,,,,
145.497,HR,169,12599617,13552274,11319996,12252062,-85,193,-467,g5/117mA/117mA g5/117mA/117mA g4/117mA/117mA g4/117mA/117mA,,,,,,
145.497,HR,170,12601349,13544776,11319545,12245203,-88,191,-467,g5/117mA/117mA g5/117mA/117mA g4/117mA/117mA g4/117mA/117mA,,,,,,
145.497,HR,171,12606944,13539309,11321397,12227670,-91,189,-468,g5/117mA/117mA g5/117mA/117mA g4/117mA/117mA g4/117mA/117mA,,,,,,
145.497,HR,172,12615620,13538361,11323792,12212084,-91,189,-468,g5/117mA/117mA g5/117mA/117mA g4/117mA/117mA g4/117mA/117mA,,,,,,
145.497,HR,173,12622557,13539588,11324953,12204723,-91,189,-468,g5/117mA/117mA g5/117mA/117mA g4/117mA/117mA g4/117mA/117mA,,,,,,
145.497,HR,174,12626873,13538379,11325969,12201104,-90,189,-468,g5/117mA/117mA g5/117mA/117mA g4/117mA/117mA g4/117mA/117mA,,,,,,
145.617,HRV,141,12554212,13546184,11304946,12153543,-88,194,-468,g5/117mA/117mA g5/117mA/117mA g4/117mA/117mA g4/117mA/117mA,,,,,,
145.617,HRV,142,12551176,13549776,11305526,12150599,-91,190,-467,g5/117mA/117mA g5/117mA/117mA g4/117mA/117mA g4/117mA/117mA,960,0,0,0,100,1
145.617,HRV,143,12553078,13553059,11305717,12150309,-91,189,-467,g5/117mA/117mA g5/117mA/117mA g4/117mA/117mA g4/117mA/117mA,,,,,,
145.617,HRV,144,12552224,13553272,11305118,12151221,-87,189,-468,g5/117mA/117mA g5/117mA/117mA g4/117mA/117mA g4/117mA/117mA,,,,,,
145.619,HRV,145,12545169,13547097,11301511,12153048,-86,189,-468,g5/117mA/117mA g5/117mA/117mA g4/117mA/117mA g4/117mA/117mA,,,,,,
145.619,HRV,146,12537935,13533029,11295888,12153346,-90,188,-467,g5/117mA/117mA g5/117mA/117mA g4/117mA/117mA g4/117mA/117mA,,,,,,
145.619,HRV,147,12536758,13524428,11295333,12150873,-97,187,-467,g5/117mA/117mA g5/117mA/117mA g4/117mA/117mA g4/117mA/117mA,,,,,,
145.619,HRV,148,12542286,13520776,11296613,12147273,-96,185,-469,g5/117mA/117mA g5/117mA/117mA g4/117mA/117mA g4/117mA/117mA,,,,,,
145.619,HRV,149,12551781,13522195,11298933,12152492,-90,187,-468,g5/117mA/117mA g5/117mA/117mA g4/117mA/117mA g4/117mA/117mA,,,,,,
145.626,HRV,150,12560918,13526400,11302278,12160317,-82,192,-467,g5/117mA/117mA g5/117mA/117mA g4/117mA/117mA g4/117mA/117mA,,,,,,
145.677,HRV,151,12569458,13530887,11306551,12170008,-85,192,-467,g5/117mA/117mA g5/117mA/117mA g4/117mA/117mA g4/117mA/117mA,,,,,,
145.677,HRV,152,12581053,13538370,11310817,12178847,-85,192,-467,g5/117mA/117mA g5/117mA/117mA g4/117mA/117mA g4/117mA/117mA,,,,,,
145.677,HRV,153,12590957,13549716,11315237,12192930,-84,191,-468,g5/117mA/117mA g5/117mA/117mA g4/117mA/117mA g4/117mA/117mA,,,,,,
145.677,HRV,154,12598201,13561225,11318957,12209490,-84,191,-468,g5/117mA/117mA g5/117mA/117mA g4/117mA/117mA g4/117mA/117mA,,,,,,
145.677,HRV,155,12599598,13566786,11320909,12224036,-86,191,-468,g5/117mA/117mA g5/117mA/117mA g4/117mA/117mA g4/117mA/117mA,,,,,,
145.738,HRV,156,12597039,13560883,11319845,12211155,-88,192,-467,g5/117mA/117mA g5/117mA/117mA g4/117mA/117mA g4/117mA/117mA,,,,,,
145.739,HRV,157,12606671,13558887,11323084,12187463,-87,192,-467,g5/117mA/117mA g5/117mA/117mA g4/117mA/117mA g4/117mA/117mA,,,,,,
145.739,HRV,158,12625746,13564568,11329321,12180936,-87,192,-467,g5/117mA/117mA g5/117mA/117mA g4/117mA/117mA g4/117mA/117mA,,,,,,
145.739,HRV,159,12641965,13574465,11336308,12191344,-86,192,-467,g5/117mA/117mA g5/117mA/117mA g4/117mA/117mA g4/117mA/117mA,,,,,,
145.739,HRV,160,12650342,13581435,11341606,12207118,-85,192,-467,g5/117mA/117mA g5/117mA/117mA g4/117mA/117mA g4/117mA/117mA,,,,,,
145.74,HRV,161,12657620,13586006,11345582,12216059,-86,192,-466,g5/117mA/117mA g5/117mA/117mA g4/117mA/117mA g4/117mA/117mA,,,,,,
145.743,HRV,162,12667182,13592482,11350198,12223762,-86,193,-466,g5/117mA/117mA g5/117mA/117mA g4/117mA/117mA g4/117mA/117mA,,,,,,
145.743,HRV,163,12677021,13601866,11355837,12234871,-84,193,-466,g5/117mA/117mA g5/117mA/117mA g4/117mA/117mA g4/117mA/117mA,,,,,,
145.743,HRV,164,12661586,13598985,11351025,12238061,-84,191,-467,g5/117mA/117mA g5/117mA/117mA g4/117mA/117mA g4/117mA/117mA,,,,,,
145.743,HRV,165,12635148,13583328,11340019,12235511,-84,191,-467,g5/117mA/117mA g5/117mA/117mA g4/117mA/117mA g4/117mA/117mA,,,,,,
145.743,HRV,166,12615570,13569739,11331029,12240271,-87,192,-467,g5/117mA/117mA g5/117mA/117mA g4/117mA/117mA g4/117mA/117mA,,,,,,
145.764,HRV,167,12607404,13563229,11326608,12249792,-88,193,-467,g5/117mA/117mA g5/117mA/117mA g4/117mA/117mA g4/117mA/117mA,955,0,0,0,100,1
145.764,HRV,168,12603567,13560378,11323291,12253811,-87,193,-467,g5/117mA/117mA g5/117mA/117mA g4/117mA/117mA g4/117mA/117mA,,,,,,
145.764,HRV,169,12599617,13552274,11319996,12252062,-85,193,-467,g5/117mA/117mA g5/117mA/117mA g4/117mA/117mA g4/117mA/117mA,,,,,,
145.764,HRV,170,12601349,13544776,11319545,12245203,-88,191,-467,g5/117mA/117mA g5/117mA/117mA g4/117mA/117mA g4/117mA/117mA,,,,,,
145.764,HRV,171,12606944,13539309,11321397,12227670,-91,189,-468,g5/117mA/117mA g5/117mA/117mA g4/117mA/117mA g4/117mA/117mA,,,,,,
145.796,HRV,172,12615620,13538361,11323792,12212084,-91,189,-468,g5/117mA/117mA g5/117mA/117mA g4/117mA/117mA g4/117mA/117mA,,,,,,
145.796,HRV,173,12622557,13539588,11324953,12204723,-91,189,-468,g5/117mA/117mA g5/117mA/117mA g4/117mA/117mA g4/117mA/117mA,,,,,,
145.796,HRV,174,12626873,13538379,11325969,12201104,-90,189,-468,g5/117mA/117mA g5/117mA/117mA g4/117mA/117mA g4/117mA/117mA,,,,,,
146.651,HR,175,12631462,13541686,11327700,12203484,-89,196,-466,g5/117mA/117mA g5/117mA/117mA g4/117mA/117mA g4/117mA/117mA,,,,,,
146.651,HR,176,12635559,13546243,11330258,12210334,-91,196,-466,g5/117mA/117mA g5/117mA/117mA g4/117mA/117mA g4/117mA/117mA,,,,,,
146.651,HR,177,12639934,13548385,11333076,12215104,-93,196,-466,g5/117mA/117mA g5/117mA/117mA g4/117mA/117mA g4/117mA/117mA,,,,,,
146.651,HR,178,12647749,13554134,11336420,12217775,-94,197,-466,g5/117mA/117mA g5/117mA/117mA g4/117mA/117mA g4/117mA/117mA,,,,,,
146.651,HR,179,12656296,13562411,11340217,12221212,-94,197,-466,g5/117mA/117mA g5/117mA/117mA g4/117mA/117mA g4/117mA/117mA,,,,,,
146.651,HR,180,12662934,13569082,11343158,12225572,-93,197,-466,g5/117mA/117mA g5/117mA/117mA g4/117mA/117mA g4/117mA/117mA,,,,,,
146.651,HR,181,12669196,13574039,11346479,12230092,-90,194,-466,g5/117mA/117mA g5/117mA/117mA g4/117mA/117mA g4/117mA/117mA,,,,,,
146.651,HR,182,12676133,13580369,11350633,12236910,-86,191,-466,g5/117mA/117mA g5/117mA/117mA g4/117mA/117mA g4/117mA/117mA,,,,,,
146.651,HR,183,12682199,13587647,11354718,12247574,-86,191,-466,g5/117mA/117mA g5/117mA/117mA g4/117mA/117mA g4/117mA/117mA,,,,,,
146.651,HR,184,12687301,13594120,11358404,12258947,-88,193,-466,g5/117mA/117mA g5/117mA/117mA g4/117mA/117mA g4/117mA/117mA,,,,,,
146.651,HR,185,12694330,13601892,11363020,12270849,-88,193,-467,g5/117mA/117mA g5/117mA/117mA g4/117mA/117mA g4/117mA/117mA,,,,,,
146.696,HR,186,12701667,13611746,11368233,12285257,-87,192,-467,g5/117mA/117mA g5/117mA/117mA g4/117mA/117mA g4/117mA/117mA,,,,,,
146.696,HR,187,12708610,13623947,11373045,12308316,-87,192,-467,g5/117mA/117mA g5/117mA/117mA g4/117mA/117mA g4/117mA/117mA,,,,,,
146.696,HR,188,12727090,13643772,11382019,12334934,-87,191,-468,g5/117mA/117mA g5/117mA/117mA g4/117mA/117mA g4/117mA/117mA,,,,,,
146.696,HR,189,12742797,13660528,11390430,12351006,-88,190,-468,g5/117mA/117mA g5/117mA/117mA g4/117mA/117mA g4/117mA/117mA,,,,,,
146.696,HR,190,12742515,13669777,11391010,12357320,-89,190,-468,g5/117mA/117mA g5/117mA/117mA g4/117mA/117mA g4/117mA/117mA,,,,,,
146.699,HR,191,12723856,13665723,11381917,12357823,-90,190,-468,g5/117mA/117mA g5/117mA/117mA g4/117mA/117mA g4/117mA/117mA,,,,,,
146.699,HR,192,12707605,13647952,11369272,12349360,-91,191,-468,g5/117mA/117mA g5/117mA/117mA g4/117mA/117mA g4/117mA/117mA,60,100,0,1,0,0
146.699,HR,193,12697419,13635719,11359967,12339745,-88,191,-468,g5/117mA/117mA g5/117mA/117mA g4/117mA/117mA g4/117mA/117mA,,,,,,
146.699,HR,194,12692393,13631104,11354676,12333586,-86,191,-468,g5/117mA/117mA g5/117mA/117mA g4/117mA/117mA g4/117mA/117mA,,,,,,
146.699,HR,195,12691548,13625652,11352620,12327939,-86,190,-468,g5/117mA/117mA g5/117mA/117mA g4/117mA/117mA g4/117mA/117mA,,,,,,
146.785,HR,196,12689978,13619093,11350368,12321951,-89,190,-468,g5/117mA/117mA g5/117mA/117mA g4/117mA/117mA g4/117mA/117mA,,,,,,
146.786,HR,197,12689579,13617087,11350452,12318801,-91,190,-468,g5/117mA/117mA g5/117mA/117mA g4/117mA/117mA g4/117mA/117mA,,,,,,
146.786,HR,198,12688862,13618836,11351170,12313735,-89,190,-468,g5/117mA/117mA g5/117mA/117mA g4/117mA/117mA g4/117mA/117mA,,,,,,
146.786,HR,199,12688179,13619067,11350557,12310330,-87,190,-468,g5/117mA/117mA g5/117mA/117mA g4/117mA/117mA g4/117mA/117mA,,,,,,
146.786,HR,200,12686627,13618265,11349883,12309921,-87,190,-468,g5/117mA/117mA g5/117mA/117mA g4/117mA/117mA g4/117mA/117mA,,,,,,
146.786,HR,201,12686472,13621974,11352098,12311796,-89,190,-468,g5/117mA/117mA g5/117mA/117mA g4/117mA/117mA g4/117mA/117mA,,,,,,
146.878,HR,202,12687437,13627871,11354514,12315569,-89,190,-468,g5/117mA/117mA g5/117mA/117mA g4/117mA/117mA g4/117mA/117mA,,,,,,
146.878,HR,203,12691906,13634840,11358575,12318887,-86,190,-468,g5/117mA/117mA g5/117mA/117mA g4/117mA/117mA g4/117mA/117mA,,,,,,
146.878,HR,204,12697342,13643500,11362833,12323793,-84,190,-468,g5/117mA/117mA g5/117mA/117mA g4/117mA/117mA g4/117mA/117mA,,,,,,
146.878,HR,205,12702887,13652083,11366388,12330157,-91,191,-468,g5/117mA/117mA g5/117mA/117mA g4/117mA/117mA g4/117mA/117mA,,,,,,
146.878,HR,206,12707868,13660194,11369333,12336957,-100,193,-467,g5/117mA/117mA g5/117mA/117mA g4/117mA/117mA g4/117mA/117mA,,,,,,
146.878,HR,207,12708782,13666840,11371492,12349479,-101,193,-466,g5/117mA/117mA g5/117mA/117mA g4/117mA/117mA g4/117mA/117mA,,,,,,
146.879,HR,208,12704652,13663650,11368241,12357167,-94,193,-466,g5/117mA/117mA g5/117mA/117mA g4/117mA/117mA g4/117mA/117mA,,,,,,
146.902,HRV,175,12631462,13541686,11327700,12203484,-89,196,-466,g5/117mA/117mA g5/117mA/117mA g4/117mA/117mA g4/117mA/117mA,,,,,,
146.902,HRV,176,12635559,13546243,11330258,12210334,-91,196,-466,g5/117mA/117mA g5/117mA/117mA g4/117mA/117mA g4/117mA/117mA,,,,,,
146.902,HRV,177,12639934,13548385,11333076,12215104,-93,196,-466,g5/117mA/117mA g5/117mA/117mA g4/117mA/117mA g4/117mA/117mA,,,,,,
146.902,HRV,178,12647749,13554134,11336420,12217775,-94,197,-466,g5/117mA/117mA g5/117mA/117mA g4/117mA/117mA g4/117mA/117mA,,,,,,
146.902,HRV,179,12656296,13562411,11340217,12221212,-94,197,-466,g5/117mA/117mA g5/117mA/117mA g4/117mA/117mA g4/117mA/117mA,,,,,,
146.936,HRV,180,12662934,13569082,11343158,12225572,-93,197,-466,g5/117mA/117mA g5/117mA/117mA g4/117mA/117mA g4/117mA/117mA,,,,,,
146.936,HRV,181,12669196,13574039,11346479,12230092,-90,194,-466,g5/117mA/117mA g5/117mA/117mA g4/117mA/117mA g4/117mA/117mA,,,,,,
146.936,HRV,182,12676133,13580369,11350633,12236910,-86,191,-466,g5/117mA/117mA g5/117mA/117mA g4/117mA/117mA g4/117mA/117mA,,,,,,
146.936,HRV,183,12682199,13587647,11354718,12247574,-86,191,-466,g5/117mA/117mA g5/117mA/117mA g4/117mA/117mA g4/117mA/117mA,,,,,,
146.936,HRV,184,12687301,13594120,11358404,12258947,-88,193,-466,g5/117mA/117mA g5/117mA/117mA g4/117mA/117mA g4/117mA/117mA,,,,,,
146.936,HRV,185,12694330,13601892,11363020,12270849,-88,193,-467,g5/117mA/117mA g5/117mA/117mA g4/117mA/117mA g4/117mA/117mA,,,,,,
146.996,HRV,191,12675671,13597838,11353927,12271352,-90,190,-468,g5/117mA/117mA g5/117mA/117mA g4/117mA/117mA g4/117mA/117mA,,,,,,
146.996,HRV,192,12659420,13580067,11341282,12262889,-91,191,-468,g5/117mA/117mA g5/117mA/117mA g4/117mA/117mA g4/117mA/117mA,925,0,0,0,100,1
146.996,HRV,193,12649234,13567834,11331977,12253274,-88,191,-468,g5/117mA/117mA g5/117mA/117mA g4/117mA/117mA g4/117mA/117mA,,,,,,
146.996,HRV,194,12644208,13563219,11326686,12247115,-86,191,-468,g5/117mA/117mA g5/117mA/117mA g4/117mA/117mA g4/117mA/117mA,,,,,,
146.996,HRV,195,12643363,13557767,11324630,12241468,-86,190,-468,g5/117mA/117mA g5/117mA/117mA g4/117mA/117mA g4/117mA/117mA,,,,,,
146.998,HRV,196,12689978,13619093,11350368,12321951,-89,190,-468,g5/117mA/117mA g5/117mA/117mA g4/117mA/117mA g4/117mA/117mA,,,,,,
146.998,HRV,197,12689579,13617087,11350452,12318801,-91,190,-468,g5/117mA/117mA g5/117mA/117mA g4/117mA/117mA g4/117mA/117mA,,,,,,
146.998,HRV,198,12688862,13618836,11351170,12313735,-89,190,-468,g5/117mA/117mA g5/117mA/117mA g4/117mA/117mA g4/117mA/117mA,,,,,,
146.998,HRV,199,12688179,13619067,11350557,12310330,-87,190,-468,g5/117mA/117mA g5/117mA/117mA g4/117mA/117mA g4/117mA/117mA,,,,,,
146.998,HRV,200,12686627,13618265,11349883,12309921,-87,190,-468,g5/117mA/117mA g5/117mA/117mA g4/117mA/117mA g4/117mA/117mA,,,,,,
146.998,HRV,201,12686472,13621974,11352098,12311796,-89,190,-468,g5/117mA/117mA g5/117mA/117mA g4/117mA/117mA g4/117mA/117mA,,,,,,
147.025,HRV,202,12687437,13627871,11354514,12315569,-89,190,-468,g5/117mA/117mA g5/117mA/117mA g4/117mA/117mA g4/117mA/117mA,,,,,,
147.025,HRV,203,12691906,13634840,11358575,12318887,-86,190,-468,g5/117mA/117mA g5/117mA/117mA g4/117mA/117mA g4/117mA/117mA,,,,,,
147.026,HRV,204,12697342,13643500,11362833,12323793,-84,190,-468,g5/117mA/117mA g5/117mA/117mA g4/117mA/117mA g4/117mA/117mA,,,,,,
147.026,HRV,205,12702887,13652083,11366388,12330157,-91,191,-468,g5/117mA/117mA g5/117mA/117mA g4/117mA/117mA g4/117mA/117mA,,,,,,
147.026,HRV,206,12707868,13660194,11369333,12336957,-100,193,-467,g5/117mA/117mA g5/117mA/117mA g4/117mA/117mA g4/117mA/117mA,,,,,,
147.026,HRV,207,12708782,13666840,11371492,12349479,-101,193,-466,g5/117mA/117mA g5/117mA/117mA g4/117mA/117mA g4/117mA/117mA,,,,,,
147.056,HRV,208,12704652,13663650,11368241,12357167,-94,193,-466,g5/117mA/117mA g5/117mA/117mA g4/117mA/117mA g4/117mA/117mA,,,,,,
148.165,HR,209,12704123,13662318,11367005,12350904,-115,201,-470,g5/117mA/117mA g5/117mA/117mA g4/117mA/117mA g4/117mA/117mA,,,,,,
148.165,HR,210,12709737,13663463,11369819,12348097,-94,190,-469,g5/117mA/117mA g5/117mA/117mA g4/117mA/117mA g4/117mA/117mA,,,,,,
148.165,HR,211,12717519,13669803,11373625,12359120,-86,187,-468,g5/117mA/117mA g5/117mA/117mA g4/117mA/117mA g4/117mA/117mA,,,,,,
148.165,HR,212,12727021,13677797,11379801,12377428,-90,191,-466,g5/117mA/117mA g5/117mA/117mA g4/117mA/117mA g4/117mA/117mA,,,,,,
148.165,HR,213,12735766,13686736,11384220,12387384,-88,192,-466,g5/117mA/117mA g5/117mA/117mA g4/117mA/117mA g4/117mA/117mA,,,,,,
148.237,HR,214,12742243,13696565,11388520,12395600,-86,192,-467,g5/117mA/117mA g5/117mA/117mA g4/117mA/117mA g4/117mA/117mA,,,,,,
148.237,HR,215,12747685,13706400,11392632,12403550,-88,191,-467,g5/117mA/117mA g5/117mA/117mA g4/117mA/117mA g4/117mA/117mA,,,,,,
148.244,HR,216,12754595,13715939,11396719,12411869,-87,191,-467,g5/117mA/117mA g5/117mA/117mA g4/117mA/117mA g4/117mA/117mA,,,,,,
148.244,HR,217,12761940,13726935,11401035,12417089,-87,191,-467,g5/117mA/117mA g5/117mA/117mA g4/117mA/117mA g4/117mA/117mA,61,100,0,1,0,0
148.244,HR,218,12765337,13737993,11404294,12422976,-88,192,-466,g5/117mA/117mA g5/117mA/117mA g4/117mA/117mA g4/117mA/117mA,,,,,,
148.244,HR,219,12740244,13729580,11395619,12425220,-84,192,-466,g5/117mA/117mA g5/117mA/117mA g4/117mA/117mA g4/117mA/117mA,,,,,,
148.244,HR,220,12705958,13700455,11376969,12400821,-81,192,-467,g5/117mA/117mA g5/117mA/117mA g4/117mA/117mA g4/117mA/117mA,,,,,,
148.244,HR,221,12684816,13675527,11364769,12367217,-88,192,-467,g5/117mA/117mA g5/117mA/117mA g4/117mA/117mA g4/117mA/117mA,,,,,,
148.244,HR,222,12678292,13664803,11359881,12351910,-91,189,-468,g5/117mA/117mA g5/117mA/117mA g4/117mA/117mA g4/117mA/117mA,,,,,,
148.244,HR,223,12675654,13658344,11358498,12350256,-92,185,-469,g5/117mA/117mA g5/117mA/117mA g4/117mA/117mA g4/117mA/117mA,,,,,,
148.288,HR,224,12676704,13652516,11358389,12347644,-87,188,-468,g5/117mA/117mA g5/117mA/117mA g4/117mA/117mA g4/117mA/117mA,,,,,,
148.288,HR,225,12682206,13650317,11360769,12332118,-85,189,-468,g5/117mA/117mA g5/117mA/117mA g4/117mA/117mA g4/117mA/117mA,,,,,,
148.288,HR,226,12691507,13651724,11362856,12315140,-87,189,-468,g5/117mA/117mA g5/117mA/117mA g4/117mA/117mA g4/117mA/117mA,,,,,,
148.288,HR,227,12703338,13654982,11364684,12296927,-87,192,-468,g5/117mA/117mA g5/117mA/117mA g4/117mA/117mA g4/117mA/117mA,,,,,,
148.288,HR,228,12717261,13657218,11368199,12284002,-85,191,-468,g5/117mA/117mA g5/117mA/117mA g4/117mA/117mA g4/117mA/117mA,,,,,,
148.289,HR,229,12731621,13658514,11372830,12275395,-81,182,-469,g5/117mA/117mA g5/117mA/117mA g4/117mA/117mA g4/117mA/117mA,,,,,,
148.314,HR,230,12746901,13666312,11377199,12271983,-83,186,-468,g5/117mA/117mA g5/117mA/117mA g4/117mA/117mA g4/117mA/117mA,,,,,,
148.314,HR,231,12761735,13678726,11381934,12272868,-84,190,-468,g5/117mA/117mA g5/117mA/117mA g4/117mA/117mA g4/117mA/117mA,,,,,,
148.314,HR,232,12774506,13690302,11388453,12278892,-79,191,-468,g5/117mA/117mA g5/117mA/117mA g4/117mA/117mA g4/117mA/117mA,,,,,,
148.314,HR,233,12782670,13701896,11395336,12288208,-82,190,-468,g5/117mA/117mA g5/117mA/117mA g4/117mA/117mA g4/117mA/117mA,,,,,,
148.314,HR,234,12791252,13715546,11402076,12295518,-86,190,-468,g5/117mA/117mA g5/117mA/117mA g4/117mA/117mA g4/117mA/117mA,,,,,,
148.319,HR,235,12799162,13729110,11409541,12304486,-86,190,-468,g5/117mA/117mA g5/117mA/117mA g4/117mA/117mA g4/117mA/117mA,,,,,,
148.319,HR,236,12806415,13741559,11415479,12313675,-85,190,-467,g5/117mA/117mA g5/117mA/117mA g4/117mA/117mA g4/117mA/117mA,,,,,,
148.319,HR,237,12814816,13754926,11421400,12320687,-84,190,-467,g5/117mA/117mA g5/117mA/117mA g4/117mA/117mA g4/117mA/117mA,,,,,,
148.319,HR,238,12824278,13769430,11428028,12328944,-83,190,-467,g5/117mA/117mA g5/117mA/117mA g4/117mA/117mA g4/117mA/117mA,,,,,,
148.319,HR,239,12832366,13780597,11432609,12339736,-85,189,-468,g5/117mA/117mA g5/117mA/117mA g4/117mA/117mA g4/117mA/117mA,,,,,,
148.319,HR,240,12838866,13789351,11437130,12353088,-89,189,-469,g5/117mA/117mA g5/117mA/117mA g4/117mA/117mA g4/117mA/117mA,,,,,,
148.341,HR,241,12846058,13797149,11441311,12364129,-92,189,-469,g5/117mA/117mA g5/117mA/117mA g4/117mA/117mA g4/117mA/117mA,,,,,,
148.341,HR,242,12849915,13795620,11442395,12364001,-92,189,-469,g5/117mA/117mA g5/117mA/117mA g4/117mA/117mA g4/117mA/117mA,61,100,0,1,0,0
148.377,HRV,209,12704123,13662318,11367005,12350904,-115,201,-470,g5/117mA/117mA g5/117mA/117mA g4/117mA/117mA g4/117mA/117mA,,,,,,
148.377,HRV,210,12709737,13663463,11369819,12348097,-94,190,-469,g5/117mA/117mA g5/117mA/117mA g4/117mA/117mA g4/117mA/117mA,,,,,,
148.378,HRV,211,12717519,13669803,11373625,12359120,-86,187,-468,g5/117mA/117mA g5/117mA/117mA g4/117mA/117mA g4/117mA/117mA,,,,,,
148.378,HRV,212,12727021,13677797,11379801,12377428,-90,191,-466,g5/117mA/117mA g5/117mA/117mA g4/117mA/117mA g4/117mA/117mA,,,,,,
148.378,HRV,213,12735766,13686736,11384220,12387384,-88,192,-466,g5/117mA/117mA g5/117mA/117mA g4/117mA/117mA g4/117mA/117mA,,,,,,
148.495,HRV,214,12742243,13696565,11388520,12395600,-86,192,-467,g5/117mA/117mA g5/117mA/117mA g4/117mA/117mA g4/117mA/117mA,,,,,,
148.496,HRV,215,12747685,13706400,11392632,12403550,-88,191,-467,g5/117mA/117mA g5/117mA/117mA g4/117mA/117mA g4/117mA/117mA,,,,,,
148.496,HRV,216,12754595,13715939,11396719,12411869,-87,191,-467,g5/117mA/117mA g5/117mA/117mA g4/117mA/117mA g4/117mA/117mA,,,,,,
148.496,HRV,217,12761940,13726935,11401035,12417089,-87,191,-467,g5/117mA/117mA g5/117mA/117mA g4/117mA/117mA g4/117mA/117mA,948,0,0,0,100,1
148.496,HRV,218,12765337,13737993,11404294,12422976,-88,192,-466,g5/117mA/117mA g5/117mA/117mA g4/117mA/117mA g4/117mA/117mA,,,,,,
148.498,HRV,219,12740244,13729580,11395619,12425220,-84,192,-466,g5/117mA/117mA g5/117mA/117mA g4/117mA/117mA g4/117mA/117mA,,,,,,
148.498,HRV,220,12705958,13700455,11376969,12400821,-81,192,-467,g5/117mA/117mA g5/117mA/117mA g4/117mA/117mA g4/117mA/117mA,,,,,,
148.498,HRV,221,12684816,13675527,11364769,12367217,-88,192,-467,g5/117mA/117mA g5/117mA/117mA g4/117mA/117mA g4/117mA/117mA,,,,,,
148.498,HRV,222,12678292,13664803,11359881,12351910,-91,189,-468,g5/117mA/117mA g5/117mA/117mA g4/117mA/117mA g4/117mA/117mA,,,,,,
148.498,HRV,223,12675654,13658344,11358498,12350256,-92,185,-469,g5/117mA/117mA g5/117mA/117mA g4/117mA/117mA g4/117mA/117mA,,,,,,
148.557,HRV,224,12676704,13652516,11358389,12347644,-87,188,-468,g5/117mA/117mA g5/117mA/117mA g4/117mA/117mA g4/117mA/117mA,,,,,,
148.558,HRV,225,12682206,13650317,11360769,12332118,-85,189,-468,g5/117mA/117mA g5/117mA/117mA g4/117mA/117mA g4/117mA/117mA,,,,,,
148.558,HRV,226,12691507,13651724,11362856,12315140,-87,189,-468,g5/117mA/117mA g5/117mA/117mA g4/117mA/117mA g4/117mA/117mA,,,,,,
148.558,HRV,227,12703338,13654982,11364684,12296927,-87,192,-468,g5/117mA/117mA g5/117mA/117mA g4/117mA/117mA g4/117mA/117mA,,,,,,
148.558,HRV,228,12717261,13657218,11368199,12284002,-85,191,-468,g5/117mA/117mA g5/117mA/117mA g4/117mA/117mA g4/117mA/117mA,,,,,,
148.558,HRV,229,12731621,13658514,11372830,12275395,-81,182,-469,g5/117mA/117mA g5/117mA/117mA g4/117mA/117mA g4/117mA/117mA,,,,,,
148.987,HRV,230,12746901,13666312,11377199,12271983,-83,186,-468,g5/117mA/117mA g5/117mA/117mA g4/117mA/117mA g4/117mA/117mA,,,,,,
148.987,HRV,231,12761735,13678726,11381934,12272868,-84,190,-468,g5/117mA/117mA g5/117mA/117mA g4/117mA/117mA g4/117mA/117mA,,,,,,
148.987,HRV,232,12774506,13690302,11388453,12278892,-79,191,-468,g5/117mA/117mA g5/117mA/117mA g4/117mA/117mA g4/117mA/117mA,,,,,,
148.987,HRV,233,12782670,13701896,11395336,12288208,-82,190,-468,g5/117mA/117mA g5/117mA/117mA g4/117mA/117mA g4/117mA/117mA,,,,,,
148.987,HRV,234,12791252,13715546,11402076,12295518,-86,190,-468,g5/117mA/117mA g5/117mA/117mA g4/117mA/117mA g4/117mA/117mA,,,,,,
149.036,HRV,235,12799162,13729110,11409541,12304486,-86,190,-468,g5/117mA/117mA g5/117mA/117mA g4/117mA/117mA g4/117mA/117mA,,,,,,
149.036,HRV,236,12806415,13741559,11415479,12313675,-85,190,-467,g5/117mA/117mA g5/117mA/117mA g4/117mA/117mA g4/117mA/117mA,,,,,,
149.036,HRV,237,12814816,13754926,11421400,12320687,-84,190,-467,g5/117mA/117mA g5/117mA/117mA g4/117mA/117mA g4/117mA/117mA,,,,,,
149.036,HRV,238,12824278,13769430,11428028,12328944,-83,190,-467,g5/117mA/117mA g5/117mA/117mA g4/117mA/117mA g4/117mA/117mA,,,,,,
149.036,HRV,239,12832366,13780597,11432609,12339736,-85,189,-468,g5/117mA/117mA g5/117mA/117mA g4/117mA/117mA g4/117mA/117mA,,,,,,
149.036,HRV,240,12838866,13789351,11437130,12353088,-89,189,-469,g5/117mA/117mA g5/117mA/117mA g4/117mA/117mA g4/117mA/117mA,,,,,,
149.094,HRV,241,12846058,13797149,11441311,12364129,-92,189,-469,g5/117mA/117mA g5/117mA/117mA g4/117mA/117mA g4/117mA/117mA,,,,,,
149.094,HRV,242,12849915,13795620,11442395,12364001,-92,189,-469,g5/117mA/117mA g5/117mA/117mA g4/117mA/117mA g4/117mA/117mA,1092,0,0,0,100,1
149.338,HR,243,12856602,13791099,11442932,12351417,-83,192,-468,g5/117mA/117mA g5/117mA/117mA g4/117mA/117mA g4/117mA/117mA,,,,,,
149.338,HR,244,12869868,13794665,11447283,12347799,-83,192,-467,g5/117mA/117mA g5/117mA/117mA g4/117mA/117mA g4/117mA/117mA,,,,,,
149.338,HR,245,12883484,13799980,11452358,12352072,-83,192,-467,g5/117mA/117mA g5/117mA/117mA g4/117mA/117mA g4/117mA/117mA,,,,,,
149.338,HR,246,12896290,13804373,11458315,12359325,-84,192,-467,g5/117mA/117mA g5/117mA/117mA g4/117mA/117mA g4/117mA/117mA,,,,,,
149.338,HR,247,12904966,13808118,11462759,12363266,-84,192,-467,g5/117mA/117mA g5/117mA/117mA g4/117mA/117mA g4/117mA/117mA,,,,,,
149.402,HR,248,12882905,13803588,11457366,12361448,-84,192,-468,g5/117mA/117mA g5/117mA/117mA g4/117mA/117mA g4/117mA/117mA,,,,,,
149.402,HR,249,12858154,13792899,11449801,12360466,-85,192,-468,g5/117mA/117mA g5/117mA/117mA g4/117mA/117mA g4/117mA/117mA,,,,,,
149.402,HR,250,12837971,13785409,11445449,12361945,-86,192,-468,g5/117mA/117mA g5/117mA/117mA g4/117mA/117mA g4/117mA/117mA,,,,,,
149.402,HR,251,12828466,13782227,11444835,12371789,-86,191,-468,g5/117mA/117mA g5/117mA/117mA g4/117mA/117mA g4/117mA/117mA,,,,,,
149.402,HR,252,12823629,13785570,11446284,12383758,-86,191,-468,g5/117mA/117mA g5/117mA/117mA g4/117mA/117mA g4/117mA/117mA,,,,,,
149.402,HR,253,12817060,13781944,11443249,12391290,-86,190,-468,g5/117mA/117mA g5/117mA/117mA g4/117mA/117mA g4/117mA/117mA,,,,,,
149.459,HR,254,12813528,13778148,11440414,12397077,-87,190,-468,g5/117mA/117mA g5/117mA/117mA g4/117mA/117mA g4/117mA/117mA,,,,,,
149.459,HR,255,12811020,13772851,11439042,12399191,-87,190,-468,g5/117mA/117mA g5/117mA/117mA g4/117mA/117mA g4/117mA/117mA,,,,,,
149.459,HR,0,12808520,13767092,11437217,12400684,-94,191,-468,g5/117mA/117mA g5/117mA/117mA g4/117mA/117mA g4/117mA/117mA,,,,,,
149.459,HR,1,12806686,13760831,11436840,12403004,-102,193,-468,g5/117mA/117mA g5/117mA/117mA g4/117mA/117mA g4/117mA/117mA,,,,,,
149.459,HR,2,12809843,13758928,11438437,12402500,-103,194,-468,g5/117mA/117mA g5/117mA/117mA g4/117mA/117mA g4/117mA/117mA,,,,,,
149.459,HR,3,12817956,13761546,11442692,12404718,-94,192,-469,g5/117mA/117mA g5/117mA/117mA g4/117mA/117mA g4/117mA/117mA,,,,,,
149.518,HR,4,12827741,13770147,11447523,12406306,-85,191,-470,g5/117mA/117mA g5/117mA/117mA g4/117mA/117mA g4/117mA/117mA,,,,,,
149.518,HR,5,12836931,13783854,11453612,12410009,-82,192,-468,g5/117mA/117mA g5/117mA/117mA g4/117mA/117mA g4/117mA/117mA,,,,,,
149.518,HR,6,12847731,13799161,11460940,12415871,-80,193,-467,g5/117mA/117mA g5/117mA/117mA g4/117mA/117mA g4/117mA/117mA,,,,,,
149.518,HR,7,12860534,13815499,11467850,12419196,-80,193,-467,g5/117mA/117mA g5/117mA/117mA g4/117mA/117mA g4/117mA/117mA,,,,,,
149.518,HR,8,12871796,13830641,11473678,12424453,-82,193,-467,g5/117mA/117mA g5/117mA/117mA g4/117mA/117mA g4/117mA/117mA,,,,,,
149.518,HR,9,12880864,13843763,11478354,12432839,-84,193,-467,g5/117mA/117mA g5/117mA/117mA g4/117mA/117mA g4/117mA/117mA,,,,,,
149.519,HR,10,12888568,13853120,11481945,12442147,-84,193,-467,g5/117mA/117mA g5/117mA/117mA g4/117mA/117mA g4/117mA/117mA,,,,,,
149.519,HR,11,12897288,13862028,11485153,12450285,-85,194,-467,g5/117mA/117mA g5/117mA/117mA g4/117mA/117mA g4/117mA/117mA,60,100,0,1,0,0
149.519,HR,12,12904914,13870653,11488404,12458056,-86,194,-467,g5/117mA/117mA g5/117mA/117mA g4/117mA/117mA g4/117mA/117mA,,,,,,
149.519,HR,13,12905879,13867624,11487908,12458901,-86,192,-467,g5/117mA/117mA g5/117mA/117mA g4/117mA/117mA g4/117mA/117mA,,,,,,
149.519,HR,14,12908567,13863854,11487825,12444534,-86,192,-467,g5/117mA/117mA g5/117mA/117mA g4/117mA/117mA g4/117mA/117mA,,,,,,
149.548,HR,15,12916415,13865294,11490613,12431311,-85,192,-467,g5/117mA/117mA g5/117mA/117mA g4/117mA/117mA g4/117mA/117mA,,,,,,
149.548,HR,16,12925526,13869979,11494162,12430867,-85,192,-467,g5/117mA/117mA g5/117mA/117mA g4/117mA/117mA g4/117mA/117mA,,,,,,
149.548,HR,17,12934552,13873792,11498358,12435399,-84,192,-468,g5/117mA/117mA g5/117mA/117mA g4/117mA/117mA g4/117mA/117mA,,,,,,
149.548,HR,18,12943017,13877309,11502292,12438826,-83,192,-468,g5/117mA/117mA g5/117mA/117mA g4/117mA/117mA g4/117mA/117mA,,,,,,
149.548,HR,19,12945438,13881291,11504417,12438930,-83,191,-468,g5/117mA/117mA g5/117mA/117mA g4/117mA/117mA g4/117mA/117mA,,,,,,
149.548,HR,20,12917875,13871710,11495255,12431918,-84,190,-468,g5/117mA/117mA g5/117mA/117mA g4/117mA/117mA g4/117mA/117mA,,,,,,
149.64,HRV,243,12856602,13791099,11442932,12351417,-83,192,-468,g5/117mA/117mA g5/117mA/117mA g4/117mA/117mA g4/117mA/117mA,,,,,,
149.64,HRV,244,12869868,13794665,11447283,12347799,-83,192,-467,g5/117mA/117mA g5/117mA/117mA g4/117mA/117mA g4/117mA/117mA,,,,,,
149.64,HRV,245,12883484,13799980,11452358,12352072,-83,192,-467,g5/117mA/117mA g5/117mA/117mA g4/117mA/117mA g4/117mA/117mA,,,,,,
149.64,HRV,246,12896290,13804373,11458315,12359325,-84,192,-467,g5/117mA/117mA g5/117mA/117mA g4/117mA/117mA g4/117mA/117mA,,,,,,
149.64,HRV,247,12904966,13808118,11462759,12363266,-84,192,-467,g5/117mA/117mA g5/117mA/117mA g4/117mA/117mA g4/117mA/117mA,,,,,,
149.666,HRV,248,12882905,13803588,11457366,12361448,-84,192,-468,g5/117mA/117mA g5/117mA/117mA g4/117mA/117mA g4/117mA/117mA,,,,,,
149.666,HRV,249,12858154,13792899,11449801,12360466,-85,192,-468,g5/117mA/117mA g5/117mA/117mA g4/117mA/117mA g4/117mA/117mA,,,,,,
149.666,HRV,250,12837971,13785409,11445449,12361945,-86,192,-468,g5/117mA/117mA g5/117mA/117mA g4/117mA/117mA g4/117mA/117mA,,,,,,
149.666,HRV,251,12828466,13782227,11444835,12371789,-86,191,-468,g5/117mA/117mA g5/117mA/117mA g4/117mA/117mA g4/117mA/117mA,,,,,,
149.666,HRV,252,12823629,13785570,11446284,12383758,-86,191,-468,g5/117mA/117mA g5/117mA/117mA g4/117mA/117mA g4/117mA/117mA,,,,,,
149.666,HRV,253,12817060,13781944,11443249,12391290,-86,190,-468,g5/117mA/117mA g5/117mA/117mA g4/117mA/117mA g4/117mA/117mA,,,,,,
149.696,HRV,254,12813528,13778148,11440414,12397077,-87,190,-468,g5/117mA/117mA g5/117mA/117mA g4/117mA/117mA g4/117mA/117mA,,,,,,
149.696,HRV,255,12811020,13772851,11439042,12399191,-87,190,-468,g5/117mA/117mA g5/117mA/117mA g4/117mA/117mA g4/117mA/117mA,,,,,,
149.696,HRV,0,12808520,13767092,11437217,12400684,-94,191,-468,g5/117mA/117mA g5/117mA/117mA g4/117mA/117mA g4/117mA/117mA,,,,,,
149.696,HRV,1,12806686,13760831,11436840,12403004,-102,193,-468,g5/117mA/117mA g5/117mA/117mA g4/117mA/117mA g4/117mA/117mA,,,,,,
149.696,HRV,2,12809843,13758928,11438437,12402500,-103,194,-468,g5/117mA/117mA g5/117mA/117mA g4/117mA/117mA g4/117mA/117mA,,,,,,
149.696,HRV,3,12817956,13761546,11442692,12404718,-94,192,-469,g5/117mA/117mA g5/117mA/117mA g4/117mA/117mA g4/117mA/117mA,,,,,,
149.82,HRV,4,12827741,13770147,11447523,12406306,-85,191,-470,g5/117mA/117mA g5/117mA/117mA g4/117mA/117mA g4/117mA/117mA,,,,,,
149.82,HRV,5,12836931,13783854,11453612,12410009,-82,192,-468,g5/117mA/117mA g5/117mA/117mA g4/117mA/117mA g4/117mA/117mA,,,,,,
149.82,HRV,6,12847731,13799161,11460940,12415871,-80,193,-467,g5/117mA/117mA g5/117mA/117mA g4/117mA/117mA g4/117mA/117mA,,,,,,
149.82,HRV,7,12860534,13815499,11467850,12419196,-80,193,-467,g5/117mA/117mA g5/117mA/117mA g4/117mA/117mA g4/117mA/117mA,,,,,,
149.82,HRV,8,12871796,13830641,11473678,12424453,-82,193,-467,g5/117mA/117mA g5/117mA/117mA g4/117mA/117mA g4/117mA/117mA,,,,,,
149.82,HRV,9,12880864,13843763,11478354,12432839,-84,193,-467,g5/117mA/117mA g5/117mA/117mA g4/117mA/117mA g4/117mA/117mA,,,,,,
149.82,HRV,10,12888568,13853120,11481945,12442147,-84,193,-467,g5/117mA/117mA g5/117mA/117mA g4/117mA/117mA g4/117mA/117mA,,,,,,
149.82,HRV,11,12897288,13862028,11485153,12450285,-85,194,-467,g5/117mA/117mA g5/117mA/117mA g4/117mA/117mA g4/117mA/117mA,1116,0,0,0,100,1
149.821,HRV,12,12904914,13870653,11488404,12458056,-86,194,-467,g5/117mA/117mA g5/117mA/117mA g4/117mA/117mA g4/117mA/117mA,,,,,,
149.821,HRV,13,12905879,13867624,11487908,12458901,-86,192,-467,g5/117mA/117mA g5/117mA/117mA g4/117mA/117mA g4/117mA/117mA,,,,,,
149.876,HRV,14,12908567,13863854,11487825,12444534,-86,192,-467,g5/117mA/117mA g5/117mA/117mA g4/117mA/117mA g4/117mA/117mA,,,,,,
149.876,HRV,15,12916415,13865294,11490613,12431311,-85,192,-467,g5/117mA/117mA g5/117mA/117mA g4/117mA/117mA g4/117mA/117mA,,,,,,
149.876,HRV,16,12925526,13869979,11494162,12430867,-85,192,-467,g5/117mA/117mA g5/117mA/117mA g4/117mA/117mA g4/117mA/117mA,,,,,,
149.876,HRV,17,12934552,13873792,11498358,12435399,-84,192,-468,g5/117mA/117mA g5/117mA/117mA g4/117mA/117mA g4/117mA/117mA,,,,,,
149.876,HRV,18,12943017,13877309,11502292,12438826,-83,192,-468,g5/117mA/117mA g5/117mA/117mA g4/117mA/117mA g4/117mA/117mA,,,,,,
149.876,HRV,19,12945438,13881291,11504417,12438930,-83,191,-468,g5/117mA/117mA g5/117mA/117mA g4/117mA/117mA g4/117mA/117mA,,,,,,
149.883,HRV,20,12917875,13871710,11495255,12431918,-84,190,-468,g5/117mA/117mA g5/117mA/117mA g4/117mA/117mA g4/117mA/117mA,,,,,,
