t,func,frame_id,ch,rawdata,agc,hr_bpm,hr_conf,spo2_pct,spo2_conf
1.319,HR,0,0,10551595,g5/25mA/0mA,,,,
1.319,HR,0,1,10023921,g5/25mA/0mA,,,,
1.319,HR,0,2,10578069,g5/25mA/0mA,,,,
1.319,HR,0,3,13427063,g5/25mA/0mA,,,,
1.319,HR,1,0,10550709,g5/25mA/0mA,,,,
1.319,HR,1,1,10022821,g5/25mA/0mA,,,,
1.319,HR,1,2,10578273,g5/25mA/0mA,,,,
1.319,HR,1,3,13429759,g5/25mA/0mA,,,,
1.319,HR,2,0,10551570,g5/25mA/0mA,,,,
1.319,HR,2,1,10022128,g5/25mA/0mA,,,,
1.319,HR,2,2,10577267,g5/25mA/0mA,,,,
1.319,HR,2,3,13426917,g5/25mA/0mA,,,,
1.319,HR,3,0,10553669,g5/25mA/0mA,,,,
1.319,HR,3,1,10021592,g5/25mA/0mA,,,,
1.319,HR,3,2,10576224,g5/25mA/0mA,,,,
1.319,HR,3,3,13423463,g5/25mA/0mA,,,,
1.319,HR,4,0,10553788,g5/25mA/0mA,,,,
1.319,HR,4,1,10022701,g5/25mA/0mA,,,,
1.319,HR,4,2,10577259,g5/25mA/0mA,,,,
1.319,HR,4,3,13425764,g5/25mA/0mA,,,,
1.319,HR,5,0,10553703,g5/25mA/0mA,,,,
1.319,HR,5,1,10023811,g5/25mA/0mA,,,,
1.319,HR,5,2,10579263,g5/25mA/0mA,,,,
1.319,HR,5,3,13432598,g5/25mA/0mA,,,,
1.322,HR,6,0,10554444,g5/25mA/0mA,,,,
1.322,HR,6,1,10023649,g5/25mA/0mA,,,,
1.322,HR,6,2,10580491,g5/25mA/0mA,,,,
1.322,HR,6,3,13437871,g5/25mA/0mA,,,,
1.322,HR,7,0,10557781,g5/25mA/0mA,,,,
1.322,HR,7,1,10023792,g5/25mA/0mA,,,,
1.322,HR,7,2,10580175,g5/25mA/0mA,,,,
1.322,HR,7,3,13435388,g5/25mA/0mA,,,,
1.322,HR,8,0,10559683,g5/25mA/0mA,,,,
1.322,HR,8,1,10024518,g5/25mA/0mA,,,,
1.322,HR,8,2,10579579,g5/25mA/0mA,,,,
1.322,HR,8,3,13432497,g5/25mA/0mA,,,,
1.322,HR,9,0,10560229,g5/25mA/0mA,,,,
1.322,HR,9,1,10026036,g5/25mA/0mA,,,,
1.322,HR,9,2,10580765,g5/25mA/0mA,,,,
1.322,HR,9,3,13436036,g5/25mA/0mA,,,,
1.322,HR,10,0,10560239,g5/25mA/0mA,,,,
1.322,HR,10,1,10027053,g5/25mA/0mA,,,,
1.322,HR,10,2,10583058,g5/25mA/0mA,,,,
1.322,HR,10,3,13442392,g5/25mA/0mA,,,,
1.322,HR,11,0,10560655,g5/25mA/0mA,,,,
1.322,HR,11,1,10027682,g5/25mA/0mA,,,,
1.322,HR,11,2,10584432,g5/25mA/0mA,,,,
1.322,HR,11,3,13447912,g5/25mA/0mA,,,,
1.322,HR,12,0,10563668,g5/25mA/0mA,,,,
1.322,HR,12,1,10027844,g5/25mA/0mA,,,,
1.322,HR,12,2,10584244,g5/25mA/0mA,,,,
1.322,HR,12,3,13445217,g5/25mA/0mA,,,,
1.322,HR,13,0,10565851,g5/25mA/0mA,,,,
1.322,HR,13,1,10028639,g5/25mA/0mA,,,,
1.322,HR,13,2,10583894,g5/25mA/0mA,,,,
1.322,HR,13,3,13442128,g5/25mA/0mA,,,,
1.322,HR,14,0,10566610,g5/25mA/0mA,,,,
1.322,HR,14,1,10030686,g5/25mA/0mA,,,,
1.322,HR,14,2,10585439,g5/25mA/0mA,,,,
1.322,HR,14,3,13446180,g5/25mA/0mA,,,,
1.322,HR,15,0,10566380,g5/25mA/0mA,,,,
1.322,HR,15,1,10032291,g5/25mA/0mA,,,,
1.322,HR,15,2,10587889,g5/25mA/0mA,,,,
1.322,HR,15,3,13452707,g5/25mA/0mA,,,,
1.322,HR,16,0,10567864,g5/25mA/0mA,,,,
1.322,HR,16,1,10032870,g5/25mA/0mA,,,,
1.322,HR,16,2,10589602,g5/25mA/0mA,,,,
1.322,HR,16,3,13457485,g5/25mA/0mA,,,,
1.322,HR,17,0,10570835,g5/25mA/0mA,,,,
1.322,HR,17,1,10033869,g5/25mA/0mA,,,,
1.322,HR,17,2,10589577,g5/25mA/0mA,,,,
1.322,HR,17,3,13456401,g5/25mA/0mA,,,,
1.322,HR,18,0,10569357,g5/25mA/0mA,,,,
1.322,HR,18,1,10032905,g5/25mA/0mA,,,,
1.322,HR,18,2,10587393,g5/25mA/0mA,,,,
1.322,HR,18,3,13449023,g5/25mA/0mA,,,,
1.322,HR,19,0,10559675,g5/25mA/0mA,,,,
1.322,HR,19,1,10028544,g5/25mA/0mA,,,,
1.322,HR,19,2,10584568,g5/25mA/0mA,,,,
1.322,HR,19,3,13442087,g5/25mA/0mA,,,,
1.352,HR,20,0,10550154,g5/25mA/0mA,,,,
1.352,HR,20,1,10024987,g5/25mA/0mA,,,,
1.352,HR,20,2,10582504,g5/25mA/0mA,,,,
1.352,HR,20,3,13437112,g5/25mA/0mA,,,,
1.352,HR,21,0,10545512,g5/25mA/0mA,,,,
1.352,HR,21,1,10021634,g5/25mA/0mA,,,,
1.352,HR,21,2,10579485,g5/25mA/0mA,,,,
1.352,HR,21,3,13432829,g5/25mA/0mA,,,,
1.352,HR,22,0,10546450,g5/25mA/0mA,,,,
1.352,HR,22,1,10018563,g5/25mA/0mA,,,,
1.352,HR,22,2,10576438,g5/25mA/0mA,,,,
1.352,HR,22,3,13426028,g5/25mA/0mA,,,,
1.352,HR,23,0,10547192,g5/25mA/0mA,,,,
1.352,HR,23,1,10017624,g5/25mA/0mA,,,,
1.352,HR,23,2,10575167,g5/25mA/0mA,,,,
1.352,HR,23,3,13420296,g5/25mA/0mA,,,,
1.352,HR,24,0,10545743,g5/25mA/0mA,,,,
1.352,HR,24,1,10017429,g5/25mA/0mA,,,,
1.352,HR,24,2,10575738,g5/25mA/0mA,,,,
1.352,HR,24,3,13422421,g5/25mA/0mA,,,,
1.352,HR,25,0,10544251,g5/25mA/0mA,,,,
1.352,HR,25,1,10018103,g5/25mA/0mA,,,,
1.352,HR,25,2,10577052,g5/25mA/0mA,,,,
1.352,HR,25,3,13427599,g5/25mA/0mA,,,,
1.352,HR,26,0,10544378,g5/25mA/0mA,,,,
1.352,HR,26,1,10017154,g5/25mA/0mA,,,,
1.352,HR,26,2,10577684,g5/25mA/0mA,,,,
1.352,HR,26,3,13429809,g5/25mA/0mA,,,,
1.353,HR,27,0,10546639,g5/25mA/0mA,,,,
1.353,HR,27,1,10016901,g5/25mA/0mA,,,,
1.353,HR,27,2,10576337,g5/25mA/0mA,,,,
1.353,HR,27,3,13426618,g5/25mA/0mA,,,,
1.353,HR,28,0,10547535,g5/25mA/0mA,,,,
1.353,HR,28,1,10017130,g5/25mA/0mA,,,,
1.353,HR,28,2,10574903,g5/25mA/0mA,,,,
1.353,HR,28,3,13419716,g5/25mA/0mA,,,,
1.353,HR,29,0,10545855,g5/25mA/0mA,,,,
1.353,HR,29,1,10016643,g5/25mA/0mA,,,,
1.353,HR,29,2,10576029,g5/25mA/0mA,,,,
1.353,HR,29,3,13422020,g5/25mA/0mA,,,,
1.353,HR,30,0,10544258,g5/25mA/0mA,,,,
1.353,HR,30,1,10017292,g5/25mA/0mA,,,,
1.353,HR,30,2,10577240,g5/25mA/0mA,,,,
1.353,HR,30,3,13425893,g5/25mA/0mA,,,,
1.353,HR,31,0,10545436,g5/25mA/0mA,,,,
1.353,HR,31,1,10017089,g5/25mA/0mA,,,,
1.353,HR,31,2,10577037,g5/25mA/0mA,,,,
1.353,HR,31,3,13426277,g5/25mA/0mA,,,,
1.353,HR,32,0,10548849,g5/25mA/0mA,,,,
1.353,HR,32,1,10017700,g5/25mA/0mA,,,,
1.353,HR,32,2,10577300,g5/25mA/0mA,,,,
1.353,HR,32,3,13426781,g5/25mA/0mA,,,,
1.444,SPO2,0,0,16601144,g2/63mA/0mA,,,,
1.444,SPO2,0,1,16777215,g2/51mA/0mA,,,,
1.444,SPO2,1,0,16601236,g2/63mA/0mA,,,,
1.444,SPO2,1,1,16777215,g2/51mA/0mA,,,,
1.444,SPO2,2,0,16601291,g2/63mA/0mA,,,,
1.444,SPO2,2,1,16777215,g2/51mA/0mA,,,,
1.444,SPO2,3,0,16601185,g2/63mA/0mA,,,,
1.444,SPO2,3,1,16777215,g2/51mA/0mA,,,,
1.444,SPO2,4,0,16601264,g2/63mA/0mA,,,,
1.444,SPO2,4,1,16777215,g2/51mA/0mA,,,,
1.444,SPO2,5,0,16601273,g2/63mA/0mA,,,,
1.444,SPO2,5,1,16777215,g2/51mA/0mA,,,,
1.444,SPO2,6,0,16601250,g2/63mA/0mA,,,,
1.444,SPO2,6,1,16777215,g2/51mA/0mA,,,,
1.444,SPO2,7,0,16601198,g2/63mA/0mA,,,,
1.444,SPO2,7,1,16777215,g2/51mA/0mA,,,,
1.444,SPO2,8,0,16601250,g2/63mA/0mA,,,,
1.444,SPO2,8,1,16777215,g2/51mA/0mA,,,,
1.445,SPO2,9,0,16601335,g2/63mA/0mA,,,,
1.445,SPO2,9,1,16777215,g2/51mA/0mA,,,,
1.445,SPO2,10,0,16601274,g2/63mA/0mA,,,,
1.445,SPO2,10,1,16777215,g2/51mA/0mA,,,,
1.445,SPO2,11,0,16601312,g2/63mA/0mA,,,,
1.445,SPO2,11,1,16777215,g2/51mA/0mA,,,,
1.445,SPO2,12,0,16601404,g2/63mA/0mA,,,,
1.445,SPO2,12,1,16777215,g2/51mA/0mA,,,,
1.445,SPO2,13,0,16601212,g2/63mA/0mA,,,,
1.445,SPO2,13,1,16777215,g2/51mA/0mA,,,,
1.445,SPO2,14,0,16601200,g2/63mA/0mA,,,,
1.445,SPO2,14,1,16777215,g2/51mA/0mA,,,,
1.445,SPO2,15,0,16601239,g2/63mA/0mA,,,,
1.445,SPO2,15,1,16777215,g2/51mA/0mA,,,,
1.445,SPO2,16,0,16601162,g2/63mA/0mA,,,,
1.445,SPO2,16,1,16777215,g2/51mA/0mA,,,,
1.445,SPO2,17,0,16601256,g2/63mA/0mA,,,,
1.445,SPO2,17,1,16777215,g2/51mA/0mA,,,,
1.445,SPO2,18,0,16601353,g2/63mA/0mA,,,,
1.445,SPO2,18,1,16777215,g2/51mA/0mA,,,,
1.445,SPO2,19,0,16601273,g2/63mA/0mA,,,,
1.445,SPO2,19,1,16777215,g2/51mA/0mA,,,,
1.445,SPO2,20,0,16601324,g2/63mA/0mA,,,,
1.445,SPO2,20,1,16777215,g2/51mA/0mA,,,,
1.445,SPO2,21,0,16601233,g2/63mA/0mA,,,,
1.445,SPO2,21,1,16777215,g2/51mA/0mA,,,,
1.445,SPO2,22,0,16601255,g2/63mA/0mA,,,,
1.445,SPO2,22,1,16777215,g2/51mA/0mA,,,,
1.445,SPO2,23,0,16601233,g2/63mA/0mA,,,,
1.445,SPO2,23,1,16777215,g2/51mA/0mA,,,,
1.445,SPO2,24,0,16601243,g2/63mA/0mA,,,,
1.445,SPO2,24,1,16777215,g2/51mA/0mA,,,,
1.445,SPO2,25,0,16601311,g2/63mA/0mA,,,,
1.445,SPO2,25,1,16777215,g2/51mA/0mA,,,,
1.445,SPO2,26,0,16601206,g2/63mA/0mA,,,,
1.445,SPO2,26,1,16777215,g2/51mA/0mA,,,,
1.445,SPO2,27,0,16601324,g2/63mA/0mA,,,,
1.445,SPO2,27,1,16777215,g2/51mA/0mA,,,,
1.446,SPO2,28,0,16601291,g2/63mA/0mA,,,,
1.446,SPO2,28,1,16777215,g2/51mA/0mA,,,,
1.446,SPO2,29,0,16601231,g2/63mA/0mA,,,,
1.446,SPO2,29,1,16777215,g2/51mA/0mA,,,,
1.446,SPO2,30,0,16601225,g2/63mA/0mA,,,,
1.446,SPO2,30,1,16777215,g2/51mA/0mA,,,,
1.446,SPO2,31,0,16601198,g2/63mA/0mA,,,,
1.446,SPO2,31,1,16777215,g2/51mA/0mA,,,,
1.446,SPO2,32,0,16601195,g2/63mA/0mA,,,,
1.446,SPO2,32,1,16777215,g2/51mA/0mA,,,,
2.639,HR,33,0,10551340,g5/54mA/54mA,,,,
2.639,HR,33,1,10019519,g5/54mA/54mA,,,,
2.639,HR,33,2,10577974,g5/54mA/54mA,,,,
2.639,HR,33,3,13425689,g5/54mA/54mA,,,,
2.639,HR,34,0,16285569,g5/54mA/54mA,,,,
2.639,HR,34,1,14278386,g5/54mA/54mA,,,,
2.639,HR,34,2,16537616,g5/54mA/54mA,,,,
2.639,HR,34,3,16521023,g5/54mA/54mA,,,,
2.639,HR,35,0,16284970,g5/54mA/54mA,,,,
2.639,HR,35,1,14282754,g5/54mA/54mA,,,,
2.639,HR,35,2,16537734,g5/54mA/54mA,,,,
2.639,HR,35,3,16521049,g5/54mA/54mA,,,,
2.639,HR,36,0,16291455,g5/54mA/54mA,,,,
2.639,HR,36,1,14289145,g5/54mA/54mA,,,,
2.639,HR,36,2,16537743,g5/54mA/54mA,,,,
2.639,HR,36,3,16521090,g5/54mA/54mA,,,,
2.639,HR,37,0,16303911,g5/54mA/54mA,,,,
2.639,HR,37,1,14291414,g5/54mA/54mA,,,,
2.639,HR,37,2,16537659,g5/54mA/54mA,,,,
2.639,HR,37,3,16521125,g5/54mA/54mA,,,,
2.639,HR,38,0,16313149,g5/54mA/54mA,,,,
2.639,HR,38,1,14292267,g5/54mA/54mA,,,,
2.639,HR,38,2,16537580,g5/54mA/54mA,,,,
2.639,HR,38,3,16521116,g5/54mA/54mA,,,,
2.679,HR,39,0,16310301,g5/54mA/54mA,,,,
2.679,HR,39,1,14295151,g5/54mA/54mA,,,,
2.679,HR,39,2,16537641,g5/54mA/54mA,,,,
2.679,HR,39,3,16521038,g5/54mA/54mA,,,,
2.679,HR,40,0,16309096,g5/54mA/54mA,,,,
2.679,HR,40,1,14301763,g5/54mA/54mA,,,,
2.679,HR,40,2,16537428,g5/54mA/54mA,,,,
2.679,HR,40,3,16521140,g5/54mA/54mA,,,,
2.679,HR,41,0,16318115,g5/54mA/54mA,,,,
2.679,HR,41,1,14305534,g5/54mA/54mA,,,,
2.679,HR,41,2,16537625,g5/54mA/54mA,,,,
2.679,HR,41,3,16520978,g5/54mA/54mA,,,,
2.679,HR,42,0,16329760,g5/54mA/54mA,,,,
2.679,HR,42,1,14308442,g5/54mA/54mA,,,,
2.679,HR,42,2,16537718,g5/54mA/54mA,,,,
2.679,HR,42,3,16520996,g5/54mA/54mA,,,,
2.679,HR,43,0,16335665,g5/54mA/54mA,,,,
2.679,HR,43,1,14313492,g5/54mA/54mA,,,,
2.679,HR,43,2,16537700,g5/54mA/54mA,,,,
2.679,HR,43,3,16521192,g5/54mA/54mA,,,,
2.679,HR,44,0,16333692,g5/54mA/54mA,,,,
2.679,HR,44,1,14318621,g5/54mA/54mA,,,,
2.679,HR,44,2,16537693,g5/54mA/54mA,,,,
2.679,HR,44,3,16521083,g5/54mA/54mA,,,,
2.679,HR,45,0,16338078,g5/54mA/54mA,,,,
2.679,HR,45,1,14327040,g5/54mA/54mA,,,,
2.679,HR,45,2,16537591,g5/54mA/54mA,,,,
2.679,HR,45,3,16521399,g5/54mA/54mA,,,,
2.789,HR,46,0,16346694,g5/54mA/54mA,,,,
2.789,HR,46,1,14332365,g5/54mA/54mA,,,,
2.789,HR,46,2,16537641,g5/54mA/54mA,,,,
2.789,HR,46,3,16521210,g5/54mA/54mA,,,,
2.789,HR,47,0,16339315,g5/54mA/54mA,,,,
2.789,HR,47,1,14327364,g5/54mA/54mA,,,,
2.789,HR,47,2,16537794,g5/54mA/54mA,,,,
2.789,HR,47,3,16521185,g5/54mA/54mA,,,,
2.789,HR,48,0,16307160,g5/54mA/54mA,,,,
2.790,HR,48,1,14310857,g5/54mA/54mA,,,,
2.790,HR,48,2,16537674,g5/54mA/54mA,,,,
2.790,HR,48,3,16521065,g5/54mA/54mA,,,,
2.790,HR,49,0,16275605,g5/54mA/54mA,,,,
2.790,HR,49,1,14294213,g5/54mA/54mA,,,,
2.790,HR,49,2,16537614,g5/54mA/54mA,,,,
2.790,HR,49,3,16521175,g5/54mA/54mA,,,,
2.790,HR,50,0,16262764,g5/54mA/54mA,,,,
2.790,HR,50,1,14284392,g5/54mA/54mA,,,,
2.790,HR,50,2,16537761,g5/54mA/54mA,,,,
2.790,HR,50,3,16521236,g5/54mA/54mA,,,,
2.790,HR,51,0,16264615,g5/54mA/54mA,,,,
2.790,HR,51,1,14274872,g5/54mA/54mA,,,,
2.790,HR,51,2,16537829,g5/54mA/54mA,,,,
2.790,HR,51,3,16521158,g5/54mA/54mA,,,,
2.790,HR,52,0,16266091,g5/54mA/54mA,,,,
2.790,HR,52,1,14271202,g5/54mA/54mA,,,,
2.790,HR,52,2,16537667,g5/54mA/54mA,,,,
2.790,HR,52,3,16521023,g5/54mA/54mA,,,,
2.791,HR,53,0,16260255,g5/54mA/54mA,,,,
2.791,HR,53,1,14271835,g5/54mA/54mA,,,,
2.791,HR,53,2,16537727,g5/54mA/54mA,,,,
2.791,HR,53,3,16521125,g5/54mA/54mA,,,,
2.791,HR,54,0,16256110,g5/54mA/54mA,,,,
2.791,HR,54,1,14274335,g5/54mA/54mA,,,,
2.791,HR,54,2,16537580,g5/54mA/54mA,,,,
2.791,HR,54,3,16521125,g5/54mA/54mA,,,,
2.791,HR,55,0,16257620,g5/54mA/54mA,,,,
2.791,HR,55,1,14275306,g5/54mA/54mA,,,,
2.791,HR,55,2,16537871,g5/54mA/54mA,,,,
2.791,HR,55,3,16521140,g5/54mA/54mA,,,,
2.791,HR,56,0,16261092,g5/54mA/54mA,,,,
2.791,HR,56,1,14276365,g5/54mA/54mA,,,,
2.791,HR,56,2,16537625,g5/54mA/54mA,,,,
2.791,HR,56,3,16521038,g5/54mA/54mA,,,,
2.791,HR,57,0,16261714,g5/54mA/54mA,,,,
2.791,HR,57,1,14278266,g5/54mA/54mA,,,,
2.791,HR,57,2,16537667,g5/54mA/54mA,,,,
2.791,HR,57,3,16521023,g5/54mA/54mA,,,,
2.791,HR,58,0,16253901,g5/54mA/54mA,,,,
2.791,HR,58,1,14275179,g5/54mA/54mA,,,,
2.791,HR,58,2,16537907,g5/54mA/54mA,,,,
2.791,HR,58,3,16521158,g5/54mA/54mA,,,,
2.791,HR,59,0,16249916,g5/54mA/54mA,,,,
2.791,HR,59,1,14275981,g5/54mA/54mA,,,,
2.791,HR,59,2,16537709,g5/54mA/54mA,,,,
2.791,HR,59,3,16521210,g5/54mA/54mA,,,,
2.825,HR,60,0,16254958,g5/54mA/54mA,,,,
2.825,HR,60,1,14279165,g5/54mA/54mA,,,,
2.825,HR,60,2,16537779,g5/54mA/54mA,,,,
2.825,HR,60,3,16521080,g5/54mA/54mA,,,,
2.825,HR,61,0,16262072,g5/54mA/54mA,,,,
2.825,HR,61,1,14278344,g5/54mA/54mA,,,,
2.825,HR,61,2,16537776,g5/54mA/54mA,,,,
2.825,HR,61,3,16521083,g5/54mA/54mA,,,,
2.825,HR,62,0,16269912,g5/54mA/54mA,,,,
2.825,HR,62,1,14280032,g5/54mA/54mA,,,,
2.825,HR,62,2,16537641,g5/54mA/54mA,,,,
2.825,HR,62,3,16521200,g5/54mA/54mA,,,,
2.825,HR,63,0,16265460,g5/54mA/54mA,,,,
2.825,HR,63,1,14279795,g5/54mA/54mA,,,,
2.825,HR,63,2,16537496,g5/54mA/54mA,,,,
2.825,HR,63,3,16520918,g5/54mA/54mA,,,,
2.825,HR,64,0,16265195,g5/54mA/54mA,,,,
2.825,HR,64,1,14283360,g5/54mA/54mA,,,,
2.825,HR,64,2,16537649,g5/54mA/54mA,,,,
2.825,HR,64,3,16520885,g5/54mA/54mA,,,,
2.825,HR,65,0,16273572,g5/54mA/54mA,,,,
2.825,HR,65,1,14286431,g5/54mA/54mA,,,,
2.825,HR,65,2,16537614,g5/54mA/54mA,,,,
2.825,HR,65,3,16521056,g5/54mA/54mA,,,,
2.825,HR,66,0,16279528,g5/54mA/54mA,,,,
2.825,HR,66,1,14290466,g5/54mA/54mA,,,,
2.825,HR,66,2,16537752,g5/54mA/54mA,,,,
2.825,HR,66,3,16520955,g5/54mA/54mA,,,,
2.825,SPO2,33,0,16601152,g2/33mA/0mA,,,,
2.825,SPO2,33,1,16777215,g2/22mA/0mA,,,,
2.825,SPO2,34,0,16602076,g2/33mA/0mA,,,,
2.825,SPO2,34,1,15257312,g2/22mA/0mA,,,,
2.825,SPO2,35,0,16602024,g2/33mA/0mA,,,,
2.825,SPO2,35,1,15256017,g2/22mA/0mA,,,,
2.825,SPO2,36,0,16602089,g2/33mA/0mA,,,,
2.825,SPO2,36,1,15259080,g2/22mA/0mA,,,,
2.825,SPO2,37,0,16602127,g2/33mA/0mA,,,,
2.825,SPO2,37,1,15263996,g2/22mA/0mA,,,,
2.825,SPO2,38,0,16602027,g2/33mA/0mA,,,,
2.825,SPO2,38,1,15265832,g2/22mA/0mA,,,,
2.825,SPO2,39,0,16602148,g2/33mA/0mA,,,,
2.825,SPO2,39,1,15261527,g2/22mA/0mA,,,,
2.825,SPO2,40,0,16601994,g2/33mA/0mA,,,,
2.825,SPO2,40,1,15260872,g2/22mA/0mA,,,,
2.825,SPO2,41,0,16602112,g2/33mA/0mA,,,,
2.825,SPO2,41,1,15264959,g2/22mA/0mA,,,,
2.826,SPO2,42,0,16602117,g2/33mA/0mA,,,,
2.826,SPO2,42,1,15269008,g2/22mA/0mA,,,,
2.826,SPO2,43,0,16602127,g2/33mA/0mA,,,,
2.826,SPO2,43,1,15269514,g2/22mA/0mA,,,,
2.826,SPO2,44,0,16602013,g2/33mA/0mA,,,,
2.826,SPO2,44,1,15266368,g2/22mA/0mA,,,,
2.826,SPO2,45,0,16602158,g2/33mA/0mA,,,,
2.826,SPO2,45,1,15267722,g2/22mA/0mA,,,,
2.826,SPO2,46,0,16602038,g2/33mA/0mA,,,,
2.826,SPO2,46,1,15271265,g2/22mA/0mA,,,,
2.826,SPO2,47,0,16602029,g2/33mA/0mA,,,,
2.826,SPO2,47,1,15272428,g2/22mA/0mA,,,,
2.826,SPO2,48,0,16602100,g2/33mA/0mA,,,,
2.826,SPO2,48,1,15264408,g2/22mA/0mA,,,,
2.826,SPO2,49,0,16602124,g2/33mA/0mA,,,,
2.826,SPO2,49,1,15256622,g2/22mA/0mA,,,,
2.826,SPO2,50,0,16601994,g2/33mA/0mA,,,,
2.826,SPO2,50,1,15256372,g2/22mA/0mA,,,,
2.880,SPO2,51,0,16602064,g2/33mA/0mA,,,,
2.880,SPO2,51,1,15259985,g2/22mA/0mA,,,,
2.880,SPO2,52,0,16602160,g2/33mA/0mA,,,,
2.880,SPO2,52,1,15260964,g2/22mA/0mA,,,,
2.880,SPO2,53,0,16602041,g2/33mA/0mA,,,,
2.880,SPO2,53,1,15257662,g2/22mA/0mA,,,,
2.880,SPO2,54,0,16602124,g2/33mA/0mA,,,,
2.880,SPO2,54,1,15256801,g2/22mA/0mA,,,,
2.880,SPO2,55,0,16602086,g2/33mA/0mA,,,,
2.880,SPO2,55,1,15258922,g2/22mA/0mA,,,,
2.880,SPO2,56,0,16602052,g2/33mA/0mA,,,,
2.880,SPO2,56,1,15260961,g2/22mA/0mA,,,,
2.880,SPO2,57,0,16602037,g2/33mA/0mA,,,,
2.880,SPO2,57,1,15261597,g2/22mA/0mA,,,,
2.880,SPO2,58,0,16602110,g2/33mA/0mA,,,,
2.880,SPO2,58,1,15257800,g2/22mA/0mA,,,,
2.880,SPO2,59,0,16602115,g2/33mA/0mA,,,,
2.880,SPO2,59,1,15257424,g2/22mA/0mA,,,,
2.884,SPO2,60,0,16602213,g2/33mA/0mA,,,,
2.884,SPO2,60,1,15260560,g2/22mA/0mA,,,,
2.884,SPO2,61,0,16602139,g2/33mA/0mA,,,,
2.884,SPO2,61,1,15263325,g2/22mA/0mA,,,,
2.884,SPO2,62,0,16602014,g2/33mA/0mA,,,,
2.884,SPO2,62,1,15265698,g2/22mA/0mA,,,,
2.884,SPO2,63,0,16602136,g2/33mA/0mA,,,,
2.884,SPO2,63,1,15261745,g2/22mA/0mA,,,,
2.884,SPO2,64,0,16602083,g2/33mA/0mA,,,,
2.884,SPO2,64,1,15262018,g2/22mA/0mA,,,,
2.884,SPO2,65,0,16602127,g2/33mA/0mA,,,,
2.884,SPO2,65,1,15264979,g2/22mA/0mA,,,,
3.991,HR,67,0,16285644,g5/32mA/32mA,,,,
3.991,HR,67,1,14293648,g5/32mA/32mA,,,,
3.991,HR,67,2,16537700,g5/32mA/32mA,,,,
3.991,HR,67,3,16521056,g5/32mA/32mA,,,,
3.991,HR,68,0,13601808,g5/32mA/32mA,,,,
3.991,HR,68,1,12299495,g5/32mA/32mA,,,,
3.991,HR,68,2,14914017,g5/32mA/32mA,,,,
3.991,HR,68,3,16520579,g5/32mA/32mA,,,,
3.991,HR,69,0,13601509,g5/32mA/32mA,,,,
3.991,HR,69,1,12301516,g5/32mA/32mA,,,,
3.992,HR,69,2,14918283,g5/32mA/32mA,,,,
3.992,HR,69,3,16520759,g5/32mA/32mA,,,,
3.992,HR,70,0,13606133,g5/32mA/32mA,,,,
3.992,HR,70,1,12305278,g5/32mA/32mA,,,,
3.992,HR,70,2,14919212,g5/32mA/32mA,,,,
3.992,HR,70,3,16520715,g5/32mA/32mA,,,,
3.992,HR,71,0,13611891,g5/32mA/32mA,,,,
3.992,HR,71,1,12307454,g5/32mA/32mA,,,,
3.992,HR,71,2,14922282,g5/32mA/32mA,,,,
3.992,HR,71,3,16520852,g5/32mA/32mA,,,,
3.992,HR,72,0,13615407,g5/32mA/32mA,,,,
3.992,HR,72,1,12309699,g5/32mA/32mA,,,,
3.992,HR,72,2,14925559,g5/32mA/32mA,,,,
3.992,HR,72,3,16520569,g5/32mA/32mA,,,,
3.993,HR,73,0,13614118,g5/32mA/32mA,,,,
3.993,HR,73,1,12309348,g5/32mA/32mA,,,,
3.993,HR,73,2,14930694,g5/32mA/32mA,,,,
3.993,HR,73,3,16520732,g5/32mA/32mA,,,,
3.993,HR,74,0,13612097,g5/32mA/32mA,,,,
3.993,HR,74,1,12309860,g5/32mA/32mA,,,,
3.993,HR,74,2,14932845,g5/32mA/32mA,,,,
3.993,HR,74,3,16520756,g5/32mA/32mA,,,,
3.993,HR,75,0,13600774,g5/32mA/32mA,,,,
3.993,HR,75,1,12306090,g5/32mA/32mA,,,,
3.993,HR,75,2,14925619,g5/32mA/32mA,,,,
3.993,HR,75,3,16520654,g5/32mA/32mA,,,,
3.993,HR,76,0,13584105,g5/32mA/32mA,,,,
3.993,HR,76,1,12296075,g5/32mA/32mA,,,,
3.993,HR,76,2,14914605,g5/32mA/32mA,,,,
3.993,HR,76,3,16520759,g5/32mA/32mA,,,,
3.993,HR,77,0,13571241,g5/32mA/32mA,,,,
3.993,HR,77,1,12285991,g5/32mA/32mA,,,,
3.993,HR,77,2,14903695,g5/32mA/32mA,,,,
3.993,HR,77,3,16520756,g5/32mA/32mA,,,,
3.993,HR,78,0,13563118,g5/32mA/32mA,,,,
3.993,HR,78,1,12276930,g5/32mA/32mA,,,,
3.993,HR,78,2,14899512,g5/32mA/32mA,,,,
3.993,HR,78,3,16520759,g5/32mA/32mA,,,,
3.993,HR,79,0,13560618,g5/32mA/32mA,,,,
3.993,HR,79,1,12273620,g5/32mA/32mA,,,,
3.993,HR,79,2,14897558,g5/32mA/32mA,,,,
3.993,HR,79,3,16520715,g5/32mA/32mA,,,,
3.994,HR,80,0,13562079,g5/32mA/32mA,,,,
3.994,HR,80,1,12272536,g5/32mA/32mA,,,,
3.994,HR,80,2,14894847,g5/32mA/32mA,,,,
3.994,HR,80,3,16520766,g5/32mA/32mA,,,,
3.994,HR,81,0,13561974,g5/32mA/32mA,,,,
3.994,HR,81,1,12271889,g5/32mA/32mA,,,,
3.994,HR,81,2,14896006,g5/32mA/32mA,,,,
3.994,HR,81,3,16520706,g5/32mA/32mA,,,,
3.994,HR,82,0,13560943,g5/32mA/32mA,,,,
3.994,HR,82,1,12270052,g5/32mA/32mA,,,,
3.994,HR,82,2,14896620,g5/32mA/32mA,,,,
3.994,HR,82,3,16520756,g5/32mA/32mA,,,,
3.994,HR,83,0,13559391,g5/32mA/32mA,,,,
3.994,HR,83,1,12266847,g5/32mA/32mA,,,,
3.994,HR,83,2,14896477,g5/32mA/32mA,,,,
3.994,HR,83,3,16520665,g5/32mA/32mA,,,,
3.994,HR,84,0,13558989,g5/32mA/32mA,,,,
3.994,HR,84,1,12266214,g5/32mA/32mA,,,,
3.994,HR,84,2,14895972,g5/32mA/32mA,,,,
3.994,HR,84,3,16520801,g5/32mA/32mA,,,,
3.994,HR,85,0,13559511,g5/32mA/32mA,,,,
3.994,HR,85,1,12266881,g5/32mA/32mA,,,,
3.994,HR,85,2,14895965,g5/32mA/32mA,,,,
3.994,HR,85,3,16520877,g5/32mA/32mA,,,,
3.994,HR,86,0,13558153,g5/32mA/32mA,,,,
3.994,HR,86,1,12266531,g5/32mA/32mA,,,,
3.994,HR,86,2,14898566,g5/32mA/32mA,,,,
3.994,HR,86,3,16520792,g5/32mA/32mA,,,,
3.994,HR,87,0,13558288,g5/32mA/32mA,,,,
3.994,HR,87,1,12264516,g5/32mA/32mA,,,,
3.994,HR,87,2,14898446,g5/32mA/32mA,,,,
3.994,HR,87,3,16520725,g5/32mA/32mA,,,,
3.994,HR,88,0,13560218,g5/32mA/32mA,,,,
3.994,HR,88,1,12264637,g5/32mA/32mA,,,,
3.995,HR,88,2,14899726,g5/32mA/32mA,,,,
3.995,HR,88,3,16520808,g5/32mA/32mA,,,,
3.995,HR,89,0,13564534,g5/32mA/32mA,,,,
3.995,HR,89,1,12267223,g5/32mA/32mA,,,,
3.995,HR,89,2,14900706,g5/32mA/32mA,,,,
3.995,HR,89,3,16520756,g5/32mA/32mA,,,,
3.995,HR,90,0,13567317,g5/32mA/32mA,,,,
3.995,HR,90,1,12270693,g5/32mA/32mA,,,,
3.995,HR,90,2,14904735,g5/32mA/32mA,,,,
3.995,HR,90,3,16520766,g5/32mA/32mA,,,,
3.995,HR,91,0,13568067,g5/32mA/32mA,,,,
3.995,HR,91,1,12272494,g5/32mA/32mA,,,,
3.995,HR,91,2,14910126,g5/32mA/32mA,,,,
3.995,HR,91,3,16520689,g5/32mA/32mA,,,,
3.995,HR,92,0,13571564,g5/32mA/32mA,,,,
3.995,HR,92,1,12271343,g5/32mA/32mA,,,,
3.995,HR,92,2,14911099,g5/32mA/32mA,,,,
3.995,HR,92,3,16520759,g5/32mA/32mA,,,,
3.995,HR,93,0,13574806,g5/32mA/32mA,,,,
3.995,HR,93,1,12271957,g5/32mA/32mA,,,,
3.995,HR,93,2,14911960,g5/32mA/32mA,,,,
3.995,HR,93,3,16520605,g5/32mA/32mA,,,,
4.021,HR,94,0,13578252,g5/32mA/32mA,,,,
4.021,HR,94,1,12277118,g5/32mA/32mA,,,,
4.021,HR,94,2,14915373,g5/32mA/32mA,,,,
4.021,HR,94,3,16520672,g5/32mA/32mA,,,,
4.021,HR,95,0,13578833,g5/32mA/32mA,,,,
4.021,HR,95,1,12281768,g5/32mA/32mA,,,,
4.021,HR,95,2,14920637,g5/32mA/32mA,,,,
4.021,HR,95,3,16520579,g5/32mA/32mA,,,,
4.021,HR,96,0,13579268,g5/32mA/32mA,,,,
4.021,HR,96,1,12283396,g5/32mA/32mA,,,,
4.021,HR,96,2,14925551,g5/32mA/32mA,,,,
4.021,HR,96,3,16520706,g5/32mA/32mA,,,,
4.021,HR,97,0,13583363,g5/32mA/32mA,,,,
4.021,HR,97,1,12285163,g5/32mA/32mA,,,,
4.021,HR,97,2,14926523,g5/32mA/32mA,,,,
4.021,HR,97,3,16520612,g5/32mA/32mA,,,,
4.021,HR,98,0,13586845,g5/32mA/32mA,,,,
4.021,HR,98,1,12287968,g5/32mA/32mA,,,,
4.021,HR,98,2,14928409,g5/32mA/32mA,,,,
4.021,HR,98,3,16520766,g5/32mA/32mA,,,,
4.021,HR,99,0,13590187,g5/32mA/32mA,,,,
4.021,HR,99,1,12295228,g5/32mA/32mA,,,,
4.021,HR,99,2,14933194,g5/32mA/32mA,,,,
4.021,HR,99,3,16520783,g5/32mA/32mA,,,,
4.022,SPO2,66,0,16602100,g0/33mA/0mA,,,,
4.022,SPO2,66,1,15266580,g2/18mA/0mA,,,,
4.022,SPO2,67,0,16602098,g0/33mA/0mA,,,,
4.022,SPO2,67,1,15268650,g2/18mA/0mA,,,,
4.022,SPO2,68,0,10302006,g0/33mA/0mA,,,,
4.022,SPO2,68,1,13924919,g2/18mA/0mA,,,,
4.022,SPO2,69,0,10301679,g0/33mA/0mA,,,,
4.022,SPO2,69,1,13924556,g2/18mA/0mA,,,,
4.022,SPO2,70,0,10302063,g0/33mA/0mA,,,,
4.022,SPO2,70,1,13926710,g2/18mA/0mA,,,,
4.022,SPO2,71,0,10302482,g0/33mA/0mA,,,,
4.022,SPO2,71,1,13928717,g2/18mA/0mA,,,,
4.022,SPO2,72,0,10302611,g0/33mA/0mA,,,,
4.022,SPO2,72,1,13929743,g2/18mA/0mA,,,,
4.022,SPO2,73,0,10301900,g0/33mA/0mA,,,,
4.022,SPO2,73,1,13927519,g2/18mA/0mA,,,,
4.022,SPO2,74,0,10301729,g0/33mA/0mA,,,,
4.022,SPO2,74,1,13927131,g2/18mA/0mA,,,,
4.052,SPO2,75,0,10301232,g0/33mA/0mA,,,,
4.052,SPO2,75,1,13924828,g2/18mA/0mA,,,,
4.052,SPO2,76,0,10300759,g0/33mA/0mA,,,,
4.052,SPO2,76,1,13921883,g2/18mA/0mA,,,,
4.052,SPO2,77,0,10300150,g0/33mA/0mA,,,,
4.052,SPO2,77,1,13919347,g2/18mA/0mA,,,,
4.052,SPO2,78,0,10299433,g0/33mA/0mA,,,,
4.052,SPO2,78,1,13916801,g2/18mA/0mA,,,,
4.052,SPO2,79,0,10299439,g0/33mA/0mA,,,,
4.052,SPO2,79,1,13917252,g2/18mA/0mA,,,,
4.052,SPO2,80,0,10299684,g0/33mA/0mA,,,,
4.052,SPO2,80,1,13918410,g2/18mA/0mA,,,,
4.052,SPO2,81,0,10299603,g0/33mA/0mA,,,,
4.052,SPO2,81,1,13918684,g2/18mA/0mA,,,,
4.052,SPO2,82,0,10299526,g0/33mA/0mA,,,,
4.052,SPO2,82,1,13918733,g2/18mA/0mA,,,,
4.052,SPO2,83,0,10299300,g0/33mA/0mA,,,,
4.052,SPO2,83,1,13918006,g2/18mA/0mA,,,,
4.084,SPO2,84,0,10299024,g0/33mA/0mA,,,,
4.084,SPO2,84,1,13917834,g2/18mA/0mA,,,,
4.084,SPO2,85,0,10299069,g0/33mA/0mA,,,,
4.084,SPO2,85,1,13918533,g2/18mA/0mA,,,,
4.084,SPO2,86,0,10299077,g0/33mA/0mA,,,,
4.084,SPO2,86,1,13918748,g2/18mA/0mA,,,,
4.084,SPO2,87,0,10299077,g0/33mA/0mA,,,,
4.084,SPO2,87,1,13918993,g2/18mA/0mA,,,,
4.084,SPO2,88,0,10298994,g0/33mA/0mA,,,,
4.084,SPO2,88,1,13919260,g2/18mA/0mA,,,,
4.084,SPO2,89,0,10299102,g0/33mA/0mA,,,,
4.084,SPO2,89,1,13920512,g2/18mA/0mA,,,,
4.084,SPO2,90,0,10299075,g0/33mA/0mA,,,,
4.084,SPO2,90,1,13920860,g2/18mA/0mA,,,,
4.084,SPO2,91,0,10299022,g0/33mA/0mA,,,,
4.084,SPO2,91,1,13921176,g2/18mA/0mA,,,,
4.084,SPO2,92,0,10299400,g0/33mA/0mA,,,,
4.084,SPO2,92,1,13922749,g2/18mA/0mA,,,,
4.084,SPO2,93,0,10299375,g0/33mA/0mA,,,,
4.084,SPO2,93,1,13923091,g2/18mA/0mA,,,,
4.084,SPO2,94,0,10299263,g0/33mA/0mA,,,,
4.084,SPO2,94,1,13923573,g2/18mA/0mA,,,,
4.084,SPO2,95,0,10299130,g0/33mA/0mA,,,,
4.084,SPO2,95,1,13923175,g2/18mA/0mA,,,,
4.084,SPO2,96,0,10299050,g0/33mA/0mA,,,,
4.084,SPO2,96,1,13923340,g2/18mA/0mA,,,,
4.084,SPO2,97,0,10299394,g0/33mA/0mA,,,,
4.084,SPO2,97,1,13924981,g2/18mA/0mA,,,,
4.084,SPO2,98,0,10299152,g0/33mA/0mA,,,,
4.084,SPO2,98,1,13924699,g2/18mA/0mA,,,,
4.084,SPO2,99,0,10299024,g0/33mA/0mA,,,,
4.084,SPO2,99,1,13925318,g2/18mA/0mA,,,,
5.371,HR,100,0,13590845,g5/29mA/29mA,,,,
5.371,HR,100,1,12301764,g5/29mA/29mA,,,,
5.371,HR,100,2,14938944,g5/29mA/29mA,,,,
5.371,HR,100,3,16520639,g5/29mA/29mA,,,,
5.371,HR,101,0,13188273,g5/29mA/29mA,,,,
5.371,HR,101,1,12002463,g5/29mA/29mA,,,,
5.371,HR,101,2,14431070,g5/29mA/29mA,,,,
5.371,HR,101,3,16521713,g5/29mA/29mA,,,,
5.371,HR,102,0,13191191,g5/29mA/29mA,,,,
5.371,HR,102,1,12005885,g5/29mA/29mA,,,,
5.371,HR,102,2,14433852,g5/29mA/29mA,,,,
5.371,HR,102,3,16521859,g5/29mA/29mA,,,,
5.371,HR,103,0,13192162,g5/29mA/29mA,,,,
5.371,HR,103,1,12011967,g5/29mA/29mA,,,,
5.371,HR,103,2,14437333,g5/29mA/29mA,,,,
5.371,HR,103,3,16521723,g5/29mA/29mA,,,,
5.371,HR,104,0,13179212,g5/29mA/29mA,,,,
5.371,HR,104,1,12012939,g5/29mA/29mA,,,,
5.371,HR,104,2,14434919,g5/29mA/29mA,,,,
5.371,HR,104,3,16521713,g5/29mA/29mA,,,,
5.371,HR,105,0,13160008,g5/29mA/29mA,,,,
5.371,HR,105,1,12005780,g5/29mA/29mA,,,,
5.371,HR,105,2,14424963,g5/29mA/29mA,,,,
5.371,HR,105,3,16521832,g5/29mA/29mA,,,,
5.371,HR,106,0,13146878,g5/29mA/29mA,,,,
5.371,HR,106,1,11996704,g5/29mA/29mA,,,,
5.371,HR,106,2,14413478,g5/29mA/29mA,,,,
5.371,HR,106,3,16521739,g5/29mA/29mA,,,,
5.371,HR,107,0,13143023,g5/29mA/29mA,,,,
5.371,HR,107,1,11987499,g5/29mA/29mA,,,,
5.371,HR,107,2,14403616,g5/29mA/29mA,,,,
5.371,HR,107,3,16521765,g5/29mA/29mA,,,,
5.371,HR,108,0,13141674,g5/29mA/29mA,,,,
5.371,HR,108,1,11980947,g5/29mA/29mA,,,,
5.371,HR,108,2,14398431,g5/29mA/29mA,,,,
5.371,HR,108,3,16521772,g5/29mA/29mA,,,,
5.371,HR,109,0,13139107,g5/29mA/29mA,,,,
5.371,HR,109,1,11981416,g5/29mA/29mA,,,,
5.371,HR,109,2,14398498,g5/29mA/29mA,,,,
5.371,HR,109,3,16521849,g5/29mA/29mA,,,,
5.371,HR,110,0,13135480,g5/29mA/29mA,,,,
5.371,HR,110,1,11981843,g5/29mA/29mA,,,,
5.371,HR,110,2,14399872,g5/29mA/29mA,,,,
5.371,HR,110,3,16521909,g5/29mA/29mA,,,,
5.371,HR,111,0,13133382,g5/29mA/29mA,,,,
5.371,HR,111,1,11977219,g5/29mA/29mA,,,,
5.371,HR,111,2,14399290,g5/29mA/29mA,,,,
5.371,HR,111,3,16521730,g5/29mA/29mA,,,,
5.371,HR,112,0,13135003,g5/29mA/29mA,,,,
5.371,HR,112,1,11972459,g5/29mA/29mA,,,,
5.371,HR,112,2,14394933,g5/29mA/29mA,,,,
5.371,HR,112,3,16521910,g5/29mA/29mA,,,,
5.434,HR,113,0,13133980,g5/29mA/29mA,,,,
5.434,HR,113,1,11972798,g5/29mA/29mA,,,,
5.434,HR,113,2,14393559,g5/29mA/29mA,,,,
5.434,HR,113,3,16522002,g5/29mA/29mA,,,,
5.434,HR,114,0,13131053,g5/29mA/29mA,,,,
5.434,HR,114,1,11975324,g5/29mA/29mA,,,,
5.434,HR,114,2,14394831,g5/29mA/29mA,,,,
5.434,HR,114,3,16521840,g5/29mA/29mA,,,,
5.434,HR,115,0,13126685,g5/29mA/29mA,,,,
5.434,HR,115,1,11976169,g5/29mA/29mA,,,,
5.434,HR,115,2,14396759,g5/29mA/29mA,,,,
5.434,HR,115,3,16522002,g5/29mA/29mA,,,,
5.434,HR,116,0,13125883,g5/29mA/29mA,,,,
5.434,HR,116,1,11975317,g5/29mA/29mA,,,,
5.434,HR,116,2,14397169,g5/29mA/29mA,,,,
5.434,HR,116,3,16521909,g5/29mA/29mA,,,,
5.434,HR,117,0,13130431,g5/29mA/29mA,,,,
5.434,HR,117,1,11973354,g5/29mA/29mA,,,,
5.434,HR,117,2,14392843,g5/29mA/29mA,,,,
5.434,HR,117,3,16521765,g5/29mA/29mA,,,,
5.434,HR,118,0,13132291,g5/29mA/29mA,,,,
5.434,HR,118,1,11972407,g5/29mA/29mA,,,,
5.434,HR,118,2,14392383,g5/29mA/29mA,,,,
5.434,HR,118,3,16521994,g5/29mA/29mA,,,,
5.434,HR,119,0,13131940,g5/29mA/29mA,,,,
5.434,HR,119,1,11974838,g5/29mA/29mA,,,,
5.434,HR,119,2,14397388,g5/29mA/29mA,,,,
5.434,HR,119,3,16521859,g5/29mA/29mA,,,,
5.435,HR,120,0,13131531,g5/29mA/29mA,,,,
5.435,HR,120,1,11977321,g5/29mA/29mA,,,,
5.435,HR,120,2,14400547,g5/29mA/29mA,,,,
5.435,HR,120,3,16521832,g5/29mA/29mA,,,,
5.435,HR,121,0,13133545,g5/29mA/29mA,,,,
5.435,HR,121,1,11975845,g5/29mA/29mA,,,,
5.435,HR,121,2,14400931,g5/29mA/29mA,,,,
5.435,HR,121,3,16521994,g5/29mA/29mA,,,,
5.435,HR,122,0,13140259,g5/29mA/29mA,,,,
5.435,HR,122,1,11974711,g5/29mA/29mA,,,,
5.435,HR,122,2,14398702,g5/29mA/29mA,,,,
5.435,HR,122,3,16521850,g5/29mA/29mA,,,,
5.435,HR,123,0,13143040,g5/29mA/29mA,,,,
5.435,HR,123,1,11974983,g5/29mA/29mA,,,,
5.435,HR,123,2,14400016,g5/29mA/29mA,,,,
5.435,HR,123,3,16521927,g5/29mA/29mA,,,,
5.435,HR,124,0,13140327,g5/29mA/29mA,,,,
5.435,HR,124,1,11976970,g5/29mA/29mA,,,,
5.435,HR,124,2,14404265,g5/29mA/29mA,,,,
5.435,HR,124,3,16521859,g5/29mA/29mA,,,,
5.435,HR,125,0,13138262,g5/29mA/29mA,,,,
5.435,HR,125,1,11979565,g5/29mA/29mA,,,,
5.435,HR,125,2,14407830,g5/29mA/29mA,,,,
5.435,HR,125,3,16521892,g5/29mA/29mA,,,,
5.435,HR,126,0,13142349,g5/29mA/29mA,,,,
5.435,HR,126,1,11980042,g5/29mA/29mA,,,,
5.435,HR,126,2,14409665,g5/29mA/29mA,,,,
5.435,HR,126,3,16521874,g5/29mA/29mA,,,,
5.435,HR,127,0,13149046,g5/29mA/29mA,,,,
5.435,HR,127,1,11980699,g5/29mA/29mA,,,,
5.435,HR,127,2,14408097,g5/29mA/29mA,,,,
5.435,HR,127,3,16522013,g5/29mA/29mA,,,,
5.436,HR,128,0,13151690,g5/29mA/29mA,,,,
5.436,HR,128,1,11982381,g5/29mA/29mA,,,,
5.436,HR,128,2,14409256,g5/29mA/29mA,,,,
5.436,HR,128,3,16521790,g5/29mA/29mA,,,,
5.436,HR,129,0,13149010,g5/29mA/29mA,,,,
5.436,HR,129,1,11984658,g5/29mA/29mA,,,,
5.436,HR,129,2,14415474,g5/29mA/29mA,,,,
5.436,HR,129,3,16521927,g5/29mA/29mA,,,,
5.436,HR,130,0,13150197,g5/29mA/29mA,,,,
5.436,HR,130,1,11988880,g5/29mA/29mA,,,,
5.436,HR,130,2,14419801,g5/29mA/29mA,,,,
5.436,HR,130,3,16521901,g5/29mA/29mA,,,,
5.436,HR,131,0,13154719,g5/29mA/29mA,,,,
5.436,HR,131,1,11989384,g5/29mA/29mA,,,,
5.436,HR,131,2,14420577,g5/29mA/29mA,,,,
5.436,HR,131,3,16521765,g5/29mA/29mA,,,,
5.436,HR,132,0,13156033,g5/29mA/29mA,,,,
5.436,HR,132,1,11988760,g5/29mA/29mA,,,,
5.436,HR,132,2,14418462,g5/29mA/29mA,,,,
5.436,HR,132,3,16521807,g5/29mA/29mA,,,,
5.436,SPO2,100,0,10298784,g2/20mA/0mA,,,,
5.436,SPO2,100,1,13924621,g2/18mA/0mA,,,,
5.436,SPO2,101,0,14123520,g2/20mA/0mA,,,,
5.436,SPO2,101,1,13924841,g2/18mA/0mA,,,,
5.436,SPO2,102,0,14123760,g2/20mA/0mA,,,,
5.436,SPO2,102,1,13925906,g2/18mA/0mA,,,,
5.436,SPO2,103,0,14123597,g2/20mA/0mA,,,,
5.436,SPO2,103,1,13925990,g2/18mA/0mA,,,,
5.436,SPO2,104,0,14121303,g2/20mA/0mA,,,,
5.436,SPO2,104,1,13922231,g2/18mA/0mA,,,,
5.436,SPO2,105,0,14118199,g2/20mA/0mA,,,,
5.436,SPO2,105,1,13917285,g2/18mA/0mA,,,,
5.436,SPO2,106,0,14117060,g2/20mA/0mA,,,,
5.436,SPO2,106,1,13915478,g2/18mA/0mA,,,,
5.436,SPO2,107,0,14117565,g2/20mA/0mA,,,,
5.436,SPO2,107,1,13916496,g2/18mA/0mA,,,,
5.436,SPO2,108,0,14116821,g2/20mA/0mA,,,,
5.436,SPO2,108,1,13916059,g2/18mA/0mA,,,,
5.436,SPO2,109,0,14115776,g2/20mA/0mA,,,,
5.436,SPO2,109,1,13915384,g2/18mA/0mA,,,,
5.436,SPO2,110,0,14115172,g2/20mA/0mA,,,,
5.436,SPO2,110,1,13914597,g2/18mA/0mA,,,,
5.436,SPO2,111,0,14115635,g2/20mA/0mA,,,,
5.436,SPO2,111,1,13915003,g2/18mA/0mA,,,,
5.436,SPO2,112,0,14116741,g2/20mA/0mA,,,,
5.436,SPO2,112,1,13917175,g2/18mA/0mA,,,,
5.436,SPO2,113,0,14115048,g2/20mA/0mA,,,,
5.436,SPO2,113,1,13915846,g2/18mA/0mA,,,,
5.436,SPO2,114,0,14113358,g2/20mA/0mA,,,,
5.436,SPO2,114,1,13914238,g2/18mA/0mA,,,,
5.436,SPO2,115,0,14112163,g2/20mA/0mA,,,,
5.436,SPO2,115,1,13912721,g2/18mA/0mA,,,,
5.436,SPO2,116,0,14112832,g2/20mA/0mA,,,,
5.436,SPO2,116,1,13914001,g2/18mA/0mA,,,,
5.436,SPO2,117,0,14114638,g2/20mA/0mA,,,,
5.436,SPO2,117,1,13916983,g2/18mA/0mA,,,,
5.520,SPO2,118,0,14113047,g2/20mA/0mA,,,,
5.520,SPO2,118,1,13915978,g2/18mA/0mA,,,,
5.520,SPO2,119,0,14112139,g2/20mA/0mA,,,,
5.520,SPO2,119,1,13915410,g2/18mA/0mA,,,,
5.520,SPO2,120,0,14112202,g2/20mA/0mA,,,,
5.520,SPO2,120,1,13915397,g2/18mA/0mA,,,,
5.520,SPO2,121,0,14112730,g2/20mA/0mA,,,,
5.520,SPO2,121,1,13916508,g2/18mA/0mA,,,,
5.520,SPO2,122,0,14115449,g2/20mA/0mA,,,,
5.520,SPO2,122,1,13920539,g2/18mA/0mA,,,,
5.520,SPO2,123,0,14114884,g2/20mA/0mA,,,,
5.520,SPO2,123,1,13920399,g2/18mA/0mA,,,,
5.520,SPO2,124,0,14111620,g2/20mA/0mA,,,0,0
5.520,SPO2,124,1,13917021,g2/18mA/0mA,,,0,0
5.520,SPO2,125,0,14110395,g2/20mA/0mA,,,0,0
5.520,SPO2,125,1,13916071,g2/18mA/0mA,,,0,0
5.554,SPO2,126,0,14112141,g2/20mA/0mA,,,0,0
5.554,SPO2,126,1,13918424,g2/18mA/0mA,,,0,0
5.554,SPO2,127,0,14114455,g2/20mA/0mA,,,0,0
5.554,SPO2,127,1,13921836,g2/18mA/0mA,,,0,0
5.554,SPO2,128,0,14112694,g2/20mA/0mA,,,0,0
5.554,SPO2,128,1,13920719,g2/18mA/0mA,,,0,0
5.554,SPO2,129,0,14109698,g2/20mA/0mA,,,0,0
5.554,SPO2,129,1,13917492,g2/18mA/0mA,,,0,0
5.554,SPO2,130,0,14110337,g2/20mA/0mA,,,0,0
5.554,SPO2,130,1,13918764,g2/18mA/0mA,,,0,0
5.554,SPO2,131,0,14112207,g2/20mA/0mA,,,0,0
5.554,SPO2,131,1,13921290,g2/18mA/0mA,,,0,0
5.554,SPO2,132,0,14112981,g2/20mA/0mA,,,0,0
5.554,SPO2,132,1,13922565,g2/18mA/0mA,,,0,0
6.662,HR,133,0,13141340,g5/29mA/29mA,,,0,0
6.662,HR,133,1,11983737,g5/29mA/29mA,,,0,0
6.662,HR,133,2,14412259,g5/29mA/29mA,,,0,0
6.662,HR,133,3,16521807,g4/29mA/29mA,,,0,0
6.662,HR,134,0,13120141,g5/29mA/29mA,,,0,0
6.662,HR,134,1,11973951,g5/29mA/29mA,,,0,0
6.662,HR,134,2,14403609,g5/29mA/29mA,,,0,0
6.662,HR,134,3,12233036,g4/29mA/29mA,,,0,0
6.662,HR,135,0,13109758,g5/29mA/29mA,,,0,0
6.662,HR,135,1,11966307,g5/29mA/29mA,,,0,0
6.662,HR,135,2,14394266,g5/29mA/29mA,,,0,0
6.662,HR,135,3,12228567,g4/29mA/29mA,,,0,0
6.663,HR,136,0,13107337,g5/29mA/29mA,,,0,0
6.663,HR,136,1,11961426,g5/29mA/29mA,,,0,0
6.663,HR,136,2,14386828,g5/29mA/29mA,,,0,0
6.663,HR,136,3,12224350,g4/29mA/29mA,,,0,0
6.663,HR,137,0,13108949,g5/29mA/29mA,,,0,0
6.663,HR,137,1,11958869,g5/29mA/29mA,,,0,0
6.663,HR,137,2,14382289,g5/29mA/29mA,,,0,0
6.663,HR,137,3,12220821,g4/29mA/29mA,,,0,0
6.663,HR,138,0,13109230,g5/29mA/29mA,,,0,0
6.663,HR,138,1,11956719,g5/29mA/29mA,,,0,0
6.663,HR,138,2,14380115,g5/29mA/29mA,,,0,0
6.663,HR,138,3,12219104,g4/29mA/29mA,,,0,0
6.663,HR,139,0,13108761,g5/29mA/29mA,,,0,0
6.663,HR,139,1,11957332,g5/29mA/29mA,,,0,0
6.663,HR,139,2,14381426,g5/29mA/29mA,,,0,0
6.663,HR,139,3,12220821,g4/29mA/29mA,,,0,0
6.663,HR,140,0,13108436,g5/29mA/29mA,,,0,0
6.663,HR,140,1,11957382,g5/29mA/29mA,,,0,0
6.663,HR,140,2,14381324,g5/29mA/29mA,,,0,0
6.663,HR,140,3,12222680,g4/29mA/29mA,,,0,0
6.663,HR,141,0,13107958,g5/29mA/29mA,,,0,0
6.663,HR,141,1,11953349,g5/29mA/29mA,,,0,0
6.663,HR,141,2,14379585,g5/29mA/29mA,,,0,0
6.663,HR,141,3,12221306,g4/29mA/29mA,,,0,0
6.663,HR,142,0,13106746,g5/29mA/29mA,,,0,0
6.663,HR,142,1,11950747,g5/29mA/29mA,,,0,0
6.663,HR,142,2,14378177,g5/29mA/29mA,,,0,0
6.663,HR,142,3,12220342,g4/29mA/29mA,,,0,0
6.663,HR,143,0,13103786,g5/29mA/29mA,,,0,0
6.663,HR,143,1,11951345,g5/29mA/29mA,,,0,0
6.663,HR,143,2,14379483,g5/29mA/29mA,,,0,0
6.663,HR,143,3,12221860,g4/29mA/29mA,,,0,0
6.663,HR,144,0,13102148,g5/29mA/29mA,,,0,0
6.663,HR,144,1,11950250,g5/29mA/29mA,,,0,0
6.663,HR,144,2,14380439,g5/29mA/29mA,,,0,0
6.663,HR,144,3,12223098,g4/29mA/29mA,,,0,0
6.663,HR,145,0,13104223,g5/29mA/29mA,,,0,0
6.663,HR,145,1,11947768,g5/29mA/29mA,,,0,0
6.663,HR,145,2,14380462,g5/29mA/29mA,,,0,0
6.663,HR,145,3,12223200,g4/29mA/29mA,,,0,0
6.780,HR,146,0,13107293,g5/29mA/29mA,,,0,0
6.780,HR,146,1,11952547,g5/29mA/29mA,,,0,0
6.780,HR,146,2,14381777,g5/29mA/29mA,,,0,0
6.780,HR,146,3,12224267,g4/29mA/29mA,,,0,0
6.780,HR,147,0,13112259,g5/29mA/29mA,,,0,0
6.780,HR,147,1,11957434,g5/29mA/29mA,,,0,0
6.780,HR,147,2,14381803,g5/29mA/29mA,,,0,0
6.780,HR,147,3,12223857,g4/29mA/29mA,,,0,0
6.780,HR,148,0,13117898,g5/29mA/29mA,,,0,0
6.780,HR,148,1,11956941,g5/29mA/29mA,,,0,0
6.780,HR,148,2,14380565,g5/29mA/29mA,,,0,0
6.781,HR,148,3,12222083,g4/29mA/29mA,,,0,0
6.781,HR,149,0,13121890,g5/29mA/29mA,,,0,0
6.781,HR,149,1,11959347,g5/29mA/29mA,,,0,0
6.781,HR,149,2,14381717,g5/29mA/29mA,,,0,0
6.781,HR,149,3,12222271,g4/29mA/29mA,,,0,0
6.781,HR,150,0,13123528,g5/29mA/29mA,,,0,0
6.781,HR,150,1,11963799,g5/29mA/29mA,,,0,0
6.781,HR,150,2,14384739,g5/29mA/29mA,,,0,0
6.781,HR,150,3,12225051,g4/29mA/29mA,,,0,0
6.781,HR,151,0,13124918,g5/29mA/29mA,,,0,0
6.781,HR,151,1,11965668,g5/29mA/29mA,,,0,0
6.781,HR,151,2,14387220,g5/29mA/29mA,,,0,0
6.781,HR,151,3,12227670,g4/29mA/29mA,,,0,0
6.781,HR,152,0,13127241,g5/29mA/29mA,,,0,0
6.781,HR,152,1,11967382,g5/29mA/29mA,,,0,0
6.781,HR,152,2,14389080,g5/29mA/29mA,,,0,0
6.781,HR,152,3,12229429,g4/29mA/29mA,,,0,0
6.781,HR,153,0,13129151,g5/29mA/29mA,,,0,0
6.781,HR,153,1,11970009,g5/29mA/29mA,,,0,0
6.781,HR,153,2,14391555,g5/29mA/29mA,,,0,0
6.781,HR,153,3,12231860,g4/29mA/29mA,,,0,0
6.781,HR,154,0,13131940,g5/29mA/29mA,,,0,0
6.781,HR,154,1,11970949,g5/29mA/29mA,,,0,0
6.781,HR,154,2,14392824,g5/29mA/29mA,,,0,0
6.781,HR,154,3,12232882,g4/29mA/29mA,,,0,0
6.781,HR,155,0,13134328,g5/29mA/29mA,,,0,0
6.781,HR,155,1,11971179,g5/29mA/29mA,,,0,0
6.781,HR,155,2,14395239,g5/29mA/29mA,,,0,0
6.781,HR,155,3,12234769,g4/29mA/29mA,,,0,0
6.781,HR,156,0,13137461,g5/29mA/29mA,,,0,0
6.781,HR,156,1,11973260,g5/29mA/29mA,,,0,0
6.781,HR,156,2,14397900,g5/29mA/29mA,,,0,0
6.781,HR,156,3,12236968,g4/29mA/29mA,,,0,0
6.781,HR,157,0,13141564,g5/29mA/29mA,,,0,0
6.781,HR,157,1,11976194,g5/29mA/29mA,,,0,0
6.781,HR,157,2,14399779,g5/29mA/29mA,,,0,0
6.781,HR,157,3,12238266,g4/29mA/29mA,,,0,0
6.781,HR,158,0,13145607,g5/29mA/29mA,,,0,0
6.781,HR,158,1,11979650,g5/29mA/29mA,,,0,0
6.781,HR,158,2,14402295,g5/29mA/29mA,,,0,0
6.781,HR,158,3,12239529,g4/29mA/29mA,,,0,0
6.781,HR,159,0,13149857,g5/29mA/29mA,,,0,0
6.781,HR,159,1,11983797,g5/29mA/29mA,,,0,0
6.781,HR,159,2,14404419,g5/29mA/29mA,,,0,0
6.781,HR,159,3,12240477,g4/29mA/29mA,,,0,0
6.812,HR,160,0,13154395,g5/29mA/29mA,,,0,0
6.812,HR,160,1,11986833,g5/29mA/29mA,,,0,0
6.812,HR,160,2,14406603,g5/29mA/29mA,,,0,0
6.812,HR,160,3,12242078,g4/29mA/29mA,,,0,0
6.812,HR,161,0,13155343,g5/29mA/29mA,,,0,0
6.812,HR,161,1,11988865,g5/29mA/29mA,,,0,0
6.812,HR,161,2,14408700,g5/29mA/29mA,,,0,0
6.812,HR,161,3,12242977,g4/29mA/29mA,,,0,0
6.812,HR,162,0,13144063,g5/29mA/29mA,,,0,0
6.812,HR,162,1,11987072,g5/29mA/29mA,,,0,0
6.812,HR,162,2,14404957,g5/29mA/29mA,,,0,0
6.812,HR,162,3,12240331,g4/29mA/29mA,,,0,0
6.812,HR,163,0,13127111,g5/29mA/29mA,,,0,0
6.812,HR,163,1,11978446,g5/29mA/29mA,,,0,0
6.812,HR,163,2,14394539,g5/29mA/29mA,,,0,0
6.812,HR,163,3,12233455,g4/29mA/29mA,,,0,0
6.812,HR,164,0,13113939,g5/29mA/29mA,,,0,0
6.812,HR,164,1,11967152,g5/29mA/29mA,,,0,0
6.812,HR,164,2,14381727,g5/29mA/29mA,,,0,0
6.812,HR,164,3,12226262,g4/29mA/29mA,,,0,0
6.812,HR,165,0,13107653,g5/29mA/29mA,,,0,0
6.812,HR,165,1,11961400,g5/29mA/29mA,,,0,0
6.813,HR,165,2,14375021,g5/29mA/29mA,,,0,0
6.813,HR,165,3,12222731,g4/29mA/29mA,,,0,0
6.813,HR,166,0,13104905,g5/29mA/29mA,,,0,0
6.813,HR,166,1,11957093,g5/29mA/29mA,,,0,0
6.813,HR,166,2,14370993,g5/29mA/29mA,,,0,0
6.813,HR,166,3,12221077,g4/29mA/29mA,,,0,0
6.870,SPO2,133,0,14108204,g2/20mA/0mA,,,0,0
6.870,SPO2,133,1,13916222,g2/18mA/0mA,,,0,0
6.870,SPO2,134,0,14103031,g2/20mA/0mA,,,0,0
6.870,SPO2,134,1,13908975,g2/18mA/0mA,,,0,0
6.870,SPO2,135,0,14102354,g2/20mA/0mA,,,0,0
6.870,SPO2,135,1,13907989,g2/18mA/0mA,,,0,0
6.870,SPO2,136,0,14102664,g2/20mA/0mA,,,0,0
6.870,SPO2,136,1,13909028,g2/18mA/0mA,,,0,0
6.870,SPO2,137,0,14103919,g2/20mA/0mA,,,0,0
6.870,SPO2,137,1,13910929,g2/18mA/0mA,,,0,0
6.870,SPO2,138,0,14104266,g2/20mA/0mA,,,0,0
6.870,SPO2,138,1,13911838,g2/18mA/0mA,,,0,0
6.870,SPO2,139,0,14104070,g2/20mA/0mA,,,0,0
6.870,SPO2,139,1,13911880,g2/18mA/0mA,,,0,0
6.870,SPO2,140,0,14104468,g2/20mA/0mA,,,0,0
6.870,SPO2,140,1,13912265,g2/18mA/0mA,,,0,0
6.870,SPO2,141,0,14105111,g2/20mA/0mA,,,0,0
6.870,SPO2,141,1,13913256,g2/18mA/0mA,,,0,0
6.872,SPO2,142,0,14104169,g2/20mA/0mA,,,0,0
6.872,SPO2,142,1,13912573,g2/18mA/0mA,,,0,0
6.872,SPO2,143,0,14102788,g2/20mA/0mA,,,0,0
6.872,SPO2,143,1,13911355,g2/18mA/0mA,,,0,0
6.872,SPO2,144,0,14102871,g2/20mA/0mA,,,0,0
6.872,SPO2,144,1,13911484,g2/18mA/0mA,,,0,0
6.872,SPO2,145,0,14103104,g2/20mA/0mA,,,0,0
6.872,SPO2,145,1,13912417,g2/18mA/0mA,,,0,0
6.872,SPO2,146,0,14102972,g2/20mA/0mA,,,0,0
6.872,SPO2,146,1,13913126,g2/18mA/0mA,,,0,0
6.872,SPO2,147,0,14104100,g2/20mA/0mA,,,0,0
6.872,SPO2,147,1,13915269,g2/18mA/0mA,,,0,0
6.872,SPO2,148,0,14106070,g2/20mA/0mA,,,0,0
6.872,SPO2,148,1,13917847,g2/18mA/0mA,,,0,0
6.872,SPO2,149,0,14106649,g2/20mA/0mA,,,0,0
6.872,SPO2,149,1,13919166,g2/18mA/0mA,,,0,0
6.872,SPO2,150,0,14105932,g2/20mA/0mA,,,0,0
6.872,SPO2,150,1,13918901,g2/18mA/0mA,,,0,0
6.872,SPO2,151,0,14106137,g2/20mA/0mA,,,0,0
6.872,SPO2,151,1,13919344,g2/18mA/0mA,,,0,0
6.872,SPO2,152,0,14106267,g2/20mA/0mA,,,0,0
6.872,SPO2,152,1,13919764,g2/18mA/0mA,,,0,0
6.872,SPO2,153,0,14106149,g2/20mA/0mA,,,0,0
6.872,SPO2,153,1,13920194,g2/18mA/0mA,,,0,0
6.872,SPO2,154,0,14106575,g2/20mA/0mA,,,0,0
6.872,SPO2,154,1,13921018,g2/18mA/0mA,,,0,0
6.872,SPO2,155,0,14106853,g2/20mA/0mA,,,0,0
6.872,SPO2,155,1,13921300,g2/18mA/0mA,,,0,0
6.872,SPO2,156,0,14107451,g2/20mA/0mA,,,0,0
6.872,SPO2,156,1,13922435,g2/18mA/0mA,,,0,0
6.872,SPO2,157,0,14108019,g2/20mA/0mA,,,0,0
6.872,SPO2,157,1,13923859,g2/18mA/0mA,,,0,0
6.872,SPO2,158,0,14108080,g2/20mA/0mA,,,0,0
6.872,SPO2,158,1,13924460,g2/18mA/0mA,,,0,0
6.902,SPO2,159,0,14109085,g2/20mA/0mA,,,0,0
6.902,SPO2,159,1,13926155,g2/18mA/0mA,,,0,0
6.902,SPO2,160,0,14109545,g2/20mA/0mA,,,0,0
6.902,SPO2,160,1,13927206,g2/18mA/0mA,,,0,0
6.902,SPO2,161,0,14109231,g2/20mA/0mA,,,0,0
6.902,SPO2,161,1,13927224,g2/18mA/0mA,,,0,0
6.902,SPO2,162,0,14106718,g2/20mA/0mA,,,0,0
6.902,SPO2,162,1,13923295,g2/18mA/0mA,,,0,0
6.902,SPO2,163,0,14104394,g2/20mA/0mA,,,0,0
6.902,SPO2,163,1,13919151,g2/18mA/0mA,,,0,0
6.902,SPO2,164,0,14102857,g2/20mA/0mA,,,0,0
6.902,SPO2,164,1,13916801,g2/18mA/0mA,,,0,0
6.902,SPO2,165,0,14101751,g2/20mA/0mA,,,0,0
6.902,SPO2,165,1,13915524,g2/18mA/0mA,,,0,0
8.008,HR,167,0,13102925,g5/29mA/29mA,,,0,0
8.008,HR,167,1,11953894,g5/29mA/29mA,,,0,0
8.008,HR,167,2,14368374,g5/29mA/29mA,,,0,0
8.008,HR,167,3,12219744,g4/29mA/29mA,,,0,0
8.008,HR,168,0,13102072,g5/29mA/29mA,,,0,0
8.008,HR,168,1,11953383,g5/29mA/29mA,,,0,0
8.008,HR,168,2,14367427,g5/29mA/29mA,,,0,0
8.008,HR,168,3,12219190,g4/29mA/29mA,,,0,0
8.008,HR,169,0,13102765,g5/29mA/29mA,,,0,0
8.008,HR,169,1,11953563,g5/29mA/29mA,,,0,0
8.008,HR,169,2,14367078,g5/29mA/29mA,,,0,0
8.008,HR,169,3,12218848,g4/29mA/29mA,,,0,0
8.009,HR,170,0,13102577,g5/29mA/29mA,,,0,0
8.009,HR,170,1,11953152,g5/29mA/29mA,,,0,0
8.009,HR,170,2,14365848,g5/29mA/29mA,,,0,0
8.009,HR,170,3,12218039,g4/29mA/29mA,,,0,0
8.009,HR,171,0,13103139,g5/29mA/29mA,,,0,0
8.009,HR,171,1,11953356,g5/29mA/29mA,,,0,0
8.009,HR,171,2,14364629,g5/29mA/29mA,,,0,0
8.009,HR,171,3,12217220,g4/29mA/29mA,,,0,0
8.009,HR,172,0,13102498,g5/29mA/29mA,,,0,0
8.009,HR,172,1,11953006,g5/29mA/29mA,,,0,0
8.009,HR,172,2,14363546,g5/29mA/29mA,,,0,0
8.009,HR,172,3,12216930,g4/29mA/29mA,,,0,0
8.009,HR,173,0,13103148,g5/29mA/29mA,,,0,0
8.009,HR,173,1,11953843,g5/29mA/29mA,,,0,0
8.009,HR,173,2,14362233,g5/29mA/29mA,,,0,0
8.009,HR,173,3,12216118,g4/29mA/29mA,,,0,0
8.010,HR,174,0,13103345,g5/29mA/29mA,,,0,0
8.010,HR,174,1,11953458,g5/29mA/29mA,,,0,0
8.010,HR,174,2,14362342,g5/29mA/29mA,,,0,0
8.010,HR,174,3,12215923,g4/29mA/29mA,,,0,0
8.010,HR,175,0,13105801,g5/29mA/29mA,,,0,0
8.010,HR,175,1,11953884,g5/29mA/29mA,,,0,0
8.010,HR,175,2,14362744,g5/29mA/29mA,,,0,0
8.010,HR,175,3,12216178,g4/29mA/29mA,,,0,0
8.010,HR,176,0,13108198,g5/29mA/29mA,,,0,0
8.010,HR,176,1,11955225,g5/29mA/29mA,,,0,0
8.010,HR,176,2,14364211,g5/29mA/29mA,,,0,0
8.010,HR,176,3,12217552,g4/29mA/29mA,,,0,0
8.010,HR,177,0,13110169,g5/29mA/29mA,,,0,0
8.010,HR,177,1,11956795,g5/29mA/29mA,,,0,0
8.010,HR,177,2,14366506,g5/29mA/29mA,,,0,0
8.010,HR,177,3,12219285,g4/29mA/29mA,,,0,0
8.010,HR,178,0,13112684,g5/29mA/29mA,,,0,0
8.010,HR,178,1,11957811,g5/29mA/29mA,,,0,0
8.010,HR,178,2,14368306,g5/29mA/29mA,,,0,0
8.010,HR,178,3,12220478,g4/29mA/29mA,,,0,0
8.010,HR,179,0,13114733,g5/29mA/29mA,,,0,0
8.010,HR,179,1,11959611,g5/29mA/29mA,,,0,0
8.010,HR,179,2,14369961,g5/29mA/29mA,,,0,0
8.010,HR,179,3,12221401,g4/29mA/29mA,,,0,0
8.010,HR,180,0,13116729,g5/29mA/29mA,,,0,0
8.010,HR,180,1,11961972,g5/29mA/29mA,,,0,0
8.010,HR,180,2,14371650,g5/29mA/29mA,,,0,0
8.010,HR,180,3,12223268,g4/29mA/29mA,,,0,0
8.010,HR,181,0,13119093,g5/29mA/29mA,,,0,0
8.010,HR,181,1,11963527,g5/29mA/29mA,,,0,0
8.010,HR,181,2,14373782,g5/29mA/29mA,,,0,0
8.010,HR,181,3,12224105,g4/29mA/29mA,,,0,0
8.010,HR,182,0,13121499,g5/29mA/29mA,,,0,0
8.010,HR,182,1,11965445,g5/29mA/29mA,,,0,0
8.010,HR,182,2,14376719,g5/29mA/29mA,,,0,0
8.010,HR,182,3,12225599,g4/29mA/29mA,,,0,0
8.010,HR,183,0,13123878,g5/29mA/29mA,,,0,0
8.010,HR,183,1,11968960,g5/29mA/29mA,,,0,0
8.010,HR,183,2,14379893,g5/29mA/29mA,,,0,0
8.010,HR,183,3,12227415,g4/29mA/29mA,,,0,0
8.010,HR,184,0,13126695,g5/29mA/29mA,,,0,0
8.010,HR,184,1,11970130,g5/29mA/29mA,,,0,0
8.010,HR,184,2,14381547,g5/29mA/29mA,,,0,0
8.010,HR,184,3,12228457,g4/29mA/29mA,,,0,0
8.010,HR,185,0,13130106,g5/29mA/29mA,,,0,0
8.010,HR,185,1,11973388,g5/29mA/29mA,,,0,0
8.010,HR,185,2,14384464,g5/29mA/29mA,,,0,0
8.010,HR,185,3,12230870,g4/29mA/29mA,,,0,0
8.010,HR,186,0,13132818,g5/29mA/29mA,,,0,0
8.010,HR,186,1,11976213,g5/29mA/29mA,,,0,0
8.010,HR,186,2,14387749,g5/29mA/29mA,,,0,0
8.010,HR,186,3,12232961,g4/29mA/29mA,,,0,0
8.010,HR,187,0,13135114,g5/29mA/29mA,,,0,0
8.010,HR,187,1,11978225,g5/29mA/29mA,,,0,0
8.010,HR,187,2,14390196,g5/29mA/29mA,,,0,0
8.010,HR,187,3,12235296,g4/29mA/29mA,,,0,0
8.068,HR,188,0,13138798,g5/29mA/29mA,,,0,0
8.068,HR,188,1,11980171,g5/29mA/29mA,,,0,0
8.068,HR,188,2,14392628,g5/29mA/29mA,,,0,0
8.068,HR,188,3,12237164,g4/29mA/29mA,,,0,0
8.068,HR,189,0,13141853,g5/29mA/29mA,,,0,0
8.068,HR,189,1,11983728,g5/29mA/29mA,,,0,0
8.068,HR,189,2,14396305,g5/29mA/29mA,,,0,0
8.068,HR,189,3,12239504,g4/29mA/29mA,,,0,0
8.068,HR,190,0,13143100,g5/29mA/29mA,,,0,0
8.068,HR,190,1,11986229,g5/29mA/29mA,,,0,0
8.068,HR,190,2,14398302,g5/29mA/29mA,,,0,0
8.068,HR,190,3,12240748,g4/29mA/29mA,,,0,0
8.068,HR,191,0,13132393,g5/29mA/29mA,,,0,0
8.068,HR,191,1,11982269,g5/29mA/29mA,,,0,0
8.068,HR,191,2,14394052,g5/29mA/29mA,,,0,0
8.068,HR,191,3,12237567,g4/29mA/29mA,,,0,0
8.068,HR,192,0,13115552,g5/29mA/29mA,,,0,0
8.068,HR,192,1,11973729,g5/29mA/29mA,,,0,0
8.068,HR,192,2,14383654,g5/29mA/29mA,,,0,0
8.068,HR,192,3,12230024,g4/29mA/29mA,,,0,0
8.068,HR,193,0,13103616,g5/29mA/29mA,,,0,0
8.068,HR,193,1,11965018,g5/29mA/29mA,,,0,0
8.068,HR,193,2,14371131,g5/29mA/29mA,,,0,0
8.068,HR,193,3,12222373,g4/29mA/29mA,,,0,0
8.068,HR,194,0,13098463,g5/29mA/29mA,,,0,0
8.068,HR,194,1,11959415,g5/29mA/29mA,,,0,0
8.068,HR,194,2,14364372,g5/29mA/29mA,,,0,0
8.068,HR,194,3,12217868,g4/29mA/29mA,,,0,0
8.069,HR,195,0,13095964,g5/29mA/29mA,,,0,0
8.069,HR,195,1,11955967,g5/29mA/29mA,,,0,0
8.069,HR,195,2,14360525,g5/29mA/29mA,,,0,0
8.069,HR,195,3,12215428,g4/29mA/29mA,,,0,0
8.069,HR,196,0,13095299,g5/29mA/29mA,,,0,0
8.069,HR,196,1,11954815,g5/29mA/29mA,,,0,0
8.069,HR,196,2,14358998,g5/29mA/29mA,,,0,0
8.069,HR,196,3,12214634,g4/29mA/29mA,,,0,0
8.069,HR,197,0,13096305,g5/29mA/29mA,,,0,0
8.069,HR,197,1,11953672,g5/29mA/29mA,,,0,0
8.069,HR,197,2,14358085,g5/29mA/29mA,,,0,0
8.069,HR,197,3,12214114,g4/29mA/29mA,,,0,0
8.069,HR,198,0,13096118,g5/29mA/29mA,,,0,0
8.069,HR,198,1,11953126,g5/29mA/29mA,,,0,0
8.069,HR,198,2,14357335,g5/29mA/29mA,,,0,0
8.069,HR,198,3,12213569,g4/29mA/29mA,,,0,0
8.069,HR,199,0,13096578,g5/29mA/29mA,53,89,0,0
8.069,HR,199,1,11953733,g5/29mA/29mA,53,89,0,0
8.069,HR,199,2,14357651,g5/29mA/29mA,53,89,0,0
8.069,HR,199,3,12213713,g4/29mA/29mA,53,89,0,0
8.099,SPO2,166,0,14101432,g2/20mA/0mA,53,89,0,0
8.099,SPO2,166,1,13915522,g2/18mA/0mA,53,89,0,0
8.099,SPO2,167,0,14101186,g2/20mA/0mA,53,89,0,0
8.099,SPO2,167,1,13915354,g2/18mA/0mA,53,89,0,0
8.099,SPO2,168,0,14100863,g2/20mA/0mA,53,89,0,0
8.099,SPO2,168,1,13915579,g2/18mA/0mA,53,89,0,0
8.099,SPO2,169,0,14100939,g2/20mA/0mA,53,89,0,0
8.099,SPO2,169,1,13916035,g2/18mA/0mA,53,89,0,0
8.099,SPO2,170,0,14100660,g2/20mA/0mA,53,89,0,0
8.099,SPO2,170,1,13916083,g2/18mA/0mA,53,89,0,0
8.099,SPO2,171,0,14100492,g2/20mA/0mA,53,89,0,0
8.099,SPO2,171,1,13916488,g2/18mA/0mA,53,89,0,0
8.099,SPO2,172,0,14100421,g2/20mA/0mA,53,89,0,0
8.099,SPO2,172,1,13916777,g2/18mA/0mA,53,89,0,0
8.099,SPO2,173,0,14100552,g2/20mA/0mA,53,89,0,0
8.099,SPO2,173,1,13917107,g2/18mA/0mA,53,89,0,0
8.100,SPO2,174,0,14100416,g2/20mA/0mA,53,89,0,0
8.100,SPO2,174,1,13917241,g2/18mA/0mA,53,89,0,0
8.100,SPO2,175,0,14100785,g2/20mA/0mA,53,89,0,0
8.100,SPO2,175,1,13918400,g2/18mA/0mA,53,89,0,0
8.100,SPO2,176,0,14100965,g2/20mA/0mA,53,89,0,0
8.100,SPO2,176,1,13919003,g2/18mA/0mA,53,89,0,0
8.100,SPO2,177,0,14101020,g2/20mA/0mA,53,89,0,0
8.100,SPO2,177,1,13919185,g2/18mA/0mA,53,89,0,0
8.100,SPO2,178,0,14101257,g2/20mA/0mA,53,89,0,0
8.100,SPO2,178,1,13920176,g2/18mA/0mA,53,89,0,0
8.100,SPO2,179,0,14101163,g2/20mA/0mA,53,89,0,0
8.100,SPO2,179,1,13920340,g2/18mA/0mA,53,89,0,0
8.100,SPO2,180,0,14100950,g2/20mA/0mA,53,89,0,0
8.100,SPO2,180,1,13920687,g2/18mA/0mA,53,89,0,0
8.100,SPO2,181,0,14100959,g2/20mA/0mA,53,89,0,0
8.100,SPO2,181,1,13921157,g2/18mA/0mA,53,89,0,0
8.101,SPO2,182,0,14100655,g2/20mA/0mA,53,89,0,0
8.101,SPO2,182,1,13921369,g2/18mA/0mA,53,89,0,0
8.101,SPO2,183,0,14100555,g2/20mA/0mA,53,89,0,0
8.101,SPO2,183,1,13921489,g2/18mA/0mA,53,89,0,0
8.101,SPO2,184,0,14100663,g2/20mA/0mA,53,89,0,0
8.101,SPO2,184,1,13921963,g2/18mA/0mA,53,89,0,0
8.101,SPO2,185,0,14100426,g2/20mA/0mA,53,89,0,0
8.101,SPO2,185,1,13922659,g2/18mA/0mA,53,89,0,0
8.101,SPO2,186,0,14100470,g2/20mA/0mA,53,89,0,0
8.101,SPO2,186,1,13923020,g2/18mA/0mA,53,89,0,0
8.101,SPO2,187,0,14100752,g2/20mA/0mA,53,89,0,0
8.101,SPO2,187,1,13923665,g2/18mA/0mA,53,89,0,0
8.101,SPO2,188,0,14100833,g2/20mA/0mA,53,89,0,0
8.101,SPO2,188,1,13924471,g2/18mA/0mA,53,89,0,0
8.101,SPO2,189,0,14100582,g2/20mA/0mA,53,89,0,0
8.101,SPO2,189,1,13924634,g2/18mA/0mA,53,89,0,0
8.101,SPO2,190,0,14100507,g2/20mA/0mA,53,89,0,0
8.101,SPO2,190,1,13924726,g2/18mA/0mA,53,89,0,0
8.140,SPO2,191,0,14098061,g2/20mA/0mA,53,89,0,0
8.140,SPO2,191,1,13921197,g2/18mA/0mA,53,89,0,0
8.140,SPO2,192,0,14095266,g2/20mA/0mA,53,89,0,0
8.140,SPO2,192,1,13916744,g2/18mA/0mA,53,89,0,0
8.140,SPO2,193,0,14094012,g2/20mA/0mA,53,89,0,0
8.140,SPO2,193,1,13914691,g2/18mA/0mA,53,89,0,0
8.140,SPO2,194,0,14093425,g2/20mA/0mA,53,89,0,0
8.140,SPO2,194,1,13914117,g2/18mA/0mA,53,89,0,0
8.140,SPO2,195,0,14093193,g2/20mA/0mA,53,89,0,0
8.140,SPO2,195,1,13914208,g2/18mA/0mA,53,89,0,0
8.140,SPO2,196,0,14093259,g2/20mA/0mA,53,89,0,0
8.140,SPO2,196,1,13914506,g2/18mA/0mA,53,89,0,0
8.140,SPO2,197,0,14093661,g2/20mA/0mA,53,89,0,0
8.140,SPO2,197,1,13915422,g2/18mA/0mA,53,89,0,0
8.140,SPO2,198,0,14093357,g2/20mA/0mA,53,89,0,0
8.140,SPO2,198,1,13915500,g2/18mA/0mA,53,89,0,0
8.194,SPO2,199,0,14093280,g2/20mA/0mA,53,89,0,0
8.194,SPO2,199,1,13915811,g2/18mA/0mA,53,89,0,0
9.330,HR,200,0,13096169,g5/29mA/29mA,53,89,0,0
9.330,HR,200,1,11953443,g5/29mA/29mA,53,89,0,0
9.330,HR,200,2,14356201,g5/29mA/29mA,53,89,0,0
9.330,HR,200,3,12212834,g4/29mA/29mA,53,89,0,0
9.330,HR,201,0,13095280,g5/29mA/29mA,53,89,0,0
9.330,HR,201,1,11952486,g5/29mA/29mA,53,89,0,0
9.330,HR,201,2,14355424,g5/29mA/29mA,53,89,0,0
9.330,HR,201,3,12211880,g4/29mA/29mA,53,89,0,0
9.330,HR,202,0,13095905,g5/29mA/29mA,53,89,0,0
9.330,HR,202,1,11952990,g5/29mA/29mA,53,89,0,0
9.330,HR,202,2,14355193,g5/29mA/29mA,53,89,0,0
9.330,HR,202,3,12211171,g4/29mA/29mA,53,89,0,0
9.330,HR,203,0,13097535,g5/29mA/29mA,53,89,0,0
9.330,HR,203,1,11953186,g5/29mA/29mA,53,89,0,0
9.330,HR,203,2,14354868,g5/29mA/29mA,53,89,0,0
9.330,HR,203,3,12211042,g4/29mA/29mA,53,89,0,0
9.330,HR,204,0,13100043,g5/29mA/29mA,53,89,0,0
9.330,HR,204,1,11954073,g5/29mA/29mA,53,89,0,0
9.330,HR,204,2,14355714,g5/29mA/29mA,53,89,0,0
9.330,HR,204,3,12211836,g4/29mA/29mA,53,89,0,0
9.330,HR,205,0,13102747,g5/29mA/29mA,53,89,0,0
9.330,HR,205,1,11956120,g5/29mA/29mA,53,89,0,0
9.330,HR,205,2,14357729,g5/29mA/29mA,53,89,0,0
9.330,HR,205,3,12213346,g4/29mA/29mA,53,89,0,0
9.330,HR,206,0,13106269,g5/29mA/29mA,53,89,0,0
9.330,HR,206,1,11958255,g5/29mA/29mA,53,89,0,0
9.330,HR,206,2,14360577,g5/29mA/29mA,53,89,0,0
9.330,HR,206,3,12215548,g4/29mA/29mA,53,89,0,0
9.330,HR,207,0,13108530,g5/29mA/29mA,53,89,0,0
9.330,HR,207,1,11960044,g5/29mA/29mA,53,89,0,0
9.330,HR,207,2,14363375,g5/29mA/29mA,53,89,0,0
9.330,HR,207,3,12217127,g4/29mA/29mA,53,89,0,0
9.330,HR,208,0,13111234,g5/29mA/29mA,53,89,0,0
9.330,HR,208,1,11961418,g5/29mA/29mA,53,89,0,0
9.330,HR,208,2,14365722,g5/29mA/29mA,53,89,0,0
9.330,HR,208,3,12218339,g4/29mA/29mA,53,89,0,0
9.330,HR,209,0,13114161,g5/29mA/29mA,53,89,0,0
9.330,HR,209,1,11963365,g5/29mA/29mA,53,89,0,0
9.330,HR,209,2,14368647,g5/29mA/29mA,53,89,0,0
9.330,HR,209,3,12220427,g4/29mA/29mA,53,89,0,0
9.330,HR,210,0,13117078,g5/29mA/29mA,53,89,0,0
9.330,HR,210,1,11965351,g5/29mA/29mA,53,89,0,0
9.330,HR,210,2,14371437,g5/29mA/29mA,53,89,0,0
9.330,HR,210,3,12222220,g4/29mA/29mA,53,89,0,0
9.330,HR,211,0,13119537,g5/29mA/29mA,53,89,0,0
9.330,HR,211,1,11967093,g5/29mA/29mA,53,89,0,0
9.330,HR,211,2,14373672,g5/29mA/29mA,53,89,0,0
9.330,HR,211,3,12223636,g4/29mA/29mA,53,89,0,0
9.330,HR,212,0,13123307,g5/29mA/29mA,53,89,0,0
9.330,HR,212,1,11970172,g5/29mA/29mA,53,89,0,0
9.330,HR,212,2,14377076,g5/29mA/29mA,53,89,0,0
9.330,HR,212,3,12225725,g4/29mA/29mA,53,89,0,0
9.330,HR,213,0,13126702,g5/29mA/29mA,53,89,0,0
9.330,HR,213,1,11972843,g5/29mA/29mA,53,89,0,0
9.330,HR,213,2,14379883,g5/29mA/29mA,53,89,0,0
9.330,HR,213,3,12227576,g4/29mA/29mA,53,89,0,0
9.331,HR,214,0,13130302,g5/29mA/29mA,53,89,0,0
9.331,HR,214,1,11974428,g5/29mA/29mA,53,89,0,0
9.331,HR,214,2,14382894,g5/29mA/29mA,53,89,0,0
9.331,HR,214,3,12229471,g4/29mA/29mA,53,89,0,0
9.331,HR,215,0,13134056,g5/29mA/29mA,53,89,0,0
9.331,HR,215,1,11976620,g5/29mA/29mA,53,89,0,0
9.331,HR,215,2,14386239,g5/29mA/29mA,53,89,0,0
9.331,HR,215,3,12231612,g4/29mA/29mA,53,89,0,0
9.331,HR,216,0,13137615,g5/29mA/29mA,53,89,0,0
9.331,HR,216,1,11978984,g5/29mA/29mA,53,89,0,0
9.331,HR,216,2,14388807,g5/29mA/29mA,53,89,0,0
9.331,HR,216,3,12233070,g4/29mA/29mA,53,89,0,0
9.331,HR,217,0,13141392,g5/29mA/29mA,53,89,0,0
9.331,HR,217,1,11981631,g5/29mA/29mA,53,89,0,0
9.331,HR,217,2,14392252,g5/29mA/29mA,53,89,0,0
9.331,HR,217,3,12235153,g4/29mA/29mA,53,89,0,0
9.331,HR,218,0,13145079,g5/29mA/29mA,53,89,0,0
9.331,HR,218,1,11984222,g5/29mA/29mA,53,89,0,0
9.331,HR,218,2,14395554,g5/29mA/29mA,53,89,0,0
9.331,HR,218,3,12237260,g4/29mA/29mA,53,89,0,0
9.331,HR,219,0,13148780,g5/29mA/29mA,53,89,0,0
9.331,HR,219,1,11987295,g5/29mA/29mA,53,89,0,0
9.331,HR,219,2,14398770,g5/29mA/29mA,53,89,0,0
9.331,HR,219,3,12239555,g4/29mA/29mA,53,89,0,0
9.331,HR,220,0,13146409,g5/29mA/29mA,53,89,0,0
9.331,HR,220,1,11988300,g5/29mA/29mA,53,89,0,0
9.331,HR,220,2,14399820,g5/29mA/29mA,53,89,0,0
9.331,HR,220,3,12239572,g4/29mA/29mA,53,89,0,0
9.332,HR,221,0,13131744,g5/29mA/29mA,53,89,0,0
9.332,HR,221,1,11980863,g5/29mA/29mA,53,89,0,0
9.332,HR,221,2,14391988,g5/29mA/29mA,53,89,0,0
9.332,HR,221,3,12233650,g4/29mA/29mA,53,89,0,0
9.332,HR,222,0,13114962,g5/29mA/29mA,53,89,0,0
9.332,HR,222,1,11971742,g5/29mA/29mA,53,89,0,0
9.332,HR,222,2,14378816,g5/29mA/29mA,53,89,0,0
9.332,HR,222,3,12224429,g4/29mA/29mA,53,89,0,0
9.332,HR,223,0,13106005,g5/29mA/29mA,53,89,0,0
9.332,HR,223,1,11965097,g5/29mA/29mA,53,89,0,0
9.332,HR,223,2,14369858,g5/29mA/29mA,53,89,0,0
9.332,HR,223,3,12217689,g4/29mA/29mA,53,89,0,0
9.332,HR,224,0,13102012,g5/29mA/29mA,52,96,0,0
9.332,HR,224,1,11959517,g5/29mA/29mA,52,96,0,0
9.332,HR,224,2,14364150,g5/29mA/29mA,52,96,0,0
9.332,HR,224,3,12213670,g4/29mA/29mA,52,96,0,0
9.332,HR,225,0,13100058,g5/29mA/29mA,52,96,0,0
9.332,HR,225,1,11957077,g5/29mA/29mA,52,96,0,0
9.332,HR,225,2,14361857,g5/29mA/29mA,52,96,0,0
9.332,HR,225,3,12211761,g4/29mA/29mA,52,96,0,0
9.332,HR,226,0,13099991,g5/29mA/29mA,52,96,0,0
9.332,HR,226,1,11957111,g5/29mA/29mA,52,96,0,0
9.332,HR,226,2,14359793,g5/29mA/29mA,52,96,0,0
9.332,HR,226,3,12210693,g4/29mA/29mA,52,96,0,0
9.333,HR,227,0,13100273,g5/29mA/29mA,52,96,0,0
9.333,HR,227,1,11956197,g5/29mA/29mA,52,96,0,0
9.333,HR,227,2,14358896,g5/29mA/29mA,52,96,0,0
9.333,HR,227,3,12209968,g4/29mA/29mA,52,96,0,0
9.333,HR,228,0,13101825,g5/29mA/29mA,52,96,0,0
9.333,HR,228,1,11956674,g5/29mA/29mA,52,96,0,0
9.333,HR,228,2,14358350,g5/29mA/29mA,52,96,0,0
9.333,HR,228,3,12209840,g4/29mA/29mA,52,96,0,0
9.333,HR,229,0,13101843,g5/29mA/29mA,52,96,0,0
9.333,HR,229,1,11957170,g5/29mA/29mA,52,96,0,0
9.333,HR,229,2,14358743,g5/29mA/29mA,52,96,0,0
9.333,HR,229,3,12209439,g4/29mA/29mA,52,96,0,0
9.333,HR,230,0,13101348,g5/29mA/29mA,52,96,0,0
9.333,HR,230,1,11956990,g5/29mA/29mA,52,96,0,0
9.333,HR,230,2,14357507,g5/29mA/29mA,52,96,0,0
9.333,HR,230,3,12208424,g4/29mA/29mA,52,96,0,0
9.333,HR,231,0,13101568,g5/29mA/29mA,52,96,0,0
9.333,HR,231,1,11956709,g5/29mA/29mA,52,96,0,0
9.333,HR,231,2,14356592,g5/29mA/29mA,52,96,0,0
9.333,HR,231,3,12207579,g4/29mA/29mA,52,96,0,0
9.333,HR,232,0,13101986,g5/29mA/29mA,52,96,0,0
9.333,HR,232,1,11956941,g5/29mA/29mA,52,96,0,0
9.333,HR,232,2,14356976,g5/29mA/29mA,52,96,0,0
9.333,HR,232,3,12207570,g4/29mA/29mA,52,96,0,0
9.394,SPO2,200,0,14093078,g2/20mA/0mA,52,96,0,0
9.394,SPO2,200,1,13915860,g2/18mA/0mA,52,96,0,0
9.394,SPO2,201,0,14092865,g2/20mA/0mA,52,96,0,0
9.394,SPO2,201,1,13915814,g2/18mA/0mA,52,96,0,0
9.394,SPO2,202,0,14092703,g2/20mA/0mA,52,96,0,0
9.394,SPO2,202,1,13916049,g2/18mA/0mA,52,96,0,0
9.394,SPO2,203,0,14092956,g2/20mA/0mA,52,96,0,0
9.394,SPO2,203,1,13916861,g2/18mA/0mA,52,96,0,0
9.394,SPO2,204,0,14093135,g2/20mA/0mA,52,96,0,0
9.394,SPO2,204,1,13917514,g2/18mA/0mA,52,96,0,0
9.394,SPO2,205,0,14093046,g2/20mA/0mA,52,96,0,0
9.394,SPO2,205,1,13918072,g2/18mA/0mA,52,96,0,0
9.394,SPO2,206,0,14093581,g2/20mA/0mA,52,96,0,0
9.394,SPO2,206,1,13919130,g2/18mA/0mA,52,96,0,0
9.394,SPO2,207,0,14093594,g2/20mA/0mA,52,96,0,0
9.394,SPO2,207,1,13919497,g2/18mA/0mA,52,96,0,0
9.394,SPO2,208,0,14093652,g2/20mA/0mA,52,96,0,0
9.394,SPO2,208,1,13919749,g2/18mA/0mA,52,96,0,0
9.394,SPO2,209,0,14093689,g2/20mA/0mA,52,96,0,0
9.394,SPO2,209,1,13920459,g2/18mA/0mA,52,96,0,0
9.394,SPO2,210,0,14093915,g2/20mA/0mA,52,96,0,0
9.394,SPO2,210,1,13921134,g2/18mA/0mA,52,96,0,0
9.394,SPO2,211,0,14093936,g2/20mA/0mA,52,96,0,0
9.394,SPO2,211,1,13921446,g2/18mA/0mA,52,96,0,0
9.394,SPO2,212,0,14094188,g2/20mA/0mA,52,96,0,0
9.394,SPO2,212,1,13922240,g2/18mA/0mA,52,96,0,0
9.394,SPO2,213,0,14094295,g2/20mA/0mA,52,96,0,0
9.394,SPO2,213,1,13922795,g2/18mA/0mA,52,96,0,0
9.394,SPO2,214,0,14094476,g2/20mA/0mA,52,96,0,0
9.394,SPO2,214,1,13923699,g2/18mA/0mA,52,96,0,0
9.394,SPO2,215,0,14094916,g2/20mA/0mA,52,96,0,0
9.394,SPO2,215,1,13924508,g2/18mA/0mA,52,96,0,0
9.394,SPO2,216,0,14094978,g2/20mA/0mA,52,96,0,0
9.394,SPO2,216,1,13924974,g2/18mA/0mA,52,96,0,0
9.394,SPO2,217,0,14095228,g2/20mA/0mA,52,96,0,0
9.394,SPO2,217,1,13925649,g2/18mA/0mA,52,96,0,0
9.419,SPO2,218,0,14095632,g2/20mA/0mA,52,96,0,0
9.419,SPO2,218,1,13926515,g2/18mA/0mA,52,96,0,0
9.419,SPO2,219,0,14095225,g2/20mA/0mA,52,96,0,0
9.419,SPO2,219,1,13926751,g2/18mA/0mA,52,96,0,0
9.419,SPO2,220,0,14095221,g2/20mA/0mA,52,96,0,0
9.419,SPO2,220,1,13925945,g2/18mA/0mA,52,96,0,0
9.419,SPO2,221,0,14092640,g2/20mA/0mA,52,96,0,0
9.419,SPO2,221,1,13921669,g2/18mA/0mA,52,96,0,0
9.419,SPO2,222,0,14089923,g2/20mA/0mA,52,96,0,0
9.419,SPO2,222,1,13917836,g2/18mA/0mA,52,96,0,0
9.419,SPO2,223,0,14089704,g2/20mA/0mA,52,96,0,0
9.419,SPO2,223,1,13916992,g2/18mA/0mA,52,96,0,0
9.419,SPO2,224,0,14089619,g2/20mA/0mA,52,96,0,0
9.419,SPO2,224,1,13917038,g2/18mA/0mA,52,96,0,0
9.419,SPO2,225,0,14089492,g2/20mA/0mA,52,96,0,0
9.419,SPO2,225,1,13917176,g2/18mA/0mA,52,96,0,0
9.421,SPO2,226,0,14089419,g2/20mA/0mA,52,96,0,0
9.421,SPO2,226,1,13917616,g2/18mA/0mA,52,96,0,0
9.421,SPO2,227,0,14089395,g2/20mA/0mA,52,96,0,0
9.421,SPO2,227,1,13917709,g2/18mA/0mA,52,96,0,0
9.421,SPO2,228,0,14089481,g2/20mA/0mA,52,96,0,0
9.421,SPO2,228,1,13918483,g2/18mA/0mA,52,96,0,0
9.421,SPO2,229,0,14089179,g2/20mA/0mA,52,96,0,0
9.421,SPO2,229,1,13918334,g2/18mA/0mA,52,96,0,0
9.421,SPO2,230,0,14088856,g2/20mA/0mA,52,96,0,0
9.421,SPO2,230,1,13917979,g2/18mA/0mA,52,96,0,0
9.421,SPO2,231,0,14089050,g2/20mA/0mA,52,96,0,0
9.421,SPO2,231,1,13918463,g2/18mA/0mA,52,96,0,0
9.421,SPO2,232,0,14088695,g2/20mA/0mA,52,96,0,0
9.421,SPO2,232,1,13918392,g2/18mA/0mA,52,96,0,0
10.680,HR,233,0,13103489,g5/29mA/29mA,52,96,0,0
10.680,HR,233,1,11958417,g5/29mA/29mA,52,96,0,0
10.680,HR,233,2,14357199,g5/29mA/29mA,52,96,0,0
10.680,HR,233,3,12207529,g4/29mA/29mA,52,96,0,0
10.680,HR,234,0,13106524,g5/29mA/29mA,52,96,0,0
10.680,HR,234,1,11959336,g5/29mA/29mA,52,96,0,0
10.680,HR,234,2,14358385,g5/29mA/29mA,52,96,0,0
10.680,HR,234,3,12208279,g4/29mA/29mA,52,96,0,0
10.680,HR,235,0,13109827,g5/29mA/29mA,52,96,0,0
10.680,HR,235,1,11961241,g5/29mA/29mA,52,96,0,0
10.680,HR,235,2,14360124,g5/29mA/29mA,52,96,0,0
10.680,HR,235,3,12209637,g4/29mA/29mA,52,96,0,0
10.680,HR,236,0,13113206,g5/29mA/29mA,52,96,0,0
10.680,HR,236,1,11963655,g5/29mA/29mA,52,96,0,0
10.680,HR,236,2,14362342,g5/29mA/29mA,52,96,0,0
10.680,HR,236,3,12211384,g4/29mA/29mA,52,96,0,0
10.680,HR,237,0,13116773,g5/29mA/29mA,52,96,0,0
10.680,HR,237,1,11965222,g5/29mA/29mA,52,96,0,0
10.680,HR,237,2,14364177,g5/29mA/29mA,52,96,0,0
10.680,HR,237,3,12212997,g4/29mA/29mA,52,96,0,0
10.680,HR,238,0,13120030,g5/29mA/29mA,52,96,0,0
10.680,HR,238,1,11967280,g5/29mA/29mA,52,96,0,0
10.680,HR,238,2,14366480,g5/29mA/29mA,52,96,0,0
10.680,HR,238,3,12214089,g4/29mA/29mA,52,96,0,0
10.680,HR,239,0,13122873,g5/29mA/29mA,52,96,0,0
10.680,HR,239,1,11968490,g5/29mA/29mA,52,96,0,0
10.680,HR,239,2,14368886,g5/29mA/29mA,52,96,0,0
10.680,HR,239,3,12215881,g4/29mA/29mA,52,96,0,0
10.681,HR,240,0,13126617,g5/29mA/29mA,52,96,0,0
10.681,HR,240,1,11970776,g5/29mA/29mA,52,96,0,0
10.681,HR,240,2,14371301,g5/29mA/29mA,52,96,0,0
10.681,HR,240,3,12217997,g4/29mA/29mA,52,96,0,0
10.681,HR,241,0,13129389,g5/29mA/29mA,52,96,0,0
10.681,HR,241,1,11972740,g5/29mA/29mA,52,96,0,0
10.681,HR,241,2,14374056,g5/29mA/29mA,52,96,0,0
10.681,HR,241,3,12219386,g4/29mA/29mA,52,96,0,0
10.681,HR,242,0,13131138,g5/29mA/29mA,52,96,0,0
10.681,HR,242,1,11974488,g5/29mA/29mA,52,96,0,0
10.681,HR,242,2,14376504,g5/29mA/29mA,52,96,0,0
10.681,HR,242,3,12222143,g4/29mA/29mA,52,96,0,0
10.681,HR,243,0,13133518,g5/29mA/29mA,52,96,0,0
10.681,HR,243,1,11976084,g5/29mA/29mA,52,96,0,0
10.681,HR,243,2,14380173,g5/29mA/29mA,52,96,0,0
10.681,HR,243,3,12225246,g4/29mA/29mA,52,96,0,0
10.681,HR,244,0,13135686,g5/29mA/29mA,52,96,0,0
10.681,HR,244,1,11979156,g5/29mA/29mA,52,96,0,0
10.681,HR,244,2,14384856,g5/29mA/29mA,52,96,0,0
10.681,HR,244,3,12229565,g4/29mA/29mA,52,96,0,0
10.681,HR,245,0,13137537,g5/29mA/29mA,52,96,0,0
10.681,HR,245,1,11983489,g5/29mA/29mA,52,96,0,0
10.681,HR,245,2,14389974,g5/29mA/29mA,52,96,0,0
10.681,HR,245,3,12235484,g4/29mA/29mA,52,96,0,0
10.681,HR,246,0,13139414,g5/29mA/29mA,52,96,0,0
10.681,HR,246,1,11987132,g5/29mA/29mA,52,96,0,0
10.681,HR,246,2,14394420,g5/29mA/29mA,52,96,0,0
10.681,HR,246,3,12239665,g4/29mA/29mA,52,96,0,0
10.740,HR,247,0,13141265,g5/29mA/29mA,52,96,0,0
10.740,HR,247,1,11990801,g5/29mA/29mA,52,96,0,0
10.740,HR,247,2,14398336,g5/29mA/29mA,52,96,0,0
10.740,HR,247,3,12242720,g4/29mA/29mA,52,96,0,0
10.740,HR,248,0,13143866,g5/29mA/29mA,52,96,0,0
10.740,HR,248,1,11992371,g5/29mA/29mA,52,96,0,0
10.740,HR,248,2,14399915,g5/29mA/29mA,52,96,0,0
10.740,HR,248,3,12243256,g4/29mA/29mA,52,96,0,0
10.740,HR,249,0,13135812,g5/29mA/29mA,52,98,0,0
10.740,HR,249,1,11986952,g5/29mA/29mA,52,98,0,0
10.740,HR,249,2,14395837,g5/29mA/29mA,52,98,0,0
10.740,HR,249,3,12238855,g4/29mA/29mA,52,98,0,0
10.740,HR,250,0,13117958,g5/29mA/29mA,52,98,0,0
10.740,HR,250,1,11976366,g5/29mA/29mA,52,98,0,0
10.740,HR,250,2,14385693,g5/29mA/29mA,52,98,0,0
10.740,HR,250,3,12228805,g4/29mA/29mA,52,98,0,0
10.740,HR,251,0,13105579,g5/29mA/29mA,52,98,0,0
10.740,HR,251,1,11967774,g5/29mA/29mA,52,98,0,0
10.740,HR,251,2,14372760,g5/29mA/29mA,52,98,0,0
10.740,HR,251,3,12218072,g4/29mA/29mA,52,98,0,0
10.769,HR,252,0,13098984,g5/29mA/29mA,52,98,0,0
10.769,HR,252,1,11959483,g5/29mA/29mA,52,98,0,0
10.769,HR,252,2,14362572,g5/29mA/29mA,52,98,0,0
10.769,HR,252,3,12209576,g4/29mA/29mA,52,98,0,0
10.769,HR,253,0,13093558,g5/29mA/29mA,52,98,0,0
10.769,HR,253,1,11953594,g5/29mA/29mA,52,98,0,0
10.769,HR,253,2,14360328,g5/29mA/29mA,52,98,0,0
10.769,HR,253,3,12206249,g4/29mA/29mA,52,98,0,0
10.769,HR,254,0,13088261,g5/29mA/29mA,52,98,0,0
10.769,HR,254,1,11950634,g5/29mA/29mA,52,98,0,0
10.769,HR,254,2,14364406,g5/29mA/29mA,52,98,0,0
10.769,HR,254,3,12206974,g4/29mA/29mA,52,98,0,0
10.769,HR,255,0,13086340,g5/29mA/29mA,52,98,0,0
10.769,HR,255,1,11948751,g5/29mA/29mA,52,98,0,0
10.769,HR,255,2,14365158,g5/29mA/29mA,52,98,0,0
10.769,HR,255,3,12205055,g4/29mA/29mA,52,98,0,0
10.769,HR,0,0,13089812,g5/29mA/29mA,52,98,0,0
10.769,HR,0,1,11945662,g5/29mA/29mA,52,98,0,0
10.769,HR,0,2,14365294,g5/29mA/29mA,52,98,0,0
10.769,HR,0,3,12201640,g4/29mA/29mA,52,98,0,0
10.769,HR,1,0,13091469,g5/29mA/29mA,52,98,0,0
10.769,HR,1,1,11939220,g5/29mA/29mA,52,98,0,0
10.769,HR,1,2,14365056,g5/29mA/29mA,52,98,0,0
10.769,HR,1,3,12196770,g4/29mA/29mA,52,98,0,0
10.769,HR,2,0,13091135,g5/29mA/29mA,52,98,0,0
10.769,HR,2,1,11935296,g5/29mA/29mA,52,98,0,0
10.769,HR,2,2,14365329,g5/29mA/29mA,52,98,0,0
10.769,HR,2,3,12195046,g4/29mA/29mA,52,98,0,0
10.770,HR,3,0,13092270,g5/29mA/29mA,52,98,0,0
10.770,HR,3,1,11939041,g5/29mA/29mA,52,98,0,0
10.770,HR,3,2,14365721,g5/29mA/29mA,52,98,0,0
10.770,HR,3,3,12195321,g4/29mA/29mA,52,98,0,0
10.770,HR,4,0,13094293,g5/29mA/29mA,52,98,0,0
10.770,HR,4,1,11943340,g5/29mA/29mA,52,98,0,0
10.770,HR,4,2,14365234,g5/29mA/29mA,52,98,0,0
10.770,HR,4,3,12196311,g4/29mA/29mA,52,98,0,0
10.770,HR,5,0,13094087,g5/29mA/29mA,52,98,0,0
10.770,HR,5,1,11947512,g5/29mA/29mA,52,98,0,0
10.770,HR,5,2,14367061,g5/29mA/29mA,52,98,0,0
10.770,HR,5,3,12198741,g4/29mA/29mA,52,98,0,0
10.770,HR,6,0,13091886,g5/29mA/29mA,52,98,0,0
10.770,HR,6,1,11951634,g5/29mA/29mA,52,98,0,0
10.770,HR,6,2,14369749,g5/29mA/29mA,52,98,0,0
10.770,HR,6,3,12201719,g4/29mA/29mA,52,98,0,0
10.770,HR,7,0,13087707,g5/29mA/29mA,52,98,0,0
10.770,HR,7,1,11953492,g5/29mA/29mA,52,98,0,0
10.770,HR,7,2,14372622,g5/29mA/29mA,52,98,0,0
10.770,HR,7,3,12204603,g4/29mA/29mA,52,98,0,0
10.770,HR,8,0,13091706,g5/29mA/29mA,52,98,0,0
10.770,HR,8,1,11952528,g5/29mA/29mA,52,98,0,0
10.770,HR,8,2,14374270,g5/29mA/29mA,52,98,0,0
10.770,HR,8,3,12205718,g4/29mA/29mA,52,98,0,0
10.771,HR,9,0,13093449,g5/29mA/29mA,52,98,0,0
10.771,HR,9,1,11953458,g5/29mA/29mA,52,98,0,0
10.771,HR,9,2,14377554,g5/29mA/29mA,52,98,0,0
10.771,HR,9,3,12207570,g4/29mA/29mA,52,98,0,0
10.772,HR,10,0,13091724,g5/29mA/29mA,52,98,0,0
10.772,HR,10,1,11954203,g5/29mA/29mA,52,98,0,0
10.772,HR,10,2,14379652,g5/29mA/29mA,52,98,0,0
10.772,HR,10,3,12207513,g4/29mA/29mA,52,98,0,0
10.802,SPO2,233,0,14088718,g2/20mA/0mA,52,98,0,0
10.802,SPO2,233,1,13919075,g2/18mA/0mA,52,98,0,0
10.802,SPO2,234,0,14089297,g2/20mA/0mA,52,98,0,0
10.802,SPO2,234,1,13919880,g2/18mA/0mA,52,98,0,0
10.802,SPO2,235,0,14089289,g2/20mA/0mA,52,98,0,0
10.802,SPO2,235,1,13920623,g2/18mA/0mA,52,98,0,0
10.802,SPO2,236,0,14089356,g2/20mA/0mA,52,98,0,0
10.802,SPO2,236,1,13921235,g2/18mA/0mA,52,98,0,0
10.802,SPO2,237,0,14090356,g2/20mA/0mA,52,98,0,0
10.802,SPO2,237,1,13922449,g2/18mA/0mA,52,98,0,0
10.802,SPO2,238,0,14090737,g2/20mA/0mA,52,98,0,0
10.802,SPO2,238,1,13923337,g2/18mA/0mA,52,98,0,0
10.802,SPO2,239,0,14091147,g2/20mA/0mA,52,98,0,0
10.802,SPO2,239,1,13923927,g2/18mA/0mA,52,98,0,0
10.802,SPO2,240,0,14091721,g2/20mA/0mA,52,98,0,0
10.802,SPO2,240,1,13924717,g2/18mA/0mA,52,98,0,0
10.802,SPO2,241,0,14091586,g2/20mA/0mA,52,98,0,0
10.802,SPO2,241,1,13925052,g2/18mA/0mA,52,98,0,0
10.892,SPO2,242,0,14090890,g2/20mA/0mA,52,98,0,0
10.892,SPO2,242,1,13924689,g2/18mA/0mA,52,98,0,0
10.892,SPO2,243,0,14090590,g2/20mA/0mA,52,98,0,0
10.892,SPO2,243,1,13924699,g2/18mA/0mA,52,98,0,0
10.892,SPO2,244,0,14090223,g2/20mA/0mA,52,98,0,0
10.892,SPO2,244,1,13924615,g2/18mA/0mA,52,98,0,0
10.892,SPO2,245,0,14090228,g2/20mA/0mA,52,98,0,0
10.892,SPO2,245,1,13924974,g2/18mA/0mA,52,98,0,0
10.892,SPO2,246,0,14090077,g2/20mA/0mA,52,98,0,0
10.892,SPO2,246,1,13925317,g2/18mA/0mA,52,98,0,0
10.892,SPO2,247,0,14090178,g2/20mA/0mA,52,98,0,0
10.892,SPO2,247,1,13925791,g2/18mA/0mA,52,98,0,0
10.892,SPO2,248,0,14090730,g2/20mA/0mA,52,98,0,0
10.892,SPO2,248,1,13926624,g2/18mA/0mA,52,98,0,0
10.892,SPO2,249,0,14090025,g2/20mA/0mA,52,98,0,0
10.892,SPO2,249,1,13924871,g2/18mA/0mA,52,98,0,0
10.979,SPO2,250,0,14086199,g2/20mA/0mA,52,98,0,0
10.979,SPO2,250,1,13919356,g2/18mA/0mA,52,98,0,0
10.979,SPO2,251,0,14085540,g2/20mA/0mA,52,98,0,0
10.979,SPO2,251,1,13917588,g2/18mA/0mA,52,98,0,0
10.979,SPO2,252,0,14084961,g2/20mA/0mA,52,98,0,0
10.979,SPO2,252,1,13916625,g2/18mA/0mA,52,98,0,0
10.979,SPO2,253,0,14082663,g2/20mA/0mA,52,98,0,0
10.979,SPO2,253,1,13914127,g2/18mA/0mA,52,98,0,0
10.979,SPO2,254,0,14079950,g2/20mA/0mA,52,98,0,0
10.979,SPO2,254,1,13910756,g2/18mA/0mA,52,98,0,0
10.979,SPO2,255,0,14080419,g2/20mA/0mA,52,98,0,0
10.979,SPO2,255,1,13911088,g2/18mA/0mA,52,98,0,0
10.979,SPO2,0,0,14083351,g2/20mA/0mA,52,98,0,0
10.979,SPO2,0,1,13913930,g2/18mA/0mA,52,98,0,0
10.979,SPO2,1,0,14084803,g2/20mA/0mA,52,98,0,0
10.979,SPO2,1,1,13915130,g2/18mA/0mA,52,98,0,0
10.979,SPO2,2,0,14083799,g2/20mA/0mA,52,98,0,0
10.979,SPO2,2,1,13913875,g2/18mA/0mA,52,98,0,0
10.981,SPO2,3,0,14083526,g2/20mA/0mA,52,98,0,0
10.981,SPO2,3,1,13914412,g2/18mA/0mA,52,98,0,0
10.981,SPO2,4,0,14084177,g2/20mA/0mA,52,98,0,0
10.981,SPO2,4,1,13915737,g2/18mA/0mA,52,98,0,0
10.981,SPO2,5,0,14081166,g2/20mA/0mA,52,98,0,0
10.981,SPO2,5,1,13913364,g2/18mA/0mA,52,98,0,0
10.981,SPO2,6,0,14075852,g2/20mA/0mA,52,98,0,0
10.981,SPO2,6,1,13908675,g2/18mA/0mA,52,98,0,0
10.981,SPO2,7,0,14072806,g2/20mA/0mA,52,98,0,0
10.981,SPO2,7,1,13904805,g2/18mA/0mA,52,98,0,0
10.981,SPO2,8,0,14077685,g2/20mA/0mA,52,98,0,0
10.981,SPO2,8,1,13909492,g2/18mA/0mA,52,98,0,0
10.981,SPO2,9,0,14078010,g2/20mA/0mA,52,98,0,0
10.981,SPO2,9,1,13910110,g2/18mA/0mA,52,98,0,0
12.000,HR,11,0,13092380,g5/29mA/29mA,52,98,0,0
12.000,HR,11,1,11953706,g5/29mA/29mA,52,98,0,0
12.000,HR,11,2,14380941,g5/29mA/29mA,52,98,0,0
12.000,HR,11,3,12205481,g4/29mA/29mA,52,98,0,0
12.000,HR,12,0,13092459,g5/29mA/29mA,52,98,0,0
12.000,HR,12,1,11952810,g5/29mA/29mA,52,98,0,0
12.000,HR,12,2,14382085,g5/29mA/29mA,52,98,0,0
12.000,HR,12,3,12203971,g4/29mA/29mA,52,98,0,0
12.000,HR,13,0,13090129,g5/29mA/29mA,52,98,0,0
12.000,HR,13,1,11953757,g5/29mA/29mA,52,98,0,0
12.000,HR,13,2,14386196,g5/29mA/29mA,52,98,0,0
12.000,HR,13,3,12204491,g4/29mA/29mA,52,98,0,0
12.000,HR,14,0,13090359,g5/29mA/29mA,52,98,0,0
12.000,HR,14,1,11954893,g5/29mA/29mA,52,98,0,0
12.000,HR,14,2,14388312,g5/29mA/29mA,52,98,0,0
12.000,HR,14,3,12204176,g4/29mA/29mA,52,98,0,0
12.000,HR,15,0,13090538,g5/29mA/29mA,52,98,0,0
12.000,HR,15,1,11955046,g5/29mA/29mA,52,98,0,0
12.000,HR,15,2,14390555,g5/29mA/29mA,52,98,0,0
12.000,HR,15,3,12203793,g4/29mA/29mA,52,98,0,0
12.000,HR,16,0,13092365,g5/29mA/29mA,52,98,0,0
12.000,HR,16,1,11958177,g5/29mA/29mA,52,98,0,0
12.000,HR,16,2,14392338,g5/29mA/29mA,52,98,0,0
12.000,HR,16,3,12203604,g4/29mA/29mA,52,98,0,0
12.000,HR,17,0,13093797,g5/29mA/29mA,52,98,0,0
12.000,HR,17,1,11960575,g5/29mA/29mA,52,98,0,0
12.000,HR,17,2,14395802,g5/29mA/29mA,52,98,0,0
12.000,HR,17,3,12204210,g4/29mA/29mA,52,98,0,0
12.029,HR,18,0,13096305,g5/29mA/29mA,52,99,0,0
12.029,HR,18,1,11962306,g5/29mA/29mA,52,99,0,0
12.029,HR,18,2,14397022,g5/29mA/29mA,52,99,0,0
12.029,HR,18,3,12204644,g4/29mA/29mA,52,99,0,0
12.029,HR,19,0,13098097,g5/29mA/29mA,52,99,0,0
12.029,HR,19,1,11964259,g5/29mA/29mA,52,99,0,0
12.029,HR,19,2,14400664,g5/29mA/29mA,52,99,0,0
12.029,HR,19,3,12206580,g4/29mA/29mA,52,99,0,0
12.030,HR,20,0,13098651,g5/29mA/29mA,52,99,0,0
12.030,HR,20,1,11967843,g5/29mA/29mA,52,99,0,0
12.030,HR,20,2,14404555,g5/29mA/29mA,52,99,0,0
12.030,HR,20,3,12209762,g4/29mA/29mA,52,99,0,0
12.030,HR,21,0,13090776,g5/29mA/29mA,52,99,0,0
12.030,HR,21,1,11970572,g5/29mA/29mA,52,99,0,0
12.030,HR,21,2,14403857,g5/29mA/29mA,52,99,0,0
12.030,HR,21,3,12210763,g4/29mA/29mA,52,99,0,0
12.030,HR,22,0,13069474,g5/29mA/29mA,52,99,0,0
12.030,HR,22,1,11966580,g5/29mA/29mA,52,99,0,0
12.030,HR,22,2,14397056,g5/29mA/29mA,52,99,0,0
12.030,HR,22,3,12206282,g4/29mA/29mA,52,99,0,0
12.030,HR,23,0,13048871,g5/29mA/29mA,52,99,0,0
12.030,HR,23,1,11958654,g5/29mA/29mA,52,99,0,0
12.030,HR,23,2,14384754,g5/29mA/29mA,52,99,0,0
12.030,HR,23,3,12196156,g4/29mA/29mA,52,99,0,0
12.031,HR,24,0,13031331,g5/29mA/29mA,52,99,0,0
12.031,HR,24,1,11952283,g5/29mA/29mA,52,99,0,0
12.031,HR,24,2,14375608,g5/29mA/29mA,52,99,0,0
12.031,HR,24,3,12190242,g4/29mA/29mA,52,99,0,0
12.031,HR,25,0,13017526,g5/29mA/29mA,52,99,0,0
12.031,HR,25,1,11951154,g5/29mA/29mA,52,99,0,0
12.031,HR,25,2,14368205,g5/29mA/29mA,52,99,0,0
12.031,HR,25,3,12187293,g4/29mA/29mA,52,99,0,0
12.031,HR,26,0,13013211,g5/29mA/29mA,52,99,0,0
12.031,HR,26,1,11948322,g5/29mA/29mA,52,99,0,0
12.031,HR,26,2,14365294,g5/29mA/29mA,52,99,0,0
12.031,HR,26,3,12186226,g4/29mA/29mA,52,99,0,0
12.031,HR,27,0,13016283,g5/29mA/29mA,52,99,0,0
12.031,HR,27,1,11948928,g5/29mA/29mA,52,99,0,0
12.031,HR,27,2,14363955,g5/29mA/29mA,52,99,0,0
12.031,HR,27,3,12188393,g4/29mA/29mA,52,99,0,0
12.031,HR,28,0,13015591,g5/29mA/29mA,52,99,0,0
12.031,HR,28,1,11954781,g5/29mA/29mA,52,99,0,0
12.031,HR,28,2,14365525,g5/29mA/29mA,52,99,0,0
12.031,HR,28,3,12193434,g4/29mA/29mA,52,99,0,0
12.031,HR,29,0,13021871,g5/29mA/29mA,52,99,0,0
12.031,HR,29,1,11970369,g5/29mA/29mA,52,99,0,0
12.031,HR,29,2,14364910,g5/29mA/29mA,52,99,0,0
12.031,HR,29,3,12198340,g4/29mA/29mA,52,99,0,0
12.032,HR,30,0,13026929,g5/29mA/29mA,52,99,0,0
12.032,HR,30,1,11983360,g5/29mA/29mA,52,99,0,0
12.032,HR,30,2,14370548,g5/29mA/29mA,52,99,0,0
12.032,HR,30,3,12206410,g4/29mA/29mA,52,99,0,0
12.032,HR,31,0,13029635,g5/29mA/29mA,52,99,0,0
12.032,HR,31,1,11992054,g5/29mA/29mA,52,99,0,0
12.032,HR,31,2,14378432,g5/29mA/29mA,52,99,0,0
12.032,HR,31,3,12214548,g4/29mA/29mA,52,99,0,0
12.032,HR,32,0,13033167,g5/29mA/29mA,52,99,0,0
12.032,HR,32,1,11991782,g5/29mA/29mA,52,99,0,0
12.032,HR,32,2,14384201,g5/29mA/29mA,52,99,0,0
12.032,HR,32,3,12217127,g4/29mA/29mA,52,99,0,0
12.032,HR,33,0,13040996,g5/29mA/29mA,52,99,0,0
12.032,HR,33,1,11998410,g5/29mA/29mA,52,99,0,0
12.032,HR,33,2,14391691,g5/29mA/29mA,52,99,0,0
12.032,HR,33,3,12222714,g4/29mA/29mA,52,99,0,0
12.032,HR,34,0,13048617,g5/29mA/29mA,52,99,0,0
12.032,HR,34,1,12008101,g5/29mA/29mA,52,99,0,0
12.032,HR,34,2,14403462,g5/29mA/29mA,52,99,0,0
12.032,HR,34,3,12229478,g4/29mA/29mA,52,99,0,0
12.032,HR,35,0,13054656,g5/29mA/29mA,52,99,0,0
12.032,HR,35,1,12016224,g5/29mA/29mA,52,99,0,0
12.033,HR,35,2,14409026,g5/29mA/29mA,52,99,0,0
12.033,HR,35,3,12232088,g4/29mA/29mA,52,99,0,0
12.033,HR,36,0,13056353,g5/29mA/29mA,52,99,0,0
12.033,HR,36,1,12017555,g5/29mA/29mA,52,99,0,0
12.033,HR,36,2,14417601,g5/29mA/29mA,52,99,0,0
12.033,HR,36,3,12238820,g4/29mA/29mA,52,99,0,0
12.035,HR,37,0,13052736,g5/29mA/29mA,52,99,0,0
12.035,HR,37,1,12015362,g5/29mA/29mA,52,99,0,0
12.035,HR,37,2,14429842,g5/29mA/29mA,52,99,0,0
12.035,HR,37,3,12250132,g4/29mA/29mA,52,99,0,0
12.035,HR,38,0,13051440,g5/29mA/29mA,52,99,0,0
12.035,HR,38,1,12036314,g5/29mA/29mA,52,99,0,0
12.035,HR,38,2,14438025,g5/29mA/29mA,52,99,0,0
12.035,HR,38,3,12258715,g4/29mA/29mA,52,99,0,0
12.035,HR,39,0,13055270,g5/29mA/29mA,52,99,0,0
12.035,HR,39,1,12064390,g5/29mA/29mA,52,99,0,0
12.035,HR,39,2,14448884,g5/29mA/29mA,52,99,0,0
12.035,HR,39,3,12265106,g4/29mA/29mA,52,99,0,0
12.035,HR,40,0,13057436,g5/29mA/29mA,52,99,0,0
12.035,HR,40,1,12101485,g5/29mA/29mA,52,99,0,0
12.035,HR,40,2,14462841,g5/29mA/29mA,52,99,0,0
12.035,HR,40,3,12266820,g4/29mA/29mA,52,99,0,0
12.035,HR,41,0,13087545,g5/29mA/29mA,52,99,0,0
12.035,HR,41,1,12152032,g5/29mA/29mA,52,99,0,0
12.035,HR,41,2,14465929,g5/29mA/29mA,52,99,0,0
12.035,HR,41,3,12256277,g4/29mA/29mA,52,99,0,0
12.035,HR,42,0,13106483,g5/29mA/29mA,52,99,0,0
12.035,HR,42,1,12144671,g5/29mA/29mA,52,99,0,0
12.035,HR,42,2,14501606,g5/29mA/29mA,52,99,0,0
12.035,HR,42,3,12235938,g4/29mA/29mA,52,99,0,0
12.064,HR,43,0,13117105,g5/29mA/29mA,52,99,0,0
12.064,HR,43,1,12132607,g5/29mA/29mA,52,99,0,0
12.064,HR,43,2,14534249,g5/29mA/29mA,52,99,0,0
12.064,HR,43,3,12231109,g4/29mA/29mA,52,99,0,0
12.090,SPO2,10,0,14077817,g2/20mA/0mA,52,99,0,0
12.090,SPO2,10,1,13909686,g2/18mA/0mA,52,99,0,0
12.090,SPO2,11,0,14078826,g2/20mA/0mA,52,99,0,0
12.090,SPO2,11,1,13910816,g2/18mA/0mA,52,99,0,0
12.090,SPO2,12,0,14078411,g2/20mA/0mA,52,99,0,0
12.090,SPO2,12,1,13910349,g2/18mA/0mA,52,99,0,0
12.090,SPO2,13,0,14076690,g2/20mA/0mA,52,99,0,0
12.090,SPO2,13,1,13908758,g2/18mA/0mA,52,99,0,0
12.090,SPO2,14,0,14076239,g2/20mA/0mA,52,99,0,0
12.090,SPO2,14,1,13908924,g2/18mA/0mA,52,99,0,0
12.090,SPO2,15,0,14075081,g2/20mA/0mA,52,99,0,0
12.090,SPO2,15,1,13908439,g2/18mA/0mA,52,99,0,0
12.090,SPO2,16,0,14074528,g2/20mA/0mA,52,99,0,0
12.090,SPO2,16,1,13908854,g2/18mA/0mA,52,99,0,0
12.090,SPO2,17,0,14073225,g2/20mA/0mA,52,99,0,0
12.090,SPO2,17,1,13908353,g2/18mA/0mA,52,99,0,0
12.120,SPO2,18,0,14071628,g2/20mA/0mA,52,99,0,0
12.120,SPO2,18,1,13907774,g2/18mA/0mA,52,99,0,0
12.120,SPO2,19,0,14071052,g2/20mA/0mA,52,99,0,0
12.120,SPO2,19,1,13907975,g2/18mA/0mA,52,99,0,0
12.120,SPO2,20,0,14069840,g2/20mA/0mA,52,99,0,0
12.120,SPO2,20,1,13907290,g2/18mA/0mA,52,99,0,0
12.120,SPO2,21,0,14068977,g2/20mA/0mA,52,99,0,0
12.120,SPO2,21,1,13905860,g2/18mA/0mA,52,99,0,0
12.120,SPO2,22,0,14064616,g2/20mA/0mA,52,99,0,0
12.120,SPO2,22,1,13899905,g2/18mA/0mA,52,99,0,0
12.120,SPO2,23,0,14062305,g2/20mA/0mA,52,99,0,0
12.120,SPO2,23,1,13897148,g2/18mA/0mA,52,99,0,0
12.120,SPO2,24,0,14057282,g2/20mA/0mA,52,99,0,0
12.120,SPO2,24,1,13892616,g2/18mA/0mA,52,99,0,0
12.120,SPO2,25,0,14053526,g2/20mA/0mA,52,99,0,0
12.120,SPO2,25,1,13889888,g2/18mA/0mA,52,99,0,0
12.120,SPO2,26,0,14054243,g2/20mA/0mA,52,99,0,0
12.120,SPO2,26,1,13891381,g2/18mA/0mA,52,99,0,0
12.120,SPO2,27,0,14058438,g2/20mA/0mA,52,99,0,0
12.120,SPO2,27,1,13896145,g2/18mA/0mA,52,99,0,0
12.120,SPO2,28,0,14058812,g2/20mA/0mA,52,99,0,0
12.120,SPO2,28,1,13897070,g2/18mA/0mA,52,99,0,0
12.120,SPO2,29,0,14063739,g2/20mA/0mA,52,99,0,0
12.120,SPO2,29,1,13902478,g2/18mA/0mA,52,99,0,0
12.120,SPO2,30,0,14066224,g2/20mA/0mA,52,99,0,0
12.120,SPO2,30,1,13905036,g2/18mA/0mA,52,99,0,0
12.120,SPO2,31,0,14068362,g2/20mA/0mA,52,99,0,0
12.120,SPO2,31,1,13906603,g2/18mA/0mA,52,99,0,0
12.120,SPO2,32,0,14070836,g2/20mA/0mA,52,99,0,0
12.121,SPO2,32,1,13909220,g2/18mA/0mA,52,99,0,0
12.121,SPO2,33,0,14077326,g2/20mA/0mA,52,99,0,0
12.121,SPO2,33,1,13915140,g2/18mA/0mA,52,99,0,0
12.121,SPO2,34,0,14079745,g2/20mA/0mA,52,99,0,0
12.121,SPO2,34,1,13916351,g2/18mA/0mA,52,99,0,0
12.208,SPO2,35,0,14079167,g2/20mA/0mA,52,99,0,0
12.208,SPO2,35,1,13916224,g2/18mA/0mA,52,99,0,0
12.208,SPO2,36,0,14073989,g2/20mA/0mA,52,99,0,0
12.208,SPO2,36,1,13910992,g2/18mA/0mA,52,99,0,0
12.208,SPO2,37,0,14067226,g2/20mA/0mA,52,99,0,0
12.209,SPO2,37,1,13904245,g2/18mA/0mA,52,99,0,0
12.209,SPO2,38,0,14072580,g2/20mA/0mA,52,99,0,0
12.209,SPO2,38,1,13908010,g2/18mA/0mA,52,99,0,0
12.209,SPO2,39,0,14087348,g2/20mA/0mA,52,99,0,0
12.209,SPO2,39,1,13919380,g2/18mA/0mA,52,99,0,0
12.209,SPO2,40,0,14104402,g2/20mA/0mA,52,99,0,0
12.209,SPO2,40,1,13932502,g2/18mA/0mA,52,99,0,0
12.209,SPO2,41,0,14147970,g2/20mA/0mA,52,99,0,0
12.209,SPO2,41,1,13971697,g2/18mA/0mA,52,99,0,0
12.209,SPO2,42,0,14183053,g2/20mA/0mA,52,99,0,0
12.209,SPO2,42,1,13995651,g2/18mA/0mA,52,99,0,0
12.239,SPO2,43,0,14194092,g2/20mA/0mA,52,99,0,0
12.239,SPO2,43,1,14004628,g2/18mA/0mA,52,99,0,0
13.291,HR,44,0,13141180,g5/29mA/29mA,52,99,0,0
13.291,HR,44,1,12134278,g5/29mA/29mA,52,99,0,0
13.291,HR,44,2,14534555,g5/29mA/29mA,52,99,0,0
13.291,HR,44,3,12242524,g4/29mA/29mA,52,99,0,0
13.291,HR,45,0,13140703,g5/29mA/29mA,52,99,0,0
13.291,HR,45,1,12092997,g5/29mA/29mA,52,99,0,0
13.291,HR,45,2,14539913,g5/29mA/29mA,52,99,0,0
13.291,HR,45,3,12257497,g4/29mA/29mA,52,99,0,0
13.291,HR,46,0,13148328,g5/29mA/29mA,52,99,0,0
13.291,HR,46,1,12048402,g5/29mA/29mA,52,99,0,0
13.291,HR,46,2,14546421,g5/29mA/29mA,52,99,0,0
13.291,HR,46,3,12267649,g4/29mA/29mA,52,99,0,0
13.291,HR,47,0,13169179,g5/29mA/29mA,52,99,0,0
13.291,HR,47,1,12014279,g5/29mA/29mA,52,99,0,0
13.291,HR,47,2,14574081,g5/29mA/29mA,52,99,0,0
13.291,HR,47,3,12278124,g4/29mA/29mA,52,99,0,0
13.291,HR,48,0,13195302,g5/29mA/29mA,52,99,0,0
13.291,HR,48,1,11994699,g5/29mA/29mA,52,99,0,0
13.291,HR,48,2,14593881,g5/29mA/29mA,52,99,0,0
13.291,HR,48,3,12281025,g4/29mA/29mA,52,99,0,0
13.291,HR,49,0,13221996,g5/29mA/29mA,52,99,0,0
13.291,HR,49,1,12015548,g5/29mA/29mA,52,99,0,0
13.291,HR,49,2,14603888,g5/29mA/29mA,52,99,0,0
13.291,HR,49,3,12282218,g4/29mA/29mA,52,99,0,0
13.351,HR,50,0,13224880,g5/29mA/29mA,52,99,0,0
13.351,HR,50,1,12042124,g5/29mA/29mA,52,99,0,0
13.351,HR,50,2,14614553,g5/29mA/29mA,52,99,0,0
13.351,HR,50,3,12280624,g4/29mA/29mA,52,99,0,0
13.351,HR,51,0,13204499,g5/29mA/29mA,52,99,0,0
13.351,HR,51,1,12042346,g5/29mA/29mA,52,99,0,0
13.351,HR,51,2,14617752,g5/29mA/29mA,52,99,0,0
13.351,HR,51,3,12272698,g4/29mA/29mA,52,99,0,0
13.351,HR,52,0,13197408,g5/29mA/29mA,52,99,0,0
13.351,HR,52,1,12025737,g5/29mA/29mA,52,99,0,0
13.351,HR,52,2,14605858,g5/29mA/29mA,52,99,0,0
13.351,HR,52,3,12258511,g4/29mA/29mA,52,99,0,0
13.351,HR,53,0,13201632,g5/29mA/29mA,52,99,0,0
13.351,HR,53,1,12019302,g5/29mA/29mA,52,99,0,0
13.351,HR,53,2,14593029,g5/29mA/29mA,52,99,0,0
13.351,HR,53,3,12250994,g4/29mA/29mA,52,99,0,0
13.351,HR,54,0,13199482,g5/29mA/29mA,52,99,0,0
13.351,HR,54,1,12015097,g5/29mA/29mA,52,99,0,0
13.351,HR,54,2,14590299,g5/29mA/29mA,52,99,0,0
13.351,HR,54,3,12250184,g4/29mA/29mA,52,99,0,0
13.351,HR,55,0,13197119,g5/29mA/29mA,52,99,0,0
13.351,HR,55,1,12009519,g5/29mA/29mA,52,99,0,0
13.351,HR,55,2,14589557,g5/29mA/29mA,52,99,0,0
13.351,HR,55,3,12248264,g4/29mA/29mA,52,99,0,0
13.351,HR,56,0,13200190,g5/29mA/29mA,52,99,0,0
13.351,HR,56,1,12004093,g5/29mA/29mA,52,99,0,0
13.351,HR,56,2,14587355,g5/29mA/29mA,52,99,0,0
13.351,HR,56,3,12247130,g4/29mA/29mA,52,99,0,0
13.439,HR,57,0,13204029,g5/29mA/29mA,52,99,0,0
13.439,HR,57,1,11996858,g5/29mA/29mA,52,99,0,0
13.439,HR,57,2,14588276,g5/29mA/29mA,52,99,0,0
13.439,HR,57,3,12245160,g4/29mA/29mA,52,99,0,0
13.439,HR,58,0,13208320,g5/29mA/29mA,52,99,0,0
13.439,HR,58,1,11991049,g5/29mA/29mA,52,99,0,0
13.439,HR,58,2,14590774,g5/29mA/29mA,52,99,0,0
13.439,HR,58,3,12246218,g4/29mA/29mA,52,99,0,0
13.439,HR,59,0,13210317,g5/29mA/29mA,52,99,0,0
13.439,HR,59,1,11985554,g5/29mA/29mA,52,99,0,0
13.439,HR,59,2,14589011,g5/29mA/29mA,52,99,0,0
13.439,HR,59,3,12244921,g4/29mA/29mA,52,99,0,0
13.439,HR,60,0,13209653,g5/29mA/29mA,52,99,0,0
13.439,HR,60,1,11978235,g5/29mA/29mA,52,99,0,0
13.439,HR,60,2,14587449,g5/29mA/29mA,52,99,0,0
13.439,HR,60,3,12244179,g4/29mA/29mA,52,99,0,0
13.439,HR,61,0,13211050,g5/29mA/29mA,52,99,0,0
13.439,HR,61,1,11979078,g5/29mA/29mA,52,99,0,0
13.439,HR,61,2,14586663,g5/29mA/29mA,52,99,0,0
13.439,HR,61,3,12247823,g4/29mA/29mA,52,99,0,0
13.439,HR,62,0,13215129,g5/29mA/29mA,52,99,0,0
13.439,HR,62,1,11980803,g5/29mA/29mA,52,99,0,0
13.439,HR,62,2,14584029,g5/29mA/29mA,52,99,0,0
13.439,HR,62,3,12248486,g4/29mA/29mA,52,99,0,0
13.439,HR,63,0,13218721,g5/29mA/29mA,52,99,0,0
13.439,HR,63,1,11979002,g5/29mA/29mA,52,99,0,0
13.439,HR,63,2,14582655,g5/29mA/29mA,52,99,0,0
13.439,HR,63,3,12248366,g4/29mA/29mA,52,99,0,0
13.440,HR,64,0,13225486,g5/29mA/29mA,52,99,0,0
13.440,HR,64,1,11979718,g5/29mA/29mA,52,99,0,0
13.440,HR,64,2,14581469,g5/29mA/29mA,52,99,0,0
13.440,HR,64,3,12251455,g4/29mA/29mA,52,99,0,0
13.440,HR,65,0,13234171,g5/29mA/29mA,52,99,0,0
13.440,HR,65,1,11981707,g5/29mA/29mA,52,99,0,0
13.440,HR,65,2,14580369,g5/29mA/29mA,52,99,0,0
13.440,HR,65,3,12255532,g4/29mA/29mA,52,99,0,0
13.440,HR,66,0,13243539,g5/29mA/29mA,52,99,0,0
13.440,HR,66,1,11981553,g5/29mA/29mA,52,99,0,0
13.440,HR,66,2,14580317,g5/29mA/29mA,52,99,0,0
13.440,HR,66,3,12257513,g4/29mA/29mA,52,99,0,0
13.440,HR,67,0,13250276,g5/29mA/29mA,52,99,0,0
13.440,HR,67,1,11976673,g5/29mA/29mA,52,99,0,0
13.440,HR,67,2,14583694,g5/29mA/29mA,52,99,0,0
13.440,HR,67,3,12258427,g4/29mA/29mA,52,99,0,0
13.440,HR,68,0,13257562,g5/29mA/29mA,52,99,0,0
13.440,HR,68,1,11975418,g5/29mA/29mA,52,99,0,0
13.440,HR,68,2,14588522,g5/29mA/29mA,52,99,0,0
13.440,HR,68,3,12261352,g4/29mA/29mA,52,99,0,0
13.440,HR,69,0,13263970,g5/29mA/29mA,52,99,0,0
13.440,HR,69,1,11977509,g5/29mA/29mA,52,99,0,0
13.440,HR,69,2,14593021,g5/29mA/29mA,52,99,0,0
13.440,HR,69,3,12265072,g4/29mA/29mA,52,99,0,0
13.441,HR,70,0,13270308,g5/29mA/29mA,52,99,0,0
13.441,HR,70,1,11977226,g5/29mA/29mA,52,99,0,0
13.441,HR,70,2,14596433,g5/29mA/29mA,52,99,0,0
13.441,HR,70,3,12265405,g4/29mA/29mA,52,99,0,0
13.441,HR,71,0,13278943,g5/29mA/29mA,52,99,0,0
13.441,HR,71,1,11977381,g5/29mA/29mA,52,99,0,0
13.441,HR,71,2,14598353,g5/29mA/29mA,52,99,0,0
13.441,HR,71,3,12266522,g4/29mA/29mA,52,99,0,0
13.441,HR,72,0,13287107,g5/29mA/29mA,52,99,0,0
13.441,HR,72,1,11982867,g5/29mA/29mA,52,99,0,0
13.441,HR,72,2,14603957,g5/29mA/29mA,52,99,0,0
13.441,HR,72,3,12269551,g4/29mA/29mA,52,99,0,0
13.441,HR,73,0,13292164,g5/29mA/29mA,52,99,0,0
13.441,HR,73,1,11986689,g5/29mA/29mA,52,99,0,0
13.441,HR,73,2,14609698,g5/29mA/29mA,52,99,0,0
13.441,HR,73,3,12272127,g4/29mA/29mA,52,99,0,0
13.441,HR,74,0,13297243,g5/29mA/29mA,52,99,0,0
13.441,HR,74,1,11992354,g5/29mA/29mA,52,99,0,0
13.441,HR,74,2,14615117,g5/29mA/29mA,52,99,0,0
13.441,HR,74,3,12277142,g4/29mA/29mA,52,99,0,0
13.441,HR,75,0,13302940,g5/29mA/29mA,52,99,0,0
13.441,HR,75,1,12000757,g5/29mA/29mA,52,99,0,0
13.441,HR,75,2,14619098,g5/29mA/29mA,52,99,0,0
13.441,HR,75,3,12281008,g4/29mA/29mA,52,99,0,0
13.442,HR,76,0,13308468,g5/29mA/29mA,52,99,0,0
13.442,HR,76,1,12004526,g5/29mA/29mA,52,99,0,0
13.442,HR,76,2,14623503,g5/29mA/29mA,52,99,0,0
13.442,HR,76,3,12285129,g4/29mA/29mA,52,99,0,0
13.471,SPO2,44,0,14206288,g2/20mA/0mA,52,99,0,0
13.471,SPO2,44,1,14018011,g2/18mA/0mA,52,99,0,0
13.471,SPO2,45,0,14180821,g2/20mA/0mA,52,99,0,0
13.471,SPO2,45,1,14000065,g2/18mA/0mA,52,99,0,0
13.471,SPO2,46,0,14160057,g2/20mA/0mA,52,99,0,0
13.471,SPO2,46,1,13987612,g2/18mA/0mA,52,99,0,0
13.471,SPO2,47,0,14145631,g2/20mA/0mA,52,99,0,0
13.471,SPO2,47,1,13980592,g2/18mA/0mA,52,99,0,0
13.471,SPO2,48,0,14137724,g2/20mA/0mA,52,99,0,0
13.471,SPO2,48,1,13978912,g2/18mA/0mA,52,99,0,0
13.471,SPO2,49,0,14150410,g2/20mA/0mA,52,99,0,0
13.471,SPO2,49,1,13993067,g2/18mA/0mA,52,99,0,0
13.471,SPO2,50,0,14158653,g2/20mA/0mA,52,99,0,0
13.471,SPO2,50,1,13998659,g2/18mA/0mA,52,99,0,0
13.471,SPO2,51,0,14153205,g2/20mA/0mA,52,99,0,0
13.472,SPO2,51,1,13990650,g2/18mA/0mA,52,99,0,0
13.472,SPO2,52,0,14153192,g2/20mA/0mA,52,99,0,0
13.472,SPO2,52,1,13989705,g2/18mA/0mA,52,99,0,0
13.502,SPO2,53,0,14157547,g2/20mA/0mA,52,99,0,0
13.502,SPO2,53,1,13994237,g2/18mA/0mA,52,99,0,0
13.502,SPO2,54,0,14153696,g2/20mA/0mA,52,99,0,0
13.502,SPO2,54,1,13990918,g2/18mA/0mA,52,99,0,0
13.502,SPO2,55,0,14148651,g2/20mA/0mA,52,99,0,0
13.502,SPO2,55,1,13986761,g2/18mA/0mA,52,99,0,0
13.502,SPO2,56,0,14147534,g2/20mA/0mA,52,99,0,0
13.502,SPO2,56,1,13986886,g2/18mA/0mA,52,99,0,0
13.502,SPO2,57,0,14144552,g2/20mA/0mA,52,99,0,0
13.502,SPO2,57,1,13985209,g2/18mA/0mA,52,99,0,0
13.502,SPO2,58,0,14142559,g2/20mA/0mA,52,99,0,0
13.502,SPO2,58,1,13984142,g2/18mA/0mA,52,99,0,0
13.502,SPO2,59,0,14140127,g2/20mA/0mA,52,99,0,0
13.502,SPO2,59,1,13982126,g2/18mA/0mA,52,99,0,0
13.502,SPO2,60,0,14134683,g2/20mA/0mA,52,99,0,0
13.502,SPO2,60,1,13978036,g2/18mA/0mA,52,99,0,0
13.502,SPO2,61,0,14132543,g2/20mA/0mA,52,99,0,0
13.502,SPO2,61,1,13976750,g2/18mA/0mA,52,99,0,0
13.503,SPO2,62,0,14131578,g2/20mA/0mA,52,99,0,0
13.503,SPO2,62,1,13977214,g2/18mA/0mA,52,99,0,0
13.503,SPO2,63,0,14127571,g2/20mA/0mA,52,99,0,0
13.503,SPO2,63,1,13974926,g2/18mA/0mA,52,99,0,0
13.503,SPO2,64,0,14125065,g2/20mA/0mA,52,99,0,0
13.503,SPO2,64,1,13973951,g2/18mA/0mA,52,99,0,0
13.503,SPO2,65,0,14125170,g2/20mA/0mA,52,99,0,0
13.503,SPO2,65,1,13975218,g2/18mA/0mA,52,99,0,0
13.503,SPO2,66,0,14126286,g2/20mA/0mA,52,99,0,0
13.503,SPO2,66,1,13977168,g2/18mA/0mA,52,99,0,0
13.503,SPO2,67,0,14124295,g2/20mA/0mA,52,99,0,0
13.503,SPO2,67,1,13976078,g2/18mA/0mA,52,99,0,0
13.503,SPO2,68,0,14123232,g2/20mA/0mA,52,99,0,0
13.503,SPO2,68,1,13975372,g2/18mA/0mA,52,99,0,0
13.503,SPO2,69,0,14122379,g2/20mA/0mA,52,99,0,0
13.503,SPO2,69,1,13975272,g2/18mA/0mA,52,99,0,0
13.503,SPO2,70,0,14120509,g2/20mA/0mA,52,99,0,0
13.503,SPO2,70,1,13974419,g2/18mA/0mA,52,99,0,0
13.503,SPO2,71,0,14121130,g2/20mA/0mA,52,99,0,0
13.503,SPO2,71,1,13975579,g2/18mA/0mA,52,99,0,0
13.503,SPO2,72,0,14120517,g2/20mA/0mA,52,99,0,0
13.503,SPO2,72,1,13975812,g2/18mA/0mA,52,99,0,0
13.503,SPO2,73,0,14116619,g2/20mA/0mA,52,99,0,0
13.503,SPO2,73,1,13972990,g2/18mA/0mA,52,99,0,0
13.503,SPO2,74,0,14113849,g2/20mA/0mA,52,99,0,0
13.503,SPO2,74,1,13971549,g2/18mA/0mA,52,99,0,0
13.503,SPO2,75,0,14112232,g2/20mA/0mA,52,99,0,0
13.503,SPO2,75,1,13970982,g2/18mA/0mA,52,99,0,0
13.503,SPO2,76,0,14111133,g2/20mA/0mA,52,99,0,0
13.503,SPO2,76,1,13970437,g2/18mA/0mA,52,99,0,0
14.640,HR,77,0,13307437,g5/29mA/29mA,52,99,0,0
14.640,HR,77,1,12005995,g5/29mA/29mA,52,99,0,0
14.640,HR,77,2,14629474,g5/29mA/29mA,52,99,0,0
14.640,HR,77,3,12288388,g4/29mA/29mA,52,99,0,0
14.640,HR,78,0,13290307,g5/29mA/29mA,52,99,0,0
14.640,HR,78,1,11998752,g5/29mA/29mA,52,99,0,0
14.640,HR,78,2,14624370,g5/29mA/29mA,52,99,0,0
14.640,HR,78,3,12284925,g4/29mA/29mA,52,99,0,0
14.640,HR,79,0,13270290,g5/29mA/29mA,52,99,0,0
14.640,HR,79,1,11983029,g5/29mA/29mA,52,99,0,0
14.640,HR,79,2,14604435,g5/29mA/29mA,52,99,0,0
14.640,HR,79,3,12275957,g4/29mA/29mA,52,99,0,0
14.640,HR,80,0,13260012,g5/29mA/29mA,52,99,0,0
14.640,HR,80,1,11968201,g5/29mA/29mA,52,99,0,0
14.640,HR,80,2,14586936,g5/29mA/29mA,52,99,0,0
14.640,HR,80,3,12267094,g4/29mA/29mA,52,99,0,0
14.640,HR,81,0,13255806,g5/29mA/29mA,52,99,0,0
14.640,HR,81,1,11960011,g5/29mA/29mA,52,99,0,0
14.640,HR,81,2,14578645,g5/29mA/29mA,52,99,0,0
14.640,HR,81,3,12265447,g4/29mA/29mA,52,99,0,0
14.640,HR,82,0,13254688,g5/29mA/29mA,52,99,0,0
14.640,HR,82,1,11955848,g5/29mA/29mA,52,99,0,0
14.640,HR,82,2,14574617,g5/29mA/29mA,52,99,0,0
14.640,HR,82,3,12266974,g4/29mA/29mA,52,99,0,0
14.730,HR,83,0,13255413,g5/29mA/29mA,52,99,0,0
14.730,HR,83,1,11952189,g5/29mA/29mA,52,99,0,0
14.730,HR,83,2,14569592,g5/29mA/29mA,52,99,0,0
14.730,HR,83,3,12266667,g4/29mA/29mA,52,99,0,0
14.730,HR,84,0,13255558,g5/29mA/29mA,52,99,0,0
14.730,HR,84,1,11951633,g5/29mA/29mA,52,99,0,0
14.730,HR,84,2,14567767,g5/29mA/29mA,52,99,0,0
14.730,HR,84,3,12269021,g4/29mA/29mA,52,99,0,0
14.730,HR,85,0,13259141,g5/29mA/29mA,52,99,0,0
14.730,HR,85,1,11953150,g5/29mA/29mA,52,99,0,0
14.730,HR,85,2,14566513,g5/29mA/29mA,52,99,0,0
14.730,HR,85,3,12269909,g4/29mA/29mA,52,99,0,0
14.730,HR,86,0,13261863,g5/29mA/29mA,52,99,0,0
14.730,HR,86,1,11949963,g5/29mA/29mA,52,99,0,0
14.730,HR,86,2,14565138,g5/29mA/29mA,52,99,0,0
14.730,HR,86,3,12266795,g4/29mA/29mA,52,99,0,0
14.730,HR,87,0,13261847,g5/29mA/29mA,52,99,0,0
14.730,HR,87,1,11943741,g5/29mA/29mA,52,99,0,0
14.730,HR,87,2,14565941,g5/29mA/29mA,52,99,0,0
14.730,HR,87,3,12266486,g4/29mA/29mA,52,99,0,0
14.730,HR,88,0,13260107,g5/29mA/29mA,52,99,0,0
14.730,HR,88,1,11942538,g5/29mA/29mA,52,99,0,0
14.730,HR,88,2,14567458,g5/29mA/29mA,52,99,0,0
14.730,HR,88,3,12269603,g4/29mA/29mA,52,99,0,0
14.730,HR,89,0,13258775,g5/29mA/29mA,52,99,0,0
14.730,HR,89,1,11943853,g5/29mA/29mA,52,99,0,0
14.730,HR,89,2,14566837,g5/29mA/29mA,52,99,0,0
14.730,HR,89,3,12271957,g4/29mA/29mA,52,99,0,0
14.731,HR,90,0,13261606,g5/29mA/29mA,52,99,0,0
14.731,HR,90,1,11942522,g5/29mA/29mA,52,99,0,0
14.731,HR,90,2,14564610,g5/29mA/29mA,52,99,0,0
14.731,HR,90,3,12271905,g4/29mA/29mA,52,99,0,0
14.731,HR,91,0,13268339,g5/29mA/29mA,52,99,0,0
14.731,HR,91,1,11942479,g5/29mA/29mA,52,99,0,0
14.731,HR,91,2,14564822,g5/29mA/29mA,52,99,0,0
14.731,HR,91,3,12268978,g4/29mA/29mA,52,99,0,0
14.731,HR,92,0,13274804,g5/29mA/29mA,52,99,0,0
14.731,HR,92,1,11943024,g5/29mA/29mA,52,99,0,0
14.731,HR,92,2,14570285,g5/29mA/29mA,52,99,0,0
14.731,HR,92,3,12268732,g4/29mA/29mA,52,99,0,0
14.731,HR,93,0,13275999,g5/29mA/29mA,51,99,0,0
14.731,HR,93,1,11943186,g5/29mA/29mA,51,99,0,0
14.731,HR,93,2,14576741,g5/29mA/29mA,51,99,0,0
14.731,HR,93,3,12273612,g4/29mA/29mA,51,99,0,0
14.731,HR,94,0,13276017,g5/29mA/29mA,51,99,0,0
14.731,HR,94,1,11945088,g5/29mA/29mA,51,99,0,0
14.731,HR,94,2,14579600,g5/29mA/29mA,51,99,0,0
14.731,HR,94,3,12278790,g4/29mA/29mA,51,99,0,0
14.731,HR,95,0,13281665,g5/29mA/29mA,51,99,0,0
14.731,HR,95,1,11947283,g5/29mA/29mA,51,99,0,0
14.731,HR,95,2,14579813,g5/29mA/29mA,51,99,0,0
14.731,HR,95,3,12280813,g4/29mA/29mA,51,99,0,0
14.790,HR,96,0,13289657,g5/29mA/29mA,51,99,0,0
14.790,HR,96,1,11951990,g5/29mA/29mA,51,99,0,0
14.790,HR,96,2,14581485,g5/29mA/29mA,51,99,0,0
14.790,HR,96,3,12279096,g4/29mA/29mA,51,99,0,0
14.790,HR,97,0,13297370,g5/29mA/29mA,51,99,0,0
14.790,HR,97,1,11952878,g5/29mA/29mA,51,99,0,0
14.790,HR,97,2,14585521,g5/29mA/29mA,51,99,0,0
14.790,HR,97,3,12276810,g4/29mA/29mA,51,99,0,0
14.790,HR,98,0,13298588,g5/29mA/29mA,51,99,0,0
14.790,HR,98,1,11952265,g5/29mA/29mA,51,99,0,0
14.790,HR,98,2,14593967,g5/29mA/29mA,51,99,0,0
14.790,HR,98,3,12283321,g4/29mA/29mA,51,99,0,0
14.790,HR,99,0,13296850,g5/29mA/29mA,51,99,0,0
14.790,HR,99,1,11956693,g5/29mA/29mA,51,99,0,0
14.790,HR,99,2,14598402,g5/29mA/29mA,51,99,0,0
14.790,HR,99,3,12290573,g4/29mA/29mA,51,99,0,0
14.790,HR,100,0,13301268,g5/29mA/29mA,51,99,0,0
14.790,HR,100,1,11959081,g5/29mA/29mA,51,99,0,0
14.790,HR,100,2,14598708,g5/29mA/29mA,51,99,0,0
14.790,HR,100,3,12292832,g4/29mA/29mA,51,99,0,0
14.790,HR,101,0,13311822,g5/29mA/29mA,51,99,0,0
14.790,HR,101,1,11962375,g5/29mA/29mA,51,99,0,0
14.790,HR,101,2,14598164,g5/29mA/29mA,51,99,0,0
14.790,HR,101,3,12290102,g4/29mA/29mA,51,99,0,0
14.790,HR,102,0,13319525,g5/29mA/29mA,51,99,0,0
14.790,HR,102,1,11966050,g5/29mA/29mA,51,99,0,0
14.790,HR,102,2,14603146,g5/29mA/29mA,51,99,0,0
14.790,HR,102,3,12287772,g4/29mA/29mA,51,99,0,0
14.851,HR,103,0,13319943,g5/29mA/29mA,51,99,0,0
14.851,HR,103,1,11965974,g5/29mA/29mA,51,99,0,0
14.851,HR,103,2,14612906,g5/29mA/29mA,51,99,0,0
14.851,HR,103,3,12294155,g4/29mA/29mA,51,99,0,0
14.851,HR,104,0,13311021,g5/29mA/29mA,51,99,0,0
14.851,HR,104,1,11965548,g5/29mA/29mA,51,99,0,0
14.851,HR,104,2,14615396,g5/29mA/29mA,51,99,0,0
14.851,HR,104,3,12298736,g4/29mA/29mA,51,99,0,0
14.851,HR,105,0,13292405,g5/29mA/29mA,51,99,0,0
14.851,HR,105,1,11954704,g5/29mA/29mA,51,99,0,0
14.851,HR,105,2,14599487,g5/29mA/29mA,51,99,0,0
14.851,HR,105,3,12292132,g4/29mA/29mA,51,99,0,0
14.851,HR,106,0,13276272,g5/29mA/29mA,51,99,0,0
14.851,HR,106,1,11942086,g5/29mA/29mA,51,99,0,0
14.851,HR,106,2,14574839,g5/29mA/29mA,51,99,0,0
14.851,HR,106,3,12278268,g4/29mA/29mA,51,99,0,0
14.851,HR,107,0,13268971,g5/29mA/29mA,51,99,0,0
14.851,HR,107,1,11934213,g5/29mA/29mA,51,99,0,0
14.851,HR,107,2,14560337,g5/29mA/29mA,51,99,0,0
14.851,HR,107,3,12266207,g4/29mA/29mA,51,99,0,0
14.851,HR,108,0,13260345,g5/29mA/29mA,51,99,0,0
14.851,HR,108,1,11924606,g5/29mA/29mA,51,99,0,0
14.851,HR,108,2,14559268,g5/29mA/29mA,51,99,0,0
14.851,HR,108,3,12267751,g4/29mA/29mA,51,99,0,0
14.851,HR,109,0,13254364,g5/29mA/29mA,51,99,0,0
14.851,HR,109,1,11921424,g5/29mA/29mA,51,99,0,0
14.851,HR,109,2,14558374,g5/29mA/29mA,51,99,0,0
14.851,HR,109,3,12271547,g4/29mA/29mA,51,99,0,0
14.851,HR,110,0,13254355,g5/29mA/29mA,51,99,0,0
14.851,HR,110,1,11919010,g5/29mA/29mA,51,99,0,0
14.851,HR,110,2,14552889,g5/29mA/29mA,51,99,0,0
14.851,HR,110,3,12272084,g4/29mA/29mA,51,99,0,0
14.852,SPO2,77,0,14108819,g2/20mA/0mA,51,99,0,0
14.852,SPO2,77,1,13968123,g2/18mA/0mA,51,99,0,0
14.852,SPO2,78,0,14105465,g2/20mA/0mA,51,99,0,0
14.852,SPO2,78,1,13963394,g2/18mA/0mA,51,99,0,0
14.852,SPO2,79,0,14104027,g2/20mA/0mA,51,99,0,0
14.852,SPO2,79,1,13959626,g2/18mA/0mA,51,99,0,0
14.852,SPO2,80,0,14104127,g2/20mA/0mA,51,99,0,0
14.852,SPO2,80,1,13959047,g2/18mA/0mA,51,99,0,0
14.852,SPO2,81,0,14103392,g2/20mA/0mA,51,99,0,0
14.852,SPO2,81,1,13958180,g2/18mA/0mA,51,99,0,0
14.852,SPO2,82,0,14103263,g2/20mA/0mA,51,99,0,0
14.852,SPO2,82,1,13957692,g2/18mA/0mA,51,99,0,0
14.852,SPO2,83,0,14104100,g2/20mA/0mA,51,99,0,0
14.852,SPO2,83,1,13958883,g2/18mA/0mA,51,99,0,0
14.852,SPO2,84,0,14101546,g2/20mA/0mA,51,99,0,0
14.852,SPO2,84,1,13957010,g2/18mA/0mA,51,99,0,0
14.852,SPO2,85,0,14102341,g2/20mA/0mA,51,99,0,0
14.853,SPO2,85,1,13958127,g2/18mA/0mA,51,99,0,0
14.880,SPO2,86,0,14104465,g2/20mA/0mA,51,99,0,0
14.880,SPO2,86,1,13960442,g2/18mA/0mA,51,99,0,0
14.880,SPO2,87,0,14103992,g2/20mA/0mA,51,99,0,0
14.880,SPO2,87,1,13959407,g2/18mA/0mA,51,99,0,0
14.880,SPO2,88,0,14101982,g2/20mA/0mA,51,99,0,0
14.880,SPO2,88,1,13957338,g2/18mA/0mA,51,99,0,0
14.880,SPO2,89,0,14100149,g2/20mA/0mA,51,99,0,0
14.880,SPO2,89,1,13956041,g2/18mA/0mA,51,99,0,0
14.880,SPO2,90,0,14100551,g2/20mA/0mA,51,99,0,0
14.880,SPO2,90,1,13956749,g2/18mA/0mA,51,99,0,0
14.880,SPO2,91,0,14101850,g2/20mA/0mA,51,99,0,0
14.880,SPO2,91,1,13959147,g2/18mA/0mA,51,99,0,0
14.880,SPO2,92,0,14103026,g2/20mA/0mA,51,99,0,0
14.880,SPO2,92,1,13960483,g2/18mA/0mA,51,99,0,0
14.880,SPO2,93,0,14099552,g2/20mA/0mA,51,99,0,0
14.880,SPO2,93,1,13957229,g2/18mA/0mA,51,99,0,0
14.881,SPO2,94,0,14095537,g2/20mA/0mA,51,99,0,0
14.881,SPO2,94,1,13954141,g2/18mA/0mA,51,99,0,0
14.881,SPO2,95,0,14096269,g2/20mA/0mA,51,99,0,0
14.881,SPO2,95,1,13955814,g2/18mA/0mA,51,99,0,0
14.881,SPO2,96,0,14098370,g2/20mA/0mA,51,99,0,0
14.881,SPO2,96,1,13958698,g2/18mA/0mA,51,99,0,0
14.881,SPO2,97,0,14099564,g2/20mA/0mA,51,99,0,0
14.881,SPO2,97,1,13960464,g2/18mA/0mA,51,99,0,0
14.881,SPO2,98,0,14096430,g2/20mA/0mA,51,99,0,0
14.881,SPO2,98,1,13957182,g2/18mA/0mA,51,99,0,0
14.881,SPO2,99,0,14091649,g2/20mA/0mA,51,99,0,0
14.881,SPO2,99,1,13952751,g2/18mA/0mA,51,99,0,0
14.881,SPO2,100,0,14091523,g2/20mA/0mA,51,99,0,0
14.881,SPO2,100,1,13953395,g2/18mA/0mA,51,99,0,0
14.881,SPO2,101,0,14095939,g2/20mA/0mA,51,99,0,0
14.881,SPO2,101,1,13958725,g2/18mA/0mA,51,99,0,0
14.881,SPO2,102,0,14097741,g2/20mA/0mA,51,99,0,0
14.881,SPO2,102,1,13961049,g2/18mA/0mA,51,99,0,0
14.881,SPO2,103,0,14093840,g2/20mA/0mA,51,99,0,0
14.881,SPO2,103,1,13956747,g2/18mA/0mA,51,99,0,0
14.881,SPO2,104,0,14088966,g2/20mA/0mA,51,99,0,0
14.881,SPO2,104,1,13951714,g2/18mA/0mA,51,99,0,0
14.881,SPO2,105,0,14086565,g2/20mA/0mA,51,99,0,0
14.881,SPO2,105,1,13947934,g2/18mA/0mA,51,99,0,0
14.881,SPO2,106,0,14087260,g2/20mA/0mA,51,99,0,0
14.881,SPO2,106,1,13947381,g2/18mA/0mA,51,99,0,0
14.881,SPO2,107,0,14087801,g2/20mA/0mA,51,99,0,0
14.881,SPO2,107,1,13947853,g2/18mA/0mA,51,99,0,0
14.881,SPO2,108,0,14083457,g2/20mA/0mA,51,99,0,0
14.881,SPO2,108,1,13942368,g2/18mA/0mA,51,99,0,0
14.881,SPO2,109,0,14079714,g2/20mA/0mA,51,99,0,0
14.881,SPO2,109,1,13939067,g2/18mA/0mA,51,99,0,0
15.959,HR,111,0,13261257,g5/29mA/29mA,51,99,0,0
15.959,HR,111,1,11919206,g5/29mA/29mA,51,99,0,0
15.959,HR,111,2,14547966,g5/29mA/29mA,51,99,0,0
15.959,HR,111,3,12269822,g4/29mA/29mA,51,99,0,0
15.959,HR,112,0,13267126,g5/29mA/29mA,51,99,0,0
15.959,HR,112,1,11922362,g5/29mA/29mA,51,99,0,0
15.959,HR,112,2,14549202,g5/29mA/29mA,51,99,0,0
15.959,HR,112,3,12265489,g4/29mA/29mA,51,99,0,0
15.959,HR,113,0,13262213,g5/29mA/29mA,51,99,0,0
15.959,HR,113,1,11919904,g5/29mA/29mA,51,99,0,0
15.959,HR,113,2,14554764,g5/29mA/29mA,51,99,0,0
15.959,HR,113,3,12269984,g4/29mA/29mA,51,99,0,0
15.959,HR,114,0,13258654,g5/29mA/29mA,51,99,0,0
15.959,HR,114,1,11919138,g5/29mA/29mA,51,99,0,0
15.959,HR,114,2,14554321,g5/29mA/29mA,51,99,0,0
15.959,HR,114,3,12273313,g4/29mA/29mA,51,99,0,0
15.959,HR,115,0,13258587,g5/29mA/29mA,51,99,0,0
15.959,HR,115,1,11916041,g5/29mA/29mA,51,99,0,0
15.959,HR,115,2,14547155,g5/29mA/29mA,51,99,0,0
15.959,HR,115,3,12271991,g4/29mA/29mA,51,99,0,0
15.959,HR,116,0,13263730,g5/29mA/29mA,51,99,0,0
15.959,HR,116,1,11916059,g5/29mA/29mA,51,99,0,0
15.959,HR,116,2,14543385,g5/29mA/29mA,51,99,0,0
15.959,HR,116,3,12269798,g4/29mA/29mA,51,99,0,0
16.079,HR,117,0,13269770,g5/29mA/29mA,51,99,0,0
16.079,HR,117,1,11920664,g5/29mA/29mA,51,99,0,0
16.079,HR,117,2,14547147,g5/29mA/29mA,51,99,0,0
16.079,HR,117,3,12266444,g4/29mA/29mA,51,99,0,0
16.079,HR,118,0,13268493,g5/29mA/29mA,51,98,0,0
16.079,HR,118,1,11917877,g5/29mA/29mA,51,98,0,0
16.079,HR,118,2,14555106,g5/29mA/29mA,51,98,0,0
16.079,HR,118,3,12270958,g4/29mA/29mA,51,98,0,0
16.079,HR,119,0,13269890,g5/29mA/29mA,51,98,0,0
16.079,HR,119,1,11920776,g5/29mA/29mA,51,98,0,0
16.079,HR,119,2,14558646,g5/29mA/29mA,51,98,0,0
16.079,HR,119,3,12276513,g4/29mA/29mA,51,98,0,0
16.079,HR,120,0,13275256,g5/29mA/29mA,51,98,0,0
16.079,HR,120,1,11922235,g5/29mA/29mA,51,98,0,0
16.079,HR,120,2,14557317,g5/29mA/29mA,51,98,0,0
16.079,HR,120,3,12278398,g4/29mA/29mA,51,98,0,0
16.079,HR,121,0,13283822,g5/29mA/29mA,51,98,0,0
16.079,HR,121,1,11925135,g5/29mA/29mA,51,98,0,0
16.079,HR,121,2,14558409,g5/29mA/29mA,51,98,0,0
16.079,HR,121,3,12279267,g4/29mA/29mA,51,98,0,0
16.079,HR,122,0,13288702,g5/29mA/29mA,51,98,0,0
16.079,HR,122,1,11928641,g5/29mA/29mA,51,98,0,0
16.079,HR,122,2,14565438,g5/29mA/29mA,51,98,0,0
16.079,HR,122,3,12277936,g4/29mA/29mA,51,98,0,0
16.081,HR,123,0,13287995,g5/29mA/29mA,51,98,0,0
16.081,HR,123,1,11927413,g5/29mA/29mA,51,98,0,0
16.081,HR,123,2,14573628,g5/29mA/29mA,51,98,0,0
16.081,HR,123,3,12283123,g4/29mA/29mA,51,98,0,0
16.081,HR,124,0,13289870,g5/29mA/29mA,51,98,0,0
16.081,HR,124,1,11930724,g5/29mA/29mA,51,98,0,0
16.081,HR,124,2,14577493,g5/29mA/29mA,51,98,0,0
16.081,HR,124,3,12288702,g4/29mA/29mA,51,98,0,0
16.081,HR,125,0,13294359,g5/29mA/29mA,51,98,0,0
16.081,HR,125,1,11931790,g5/29mA/29mA,51,98,0,0
16.081,HR,125,2,14577552,g5/29mA/29mA,51,98,0,0
16.081,HR,125,3,12289078,g4/29mA/29mA,51,98,0,0
16.081,HR,126,0,13300262,g5/29mA/29mA,51,98,0,0
16.081,HR,126,1,11932967,g5/29mA/29mA,51,98,0,0
16.081,HR,126,2,14581529,g5/29mA/29mA,51,98,0,0
16.081,HR,126,3,12289214,g4/29mA/29mA,51,98,0,0
16.081,HR,127,0,13306046,g5/29mA/29mA,51,98,0,0
16.081,HR,127,1,11938648,g5/29mA/29mA,51,98,0,0
16.081,HR,127,2,14588131,g5/29mA/29mA,51,98,0,0
16.081,HR,127,3,12292031,g4/29mA/29mA,51,98,0,0
16.081,HR,128,0,13310046,g5/29mA/29mA,51,98,0,0
16.082,HR,128,1,11940953,g5/29mA/29mA,51,98,0,0
16.082,HR,128,2,14590562,g5/29mA/29mA,51,98,0,0
16.082,HR,128,3,12295178,g4/29mA/29mA,51,98,0,0
16.082,HR,129,0,13315514,g5/29mA/29mA,51,98,0,0
16.082,HR,129,1,11942967,g5/29mA/29mA,51,98,0,0
16.082,HR,129,2,14593165,g5/29mA/29mA,51,98,0,0
16.082,HR,129,3,12297422,g4/29mA/29mA,51,98,0,0
16.203,HR,130,0,13314493,g5/29mA/29mA,51,98,0,0
16.203,HR,130,1,11942752,g5/29mA/29mA,51,98,0,0
16.203,HR,130,2,14595850,g5/29mA/29mA,51,98,0,0
16.203,HR,130,3,12297080,g4/29mA/29mA,51,98,0,0
16.203,HR,131,0,13295929,g5/29mA/29mA,51,98,0,0
16.203,HR,131,1,11933223,g5/29mA/29mA,51,98,0,0
16.203,HR,131,2,14587388,g5/29mA/29mA,51,98,0,0
16.203,HR,131,3,12290392,g4/29mA/29mA,51,98,0,0
16.203,HR,132,0,13271435,g5/29mA/29mA,51,98,0,0
16.203,HR,132,1,11916221,g5/29mA/29mA,51,98,0,0
16.203,HR,132,2,14565522,g5/29mA/29mA,51,98,0,0
16.203,HR,132,3,12279191,g4/29mA/29mA,51,98,0,0
16.203,HR,133,0,13256463,g5/29mA/29mA,51,98,0,0
16.203,HR,133,1,11902587,g5/29mA/29mA,51,98,0,0
16.203,HR,133,2,14546642,g5/29mA/29mA,51,98,0,0
16.203,HR,133,3,12270566,g4/29mA/29mA,51,98,0,0
16.203,HR,134,0,13250269,g5/29mA/29mA,51,98,0,0
16.203,HR,134,1,11896709,g5/29mA/29mA,51,98,0,0
16.203,HR,134,2,14537488,g5/29mA/29mA,51,98,0,0
16.203,HR,134,3,12266941,g4/29mA/29mA,51,98,0,0
16.203,HR,135,0,13248665,g5/29mA/29mA,51,98,0,0
16.203,HR,135,1,11894177,g5/29mA/29mA,51,98,0,0
16.203,HR,135,2,14531109,g5/29mA/29mA,51,98,0,0
16.203,HR,135,3,12264900,g4/29mA/29mA,51,98,0,0
16.203,HR,136,0,13249348,g5/29mA/29mA,51,98,0,0
16.203,HR,136,1,11894227,g5/29mA/29mA,51,98,0,0
16.203,HR,136,2,14526963,g5/29mA/29mA,51,98,0,0
16.203,HR,136,3,12263545,g4/29mA/29mA,51,98,0,0
16.203,HR,137,0,13251660,g5/29mA/29mA,51,98,0,0
16.203,HR,137,1,11895857,g5/29mA/29mA,51,98,0,0
16.203,HR,137,2,14525325,g5/29mA/29mA,51,98,0,0
16.203,HR,137,3,12263127,g4/29mA/29mA,51,98,0,0
16.203,HR,138,0,13252086,g5/29mA/29mA,51,98,0,0
16.203,HR,138,1,11895062,g5/29mA/29mA,51,98,0,0
16.203,HR,138,2,14525538,g5/29mA/29mA,51,98,0,0
16.203,HR,138,3,12262309,g4/29mA/29mA,51,98,0,0
16.203,HR,139,0,13252333,g5/29mA/29mA,51,98,0,0
16.203,HR,139,1,11893722,g5/29mA/29mA,51,98,0,0
16.203,HR,139,2,14525367,g5/29mA/29mA,51,98,0,0
16.203,HR,139,3,12262189,g4/29mA/29mA,51,98,0,0
16.203,HR,140,0,13252384,g5/29mA/29mA,51,98,0,0
16.203,HR,140,1,11893383,g5/29mA/29mA,51,98,0,0
16.203,HR,140,2,14524787,g5/29mA/29mA,51,98,0,0
16.203,HR,140,3,12262742,g4/29mA/29mA,51,98,0,0
16.203,HR,141,0,13252052,g5/29mA/29mA,51,98,0,0
16.203,HR,141,1,11893220,g5/29mA/29mA,51,98,0,0
16.203,HR,141,2,14524037,g5/29mA/29mA,51,98,0,0
16.203,HR,141,3,12262888,g4/29mA/29mA,51,98,0,0
16.203,HR,142,0,13253236,g5/29mA/29mA,51,98,0,0
16.203,HR,142,1,11893408,g5/29mA/29mA,51,98,0,0
16.203,HR,142,2,14524421,g5/29mA/29mA,51,98,0,0
16.203,HR,142,3,12263187,g4/29mA/29mA,51,98,0,0
16.204,HR,143,0,13255387,g5/29mA/29mA,52,98,0,0
16.204,HR,143,1,11895081,g5/29mA/29mA,52,98,0,0
16.204,HR,143,2,14524794,g5/29mA/29mA,52,98,0,0
16.204,HR,143,3,12264354,g4/29mA/29mA,52,98,0,0
16.230,SPO2,110,0,14079638,g2/20mA/0mA,52,98,0,0
16.230,SPO2,110,1,13939683,g2/18mA/0mA,52,98,0,0
16.230,SPO2,111,0,14082504,g2/20mA/0mA,52,98,0,0
16.230,SPO2,111,1,13943298,g2/18mA/0mA,52,98,0,0
16.230,SPO2,112,0,14084561,g2/20mA/0mA,52,98,0,0
16.230,SPO2,112,1,13945941,g2/18mA/0mA,52,98,0,0
16.230,SPO2,113,0,14079660,g2/20mA/0mA,52,98,0,0
16.230,SPO2,113,1,13940451,g2/18mA/0mA,52,98,0,0
16.230,SPO2,114,0,14077446,g2/20mA/0mA,52,98,0,0
16.230,SPO2,114,1,13938475,g2/18mA/0mA,52,98,0,0
16.230,SPO2,115,0,14077529,g2/20mA/0mA,52,98,0,0
16.230,SPO2,115,1,13938781,g2/18mA/0mA,52,98,0,0
16.230,SPO2,116,0,14079599,g2/20mA/0mA,52,98,0,0
16.230,SPO2,116,1,13941633,g2/18mA/0mA,52,98,0,0
16.230,SPO2,117,0,14081432,g2/20mA/0mA,52,98,0,0
16.230,SPO2,117,1,13944103,g2/18mA/0mA,52,98,0,0
16.264,SPO2,118,0,14076311,g2/20mA/0mA,52,98,0,0
16.264,SPO2,118,1,13939260,g2/18mA/0mA,52,98,0,0
16.264,SPO2,119,0,14074736,g2/20mA/0mA,52,98,0,0
16.264,SPO2,119,1,13938173,g2/18mA/0mA,52,98,0,0
16.264,SPO2,120,0,14075846,g2/20mA/0mA,52,98,0,0
16.264,SPO2,120,1,13939529,g2/18mA/0mA,52,98,0,0
16.264,SPO2,121,0,14078353,g2/20mA/0mA,52,98,0,0
16.264,SPO2,121,1,13942719,g2/18mA/0mA,52,98,0,0
16.264,SPO2,122,0,14077276,g2/20mA/0mA,52,98,0,0
16.264,SPO2,122,1,13942769,g2/18mA/0mA,52,98,0,0
16.264,SPO2,123,0,14071731,g2/20mA/0mA,52,98,0,0
16.264,SPO2,123,1,13937499,g2/18mA/0mA,52,98,0,0
16.264,SPO2,124,0,14070998,g2/20mA/0mA,52,98,0,0
16.264,SPO2,124,1,13937282,g2/18mA/0mA,52,98,0,0
16.264,SPO2,125,0,14071965,g2/20mA/0mA,52,98,0,0
16.264,SPO2,125,1,13938412,g2/18mA/0mA,52,98,0,0
16.264,SPO2,126,0,14072038,g2/20mA/0mA,52,98,0,0
16.264,SPO2,126,1,13939397,g2/18mA/0mA,52,98,0,0
16.264,SPO2,127,0,14072565,g2/20mA/0mA,52,98,0,0
16.264,SPO2,127,1,13940010,g2/18mA/0mA,52,98,0,0
16.264,SPO2,128,0,14073016,g2/20mA/0mA,52,98,0,0
16.264,SPO2,128,1,13940720,g2/18mA/0mA,52,98,0,0
16.264,SPO2,129,0,14073577,g2/20mA/0mA,52,98,0,0
16.264,SPO2,129,1,13941519,g2/18mA/0mA,52,98,0,0
16.264,SPO2,130,0,14073096,g2/20mA/0mA,52,98,0,0
16.264,SPO2,130,1,13940821,g2/18mA/0mA,52,98,0,0
16.264,SPO2,131,0,14070600,g2/20mA/0mA,52,98,0,0
16.264,SPO2,131,1,13936947,g2/18mA/0mA,52,98,0,0
16.264,SPO2,132,0,14067466,g2/20mA/0mA,52,98,0,0
16.264,SPO2,132,1,13931509,g2/18mA/0mA,52,98,0,0
16.264,SPO2,133,0,14065145,g2/20mA/0mA,52,98,0,0
16.264,SPO2,133,1,13928528,g2/18mA/0mA,52,98,0,0
16.264,SPO2,134,0,14063793,g2/20mA/0mA,52,98,0,0
16.264,SPO2,134,1,13927402,g2/18mA/0mA,52,98,0,0
16.265,SPO2,135,0,14063033,g2/20mA/0mA,52,98,0,0
16.265,SPO2,135,1,13926902,g2/18mA/0mA,52,98,0,0
16.265,SPO2,136,0,14063828,g2/20mA/0mA,52,98,0,0
16.265,SPO2,136,1,13927859,g2/18mA/0mA,52,98,0,0
16.265,SPO2,137,0,14065136,g2/20mA/0mA,52,98,0,0
16.265,SPO2,137,1,13929357,g2/18mA/0mA,52,98,0,0
16.265,SPO2,138,0,14064854,g2/20mA/0mA,52,98,0,0
16.265,SPO2,138,1,13929554,g2/18mA/0mA,52,98,0,0
16.265,SPO2,139,0,14064615,g2/20mA/0mA,52,98,0,0
16.265,SPO2,139,1,13929348,g2/18mA/0mA,52,98,0,0
16.265,SPO2,140,0,14064309,g2/20mA/0mA,52,98,0,0
16.265,SPO2,140,1,13929180,g2/18mA/0mA,52,98,0,0
16.265,SPO2,141,0,14063770,g2/20mA/0mA,52,98,0,0
16.265,SPO2,141,1,13928688,g2/18mA/0mA,52,98,0,0
16.265,SPO2,142,0,14063357,g2/20mA/0mA,52,98,0,0
16.265,SPO2,142,1,13928617,g2/18mA/0mA,52,98,0,0
16.296,SPO2,143,0,14062945,g2/20mA/0mA,52,98,0,0
16.296,SPO2,143,1,13928514,g2/18mA/0mA,52,98,0,0
17.280,HR,144,0,13258877,g5/29mA/29mA,52,98,0,0
17.280,HR,144,1,11897521,g5/29mA/29mA,52,98,0,0
17.280,HR,144,2,14527174,g5/29mA/29mA,52,98,0,0
17.280,HR,144,3,12266026,g4/29mA/29mA,52,98,0,0
17.280,HR,145,0,13262758,g5/29mA/29mA,52,98,0,0
17.280,HR,145,1,11899551,g5/29mA/29mA,52,98,0,0
17.280,HR,145,2,14530247,g5/29mA/29mA,52,98,0,0
17.280,HR,145,3,12267777,g4/29mA/29mA,52,98,0,0
17.280,HR,146,0,13267800,g5/29mA/29mA,52,98,0,0
17.280,HR,146,1,11902827,g5/29mA/29mA,52,98,0,0
17.280,HR,146,2,14534001,g5/29mA/29mA,52,98,0,0
17.280,HR,146,3,12269764,g4/29mA/29mA,52,98,0,0
17.280,HR,147,0,13272177,g5/29mA/29mA,52,98,0,0
17.280,HR,147,1,11905651,g5/29mA/29mA,52,98,0,0
17.280,HR,147,2,14537634,g5/29mA/29mA,52,98,0,0
17.280,HR,147,3,12272100,g4/29mA/29mA,52,98,0,0
17.280,HR,148,0,13276017,g5/29mA/29mA,52,98,0,0
17.280,HR,148,1,11907706,g5/29mA/29mA,52,98,0,0
17.280,HR,148,2,14541124,g5/29mA/29mA,52,98,0,0
17.280,HR,148,3,12274072,g4/29mA/29mA,52,98,0,0
17.280,HR,149,0,13280418,g5/29mA/29mA,52,98,0,0
17.280,HR,149,1,11909616,g5/29mA/29mA,52,98,0,0
17.280,HR,149,2,14545681,g5/29mA/29mA,52,98,0,0
17.280,HR,149,3,12275862,g4/29mA/29mA,52,98,0,0
17.282,HR,150,0,13284392,g5/29mA/29mA,52,98,0,0
17.282,HR,150,1,11913705,g5/29mA/29mA,52,98,0,0
17.282,HR,150,2,14550397,g5/29mA/29mA,52,98,0,0
17.282,HR,150,3,12278807,g4/29mA/29mA,52,98,0,0
17.282,HR,151,0,13288352,g5/29mA/29mA,52,98,0,0
17.282,HR,151,1,11916077,g5/29mA/29mA,52,98,0,0
17.282,HR,151,2,14554211,g5/29mA/29mA,52,98,0,0
17.282,HR,151,3,12280086,g4/29mA/29mA,52,98,0,0
17.282,HR,152,0,13292891,g5/29mA/29mA,52,98,0,0
17.282,HR,152,1,11917824,g5/29mA/29mA,52,98,0,0
17.282,HR,152,2,14558424,g5/29mA/29mA,52,98,0,0
17.282,HR,152,3,12282407,g4/29mA/29mA,52,98,0,0
17.282,HR,153,0,13297813,g5/29mA/29mA,52,98,0,0
17.282,HR,153,1,11920878,g5/29mA/29mA,52,98,0,0
17.282,HR,153,2,14562690,g5/29mA/29mA,52,98,0,0
17.282,HR,153,3,12284515,g4/29mA/29mA,52,98,0,0
17.282,HR,154,0,13301012,g5/29mA/29mA,52,98,0,0
17.282,HR,154,1,11924076,g5/29mA/29mA,52,98,0,0
17.282,HR,154,2,14566794,g5/29mA/29mA,52,98,0,0
17.282,HR,154,3,12286435,g4/29mA/29mA,52,98,0,0
17.282,HR,155,0,13306678,g5/29mA/29mA,52,98,0,0
17.282,HR,155,1,11927713,g5/29mA/29mA,52,98,0,0
17.282,HR,155,2,14571701,g5/29mA/29mA,52,98,0,0
17.282,HR,155,3,12288524,g4/29mA/29mA,52,98,0,0
17.282,HR,156,0,13311311,g5/29mA/29mA,52,98,0,0
17.282,HR,156,1,11930688,g5/29mA/29mA,52,98,0,0
17.282,HR,156,2,14576741,g5/29mA/29mA,52,98,0,0
17.282,HR,156,3,12290597,g4/29mA/29mA,52,98,0,0
17.339,HR,157,0,13307301,g5/29mA/29mA,52,98,0,0
17.339,HR,157,1,11930484,g5/29mA/29mA,52,98,0,0
17.339,HR,157,2,14578005,g5/29mA/29mA,52,98,0,0
17.339,HR,157,3,12290657,g4/29mA/29mA,52,98,0,0
17.339,HR,158,0,13286613,g5/29mA/29mA,52,98,0,0
17.339,HR,158,1,11919632,g5/29mA/29mA,52,98,0,0
17.339,HR,158,2,14562468,g5/29mA/29mA,52,98,0,0
17.339,HR,158,3,12281740,g4/29mA/29mA,52,98,0,0
17.339,HR,159,0,13263219,g5/29mA/29mA,52,98,0,0
17.339,HR,159,1,11903064,g5/29mA/29mA,52,98,0,0
17.339,HR,159,2,14537624,g5/29mA/29mA,52,98,0,0
17.339,HR,159,3,12267597,g4/29mA/29mA,52,98,0,0
17.339,HR,160,0,13249244,g5/29mA/29mA,52,98,0,0
17.339,HR,160,1,11891018,g5/29mA/29mA,52,98,0,0
17.339,HR,160,2,14520231,g5/29mA/29mA,52,98,0,0
17.339,HR,160,3,12257504,g4/29mA/29mA,52,98,0,0
17.339,HR,161,0,13243178,g5/29mA/29mA,52,98,0,0
17.339,HR,161,1,11885635,g5/29mA/29mA,52,98,0,0
17.339,HR,161,2,14512868,g5/29mA/29mA,52,98,0,0
17.339,HR,161,3,12253800,g4/29mA/29mA,52,98,0,0
17.339,HR,162,0,13240321,g5/29mA/29mA,52,98,0,0
17.339,HR,162,1,11881694,g5/29mA/29mA,52,98,0,0
17.339,HR,162,2,14507793,g5/29mA/29mA,52,98,0,0
17.339,HR,162,3,12252037,g4/29mA/29mA,52,98,0,0
17.492,HR,163,0,13239307,g5/29mA/29mA,52,98,0,0
17.492,HR,163,1,11879288,g5/29mA/29mA,52,98,0,0
17.492,HR,163,2,14505948,g5/29mA/29mA,52,98,0,0
17.492,HR,163,3,12250244,g4/29mA/29mA,52,98,0,0
17.492,HR,164,0,13239262,g5/29mA/29mA,52,98,0,0
17.492,HR,164,1,11879597,g5/29mA/29mA,52,98,0,0
17.492,HR,164,2,14506231,g5/29mA/29mA,52,98,0,0
17.492,HR,164,3,12249954,g4/29mA/29mA,52,98,0,0
17.492,HR,165,0,13239759,g5/29mA/29mA,52,98,0,0
17.492,HR,165,1,11879202,g5/29mA/29mA,52,98,0,0
17.492,HR,165,2,14505386,g5/29mA/29mA,52,98,0,0
17.492,HR,165,3,12249434,g4/29mA/29mA,52,98,0,0
17.492,HR,166,0,13239255,g5/29mA/29mA,52,98,0,0
17.492,HR,166,1,11877941,g5/29mA/29mA,52,98,0,0
17.492,HR,166,2,14504151,g5/29mA/29mA,52,98,0,0
17.492,HR,166,3,12248845,g4/29mA/29mA,52,98,0,0
17.492,HR,167,0,13237762,g5/29mA/29mA,52,98,0,0
17.492,HR,167,1,11877097,g5/29mA/29mA,52,98,0,0
17.492,HR,167,2,14503441,g5/29mA/29mA,52,98,0,0
17.492,HR,167,3,12248249,g4/29mA/29mA,52,98,0,0
17.492,HR,168,0,13237334,g5/29mA/29mA,52,98,0,0
17.492,HR,168,1,11876073,g5/29mA/29mA,52,98,0,0
17.492,HR,168,2,14501983,g5/29mA/29mA,52,98,0,0
17.492,HR,168,3,12246601,g4/29mA/29mA,52,98,0,0
17.494,HR,169,0,13237149,g5/29mA/29mA,52,98,0,0
17.494,HR,169,1,11874750,g5/29mA/29mA,52,98,0,0
17.494,HR,169,2,14502315,g5/29mA/29mA,52,98,0,0
17.494,HR,169,3,12246370,g4/29mA/29mA,52,98,0,0
17.494,HR,170,0,13239058,g5/29mA/29mA,52,98,0,0
17.494,HR,170,1,11875553,g5/29mA/29mA,52,98,0,0
17.494,HR,170,2,14504302,g5/29mA/29mA,52,98,0,0
17.494,HR,170,3,12247420,g4/29mA/29mA,52,98,0,0
17.494,HR,171,0,13241943,g5/29mA/29mA,52,98,0,0
17.494,HR,171,1,11876789,g5/29mA/29mA,52,98,0,0
17.494,HR,171,2,14507672,g5/29mA/29mA,52,98,0,0
17.494,HR,171,3,12249203,g4/29mA/29mA,52,98,0,0
17.494,HR,172,0,13246088,g5/29mA/29mA,52,98,0,0
17.494,HR,172,1,11878238,g5/29mA/29mA,52,98,0,0
17.494,HR,172,2,14511690,g5/29mA/29mA,52,98,0,0
17.494,HR,172,3,12251318,g4/29mA/29mA,52,98,0,0
17.494,HR,173,0,13249526,g5/29mA/29mA,52,98,0,0
17.494,HR,173,1,11880689,g5/29mA/29mA,52,98,0,0
17.494,HR,173,2,14516913,g5/29mA/29mA,52,98,0,0
17.494,HR,173,3,12253743,g4/29mA/29mA,52,98,0,0
17.494,HR,174,0,13252965,g5/29mA/29mA,52,98,0,0
17.494,HR,174,1,11883419,g5/29mA/29mA,52,98,0,0
17.494,HR,174,2,14521153,g5/29mA/29mA,52,98,0,0
17.494,HR,174,3,12256149,g4/29mA/29mA,52,98,0,0
17.494,HR,175,0,13257118,g5/29mA/29mA,52,98,0,0
17.494,HR,175,1,11885072,g5/29mA/29mA,52,98,0,0
17.494,HR,175,2,14525468,g5/29mA/29mA,52,98,0,0
17.494,HR,175,3,12258085,g4/29mA/29mA,52,98,0,0
17.494,HR,176,0,13260345,g5/29mA/29mA,52,98,0,0
17.494,HR,176,1,11887922,g5/29mA/29mA,52,98,0,0
17.494,HR,176,2,14529743,g5/29mA/29mA,52,98,0,0
17.494,HR,176,3,12260397,g4/29mA/29mA,52,98,0,0
17.495,SPO2,144,0,14062874,g2/20mA/0mA,52,98,0,0
17.495,SPO2,144,1,13928931,g2/18mA/0mA,52,98,0,0
17.495,SPO2,145,0,14062936,g2/20mA/0mA,52,98,0,0
17.495,SPO2,145,1,13929575,g2/18mA/0mA,52,98,0,0
17.495,SPO2,146,0,14063369,g2/20mA/0mA,52,98,0,0
17.495,SPO2,146,1,13930380,g2/18mA/0mA,52,98,0,0
17.495,SPO2,147,0,14063241,g2/20mA/0mA,52,98,0,0
17.495,SPO2,147,1,13930801,g2/18mA/0mA,52,98,0,0
17.495,SPO2,148,0,14063370,g2/20mA/0mA,52,98,0,0
17.495,SPO2,148,1,13931359,g2/18mA/0mA,52,98,0,0
17.495,SPO2,149,0,14063616,g2/20mA/0mA,52,98,0,0
17.495,SPO2,149,1,13931822,g2/18mA/0mA,52,98,0,0
17.495,SPO2,150,0,14063570,g2/20mA/0mA,52,98,0,0
17.495,SPO2,150,1,13932047,g2/18mA/0mA,52,98,0,0
17.495,SPO2,151,0,14063586,g2/20mA/0mA,52,98,0,0
17.495,SPO2,151,1,13932522,g2/18mA/0mA,52,98,0,0
17.495,SPO2,152,0,14063736,g2/20mA/0mA,52,98,0,0
17.495,SPO2,152,1,13932899,g2/18mA/0mA,52,98,0,0
17.671,SPO2,153,0,14063871,g2/20mA/0mA,52,98,0,0
17.672,SPO2,153,1,13933272,g2/18mA/0mA,52,98,0,0
17.672,SPO2,154,0,14063247,g2/20mA/0mA,52,98,0,0
17.672,SPO2,154,1,13933181,g2/18mA/0mA,52,98,0,0
17.672,SPO2,155,0,14063278,g2/20mA/0mA,52,98,0,0
17.672,SPO2,155,1,13933856,g2/18mA/0mA,52,98,0,0
17.672,SPO2,156,0,14063033,g2/20mA/0mA,52,98,0,0
17.672,SPO2,156,1,13934093,g2/18mA/0mA,52,98,0,0
17.672,SPO2,157,0,14062311,g2/20mA/0mA,52,98,0,0
17.672,SPO2,157,1,13933090,g2/18mA/0mA,52,98,0,0
17.672,SPO2,158,0,14060343,g2/20mA/0mA,52,98,0,0
17.672,SPO2,158,1,13929190,g2/18mA/0mA,52,98,0,0
17.672,SPO2,159,0,14058503,g2/20mA/0mA,52,98,0,0
17.672,SPO2,159,1,13925117,g2/18mA/0mA,52,98,0,0
17.672,SPO2,160,0,14056484,g2/20mA/0mA,52,98,0,0
17.672,SPO2,160,1,13922444,g2/18mA/0mA,52,98,0,0
17.672,SPO2,161,0,14055421,g2/20mA/0mA,52,98,0,0
17.672,SPO2,161,1,13921557,g2/18mA/0mA,52,98,0,0
17.672,SPO2,162,0,14055193,g2/20mA/0mA,52,98,0,0
17.672,SPO2,162,1,13921271,g2/18mA/0mA,52,98,0,0
17.672,SPO2,163,0,14054314,g2/20mA/0mA,52,98,0,0
17.672,SPO2,163,1,13920813,g2/18mA/0mA,52,98,0,0
17.672,SPO2,164,0,14054015,g2/20mA/0mA,52,98,0,0
17.672,SPO2,164,1,13920755,g2/18mA/0mA,52,98,0,0
17.672,SPO2,165,0,14053535,g2/20mA/0mA,52,98,0,0
17.672,SPO2,165,1,13920678,g2/18mA/0mA,52,98,0,0
17.672,SPO2,166,0,14052628,g2/20mA/0mA,52,98,0,0
17.672,SPO2,166,1,13920143,g2/18mA/0mA,52,98,0,0
17.672,SPO2,167,0,14052226,g2/20mA/0mA,52,98,0,0
17.672,SPO2,167,1,13919618,g2/18mA/0mA,52,98,0,0
17.672,SPO2,168,0,14051790,g2/20mA/0mA,52,98,0,0
17.672,SPO2,168,1,13919305,g2/18mA/0mA,52,98,0,0
17.731,SPO2,169,0,14051036,g2/20mA/0mA,52,98,0,0
17.731,SPO2,169,1,13919071,g2/18mA/0mA,52,98,0,0
17.731,SPO2,170,0,14050567,g2/20mA/0mA,52,98,0,0
17.731,SPO2,170,1,13918914,g2/18mA/0mA,52,98,0,0
17.731,SPO2,171,0,14050857,g2/20mA/0mA,52,98,0,0
17.731,SPO2,171,1,13919511,g2/18mA/0mA,52,98,0,0
17.731,SPO2,172,0,14050802,g2/20mA/0mA,52,98,0,0
17.731,SPO2,172,1,13920037,g2/18mA/0mA,52,98,0,0
17.731,SPO2,173,0,14049967,g2/20mA/0mA,52,98,0,0
17.731,SPO2,173,1,13919620,g2/18mA/0mA,52,98,0,0
17.731,SPO2,174,0,14050221,g2/20mA/0mA,52,98,0,0
17.731,SPO2,174,1,13920297,g2/18mA/0mA,52,98,0,0
17.731,SPO2,175,0,14049548,g2/20mA/0mA,52,98,0,0
17.731,SPO2,175,1,13920306,g2/18mA/0mA,52,98,0,0
17.731,SPO2,176,0,14049175,g2/20mA/0mA,52,98,0,0
17.731,SPO2,176,1,13920234,g2/18mA/0mA,52,98,0,0
18.630,HR,177,0,13264550,g5/29mA/29mA,52,98,0,0
18.630,HR,177,1,11890191,g5/29mA/29mA,52,98,0,0
18.630,HR,177,2,14534384,g5/29mA/29mA,52,98,0,0
18.630,HR,177,3,12262674,g4/29mA/29mA,52,98,0,0
18.630,HR,178,0,13267691,g5/29mA/29mA,52,98,0,0
18.630,HR,178,1,11892155,g5/29mA/29mA,52,98,0,0
18.630,HR,178,2,14537992,g5/29mA/29mA,52,98,0,0
18.630,HR,178,3,12265139,g4/29mA/29mA,52,98,0,0
18.630,HR,179,0,13270948,g5/29mA/29mA,52,98,0,0
18.630,HR,179,1,11895642,g5/29mA/29mA,52,98,0,0
18.630,HR,179,2,14543990,g5/29mA/29mA,52,98,0,0
18.630,HR,179,3,12268228,g4/29mA/29mA,52,98,0,0
18.630,HR,180,0,13274488,g5/29mA/29mA,52,98,0,0
18.630,HR,180,1,11897280,g5/29mA/29mA,52,98,0,0
18.630,HR,180,2,14547898,g5/29mA/29mA,52,98,0,0
18.630,HR,180,3,12270609,g4/29mA/29mA,52,98,0,0
18.630,HR,181,0,13278694,g5/29mA/29mA,52,98,0,0
18.630,HR,181,1,11899038,g5/29mA/29mA,52,98,0,0
18.630,HR,181,2,14553033,g5/29mA/29mA,52,98,0,0
18.630,HR,181,3,12272937,g4/29mA/29mA,52,98,0,0
18.630,HR,182,0,13282585,g5/29mA/29mA,52,98,0,0
18.630,HR,182,1,11901939,g5/29mA/29mA,52,98,0,0
18.630,HR,182,2,14559048,g5/29mA/29mA,52,98,0,0
18.630,HR,182,3,12275804,g4/29mA/29mA,52,98,0,0
18.720,HR,183,0,13274651,g5/29mA/29mA,52,98,0,0
18.720,HR,183,1,11899286,g5/29mA/29mA,52,98,0,0
18.720,HR,183,2,14556677,g5/29mA/29mA,52,98,0,0
18.720,HR,183,3,12273226,g4/29mA/29mA,52,98,0,0
18.720,HR,184,0,13251097,g5/29mA/29mA,52,98,0,0
18.720,HR,184,1,11884194,g5/29mA/29mA,52,98,0,0
18.720,HR,184,2,14536773,g5/29mA/29mA,52,98,0,0
18.720,HR,184,3,12260968,g4/29mA/29mA,52,98,0,0
18.720,HR,185,0,13228146,g5/29mA/29mA,52,98,0,0
18.720,HR,185,1,11867917,g5/29mA/29mA,52,98,0,0
18.720,HR,185,2,14512255,g5/29mA/29mA,52,98,0,0
18.720,HR,185,3,12246577,g4/29mA/29mA,52,98,0,0
18.720,HR,186,0,13215436,g5/29mA/29mA,52,98,0,0
18.720,HR,186,1,11856118,g5/29mA/29mA,52,98,0,0
18.720,HR,186,2,14496659,g5/29mA/29mA,52,98,0,0
18.720,HR,186,3,12236586,g4/29mA/29mA,52,98,0,0
18.720,HR,187,0,13209232,g5/29mA/29mA,52,98,0,0
18.720,HR,187,1,11849131,g5/29mA/29mA,52,98,0,0
18.720,HR,187,2,14488528,g5/29mA/29mA,52,98,0,0
18.720,HR,187,3,12232227,g4/29mA/29mA,52,98,0,0
18.720,HR,188,0,13206341,g5/29mA/29mA,52,98,0,0
18.720,HR,188,1,11844609,g5/29mA/29mA,52,98,0,0
18.720,HR,188,2,14484373,g5/29mA/29mA,52,98,0,0
18.720,HR,188,3,12229862,g4/29mA/29mA,52,98,0,0
18.720,HR,189,0,13205002,g5/29mA/29mA,52,98,0,0
18.720,HR,189,1,11842398,g5/29mA/29mA,52,98,0,0
18.720,HR,189,2,14481543,g5/29mA/29mA,52,98,0,0
18.720,HR,189,3,12228379,g4/29mA/29mA,52,98,0,0
18.781,HR,190,0,13205292,g5/29mA/29mA,52,98,0,0
18.781,HR,190,1,11841427,g5/29mA/29mA,52,98,0,0
18.781,HR,190,2,14482224,g5/29mA/29mA,52,98,0,0
18.781,HR,190,3,12228190,g4/29mA/29mA,52,98,0,0
18.781,HR,191,0,13205300,g5/29mA/29mA,52,98,0,0
18.781,HR,191,1,11839807,g5/29mA/29mA,52,98,0,0
18.781,HR,191,2,14482138,g5/29mA/29mA,52,98,0,0
18.781,HR,191,3,12228063,g4/29mA/29mA,52,98,0,0
18.781,HR,192,0,13204822,g5/29mA/29mA,52,98,0,0
18.781,HR,192,1,11838816,g5/29mA/29mA,52,98,0,0
18.781,HR,192,2,14482011,g5/29mA/29mA,52,98,0,0
18.781,HR,192,3,12227594,g4/29mA/29mA,52,98,0,0
18.781,HR,193,0,13203492,g5/29mA/29mA,53,98,0,0
18.781,HR,193,1,11836923,g5/29mA/29mA,53,98,0,0
18.781,HR,193,2,14481072,g5/29mA/29mA,53,98,0,0
18.781,HR,193,3,12226894,g4/29mA/29mA,53,98,0,0
18.781,HR,194,0,13202630,g5/29mA/29mA,53,98,0,0
18.781,HR,194,1,11835138,g5/29mA/29mA,53,98,0,0
18.781,HR,194,2,14480798,g5/29mA/29mA,53,98,0,0
18.781,HR,194,3,12226458,g4/29mA/29mA,53,98,0,0
18.781,HR,195,0,13203561,g5/29mA/29mA,53,98,0,0
18.781,HR,195,1,11834602,g5/29mA/29mA,53,98,0,0
18.781,HR,195,2,14480808,g5/29mA/29mA,53,98,0,0
18.781,HR,195,3,12226221,g4/29mA/29mA,53,98,0,0
18.783,HR,196,0,13205967,g5/29mA/29mA,53,98,0,0
18.783,HR,196,1,11835447,g5/29mA/29mA,53,98,0,0
18.783,HR,196,2,14483716,g5/29mA/29mA,53,98,0,0
18.783,HR,196,3,12227372,g4/29mA/29mA,53,98,0,0
18.783,HR,197,0,13210199,g5/29mA/29mA,53,98,0,0
18.783,HR,197,1,11837356,g5/29mA/29mA,53,98,0,0
18.783,HR,197,2,14487293,g5/29mA/29mA,53,98,0,0
18.783,HR,197,3,12229403,g4/29mA/29mA,53,98,0,0
18.783,HR,198,0,13214974,g5/29mA/29mA,53,98,0,0
18.783,HR,198,1,11838970,g5/29mA/29mA,53,98,0,0
18.783,HR,198,2,14490755,g5/29mA/29mA,53,98,0,0
18.783,HR,198,3,12231697,g4/29mA/29mA,53,98,0,0
18.783,HR,199,0,13220027,g5/29mA/29mA,53,98,0,0
18.783,HR,199,1,11842425,g5/29mA/29mA,53,98,0,0
18.783,HR,199,2,14495345,g5/29mA/29mA,53,98,0,0
18.783,HR,199,3,12234418,g4/29mA/29mA,53,98,0,0
18.783,HR,200,0,13224471,g5/29mA/29mA,53,98,0,0
18.783,HR,200,1,11845197,g5/29mA/29mA,53,98,0,0
18.783,HR,200,2,14500412,g5/29mA/29mA,53,98,0,0
18.783,HR,200,3,12236662,g4/29mA/29mA,53,98,0,0
18.784,HR,201,0,13229077,g5/29mA/29mA,53,98,0,0
18.784,HR,201,1,11847576,g5/29mA/29mA,53,98,0,0
18.784,HR,201,2,14504781,g5/29mA/29mA,53,98,0,0
18.784,HR,201,3,12239486,g4/29mA/29mA,53,98,0,0
18.784,HR,202,0,13233105,g5/29mA/29mA,53,98,0,0
18.784,HR,202,1,11850376,g5/29mA/29mA,53,98,0,0
18.784,HR,202,2,14509472,g5/29mA/29mA,53,98,0,0
18.784,HR,202,3,12242123,g4/29mA/29mA,53,98,0,0
18.785,HR,203,0,13238121,g5/29mA/29mA,53,98,0,0
18.785,HR,203,1,11852739,g5/29mA/29mA,53,98,0,0
18.785,HR,203,2,14514175,g5/29mA/29mA,53,98,0,0
18.785,HR,203,3,12244503,g4/29mA/29mA,53,98,0,0
18.785,HR,204,0,13242394,g5/29mA/29mA,53,98,0,0
18.785,HR,204,1,11855769,g5/29mA/29mA,53,98,0,0
18.785,HR,204,2,14519224,g5/29mA/29mA,53,98,0,0
18.785,HR,204,3,12247148,g4/29mA/29mA,53,98,0,0
18.785,HR,205,0,13246917,g5/29mA/29mA,53,98,0,0
18.785,HR,205,1,11858857,g5/29mA/29mA,53,98,0,0
18.785,HR,205,2,14523695,g5/29mA/29mA,53,98,0,0
18.785,HR,205,3,12249612,g4/29mA/29mA,53,98,0,0
18.785,HR,206,0,13251804,g5/29mA/29mA,53,98,0,0
18.785,HR,206,1,11861229,g5/29mA/29mA,53,98,0,0
18.785,HR,206,2,14529077,g5/29mA/29mA,53,98,0,0
18.785,HR,206,3,12252437,g4/29mA/29mA,53,98,0,0
18.785,HR,207,0,13256830,g5/29mA/29mA,53,98,0,0
18.785,HR,207,1,11864384,g5/29mA/29mA,53,98,0,0
18.785,HR,207,2,14533693,g5/29mA/29mA,53,98,0,0
18.785,HR,207,3,12255227,g4/29mA/29mA,53,98,0,0
18.785,HR,208,0,13261716,g5/29mA/29mA,53,98,0,0
18.785,HR,208,1,11867789,g5/29mA/29mA,53,98,0,0
18.785,HR,208,2,14539340,g5/29mA/29mA,53,98,0,0
18.785,HR,208,3,12258186,g4/29mA/29mA,53,98,0,0
18.786,HR,209,0,13266829,g5/29mA/29mA,53,98,0,0
18.786,HR,209,1,11871125,g5/29mA/29mA,53,98,0,0
18.786,HR,209,2,14544393,g5/29mA/29mA,53,98,0,0
18.786,HR,209,3,12260687,g4/29mA/29mA,53,98,0,0
18.786,HR,210,0,13270941,g5/29mA/29mA,53,98,0,0
18.786,HR,210,1,11873742,g5/29mA/29mA,53,98,0,0
18.786,HR,210,2,14549680,g5/29mA/29mA,53,98,0,0
18.786,HR,210,3,12263579,g4/29mA/29mA,53,98,0,0
18.786,SPO2,177,0,14048864,g2/20mA/0mA,53,98,0,0
18.786,SPO2,177,1,13920220,g2/18mA/0mA,53,98,0,0
18.786,SPO2,178,0,14048270,g2/20mA/0mA,53,98,0,0
18.786,SPO2,178,1,13920208,g2/18mA/0mA,53,98,0,0
18.786,SPO2,179,0,14047338,g2/20mA/0mA,53,98,0,0
18.786,SPO2,179,1,13919713,g2/18mA/0mA,53,98,0,0
18.786,SPO2,180,0,14047177,g2/20mA/0mA,53,98,0,0
18.786,SPO2,180,1,13920076,g2/18mA/0mA,53,98,0,0
18.786,SPO2,181,0,14047202,g2/20mA/0mA,53,98,0,0
18.786,SPO2,181,1,13920349,g2/18mA/0mA,53,98,0,0
18.786,SPO2,182,0,14046457,g2/20mA/0mA,53,98,0,0
18.786,SPO2,182,1,13919993,g2/18mA/0mA,53,98,0,0
18.786,SPO2,183,0,14045680,g2/20mA/0mA,53,98,0,0
18.786,SPO2,183,1,13918548,g2/18mA/0mA,53,98,0,0
18.786,SPO2,184,0,14043366,g2/20mA/0mA,53,98,0,0
18.786,SPO2,184,1,13913994,g2/18mA/0mA,53,98,0,0
18.786,SPO2,185,0,14040648,g2/20mA/0mA,53,98,0,0
18.786,SPO2,185,1,13909495,g2/18mA/0mA,53,98,0,0
18.812,SPO2,186,0,14039166,g2/20mA/0mA,53,98,0,0
18.812,SPO2,186,1,13907672,g2/18mA/0mA,53,98,0,0
18.812,SPO2,187,0,14037807,g2/20mA/0mA,53,98,0,0
18.812,SPO2,187,1,13906563,g2/18mA/0mA,53,98,0,0
18.812,SPO2,188,0,14037804,g2/20mA/0mA,53,98,0,0
18.812,SPO2,188,1,13906508,g2/18mA/0mA,53,98,0,0
18.812,SPO2,189,0,14037008,g2/20mA/0mA,53,98,0,0
18.812,SPO2,189,1,13906178,g2/18mA/0mA,53,98,0,0
18.812,SPO2,190,0,14036372,g2/20mA/0mA,53,98,0,0
18.812,SPO2,190,1,13906021,g2/18mA/0mA,53,98,0,0
18.812,SPO2,191,0,14036427,g2/20mA/0mA,53,98,0,0
18.812,SPO2,191,1,13906207,g2/18mA/0mA,53,98,0,0
18.812,SPO2,192,0,14035855,g2/20mA/0mA,53,98,0,0
18.812,SPO2,192,1,13905743,g2/18mA/0mA,53,98,0,0
18.812,SPO2,193,0,14035006,g2/20mA/0mA,53,98,0,0
18.812,SPO2,193,1,13905087,g2/18mA/0mA,53,98,0,0
18.812,SPO2,194,0,14035035,g2/20mA/0mA,53,98,0,0
18.812,SPO2,194,1,13905447,g2/18mA/0mA,53,98,0,0
18.812,SPO2,195,0,14034687,g2/20mA/0mA,53,98,0,0
18.812,SPO2,195,1,13905383,g2/18mA/0mA,53,98,0,0
18.812,SPO2,196,0,14034672,g2/20mA/0mA,53,98,0,0
18.812,SPO2,196,1,13905867,g2/18mA/0mA,53,98,0,0
18.812,SPO2,197,0,14035149,g2/20mA/0mA,53,98,0,0
18.812,SPO2,197,1,13906575,g2/18mA/0mA,53,98,0,0
18.812,SPO2,198,0,14035516,g2/20mA/0mA,53,98,0,0
18.812,SPO2,198,1,13907621,g2/18mA/0mA,53,98,0,0
18.812,SPO2,199,0,14035592,g2/20mA/0mA,53,98,0,0
18.812,SPO2,199,1,13908126,g2/18mA/0mA,53,98,0,0
18.812,SPO2,200,0,14035681,g2/20mA/0mA,53,98,0,0
18.812,SPO2,200,1,13908750,g2/18mA/0mA,53,98,0,0
18.812,SPO2,201,0,14035855,g2/20mA/0mA,53,98,0,0
18.812,SPO2,201,1,13909262,g2/18mA/0mA,53,98,0,0
18.812,SPO2,202,0,14035711,g2/20mA/0mA,53,98,0,0
18.812,SPO2,202,1,13909515,g2/18mA/0mA,53,98,0,0
18.812,SPO2,203,0,14036040,g2/20mA/0mA,53,98,0,0
18.812,SPO2,203,1,13910212,g2/18mA/0mA,53,98,0,0
18.812,SPO2,204,0,14036128,g2/20mA/0mA,53,98,0,0
18.812,SPO2,204,1,13910618,g2/18mA/0mA,53,98,0,0
18.812,SPO2,205,0,14036245,g2/20mA/0mA,53,98,0,0
18.812,SPO2,205,1,13911366,g2/18mA/0mA,53,98,0,0
18.812,SPO2,206,0,14036170,g2/20mA/0mA,53,98,0,0
18.812,SPO2,206,1,13911851,g2/18mA/0mA,53,98,0,0
18.812,SPO2,207,0,14036127,g2/20mA/0mA,53,98,0,0
18.812,SPO2,207,1,13912079,g2/18mA/0mA,53,98,0,0
18.812,SPO2,208,0,14036051,g2/20mA/0mA,53,98,0,0
18.812,SPO2,208,1,13912796,g2/18mA/0mA,53,98,0,0
18.812,SPO2,209,0,14036410,g2/20mA/0mA,53,98,0,0
18.812,SPO2,209,1,13913219,g2/18mA/0mA,53,98,0,0
19.981,HR,211,0,13259568,g5/29mA/29mA,53,98,0,0
19.981,HR,211,1,11869314,g5/29mA/29mA,53,98,0,0
19.981,HR,211,2,14544424,g5/29mA/29mA,53,98,0,0
19.981,HR,211,3,12259365,g4/29mA/29mA,53,98,0,0
19.981,HR,212,0,13233010,g5/29mA/29mA,53,98,0,0
19.981,HR,212,1,11853788,g5/29mA/29mA,53,98,0,0
19.981,HR,212,2,14520495,g5/29mA/29mA,53,98,0,0
19.981,HR,212,3,12245143,g4/29mA/29mA,53,98,0,0
19.981,HR,213,0,13210154,g5/29mA/29mA,53,98,0,0
19.981,HR,213,1,11835499,g5/29mA/29mA,53,98,0,0
19.981,HR,213,2,14494151,g5/29mA/29mA,53,98,0,0
19.981,HR,213,3,12228943,g4/29mA/29mA,53,98,0,0
19.981,HR,214,0,13198296,g5/29mA/29mA,53,98,0,0
19.981,HR,214,1,11824398,g5/29mA/29mA,53,98,0,0
19.981,HR,214,2,14478162,g5/29mA/29mA,53,98,0,0
19.981,HR,214,3,12219379,g4/29mA/29mA,53,98,0,0
19.981,HR,215,0,13193913,g5/29mA/29mA,53,98,0,0
19.981,HR,215,1,11818547,g5/29mA/29mA,53,98,0,0
19.981,HR,215,2,14470597,g5/29mA/29mA,53,98,0,0
19.981,HR,215,3,12215376,g4/29mA/29mA,53,98,0,0
19.981,HR,216,0,13191394,g5/29mA/29mA,53,98,0,0
19.981,HR,216,1,11814518,g5/29mA/29mA,53,98,0,0
19.981,HR,216,2,14464505,g5/29mA/29mA,53,98,0,0
19.981,HR,216,3,12212903,g4/29mA/29mA,53,98,0,0
20.012,HR,217,0,13190789,g5/29mA/29mA,53,98,0,0
20.012,HR,217,1,11812635,g5/29mA/29mA,53,98,0,0
20.012,HR,217,2,14462304,g5/29mA/29mA,53,98,0,0
20.012,HR,217,3,12211505,g4/29mA/29mA,53,98,0,0
20.012,HR,218,0,13191062,g5/29mA/29mA,53,98,0,0
20.012,HR,218,1,11811712,g5/29mA/29mA,53,98,0,0
20.012,HR,218,2,14461017,g5/29mA/29mA,53,98,0,0
20.012,HR,218,3,12211188,g4/29mA/29mA,53,98,0,0
20.012,HR,219,0,13191011,g5/29mA/29mA,53,98,0,0
20.012,HR,219,1,11810415,g5/29mA/29mA,53,98,0,0
20.012,HR,219,2,14459803,g5/29mA/29mA,53,98,0,0
20.012,HR,219,3,12210531,g4/29mA/29mA,53,98,0,0
20.012,HR,220,0,13190174,g5/29mA/29mA,53,98,0,0
20.012,HR,220,1,11809758,g5/29mA/29mA,53,98,0,0
20.012,HR,220,2,14457858,g5/29mA/29mA,53,98,0,0
20.012,HR,220,3,12209713,g4/29mA/29mA,53,98,0,0
20.012,HR,221,0,13188426,g5/29mA/29mA,53,98,0,0
20.012,HR,221,1,11808478,g5/29mA/29mA,53,98,0,0
20.012,HR,221,2,14455667,g5/29mA/29mA,53,98,0,0
20.012,HR,221,3,12208629,g4/29mA/29mA,53,98,0,0
20.012,HR,222,0,13187052,g5/29mA/29mA,53,98,0,0
20.012,HR,222,1,11807055,g5/29mA/29mA,53,98,0,0
20.012,HR,222,2,14453738,g5/29mA/29mA,53,98,0,0
20.012,HR,222,3,12207785,g4/29mA/29mA,53,98,0,0
20.013,HR,223,0,13187734,g5/29mA/29mA,53,98,0,0
20.013,HR,223,1,11806432,g5/29mA/29mA,53,98,0,0
20.013,HR,223,2,14453883,g5/29mA/29mA,53,98,0,0
20.013,HR,223,3,12208142,g4/29mA/29mA,53,98,0,0
20.013,HR,224,0,13189644,g5/29mA/29mA,53,98,0,0
20.013,HR,224,1,11807370,g5/29mA/29mA,53,98,0,0
20.013,HR,224,2,14456281,g5/29mA/29mA,53,98,0,0
20.013,HR,224,3,12209389,g4/29mA/29mA,53,98,0,0
20.013,HR,225,0,13192273,g5/29mA/29mA,53,98,0,0
20.013,HR,225,1,11808674,g5/29mA/29mA,53,98,0,0
20.013,HR,225,2,14458872,g5/29mA/29mA,53,98,0,0
20.013,HR,225,3,12211087,g4/29mA/29mA,53,98,0,0
20.013,HR,226,0,13196531,g5/29mA/29mA,53,98,0,0
20.013,HR,226,1,11810372,g5/29mA/29mA,53,98,0,0
20.013,HR,226,2,14461963,g5/29mA/29mA,53,98,0,0
20.013,HR,226,3,12213705,g4/29mA/29mA,53,98,0,0
20.013,HR,227,0,13200379,g5/29mA/29mA,53,98,0,0
20.013,HR,227,1,11812387,g5/29mA/29mA,53,98,0,0
20.013,HR,227,2,14465358,g5/29mA/29mA,53,98,0,0
20.013,HR,227,3,12215948,g4/29mA/29mA,53,98,0,0
20.013,HR,228,0,13203681,g5/29mA/29mA,53,98,0,0
20.013,HR,228,1,11815305,g5/29mA/29mA,53,98,0,0
20.013,HR,228,2,14469719,g5/29mA/29mA,53,98,0,0
20.013,HR,228,3,12218603,g4/29mA/29mA,53,98,0,0
20.013,HR,229,0,13207246,g5/29mA/29mA,53,98,0,0
20.013,HR,229,1,11816856,g5/29mA/29mA,53,98,0,0
20.013,HR,229,2,14473557,g5/29mA/29mA,53,98,0,0
20.013,HR,229,3,12220411,g4/29mA/29mA,53,98,0,0
20.014,HR,230,0,13211145,g5/29mA/29mA,53,98,0,0
20.014,HR,230,1,11818913,g5/29mA/29mA,53,98,0,0
20.014,HR,230,2,14477070,g5/29mA/29mA,53,98,0,0
20.014,HR,230,3,12223404,g4/29mA/29mA,53,98,0,0
20.014,HR,231,0,13214745,g5/29mA/29mA,53,98,0,0
20.014,HR,231,1,11821590,g5/29mA/29mA,53,98,0,0
20.014,HR,231,2,14481209,g5/29mA/29mA,53,98,0,0
20.014,HR,231,3,12225690,g4/29mA/29mA,53,98,0,0
20.014,HR,232,0,13218763,g5/29mA/29mA,53,98,0,0
20.014,HR,232,1,11823894,g5/29mA/29mA,53,98,0,0
20.014,HR,232,2,14485559,g5/29mA/29mA,53,98,0,0
20.014,HR,232,3,12228472,g4/29mA/29mA,53,98,0,0
20.014,HR,233,0,13222355,g5/29mA/29mA,53,98,0,0
20.014,HR,233,1,11825951,g5/29mA/29mA,53,98,0,0
20.014,HR,233,2,14490832,g5/29mA/29mA,53,98,0,0
20.014,HR,233,3,12231637,g4/29mA/29mA,53,98,0,0
20.014,HR,234,0,13226270,g5/29mA/29mA,53,98,0,0
20.014,HR,234,1,11829150,g5/29mA/29mA,53,98,0,0
20.014,HR,234,2,14495268,g5/29mA/29mA,53,98,0,0
20.014,HR,234,3,12234939,g4/29mA/29mA,53,98,0,0
20.014,HR,235,0,13231500,g5/29mA/29mA,53,98,0,0
20.014,HR,235,1,11831812,g5/29mA/29mA,53,98,0,0
20.014,HR,235,2,14500054,g5/29mA/29mA,53,98,0,0
20.014,HR,235,3,12237943,g4/29mA/29mA,53,98,0,0
20.014,HR,236,0,13235545,g5/29mA/29mA,53,98,0,0
20.014,HR,236,1,11833884,g5/29mA/29mA,53,98,0,0
20.014,HR,236,2,14506393,g5/29mA/29mA,53,98,0,0
20.014,HR,236,3,12240759,g4/29mA/29mA,53,98,0,0
20.042,HR,237,0,13237062,g5/29mA/29mA,53,98,0,0
20.042,HR,237,1,11836215,g5/29mA/29mA,53,98,0,0
20.042,HR,237,2,14510557,g5/29mA/29mA,53,98,0,0
20.042,HR,237,3,12242950,g4/29mA/29mA,53,98,0,0
20.042,HR,238,0,13218771,g5/29mA/29mA,53,98,0,0
20.042,HR,238,1,11826855,g5/29mA/29mA,53,98,0,0
20.042,HR,238,2,14499652,g5/29mA/29mA,53,98,0,0
20.042,HR,238,3,12236143,g4/29mA/29mA,53,98,0,0
20.042,HR,239,0,13191668,g5/29mA/29mA,53,98,0,0
20.042,HR,239,1,11808301,g5/29mA/29mA,53,98,0,0
20.042,HR,239,2,14471466,g5/29mA/29mA,53,98,0,0
20.042,HR,239,3,12219165,g4/29mA/29mA,53,98,0,0
20.042,HR,240,0,13171678,g5/29mA/29mA,53,98,0,0
20.042,HR,240,1,11792611,g5/29mA/29mA,53,98,0,0
20.043,HR,240,2,14447586,g5/29mA/29mA,53,98,0,0
20.043,HR,240,3,12203706,g4/29mA/29mA,53,98,0,0
20.043,HR,241,0,13162140,g5/29mA/29mA,53,98,0,0
20.043,HR,241,1,11783475,g5/29mA/29mA,53,98,0,0
20.043,HR,241,2,14434814,g5/29mA/29mA,53,98,0,0
20.043,HR,241,3,12195789,g4/29mA/29mA,53,98,0,0
20.043,HR,242,0,13157023,g5/29mA/29mA,53,98,0,0
20.043,HR,242,1,11778166,g5/29mA/29mA,53,98,0,0
20.043,HR,242,2,14427197,g5/29mA/29mA,53,98,0,0
20.043,HR,242,3,12192181,g4/29mA/29mA,53,98,0,0
20.043,HR,243,0,13155181,g5/29mA/29mA,54,98,0,0
20.043,HR,243,1,11775310,g5/29mA/29mA,54,98,0,0
20.043,HR,243,2,14421567,g5/29mA/29mA,54,98,0,0
20.043,HR,243,3,12189766,g4/29mA/29mA,54,98,0,0
20.104,SPO2,210,0,14036043,g2/20mA/0mA,54,98,0,0
20.104,SPO2,210,1,13913433,g2/18mA/0mA,54,98,0,0
20.104,SPO2,211,0,14035068,g2/20mA/0mA,54,98,0,0
20.104,SPO2,211,1,13911145,g2/18mA/0mA,54,98,0,0
20.104,SPO2,212,0,14032739,g2/20mA/0mA,54,98,0,0
20.104,SPO2,212,1,13906178,g2/18mA/0mA,54,98,0,0
20.104,SPO2,213,0,14030840,g2/20mA/0mA,54,98,0,0
20.104,SPO2,213,1,13902679,g2/18mA/0mA,54,98,0,0
20.104,SPO2,214,0,14029546,g2/20mA/0mA,54,98,0,0
20.104,SPO2,214,1,13901186,g2/18mA/0mA,54,98,0,0
20.104,SPO2,215,0,14029063,g2/20mA/0mA,54,98,0,0
20.104,SPO2,215,1,13900521,g2/18mA/0mA,54,98,0,0
20.104,SPO2,216,0,14028638,g2/20mA/0mA,54,98,0,0
20.104,SPO2,216,1,13900326,g2/18mA/0mA,54,98,0,0
20.104,SPO2,217,0,14028407,g2/20mA/0mA,54,98,0,0
20.104,SPO2,217,1,13900357,g2/18mA/0mA,54,98,0,0
20.162,SPO2,218,0,14028475,g2/20mA/0mA,54,98,0,0
20.162,SPO2,218,1,13900881,g2/18mA/0mA,54,98,0,0
20.162,SPO2,219,0,14028254,g2/20mA/0mA,54,98,0,0
20.162,SPO2,219,1,13900873,g2/18mA/0mA,54,98,0,0
20.162,SPO2,220,0,14027835,g2/20mA/0mA,54,98,0,0
20.162,SPO2,220,1,13900436,g2/18mA/0mA,54,98,0,0
20.162,SPO2,221,0,14027379,g2/20mA/0mA,54,98,0,0
20.162,SPO2,221,1,13899974,g2/18mA/0mA,54,98,0,0
20.162,SPO2,222,0,14026824,g2/20mA/0mA,54,98,0,0
20.162,SPO2,222,1,13899520,g2/18mA/0mA,54,98,0,0
20.162,SPO2,223,0,14026132,g2/20mA/0mA,54,98,0,0
20.162,SPO2,223,1,13899320,g2/18mA/0mA,54,98,0,0
20.162,SPO2,224,0,14026122,g2/20mA/0mA,54,98,0,0
20.162,SPO2,224,1,13899667,g2/18mA/0mA,54,98,0,0
20.162,SPO2,225,0,14025711,g2/20mA/0mA,54,98,0,0
20.162,SPO2,225,1,13899829,g2/18mA/0mA,54,98,0,0
20.167,SPO2,226,0,14026040,g2/20mA/0mA,54,98,0,0
20.167,SPO2,226,1,13900577,g2/18mA/0mA,54,98,0,0
20.167,SPO2,227,0,14025897,g2/20mA/0mA,54,98,0,0
20.167,SPO2,227,1,13900933,g2/18mA/0mA,54,98,0,0
20.167,SPO2,228,0,14025705,g2/20mA/0mA,54,98,0,0
20.167,SPO2,228,1,13901114,g2/18mA/0mA,54,98,0,0
20.167,SPO2,229,0,14025609,g2/20mA/0mA,54,98,0,0
20.167,SPO2,229,1,13901375,g2/18mA/0mA,54,98,0,0
20.167,SPO2,230,0,14025513,g2/20mA/0mA,54,98,0,0
20.167,SPO2,230,1,13901792,g2/18mA/0mA,54,98,0,0
20.167,SPO2,231,0,14025101,g2/20mA/0mA,54,98,0,0
20.167,SPO2,231,1,13901931,g2/18mA/0mA,54,98,0,0
20.167,SPO2,232,0,14024904,g2/20mA/0mA,54,98,0,0
20.167,SPO2,232,1,13901982,g2/18mA/0mA,54,98,0,0
20.167,SPO2,233,0,14024161,g2/20mA/0mA,54,98,0,0
20.167,SPO2,233,1,13901891,g2/18mA/0mA,54,98,0,0
20.167,SPO2,234,0,14023894,g2/20mA/0mA,54,98,0,0
20.167,SPO2,234,1,13901832,g2/18mA/0mA,54,98,0,0
20.168,SPO2,235,0,14023727,g2/20mA/0mA,54,98,0,0
20.168,SPO2,235,1,13902299,g2/18mA/0mA,54,98,0,0
20.168,SPO2,236,0,14022950,g2/20mA/0mA,54,98,0,0
20.168,SPO2,236,1,13902083,g2/18mA/0mA,54,98,0,0
20.168,SPO2,237,0,14022383,g2/20mA/0mA,54,98,0,0
20.168,SPO2,237,1,13901487,g2/18mA/0mA,54,98,0,0
20.168,SPO2,238,0,14020242,g2/20mA/0mA,54,98,0,0
20.168,SPO2,238,1,13897807,g2/18mA/0mA,54,98,0,0
20.168,SPO2,239,0,14017382,g2/20mA/0mA,54,98,0,0
20.168,SPO2,239,1,13892487,g2/18mA/0mA,54,98,0,0
20.168,SPO2,240,0,14015344,g2/20mA/0mA,54,98,0,0
20.168,SPO2,240,1,13889687,g2/18mA/0mA,54,98,0,0
20.168,SPO2,241,0,14014375,g2/20mA/0mA,54,98,0,0
20.168,SPO2,241,1,13888435,g2/18mA/0mA,54,98,0,0
20.168,SPO2,242,0,14013643,g2/20mA/0mA,54,98,0,0
20.168,SPO2,242,1,13887900,g2/18mA/0mA,54,98,0,0
20.168,SPO2,243,0,14012865,g2/20mA/0mA,54,98,0,0
20.168,SPO2,243,1,13887562,g2/18mA/0mA,54,98,0,0
21.303,HR,244,0,13154685,g5/29mA/29mA,54,98,0,0
21.303,HR,244,1,11773636,g5/29mA/29mA,54,98,0,0
21.303,HR,244,2,14420193,g5/29mA/29mA,54,98,0,0
21.303,HR,244,3,12188905,g4/29mA/29mA,54,98,0,0
21.303,HR,245,0,13154590,g5/29mA/29mA,54,98,0,0
21.303,HR,245,1,11772981,g5/29mA/29mA,54,98,0,0
21.303,HR,245,2,14419656,g5/29mA/29mA,54,98,0,0
21.303,HR,245,3,12188946,g4/29mA/29mA,54,98,0,0
21.303,HR,246,0,13154070,g5/29mA/29mA,54,98,0,0
21.303,HR,246,1,11771700,g5/29mA/29mA,54,98,0,0
21.303,HR,246,2,14418335,g5/29mA/29mA,54,98,0,0
21.303,HR,246,3,12189416,g4/29mA/29mA,54,98,0,0
21.303,HR,247,0,13152929,g5/29mA/29mA,54,98,0,0
21.303,HR,247,1,11771445,g5/29mA/29mA,54,98,0,0
21.303,HR,247,2,14416721,g5/29mA/29mA,54,98,0,0
21.303,HR,247,3,12188581,g4/29mA/29mA,54,98,0,0
21.303,HR,248,0,13151767,g5/29mA/29mA,54,98,0,0
21.303,HR,248,1,11769577,g5/29mA/29mA,54,98,0,0
21.303,HR,248,2,14415612,g5/29mA/29mA,54,98,0,0
21.303,HR,248,3,12188197,g4/29mA/29mA,54,98,0,0
21.303,HR,249,0,13151613,g5/29mA/29mA,54,98,0,0
21.303,HR,249,1,11768409,g5/29mA/29mA,54,98,0,0
21.303,HR,249,2,14414724,g5/29mA/29mA,54,98,0,0
21.303,HR,249,3,12188086,g4/29mA/29mA,54,98,0,0
21.303,HR,250,0,13153491,g5/29mA/29mA,54,98,0,0
21.303,HR,250,1,11769363,g5/29mA/29mA,54,98,0,0
21.303,HR,250,2,14415774,g5/29mA/29mA,54,98,0,0
21.303,HR,250,3,12188683,g4/29mA/29mA,54,98,0,0
21.449,HR,251,0,13156631,g5/29mA/29mA,54,98,0,0
21.449,HR,251,1,11770173,g5/29mA/29mA,54,98,0,0
21.449,HR,251,2,14418256,g5/29mA/29mA,54,98,0,0
21.449,HR,251,3,12190585,g4/29mA/29mA,54,98,0,0
21.449,HR,252,0,13160878,g5/29mA/29mA,54,98,0,0
21.449,HR,252,1,11771316,g5/29mA/29mA,54,98,0,0
21.449,HR,252,2,14422112,g5/29mA/29mA,54,98,0,0
21.449,HR,252,3,12193034,g4/29mA/29mA,54,98,0,0
21.449,HR,253,0,13166911,g5/29mA/29mA,54,98,0,0
21.449,HR,253,1,11775028,g5/29mA/29mA,54,98,0,0
21.449,HR,253,2,14427019,g5/29mA/29mA,54,98,0,0
21.449,HR,253,3,12197146,g4/29mA/29mA,54,98,0,0
21.449,HR,254,0,13171551,g5/29mA/29mA,54,98,0,0
21.449,HR,254,1,11779046,g5/29mA/29mA,54,98,0,0
21.449,HR,254,2,14431932,g5/29mA/29mA,54,98,0,0
21.449,HR,254,3,12200438,g4/29mA/29mA,54,98,0,0
21.449,HR,255,0,13176882,g5/29mA/29mA,54,98,0,0
21.449,HR,255,1,11781486,g5/29mA/29mA,54,98,0,0
21.449,HR,255,2,14436428,g5/29mA/29mA,54,98,0,0
21.449,HR,255,3,12202622,g4/29mA/29mA,54,98,0,0
21.449,HR,0,0,13182478,g5/29mA/29mA,54,98,0,0
21.449,HR,0,1,11785162,g5/29mA/29mA,54,98,0,0
21.449,HR,0,2,14441146,g5/29mA/29mA,54,98,0,0
21.449,HR,0,3,12205078,g4/29mA/29mA,54,98,0,0
21.449,HR,1,0,13188084,g5/29mA/29mA,54,98,0,0
21.449,HR,1,1,11789011,g5/29mA/29mA,54,98,0,0
21.449,HR,1,2,14446922,g5/29mA/29mA,54,98,0,0
21.449,HR,1,3,12208210,g4/29mA/29mA,54,98,0,0
21.480,HR,2,0,13193204,g5/29mA/29mA,54,98,0,0
21.480,HR,2,1,11792832,g5/29mA/29mA,54,98,0,0
21.480,HR,2,2,14451946,g5/29mA/29mA,54,98,0,0
21.480,HR,2,3,12212152,g4/29mA/29mA,54,98,0,0
21.480,HR,3,0,13198383,g5/29mA/29mA,54,98,0,0
21.480,HR,3,1,11796305,g5/29mA/29mA,54,98,0,0
21.480,HR,3,2,14457200,g5/29mA/29mA,54,98,0,0
21.480,HR,3,3,12215188,g4/29mA/29mA,54,98,0,0
21.480,HR,4,0,13203576,g5/29mA/29mA,54,98,0,0
21.480,HR,4,1,11799845,g5/29mA/29mA,54,98,0,0
21.480,HR,4,2,14464026,g5/29mA/29mA,54,98,0,0
21.480,HR,4,3,12219080,g4/29mA/29mA,54,98,0,0
21.480,HR,5,0,13208995,g5/29mA/29mA,54,98,0,0
21.480,HR,5,1,11804513,g5/29mA/29mA,54,98,0,0
21.480,HR,5,2,14469528,g5/29mA/29mA,54,98,0,0
21.480,HR,5,3,12223167,g4/29mA/29mA,54,98,0,0
21.480,HR,6,0,13214590,g5/29mA/29mA,54,98,0,0
21.480,HR,6,1,11808358,g5/29mA/29mA,54,98,0,0
21.480,HR,6,2,14474682,g5/29mA/29mA,54,98,0,0
21.480,HR,6,3,12226296,g4/29mA/29mA,54,98,0,0
21.480,HR,7,0,13220085,g5/29mA/29mA,54,98,0,0
21.480,HR,7,1,11812514,g5/29mA/29mA,54,98,0,0
21.480,HR,7,2,14480978,g5/29mA/29mA,54,98,0,0
21.480,HR,7,3,12229684,g4/29mA/29mA,54,98,0,0
21.630,HR,8,0,13225494,g5/29mA/29mA,54,98,0,0
21.631,HR,8,1,11817421,g5/29mA/29mA,54,98,0,0
21.631,HR,8,2,14487155,g5/29mA/29mA,54,98,0,0
21.631,HR,8,3,12233319,g4/29mA/29mA,54,98,0,0
21.631,HR,9,0,13215419,g5/29mA/29mA,54,98,0,0
21.631,HR,9,1,11814126,g5/29mA/29mA,54,98,0,0
21.631,HR,9,2,14483411,g5/29mA/29mA,54,98,0,0
21.631,HR,9,3,12230058,g4/29mA/29mA,54,98,0,0
21.631,HR,10,0,13188954,g5/29mA/29mA,54,98,0,0
21.631,HR,10,1,11797790,g5/29mA/29mA,54,98,0,0
21.631,HR,10,2,14460401,g5/29mA/29mA,54,98,0,0
21.631,HR,10,3,12215539,g4/29mA/29mA,54,98,0,0
21.631,HR,11,0,13163472,g5/29mA/29mA,54,98,0,0
21.631,HR,11,1,11779208,g5/29mA/29mA,54,98,0,0
21.631,HR,11,2,14431275,g5/29mA/29mA,54,98,0,0
21.631,HR,11,3,12197606,g4/29mA/29mA,54,98,0,0
21.631,HR,12,0,13149770,g5/29mA/29mA,54,98,0,0
21.631,HR,12,1,11766583,g5/29mA/29mA,54,98,0,0
21.631,HR,12,2,14412660,g5/29mA/29mA,54,98,0,0
21.631,HR,12,3,12186141,g4/29mA/29mA,54,98,0,0
21.631,HR,13,0,13144277,g5/29mA/29mA,54,98,0,0
21.631,HR,13,1,11761677,g5/29mA/29mA,54,98,0,0
21.631,HR,13,2,14403557,g5/29mA/29mA,54,98,0,0
21.631,HR,13,3,12180869,g4/29mA/29mA,54,98,0,0
21.632,HR,14,0,13141581,g5/29mA/29mA,54,98,0,0
21.632,HR,14,1,11758111,g5/29mA/29mA,54,98,0,0
21.632,HR,14,2,14397885,g5/29mA/29mA,54,98,0,0
21.632,HR,14,3,12178854,g4/29mA/29mA,54,98,0,0
21.633,HR,15,0,13141173,g5/29mA/29mA,54,98,0,0
21.633,HR,15,1,11755713,g5/29mA/29mA,54,98,0,0
21.633,HR,15,2,14394370,g5/29mA/29mA,54,98,0,0
21.633,HR,15,3,12177165,g4/29mA/29mA,54,98,0,0
21.633,HR,16,0,13141888,g5/29mA/29mA,54,98,0,0
21.633,HR,16,1,11756115,g5/29mA/29mA,54,98,0,0
21.633,HR,16,2,14393661,g5/29mA/29mA,54,98,0,0
21.633,HR,16,3,12176652,g4/29mA/29mA,54,98,0,0
21.633,HR,17,0,13142732,g5/29mA/29mA,54,98,0,0
21.633,HR,17,1,11756310,g5/29mA/29mA,54,98,0,0
21.633,HR,17,2,14393858,g5/29mA/29mA,54,98,0,0
21.633,HR,17,3,12176628,g4/29mA/29mA,54,98,0,0
21.633,HR,18,0,13142264,g5/29mA/29mA,54,98,0,0
21.633,HR,18,1,11755440,g5/29mA/29mA,54,98,0,0
21.633,HR,18,2,14391717,g5/29mA/29mA,54,98,0,0
21.633,HR,18,3,12175981,g4/29mA/29mA,54,98,0,0
21.633,HR,19,0,13140760,g5/29mA/29mA,54,98,0,0
21.633,HR,19,1,11753964,g5/29mA/29mA,54,98,0,0
21.633,HR,19,2,14389029,g5/29mA/29mA,54,98,0,0
21.633,HR,19,3,12174581,g4/29mA/29mA,54,98,0,0
21.633,HR,20,0,13140157,g5/29mA/29mA,54,98,0,0
21.633,HR,20,1,11754082,g5/29mA/29mA,54,98,0,0
21.633,HR,20,2,14388109,g5/29mA/29mA,54,98,0,0
21.633,HR,20,3,12173497,g4/29mA/29mA,54,98,0,0
21.634,SPO2,244,0,14012114,g2/20mA/0mA,54,98,0,0
21.634,SPO2,244,1,13887106,g2/18mA/0mA,54,98,0,0
21.634,SPO2,245,0,14011883,g2/20mA/0mA,54,98,0,0
21.634,SPO2,245,1,13887428,g2/18mA/0mA,54,98,0,0
21.634,SPO2,246,0,14011020,g2/20mA/0mA,54,98,0,0
21.634,SPO2,246,1,13886861,g2/18mA/0mA,54,98,0,0
21.634,SPO2,247,0,14010177,g2/20mA/0mA,54,98,0,0
21.634,SPO2,247,1,13886186,g2/18mA/0mA,54,98,0,0
21.634,SPO2,248,0,14009987,g2/20mA/0mA,54,98,0,0
21.634,SPO2,248,1,13885841,g2/18mA/0mA,54,98,0,0
21.634,SPO2,249,0,14009503,g2/20mA/0mA,54,98,0,0
21.634,SPO2,249,1,13885800,g2/18mA/0mA,54,98,0,0
21.634,SPO2,250,0,14009126,g2/20mA/0mA,54,98,0,0
21.634,SPO2,250,1,13886059,g2/18mA/0mA,54,98,0,0
21.634,SPO2,251,0,14009380,g2/20mA/0mA,54,98,0,0
21.634,SPO2,251,1,13886849,g2/18mA/0mA,54,98,0,0
21.634,SPO2,252,0,14009757,g2/20mA/0mA,54,98,0,0
21.634,SPO2,252,1,13887586,g2/18mA/0mA,54,98,0,0
21.635,SPO2,253,0,14009619,g2/20mA/0mA,54,98,0,0
21.635,SPO2,253,1,13888246,g2/18mA/0mA,54,98,0,0
21.635,SPO2,254,0,14009700,g2/20mA/0mA,54,98,0,0
21.635,SPO2,254,1,13888607,g2/18mA/0mA,54,98,0,0
21.635,SPO2,255,0,14010463,g2/20mA/0mA,54,98,0,0
21.635,SPO2,255,1,13889802,g2/18mA/0mA,54,98,0,0
21.635,SPO2,0,0,14010915,g2/20mA/0mA,54,98,0,0
21.635,SPO2,0,1,13890829,g2/18mA/0mA,54,98,0,0
21.635,SPO2,1,0,14011286,g2/20mA/0mA,54,98,0,0
21.635,SPO2,1,1,13891756,g2/18mA/0mA,54,98,0,0
21.635,SPO2,2,0,14011651,g2/20mA/0mA,54,98,0,0
21.635,SPO2,2,1,13892454,g2/18mA/0mA,54,98,0,0
21.635,SPO2,3,0,14011852,g2/20mA/0mA,54,98,0,0
21.635,SPO2,3,1,13893099,g2/18mA/0mA,54,98,0,0
21.635,SPO2,4,0,14011509,g2/20mA/0mA,54,98,0,0
21.635,SPO2,4,1,13893153,g2/18mA/0mA,54,98,0,0
21.635,SPO2,5,0,14011486,g2/20mA/0mA,54,98,0,0
21.635,SPO2,5,1,13893678,g2/18mA/0mA,54,98,0,0
21.635,SPO2,6,0,14011931,g2/20mA/0mA,54,98,0,0
21.635,SPO2,6,1,13894650,g2/18mA/0mA,54,98,0,0
21.635,SPO2,7,0,14011606,g2/20mA/0mA,54,98,0,0
21.635,SPO2,7,1,13894983,g2/18mA/0mA,54,98,0,0
21.635,SPO2,8,0,14012195,g2/20mA/0mA,54,98,0,0
21.635,SPO2,8,1,13895754,g2/18mA/0mA,54,98,0,0
21.635,SPO2,9,0,14011357,g2/20mA/0mA,54,98,0,0
21.635,SPO2,9,1,13893992,g2/18mA/0mA,54,98,0,0
21.635,SPO2,10,0,14008627,g2/20mA/0mA,54,98,0,0
21.635,SPO2,10,1,13888539,g2/18mA/0mA,54,98,0,0
21.635,SPO2,11,0,14005828,g2/20mA/0mA,54,98,0,0
21.635,SPO2,11,1,13884272,g2/18mA/0mA,54,98,0,0
21.635,SPO2,12,0,14004359,g2/20mA/0mA,54,98,0,0
21.635,SPO2,12,1,13882268,g2/18mA/0mA,54,98,0,0
21.661,SPO2,13,0,14003854,g2/20mA/0mA,54,98,0,0
21.661,SPO2,13,1,13881990,g2/18mA/0mA,54,98,0,0
21.661,SPO2,14,0,14003456,g2/20mA/0mA,54,98,0,0
21.661,SPO2,14,1,13881582,g2/18mA/0mA,54,98,0,0
21.661,SPO2,15,0,14003279,g2/20mA/0mA,54,98,0,0
21.661,SPO2,15,1,13881715,g2/18mA/0mA,54,98,0,0
21.661,SPO2,16,0,14002998,g2/20mA/0mA,54,98,0,0
21.661,SPO2,16,1,13881848,g2/18mA/0mA,54,98,0,0
21.661,SPO2,17,0,14002861,g2/20mA/0mA,54,98,0,0
21.661,SPO2,17,1,13882013,g2/18mA/0mA,54,98,0,0
21.661,SPO2,18,0,14002732,g2/20mA/0mA,54,98,0,0
21.661,SPO2,18,1,13881834,g2/18mA/0mA,54,98,0,0
21.661,SPO2,19,0,14001923,g2/20mA/0mA,54,98,0,0
21.661,SPO2,19,1,13881519,g2/18mA/0mA,54,98,0,0
21.661,SPO2,20,0,14001666,g2/20mA/0mA,54,98,0,0
21.661,SPO2,20,1,13881398,g2/18mA/0mA,54,98,0,0
22.653,HR,21,0,13140899,g5/29mA/29mA,54,98,0,0
22.653,HR,21,1,11754578,g5/29mA/29mA,54,98,0,0
22.653,HR,21,2,14387254,g5/29mA/29mA,54,98,0,0
22.653,HR,21,3,12173455,g4/29mA/29mA,54,98,0,0
22.653,HR,22,0,13144089,g5/29mA/29mA,54,98,0,0
22.653,HR,22,1,11754887,g5/29mA/29mA,54,98,0,0
22.653,HR,22,2,14389080,g5/29mA/29mA,54,98,0,0
22.653,HR,22,3,12174026,g4/29mA/29mA,54,98,0,0
22.653,HR,23,0,13147801,g5/29mA/29mA,54,98,0,0
22.653,HR,23,1,11757053,g5/29mA/29mA,54,98,0,0
22.653,HR,23,2,14392757,g5/29mA/29mA,54,98,0,0
22.653,HR,23,3,12176569,g4/29mA/29mA,54,98,0,0
22.653,HR,24,0,13152143,g5/29mA/29mA,54,98,0,0
22.653,HR,24,1,11760219,g5/29mA/29mA,54,98,0,0
22.653,HR,24,2,14397049,g5/29mA/29mA,54,98,0,0
22.653,HR,24,3,12179784,g4/29mA/29mA,54,98,0,0
22.653,HR,25,0,13156620,g5/29mA/29mA,54,98,0,0
22.653,HR,25,1,11762871,g5/29mA/29mA,54,98,0,0
22.653,HR,25,2,14401451,g5/29mA/29mA,54,98,0,0
22.653,HR,25,3,12182950,g4/29mA/29mA,54,98,0,0
22.653,HR,26,0,13160844,g5/29mA/29mA,54,98,0,0
22.653,HR,26,1,11765635,g5/29mA/29mA,54,98,0,0
22.653,HR,26,2,14406594,g5/29mA/29mA,54,98,0,0
22.653,HR,26,3,12185527,g4/29mA/29mA,54,98,0,0
22.680,HR,27,0,13165264,g5/29mA/29mA,54,98,0,0
22.680,HR,27,1,11769508,g5/29mA/29mA,54,98,0,0
22.680,HR,27,2,14411004,g5/29mA/29mA,54,98,0,0
22.680,HR,27,3,12187923,g4/29mA/29mA,54,98,0,0
22.680,HR,28,0,13169546,g5/29mA/29mA,54,98,0,0
22.680,HR,28,1,11772085,g5/29mA/29mA,54,98,0,0
22.680,HR,28,2,14415843,g5/29mA/29mA,54,98,0,0
22.680,HR,28,3,12190226,g4/29mA/29mA,54,98,0,0
22.680,HR,29,0,13173599,g5/29mA/29mA,54,98,0,0
22.680,HR,29,1,11775481,g5/29mA/29mA,54,98,0,0
22.680,HR,29,2,14421132,g5/29mA/29mA,54,98,0,0
22.680,HR,29,3,12193255,g4/29mA/29mA,54,98,0,0
22.680,HR,30,0,13178053,g5/29mA/29mA,54,98,0,0
22.680,HR,30,1,11779702,g5/29mA/29mA,54,98,0,0
22.680,HR,30,2,14426208,g5/29mA/29mA,54,98,0,0
22.680,HR,30,3,12196888,g4/29mA/29mA,54,98,0,0
22.680,HR,31,0,13181899,g5/29mA/29mA,54,98,0,0
22.680,HR,31,1,11782195,g5/29mA/29mA,54,98,0,0
22.680,HR,31,2,14430541,g5/29mA/29mA,54,98,0,0
22.680,HR,31,3,12199441,g4/29mA/29mA,54,98,0,0
22.680,HR,32,0,13186950,g5/29mA/29mA,54,98,0,0
22.680,HR,32,1,11785155,g5/29mA/29mA,54,98,0,0
22.680,HR,32,2,14435754,g5/29mA/29mA,54,98,0,0
22.680,HR,32,3,12202598,g4/29mA/29mA,54,98,0,0
22.680,HR,33,0,13192008,g5/29mA/29mA,54,98,0,0
22.680,HR,33,1,11789071,g5/29mA/29mA,54,98,0,0
22.680,HR,33,2,14441231,g5/29mA/29mA,54,98,0,0
22.680,HR,33,3,12206196,g4/29mA/29mA,54,98,0,0
22.681,HR,34,0,13196940,g5/29mA/29mA,54,98,0,0
22.681,HR,34,1,11792023,g5/29mA/29mA,54,98,0,0
22.681,HR,34,2,14447366,g5/29mA/29mA,54,98,0,0
22.681,HR,34,3,12209457,g4/29mA/29mA,54,98,0,0
22.681,HR,35,0,13193033,g5/29mA/29mA,54,98,0,0
22.681,HR,35,1,11792569,g5/29mA/29mA,54,98,0,0
22.681,HR,35,2,14449566,g5/29mA/29mA,54,98,0,0
22.681,HR,35,3,12209815,g4/29mA/29mA,54,98,0,0
22.682,HR,36,0,13171551,g5/29mA/29mA,54,98,0,0
22.682,HR,36,1,11778968,g5/29mA/29mA,54,98,0,0
22.682,HR,36,2,14430840,g5/29mA/29mA,54,98,0,0
22.682,HR,36,3,12198254,g4/29mA/29mA,54,98,0,0
22.682,HR,37,0,13144857,g5/29mA/29mA,54,99,0,0
22.682,HR,37,1,11760125,g5/29mA/29mA,54,99,0,0
22.682,HR,37,2,14400367,g5/29mA/29mA,54,99,0,0
22.682,HR,37,3,12179630,g4/29mA/29mA,54,99,0,0
22.682,HR,38,0,13126702,g5/29mA/29mA,54,99,0,0
22.682,HR,38,1,11745544,g5/29mA/29mA,54,99,0,0
22.682,HR,38,2,14377102,g5/29mA/29mA,54,99,0,0
22.682,HR,38,3,12165520,g4/29mA/29mA,54,99,0,0
22.683,HR,39,0,13119025,g5/29mA/29mA,54,99,0,0
22.683,HR,39,1,11737114,g5/29mA/29mA,54,99,0,0
22.683,HR,39,2,14365535,g5/29mA/29mA,54,99,0,0
22.683,HR,39,3,12158739,g4/29mA/29mA,54,99,0,0
22.683,HR,40,0,13116175,g5/29mA/29mA,54,99,0,0
22.683,HR,40,1,11732370,g5/29mA/29mA,54,99,0,0
22.683,HR,40,2,14359842,g5/29mA/29mA,54,99,0,0
22.683,HR,40,3,12155760,g4/29mA/29mA,54,99,0,0
22.683,HR,41,0,13114997,g5/29mA/29mA,54,99,0,0
22.683,HR,41,1,11730957,g5/29mA/29mA,54,99,0,0
22.683,HR,41,2,14357274,g5/29mA/29mA,54,99,0,0
22.683,HR,41,3,12154498,g4/29mA/29mA,54,99,0,0
22.683,HR,42,0,13115508,g5/29mA/29mA,54,99,0,0
22.683,HR,42,1,11730589,g5/29mA/29mA,54,99,0,0
22.683,HR,42,2,14356559,g5/29mA/29mA,54,99,0,0
22.683,HR,42,3,12153713,g4/29mA/29mA,54,99,0,0
22.683,HR,43,0,13116107,g5/29mA/29mA,54,99,0,0
22.683,HR,43,1,11729726,g5/29mA/29mA,54,99,0,0
22.683,HR,43,2,14356431,g5/29mA/29mA,54,99,0,0
22.683,HR,43,3,12153840,g4/29mA/29mA,54,99,0,0
22.683,HR,44,0,13115415,g5/29mA/29mA,54,99,0,0
22.683,HR,44,1,11729420,g5/29mA/29mA,54,99,0,0
22.683,HR,44,2,14355603,g5/29mA/29mA,54,99,0,0
22.683,HR,44,3,12153466,g4/29mA/29mA,54,99,0,0
22.683,HR,45,0,13114246,g5/29mA/29mA,54,99,0,0
22.683,HR,45,1,11728728,g5/29mA/29mA,54,99,0,0
22.683,HR,45,2,14353949,g5/29mA/29mA,54,99,0,0
22.683,HR,45,3,12152527,g4/29mA/29mA,54,99,0,0
22.712,HR,46,0,13113418,g5/29mA/29mA,54,99,0,0
22.712,HR,46,1,11727321,g5/29mA/29mA,54,99,0,0
22.712,HR,46,2,14353317,g5/29mA/29mA,54,99,0,0
22.712,HR,46,3,12151836,g4/29mA/29mA,54,99,0,0
22.712,HR,47,0,13113335,g5/29mA/29mA,54,99,0,0
22.712,HR,47,1,11726468,g5/29mA/29mA,54,99,0,0
22.712,HR,47,2,14353847,g5/29mA/29mA,54,99,0,0
22.712,HR,47,3,12151990,g4/29mA/29mA,54,99,0,0
22.712,HR,48,0,13115415,g5/29mA/29mA,54,99,0,0
22.712,HR,48,1,11727151,g5/29mA/29mA,54,99,0,0
22.712,HR,48,2,14356269,g5/29mA/29mA,54,99,0,0
22.712,HR,48,3,12153790,g4/29mA/29mA,54,99,0,0
22.712,HR,49,0,13119210,g5/29mA/29mA,54,99,0,0
22.712,HR,49,1,11728619,g5/29mA/29mA,54,99,0,0
22.712,HR,49,2,14359733,g5/29mA/29mA,54,99,0,0
22.712,HR,49,3,12156024,g4/29mA/29mA,54,99,0,0
22.712,HR,50,0,13123785,g5/29mA/29mA,54,99,0,0
22.712,HR,50,1,11731330,g5/29mA/29mA,54,99,0,0
22.712,HR,50,2,14365294,g5/29mA/29mA,54,99,0,0
22.712,HR,50,3,12159472,g4/29mA/29mA,54,99,0,0
22.712,HR,51,0,13128793,g5/29mA/29mA,54,99,0,0
22.712,HR,51,1,11735111,g5/29mA/29mA,54,99,0,0
22.712,HR,51,2,14371113,g5/29mA/29mA,54,99,0,0
22.712,HR,51,3,12162960,g4/29mA/29mA,54,99,0,0
22.712,HR,52,0,13133382,g5/29mA/29mA,54,99,0,0
22.712,HR,52,1,11738292,g5/29mA/29mA,54,99,0,0
22.712,HR,52,2,14377170,g5/29mA/29mA,54,99,0,0
22.712,HR,52,3,12166432,g4/29mA/29mA,54,99,0,0
22.713,HR,53,0,13138825,g5/29mA/29mA,54,99,0,0
22.713,HR,53,1,11741432,g5/29mA/29mA,54,99,0,0
22.713,HR,53,2,14382980,g5/29mA/29mA,54,99,0,0
22.713,HR,53,3,12169488,g4/29mA/29mA,54,99,0,0
22.713,HR,54,0,13143748,g5/29mA/29mA,54,99,0,0
22.713,HR,54,1,11745612,g5/29mA/29mA,54,99,0,0
22.713,HR,54,2,14388312,g5/29mA/29mA,54,99,0,0
22.713,HR,54,3,12173071,g4/29mA/29mA,54,99,0,0
22.713,SPO2,21,0,14001625,g2/20mA/0mA,54,99,0,0
22.713,SPO2,21,1,13881667,g2/18mA/0mA,54,99,0,0
22.713,SPO2,22,0,14001798,g2/20mA/0mA,54,99,0,0
22.713,SPO2,22,1,13882278,g2/18mA/0mA,54,99,0,0
22.713,SPO2,23,0,14001628,g2/20mA/0mA,54,99,0,0
22.713,SPO2,23,1,13882553,g2/18mA/0mA,54,99,0,0
22.713,SPO2,24,0,14001632,g2/20mA/0mA,54,99,0,0
22.713,SPO2,24,1,13883055,g2/18mA/0mA,54,99,0,0
22.713,SPO2,25,0,14001650,g2/20mA/0mA,54,99,0,0
22.713,SPO2,25,1,13883423,g2/18mA/0mA,54,99,0,0
22.713,SPO2,26,0,14001795,g2/20mA/0mA,54,99,0,0
22.713,SPO2,26,1,13884281,g2/18mA/0mA,54,99,0,0
22.713,SPO2,27,0,14002176,g2/20mA/0mA,54,99,0,0
22.713,SPO2,27,1,13884827,g2/18mA/0mA,54,99,0,0
22.713,SPO2,28,0,14001878,g2/20mA/0mA,54,99,0,0
22.713,SPO2,28,1,13884970,g2/18mA/0mA,54,99,0,0
22.713,SPO2,29,0,14001436,g2/20mA/0mA,54,99,0,0
22.713,SPO2,29,1,13885022,g2/18mA/0mA,54,99,0,0
22.739,SPO2,30,0,14001925,g2/20mA/0mA,54,99,0,0
22.739,SPO2,30,1,13885784,g2/18mA/0mA,54,99,0,0
22.739,SPO2,31,0,14001506,g2/20mA/0mA,54,99,0,0
22.739,SPO2,31,1,13885647,g2/18mA/0mA,54,99,0,0
22.739,SPO2,32,0,14001506,g2/20mA/0mA,54,99,0,0
22.739,SPO2,32,1,13886271,g2/18mA/0mA,54,99,0,0
22.739,SPO2,33,0,14001380,g2/20mA/0mA,54,99,0,0
22.739,SPO2,33,1,13886732,g2/18mA/0mA,54,99,0,0
22.739,SPO2,34,0,14001042,g2/20mA/0mA,54,99,0,0
22.739,SPO2,34,1,13886520,g2/18mA/0mA,54,99,0,0
22.739,SPO2,35,0,14000202,g2/20mA/0mA,54,99,0,0
22.739,SPO2,35,1,13885497,g2/18mA/0mA,54,99,0,0
22.739,SPO2,36,0,13998080,g2/20mA/0mA,54,99,0,0
22.739,SPO2,36,1,13881147,g2/18mA/0mA,54,99,0,0
22.739,SPO2,37,0,13995951,g2/20mA/0mA,54,99,98,0
22.739,SPO2,37,1,13876830,g2/18mA/0mA,54,99,98,0
22.769,SPO2,38,0,13994135,g2/20mA/0mA,54,99,98,0
22.769,SPO2,38,1,13874452,g2/18mA/0mA,54,99,98,0
22.769,SPO2,39,0,13992863,g2/20mA/0mA,54,99,98,0
22.769,SPO2,39,1,13873217,g2/18mA/0mA,54,99,98,0
22.769,SPO2,40,0,13992656,g2/20mA/0mA,54,99,98,0
22.769,SPO2,40,1,13873263,g2/18mA/0mA,54,99,98,0
22.769,SPO2,41,0,13992236,g2/20mA/0mA,54,99,98,0
22.769,SPO2,41,1,13873161,g2/18mA/0mA,54,99,98,0
22.770,SPO2,42,0,13992319,g2/20mA/0mA,54,99,98,0
22.770,SPO2,42,1,13873625,g2/18mA/0mA,54,99,98,0
22.770,SPO2,43,0,13992268,g2/20mA/0mA,54,99,98,0
22.770,SPO2,43,1,13873850,g2/18mA/0mA,54,99,98,0
22.770,SPO2,44,0,13991709,g2/20mA/0mA,54,99,98,0
22.770,SPO2,44,1,13873505,g2/18mA/0mA,54,99,98,0
22.770,SPO2,45,0,13991963,g2/20mA/0mA,54,99,98,0
22.770,SPO2,45,1,13873701,g2/18mA/0mA,54,99,98,0
22.770,SPO2,46,0,13991262,g2/20mA/0mA,54,99,98,0
22.770,SPO2,46,1,13873318,g2/18mA/0mA,54,99,98,0
22.770,SPO2,47,0,13990664,g2/20mA/0mA,54,99,98,0
22.770,SPO2,47,1,13873209,g2/18mA/0mA,54,99,98,0
22.770,SPO2,48,0,13990708,g2/20mA/0mA,54,99,98,0
22.770,SPO2,48,1,13873344,g2/18mA/0mA,54,99,98,0
22.770,SPO2,49,0,13990915,g2/20mA/0mA,54,99,98,0
22.770,SPO2,49,1,13874009,g2/18mA/0mA,54,99,98,0
22.770,SPO2,50,0,13990774,g2/20mA/0mA,54,99,98,0
22.770,SPO2,50,1,13874531,g2/18mA/0mA,54,99,98,0
22.770,SPO2,51,0,13990824,g2/20mA/0mA,54,99,98,0
22.770,SPO2,51,1,13875250,g2/18mA/0mA,54,99,98,0
22.770,SPO2,52,0,13990703,g2/20mA/0mA,54,99,98,0
22.770,SPO2,52,1,13875507,g2/18mA/0mA,54,99,98,0
22.770,SPO2,53,0,13990765,g2/20mA/0mA,54,99,98,0
22.770,SPO2,53,1,13876065,g2/18mA/0mA,54,99,98,0
23.973,HR,55,0,13148517,g5/29mA/29mA,54,99,98,0
23.973,HR,55,1,11748181,g5/29mA/29mA,54,99,98,0
23.973,HR,55,2,14393601,g5/29mA/29mA,54,99,98,0
23.974,HR,55,3,12176143,g4/29mA/29mA,54,99,98,0
23.974,HR,56,0,13153064,g5/29mA/29mA,54,99,98,0
23.974,HR,56,1,11751480,g5/29mA/29mA,54,99,98,0
23.974,HR,56,2,14399565,g5/29mA/29mA,54,99,98,0
23.974,HR,56,3,12179878,g4/29mA/29mA,54,99,98,0
23.974,HR,57,0,13157730,g5/29mA/29mA,54,99,98,0
23.974,HR,57,1,11754594,g5/29mA/29mA,54,99,98,0
23.974,HR,57,2,14406023,g5/29mA/29mA,54,99,98,0
23.974,HR,57,3,12183230,g4/29mA/29mA,54,99,98,0
23.974,HR,58,0,13163258,g5/29mA/29mA,54,99,98,0
23.974,HR,58,1,11758144,g5/29mA/29mA,54,99,98,0
23.974,HR,58,2,14412130,g5/29mA/29mA,54,99,98,0
23.974,HR,58,3,12186908,g4/29mA/29mA,54,99,98,0
23.974,HR,59,0,13168189,g5/29mA/29mA,54,99,98,0
23.974,HR,59,1,11761771,g5/29mA/29mA,54,99,98,0
23.974,HR,59,2,14418325,g5/29mA/29mA,54,99,98,0
23.974,HR,59,3,12190798,g4/29mA/29mA,54,99,98,0
23.974,HR,60,0,13173974,g5/29mA/29mA,54,99,98,0
23.974,HR,60,1,11765804,g5/29mA/29mA,54,99,98,0
23.974,HR,60,2,14425005,g5/29mA/29mA,54,99,98,0
23.974,HR,60,3,12193955,g4/29mA/29mA,54,99,98,0
24.003,HR,61,0,13179459,g5/29mA/29mA,54,99,98,0
24.003,HR,61,1,11769696,g5/29mA/29mA,54,99,98,0
24.003,HR,61,2,14432624,g5/29mA/29mA,54,99,98,0
24.003,HR,61,3,12198247,g4/29mA/29mA,54,99,98,0
24.003,HR,62,0,13175476,g5/29mA/29mA,54,99,98,0
24.003,HR,62,1,11769979,g5/29mA/29mA,54,99,98,0
24.003,HR,62,2,14434176,g5/29mA/29mA,54,99,98,0
24.003,HR,62,3,12198247,g4/29mA/29mA,54,99,98,0
24.003,HR,63,0,13150964,g5/29mA/29mA,54,99,98,0
24.003,HR,63,1,11753855,g5/29mA/29mA,54,99,98,0
24.003,HR,63,2,14414453,g5/29mA/29mA,54,99,98,0
24.003,HR,63,3,12184656,g4/29mA/29mA,54,99,98,0
24.003,HR,64,0,13122215,g5/29mA/29mA,54,99,98,0
24.003,HR,64,1,11733789,g5/29mA/29mA,54,99,98,0
24.003,HR,64,2,14383398,g5/29mA/29mA,54,99,98,0
24.003,HR,64,3,12165084,g4/29mA/29mA,54,99,98,0
24.003,HR,65,0,13104368,g5/29mA/29mA,54,99,98,0
24.003,HR,65,1,11718235,g5/29mA/29mA,54,99,98,0
24.003,HR,65,2,14359886,g5/29mA/29mA,54,99,98,0
24.003,HR,65,3,12150540,g4/29mA/29mA,54,99,98,0
24.003,HR,66,0,13095162,g5/29mA/29mA,54,99,98,0
24.003,HR,66,1,11709790,g5/29mA/29mA,54,99,98,0
24.003,HR,66,2,14348496,g5/29mA/29mA,54,99,98,0
24.003,HR,66,3,12143398,g4/29mA/29mA,54,99,98,0
24.003,HR,67,0,13091374,g5/29mA/29mA,54,99,98,0
24.003,HR,67,1,11704807,g5/29mA/29mA,54,99,98,0
24.003,HR,67,2,14341193,g5/29mA/29mA,54,99,98,0
24.003,HR,67,3,12139935,g4/29mA/29mA,54,99,98,0
24.003,HR,68,0,13089319,g5/29mA/29mA,54,99,98,0
24.003,HR,68,1,11702853,g5/29mA/29mA,54,99,98,0
24.003,HR,68,2,14337347,g5/29mA/29mA,54,99,98,0
24.003,HR,68,3,12137113,g4/29mA/29mA,54,99,98,0
24.003,HR,69,0,13089156,g5/29mA/29mA,54,99,98,0
24.003,HR,69,1,11701575,g5/29mA/29mA,54,99,98,0
24.003,HR,69,2,14336220,g5/29mA/29mA,54,99,98,0
24.003,HR,69,3,12136413,g4/29mA/29mA,54,99,98,0
24.003,HR,70,0,13089736,g5/29mA/29mA,54,99,98,0
24.003,HR,70,1,11700491,g5/29mA/29mA,54,99,98,0
24.003,HR,70,2,14336229,g5/29mA/29mA,54,99,98,0
24.003,HR,70,3,12136284,g4/29mA/29mA,54,99,98,0
24.003,HR,71,0,13089319,g5/29mA/29mA,54,99,98,0
24.003,HR,71,1,11700671,g5/29mA/29mA,54,99,98,0
24.003,HR,71,2,14334606,g5/29mA/29mA,54,99,98,0
24.003,HR,71,3,12135516,g4/29mA/29mA,54,99,98,0
24.003,HR,72,0,13087594,g5/29mA/29mA,54,99,98,0
24.003,HR,72,1,11699689,g5/29mA/29mA,54,99,98,0
24.003,HR,72,2,14333498,g5/29mA/29mA,54,99,98,0
24.003,HR,72,3,12134474,g4/29mA/29mA,54,99,98,0
24.003,HR,73,0,13087203,g5/29mA/29mA,54,99,98,0
24.003,HR,73,1,11697658,g5/29mA/29mA,54,99,98,0
24.003,HR,73,2,14332399,g5/29mA/29mA,54,99,98,0
24.003,HR,73,3,12133273,g4/29mA/29mA,54,99,98,0
24.061,HR,74,0,13087218,g5/29mA/29mA,54,99,98,0
24.061,HR,74,1,11697351,g5/29mA/29mA,54,99,98,0
24.061,HR,74,2,14331536,g5/29mA/29mA,54,99,98,0
24.061,HR,74,3,12133077,g4/29mA/29mA,54,99,98,0
24.061,HR,75,0,13089337,g5/29mA/29mA,54,99,98,0
24.061,HR,75,1,11698784,g5/29mA/29mA,54,99,98,0
24.061,HR,75,2,14334274,g5/29mA/29mA,54,99,98,0
24.061,HR,75,3,12134561,g4/29mA/29mA,54,99,98,0
24.061,HR,76,0,13092884,g5/29mA/29mA,54,99,98,0
24.061,HR,76,1,11700679,g5/29mA/29mA,54,99,98,0
24.061,HR,76,2,14337339,g5/29mA/29mA,54,99,98,0
24.061,HR,76,3,12136515,g4/29mA/29mA,54,99,98,0
24.061,HR,77,0,13097363,g5/29mA/29mA,54,99,98,0
24.061,HR,77,1,11703537,g5/29mA/29mA,54,99,98,0
24.061,HR,77,2,14341970,g5/29mA/29mA,54,99,98,0
24.061,HR,77,3,12139637,g4/29mA/29mA,54,99,98,0
24.061,HR,78,0,13102347,g5/29mA/29mA,54,99,98,0
24.061,HR,78,1,11707314,g5/29mA/29mA,54,99,98,0
24.061,HR,78,2,14347747,g5/29mA/29mA,54,99,98,0
24.061,HR,78,3,12142947,g4/29mA/29mA,54,99,98,0
24.061,HR,79,0,13107089,g5/29mA/29mA,54,99,98,0
24.061,HR,79,1,11710567,g5/29mA/29mA,54,99,98,0
24.061,HR,79,2,14352881,g5/29mA/29mA,54,99,98,0
24.061,HR,79,3,12146120,g4/29mA/29mA,54,99,98,0
24.061,HR,80,0,13111611,g5/29mA/29mA,54,99,98,0
24.061,HR,80,1,11713850,g5/29mA/29mA,54,99,98,0
24.061,HR,80,2,14358564,g5/29mA/29mA,54,99,98,0
24.061,HR,80,3,12149106,g4/29mA/29mA,54,99,98,0
24.089,HR,81,0,13116200,g5/29mA/29mA,54,99,98,0
24.089,HR,81,1,11717228,g5/29mA/29mA,54,99,98,0
24.089,HR,81,2,14363494,g5/29mA/29mA,54,99,98,0
24.089,HR,81,3,12152793,g4/29mA/29mA,54,99,98,0
24.089,HR,82,0,13120859,g5/29mA/29mA,54,99,98,0
24.089,HR,82,1,11720471,g5/29mA/29mA,54,99,98,0
24.089,HR,82,2,14368563,g5/29mA/29mA,54,99,98,0
24.089,HR,82,3,12156136,g4/29mA/29mA,54,99,98,0
24.089,HR,83,0,13125185,g5/29mA/29mA,54,99,98,0
24.089,HR,83,1,11723567,g5/29mA/29mA,54,99,98,0
24.089,HR,83,2,14374031,g5/29mA/29mA,54,99,98,0
24.090,HR,83,3,12159574,g4/29mA/29mA,54,99,98,0
24.090,HR,84,0,13130397,g5/29mA/29mA,54,99,98,0
24.090,HR,84,1,11727064,g5/29mA/29mA,54,99,98,0
24.090,HR,84,2,14379832,g5/29mA/29mA,54,99,98,0
24.090,HR,84,3,12163363,g4/29mA/29mA,54,99,98,0
24.090,HR,85,0,13134559,g5/29mA/29mA,54,99,98,0
24.090,HR,85,1,11730955,g5/29mA/29mA,54,99,98,0
24.090,HR,85,2,14385471,g5/29mA/29mA,54,99,98,0
24.090,HR,85,3,12167004,g4/29mA/29mA,54,99,98,0
24.090,HR,86,0,13139892,g5/29mA/29mA,54,99,98,0
24.090,HR,86,1,11734222,g5/29mA/29mA,54,99,98,0
24.090,HR,86,2,14391340,g5/29mA/29mA,54,99,98,0
24.090,HR,86,3,12170571,g4/29mA/29mA,54,99,98,0
24.094,HR,87,0,13145505,g5/29mA/29mA,54,99,98,0
24.094,HR,87,1,11738549,g5/29mA/29mA,54,99,98,0
24.094,HR,87,2,14397979,g5/29mA/29mA,54,99,98,0
24.094,HR,87,3,12174034,g4/29mA/29mA,54,99,98,0
24.151,SPO2,54,0,13990818,g2/20mA/0mA,54,99,98,0
24.151,SPO2,54,1,13876617,g2/18mA/0mA,54,99,98,0
24.151,SPO2,55,0,13990903,g2/20mA/0mA,54,99,98,0
24.151,SPO2,55,1,13877007,g2/18mA/0mA,54,99,98,0
24.151,SPO2,56,0,13990577,g2/20mA/0mA,54,99,98,0
24.151,SPO2,56,1,13877363,g2/18mA/0mA,54,99,98,0
24.151,SPO2,57,0,13990505,g2/20mA/0mA,54,99,98,0
24.151,SPO2,57,1,13877589,g2/18mA/0mA,54,99,98,0
24.151,SPO2,58,0,13990336,g2/20mA/0mA,54,99,98,0
24.151,SPO2,58,1,13878065,g2/18mA/0mA,54,99,98,0
24.151,SPO2,59,0,13990529,g2/20mA/0mA,54,99,98,0
24.151,SPO2,59,1,13878622,g2/18mA/0mA,54,99,98,0
24.151,SPO2,60,0,13990403,g2/20mA/0mA,54,99,98,0
24.151,SPO2,60,1,13879017,g2/18mA/0mA,54,99,98,0
24.151,SPO2,61,0,13990260,g2/20mA/0mA,54,99,98,0
24.151,SPO2,61,1,13879431,g2/18mA/0mA,54,99,98,0
24.180,SPO2,62,0,13989986,g2/20mA/0mA,54,99,98,0
24.180,SPO2,62,1,13878616,g2/18mA/0mA,54,99,98,0
24.180,SPO2,63,0,13987657,g2/20mA/0mA,54,99,98,0
24.180,SPO2,63,1,13873882,g2/18mA/0mA,54,99,98,0
24.180,SPO2,64,0,13984511,g2/20mA/0mA,54,99,98,0
24.180,SPO2,64,1,13868447,g2/18mA/0mA,54,99,98,0
24.180,SPO2,65,0,13982916,g2/20mA/0mA,54,99,98,0
24.180,SPO2,65,1,13866176,g2/18mA/0mA,54,99,98,0
24.180,SPO2,66,0,13982001,g2/20mA/0mA,54,99,98,0
24.180,SPO2,66,1,13865246,g2/18mA/0mA,54,99,98,0
24.180,SPO2,67,0,13981729,g2/20mA/0mA,54,99,98,0
24.180,SPO2,67,1,13864894,g2/18mA/0mA,54,99,98,0
24.180,SPO2,68,0,13981327,g2/20mA/0mA,54,99,98,0
24.180,SPO2,68,1,13864851,g2/18mA/0mA,54,99,98,0
24.180,SPO2,69,0,13981175,g2/20mA/0mA,54,99,98,0
24.180,SPO2,69,1,13865178,g2/18mA/0mA,54,99,98,0
24.181,SPO2,70,0,13980978,g2/20mA/0mA,54,99,98,0
24.181,SPO2,70,1,13865355,g2/18mA/0mA,54,99,98,0
24.181,SPO2,71,0,13980442,g2/20mA/0mA,54,99,98,0
24.181,SPO2,71,1,13865153,g2/18mA/0mA,54,99,98,0
24.181,SPO2,72,0,13979896,g2/20mA/0mA,54,99,98,0
24.181,SPO2,72,1,13864609,g2/18mA/0mA,54,99,98,0
24.181,SPO2,73,0,13979690,g2/20mA/0mA,54,99,98,0
24.181,SPO2,73,1,13864507,g2/18mA/0mA,54,99,98,0
24.181,SPO2,74,0,13979332,g2/20mA/0mA,54,99,98,0
24.181,SPO2,74,1,13864512,g2/18mA/0mA,54,99,98,0
24.181,SPO2,75,0,13979548,g2/20mA/0mA,54,99,98,0
24.181,SPO2,75,1,13865142,g2/18mA/0mA,54,99,98,0
24.181,SPO2,76,0,13979642,g2/20mA/0mA,54,99,98,0
24.181,SPO2,76,1,13865462,g2/18mA/0mA,54,99,98,0
24.181,SPO2,77,0,13979579,g2/20mA/0mA,54,99,98,0
24.181,SPO2,77,1,13866024,g2/18mA/0mA,54,99,98,0
24.181,SPO2,78,0,13979539,g2/20mA/0mA,54,99,98,0
24.181,SPO2,78,1,13866540,g2/18mA/0mA,54,99,98,0
24.184,SPO2,79,0,13979415,g2/20mA/0mA,54,99,98,0
24.184,SPO2,79,1,13866995,g2/18mA/0mA,54,99,98,0
24.184,SPO2,80,0,13979254,g2/20mA/0mA,54,99,98,0
24.184,SPO2,80,1,13867248,g2/18mA/0mA,54,99,98,0
24.184,SPO2,81,0,13979251,g2/20mA/0mA,54,99,98,0
24.184,SPO2,81,1,13867440,g2/18mA/0mA,54,99,98,0
24.184,SPO2,82,0,13979336,g2/20mA/0mA,54,99,98,0
24.184,SPO2,82,1,13867847,g2/18mA/0mA,54,99,98,0
24.184,SPO2,83,0,13979281,g2/20mA/0mA,54,99,98,0
24.184,SPO2,83,1,13868365,g2/18mA/0mA,54,99,98,0
24.184,SPO2,84,0,13979080,g2/20mA/0mA,54,99,98,0
24.184,SPO2,84,1,13868568,g2/18mA/0mA,54,99,98,0
24.184,SPO2,85,0,13978760,g2/20mA/0mA,54,99,98,0
24.184,SPO2,85,1,13868728,g2/18mA/0mA,54,99,98,0
24.184,SPO2,86,0,13979026,g2/20mA/0mA,54,99,98,0
24.184,SPO2,86,1,13869407,g2/18mA/0mA,54,99,98,0
24.185,SPO2,87,0,13978802,g2/20mA/0mA,54,99,98,0
24.185,SPO2,87,1,13869793,g2/18mA/0mA,54,99,98,0
25.320,HR,88,0,13151195,g5/29mA/29mA,54,99,98,0
25.320,HR,88,1,11743531,g5/29mA/29mA,54,99,98,0
25.320,HR,88,2,14404709,g5/29mA/29mA,54,99,98,0
25.320,HR,88,3,12178060,g4/29mA/29mA,54,99,98,0
25.320,HR,89,0,13146955,g5/29mA/29mA,54,99,98,0
25.320,HR,89,1,11742899,g5/29mA/29mA,54,99,98,0
25.320,HR,89,2,14405664,g5/29mA/29mA,54,99,98,0
25.320,HR,89,3,12177533,g4/29mA/29mA,54,99,98,0
25.320,HR,90,0,13122633,g5/29mA/29mA,54,99,98,0
25.320,HR,90,1,11726586,g5/29mA/29mA,54,99,98,0
25.320,HR,90,2,14382656,g5/29mA/29mA,54,99,98,0
25.320,HR,90,3,12163558,g4/29mA/29mA,54,99,98,0
25.320,HR,91,0,13094463,g5/29mA/29mA,54,99,98,0
25.320,HR,91,1,11706327,g5/29mA/29mA,54,99,98,0
25.320,HR,91,2,14350203,g5/29mA/29mA,54,99,98,0
25.320,HR,91,3,12143910,g4/29mA/29mA,54,99,98,0
25.320,HR,92,0,13075950,g5/29mA/29mA,54,99,98,0
25.320,HR,92,1,11690560,g5/29mA/29mA,54,99,98,0
25.320,HR,92,2,14328200,g5/29mA/29mA,54,99,98,0
25.320,HR,92,3,12128818,g4/29mA/29mA,54,99,98,0
25.320,HR,93,0,13069151,g5/29mA/29mA,54,99,98,0
25.320,HR,93,1,11682362,g5/29mA/29mA,54,99,98,0
25.320,HR,93,2,14317605,g5/29mA/29mA,54,99,98,0
25.320,HR,93,3,12122565,g4/29mA/29mA,54,99,98,0
25.321,HR,94,0,13066045,g5/29mA/29mA,54,99,98,0
25.321,HR,94,1,11679154,g5/29mA/29mA,54,99,98,0
25.321,HR,94,2,14312785,g5/29mA/29mA,54,99,98,0
25.321,HR,94,3,12119972,g4/29mA/29mA,54,99,98,0
25.321,HR,95,0,13064569,g5/29mA/29mA,54,99,98,0
25.321,HR,95,1,11677381,g5/29mA/29mA,54,99,98,0
25.322,HR,95,2,14309995,g5/29mA/29mA,54,99,98,0
25.322,HR,95,3,12118496,g4/29mA/29mA,54,99,98,0
25.322,HR,96,0,13064937,g5/29mA/29mA,54,99,98,0
25.322,HR,96,1,11676339,g5/29mA/29mA,54,99,98,0
25.322,HR,96,2,14310285,g5/29mA/29mA,54,99,98,0
25.322,HR,96,3,12118036,g4/29mA/29mA,54,99,98,0
25.322,HR,97,0,13065260,g5/29mA/29mA,54,99,98,0
25.322,HR,97,1,11676996,g5/29mA/29mA,54,99,98,0
25.322,HR,97,2,14310243,g5/29mA/29mA,54,99,98,0
25.322,HR,97,3,12118489,g4/29mA/29mA,54,99,98,0
25.322,HR,98,0,13065080,g5/29mA/29mA,54,99,98,0
25.322,HR,98,1,11676765,g5/29mA/29mA,54,99,98,0
25.322,HR,98,2,14309339,g5/29mA/29mA,54,99,98,0
25.322,HR,98,3,12117635,g4/29mA/29mA,54,99,98,0
25.322,HR,99,0,13062949,g5/29mA/29mA,54,99,98,0
25.322,HR,99,1,11674581,g5/29mA/29mA,54,99,98,0
25.322,HR,99,2,14306598,g5/29mA/29mA,54,99,98,0
25.322,HR,99,3,12116576,g4/29mA/29mA,54,99,98,0
25.322,HR,100,0,13062290,g5/29mA/29mA,54,99,98,0
25.322,HR,100,1,11673635,g5/29mA/29mA,54,99,98,0
25.322,HR,100,2,14305738,g5/29mA/29mA,54,99,98,0
25.322,HR,100,3,12115759,g4/29mA/29mA,54,99,98,0
25.322,HR,101,0,13062572,g5/29mA/29mA,54,99,98,0
25.322,HR,101,1,11673728,g5/29mA/29mA,54,99,98,0
25.322,HR,101,2,14307087,g5/29mA/29mA,54,99,98,0
25.322,HR,101,3,12116337,g4/29mA/29mA,54,99,98,0
25.322,HR,102,0,13064407,g5/29mA/29mA,54,99,98,0
25.322,HR,102,1,11673779,g5/29mA/29mA,54,99,98,0
25.322,HR,102,2,14310096,g5/29mA/29mA,54,99,98,0
25.322,HR,102,3,12117642,g4/29mA/29mA,54,99,98,0
25.322,HR,103,0,13068647,g5/29mA/29mA,54,99,98,0
25.322,HR,103,1,11675630,g5/29mA/29mA,54,99,98,0
25.322,HR,103,2,14314824,g5/29mA/29mA,54,99,98,0
25.322,HR,103,3,12120526,g4/29mA/29mA,54,99,98,0
25.322,HR,104,0,13073646,g5/29mA/29mA,54,99,98,0
25.322,HR,104,1,11679930,g5/29mA/29mA,54,99,98,0
25.322,HR,104,2,14319755,g5/29mA/29mA,54,99,98,0
25.322,HR,104,3,12124288,g4/29mA/29mA,54,99,98,0
25.322,HR,105,0,13078083,g5/29mA/29mA,54,99,98,0
25.322,HR,105,1,11683018,g5/29mA/29mA,54,99,98,0
25.322,HR,105,2,14325489,g5/29mA/29mA,54,99,98,0
25.322,HR,105,3,12128127,g4/29mA/29mA,54,99,98,0
25.322,HR,106,0,13083373,g5/29mA/29mA,54,99,98,0
25.322,HR,106,1,11685639,g5/29mA/29mA,54,99,98,0
25.322,HR,106,2,14331581,g5/29mA/29mA,54,99,98,0
25.322,HR,106,3,12130969,g4/29mA/29mA,54,99,98,0
25.323,HR,107,0,13087937,g5/29mA/29mA,54,99,98,0
25.323,HR,107,1,11690185,g5/29mA/29mA,54,99,98,0
25.323,HR,107,2,14337568,g5/29mA/29mA,54,99,98,0
25.323,HR,107,3,12134809,g4/29mA/29mA,54,99,98,0
25.323,HR,108,0,13093062,g5/29mA/29mA,54,99,98,0
25.323,HR,108,1,11694537,g5/29mA/29mA,54,99,98,0
25.323,HR,108,2,14343112,g5/29mA/29mA,54,99,98,0
25.323,HR,108,3,12138562,g4/29mA/29mA,54,99,98,0
25.323,HR,109,0,13098055,g5/29mA/29mA,54,99,98,0
25.323,HR,109,1,11696788,g5/29mA/29mA,54,99,98,0
25.323,HR,109,2,14349111,g5/29mA/29mA,54,99,98,0
25.323,HR,109,3,12142076,g4/29mA/29mA,54,99,98,0
25.323,HR,110,0,13103275,g5/29mA/29mA,54,99,98,0
25.323,HR,110,1,11700413,g5/29mA/29mA,54,99,98,0
25.323,HR,110,2,14355433,g5/29mA/29mA,54,99,98,0
25.323,HR,110,3,12145684,g4/29mA/29mA,54,99,98,0
25.323,HR,111,0,13108436,g5/29mA/29mA,54,99,98,0
25.323,HR,111,1,11705601,g5/29mA/29mA,54,99,98,0
25.323,HR,111,2,14361617,g5/29mA/29mA,54,99,98,0
25.323,HR,111,3,12150173,g4/29mA/29mA,54,99,98,0
25.323,HR,112,0,13113547,g5/29mA/29mA,54,99,98,0
25.323,HR,112,1,11709336,g5/29mA/29mA,54,99,98,0
25.323,HR,112,2,14368323,g5/29mA/29mA,54,99,98,0
25.323,HR,112,3,12153772,g4/29mA/29mA,54,99,98,0
25.326,HR,113,0,13119681,g5/29mA/29mA,54,99,98,0
25.326,HR,113,1,11713278,g5/29mA/29mA,54,99,98,0
25.326,HR,113,2,14374916,g5/29mA/29mA,54,99,98,0
25.326,HR,113,3,12158013,g4/29mA/29mA,54,99,98,0
25.326,HR,114,0,13125414,g5/29mA/29mA,54,99,98,0
25.326,HR,114,1,11717937,g5/29mA/29mA,54,99,98,0
25.326,HR,114,2,14381897,g5/29mA/29mA,54,99,98,0
25.326,HR,114,3,12162373,g4/29mA/29mA,54,99,98,0
25.326,HR,115,0,13131224,g5/29mA/29mA,54,99,98,0
25.326,HR,115,1,11721732,g5/29mA/29mA,54,99,98,0
25.326,HR,115,2,14389319,g5/29mA/29mA,54,99,98,0
25.326,HR,115,3,12166562,g4/29mA/29mA,54,99,98,0
25.326,HR,116,0,13131429,g5/29mA/29mA,54,99,98,0
25.326,HR,116,1,11723080,g5/29mA/29mA,54,99,98,0
25.326,HR,116,2,14393362,g5/29mA/29mA,54,99,98,0
25.326,HR,116,3,12168114,g4/29mA/29mA,54,99,98,0
25.326,HR,117,0,13110910,g5/29mA/29mA,54,99,98,0
25.326,HR,117,1,11711078,g5/29mA/29mA,54,99,98,0
25.326,HR,117,2,14378101,g5/29mA/29mA,54,99,98,0
25.326,HR,117,3,12157739,g4/29mA/29mA,54,99,98,0
25.326,HR,118,0,13080275,g5/29mA/29mA,54,99,98,0
25.326,HR,118,1,11689877,g5/29mA/29mA,54,99,98,0
25.326,HR,118,2,14346048,g5/29mA/29mA,54,99,98,0
25.326,HR,118,3,12137188,g4/29mA/29mA,54,99,98,0
25.386,HR,119,0,13059357,g5/29mA/29mA,54,99,98,0
25.386,HR,119,1,11671270,g5/29mA/29mA,54,99,98,0
25.386,HR,119,2,14320240,g5/29mA/29mA,54,99,98,0
25.386,HR,119,3,12120193,g4/29mA/29mA,54,99,98,0
25.386,HR,120,0,13049972,g5/29mA/29mA,54,99,98,0
25.386,HR,120,1,11661801,g5/29mA/29mA,54,99,98,0
25.386,HR,120,2,14308066,g5/29mA/29mA,54,99,98,0
25.386,HR,120,3,12111910,g4/29mA/29mA,54,99,98,0
25.387,SPO2,88,0,13977924,g2/20mA/0mA,54,99,98,0
25.387,SPO2,88,1,13869724,g2/18mA/0mA,54,99,98,0
25.387,SPO2,89,0,13977060,g2/20mA/0mA,54,99,98,0
25.387,SPO2,89,1,13868268,g2/18mA/0mA,54,99,98,0
25.387,SPO2,90,0,13974535,g2/20mA/0mA,54,99,98,0
25.387,SPO2,90,1,13863208,g2/18mA/0mA,54,99,98,0
25.387,SPO2,91,0,13971512,g2/20mA/0mA,54,99,98,0
25.387,SPO2,91,1,13858161,g2/18mA/0mA,54,99,98,0
25.387,SPO2,92,0,13969475,g2/20mA/0mA,54,99,98,0
25.387,SPO2,92,1,13855632,g2/18mA/0mA,54,99,98,0
25.387,SPO2,93,0,13968745,g2/20mA/0mA,54,99,98,0
25.387,SPO2,93,1,13855046,g2/18mA/0mA,54,99,98,0
25.387,SPO2,94,0,13968378,g2/20mA/0mA,54,99,98,0
25.387,SPO2,94,1,13854716,g2/18mA/0mA,54,99,98,0
25.387,SPO2,95,0,13968552,g2/20mA/0mA,54,99,98,0
25.387,SPO2,95,1,13855114,g2/18mA/0mA,54,99,98,0
25.387,SPO2,96,0,13968421,g2/20mA/0mA,54,99,98,0
25.387,SPO2,96,1,13855528,g2/18mA/0mA,54,99,98,0
25.413,SPO2,97,0,13968338,g2/20mA/0mA,54,99,98,0
25.413,SPO2,97,1,13855630,g2/18mA/0mA,54,99,98,0
25.413,SPO2,98,0,13968229,g2/20mA/0mA,54,99,98,0
25.413,SPO2,98,1,13855654,g2/18mA/0mA,54,99,98,0
25.413,SPO2,99,0,13967810,g2/20mA/0mA,54,99,98,0
25.413,SPO2,99,1,13855446,g2/18mA/0mA,54,99,98,0
25.413,SPO2,100,0,13967653,g2/20mA/0mA,54,99,98,0
25.413,SPO2,100,1,13855375,g2/18mA/0mA,54,99,98,0
25.413,SPO2,101,0,13967056,g2/20mA/0mA,54,99,98,0
25.413,SPO2,101,1,13854970,g2/18mA/0mA,54,99,98,0
25.413,SPO2,102,0,13967090,g2/20mA/0mA,54,99,98,0
25.413,SPO2,102,1,13855425,g2/18mA/0mA,54,99,98,0
25.413,SPO2,103,0,13967253,g2/20mA/0mA,54,99,98,0
25.413,SPO2,103,1,13856075,g2/18mA/0mA,54,99,98,0
25.413,SPO2,104,0,13966815,g2/20mA/0mA,54,99,98,0
25.413,SPO2,104,1,13856299,g2/18mA/0mA,54,99,98,0
25.413,SPO2,105,0,13966720,g2/20mA/0mA,54,99,98,0
25.413,SPO2,105,1,13856643,g2/18mA/0mA,54,99,98,0
25.413,SPO2,106,0,13966986,g2/20mA/0mA,54,99,98,0
25.413,SPO2,106,1,13857465,g2/18mA/0mA,54,99,98,0
25.413,SPO2,107,0,13966999,g2/20mA/0mA,54,99,98,0
25.413,SPO2,107,1,13858009,g2/18mA/0mA,54,99,98,0
25.413,SPO2,108,0,13967068,g2/20mA/0mA,54,99,98,0
25.413,SPO2,108,1,13858427,g2/18mA/0mA,54,99,98,0
25.413,SPO2,109,0,13967466,g2/20mA/0mA,54,99,98,0
25.413,SPO2,109,1,13859144,g2/18mA/0mA,54,99,98,0
25.413,SPO2,110,0,13967288,g2/20mA/0mA,54,99,98,0
25.413,SPO2,110,1,13859503,g2/18mA/0mA,54,99,98,0
25.413,SPO2,111,0,13967274,g2/20mA/0mA,54,99,98,0
25.413,SPO2,111,1,13859918,g2/18mA/0mA,54,99,98,0
25.413,SPO2,112,0,13967685,g2/20mA/0mA,54,99,98,0
25.413,SPO2,112,1,13860490,g2/18mA/0mA,54,99,98,0
25.413,SPO2,113,0,13967113,g2/20mA/0mA,54,99,98,0
25.413,SPO2,113,1,13860853,g2/18mA/0mA,54,99,98,0
25.413,SPO2,114,0,13967644,g2/20mA/0mA,54,99,98,0
25.413,SPO2,114,1,13861647,g2/18mA/0mA,54,99,98,0
25.413,SPO2,115,0,13967157,g2/20mA/0mA,54,99,98,0
25.413,SPO2,115,1,13861685,g2/18mA/0mA,54,99,98,0
25.413,SPO2,116,0,13967181,g2/20mA/0mA,54,99,98,0
25.413,SPO2,116,1,13861408,g2/18mA/0mA,54,99,98,0
25.413,SPO2,117,0,13965160,g2/20mA/0mA,54,99,98,0
25.413,SPO2,117,1,13857432,g2/18mA/0mA,54,99,98,0
25.413,SPO2,118,0,13961749,g2/20mA/0mA,54,99,98,0
25.413,SPO2,118,1,13851369,g2/18mA/0mA,54,99,98,0
25.413,SPO2,119,0,13959925,g2/20mA/0mA,54,99,98,0
25.413,SPO2,119,1,13848673,g2/18mA/0mA,54,99,98,0
25.413,SPO2,120,0,13959081,g2/20mA/0mA,54,99,98,0
25.413,SPO2,120,1,13847771,g2/18mA/0mA,54,99,98,0
26.646,HR,121,0,13044954,g5/29mA/29mA,54,99,98,0
26.646,HR,121,1,11657613,g5/29mA/29mA,54,99,98,0
26.646,HR,121,2,14302683,g5/29mA/29mA,54,99,98,0
26.646,HR,121,3,12108515,g4/29mA/29mA,54,99,98,0
26.646,HR,122,0,13042541,g5/29mA/29mA,54,99,98,0
26.646,HR,122,1,11653764,g5/29mA/29mA,54,99,98,0
26.646,HR,122,2,14299084,g5/29mA/29mA,54,99,98,0
26.646,HR,122,3,12106075,g4/29mA/29mA,54,99,98,0
26.646,HR,123,0,13043300,g5/29mA/29mA,54,99,98,0
26.646,HR,123,1,11652280,g5/29mA/29mA,54,99,98,0
26.646,HR,123,2,14298121,g5/29mA/29mA,54,99,98,0
26.646,HR,123,3,12105384,g4/29mA/29mA,54,99,98,0
26.646,HR,124,0,13044460,g5/29mA/29mA,54,99,98,0
26.646,HR,124,1,11653602,g5/29mA/29mA,54,99,98,0
26.646,HR,124,2,14300235,g5/29mA/29mA,54,99,98,0
26.646,HR,124,3,12106296,g4/29mA/29mA,54,99,98,0
26.646,HR,125,0,13044630,g5/29mA/29mA,54,99,98,0
26.646,HR,125,1,11653986,g5/29mA/29mA,54,99,98,0
26.646,HR,125,2,14300655,g5/29mA/29mA,54,99,98,0
26.646,HR,125,3,12106783,g4/29mA/29mA,54,99,98,0
26.646,HR,126,0,13044460,g5/29mA/29mA,54,99,98,0
26.646,HR,126,1,11652408,g5/29mA/29mA,54,99,98,0
26.646,HR,126,2,14299647,g5/29mA/29mA,54,99,98,0
26.646,HR,126,3,12105520,g4/29mA/29mA,54,99,98,0
26.646,HR,127,0,13043760,g5/29mA/29mA,54,99,98,0
26.646,HR,127,1,11652179,g5/29mA/29mA,54,99,98,0
26.646,HR,127,2,14298920,g5/29mA/29mA,54,99,98,0
26.646,HR,127,3,12105383,g4/29mA/29mA,54,99,98,0
26.647,HR,128,0,13044777,g5/29mA/29mA,54,99,98,0
26.647,HR,128,1,11652476,g5/29mA/29mA,54,99,98,0
26.647,HR,128,2,14300151,g5/29mA/29mA,54,99,98,0
26.647,HR,128,3,12106040,g4/29mA/29mA,54,99,98,0
26.647,HR,129,0,13046798,g5/29mA/29mA,54,99,98,0
26.647,HR,129,1,11652246,g5/29mA/29mA,54,99,98,0
26.647,HR,129,2,14302376,g5/29mA/29mA,54,99,98,0
26.647,HR,129,3,12107167,g4/29mA/29mA,54,99,98,0
26.647,HR,130,0,13051141,g5/29mA/29mA,54,99,98,0
26.647,HR,130,1,11655539,g5/29mA/29mA,54,99,98,0
26.647,HR,130,2,14306165,g5/29mA/29mA,54,99,98,0
26.647,HR,130,3,12109982,g4/29mA/29mA,54,99,98,0
26.647,HR,131,0,13056080,g5/29mA/29mA,54,99,98,0
26.647,HR,131,1,11660282,g5/29mA/29mA,54,99,98,0
26.647,HR,131,2,14311497,g5/29mA/29mA,54,99,98,0
26.647,HR,131,3,12113794,g4/29mA/29mA,54,99,98,0
26.647,HR,132,0,13061446,g5/29mA/29mA,54,99,98,0
26.647,HR,132,1,11663277,g5/29mA/29mA,54,99,98,0
26.647,HR,132,2,14318067,g5/29mA/29mA,54,99,98,0
26.647,HR,132,3,12117616,g4/29mA/29mA,54,99,98,0
26.647,HR,133,0,13067607,g5/29mA/29mA,54,99,98,0
26.647,HR,133,1,11666665,g5/29mA/29mA,54,99,98,0
26.647,HR,133,2,14323908,g5/29mA/29mA,54,99,98,0
26.647,HR,133,3,12121047,g4/29mA/29mA,54,99,98,0
26.647,HR,134,0,13072238,g5/29mA/29mA,54,99,98,0
26.647,HR,134,1,11671143,g5/29mA/29mA,54,99,98,0
26.647,HR,134,2,14330719,g5/29mA/29mA,54,99,98,0
26.647,HR,134,3,12125490,g4/29mA/29mA,54,99,98,0
26.675,HR,135,0,13077238,g5/29mA/29mA,54,99,98,0
26.675,HR,135,1,11674633,g5/29mA/29mA,54,99,98,0
26.675,HR,135,2,14336059,g5/29mA/29mA,54,99,98,0
26.675,HR,135,3,12128844,g4/29mA/29mA,54,99,98,0
26.675,HR,136,0,13083117,g5/29mA/29mA,54,99,98,0
26.675,HR,136,1,11677951,g5/29mA/29mA,54,99,98,0
26.675,HR,136,2,14342704,g5/29mA/29mA,54,99,98,0
26.675,HR,136,3,12132837,g4/29mA/29mA,54,99,98,0
26.675,HR,137,0,13087944,g5/29mA/29mA,54,99,98,0
26.675,HR,137,1,11682993,g5/29mA/29mA,54,99,98,0
26.675,HR,137,2,14348990,g5/29mA/29mA,54,99,98,0
26.675,HR,137,3,12137230,g4/29mA/29mA,54,99,98,0
26.675,HR,138,0,13093533,g5/29mA/29mA,54,99,98,0
26.675,HR,138,1,11687130,g5/29mA/29mA,54,99,98,0
26.675,HR,138,2,14355348,g5/29mA/29mA,54,99,98,0
26.675,HR,138,3,12141129,g4/29mA/29mA,54,99,98,0
26.676,HR,139,0,13099026,g5/29mA/29mA,54,99,98,0
26.676,HR,139,1,11690971,g5/29mA/29mA,54,99,98,0
26.676,HR,139,2,14361232,g5/29mA/29mA,54,99,98,0
26.676,HR,139,3,12144833,g4/29mA/29mA,54,99,98,0
26.676,HR,140,0,13104821,g5/29mA/29mA,54,99,98,0
26.676,HR,140,1,11695508,g5/29mA/29mA,54,99,98,0
26.676,HR,140,2,14368954,g5/29mA/29mA,54,99,98,0
26.676,HR,140,3,12149260,g4/29mA/29mA,54,99,98,0
26.676,HR,141,0,13110850,g5/29mA/29mA,54,99,98,0
26.676,HR,141,1,11700474,g5/29mA/29mA,54,99,98,0
26.676,HR,141,2,14376037,g5/29mA/29mA,54,99,98,0
26.676,HR,141,3,12153918,g4/29mA/29mA,54,99,98,0
26.676,HR,142,0,13116900,g5/29mA/29mA,54,99,98,0
26.676,HR,142,1,11704423,g5/29mA/29mA,54,99,98,0
26.676,HR,142,2,14382349,g5/29mA/29mA,54,99,98,0
26.676,HR,142,3,12158286,g4/29mA/29mA,54,99,98,0
26.676,HR,143,0,13123800,g5/29mA/29mA,54,99,98,0
26.676,HR,143,1,11709294,g5/29mA/29mA,54,99,98,0
26.676,HR,143,2,14390753,g5/29mA/29mA,54,99,98,0
26.676,HR,143,3,12162552,g4/29mA/29mA,54,99,98,0
26.676,HR,144,0,13119552,g5/29mA/29mA,54,99,98,0
26.676,HR,144,1,11709449,g5/29mA/29mA,54,99,98,0
26.676,HR,144,2,14391921,g5/29mA/29mA,54,99,98,0
26.676,HR,144,3,12163242,g4/29mA/29mA,54,99,98,0
26.676,HR,145,0,13095905,g5/29mA/29mA,54,99,98,0
26.676,HR,145,1,11693853,g5/29mA/29mA,54,99,98,0
26.676,HR,145,2,14369877,g5/29mA/29mA,54,99,98,0
26.676,HR,145,3,12148425,g4/29mA/29mA,54,99,98,0
26.676,HR,146,0,13066532,g5/29mA/29mA,54,99,98,0
26.676,HR,146,1,11671672,g5/29mA/29mA,54,99,98,0
26.676,HR,146,2,14338609,g5/29mA/29mA,54,99,98,0
26.676,HR,146,3,12127948,g4/29mA/29mA,54,99,98,0
26.761,HR,147,0,13048625,g5/29mA/29mA,54,99,98,0
26.761,HR,147,1,11657075,g5/29mA/29mA,54,99,98,0
26.761,HR,147,2,14317025,g5/29mA/29mA,54,99,98,0
26.761,HR,147,3,12113710,g4/29mA/29mA,54,99,98,0
26.761,HR,148,0,13041177,g5/29mA/29mA,54,99,98,0
26.761,HR,148,1,11649004,g5/29mA/29mA,54,99,98,0
26.761,HR,148,2,14306454,g5/29mA/29mA,54,99,98,0
26.761,HR,148,3,12107678,g4/29mA/29mA,54,99,98,0
26.762,HR,149,0,13037320,g5/29mA/29mA,54,99,98,0
26.762,HR,149,1,11644328,g5/29mA/29mA,54,99,98,0
26.762,HR,149,2,14302071,g5/29mA/29mA,54,99,98,0
26.762,HR,149,3,12105419,g4/29mA/29mA,54,99,98,0
26.762,HR,150,0,13036706,g5/29mA/29mA,54,99,98,0
26.762,HR,150,1,11642905,g5/29mA/29mA,54,99,98,0
26.762,HR,150,2,14299945,g5/29mA/29mA,54,99,98,0
26.762,HR,150,3,12105153,g4/29mA/29mA,54,99,98,0
26.762,HR,151,0,13036929,g5/29mA/29mA,54,99,98,0
26.762,HR,151,1,11642494,g5/29mA/29mA,54,99,98,0
26.762,HR,151,2,14300090,g5/29mA/29mA,54,99,98,0
26.762,HR,151,3,12105204,g4/29mA/29mA,54,99,98,0
26.762,HR,152,0,13037704,g5/29mA/29mA,54,99,98,0
26.762,HR,152,1,11641624,g5/29mA/29mA,54,99,98,0
26.762,HR,152,2,14301353,g5/29mA/29mA,54,99,98,0
26.762,HR,152,3,12105547,g4/29mA/29mA,54,99,98,0
26.762,HR,153,0,13037148,g5/29mA/29mA,54,99,98,0
26.762,HR,153,1,11640992,g5/29mA/29mA,54,99,98,0
26.762,HR,153,2,14300584,g5/29mA/29mA,54,99,98,0
26.762,HR,153,3,12105469,g4/29mA/29mA,54,99,98,0
26.762,HR,154,0,13035717,g5/29mA/29mA,54,99,98,0
26.762,HR,154,1,11640311,g5/29mA/29mA,54,99,98,0
26.762,HR,154,2,14299432,g5/29mA/29mA,54,99,98,0
26.762,HR,154,3,12105094,g4/29mA/29mA,54,99,98,0
26.763,SPO2,121,0,13958294,g2/20mA/0mA,54,99,98,0
26.763,SPO2,121,1,13847297,g2/18mA/0mA,54,99,98,0
26.763,SPO2,122,0,13958202,g2/20mA/0mA,54,99,98,0
26.763,SPO2,122,1,13847309,g2/18mA/0mA,54,99,98,0
26.763,SPO2,123,0,13958276,g2/20mA/0mA,54,99,98,0
26.763,SPO2,123,1,13847877,g2/18mA/0mA,54,99,98,0
26.763,SPO2,124,0,13958010,g2/20mA/0mA,54,99,98,0
26.763,SPO2,124,1,13847965,g2/18mA/0mA,54,99,98,0
26.763,SPO2,125,0,13957854,g2/20mA/0mA,54,99,98,0
26.763,SPO2,125,1,13847917,g2/18mA/0mA,54,99,98,0
26.763,SPO2,126,0,13957890,g2/20mA/0mA,54,99,98,0
26.763,SPO2,126,1,13848108,g2/18mA/0mA,54,99,98,0
26.763,SPO2,127,0,13957484,g2/20mA/0mA,54,99,98,0
26.763,SPO2,127,1,13847682,g2/18mA/0mA,54,99,98,0
26.763,SPO2,128,0,13957592,g2/20mA/0mA,54,99,98,0
26.763,SPO2,128,1,13848198,g2/18mA/0mA,54,99,98,0
26.763,SPO2,129,0,13957442,g2/20mA/0mA,54,99,98,0
26.763,SPO2,129,1,13848551,g2/18mA/0mA,54,99,98,0
26.764,SPO2,130,0,13958015,g2/20mA/0mA,54,99,98,0
26.764,SPO2,130,1,13849303,g2/18mA/0mA,54,99,98,0
26.764,SPO2,131,0,13958291,g2/20mA/0mA,54,99,98,0
26.764,SPO2,131,1,13850174,g2/18mA/0mA,54,99,98,0
26.764,SPO2,132,0,13958510,g2/20mA/0mA,54,99,98,0
26.764,SPO2,132,1,13850855,g2/18mA/0mA,54,99,98,0
26.764,SPO2,133,0,13959308,g2/20mA/0mA,54,99,98,0
26.764,SPO2,133,1,13852053,g2/18mA/0mA,54,99,98,0
26.764,SPO2,134,0,13958946,g2/20mA/0mA,54,99,98,0
26.764,SPO2,134,1,13852070,g2/18mA/0mA,54,99,98,0
26.764,SPO2,135,0,13959184,g2/20mA/0mA,54,99,98,0
26.764,SPO2,135,1,13852765,g2/18mA/0mA,54,99,98,0
26.764,SPO2,136,0,13959391,g2/20mA/0mA,54,99,98,0
26.764,SPO2,136,1,13853249,g2/18mA/0mA,54,99,98,0
26.764,SPO2,137,0,13959002,g2/20mA/0mA,54,99,98,0
26.764,SPO2,137,1,13853394,g2/18mA/0mA,54,99,98,0
26.765,SPO2,138,0,13959104,g2/20mA/0mA,54,99,98,0
26.765,SPO2,138,1,13853966,g2/18mA/0mA,54,99,98,0
26.765,SPO2,139,0,13959793,g2/20mA/0mA,54,99,98,0
26.765,SPO2,139,1,13854867,g2/18mA/0mA,54,99,98,0
26.765,SPO2,140,0,13959356,g2/20mA/0mA,54,99,98,0
26.765,SPO2,140,1,13855128,g2/18mA/0mA,54,99,98,0
26.765,SPO2,141,0,13959573,g2/20mA/0mA,54,99,98,0
26.765,SPO2,141,1,13855686,g2/18mA/0mA,54,99,98,0
26.765,SPO2,142,0,13959858,g2/20mA/0mA,54,99,98,0
26.765,SPO2,142,1,13856491,g2/18mA/0mA,54,99,98,0
26.765,SPO2,143,0,13959621,g2/20mA/0mA,54,99,98,0
26.765,SPO2,143,1,13856984,g2/18mA/0mA,54,99,98,0
26.765,SPO2,144,0,13959306,g2/20mA/0mA,54,99,98,0
26.765,SPO2,144,1,13855848,g2/18mA/0mA,54,99,98,0
26.765,SPO2,145,0,13957253,g2/20mA/0mA,54,99,98,0
26.765,SPO2,145,1,13851534,g2/18mA/0mA,54,99,98,0
26.765,SPO2,146,0,13953617,g2/20mA/0mA,54,99,98,0
26.765,SPO2,146,1,13845910,g2/18mA/0mA,54,99,98,0
26.791,SPO2,147,0,13952029,g2/20mA/0mA,54,99,98,0
26.791,SPO2,147,1,13843472,g2/18mA/0mA,54,99,98,0
26.791,SPO2,148,0,13951358,g2/20mA/0mA,54,99,98,0
26.791,SPO2,148,1,13842788,g2/18mA/0mA,54,99,98,0
26.791,SPO2,149,0,13950668,g2/20mA/0mA,54,99,98,0
26.791,SPO2,149,1,13842290,g2/18mA/0mA,54,99,98,0
26.791,SPO2,150,0,13950674,g2/20mA/0mA,54,99,98,0
26.791,SPO2,150,1,13842621,g2/18mA/0mA,54,99,98,0
26.791,SPO2,151,0,13950158,g2/20mA/0mA,54,99,98,0
26.791,SPO2,151,1,13842425,g2/18mA/0mA,54,99,98,0
26.791,SPO2,152,0,13950220,g2/20mA/0mA,54,99,98,0
26.791,SPO2,152,1,13842658,g2/18mA/0mA,54,99,98,0
26.791,SPO2,153,0,13950039,g2/20mA/0mA,54,99,98,0
26.791,SPO2,153,1,13842644,g2/18mA/0mA,54,99,98,0
27.962,HR,155,0,13034361,g5/29mA/29mA,54,99,98,0
27.962,HR,155,1,11636676,g5/29mA/29mA,54,99,98,0
27.962,HR,155,2,14298231,g5/29mA/29mA,54,99,98,0
27.962,HR,155,3,12104001,g4/29mA/29mA,54,99,98,0
27.962,HR,156,0,13035442,g5/29mA/29mA,54,99,98,0
27.962,HR,156,1,11633570,g5/29mA/29mA,54,99,98,0
27.962,HR,156,2,14299458,g5/29mA/29mA,54,99,98,0
27.962,HR,156,3,12104539,g4/29mA/29mA,54,99,98,0
27.962,HR,157,0,13038455,g5/29mA/29mA,54,99,98,0
27.962,HR,157,1,11634595,g5/29mA/29mA,54,99,98,0
27.962,HR,157,2,14302504,g5/29mA/29mA,54,99,98,0
27.962,HR,157,3,12107336,g4/29mA/29mA,54,99,98,0
27.962,HR,158,0,13043343,g5/29mA/29mA,54,99,98,0
27.962,HR,158,1,11637034,g5/29mA/29mA,54,99,98,0
27.962,HR,158,2,14307982,g5/29mA/29mA,54,99,98,0
27.962,HR,158,3,12110630,g4/29mA/29mA,54,99,98,0
27.962,HR,159,0,13049461,g5/29mA/29mA,54,99,98,0
27.962,HR,159,1,11638989,g5/29mA/29mA,54,99,98,0
27.962,HR,159,2,14314389,g5/29mA/29mA,54,99,98,0
27.962,HR,159,3,12114026,g4/29mA/29mA,54,99,98,0
27.962,HR,160,0,13056005,g5/29mA/29mA,54,99,98,0
27.962,HR,160,1,11643587,g5/29mA/29mA,54,99,98,0
27.962,HR,160,2,14320702,g5/29mA/29mA,54,99,98,0
27.962,HR,160,3,12118248,g4/29mA/29mA,54,99,98,0
27.990,HR,161,0,13061156,g5/29mA/29mA,54,99,98,0
27.990,HR,161,1,11649099,g5/29mA/29mA,54,99,98,0
27.990,HR,161,2,14327339,g5/29mA/29mA,54,99,98,0
27.990,HR,161,3,12122497,g4/29mA/29mA,54,99,98,0
27.990,HR,162,0,13066549,g5/29mA/29mA,54,99,98,0
27.990,HR,162,1,11652280,g5/29mA/29mA,54,99,98,0
27.990,HR,162,2,14332953,g5/29mA/29mA,54,99,98,0
27.990,HR,162,3,12125466,g4/29mA/29mA,54,99,98,0
27.990,HR,163,0,13072717,g5/29mA/29mA,54,99,98,0
27.990,HR,163,1,11657127,g5/29mA/29mA,54,99,98,0
27.990,HR,163,2,14338276,g5/29mA/29mA,54,99,98,0
27.990,HR,163,3,12129288,g4/29mA/29mA,54,99,98,0
27.990,HR,164,0,13078364,g5/29mA/29mA,54,99,98,0
27.990,HR,164,1,11663901,g5/29mA/29mA,54,99,98,0
27.990,HR,164,2,14343702,g5/29mA/29mA,54,99,98,0
27.990,HR,164,3,12133486,g4/29mA/29mA,54,99,98,0
27.990,HR,165,0,13082631,g5/29mA/29mA,54,99,98,0
27.990,HR,165,1,11667030,g5/29mA/29mA,54,99,98,0
27.990,HR,165,2,14348769,g5/29mA/29mA,54,99,98,0
27.990,HR,165,3,12136796,g4/29mA/29mA,54,99,98,0
27.990,HR,166,0,13089216,g5/29mA/29mA,54,99,98,0
27.990,HR,166,1,11669455,g5/29mA/29mA,54,99,98,0
27.990,HR,166,2,14355022,g5/29mA/29mA,54,99,98,0
27.990,HR,166,3,12139935,g4/29mA/29mA,54,99,98,0
28.052,HR,167,0,13095290,g5/29mA/29mA,54,99,98,0
28.052,HR,167,1,11674316,g5/29mA/29mA,54,99,98,0
28.052,HR,167,2,14361925,g5/29mA/29mA,54,99,98,0
28.052,HR,167,3,12144976,g4/29mA/29mA,54,99,98,0
28.052,HR,168,0,13099572,g5/29mA/29mA,54,99,98,0
28.052,HR,168,1,11678131,g5/29mA/29mA,54,99,98,0
28.052,HR,168,2,14368707,g5/29mA/29mA,54,99,98,0
28.052,HR,168,3,12149311,g4/29mA/29mA,54,99,98,0
28.052,HR,169,0,13105108,g5/29mA/29mA,54,99,98,0
28.052,HR,169,1,11680391,g5/29mA/29mA,54,99,98,0
28.052,HR,169,2,14375106,g5/29mA/29mA,54,99,98,0
28.052,HR,169,3,12153960,g4/29mA/29mA,54,99,98,0
28.052,HR,170,0,13111867,g5/29mA/29mA,54,99,98,0
28.052,HR,170,1,11685492,g5/29mA/29mA,54,99,98,0
28.052,HR,170,2,14382800,g5/29mA/29mA,54,99,98,0
28.052,HR,170,3,12158362,g4/29mA/29mA,54,99,98,0
28.052,HR,171,0,13107174,g5/29mA/29mA,54,99,98,0
28.052,HR,171,1,11685433,g5/29mA/29mA,54,99,98,0
28.052,HR,171,2,14385249,g5/29mA/29mA,54,99,98,0
28.052,HR,171,3,12158653,g4/29mA/29mA,54,99,98,0
28.052,HR,172,0,13082271,g5/29mA/29mA,54,99,98,0
28.052,HR,172,1,11669982,g5/29mA/29mA,54,99,98,0
28.052,HR,172,2,14364646,g5/29mA/29mA,54,99,98,0
28.052,HR,172,3,12146102,g4/29mA/29mA,54,99,98,0
28.053,HR,173,0,13052600,g5/29mA/29mA,54,99,98,0
28.053,HR,173,1,11648824,g5/29mA/29mA,54,99,98,0
28.053,HR,173,2,14330802,g5/29mA/29mA,54,99,98,0
28.053,HR,173,3,12125867,g4/29mA/29mA,54,99,98,0
28.053,HR,174,0,13034138,g5/29mA/29mA,54,99,98,0
28.053,HR,174,1,11633512,g5/29mA/29mA,54,99,98,0
28.053,HR,174,2,14307350,g5/29mA/29mA,54,99,98,0
28.053,HR,174,3,12110545,g4/29mA/29mA,54,99,98,0
28.053,HR,175,0,13026341,g5/29mA/29mA,54,99,98,0
28.053,HR,175,1,11625587,g5/29mA/29mA,54,99,98,0
28.053,HR,175,2,14296483,g5/29mA/29mA,54,99,98,0
28.053,HR,175,3,12102116,g4/29mA/29mA,54,99,98,0
28.053,HR,176,0,13022953,g5/29mA/29mA,54,99,98,0
28.053,HR,176,1,11620364,g5/29mA/29mA,54,99,98,0
28.053,HR,176,2,14291807,g5/29mA/29mA,54,99,98,0
28.053,HR,176,3,12098866,g4/29mA/29mA,54,99,98,0
28.053,HR,177,0,13021802,g5/29mA/29mA,54,99,98,0
28.053,HR,177,1,11619930,g5/29mA/29mA,54,99,98,0
28.053,HR,177,2,14288718,g5/29mA/29mA,54,99,98,0
28.053,HR,177,3,12098704,g4/29mA/29mA,54,99,98,0
28.053,HR,178,0,13021018,g5/29mA/29mA,54,99,98,0
28.053,HR,178,1,11618190,g5/29mA/29mA,54,99,98,0
28.053,HR,178,2,14287582,g5/29mA/29mA,54,99,98,0
28.053,HR,178,3,12098167,g4/29mA/29mA,54,99,98,0
28.053,HR,179,0,13023159,g5/29mA/29mA,54,99,98,0
28.053,HR,179,1,11617747,g5/29mA/29mA,54,99,98,0
28.053,HR,179,2,14287747,g5/29mA/29mA,54,99,98,0
28.053,HR,179,3,12098038,g4/29mA/29mA,54,99,98,0
28.054,HR,180,0,13024190,g5/29mA/29mA,54,99,98,0
28.054,HR,180,1,11619231,g5/29mA/29mA,54,99,98,0
28.054,HR,180,2,14289204,g5/29mA/29mA,54,99,98,0
28.054,HR,180,3,12098558,g4/29mA/29mA,54,99,98,0
28.054,HR,181,0,13023268,g5/29mA/29mA,54,99,98,0
28.054,HR,181,1,11617585,g5/29mA/29mA,54,99,98,0
28.054,HR,181,2,14289256,g5/29mA/29mA,54,99,98,0
28.054,HR,181,3,12097312,g4/29mA/29mA,54,99,98,0
28.054,HR,182,0,13023185,g5/29mA/29mA,54,99,98,0
28.054,HR,182,1,11616125,g5/29mA/29mA,54,99,98,0
28.054,HR,182,2,14289682,g5/29mA/29mA,54,99,98,0
28.054,HR,182,3,12098174,g4/29mA/29mA,54,99,98,0
28.054,HR,183,0,13023005,g5/29mA/29mA,54,99,98,0
28.054,HR,183,1,11618060,g5/29mA/29mA,54,99,98,0
28.054,HR,183,2,14289393,g5/29mA/29mA,54,99,98,0
28.054,HR,183,3,12100589,g4/29mA/29mA,54,99,98,0
28.054,HR,184,0,13024165,g5/29mA/29mA,54,99,98,0
28.054,HR,184,1,11619513,g5/29mA/29mA,54,99,98,0
28.054,HR,184,2,14291729,g5/29mA/29mA,54,99,98,0
28.054,HR,184,3,12101485,g4/29mA/29mA,54,99,98,0
28.054,HR,185,0,13029609,g5/29mA/29mA,54,99,98,0
28.054,HR,185,1,11620868,g5/29mA/29mA,54,99,98,0
28.054,HR,185,2,14295030,g5/29mA/29mA,54,99,98,0
28.054,HR,185,3,12101800,g4/29mA/29mA,54,99,98,0
28.054,HR,186,0,13035802,g5/29mA/29mA,54,99,98,0
28.054,HR,186,1,11622455,g5/29mA/29mA,54,99,98,0
28.054,HR,186,2,14301412,g5/29mA/29mA,54,99,98,0
28.054,HR,186,3,12102653,g4/29mA/29mA,54,99,98,0
28.054,HR,187,0,13040578,g5/29mA/29mA,54,99,98,0
28.054,HR,187,1,11625723,g5/29mA/29mA,54,99,98,0
28.054,HR,187,2,14310969,g5/29mA/29mA,54,99,98,0
28.054,HR,187,3,12108728,g4/29mA/29mA,54,99,98,0
28.083,SPO2,154,0,13950019,g2/20mA/0mA,54,99,98,0
28.083,SPO2,154,1,13842537,g2/18mA/0mA,54,99,98,0
28.083,SPO2,155,0,13950629,g2/20mA/0mA,54,99,98,0
28.083,SPO2,155,1,13843150,g2/18mA/0mA,54,99,98,0
28.083,SPO2,156,0,13951038,g2/20mA/0mA,54,99,98,0
28.083,SPO2,156,1,13843637,g2/18mA/0mA,54,99,98,0
28.083,SPO2,157,0,13951623,g2/20mA/0mA,54,99,98,0
28.083,SPO2,157,1,13844533,g2/18mA/0mA,54,99,98,0
28.083,SPO2,158,0,13952918,g2/20mA/0mA,54,99,98,0
28.083,SPO2,158,1,13845992,g2/18mA/0mA,54,99,98,0
28.083,SPO2,159,0,13953233,g2/20mA/0mA,54,99,98,0
28.083,SPO2,159,1,13847091,g2/18mA/0mA,54,99,98,0
28.083,SPO2,160,0,13953264,g2/20mA/0mA,54,99,98,0
28.083,SPO2,160,1,13847870,g2/18mA/0mA,54,99,98,0
28.083,SPO2,161,0,13952792,g2/20mA/0mA,54,99,98,0
28.083,SPO2,161,1,13848061,g2/18mA/0mA,54,99,98,0
28.142,SPO2,162,0,13952845,g2/20mA/0mA,54,99,98,0
28.142,SPO2,162,1,13848560,g2/18mA/0mA,54,99,98,0
28.142,SPO2,163,0,13952854,g2/20mA/0mA,54,99,98,0
28.142,SPO2,163,1,13848928,g2/18mA/0mA,54,99,98,0
28.142,SPO2,164,0,13952643,g2/20mA/0mA,54,99,98,0
28.142,SPO2,164,1,13849345,g2/18mA/0mA,54,99,98,0
28.142,SPO2,165,0,13952371,g2/20mA/0mA,54,99,98,0
28.142,SPO2,165,1,13849320,g2/18mA/0mA,54,99,98,0
28.142,SPO2,166,0,13953540,g2/20mA/0mA,54,99,98,0
28.142,SPO2,166,1,13850750,g2/18mA/0mA,54,99,98,0
28.142,SPO2,167,0,13953485,g2/20mA/0mA,54,99,98,0
28.142,SPO2,167,1,13851062,g2/18mA/0mA,54,99,98,0
28.142,SPO2,168,0,13952652,g2/20mA/0mA,54,99,98,0
28.142,SPO2,168,1,13850710,g2/18mA/0mA,54,99,98,0
28.142,SPO2,169,0,13952540,g2/20mA/0mA,54,99,98,0
28.142,SPO2,169,1,13851098,g2/18mA/0mA,54,99,98,0
28.170,SPO2,170,0,13952365,g2/20mA/0mA,54,99,98,0
28.170,SPO2,170,1,13851661,g2/18mA/0mA,54,99,98,0
28.170,SPO2,171,0,13951259,g2/20mA/0mA,54,99,98,0
28.170,SPO2,171,1,13849753,g2/18mA/0mA,54,99,98,0
28.170,SPO2,172,0,13948798,g2/20mA/0mA,54,99,98,0
28.170,SPO2,172,1,13844953,g2/18mA/0mA,54,99,98,0
28.170,SPO2,173,0,13946216,g2/20mA/0mA,54,99,98,0
28.170,SPO2,173,1,13839858,g2/18mA/0mA,54,99,98,0
28.170,SPO2,174,0,13944497,g2/20mA/0mA,54,99,98,0
28.170,SPO2,174,1,13837613,g2/18mA/0mA,54,99,98,0
28.170,SPO2,175,0,13944200,g2/20mA/0mA,54,99,98,0
28.170,SPO2,175,1,13837518,g2/18mA/0mA,54,99,98,0
28.170,SPO2,176,0,13944274,g2/20mA/0mA,54,99,98,0
28.170,SPO2,176,1,13837458,g2/18mA/0mA,54,99,98,0
28.170,SPO2,177,0,13944449,g2/20mA/0mA,54,99,98,0
28.170,SPO2,177,1,13837700,g2/18mA/0mA,54,99,98,0
28.170,SPO2,178,0,13942919,g2/20mA/0mA,54,99,98,0
28.170,SPO2,178,1,13836783,g2/18mA/0mA,54,99,98,0
28.201,SPO2,179,0,13943579,g2/20mA/0mA,54,99,98,0
28.201,SPO2,179,1,13837814,g2/18mA/0mA,54,99,98,0
28.201,SPO2,180,0,13943882,g2/20mA/0mA,54,99,98,0
28.201,SPO2,180,1,13838417,g2/18mA/0mA,54,99,98,0
28.201,SPO2,181,0,13942903,g2/20mA/0mA,54,99,98,0
28.201,SPO2,181,1,13837400,g2/18mA/0mA,54,99,98,0
28.201,SPO2,182,0,13943054,g2/20mA/0mA,54,99,98,0
28.201,SPO2,182,1,13837467,g2/18mA/0mA,54,99,98,0
28.201,SPO2,183,0,13941321,g2/20mA/0mA,54,99,98,0
28.201,SPO2,183,1,13835840,g2/18mA/0mA,54,99,98,0
28.201,SPO2,184,0,13940961,g2/20mA/0mA,54,99,98,0
28.201,SPO2,184,1,13836050,g2/18mA/0mA,54,99,98,0
28.201,SPO2,185,0,13943375,g2/20mA/0mA,54,99,98,0
28.201,SPO2,185,1,13838888,g2/18mA/0mA,54,99,98,0
28.201,SPO2,186,0,13944391,g2/20mA/0mA,54,99,98,0
28.201,SPO2,186,1,13840434,g2/18mA/0mA,54,99,98,0
28.202,SPO2,187,0,13943558,g2/20mA/0mA,54,99,98,0
28.202,SPO2,187,1,13839728,g2/18mA/0mA,54,99,98,0
29.284,HR,188,0,13044930,g5/29mA/29mA,54,99,98,0
29.284,HR,188,1,11631089,g5/29mA/29mA,54,99,98,0
29.284,HR,188,2,14317520,g5/29mA/29mA,54,99,98,0
29.284,HR,188,3,12116516,g4/29mA/29mA,54,99,98,0
29.284,HR,189,0,13049555,g5/29mA/29mA,54,99,98,0
29.284,HR,189,1,11633050,g5/29mA/29mA,54,99,98,0
29.284,HR,189,2,14320668,g5/29mA/29mA,54,99,98,0
29.284,HR,189,3,12118429,g4/29mA/29mA,54,99,98,0
29.284,HR,190,0,13057539,g5/29mA/29mA,54,99,98,0
29.284,HR,190,1,11636838,g5/29mA/29mA,54,99,98,0
29.284,HR,190,2,14325410,g5/29mA/29mA,54,99,98,0
29.284,HR,190,3,12119092,g4/29mA/29mA,54,99,98,0
29.284,HR,191,0,13064579,g5/29mA/29mA,54,99,98,0
29.284,HR,191,1,11640958,g5/29mA/29mA,54,99,98,0
29.284,HR,191,2,14332142,g5/29mA/29mA,54,99,98,0
29.284,HR,191,3,12120211,g4/29mA/29mA,54,99,98,0
29.284,HR,192,0,13068442,g5/29mA/29mA,54,99,98,0
29.284,HR,192,1,11642086,g5/29mA/29mA,54,99,98,0
29.284,HR,192,2,14342550,g5/29mA/29mA,54,99,98,0
29.284,HR,192,3,12125613,g4/29mA/29mA,54,99,98,0
29.284,HR,193,0,13072862,g5/29mA/29mA,54,99,98,0
29.284,HR,193,1,11648689,g5/29mA/29mA,54,99,98,0
29.284,HR,193,2,14349964,g5/29mA/29mA,54,99,98,0
29.284,HR,193,3,12133698,g4/29mA/29mA,54,99,98,0
29.313,HR,194,0,13079389,g5/29mA/29mA,54,99,98,0
29.313,HR,194,1,11654608,g5/29mA/29mA,54,99,98,0
29.313,HR,194,2,14351995,g5/29mA/29mA,54,99,98,0
29.313,HR,194,3,12137470,g4/29mA/29mA,54,99,98,0
29.313,HR,195,0,13086111,g5/29mA/29mA,54,99,98,0
29.313,HR,195,1,11657613,g5/29mA/29mA,54,99,98,0
29.313,HR,195,2,14356216,g5/29mA/29mA,54,99,98,0
29.313,HR,195,3,12138006,g4/29mA/29mA,54,99,98,0
29.313,HR,196,0,13094975,g5/29mA/29mA,54,99,98,0
29.313,HR,196,1,11663626,g5/29mA/29mA,54,99,98,0
29.313,HR,196,2,14361770,g5/29mA/29mA,54,99,98,0
29.313,HR,196,3,12138330,g4/29mA/29mA,54,99,98,0
29.313,HR,197,0,13098908,g5/29mA/29mA,54,99,98,0
29.313,HR,197,1,11664327,g5/29mA/29mA,54,99,98,0
29.313,HR,197,2,14372708,g5/29mA/29mA,54,99,98,0
29.313,HR,197,3,12143613,g4/29mA/29mA,54,99,98,0
29.313,HR,198,0,13099624,g5/29mA/29mA,54,99,98,0
29.313,HR,198,1,11668190,g5/29mA/29mA,54,99,98,0
29.313,HR,198,2,14382152,g5/29mA/29mA,54,99,98,0
29.313,HR,198,3,12151197,g4/29mA/29mA,54,99,98,0
29.313,HR,199,0,13081964,g5/29mA/29mA,54,99,98,0
29.313,HR,199,1,11658704,g5/29mA/29mA,54,99,98,0
29.313,HR,199,2,14367863,g5/29mA/29mA,54,99,98,0
29.313,HR,199,3,12143741,g4/29mA/29mA,54,99,98,0
29.313,HR,200,0,13054605,g5/29mA/29mA,54,99,98,0
29.313,HR,200,1,11634926,g5/29mA/29mA,54,99,98,0
29.313,HR,200,2,14331680,g5/29mA/29mA,54,99,98,0
29.313,HR,200,3,12120604,g4/29mA/29mA,54,99,98,0
29.317,HR,201,0,13034564,g5/29mA/29mA,54,99,98,0
29.317,HR,201,1,11619281,g5/29mA/29mA,54,99,98,0
29.317,HR,201,2,14303434,g5/29mA/29mA,54,99,98,0
29.317,HR,201,3,12099352,g4/29mA/29mA,54,99,98,0
29.317,HR,202,0,13020760,g5/29mA/29mA,54,99,98,0
29.318,HR,202,1,11604854,g5/29mA/29mA,54,99,98,0
29.318,HR,202,2,14294424,g5/29mA/29mA,54,99,98,0
29.318,HR,202,3,12090564,g4/29mA/29mA,54,99,98,0
29.318,HR,203,0,13012912,g5/29mA/29mA,54,99,98,0
29.318,HR,203,1,11599044,g5/29mA/29mA,54,99,98,0
29.318,HR,203,2,14292413,g5/29mA/29mA,54,99,98,0
29.318,HR,203,3,12091205,g4/29mA/29mA,54,99,98,0
29.318,HR,204,0,13010848,g5/29mA/29mA,54,99,98,0
29.318,HR,204,1,11597808,g5/29mA/29mA,54,99,98,0
29.318,HR,204,2,14285654,g5/29mA/29mA,54,99,98,0
29.318,HR,204,3,12091144,g4/29mA/29mA,54,99,98,0
29.318,HR,205,0,13014414,g5/29mA/29mA,54,99,98,0
29.318,HR,205,1,11596913,g5/29mA/29mA,54,99,98,0
29.318,HR,205,2,14280495,g5/29mA/29mA,54,99,98,0
29.318,HR,205,3,12088143,g4/29mA/29mA,54,99,98,0
29.318,HR,206,0,13018987,g5/29mA/29mA,54,99,98,0
29.318,HR,206,1,11598746,g5/29mA/29mA,54,99,98,0
29.318,HR,206,2,14278815,g5/29mA/29mA,54,99,98,0
29.318,HR,206,3,12083740,g4/29mA/29mA,54,99,98,0
29.318,HR,207,0,13017621,g5/29mA/29mA,54,99,98,0
29.318,HR,207,1,11596221,g5/29mA/29mA,54,99,98,0
29.318,HR,207,2,14282637,g5/29mA/29mA,54,99,98,0
29.318,HR,207,3,12084355,g4/29mA/29mA,54,99,98,0
29.521,HR,208,0,13012461,g5/29mA/29mA,54,99,98,0
29.521,HR,208,1,11594797,g5/29mA/29mA,54,99,98,0
29.521,HR,208,2,14285578,g5/29mA/29mA,54,99,98,0
29.521,HR,208,3,12088294,g4/29mA/29mA,54,99,98,0
29.521,HR,209,0,13009336,g5/29mA/29mA,54,99,98,0
29.521,HR,209,1,11594216,g5/29mA/29mA,54,99,98,0
29.521,HR,209,2,14281576,g5/29mA/29mA,54,99,98,0
29.521,HR,209,3,12088260,g4/29mA/29mA,54,99,98,0
29.521,HR,210,0,13011505,g5/29mA/29mA,54,99,98,0
29.521,HR,210,1,11592374,g5/29mA/29mA,54,99,98,0
29.521,HR,210,2,14276288,g5/29mA/29mA,54,99,98,0
29.521,HR,210,3,12085285,g4/29mA/29mA,54,99,98,0
29.521,HR,211,0,13018629,g5/29mA/29mA,54,99,98,0
29.521,HR,211,1,11596954,g5/29mA/29mA,54,99,98,0
29.521,HR,211,2,14275597,g5/29mA/29mA,54,99,98,0
29.521,HR,211,3,12081811,g4/29mA/29mA,54,99,98,0
29.521,HR,212,0,13019687,g5/29mA/29mA,54,99,98,0
29.521,HR,212,1,11596546,g5/29mA/29mA,54,99,98,0
29.521,HR,212,2,14284657,g5/29mA/29mA,54,99,98,0
29.521,HR,212,3,12084091,g4/29mA/29mA,54,99,98,0
29.521,HR,213,0,13020052,g5/29mA/29mA,54,99,98,0
29.521,HR,213,1,11599071,g5/29mA/29mA,54,99,98,0
29.521,HR,213,2,14294135,g5/29mA/29mA,54,99,98,0
29.521,HR,213,3,12092552,g4/29mA/29mA,54,99,98,0
29.522,HR,214,0,13023721,g5/29mA/29mA,54,99,98,0
29.522,HR,214,1,11602670,g5/29mA/29mA,54,99,98,0
29.522,HR,214,2,14297147,g5/29mA/29mA,54,99,98,0
29.522,HR,214,3,12096649,g4/29mA/29mA,54,99,98,0
29.522,HR,215,0,13031715,g5/29mA/29mA,54,99,98,0
29.522,HR,215,1,11604497,g5/29mA/29mA,54,99,98,0
29.522,HR,215,2,14298622,g5/29mA/29mA,54,99,98,0
29.522,HR,215,3,12098329,g4/29mA/29mA,54,99,98,0
29.522,HR,216,0,13042124,g5/29mA/29mA,54,99,98,0
29.522,HR,216,1,11612090,g5/29mA/29mA,54,99,98,0
29.522,HR,216,2,14302760,g5/29mA/29mA,54,99,98,0
29.522,HR,216,3,12098449,g4/29mA/29mA,54,99,98,0
29.523,HR,217,0,13044897,g5/29mA/29mA,54,99,98,0
29.523,HR,217,1,11612559,g5/29mA/29mA,54,99,98,0
29.523,HR,217,2,14313057,g5/29mA/29mA,54,99,98,0
29.523,HR,217,3,12102098,g4/29mA/29mA,54,99,98,0
29.523,HR,218,0,13046260,g5/29mA/29mA,54,99,98,0
29.523,HR,218,1,11616065,g5/29mA/29mA,54,99,98,0
29.523,HR,218,2,14324277,g5/29mA/29mA,54,99,98,0
29.523,HR,218,3,12110656,g4/29mA/29mA,54,99,98,0
29.523,HR,219,0,13050245,g5/29mA/29mA,54,99,98,0
29.523,HR,219,1,11621550,g5/29mA/29mA,54,99,98,0
29.523,HR,219,2,14327356,g5/29mA/29mA,54,99,98,0
29.523,HR,219,3,12115186,g4/29mA/29mA,54,99,98,0
29.580,HR,220,0,13058102,g5/29mA/29mA,54,99,98,0
29.580,HR,220,1,11623087,g5/29mA/29mA,54,99,98,0
29.580,HR,220,2,14328091,g5/29mA/29mA,54,99,98,0
29.580,HR,220,3,12116253,g4/29mA/29mA,54,99,98,0
29.580,SPO2,188,0,13943009,g2/20mA/0mA,54,99,98,0
29.580,SPO2,188,1,13839324,g2/18mA/0mA,54,99,98,0
29.580,SPO2,189,0,13943101,g2/20mA/0mA,54,99,98,0
29.580,SPO2,189,1,13840053,g2/18mA/0mA,54,99,98,0
29.580,SPO2,190,0,13945460,g2/20mA/0mA,54,99,98,0
29.580,SPO2,190,1,13843120,g2/18mA/0mA,54,99,98,0
29.580,SPO2,191,0,13947216,g2/20mA/0mA,54,99,98,0
29.580,SPO2,191,1,13845125,g2/18mA/0mA,54,99,98,0
29.580,SPO2,192,0,13945889,g2/20mA/0mA,54,99,98,0
29.580,SPO2,192,1,13843853,g2/18mA/0mA,54,99,98,0
29.580,SPO2,193,0,13944503,g2/20mA/0mA,54,99,98,0
29.580,SPO2,193,1,13842752,g2/18mA/0mA,54,99,98,0
29.580,SPO2,194,0,13944697,g2/20mA/0mA,54,99,98,0
29.580,SPO2,194,1,13843306,g2/18mA/0mA,54,99,98,0
29.580,SPO2,195,0,13945402,g2/20mA/0mA,54,99,98,0
29.580,SPO2,195,1,13845014,g2/18mA/0mA,54,99,98,0
29.580,SPO2,196,0,13947602,g2/20mA/0mA,54,99,98,0
29.580,SPO2,196,1,13847773,g2/18mA/0mA,54,99,98,0
29.610,SPO2,197,0,13945779,g2/20mA/0mA,54,99,98,0
29.610,SPO2,197,1,13845969,g2/18mA/0mA,54,99,98,0
29.610,SPO2,198,0,13943434,g2/20mA/0mA,54,99,98,0
29.610,SPO2,198,1,13843547,g2/18mA/0mA,54,99,98,0
29.610,SPO2,199,0,13941250,g2/20mA/0mA,54,99,98,0
29.610,SPO2,199,1,13839591,g2/18mA/0mA,54,99,98,0
29.610,SPO2,200,0,13939022,g2/20mA/0mA,54,99,98,0
29.610,SPO2,200,1,13835250,g2/18mA/0mA,54,99,98,0
29.610,SPO2,201,0,13938588,g2/20mA/0mA,54,99,98,0
29.611,SPO2,201,1,13833597,g2/18mA/0mA,54,99,98,0
29.611,SPO2,202,0,13935396,g2/20mA/0mA,54,99,98,0
29.611,SPO2,202,1,13829658,g2/18mA/0mA,54,99,98,0
29.611,SPO2,203,0,13932481,g2/20mA/0mA,54,99,98,0
29.611,SPO2,203,1,13826638,g2/18mA/0mA,54,99,98,0
29.611,SPO2,204,0,13932021,g2/20mA/0mA,54,99,98,0
29.611,SPO2,204,1,13826640,g2/18mA/0mA,54,99,98,0
29.611,SPO2,205,0,13934071,g2/20mA/0mA,54,99,98,0
29.611,SPO2,205,1,13829195,g2/18mA/0mA,54,99,98,0
29.702,SPO2,206,0,13935944,g2/20mA/0mA,54,99,98,0
29.702,SPO2,206,1,13831596,g2/18mA/0mA,54,99,98,0
29.702,SPO2,207,0,13934404,g2/20mA/0mA,54,99,98,0
29.702,SPO2,207,1,13829808,g2/18mA/0mA,54,99,98,0
29.702,SPO2,208,0,13931315,g2/20mA/0mA,54,99,98,0
29.702,SPO2,208,1,13826384,g2/18mA/0mA,54,99,98,0
29.702,SPO2,209,0,13929920,g2/20mA/0mA,54,99,98,0
29.702,SPO2,209,1,13825343,g2/18mA/0mA,54,99,98,0
29.702,SPO2,210,0,13931486,g2/20mA/0mA,54,99,98,0
29.702,SPO2,210,1,13827300,g2/18mA/0mA,54,99,98,0
29.702,SPO2,211,0,13934271,g2/20mA/0mA,54,99,98,0
29.702,SPO2,211,1,13830864,g2/18mA/0mA,54,99,98,0
29.702,SPO2,212,0,13932260,g2/20mA/0mA,54,99,98,0
29.702,SPO2,212,1,13828768,g2/18mA/0mA,54,99,98,0
29.703,SPO2,213,0,13930134,g2/20mA/0mA,54,99,98,0
29.703,SPO2,213,1,13826767,g2/18mA/0mA,54,99,98,0
29.703,SPO2,214,0,13930176,g2/20mA/0mA,54,99,98,0
29.703,SPO2,214,1,13827332,g2/18mA/0mA,54,99,98,0
29.703,SPO2,215,0,13931531,g2/20mA/0mA,54,99,98,0
29.703,SPO2,215,1,13829467,g2/18mA/0mA,54,99,98,0
29.703,SPO2,216,0,13934930,g2/20mA/0mA,54,99,98,0
29.703,SPO2,216,1,13833455,g2/18mA/0mA,54,99,98,0
29.703,SPO2,217,0,13933043,g2/20mA/0mA,54,99,98,0
29.703,SPO2,217,1,13831577,g2/18mA/0mA,54,99,98,0
29.703,SPO2,218,0,13930554,g2/20mA/0mA,54,99,98,0
29.703,SPO2,218,1,13829198,g2/18mA/0mA,54,99,98,0
29.703,SPO2,219,0,13930655,g2/20mA/0mA,54,99,98,0
29.703,SPO2,219,1,13829750,g2/18mA/0mA,54,99,98,0
29.703,SPO2,220,0,13932488,g2/20mA/0mA,54,99,98,0
29.703,SPO2,220,1,13832189,g2/18mA/0mA,54,99,98,0
30.631,HR,221,0,13068212,g5/29mA/29mA,54,99,98,0
30.632,HR,221,1,11631225,g5/29mA/29mA,54,99,98,0
30.632,HR,221,2,14332730,g5/29mA/29mA,54,99,98,0
30.632,HR,221,3,12116645,g4/29mA/29mA,54,99,98,0
30.632,HR,222,0,13072084,g5/29mA/29mA,54,99,98,0
30.632,HR,222,1,11633282,g5/29mA/29mA,54,99,98,0
30.632,HR,222,2,14344367,g5/29mA/29mA,54,99,98,0
30.632,HR,222,3,12121542,g4/29mA/29mA,54,99,98,0
30.632,HR,223,0,13074867,g5/29mA/29mA,54,99,98,0
30.632,HR,223,1,11636821,g5/29mA/29mA,54,99,98,0
30.632,HR,223,2,14356114,g5/29mA/29mA,54,99,98,0
30.632,HR,223,3,12130117,g4/29mA/29mA,54,99,98,0
30.632,HR,224,0,13078219,g5/29mA/29mA,54,99,98,0
30.632,HR,224,1,11640167,g5/29mA/29mA,54,99,98,0
30.632,HR,224,2,14358972,g5/29mA/29mA,54,99,98,0
30.632,HR,224,3,12133562,g4/29mA/29mA,54,99,98,0
30.632,HR,225,0,13067298,g5/29mA/29mA,54,99,98,0
30.632,HR,225,1,11631438,g5/29mA/29mA,54,99,98,0
30.632,HR,225,2,14345477,g5/29mA/29mA,54,99,98,0
30.632,HR,225,3,12124179,g4/29mA/29mA,54,99,98,0
30.632,HR,226,0,13041978,g5/29mA/29mA,54,99,98,0
30.632,HR,226,1,11616116,g5/29mA/29mA,54,99,98,0
30.632,HR,226,2,14314243,g5/29mA/29mA,54,99,98,0
30.632,HR,226,3,12101783,g4/29mA/29mA,54,99,98,0
30.632,HR,227,0,13014482,g5/29mA/29mA,54,99,98,0
30.632,HR,227,1,11595583,g5/29mA/29mA,54,99,98,0
30.632,HR,227,2,14288829,g5/29mA/29mA,54,99,98,0
30.632,HR,227,3,12083689,g4/29mA/29mA,54,99,98,0
30.632,HR,228,0,12999697,g5/29mA/29mA,54,99,98,0
30.632,HR,228,1,11584602,g5/29mA/29mA,54,99,98,0
30.632,HR,228,2,14274786,g5/29mA/29mA,54,99,98,0
30.632,HR,228,3,12075123,g4/29mA/29mA,54,99,98,0
30.632,HR,229,0,12994511,g5/29mA/29mA,54,99,98,0
30.632,HR,229,1,11579297,g5/29mA/29mA,54,99,98,0
30.632,HR,229,2,14262698,g5/29mA/29mA,54,99,98,0
30.632,HR,229,3,12069869,g4/29mA/29mA,54,99,98,0
30.632,HR,230,0,12993384,g5/29mA/29mA,54,99,98,0
30.632,HR,230,1,11575157,g5/29mA/29mA,54,99,98,0
30.632,HR,230,2,14253364,g5/29mA/29mA,54,99,98,0
30.632,HR,230,3,12064254,g4/29mA/29mA,54,99,98,0
30.632,HR,231,0,12996642,g5/29mA/29mA,54,99,98,0
30.632,HR,231,1,11577445,g5/29mA/29mA,54,99,98,0
30.632,HR,231,2,14251462,g5/29mA/29mA,54,99,98,0
30.632,HR,231,3,12060602,g4/29mA/29mA,54,99,98,0
30.632,HR,232,0,12994281,g5/29mA/29mA,54,99,98,0
30.632,HR,232,1,11574603,g5/29mA/29mA,54,99,98,0
30.632,HR,232,2,14256931,g5/29mA/29mA,54,99,98,0
30.632,HR,232,3,12062923,g4/29mA/29mA,54,99,98,0
30.632,HR,233,0,12994033,g5/29mA/29mA,54,99,98,0
30.632,HR,233,1,11576029,g5/29mA/29mA,54,99,98,0
30.632,HR,233,2,14259985,g5/29mA/29mA,54,99,98,0
30.632,HR,233,3,12066601,g4/29mA/29mA,54,99,98,0
30.689,HR,234,0,12993521,g5/29mA/29mA,54,99,98,0
30.689,HR,234,1,11575447,g5/29mA/29mA,54,99,98,0
30.689,HR,234,2,14255013,g5/29mA/29mA,54,99,98,0
30.689,HR,234,3,12065098,g4/29mA/29mA,54,99,98,0
30.689,HR,235,0,12996464,g5/29mA/29mA,54,99,98,0
30.689,HR,235,1,11574688,g5/29mA/29mA,54,99,98,0
30.689,HR,235,2,14249850,g5/29mA/29mA,54,99,98,0
30.689,HR,235,3,12062906,g4/29mA/29mA,54,99,98,0
30.689,HR,236,0,13000124,g5/29mA/29mA,54,99,98,0
30.689,HR,236,1,11578169,g5/29mA/29mA,54,99,98,0
30.689,HR,236,2,14250164,g5/29mA/29mA,54,99,98,0
30.689,HR,236,3,12061415,g4/29mA/29mA,54,99,98,0
30.689,HR,237,0,12997512,g5/29mA/29mA,54,99,98,0
30.689,HR,237,1,11575099,g5/29mA/29mA,54,99,98,0
30.689,HR,237,2,14257058,g5/29mA/29mA,54,99,98,0
30.689,HR,237,3,12062967,g4/29mA/29mA,54,99,98,0
30.689,HR,238,0,13000302,g5/29mA/29mA,54,99,98,0
30.689,HR,238,1,11577930,g5/29mA/29mA,54,99,98,0
30.689,HR,238,2,14262058,g5/29mA/29mA,54,99,98,0
30.689,HR,238,3,12067727,g4/29mA/29mA,54,99,98,0
30.689,HR,239,0,13005062,g5/29mA/29mA,54,99,98,0
30.689,HR,239,1,11579995,g5/29mA/29mA,54,99,98,0
30.689,HR,239,2,14262126,g5/29mA/29mA,54,99,98,0
30.689,HR,239,3,12070465,g4/29mA/29mA,54,99,98,0
30.690,HR,240,0,13013910,g5/29mA/29mA,54,99,98,0
30.690,HR,240,1,11584901,g5/29mA/29mA,54,99,98,0
30.690,HR,240,2,14265121,g5/29mA/29mA,54,99,98,0
30.690,HR,240,3,12072520,g4/29mA/29mA,54,99,98,0
30.690,HR,241,0,13020086,g5/29mA/29mA,54,99,98,0
30.690,HR,241,1,11590334,g5/29mA/29mA,54,99,98,0
30.690,HR,241,2,14274037,g5/29mA/29mA,54,99,98,0
30.690,HR,241,3,12075669,g4/29mA/29mA,54,99,98,0
30.690,HR,242,0,13022186,g5/29mA/29mA,54,99,98,0
30.690,HR,242,1,11592835,g5/29mA/29mA,54,99,98,0
30.690,HR,242,2,14284913,g5/29mA/29mA,54,99,98,0
30.690,HR,242,3,12081326,g4/29mA/29mA,54,99,98,0
30.690,HR,243,0,13027587,g5/29mA/29mA,54,99,98,0
30.690,HR,243,1,11597511,g5/29mA/29mA,54,99,98,0
30.690,HR,243,2,14289904,g5/29mA/29mA,54,99,98,0
30.690,HR,243,3,12086044,g4/29mA/29mA,54,99,98,0
30.690,HR,244,0,13034018,g5/29mA/29mA,54,99,98,0
30.690,HR,244,1,11600810,g5/29mA/29mA,54,99,98,0
30.690,HR,244,2,14291321,g5/29mA/29mA,54,99,98,0
30.690,HR,244,3,12088388,g4/29mA/29mA,54,99,98,0
30.690,HR,245,0,13042525,g5/29mA/29mA,54,99,98,0
30.690,HR,245,1,11607976,g5/29mA/29mA,54,99,98,0
30.690,HR,245,2,14296840,g5/29mA/29mA,54,99,98,0
30.690,HR,245,3,12091239,g4/29mA/29mA,54,99,98,0
30.690,HR,246,0,13046783,g5/29mA/29mA,54,99,98,0
30.690,HR,246,1,11613078,g5/29mA/29mA,54,99,98,0
30.690,HR,246,2,14305908,g5/29mA/29mA,54,99,98,0
30.690,HR,246,3,12095044,g4/29mA/29mA,54,99,98,0
30.694,HR,247,0,13051746,g5/29mA/29mA,54,99,98,0
30.694,HR,247,1,11614317,g5/29mA/29mA,54,99,98,0
30.694,HR,247,2,14314824,g5/29mA/29mA,54,99,98,0
30.694,HR,247,3,12099181,g4/29mA/29mA,54,99,98,0
30.694,HR,248,0,13058273,g5/29mA/29mA,54,99,98,0
30.694,HR,248,1,11619298,g5/29mA/29mA,54,99,98,0
30.694,HR,248,2,14320020,g5/29mA/29mA,54,99,98,0
30.694,HR,248,3,12102746,g4/29mA/29mA,54,99,98,0
30.694,HR,249,0,13065737,g5/29mA/29mA,54,99,98,0
30.694,HR,249,1,11623940,g5/29mA/29mA,54,99,98,0
30.694,HR,249,2,14322493,g5/29mA/29mA,54,99,98,0
30.694,HR,249,3,12105597,g4/29mA/29mA,54,99,98,0
30.694,HR,250,0,13073612,g5/29mA/29mA,54,99,98,0
30.694,HR,250,1,11631130,g5/29mA/29mA,54,99,98,0
30.694,HR,250,2,14329138,g5/29mA/29mA,54,99,98,0
30.694,HR,250,3,12108796,g4/29mA/29mA,54,99,98,0
30.694,HR,251,0,13078296,g5/29mA/29mA,54,99,98,0
30.694,HR,251,1,11634790,g5/29mA/29mA,54,99,98,0
30.694,HR,251,2,14340333,g5/29mA/29mA,54,99,98,0
30.694,HR,251,3,12112942,g4/29mA/29mA,54,99,98,0
30.694,HR,252,0,13078125,g5/29mA/29mA,54,99,98,0
30.694,HR,252,1,11636233,g5/29mA/29mA,54,99,98,0
30.694,HR,252,2,14345793,g5/29mA/29mA,54,99,98,0
30.694,HR,252,3,12115492,g4/29mA/29mA,54,99,98,0
30.694,HR,253,0,13058760,g5/29mA/29mA,54,99,98,0
30.694,HR,253,1,11625500,g5/29mA/29mA,54,99,98,0
30.694,HR,253,2,14324608,g5/29mA/29mA,54,99,98,0
30.694,HR,253,3,12103993,g4/29mA/29mA,54,99,98,0
30.694,HR,254,0,13028550,g5/29mA/29mA,54,99,98,0
30.694,HR,254,1,11607140,g5/29mA/29mA,54,99,98,0
30.694,HR,254,2,14288674,g5/29mA/29mA,54,99,98,0
30.694,HR,254,3,12081667,g4/29mA/29mA,54,99,98,0
30.720,SPO2,221,0,13935186,g2/20mA/0mA,54,99,98,0
30.720,SPO2,221,1,13835671,g2/18mA/0mA,54,99,98,0
30.720,SPO2,222,0,13933216,g2/20mA/0mA,54,99,98,0
30.720,SPO2,222,1,13833637,g2/18mA/0mA,54,99,98,0
30.720,SPO2,223,0,13931211,g2/20mA/0mA,54,99,98,0
30.720,SPO2,223,1,13831751,g2/18mA/0mA,54,99,98,0
30.720,SPO2,224,0,13930889,g2/20mA/0mA,54,99,98,0
30.720,SPO2,224,1,13831864,g2/18mA/0mA,54,99,98,0
30.720,SPO2,225,0,13931875,g2/20mA/0mA,54,99,98,0
30.720,SPO2,225,1,13831336,g2/18mA/0mA,54,99,98,0
30.720,SPO2,226,0,13930505,g2/20mA/0mA,54,99,98,0
30.720,SPO2,226,1,13827616,g2/18mA/0mA,54,99,98,0
30.720,SPO2,227,0,13925420,g2/20mA/0mA,54,99,98,0
30.720,SPO2,227,1,13820693,g2/18mA/0mA,54,99,98,0
30.720,SPO2,228,0,13923586,g2/20mA/0mA,54,99,98,0
30.720,SPO2,228,1,13818523,g2/18mA/0mA,54,99,98,0
30.721,SPO2,229,0,13923566,g2/20mA/0mA,54,99,98,0
30.721,SPO2,229,1,13818502,g2/18mA/0mA,54,99,98,0
30.721,SPO2,230,0,13925605,g2/20mA/0mA,54,99,98,0
30.721,SPO2,230,1,13820784,g2/18mA/0mA,54,99,98,0
30.721,SPO2,231,0,13927367,g2/20mA/0mA,54,99,98,0
30.721,SPO2,231,1,13823013,g2/18mA/0mA,54,99,98,0
30.721,SPO2,232,0,13924652,g2/20mA/0mA,54,99,98,0
30.721,SPO2,232,1,13820295,g2/18mA/0mA,54,99,98,0
30.721,SPO2,233,0,13924616,g2/20mA/0mA,54,99,98,0
30.721,SPO2,233,1,13820211,g2/18mA/0mA,54,99,98,0
30.721,SPO2,234,0,13924262,g2/20mA/0mA,54,99,98,0
30.721,SPO2,234,1,13820098,g2/18mA/0mA,54,99,98,0
30.721,SPO2,235,0,13926107,g2/20mA/0mA,54,99,98,0
30.721,SPO2,235,1,13822302,g2/18mA/0mA,54,99,98,0
30.721,SPO2,236,0,13928327,g2/20mA/0mA,54,99,98,0
30.721,SPO2,236,1,13824378,g2/18mA/0mA,54,99,98,0
30.721,SPO2,237,0,13925425,g2/20mA/0mA,54,99,98,0
30.721,SPO2,237,1,13821335,g2/18mA/0mA,54,99,98,0
30.750,SPO2,238,0,13925463,g2/20mA/0mA,54,99,98,0
30.750,SPO2,238,1,13821729,g2/18mA/0mA,54,99,98,0
30.750,SPO2,239,0,13925898,g2/20mA/0mA,54,99,98,0
30.750,SPO2,239,1,13822798,g2/18mA/0mA,54,99,98,0
30.750,SPO2,240,0,13928898,g2/20mA/0mA,54,99,98,0
30.750,SPO2,240,1,13826148,g2/18mA/0mA,54,99,98,0
30.750,SPO2,241,0,13929016,g2/20mA/0mA,54,99,98,0
30.750,SPO2,241,1,13826696,g2/18mA/0mA,54,99,98,0
30.750,SPO2,242,0,13927323,g2/20mA/0mA,54,99,98,0
30.750,SPO2,242,1,13825203,g2/18mA/0mA,54,99,98,0
30.750,SPO2,243,0,13928112,g2/20mA/0mA,54,99,98,0
30.750,SPO2,243,1,13826170,g2/18mA/0mA,54,99,98,0
30.750,SPO2,244,0,13928478,g2/20mA/0mA,54,99,98,0
30.750,SPO2,244,1,13827058,g2/18mA/0mA,54,99,98,0
30.750,SPO2,245,0,13930632,g2/20mA/0mA,54,99,98,0
30.750,SPO2,245,1,13829540,g2/18mA/0mA,54,99,98,0
30.750,SPO2,246,0,13930050,g2/20mA/0mA,54,99,98,0
30.750,SPO2,246,1,13829309,g2/18mA/0mA,54,99,98,0
30.750,SPO2,247,0,13929799,g2/20mA/0mA,54,99,98,0
30.750,SPO2,247,1,13829203,g2/18mA/0mA,54,99,98,0
30.750,SPO2,248,0,13931006,g2/20mA/0mA,54,99,98,0
30.750,SPO2,248,1,13830647,g2/18mA/0mA,54,99,98,0
30.750,SPO2,249,0,13931417,g2/20mA/0mA,54,99,98,0
30.750,SPO2,249,1,13831507,g2/18mA/0mA,54,99,98,0
30.750,SPO2,250,0,13932620,g2/20mA/0mA,54,99,98,0
30.750,SPO2,250,1,13833463,g2/18mA/0mA,54,99,98,0
30.750,SPO2,251,0,13931003,g2/20mA/0mA,54,99,98,0
30.750,SPO2,251,1,13832401,g2/18mA/0mA,54,99,98,0
30.750,SPO2,252,0,13931211,g2/20mA/0mA,54,99,98,0
30.750,SPO2,252,1,13831796,g2/18mA/0mA,54,99,98,0
30.750,SPO2,253,0,13928961,g2/20mA/0mA,54,99,98,0
30.750,SPO2,253,1,13827516,g2/18mA/0mA,54,99,98,0
32.041,HR,255,0,13007913,g5/29mA/29mA,54,99,98,0
32.041,HR,255,1,11594984,g5/29mA/29mA,54,99,98,0
32.041,HR,255,2,14263594,g5/29mA/29mA,54,99,98,0
32.041,HR,255,3,12064808,g4/29mA/29mA,54,99,98,0
32.041,HR,0,0,12997436,g5/29mA/29mA,54,99,98,0
32.041,HR,0,1,11585481,g5/29mA/29mA,54,99,98,0
32.041,HR,0,2,14253416,g5/29mA/29mA,54,99,98,0
32.041,HR,0,3,12055903,g4/29mA/29mA,54,99,98,0
32.041,HR,1,0,12993938,g5/29mA/29mA,54,99,98,0
32.041,HR,1,1,11579467,g5/29mA/29mA,54,99,98,0
32.041,HR,1,2,14249704,g5/29mA/29mA,54,99,98,0
32.041,HR,1,3,12052566,g4/29mA/29mA,54,99,98,0
32.041,HR,2,0,12992839,g5/29mA/29mA,54,99,98,0
32.041,HR,2,1,11578536,g5/29mA/29mA,54,99,98,0
32.041,HR,2,2,14244211,g5/29mA/29mA,54,99,98,0
32.041,HR,2,3,12050954,g4/29mA/29mA,54,99,98,0
32.041,HR,3,0,12993461,g5/29mA/29mA,54,99,98,0
32.041,HR,3,1,11578092,g5/29mA/29mA,54,99,98,0
32.041,HR,3,2,14241616,g5/29mA/29mA,54,99,98,0
32.041,HR,3,3,12050578,g4/29mA/29mA,54,99,98,0
32.041,HR,4,0,12994076,g5/29mA/29mA,54,99,98,0
32.041,HR,4,1,11578213,g5/29mA/29mA,54,99,98,0
32.041,HR,4,2,14244244,g5/29mA/29mA,54,99,98,0
32.041,HR,4,3,12051527,g4/29mA/29mA,54,99,98,0
32.072,HR,5,0,12993461,g5/29mA/29mA,54,99,98,0
32.072,HR,5,1,11578152,g5/29mA/29mA,54,99,98,0
32.072,HR,5,2,14246345,g5/29mA/29mA,54,99,98,0
32.072,HR,5,3,12050493,g4/29mA/29mA,54,99,98,0
32.072,HR,6,0,12993017,g5/29mA/29mA,54,99,98,0
32.072,HR,6,1,11575814,g5/29mA/29mA,54,99,98,0
32.072,HR,6,2,14245226,g5/29mA/29mA,54,99,98,0
32.072,HR,6,3,12047637,g4/29mA/29mA,54,99,98,0
32.072,HR,7,0,12992718,g5/29mA/29mA,54,99,98,0
32.072,HR,7,1,11575687,g5/29mA/29mA,54,99,98,0
32.072,HR,7,2,14242333,g5/29mA/29mA,54,99,98,0
32.072,HR,7,3,12046767,g4/29mA/29mA,54,99,98,0
32.072,HR,8,0,12992549,g5/29mA/29mA,54,99,98,0
32.072,HR,8,1,11577050,g5/29mA/29mA,54,99,98,0
32.072,HR,8,2,14241839,g5/29mA/29mA,54,99,98,0
32.072,HR,8,3,12048353,g4/29mA/29mA,54,99,98,0
32.072,HR,9,0,12993204,g5/29mA/29mA,54,99,98,0
32.072,HR,9,1,11577343,g5/29mA/29mA,54,99,98,0
32.072,HR,9,2,14245448,g5/29mA/29mA,54,99,98,0
32.072,HR,9,3,12050793,g4/29mA/29mA,54,99,98,0
32.072,HR,10,0,12997241,g5/29mA/29mA,54,99,98,0
32.072,HR,10,1,11578127,g5/29mA/29mA,54,99,98,0
32.072,HR,10,2,14251087,g5/29mA/29mA,54,99,98,0
32.072,HR,10,3,12050733,g4/29mA/29mA,54,99,98,0
32.076,HR,11,0,13003417,g5/29mA/29mA,54,99,98,0
32.076,HR,11,1,11579926,g5/29mA/29mA,54,99,98,0
32.076,HR,11,2,14256683,g5/29mA/29mA,54,99,98,0
32.076,HR,11,3,12053027,g4/29mA/29mA,54,99,98,0
32.076,HR,12,0,13008801,g5/29mA/29mA,54,99,98,0
32.076,HR,12,1,11584500,g5/29mA/29mA,54,99,98,0
32.076,HR,12,2,14261648,g5/29mA/29mA,54,99,98,0
32.076,HR,12,3,12058291,g4/29mA/29mA,54,99,98,0
32.076,HR,13,0,13012401,g5/29mA/29mA,54,99,98,0
32.076,HR,13,1,11586718,g5/29mA/29mA,54,99,98,0
32.076,HR,13,2,14268251,g5/29mA/29mA,54,99,98,0
32.076,HR,13,3,12064042,g4/29mA/29mA,54,99,98,0
32.076,HR,14,0,13016564,g5/29mA/29mA,54,99,98,0
32.076,HR,14,1,11589679,g5/29mA/29mA,54,99,98,0
32.076,HR,14,2,14277192,g5/29mA/29mA,54,99,98,0
32.076,HR,14,3,12069023,g4/29mA/29mA,54,99,98,0
32.076,HR,15,0,13022808,g5/29mA/29mA,54,99,98,0
32.076,HR,15,1,11593500,g5/29mA/29mA,54,99,98,0
32.076,HR,15,2,14284512,g5/29mA/29mA,54,99,98,0
32.076,HR,15,3,12070814,g4/29mA/29mA,54,99,98,0
32.076,HR,16,0,13029839,g5/29mA/29mA,54,99,98,0
32.076,HR,16,1,11597126,g5/29mA/29mA,54,99,98,0
32.076,HR,16,2,14289290,g5/29mA/29mA,54,99,98,0
32.076,HR,16,3,12072938,g4/29mA/29mA,54,99,98,0
32.077,HR,17,0,13036305,g5/29mA/29mA,54,99,98,0
32.077,HR,17,1,11602893,g5/29mA/29mA,54,99,98,0
32.077,HR,17,2,14294424,g5/29mA/29mA,54,99,98,0
32.077,HR,17,3,12078681,g4/29mA/29mA,54,99,98,0
32.077,HR,18,0,13040016,g5/29mA/29mA,54,99,98,0
32.077,HR,18,1,11607688,g5/29mA/29mA,54,99,98,0
32.077,HR,18,2,14302599,g5/29mA/29mA,54,99,98,0
32.077,HR,18,3,12085274,g4/29mA/29mA,54,99,98,0
32.077,HR,19,0,13045296,g5/29mA/29mA,54,99,98,0
32.077,HR,19,1,11610435,g5/29mA/29mA,54,99,98,0
32.077,HR,19,2,14311018,g5/29mA/29mA,54,99,98,0
32.077,HR,19,3,12089310,g4/29mA/29mA,54,99,98,0
32.077,HR,20,0,13053163,g5/29mA/29mA,54,99,98,0
32.077,HR,20,1,11613779,g5/29mA/29mA,54,99,98,0
32.077,HR,20,2,14317827,g5/29mA/29mA,54,99,98,0
32.077,HR,20,3,12091212,g4/29mA/29mA,54,99,98,0
32.077,HR,21,0,13061225,g5/29mA/29mA,54,99,98,0
32.077,HR,21,1,11617379,g5/29mA/29mA,54,99,98,0
32.077,HR,21,2,14324951,g5/29mA/29mA,54,99,98,0
32.077,HR,21,3,12095053,g4/29mA/29mA,54,99,98,0
32.077,HR,22,0,13063717,g5/29mA/29mA,54,99,98,0
32.077,HR,22,1,11621652,g5/29mA/29mA,54,99,98,0
32.077,HR,22,2,14330658,g5/29mA/29mA,54,99,98,0
32.077,HR,22,3,12100094,g4/29mA/29mA,54,99,98,0
32.077,HR,23,0,13046030,g5/29mA/29mA,54,99,98,0
32.077,HR,23,1,11613668,g5/29mA/29mA,54,99,98,0
32.077,HR,23,2,14319634,g5/29mA/29mA,54,99,98,0
32.077,HR,23,3,12095445,g4/29mA/29mA,54,99,98,0
32.077,HR,24,0,13017093,g5/29mA/29mA,54,99,98,0
32.077,HR,24,1,11596665,g5/29mA/29mA,54,99,98,0
32.077,HR,24,2,14289990,g5/29mA/29mA,54,99,98,0
32.077,HR,24,3,12073555,g4/29mA/29mA,54,99,98,0
32.077,HR,25,0,12996480,g5/29mA/29mA,54,99,98,0
32.077,HR,25,1,11582461,g5/29mA/29mA,54,99,98,0
32.077,HR,25,2,14262075,g5/29mA/29mA,54,99,98,0
32.077,HR,25,3,12052720,g4/29mA/29mA,54,99,98,0
32.077,HR,26,0,12987609,g5/29mA/29mA,54,99,98,0
32.077,HR,26,1,11575660,g5/29mA/29mA,54,99,98,0
32.077,HR,26,2,14246240,g5/29mA/29mA,54,99,98,0
32.077,HR,26,3,12042260,g4/29mA/29mA,54,99,98,0
32.077,HR,27,0,12982088,g5/29mA/29mA,54,99,98,0
32.077,HR,27,1,11571337,g5/29mA/29mA,54,99,98,0
32.077,HR,27,2,14238103,g5/29mA/29mA,54,99,98,0
32.077,HR,27,3,12039403,g4/29mA/29mA,54,99,98,0
32.077,HR,28,0,12976451,g5/29mA/29mA,54,99,98,0
32.077,HR,28,1,11566550,g5/29mA/29mA,54,99,98,0
32.077,HR,28,2,14236524,g5/29mA/29mA,54,99,98,0
32.077,HR,28,3,12038891,g4/29mA/29mA,54,99,98,0
32.077,HR,29,0,12976628,g5/29mA/29mA,54,99,98,0
32.077,HR,29,1,11565082,g5/29mA/29mA,54,99,98,0
32.077,HR,29,2,14237034,g5/29mA/29mA,54,99,98,0
32.077,HR,29,3,12037493,g4/29mA/29mA,54,99,98,0
32.077,HR,30,0,12979845,g5/29mA/29mA,54,99,98,0
32.077,HR,30,1,11563521,g5/29mA/29mA,54,99,98,0
32.077,HR,30,2,14237444,g5/29mA/29mA,54,99,98,0
32.077,HR,30,3,12035538,g4/29mA/29mA,54,99,98,0
32.077,HR,31,0,12982848,g5/29mA/29mA,54,99,98,0
32.077,HR,31,1,11565441,g5/29mA/29mA,54,99,98,0
32.077,HR,31,2,14237094,g5/29mA/29mA,54,99,98,0
32.077,HR,31,3,12036638,g4/29mA/29mA,54,99,98,0
32.104,SPO2,254,0,13924502,g2/20mA/0mA,54,99,98,0
32.104,SPO2,254,1,13821205,g2/18mA/0mA,54,99,98,0
32.104,SPO2,255,0,13922737,g2/20mA/0mA,54,99,98,0
32.104,SPO2,255,1,13818279,g2/18mA/0mA,54,99,98,0
32.104,SPO2,0,0,13922012,g2/20mA/0mA,54,99,98,0
32.104,SPO2,0,1,13817293,g2/18mA/0mA,54,99,98,0
32.104,SPO2,1,0,13922088,g2/20mA/0mA,54,99,98,0
32.104,SPO2,1,1,13817358,g2/18mA/0mA,54,99,98,0
32.104,SPO2,2,0,13922154,g2/20mA/0mA,54,99,98,0
32.104,SPO2,2,1,13817537,g2/18mA/0mA,54,99,98,0
32.104,SPO2,3,0,13920969,g2/20mA/0mA,54,99,98,0
32.104,SPO2,3,1,13816872,g2/18mA/0mA,54,99,98,0
32.104,SPO2,4,0,13921254,g2/20mA/0mA,54,99,98,0
32.104,SPO2,4,1,13817077,g2/18mA/0mA,54,99,98,0
32.104,SPO2,5,0,13921529,g2/20mA/0mA,54,99,98,0
32.104,SPO2,5,1,13817603,g2/18mA/0mA,54,99,98,0
32.105,SPO2,6,0,13921363,g2/20mA/0mA,54,99,98,0
32.105,SPO2,6,1,13817170,g2/18mA/0mA,54,99,98,0
32.105,SPO2,7,0,13920251,g2/20mA/0mA,54,99,98,0
32.105,SPO2,7,1,13816371,g2/18mA/0mA,54,99,98,0
32.105,SPO2,8,0,13918739,g2/20mA/0mA,54,99,98,0
32.105,SPO2,8,1,13815033,g2/18mA/0mA,54,99,98,0
32.105,SPO2,9,0,13918597,g2/20mA/0mA,54,99,98,0
32.105,SPO2,9,1,13814962,g2/18mA/0mA,54,99,98,0
32.105,SPO2,10,0,13920449,g2/20mA/0mA,54,99,98,0
32.105,SPO2,10,1,13817119,g2/18mA/0mA,54,99,98,0
32.105,SPO2,11,0,13920808,g2/20mA/0mA,54,99,98,0
32.105,SPO2,11,1,13817821,g2/18mA/0mA,54,99,98,0
32.105,SPO2,12,0,13919907,g2/20mA/0mA,54,99,98,0
32.105,SPO2,12,1,13817435,g2/18mA/0mA,54,99,98,0
32.105,SPO2,13,0,13919403,g2/20mA/0mA,54,99,98,0
32.105,SPO2,13,1,13817004,g2/18mA/0mA,54,99,98,0
32.105,SPO2,14,0,13919435,g2/20mA/0mA,54,99,98,0
32.105,SPO2,14,1,13817588,g2/18mA/0mA,54,99,98,0
32.105,SPO2,15,0,13920518,g2/20mA/0mA,54,99,98,0
32.105,SPO2,15,1,13818936,g2/18mA/0mA,54,99,98,0
32.105,SPO2,16,0,13921358,g2/20mA/0mA,54,99,98,0
32.105,SPO2,16,1,13819966,g2/18mA/0mA,54,99,98,0
32.105,SPO2,17,0,13920993,g2/20mA/0mA,54,99,98,0
32.105,SPO2,17,1,13820007,g2/18mA/0mA,54,99,98,0
32.105,SPO2,18,0,13919685,g2/20mA/0mA,54,99,98,0
32.105,SPO2,18,1,13819076,g2/18mA/0mA,54,99,98,0
32.105,SPO2,19,0,13920788,g2/20mA/0mA,54,99,98,0
32.105,SPO2,19,1,13820445,g2/18mA/0mA,54,99,98,0
32.105,SPO2,20,0,13922725,g2/20mA/0mA,54,99,98,0
32.105,SPO2,20,1,13822797,g2/18mA/0mA,54,99,98,0
32.105,SPO2,21,0,13922461,g2/20mA/0mA,54,99,98,0
32.105,SPO2,21,1,13822849,g2/18mA/0mA,54,99,98,0
32.105,SPO2,22,0,13921025,g2/20mA/0mA,54,99,98,0
32.105,SPO2,22,1,13821466,g2/18mA/0mA,54,99,98,0
32.281,SPO2,23,0,13918660,g2/20mA/0mA,54,99,98,0
32.281,SPO2,23,1,13816817,g2/18mA/0mA,54,99,98,0
32.281,SPO2,24,0,13916977,g2/20mA/0mA,54,99,98,0
32.281,SPO2,24,1,13812956,g2/18mA/0mA,54,99,98,0
32.281,SPO2,25,0,13915860,g2/20mA/0mA,54,99,98,0
32.281,SPO2,25,1,13810788,g2/18mA/0mA,54,99,98,0
32.281,SPO2,26,0,13915243,g2/20mA/0mA,54,99,98,0
32.281,SPO2,26,1,13809910,g2/18mA/0mA,54,99,98,0
32.281,SPO2,27,0,13913739,g2/20mA/0mA,54,99,98,0
32.281,SPO2,27,1,13808392,g2/18mA/0mA,54,99,98,0
32.281,SPO2,28,0,13912750,g2/20mA/0mA,54,99,98,0
32.281,SPO2,28,1,13807366,g2/18mA/0mA,54,99,98,0
32.281,SPO2,29,0,13914461,g2/20mA/0mA,54,99,98,0
32.281,SPO2,29,1,13809165,g2/18mA/0mA,54,99,98,0
32.281,SPO2,30,0,13915084,g2/20mA/0mA,54,99,98,0
32.281,SPO2,30,1,13810255,g2/18mA/0mA,54,99,98,0
32.281,SPO2,31,0,13915030,g2/20mA/0mA,54,99,98,0
32.281,SPO2,31,1,13810324,g2/18mA/0mA,54,99,98,0
33.279,HR,32,0,12981210,g5/29mA/29mA,54,99,98,0
33.279,HR,32,1,11566566,g5/29mA/29mA,54,99,98,0
33.279,HR,32,2,14238596,g5/29mA/29mA,54,99,98,0
33.279,HR,32,3,12039403,g4/29mA/29mA,54,99,98,0
33.279,HR,33,0,12979155,g5/29mA/29mA,54,99,98,0
33.279,HR,33,1,11564401,g5/29mA/29mA,54,99,98,0
33.279,HR,33,2,14240694,g5/29mA/29mA,54,99,98,0
33.279,HR,33,3,12040042,g4/29mA/29mA,54,99,98,0
33.279,HR,34,0,12982652,g5/29mA/29mA,54,99,98,0
33.279,HR,34,1,11564741,g5/29mA/29mA,54,99,98,0
33.279,HR,34,2,14241242,g5/29mA/29mA,54,99,98,0
33.279,HR,34,3,12038472,g4/29mA/29mA,54,99,98,0
33.279,HR,35,0,12986637,g5/29mA/29mA,54,99,98,0
33.279,HR,35,1,11566686,g5/29mA/29mA,54,99,98,0
33.279,HR,35,2,14241925,g5/29mA/29mA,54,99,98,0
33.279,HR,35,3,12038788,g4/29mA/29mA,54,99,98,0
33.279,HR,36,0,12991866,g5/29mA/29mA,54,99,98,0
33.279,HR,36,1,11571063,g5/29mA/29mA,54,99,98,0
33.279,HR,36,2,14245754,g5/29mA/29mA,54,99,98,0
33.279,HR,36,3,12041988,g4/29mA/29mA,54,99,98,0
33.279,HR,37,0,12995807,g5/29mA/29mA,54,99,98,0
33.279,HR,37,1,11574321,g5/29mA/29mA,54,99,98,0
33.279,HR,37,2,14253730,g5/29mA/29mA,54,99,98,0
33.279,HR,37,3,12047242,g4/29mA/29mA,54,99,98,0
33.280,HR,38,0,13001010,g5/29mA/29mA,54,99,98,0
33.280,HR,38,1,11576752,g5/29mA/29mA,54,99,98,0
33.280,HR,38,2,14263636,g5/29mA/29mA,54,99,98,0
33.280,HR,38,3,12052600,g4/29mA/29mA,54,99,98,0
33.280,HR,39,0,13007820,g5/29mA/29mA,54,99,98,0
33.280,HR,39,1,11581522,g5/29mA/29mA,54,99,98,0
33.280,HR,39,2,14269857,g5/29mA/29mA,54,99,98,0
33.280,HR,39,3,12056253,g4/29mA/29mA,54,99,98,0
33.280,HR,40,0,13014995,g5/29mA/29mA,54,99,98,0
33.280,HR,40,1,11584611,g5/29mA/29mA,54,99,98,0
33.280,HR,40,2,14273285,g5/29mA/29mA,54,99,98,0
33.280,HR,40,3,12058862,g4/29mA/29mA,54,99,98,0
33.280,HR,41,0,13023543,g5/29mA/29mA,54,99,98,0
33.280,HR,41,1,11591136,g5/29mA/29mA,54,99,98,0
33.280,HR,41,2,14279019,g5/29mA/29mA,54,99,98,0
33.280,HR,41,3,12063453,g4/29mA/29mA,54,99,98,0
33.280,HR,42,0,13028352,g5/29mA/29mA,54,99,98,0
33.280,HR,42,1,11595863,g5/29mA/29mA,54,99,98,0
33.280,HR,42,2,14289546,g5/29mA/29mA,54,99,98,0
33.280,HR,42,3,12069500,g4/29mA/29mA,54,99,98,0
33.280,HR,43,0,13033055,g5/29mA/29mA,54,99,98,0
33.280,HR,43,1,11598099,g5/29mA/29mA,54,99,98,0
33.280,HR,43,2,14298751,g5/29mA/29mA,54,99,98,0
33.280,HR,43,3,12073358,g4/29mA/29mA,54,99,98,0
33.280,HR,44,0,13041075,g5/29mA/29mA,54,99,98,0
33.280,HR,44,1,11601887,g5/29mA/29mA,54,99,98,0
33.280,HR,44,2,14304595,g5/29mA/29mA,54,99,98,0
33.280,HR,44,3,12076752,g4/29mA/29mA,54,99,98,0
33.303,HR,45,0,13048743,g5/29mA/29mA,54,99,98,0
33.303,HR,45,1,11606835,g5/29mA/29mA,54,99,98,0
33.303,HR,45,2,14309475,g5/29mA/29mA,54,99,98,0
33.303,HR,45,3,12080634,g4/29mA/29mA,54,99,98,0
33.303,HR,46,0,13055798,g5/29mA/29mA,54,99,98,0
33.303,HR,46,1,11613078,g5/29mA/29mA,54,99,98,0
33.303,HR,46,2,14318305,g5/29mA/29mA,54,99,98,0
33.303,HR,46,3,12085711,g4/29mA/29mA,54,99,98,0
33.304,HR,47,0,13060637,g5/29mA/29mA,54,99,98,0
33.304,HR,47,1,11617328,g5/29mA/29mA,54,99,98,0
33.304,HR,47,2,14329191,g5/29mA/29mA,54,99,98,0
33.304,HR,47,3,12092101,g4/29mA/29mA,54,99,98,0
33.304,HR,48,0,13067990,g5/29mA/29mA,54,99,98,0
33.304,HR,48,1,11621125,g5/29mA/29mA,54,99,98,0
33.304,HR,48,2,14338114,g5/29mA/29mA,54,99,98,0
33.304,HR,48,3,12097312,g4/29mA/29mA,54,99,98,0
33.304,HR,49,0,13076855,g5/29mA/29mA,54,99,98,0
33.304,HR,49,1,11626234,g5/29mA/29mA,54,99,98,0
33.304,HR,49,2,14344624,g5/29mA/29mA,54,99,98,0
33.304,HR,49,3,12101289,g4/29mA/29mA,54,99,98,0
33.304,HR,50,0,13080182,g5/29mA/29mA,54,99,98,0
33.304,HR,50,1,11630874,g5/29mA/29mA,54,99,98,0
33.304,HR,50,2,14348361,g5/29mA/29mA,54,99,98,0
33.304,HR,50,3,12104207,g4/29mA/29mA,54,99,98,0
33.304,HR,51,0,13064083,g5/29mA/29mA,54,99,98,0
33.304,HR,51,1,11624382,g5/29mA/29mA,54,99,98,0
33.304,HR,51,2,14334182,g5/29mA/29mA,54,99,98,0
33.304,HR,51,3,12096537,g4/29mA/29mA,54,99,98,0
33.304,HR,52,0,13032876,g5/29mA/29mA,54,99,98,0
33.304,HR,52,1,11606910,g5/29mA/29mA,54,99,98,0
33.304,HR,52,2,14305362,g5/29mA/29mA,54,99,98,0
33.304,HR,52,3,12077486,g4/29mA/29mA,54,99,98,0
33.304,HR,53,0,13011385,g5/29mA/29mA,54,99,98,0
33.304,HR,53,1,11591009,g5/29mA/29mA,54,99,98,0
33.304,HR,53,2,14281678,g5/29mA/29mA,54,99,98,0
33.304,HR,53,3,12060064,g4/29mA/29mA,54,99,98,0
33.304,HR,54,0,13002938,g5/29mA/29mA,54,99,98,0
33.304,HR,54,1,11582776,g5/29mA/29mA,54,99,98,0
33.304,HR,54,2,14267553,g5/29mA/29mA,54,99,98,0
33.304,HR,54,3,12051100,g4/29mA/29mA,54,99,98,0
33.304,HR,55,0,13000713,g5/29mA/29mA,54,99,98,0
33.304,HR,55,1,11579229,g5/29mA/29mA,54,99,98,0
33.304,HR,55,2,14261111,g5/29mA/29mA,54,99,98,0
33.304,HR,55,3,12048737,g4/29mA/29mA,54,99,98,0
33.304,HR,56,0,12998623,g5/29mA/29mA,54,99,98,0
33.304,HR,56,1,11578390,g5/29mA/29mA,54,99,98,0
33.304,HR,56,2,14260583,g5/29mA/29mA,54,99,98,0
33.304,HR,56,3,12049282,g4/29mA/29mA,54,99,98,0
33.341,HR,57,0,12997974,g5/29mA/29mA,54,99,98,0
33.341,HR,57,1,11577521,g5/29mA/29mA,54,99,98,0
33.341,HR,57,2,14263799,g5/29mA/29mA,54,99,98,0
33.341,HR,57,3,12049674,g4/29mA/29mA,54,99,98,0
33.341,HR,58,0,13000781,g5/29mA/29mA,54,99,98,0
33.341,HR,58,1,11578007,g5/29mA/29mA,54,99,98,0
33.341,HR,58,2,14266298,g5/29mA/29mA,54,99,98,0
33.341,HR,58,3,12050962,g4/29mA/29mA,54,99,98,0
33.341,HR,59,0,13001770,g5/29mA/29mA,54,99,98,0
33.341,HR,59,1,11580021,g5/29mA/29mA,54,99,98,0
33.341,HR,59,2,14264686,g5/29mA/29mA,54,99,98,0
33.341,HR,59,3,12051509,g4/29mA/29mA,54,99,98,0
33.341,HR,60,0,13002938,g5/29mA/29mA,54,99,98,0
33.341,HR,60,1,11582282,g5/29mA/29mA,54,99,98,0
33.341,HR,60,2,14259517,g5/29mA/29mA,54,99,98,0
33.341,HR,60,3,12051448,g4/29mA/29mA,54,99,98,0
33.341,HR,61,0,13002351,g5/29mA/29mA,54,99,98,0
33.341,HR,61,1,11584738,g5/29mA/29mA,54,99,98,0
33.341,HR,61,2,14259788,g5/29mA/29mA,54,99,98,0
33.341,HR,61,3,12052387,g4/29mA/29mA,54,99,98,0
33.341,HR,62,0,13001412,g5/29mA/29mA,54,99,98,0
33.341,HR,62,1,11583212,g5/29mA/29mA,54,99,98,0
33.341,HR,62,2,14262477,g5/29mA/29mA,54,99,98,0
33.341,HR,62,3,12051448,g4/29mA/29mA,54,99,98,0
33.341,HR,63,0,13004842,g5/29mA/29mA,54,99,98,0
33.341,HR,63,1,11582503,g5/29mA/29mA,54,99,98,0
33.341,HR,63,2,14264601,g5/29mA/29mA,54,99,98,0
33.341,HR,63,3,12051628,g4/29mA/29mA,54,99,98,0
33.341,HR,64,0,13010352,g5/29mA/29mA,54,99,98,0
33.341,HR,64,1,11586316,g5/29mA/29mA,54,99,98,0
33.341,HR,64,2,14266392,g5/29mA/29mA,54,99,98,0
33.341,HR,64,3,12054520,g4/29mA/29mA,54,99,98,0
33.341,SPO2,32,0,13914013,g2/20mA/0mA,54,99,98,0
33.341,SPO2,32,1,13808871,g2/18mA/0mA,54,99,98,0
33.341,SPO2,33,0,13914189,g2/20mA/0mA,54,99,98,0
33.341,SPO2,33,1,13809173,g2/18mA/0mA,54,99,98,0
33.341,SPO2,34,0,13916449,g2/20mA/0mA,54,99,98,0
33.341,SPO2,34,1,13811435,g2/18mA/0mA,54,99,98,0
33.341,SPO2,35,0,13916459,g2/20mA/0mA,54,99,98,0
33.341,SPO2,35,1,13811975,g2/18mA/0mA,54,99,98,0
33.341,SPO2,36,0,13917430,g2/20mA/0mA,54,99,98,0
33.341,SPO2,36,1,13813220,g2/18mA/0mA,54,99,98,0
33.341,SPO2,37,0,13917269,g2/20mA/0mA,54,99,98,0
33.341,SPO2,37,1,13813435,g2/18mA/0mA,54,99,98,0
33.341,SPO2,38,0,13917794,g2/20mA/0mA,54,99,98,0
33.341,SPO2,38,1,13814203,g2/18mA/0mA,54,99,98,0
33.341,SPO2,39,0,13919006,g2/20mA/0mA,54,99,98,0
33.341,SPO2,39,1,13815552,g2/18mA/0mA,54,99,98,0
33.341,SPO2,40,0,13919027,g2/20mA/0mA,54,99,98,0
33.341,SPO2,40,1,13816405,g2/18mA/0mA,54,99,98,0
33.362,SPO2,41,0,13920476,g2/20mA/0mA,54,99,98,0
33.362,SPO2,41,1,13818156,g2/18mA/0mA,54,99,98,0
33.362,SPO2,42,0,13920025,g2/20mA/0mA,54,99,98,0
33.362,SPO2,42,1,13817845,g2/18mA/0mA,54,99,98,0
33.362,SPO2,43,0,13920560,g2/20mA/0mA,54,99,98,0
33.362,SPO2,43,1,13818729,g2/18mA/0mA,54,99,98,0
33.362,SPO2,44,0,13921416,g2/20mA/0mA,54,99,98,0
33.362,SPO2,44,1,13820066,g2/18mA/0mA,54,99,98,0
33.362,SPO2,45,0,13920733,g2/20mA/0mA,54,99,98,0
33.362,SPO2,45,1,13820104,g2/18mA/0mA,54,99,98,0
33.362,SPO2,46,0,13920912,g2/20mA/0mA,54,99,98,0
33.362,SPO2,46,1,13820410,g2/18mA/0mA,54,99,98,0
33.362,SPO2,47,0,13920258,g2/20mA/0mA,54,99,98,0
33.362,SPO2,47,1,13819895,g2/18mA/0mA,54,99,98,0
33.362,SPO2,48,0,13921369,g2/20mA/0mA,54,99,98,0
33.362,SPO2,48,1,13821397,g2/18mA/0mA,54,99,98,0
33.362,SPO2,49,0,13922255,g2/20mA/0mA,54,99,98,0
33.362,SPO2,49,1,13822876,g2/18mA/0mA,54,99,98,0
33.391,SPO2,50,0,13921886,g2/20mA/0mA,54,99,98,0
33.391,SPO2,50,1,13822645,g2/18mA/0mA,54,99,98,0
33.391,SPO2,51,0,13921056,g2/20mA/0mA,54,99,98,0
33.391,SPO2,51,1,13819407,g2/18mA/0mA,54,99,98,0
33.391,SPO2,52,0,13917929,g2/20mA/0mA,54,99,98,0
33.391,SPO2,52,1,13813999,g2/18mA/0mA,54,99,98,0
33.391,SPO2,53,0,13916978,g2/20mA/0mA,54,99,98,0
33.391,SPO2,53,1,13811742,g2/18mA/0mA,54,99,98,0
33.391,SPO2,54,0,13916377,g2/20mA/0mA,54,99,98,0
33.391,SPO2,54,1,13810874,g2/18mA/0mA,54,99,98,0
33.391,SPO2,55,0,13915840,g2/20mA/0mA,54,99,98,0
33.391,SPO2,55,1,13810538,g2/18mA/0mA,54,99,98,0
33.391,SPO2,56,0,13916207,g2/20mA/0mA,54,99,98,0
33.391,SPO2,56,1,13811045,g2/18mA/0mA,54,99,98,0
33.420,SPO2,57,0,13916100,g2/20mA/0mA,54,99,98,0
33.420,SPO2,57,1,13811277,g2/18mA/0mA,54,99,98,0
33.420,SPO2,58,0,13916585,g2/20mA/0mA,54,99,98,0
33.420,SPO2,58,1,13811760,g2/18mA/0mA,54,99,98,0
33.420,SPO2,59,0,13915959,g2/20mA/0mA,54,99,98,0
33.420,SPO2,59,1,13811587,g2/18mA/0mA,54,99,98,0
33.420,SPO2,60,0,13915599,g2/20mA/0mA,54,99,98,0
33.420,SPO2,60,1,13811435,g2/18mA/0mA,54,99,98,0
33.420,SPO2,61,0,13915762,g2/20mA/0mA,54,99,98,0
33.420,SPO2,61,1,13811404,g2/18mA/0mA,54,99,98,0
33.420,SPO2,62,0,13915677,g2/20mA/0mA,54,99,98,0
33.420,SPO2,62,1,13811419,g2/18mA/0mA,54,99,98,0
33.420,SPO2,63,0,13916956,g2/20mA/0mA,54,99,98,0
33.420,SPO2,63,1,13812941,g2/18mA/0mA,54,99,98,0
33.420,SPO2,64,0,13917319,g2/20mA/0mA,54,99,98,0
33.420,SPO2,64,1,13813601,g2/18mA/0mA,54,99,98,0
34.652,HR,65,0,13013775,g5/29mA/29mA,54,99,98,0
34.652,HR,65,1,11588372,g5/29mA/29mA,54,99,98,0
34.652,HR,65,2,14271135,g5/29mA/29mA,54,99,98,0
34.652,HR,65,3,12059298,g4/29mA/29mA,54,99,98,0
34.652,HR,66,0,13018339,g5/29mA/29mA,54,99,98,0
34.652,HR,66,1,11589924,g5/29mA/29mA,54,99,98,0
34.652,HR,66,2,14279060,g5/29mA/29mA,54,99,98,0
34.652,HR,66,3,12064834,g4/29mA/29mA,54,99,98,0
34.652,HR,67,0,13023935,g5/29mA/29mA,54,99,98,0
34.652,HR,67,1,11592852,g5/29mA/29mA,54,99,98,0
34.652,HR,67,2,14286151,g5/29mA/29mA,54,99,98,0
34.652,HR,67,3,12067598,g4/29mA/29mA,54,99,98,0
34.652,HR,68,0,13030001,g5/29mA/29mA,54,99,98,0
34.652,HR,68,1,11595512,g5/29mA/29mA,54,99,98,0
34.652,HR,68,2,14293384,g5/29mA/29mA,54,99,98,0
34.652,HR,68,3,12070789,g4/29mA/29mA,54,99,98,0
34.652,HR,69,0,13037415,g5/29mA/29mA,54,99,98,0
34.652,HR,69,1,11600419,g5/29mA/29mA,54,99,98,0
34.652,HR,69,2,14297787,g5/29mA/29mA,54,99,98,0
34.652,HR,69,3,12076557,g4/29mA/29mA,54,99,98,0
34.652,HR,70,0,13042345,g5/29mA/29mA,54,99,98,0
34.652,HR,70,1,11605597,g5/29mA/29mA,54,99,98,0
34.652,HR,70,2,14303905,g5/29mA/29mA,54,99,98,0
34.652,HR,70,3,12082887,g4/29mA/29mA,54,99,98,0
34.652,HR,71,0,13047728,g5/29mA/29mA,54,99,98,0
34.652,HR,71,1,11610247,g5/29mA/29mA,54,99,98,0
34.652,HR,71,2,14311805,g5/29mA/29mA,54,99,98,0
34.652,HR,71,3,12088637,g4/29mA/29mA,54,99,98,0
34.652,HR,72,0,13054170,g5/29mA/29mA,54,99,98,0
34.652,HR,72,1,11614061,g5/29mA/29mA,54,99,98,0
34.652,HR,72,2,14319054,g5/29mA/29mA,54,99,98,0
34.652,HR,72,3,12091332,g4/29mA/29mA,54,99,98,0
34.652,HR,73,0,13061046,g5/29mA/29mA,54,99,98,0
34.652,HR,73,1,11616407,g5/29mA/29mA,54,99,98,0
34.652,HR,73,2,14326051,g5/29mA/29mA,54,99,98,0
34.652,HR,73,3,12094251,g4/29mA/29mA,54,99,98,0
34.653,HR,74,0,13067972,g5/29mA/29mA,54,99,98,0
34.653,HR,74,1,11622438,g5/29mA/29mA,54,99,98,0
34.653,HR,74,2,14333780,g5/29mA/29mA,54,99,98,0
34.653,HR,74,3,12101612,g4/29mA/29mA,54,99,98,0
34.653,HR,75,0,13071607,g5/29mA/29mA,54,99,98,0
34.653,HR,75,1,11626422,g5/29mA/29mA,54,99,98,0
34.653,HR,75,2,14341508,g5/29mA/29mA,54,99,98,0
34.653,HR,75,3,12108831,g4/29mA/29mA,54,99,98,0
34.653,HR,76,0,13076011,g5/29mA/29mA,54,99,98,0
34.653,HR,76,1,11628087,g5/29mA/29mA,54,99,98,0
34.653,HR,76,2,14347891,g5/29mA/29mA,54,99,98,0
34.653,HR,76,3,12111484,g4/29mA/29mA,54,99,98,0
34.653,HR,77,0,13065472,g5/29mA/29mA,54,99,98,0
34.653,HR,77,1,11622992,g5/29mA/29mA,54,99,98,0
34.653,HR,77,2,14337645,g5/29mA/29mA,54,99,98,0
34.653,HR,77,3,12102150,g4/29mA/29mA,54,99,98,0
34.741,HR,78,0,13039060,g5/29mA/29mA,54,99,98,0
34.741,HR,78,1,11607783,g5/29mA/29mA,54,99,98,0
34.741,HR,78,2,14308920,g5/29mA/29mA,54,99,98,0
34.741,HR,78,3,12082947,g4/29mA/29mA,54,99,98,0
34.741,HR,79,0,13014038,g5/29mA/29mA,54,99,98,0
34.741,HR,79,1,11594285,g5/29mA/29mA,54,99,98,0
34.741,HR,79,2,14282925,g5/29mA/29mA,54,99,98,0
34.741,HR,79,3,12068359,g4/29mA/29mA,54,99,98,0
34.741,HR,80,0,12997931,g5/29mA/29mA,54,99,98,0
34.741,HR,80,1,11583605,g5/29mA/29mA,54,99,98,0
34.741,HR,80,2,14269907,g5/29mA/29mA,54,99,98,0
34.741,HR,80,3,12062556,g4/29mA/29mA,54,99,98,0
34.741,HR,81,0,12994740,g5/29mA/29mA,54,99,98,0
34.741,HR,81,1,11579150,g5/29mA/29mA,54,99,98,0
34.741,HR,81,2,14261760,g5/29mA/29mA,54,99,98,0
34.741,HR,81,3,12057984,g4/29mA/29mA,54,99,98,0
34.741,HR,82,0,12995610,g5/29mA/29mA,54,99,98,0
34.741,HR,82,1,11578938,g5/29mA/29mA,54,99,98,0
34.741,HR,82,2,14256497,g5/29mA/29mA,54,99,98,0
34.741,HR,82,3,12052422,g4/29mA/29mA,54,99,98,0
34.742,HR,83,0,12996908,g5/29mA/29mA,54,99,98,0
34.742,HR,83,1,11577625,g5/29mA/29mA,54,99,98,0
34.742,HR,83,2,14257281,g5/29mA/29mA,54,99,98,0
34.742,HR,83,3,12051270,g4/29mA/29mA,54,99,98,0
34.742,HR,84,0,12996890,g5/29mA/29mA,54,99,98,0
34.742,HR,84,1,11577238,g5/29mA/29mA,54,99,98,0
34.742,HR,84,2,14262962,g5/29mA/29mA,54,99,98,0
34.742,HR,84,3,12056679,g4/29mA/29mA,54,99,98,0
34.742,HR,85,0,12993581,g5/29mA/29mA,54,99,98,0
34.742,HR,85,1,11578553,g5/29mA/29mA,54,99,98,0
34.742,HR,85,2,14266537,g5/29mA/29mA,54,99,98,0
34.742,HR,85,3,12062360,g4/29mA/29mA,54,99,98,0
34.742,HR,86,0,12994767,g5/29mA/29mA,54,99,98,0
34.742,HR,86,1,11578375,g5/29mA/29mA,54,99,98,0
34.742,HR,86,2,14263799,g5/29mA/29mA,54,99,98,0
34.742,HR,86,3,12060986,g4/29mA/29mA,54,99,98,0
34.742,HR,87,0,12999586,g5/29mA/29mA,54,99,98,0
34.742,HR,87,1,11578612,g5/29mA/29mA,54,99,98,0
34.742,HR,87,2,14259857,g5/29mA/29mA,54,99,98,0
34.742,HR,87,3,12054418,g4/29mA/29mA,54,99,98,0
34.742,HR,88,0,13002787,g5/29mA/29mA,54,99,98,0
34.742,HR,88,1,11578160,g5/29mA/29mA,54,99,98,0
34.742,HR,88,2,14261077,g5/29mA/29mA,54,99,98,0
34.742,HR,88,3,12052130,g4/29mA/29mA,54,99,98,0
34.742,HR,89,0,13002821,g5/29mA/29mA,54,99,98,0
34.742,HR,89,1,11578750,g5/29mA/29mA,54,99,98,0
34.742,HR,89,2,14269661,g5/29mA/29mA,54,99,98,0
34.742,HR,89,3,12058846,g4/29mA/29mA,54,99,98,0
34.772,HR,90,0,13002836,g5/29mA/29mA,54,99,98,0
34.772,HR,90,1,11580976,g5/29mA/29mA,54,99,98,0
34.772,HR,90,2,14275385,g5/29mA/29mA,54,99,98,0
34.772,HR,90,3,12065773,g4/29mA/29mA,54,99,98,0
34.772,HR,91,0,13009192,g5/29mA/29mA,54,99,98,0
34.772,HR,91,1,11583433,g5/29mA/29mA,54,99,98,0
34.772,HR,91,2,14277533,g5/29mA/29mA,54,99,98,0
34.772,HR,91,3,12068416,g4/29mA/29mA,54,99,98,0
34.772,HR,92,0,13020830,g5/29mA/29mA,54,99,98,0
34.772,HR,92,1,11590428,g5/29mA/29mA,54,99,98,0
34.772,HR,92,2,14280408,g5/29mA/29mA,54,99,98,0
34.772,HR,92,3,12067155,g4/29mA/29mA,54,99,98,0
34.772,HR,93,0,13028517,g5/29mA/29mA,54,99,98,0
34.772,HR,93,1,11594455,g5/29mA/29mA,54,99,98,0
34.772,HR,93,2,14288445,g5/29mA/29mA,54,99,98,0
34.772,HR,93,3,12069570,g4/29mA/29mA,54,99,98,0
34.772,HR,94,0,13032252,g5/29mA/29mA,54,99,98,0
34.772,HR,94,1,11596665,g5/29mA/29mA,54,99,98,0
34.772,HR,94,2,14301456,g5/29mA/29mA,54,99,98,0
34.772,HR,94,3,12078390,g4/29mA/29mA,54,99,98,0
34.772,HR,95,0,13033882,g5/29mA/29mA,54,99,98,0
34.772,HR,95,1,11601751,g5/29mA/29mA,54,99,98,0
34.772,HR,95,2,14308529,g5/29mA/29mA,54,99,98,0
34.772,HR,95,3,12086871,g4/29mA/29mA,54,99,98,0
34.772,HR,96,0,13040972,g5/29mA/29mA,54,99,98,0
34.772,HR,96,1,11605487,g5/29mA/29mA,54,99,98,0
34.772,HR,96,2,14310558,g5/29mA/29mA,54,99,98,0
34.772,HR,96,3,12089156,g4/29mA/29mA,54,99,98,0
34.772,HR,97,0,13054160,g5/29mA/29mA,54,99,98,0
34.772,HR,97,1,11613123,g5/29mA/29mA,54,99,98,0
34.772,HR,97,2,14312434,g5/29mA/29mA,54,99,98,0
34.772,HR,97,3,12088015,g4/29mA/29mA,54,99,98,0
34.772,HR,98,0,13062008,g5/29mA/29mA,54,99,98,0
34.772,HR,98,1,11618113,g5/29mA/29mA,54,99,98,0
34.772,HR,98,2,14321026,g5/29mA/29mA,54,99,98,0
34.772,HR,98,3,12089473,g4/29mA/29mA,54,99,98,0
34.804,SPO2,65,0,13915267,g2/20mA/0mA,54,99,98,0
34.804,SPO2,65,1,13811987,g2/18mA/0mA,54,99,98,0
34.804,SPO2,66,0,13915997,g2/20mA/0mA,54,99,98,0
34.804,SPO2,66,1,13813106,g2/18mA/0mA,54,99,98,0
34.804,SPO2,67,0,13917409,g2/20mA/0mA,54,99,98,0
34.804,SPO2,67,1,13814721,g2/18mA/0mA,54,99,98,0
34.804,SPO2,68,0,13916950,g2/20mA/0mA,54,99,98,0
34.804,SPO2,68,1,13814746,g2/18mA/0mA,54,99,98,0
34.804,SPO2,69,0,13917640,g2/20mA/0mA,54,99,98,0
34.804,SPO2,69,1,13815623,g2/18mA/0mA,54,99,98,0
34.804,SPO2,70,0,13917429,g2/20mA/0mA,54,99,98,0
34.804,SPO2,70,1,13815792,g2/18mA/0mA,54,99,98,0
34.804,SPO2,71,0,13917230,g2/20mA/0mA,54,99,98,0
34.804,SPO2,71,1,13815981,g2/18mA/0mA,54,99,98,0
34.804,SPO2,72,0,13918718,g2/20mA/0mA,54,99,98,0
34.804,SPO2,72,1,13817939,g2/18mA/0mA,54,99,98,0
34.804,SPO2,73,0,13919414,g2/20mA/0mA,54,99,98,0
34.804,SPO2,73,1,13818856,g2/18mA/0mA,54,99,98,0
34.805,SPO2,74,0,13918967,g2/20mA/0mA,54,99,98,0
34.805,SPO2,74,1,13818581,g2/18mA/0mA,54,99,98,0
34.805,SPO2,75,0,13916814,g2/20mA/0mA,54,99,98,0
34.805,SPO2,75,1,13817048,g2/18mA/0mA,54,99,98,0
34.805,SPO2,76,0,13918279,g2/20mA/0mA,54,99,98,0
34.805,SPO2,76,1,13818616,g2/18mA/0mA,54,99,98,0
34.805,SPO2,77,0,13919141,g2/20mA/0mA,54,99,98,0
34.805,SPO2,77,1,13818119,g2/18mA/0mA,54,99,98,0
34.805,SPO2,78,0,13916440,g2/20mA/0mA,54,99,98,0
34.805,SPO2,78,1,13813141,g2/18mA/0mA,54,99,98,0
34.805,SPO2,79,0,13913057,g2/20mA/0mA,54,99,98,0
34.805,SPO2,79,1,13808115,g2/18mA/0mA,54,99,98,0
34.805,SPO2,80,0,13909220,g2/20mA/0mA,54,99,98,0
34.805,SPO2,80,1,13803863,g2/18mA/0mA,54,99,98,0
34.805,SPO2,81,0,13911203,g2/20mA/0mA,54,99,98,0
34.805,SPO2,81,1,13806199,g2/18mA/0mA,54,99,98,0
34.805,SPO2,82,0,13912669,g2/20mA/0mA,54,99,98,0
34.805,SPO2,82,1,13808269,g2/18mA/0mA,54,99,98,0
34.805,SPO2,83,0,13912381,g2/20mA/0mA,54,99,98,0
34.805,SPO2,83,1,13808146,g2/18mA/0mA,54,99,98,0
34.805,SPO2,84,0,13911206,g2/20mA/0mA,54,99,98,0
34.805,SPO2,84,1,13806688,g2/18mA/0mA,54,99,98,0
34.805,SPO2,85,0,13908142,g2/20mA/0mA,54,99,98,0
34.805,SPO2,85,1,13803807,g2/18mA/0mA,54,99,98,0
34.805,SPO2,86,0,13908965,g2/20mA/0mA,54,99,98,0
34.805,SPO2,86,1,13805181,g2/18mA/0mA,54,99,98,0
34.805,SPO2,87,0,13913429,g2/20mA/0mA,54,99,98,0
34.805,SPO2,87,1,13810057,g2/18mA/0mA,54,99,98,0
34.806,SPO2,88,0,13913576,g2/20mA/0mA,54,99,98,0
34.806,SPO2,88,1,13810409,g2/18mA/0mA,54,99,98,0
34.806,SPO2,89,0,13911352,g2/20mA/0mA,54,99,98,0
34.806,SPO2,89,1,13807816,g2/18mA/0mA,54,99,98,0
34.806,SPO2,90,0,13909405,g2/20mA/0mA,54,99,98,0
34.806,SPO2,90,1,13806239,g2/18mA/0mA,54,99,98,0
34.830,SPO2,91,0,13911175,g2/20mA/0mA,54,99,98,0
34.830,SPO2,91,1,13808706,g2/18mA/0mA,54,99,98,0
34.830,SPO2,92,0,13915545,g2/20mA/0mA,54,99,98,0
34.830,SPO2,92,1,13813672,g2/18mA/0mA,54,99,98,0
34.830,SPO2,93,0,13915359,g2/20mA/0mA,54,99,98,0
34.830,SPO2,93,1,13813984,g2/18mA/0mA,54,99,98,0
34.830,SPO2,94,0,13913565,g2/20mA/0mA,54,99,98,0
34.830,SPO2,94,1,13811804,g2/18mA/0mA,54,99,98,0
34.830,SPO2,95,0,13911502,g2/20mA/0mA,54,99,98,0
34.830,SPO2,95,1,13810159,g2/18mA/0mA,54,99,98,0
34.830,SPO2,96,0,13913342,g2/20mA/0mA,54,99,98,0
34.830,SPO2,96,1,13812777,g2/18mA/0mA,54,99,98,0
34.830,SPO2,97,0,13917904,g2/20mA/0mA,54,99,98,0
34.830,SPO2,97,1,13818209,g2/18mA/0mA,54,99,98,0
36.032,HR,99,0,13064978,g5/29mA/29mA,54,99,98,0
36.032,HR,99,1,11619546,g5/29mA/29mA,54,99,98,0
36.032,HR,99,2,14334206,g5/29mA/29mA,54,99,98,0
36.032,HR,99,3,12098577,g4/29mA/29mA,54,99,98,0
36.032,HR,100,0,13067750,g5/29mA/29mA,54,99,98,0
36.032,HR,100,1,11624306,g5/29mA/29mA,54,99,98,0
36.032,HR,100,2,14343797,g5/29mA/29mA,54,99,98,0
36.032,HR,100,3,12106903,g4/29mA/29mA,54,99,98,0
36.032,HR,101,0,13075729,g5/29mA/29mA,54,99,98,0
36.032,HR,101,1,11627233,g5/29mA/29mA,54,99,98,0
36.032,HR,101,2,14345980,g5/29mA/29mA,54,99,98,0
36.032,HR,101,3,12110401,g4/29mA/29mA,54,99,98,0
36.032,HR,102,0,13089267,g5/29mA/29mA,54,99,98,0
36.032,HR,102,1,11634681,g5/29mA/29mA,54,99,98,0
36.032,HR,102,2,14348719,g5/29mA/29mA,54,99,98,0
36.032,HR,102,3,12109301,g4/29mA/29mA,54,99,98,0
36.032,HR,103,0,13097091,g5/29mA/29mA,54,99,98,0
36.032,HR,103,1,11638853,g5/29mA/29mA,54,99,98,0
36.032,HR,103,2,14360184,g5/29mA/29mA,54,99,98,0
36.032,HR,103,3,12112490,g4/29mA/29mA,54,99,98,0
36.032,HR,104,0,13095256,g5/29mA/29mA,54,99,98,0
36.032,HR,104,1,11638646,g5/29mA/29mA,54,99,98,0
36.032,HR,104,2,14372008,g5/29mA/29mA,54,99,98,0
36.032,HR,104,3,12120372,g4/29mA/29mA,54,99,98,0
36.059,HR,105,0,13076189,g5/29mA/29mA,54,99,98,0
36.059,HR,105,1,11631096,g5/29mA/29mA,54,99,98,0
36.059,HR,105,2,14359051,g5/29mA/29mA,54,99,98,0
36.059,HR,105,3,12116806,g4/29mA/29mA,54,99,98,0
36.059,HR,106,0,13049810,g5/29mA/29mA,54,99,98,0
36.059,HR,106,1,11615134,g5/29mA/29mA,54,99,98,0
36.059,HR,106,2,14322733,g5/29mA/29mA,54,99,98,0
36.059,HR,106,3,12096630,g4/29mA/29mA,54,99,98,0
36.059,HR,107,0,13032252,g5/29mA/29mA,54,99,98,0
36.059,HR,107,1,11603261,g5/29mA/29mA,54,99,98,0
36.059,HR,107,2,14294179,g5/29mA/29mA,54,99,98,0
36.059,HR,107,3,12073868,g4/29mA/29mA,54,99,98,0
36.059,HR,108,0,13023117,g5/29mA/29mA,54,99,98,0
36.059,HR,108,1,11595583,g5/29mA/29mA,54,99,98,0
36.059,HR,108,2,14284674,g5/29mA/29mA,54,99,98,0
36.059,HR,108,3,12066105,g4/29mA/29mA,54,99,98,0
36.059,HR,109,0,13014984,g5/29mA/29mA,54,99,98,0
36.059,HR,109,1,11590156,g5/29mA/29mA,54,99,98,0
36.060,HR,109,2,14283854,g5/29mA/29mA,54,99,98,0
36.060,HR,109,3,12069169,g4/29mA/29mA,54,99,98,0
36.060,HR,110,0,13012672,g5/29mA/29mA,54,99,98,0
36.060,HR,110,1,11588117,g5/29mA/29mA,54,99,98,0
36.060,HR,110,2,14281262,g5/29mA/29mA,54,99,98,0
36.060,HR,110,3,12071113,g4/29mA/29mA,54,99,98,0
36.061,HR,111,0,13017194,g5/29mA/29mA,54,99,98,0
36.061,HR,111,1,11588007,g5/29mA/29mA,54,99,98,0
36.061,HR,111,2,14276108,g5/29mA/29mA,54,99,98,0
36.061,HR,111,3,12067478,g4/29mA/29mA,54,99,98,0
36.061,HR,112,0,13022868,g5/29mA/29mA,54,99,98,0
36.061,HR,112,1,11590564,g5/29mA/29mA,54,99,98,0
36.061,HR,112,2,14275837,g5/29mA/29mA,54,99,98,0
36.061,HR,112,3,12063307,g4/29mA/29mA,54,99,98,0
36.061,HR,113,0,13021922,g5/29mA/29mA,54,99,98,0
36.061,HR,113,1,11589806,g5/29mA/29mA,54,99,98,0
36.061,HR,113,2,14280272,g5/29mA/29mA,54,99,98,0
36.061,HR,113,3,12066405,g4/29mA/29mA,54,99,98,0
36.061,HR,114,0,13017220,g5/29mA/29mA,54,99,98,0
36.061,HR,114,1,11587887,g5/29mA/29mA,54,99,98,0
36.061,HR,114,2,14284547,g5/29mA/29mA,54,99,98,0
36.061,HR,114,3,12071719,g4/29mA/29mA,54,99,98,0
36.061,HR,115,0,13015727,g5/29mA/29mA,54,99,98,0
36.061,HR,115,1,11586248,g5/29mA/29mA,54,99,98,0
36.061,HR,115,2,14281808,g5/29mA/29mA,54,99,98,0
36.061,HR,115,3,12072222,g4/29mA/29mA,54,99,98,0
36.061,HR,116,0,13020259,g5/29mA/29mA,54,99,98,0
36.061,HR,116,1,11586821,g5/29mA/29mA,54,99,98,0
36.061,HR,116,2,14278165,g5/29mA/29mA,54,99,98,0
36.061,HR,116,3,12067787,g4/29mA/29mA,54,99,98,0
36.064,HR,117,0,13025778,g5/29mA/29mA,54,99,98,0
36.064,HR,117,1,11589942,g5/29mA/29mA,54,99,98,0
36.064,HR,117,2,14279590,g5/29mA/29mA,54,99,98,0
36.064,HR,117,3,12065628,g4/29mA/29mA,54,99,98,0
36.064,HR,118,0,13028550,g5/29mA/29mA,54,99,98,0
36.064,HR,118,1,11591189,g5/29mA/29mA,54,99,98,0
36.064,HR,118,2,14287600,g5/29mA/29mA,54,99,98,0
36.064,HR,118,3,12072264,g4/29mA/29mA,54,99,98,0
36.064,HR,119,0,13030086,g5/29mA/29mA,54,99,98,0
36.064,HR,119,1,11594830,g5/29mA/29mA,54,99,98,0
36.064,HR,119,2,14297436,g5/29mA/29mA,54,99,98,0
36.064,HR,119,3,12081018,g4/29mA/29mA,54,99,98,0
36.064,HR,120,0,13035077,g5/29mA/29mA,54,99,98,0
36.064,HR,120,1,11597511,g5/29mA/29mA,54,99,98,0
36.064,HR,120,2,14300423,g5/29mA/29mA,54,99,98,0
36.064,HR,120,3,12084175,g4/29mA/29mA,54,99,98,0
36.064,HR,121,0,13046688,g5/29mA/29mA,54,99,98,0
36.064,HR,121,1,11601288,g5/29mA/29mA,54,99,98,0
36.064,HR,121,2,14300584,g5/29mA/29mA,54,99,98,0
36.064,HR,121,3,12083791,g4/29mA/29mA,54,99,98,0
36.064,HR,122,0,13054827,g5/29mA/29mA,54,99,98,0
36.064,HR,122,1,11605743,g5/29mA/29mA,54,99,98,0
36.064,HR,122,2,14305678,g5/29mA/29mA,54,99,98,0
36.064,HR,122,3,12084122,g4/29mA/29mA,54,99,98,0
36.064,HR,123,0,13057188,g5/29mA/29mA,54,99,98,0
36.064,HR,123,1,11606033,g5/29mA/29mA,54,99,98,0
36.064,HR,123,2,14320180,g5/29mA/29mA,54,99,98,0
36.064,HR,123,3,12092142,g4/29mA/29mA,54,99,98,0
36.064,HR,124,0,13058385,g5/29mA/29mA,54,99,98,0
36.064,HR,124,1,11607969,g5/29mA/29mA,54,99,98,0
36.064,HR,124,2,14331435,g5/29mA/29mA,54,99,98,0
36.064,HR,124,3,12101289,g4/29mA/29mA,54,99,98,0
36.064,HR,125,0,13064877,g5/29mA/29mA,54,99,98,0
36.064,HR,125,1,11610597,g5/29mA/29mA,54,99,98,0
36.064,HR,125,2,14335316,g5/29mA/29mA,54,99,98,0
36.064,HR,125,3,12105495,g4/29mA/29mA,54,99,98,0
36.064,HR,126,0,13075977,g5/29mA/29mA,54,99,98,0
36.064,HR,126,1,11615289,g5/29mA/29mA,54,99,98,0
36.064,HR,126,2,14337082,g5/29mA/29mA,54,99,98,0
36.064,HR,126,3,12105667,g4/29mA/29mA,54,99,98,0
36.064,HR,127,0,13084131,g5/29mA/29mA,54,99,98,0
36.064,HR,127,1,11620296,g5/29mA/29mA,54,99,98,0
36.064,HR,127,2,14345040,g5/29mA/29mA,54,99,98,0
36.064,HR,127,3,12106945,g4/29mA/29mA,54,99,98,0
36.064,HR,128,0,13087109,g5/29mA/29mA,54,99,98,0
36.064,HR,128,1,11621312,g5/29mA/29mA,54,99,98,0
36.064,HR,128,2,14359119,g5/29mA/29mA,54,99,98,0
36.064,HR,128,3,12115383,g4/29mA/29mA,54,99,98,0
36.064,HR,129,0,13090001,g5/29mA/29mA,54,99,98,0
36.064,HR,129,1,11627018,g5/29mA/29mA,54,99,98,0
36.064,HR,129,2,14370216,g5/29mA/29mA,54,99,98,0
36.064,HR,129,3,12125543,g4/29mA/29mA,54,99,98,0
36.065,HR,130,0,13096903,g5/29mA/29mA,54,99,98,0
36.065,HR,130,1,11631703,g5/29mA/29mA,54,99,98,0
36.065,HR,130,2,14373647,g5/29mA/29mA,54,99,98,0
36.065,HR,130,3,12129339,g4/29mA/29mA,54,99,98,0
36.065,HR,131,0,13095675,g5/29mA/29mA,55,99,98,0
36.065,HR,131,1,11632530,g5/29mA/29mA,55,99,98,0
36.065,HR,131,2,14366242,g5/29mA/29mA,55,99,98,0
36.065,HR,131,3,12122710,g4/29mA/29mA,55,99,98,0
36.093,SPO2,98,0,13917854,g2/20mA/0mA,55,99,98,0
36.093,SPO2,98,1,13818564,g2/18mA/0mA,55,99,98,0
36.093,SPO2,99,0,13915484,g2/20mA/0mA,55,99,98,0
36.093,SPO2,99,1,13815901,g2/18mA/0mA,55,99,98,0
36.093,SPO2,100,0,13913898,g2/20mA/0mA,55,99,98,0
36.093,SPO2,100,1,13814442,g2/18mA/0mA,55,99,98,0
36.093,SPO2,101,0,13915893,g2/20mA/0mA,55,99,98,0
36.093,SPO2,101,1,13817236,g2/18mA/0mA,55,99,98,0
36.093,SPO2,102,0,13920489,g2/20mA/0mA,55,99,98,0
36.093,SPO2,102,1,13822720,g2/18mA/0mA,55,99,98,0
36.093,SPO2,103,0,13919511,g2/20mA/0mA,55,99,98,0
36.093,SPO2,103,1,13821694,g2/18mA/0mA,55,99,98,0
36.093,SPO2,104,0,13915587,g2/20mA/0mA,55,99,98,0
36.093,SPO2,104,1,13817144,g2/18mA/0mA,55,99,98,0
36.093,SPO2,105,0,13914202,g2/20mA/0mA,55,99,98,0
36.093,SPO2,105,1,13813891,g2/18mA/0mA,55,99,98,0
36.094,SPO2,106,0,13914485,g2/20mA/0mA,55,99,98,0
36.094,SPO2,106,1,13812216,g2/18mA/0mA,55,99,98,0
36.094,SPO2,107,0,13915036,g2/20mA/0mA,55,99,98,0
36.094,SPO2,107,1,13812305,g2/18mA/0mA,55,99,98,0
36.094,SPO2,108,0,13912842,g2/20mA/0mA,55,99,98,0
36.094,SPO2,108,1,13809583,g2/18mA/0mA,55,99,98,0
36.094,SPO2,109,0,13909415,g2/20mA/0mA,55,99,98,0
36.094,SPO2,109,1,13805798,g2/18mA/0mA,55,99,98,0
36.094,SPO2,110,0,13909626,g2/20mA/0mA,55,99,98,0
36.094,SPO2,110,1,13806090,g2/18mA/0mA,55,99,98,0
36.094,SPO2,111,0,13912502,g2/20mA/0mA,55,99,98,0
36.094,SPO2,111,1,13809787,g2/18mA/0mA,55,99,98,0
36.094,SPO2,112,0,13913195,g2/20mA/0mA,55,99,98,0
36.094,SPO2,112,1,13811227,g2/18mA/0mA,55,99,98,0
36.094,SPO2,113,0,13911433,g2/20mA/0mA,55,99,98,0
36.094,SPO2,113,1,13808951,g2/18mA/0mA,55,99,98,0
36.094,SPO2,114,0,13908853,g2/20mA/0mA,55,99,98,0
36.094,SPO2,114,1,13805830,g2/18mA/0mA,55,99,98,0
36.094,SPO2,115,0,13910005,g2/20mA/0mA,55,99,98,0
36.095,SPO2,115,1,13807266,g2/18mA/0mA,55,99,98,0
36.095,SPO2,116,0,13912341,g2/20mA/0mA,55,99,98,0
36.095,SPO2,116,1,13810159,g2/18mA/0mA,55,99,98,0
36.095,SPO2,117,0,13912283,g2/20mA/0mA,55,99,98,0
36.095,SPO2,117,1,13810869,g2/18mA/0mA,55,99,98,0
36.095,SPO2,118,0,13911513,g2/20mA/0mA,55,99,98,0
36.095,SPO2,118,1,13809710,g2/18mA/0mA,55,99,98,0
36.095,SPO2,119,0,13909506,g2/20mA/0mA,55,99,98,0
36.095,SPO2,119,1,13807917,g2/18mA/0mA,55,99,98,0
36.095,SPO2,120,0,13909961,g2/20mA/0mA,55,99,98,0
36.095,SPO2,120,1,13808895,g2/18mA/0mA,55,99,98,0
36.095,SPO2,121,0,13914403,g2/20mA/0mA,55,99,98,0
36.095,SPO2,121,1,13814176,g2/18mA/0mA,55,99,98,0
36.095,SPO2,122,0,13915562,g2/20mA/0mA,55,99,98,0
36.095,SPO2,122,1,13815595,g2/18mA/0mA,55,99,98,0
36.123,SPO2,123,0,13912556,g2/20mA/0mA,55,99,98,0
36.123,SPO2,123,1,13812288,g2/18mA/0mA,55,99,98,0
36.123,SPO2,124,0,13910596,g2/20mA/0mA,55,99,98,0
36.123,SPO2,124,1,13810624,g2/18mA/0mA,55,99,98,0
36.123,SPO2,125,0,13912451,g2/20mA/0mA,55,99,98,0
36.123,SPO2,125,1,13813002,g2/18mA/0mA,55,99,98,0
36.123,SPO2,126,0,13915843,g2/20mA/0mA,55,99,98,0
36.123,SPO2,126,1,13817099,g2/18mA/0mA,55,99,98,0
36.123,SPO2,127,0,13915281,g2/20mA/0mA,55,99,98,0
36.123,SPO2,127,1,13817233,g2/18mA/0mA,55,99,98,0
36.123,SPO2,128,0,13912494,g2/20mA/0mA,55,99,98,0
36.123,SPO2,128,1,13813987,g2/18mA/0mA,55,99,98,0
36.123,SPO2,129,0,13910608,g2/20mA/0mA,55,99,98,0
36.123,SPO2,129,1,13812729,g2/18mA/0mA,55,99,98,0
36.123,SPO2,130,0,13911238,g2/20mA/0mA,55,99,98,0
36.123,SPO2,130,1,13814151,g2/18mA/0mA,55,99,98,0
36.152,SPO2,131,0,13913658,g2/20mA/0mA,55,99,98,0
36.152,SPO2,131,1,13816160,g2/18mA/0mA,55,99,98,0
37.354,HR,132,0,13073639,g5/29mA/29mA,55,99,98,0
37.354,HR,132,1,11621712,g5/29mA/29mA,55,99,98,0
37.354,HR,132,2,14341553,g5/29mA/29mA,55,99,98,0
37.354,HR,132,3,12104829,g4/29mA/29mA,55,99,98,0
37.354,HR,133,0,13043249,g5/29mA/29mA,55,99,98,0
37.354,HR,133,1,11602561,g5/29mA/29mA,55,99,98,0
37.354,HR,133,2,14315993,g5/29mA/29mA,55,99,98,0
37.355,HR,133,3,12089857,g4/29mA/29mA,55,99,98,0
37.355,HR,134,0,13024797,g5/29mA/29mA,55,99,98,0
37.355,HR,134,1,11590822,g5/29mA/29mA,55,99,98,0
37.355,HR,134,2,14299562,g5/29mA/29mA,55,99,98,0
37.355,HR,134,3,12082315,g4/29mA/29mA,55,99,98,0
37.355,HR,135,0,13019133,g5/29mA/29mA,55,99,98,0
37.355,HR,135,1,11583552,g5/29mA/29mA,55,99,98,0
37.355,HR,135,2,14286330,g5/29mA/29mA,55,99,98,0
37.355,HR,135,3,12075736,g4/29mA/29mA,55,99,98,0
37.355,HR,136,0,13021332,g5/29mA/29mA,55,99,98,0
37.355,HR,136,1,11581607,g5/29mA/29mA,55,99,98,0
37.355,HR,136,2,14277132,g5/29mA/29mA,55,99,98,0
37.355,HR,136,3,12068921,g4/29mA/29mA,55,99,98,0
37.355,HR,137,0,13024592,g5/29mA/29mA,55,99,98,0
37.355,HR,137,1,11582998,g5/29mA/29mA,55,99,98,0
37.355,HR,137,2,14276006,g5/29mA/29mA,55,99,98,0
37.355,HR,137,3,12064374,g4/29mA/29mA,55,99,98,0
37.385,HR,138,0,13023219,g5/29mA/29mA,55,99,98,0
37.385,HR,138,1,11579637,g5/29mA/29mA,55,99,98,0
37.385,HR,138,2,14284640,g5/29mA/29mA,55,99,98,0
37.385,HR,138,3,12069485,g4/29mA/29mA,55,99,98,0
37.385,HR,139,0,13021366,g5/29mA/29mA,55,99,98,0
37.385,HR,139,1,11580755,g5/29mA/29mA,55,99,98,0
37.385,HR,139,2,14292319,g5/29mA/29mA,55,99,98,0
37.385,HR,139,3,12076829,g4/29mA/29mA,55,99,98,0
37.385,HR,140,0,13021965,g5/29mA/29mA,55,99,98,0
37.385,HR,140,1,11580891,g5/29mA/29mA,55,99,98,0
37.385,HR,140,2,14288410,g5/29mA/29mA,55,99,98,0
37.385,HR,140,3,12077085,g4/29mA/29mA,55,99,98,0
37.385,HR,141,0,13026707,g5/29mA/29mA,55,99,98,0
37.385,HR,141,1,11581377,g5/29mA/29mA,55,99,98,0
37.385,HR,141,2,14282585,g5/29mA/29mA,55,99,98,0
37.385,HR,141,3,12072478,g4/29mA/29mA,55,99,98,0
37.385,HR,142,0,13032824,g5/29mA/29mA,55,99,98,0
37.385,HR,142,1,11584875,g5/29mA/29mA,55,99,98,0
37.385,HR,142,2,14281425,g5/29mA/29mA,55,99,98,0
37.385,HR,142,3,12068325,g4/29mA/29mA,55,99,98,0
37.385,HR,143,0,13031715,g5/29mA/29mA,55,99,98,0
37.385,HR,143,1,11582639,g5/29mA/29mA,55,99,98,0
37.385,HR,143,2,14289853,g5/29mA/29mA,55,99,98,0
37.385,HR,143,3,12072554,g4/29mA/29mA,55,99,98,0
37.385,HR,144,0,13031921,g5/29mA/29mA,55,99,98,0
37.385,HR,144,1,11584005,g5/29mA/29mA,55,99,98,0
37.385,HR,144,2,14297575,g5/29mA/29mA,55,99,98,0
37.385,HR,144,3,12080028,g4/29mA/29mA,55,99,98,0
37.385,HR,145,0,13037004,g5/29mA/29mA,55,99,98,0
37.385,HR,145,1,11586982,g5/29mA/29mA,55,99,98,0
37.385,HR,145,2,14300014,g5/29mA/29mA,55,99,98,0
37.385,HR,145,3,12082826,g4/29mA/29mA,55,99,98,0
37.385,HR,146,0,13048938,g5/29mA/29mA,55,99,98,0
37.385,HR,146,1,11591050,g5/29mA/29mA,55,99,98,0
37.385,HR,146,2,14300208,g5/29mA/29mA,55,99,98,0
37.385,HR,146,3,12082665,g4/29mA/29mA,55,99,98,0
37.385,HR,147,0,13060747,g5/29mA/29mA,55,99,98,0
37.385,HR,147,1,11598976,g5/29mA/29mA,55,99,98,0
37.385,HR,147,2,14305235,g5/29mA/29mA,55,99,98,0
37.385,HR,147,3,12080729,g4/29mA/29mA,55,99,98,0
37.385,HR,148,0,13065107,g5/29mA/29mA,55,99,98,0
37.385,HR,148,1,11600008,g5/29mA/29mA,55,99,98,0
37.385,HR,148,2,14316418,g5/29mA/29mA,55,99,98,0
37.385,HR,148,3,12086863,g4/29mA/29mA,55,99,98,0
37.385,HR,149,0,13067504,g5/29mA/29mA,55,99,98,0
37.385,HR,149,1,11603414,g5/29mA/29mA,55,99,98,0
37.385,HR,149,2,14328055,g5/29mA/29mA,55,99,98,0
37.385,HR,149,3,12096588,g4/29mA/29mA,55,99,98,0
37.385,HR,150,0,13073331,g5/29mA/29mA,55,99,98,0
37.385,HR,150,1,11608250,g5/29mA/29mA,55,99,98,0
37.385,HR,150,2,14331493,g5/29mA/29mA,55,99,98,0
37.385,HR,150,3,12101946,g4/29mA/29mA,55,99,98,0
37.386,HR,151,0,13083211,g5/29mA/29mA,55,99,98,0
37.386,HR,151,1,11613097,g5/29mA/29mA,55,99,98,0
37.386,HR,151,2,14331861,g5/29mA/29mA,55,99,98,0
37.386,HR,151,3,12102177,g4/29mA/29mA,55,99,98,0
37.386,HR,152,0,13094864,g5/29mA/29mA,55,99,98,0
37.386,HR,152,1,11621558,g5/29mA/29mA,55,99,98,0
37.386,HR,152,2,14336110,g5/29mA/29mA,55,99,98,0
37.386,HR,152,3,12100478,g4/29mA/29mA,55,99,98,0
37.386,HR,153,0,13098457,g5/29mA/29mA,55,99,98,0
37.386,HR,153,1,11620775,g5/29mA/29mA,55,99,98,0
37.386,HR,153,2,14348779,g5/29mA/29mA,55,99,98,0
37.386,HR,153,3,12105529,g4/29mA/29mA,55,99,98,0
37.386,HR,154,0,13101117,g5/29mA/29mA,55,99,98,0
37.386,HR,154,1,11624024,g5/29mA/29mA,55,99,98,0
37.386,HR,154,2,14362771,g5/29mA/29mA,55,99,98,0
37.386,HR,154,3,12115210,g4/29mA/29mA,55,99,98,0
37.386,HR,155,0,13107130,g5/29mA/29mA,55,99,98,0
37.386,HR,155,1,11629586,g5/29mA/29mA,55,99,98,0
37.386,HR,155,2,14366523,g5/29mA/29mA,55,99,98,0
37.386,HR,155,3,12121935,g4/29mA/29mA,55,99,98,0
37.386,HR,156,0,13117318,g5/29mA/29mA,55,99,98,0
37.386,HR,156,1,11632353,g5/29mA/29mA,55,99,98,0
37.386,HR,156,2,14366601,g5/29mA/29mA,55,99,98,0
37.386,HR,156,3,12123061,g4/29mA/29mA,55,99,98,0
37.410,HR,157,0,13129884,g5/29mA/29mA,55,99,98,0
37.410,HR,157,1,11641881,g5/29mA/29mA,55,99,98,0
37.410,HR,157,2,14372521,g5/29mA/29mA,55,99,98,0
37.410,HR,157,3,12121935,g4/29mA/29mA,55,99,98,0
37.410,HR,158,0,13132435,g5/29mA/29mA,55,99,98,0
37.410,HR,158,1,11642377,g5/29mA/29mA,55,99,98,0
37.410,HR,158,2,14385583,g5/29mA/29mA,55,99,98,0
37.410,HR,158,3,12126601,g4/29mA/29mA,55,99,98,0
37.410,HR,159,0,13115842,g5/29mA/29mA,55,99,98,0
37.410,HR,159,1,11635815,g5/29mA/29mA,55,99,98,0
37.410,HR,159,2,14385411,g5/29mA/29mA,55,99,98,0
37.410,HR,159,3,12128630,g4/29mA/29mA,55,99,98,0
37.410,HR,160,0,13085940,g5/29mA/29mA,55,99,98,0
37.410,HR,160,1,11621644,g5/29mA/29mA,55,99,98,0
37.410,HR,160,2,14354842,g5/29mA/29mA,55,99,98,0
37.410,HR,160,3,12114333,g4/29mA/29mA,55,99,98,0
37.410,HR,161,0,13064031,g5/29mA/29mA,55,99,98,0
37.410,HR,161,1,11605803,g5/29mA/29mA,55,99,98,0
37.410,HR,161,2,14318722,g5/29mA/29mA,55,99,98,0
37.410,HR,161,3,12093508,g4/29mA/29mA,55,99,98,0
37.410,HR,162,0,13057966,g5/29mA/29mA,55,99,98,0
37.410,HR,162,1,11601161,g5/29mA/29mA,55,99,98,0
37.410,HR,162,2,14298758,g5/29mA/29mA,55,99,98,0
37.410,HR,162,3,12076233,g4/29mA/29mA,55,99,98,0
37.411,HR,163,0,13051875,g5/29mA/29mA,55,99,98,0
37.411,HR,163,1,11593645,g5/29mA/29mA,55,99,98,0
37.411,HR,163,2,14297677,g5/29mA/29mA,55,99,98,0
37.411,HR,163,3,12073366,g4/29mA/29mA,55,99,98,0
37.411,HR,164,0,13046286,g5/29mA/29mA,55,99,98,0
37.411,HR,164,1,11589849,g5/29mA/29mA,55,99,98,0
37.411,HR,164,2,14302633,g5/29mA/29mA,55,99,98,0
37.411,HR,164,3,12078195,g4/29mA/29mA,55,99,98,0
37.412,SPO2,132,0,13911396,g2/20mA/0mA,55,99,98,0
37.412,SPO2,132,1,13811882,g2/18mA/0mA,55,99,98,0
37.412,SPO2,133,0,13907068,g2/20mA/0mA,55,99,98,0
37.412,SPO2,133,1,13804954,g2/18mA/0mA,55,99,98,0
37.412,SPO2,134,0,13904313,g2/20mA/0mA,55,99,98,0
37.412,SPO2,134,1,13801271,g2/18mA/0mA,55,99,98,0
37.412,SPO2,135,0,13904787,g2/20mA/0mA,55,99,98,0
37.412,SPO2,135,1,13802206,g2/18mA/0mA,55,99,98,0
37.412,SPO2,136,0,13907567,g2/20mA/0mA,55,99,98,0
37.412,SPO2,136,1,13805542,g2/18mA/0mA,55,99,98,0
37.412,SPO2,137,0,13908229,g2/20mA/0mA,55,99,98,0
37.412,SPO2,137,1,13806612,g2/18mA/0mA,55,99,98,0
37.412,SPO2,138,0,13906059,g2/20mA/0mA,55,99,98,0
37.412,SPO2,138,1,13804018,g2/18mA/0mA,55,99,98,0
37.412,SPO2,139,0,13904237,g2/20mA/0mA,55,99,98,0
37.412,SPO2,139,1,13802097,g2/18mA/0mA,55,99,98,0
37.412,SPO2,140,0,13904646,g2/20mA/0mA,55,99,98,0
37.412,SPO2,140,1,13803145,g2/18mA/0mA,55,99,98,0
37.412,SPO2,141,0,13907138,g2/20mA/0mA,55,99,98,0
37.412,SPO2,141,1,13806535,g2/18mA/0mA,55,99,98,0
37.412,SPO2,142,0,13908605,g2/20mA/0mA,55,99,98,0
37.412,SPO2,142,1,13808118,g2/18mA/0mA,55,99,98,0
37.412,SPO2,143,0,13907152,g2/20mA/0mA,55,99,98,0
37.412,SPO2,143,1,13806061,g2/18mA/0mA,55,99,98,0
37.412,SPO2,144,0,13905544,g2/20mA/0mA,55,99,98,0
37.413,SPO2,144,1,13804408,g2/18mA/0mA,55,99,98,0
37.413,SPO2,145,0,13906768,g2/20mA/0mA,55,99,98,0
37.413,SPO2,145,1,13806355,g2/18mA/0mA,55,99,98,0
37.413,SPO2,146,0,13911265,g2/20mA/0mA,55,99,98,0
37.413,SPO2,146,1,13811741,g2/18mA/0mA,55,99,98,0
37.413,SPO2,147,0,13913983,g2/20mA/0mA,55,99,98,0
37.413,SPO2,147,1,13815496,g2/18mA/0mA,55,99,98,0
37.413,SPO2,148,0,13911737,g2/20mA/0mA,55,99,98,0
37.413,SPO2,148,1,13812526,g2/18mA/0mA,55,99,98,0
37.413,SPO2,149,0,13909352,g2/20mA/0mA,55,99,98,0
37.413,SPO2,149,1,13810214,g2/18mA/0mA,55,99,98,0
37.413,SPO2,150,0,13908778,g2/20mA/0mA,55,99,98,0
37.413,SPO2,150,1,13810512,g2/18mA/0mA,55,99,98,0
37.413,SPO2,151,0,13912519,g2/20mA/0mA,55,99,98,0
37.413,SPO2,151,1,13814880,g2/18mA/0mA,55,99,98,0
37.413,SPO2,152,0,13916143,g2/20mA/0mA,55,99,98,0
37.413,SPO2,152,1,13819295,g2/18mA/0mA,55,99,98,0
37.413,SPO2,153,0,13913860,g2/20mA/0mA,55,99,98,0
37.413,SPO2,153,1,13816578,g2/18mA/0mA,55,99,98,0
37.413,SPO2,154,0,13911758,g2/20mA/0mA,55,99,98,0
37.413,SPO2,154,1,13814340,g2/18mA/0mA,55,99,98,0
37.413,SPO2,155,0,13911499,g2/20mA/0mA,55,99,98,0
37.413,SPO2,155,1,13814580,g2/18mA/0mA,55,99,98,0
37.413,SPO2,156,0,13914284,g2/20mA/0mA,55,99,98,0
37.413,SPO2,156,1,13818288,g2/18mA/0mA,55,99,98,0
37.471,SPO2,157,0,13916841,g2/20mA/0mA,55,99,98,0
37.471,SPO2,157,1,13822071,g2/18mA/0mA,55,99,98,0
37.471,SPO2,158,0,13914107,g2/20mA/0mA,55,99,98,0
37.471,SPO2,158,1,13818490,g2/18mA/0mA,55,99,98,0
37.471,SPO2,159,0,13910103,g2/20mA/0mA,55,99,98,0
37.471,SPO2,159,1,13812879,g2/18mA/0mA,55,99,98,0
37.471,SPO2,160,0,13906600,g2/20mA/0mA,55,99,98,0
37.471,SPO2,160,1,13807231,g2/18mA/0mA,55,99,98,0
37.471,SPO2,161,0,13906659,g2/20mA/0mA,55,99,98,0
37.471,SPO2,161,1,13806306,g2/18mA/0mA,55,99,98,0
37.471,SPO2,162,0,13908726,g2/20mA/0mA,55,99,98,0
37.471,SPO2,162,1,13808912,g2/18mA/0mA,55,99,98,0
37.471,SPO2,163,0,13905527,g2/20mA/0mA,55,99,98,0
37.471,SPO2,163,1,13804929,g2/18mA/0mA,55,99,98,0
37.471,SPO2,164,0,13902666,g2/20mA/0mA,55,99,98,0
37.471,SPO2,164,1,13801686,g2/18mA/0mA,55,99,98,0
38.641,HR,165,0,13045545,g5/29mA/29mA,55,99,98,0
38.641,HR,165,1,11589440,g5/29mA/29mA,55,99,98,0
38.641,HR,165,2,14300663,g5/29mA/29mA,55,99,98,0
38.641,HR,165,3,12079961,g4/29mA/29mA,55,99,98,0
38.641,HR,166,0,13050315,g5/29mA/29mA,55,99,98,0
38.641,HR,166,1,11588681,g5/29mA/29mA,55,99,98,0
38.641,HR,166,2,14295338,g5/29mA/29mA,55,99,98,0
38.641,HR,166,3,12077641,g4/29mA/29mA,55,99,98,0
38.641,HR,167,0,13057309,g5/29mA/29mA,55,99,98,0
38.641,HR,167,1,11593569,g5/29mA/29mA,55,99,98,0
38.641,HR,167,2,14291901,g5/29mA/29mA,55,99,98,0
38.641,HR,167,3,12073145,g4/29mA/29mA,55,99,98,0
38.641,HR,168,0,13054699,g5/29mA/29mA,55,99,98,0
38.641,HR,168,1,11590745,g5/29mA/29mA,55,99,98,0
38.641,HR,168,2,14297113,g5/29mA/29mA,55,99,98,0
38.641,HR,168,3,12073741,g4/29mA/29mA,55,99,98,0
38.641,HR,169,0,13048752,g5/29mA/29mA,55,99,98,0
38.641,HR,169,1,11586787,g5/29mA/29mA,55,99,98,0
38.641,HR,169,2,14303605,g5/29mA/29mA,55,99,98,0
38.641,HR,169,3,12078519,g4/29mA/29mA,55,99,98,0
38.641,HR,170,0,13047864,g5/29mA/29mA,55,99,98,0
38.641,HR,170,1,11586513,g5/29mA/29mA,55,99,98,0
38.641,HR,170,2,14301524,g5/29mA/29mA,55,99,98,0
38.641,HR,170,3,12080190,g4/29mA/29mA,55,99,98,0
38.642,HR,171,0,13052428,g5/29mA/29mA,55,99,98,0
38.642,HR,171,1,11586215,g5/29mA/29mA,55,99,98,0
38.642,HR,171,2,14297164,g5/29mA/29mA,55,99,98,0
38.642,HR,171,3,12079234,g4/29mA/29mA,55,99,98,0
38.642,HR,172,0,13061618,g5/29mA/29mA,55,99,98,0
38.642,HR,172,1,11592262,g5/29mA/29mA,55,99,98,0
38.642,HR,172,2,14298110,g5/29mA/29mA,55,99,98,0
38.642,HR,172,3,12076865,g4/29mA/29mA,55,99,98,0
38.642,HR,173,0,13064783,g5/29mA/29mA,55,99,98,0
38.642,HR,173,1,11591341,g5/29mA/29mA,55,99,98,0
38.642,HR,173,2,14308100,g5/29mA/29mA,55,99,98,0
38.642,HR,173,3,12080285,g4/29mA/29mA,55,99,98,0
38.642,HR,174,0,13066693,g5/29mA/29mA,55,99,98,0
38.642,HR,174,1,11592989,g5/29mA/29mA,55,99,98,0
38.642,HR,174,2,14320624,g5/29mA/29mA,55,99,98,0
38.642,HR,174,3,12088919,g4/29mA/29mA,55,99,98,0
38.642,HR,175,0,13073270,g5/29mA/29mA,55,99,98,0
38.642,HR,175,1,11599591,g5/29mA/29mA,55,99,98,0
38.642,HR,175,2,14324098,g5/29mA/29mA,55,99,98,0
38.642,HR,175,3,12095573,g4/29mA/29mA,55,99,98,0
38.642,HR,176,0,13082247,g5/29mA/29mA,55,99,98,0
38.642,HR,176,1,11602354,g5/29mA/29mA,55,99,98,0
38.642,HR,176,2,14324559,g5/29mA/29mA,55,99,98,0
38.642,HR,176,3,12097620,g4/29mA/29mA,55,99,98,0
38.642,HR,177,0,13093277,g5/29mA/29mA,55,99,98,0
38.642,HR,177,1,11609325,g5/29mA/29mA,55,99,98,0
38.642,HR,177,2,14328004,g5/29mA/29mA,55,99,98,0
38.642,HR,177,3,12095617,g4/29mA/29mA,55,99,98,0
38.642,HR,178,0,13097910,g5/29mA/29mA,55,99,98,0
38.642,HR,178,1,11611349,g5/29mA/29mA,55,99,98,0
38.642,HR,178,2,14340256,g5/29mA/29mA,55,99,98,0
38.642,HR,178,3,12101365,g4/29mA/29mA,55,99,98,0
38.642,HR,179,0,13099053,g5/29mA/29mA,55,99,98,0
38.642,HR,179,1,11613711,g5/29mA/29mA,55,99,98,0
38.642,HR,179,2,14353649,g5/29mA/29mA,55,99,98,0
38.642,HR,179,3,12111560,g4/29mA/29mA,55,99,98,0
38.642,HR,180,0,13104973,g5/29mA/29mA,55,99,98,0
38.642,HR,180,1,11617251,g5/29mA/29mA,55,99,98,0
38.642,HR,180,2,14358633,g5/29mA/29mA,55,99,98,0
38.642,HR,180,3,12116689,g4/29mA/29mA,55,99,98,0
38.642,HR,181,0,13115041,g5/29mA/29mA,55,99,98,0
38.642,HR,181,1,11620895,g5/29mA/29mA,55,99,98,0
38.642,HR,181,2,14359680,g5/29mA/29mA,55,99,98,0
38.642,HR,181,3,12118019,g4/29mA/29mA,55,99,98,0
38.642,HR,182,0,13124835,g5/29mA/29mA,55,99,98,0
38.642,HR,182,1,11628572,g5/29mA/29mA,55,99,98,0
38.642,HR,182,2,14364252,g5/29mA/29mA,55,99,98,0
38.642,HR,182,3,12117250,g4/29mA/29mA,55,99,98,0
38.700,HR,183,0,13129067,g5/29mA/29mA,55,99,98,0
38.700,HR,183,1,11629458,g5/29mA/29mA,55,99,98,0
38.700,HR,183,2,14377197,g5/29mA/29mA,55,99,98,0
38.700,HR,183,3,12123256,g4/29mA/29mA,55,99,98,0
38.700,HR,184,0,13132212,g5/29mA/29mA,55,99,98,0
38.700,HR,184,1,11633384,g5/29mA/29mA,55,99,98,0
38.700,HR,184,2,14391144,g5/29mA/29mA,55,99,98,0
38.700,HR,184,3,12133058,g4/29mA/29mA,55,99,98,0
38.700,HR,185,0,13128008,g5/29mA/29mA,55,99,98,0
38.700,HR,185,1,11633784,g5/29mA/29mA,55,99,98,0
38.700,HR,185,2,14388754,g5/29mA/29mA,55,99,98,0
38.700,HR,185,3,12133280,g4/29mA/29mA,55,99,98,0
38.700,HR,186,0,13108700,g5/29mA/29mA,55,99,98,0
38.700,HR,186,1,11621516,g5/29mA/29mA,55,99,98,0
38.700,HR,186,2,14361772,g5/29mA/29mA,55,99,98,0
38.700,HR,186,3,12117566,g4/29mA/29mA,55,99,98,0
38.700,HR,187,0,13084258,g5/29mA/29mA,55,99,98,0
38.700,HR,187,1,11608428,g5/29mA/29mA,55,99,98,0
38.700,HR,187,2,14329685,g5/29mA/29mA,55,99,98,0
38.700,HR,187,3,12094055,g4/29mA/29mA,55,99,98,0
38.700,HR,188,0,13062803,g5/29mA/29mA,55,99,98,0
38.700,HR,188,1,11592741,g5/29mA/29mA,55,99,98,0
38.700,HR,188,2,14314339,g5/29mA/29mA,55,99,98,0
38.700,HR,188,3,12082306,g4/29mA/29mA,55,99,98,0
38.700,HR,189,0,13054126,g5/29mA/29mA,55,99,98,0
38.700,HR,189,1,11586052,g5/29mA/29mA,55,99,98,0
38.700,HR,189,2,14307077,g5/29mA/29mA,55,99,98,0
38.700,HR,189,3,12078733,g4/29mA/29mA,55,99,98,0
38.701,HR,190,0,13052078,g5/29mA/29mA,55,99,98,0
38.701,HR,190,1,11582623,g5/29mA/29mA,55,99,98,0
38.701,HR,190,2,14298931,g5/29mA/29mA,55,99,98,0
38.701,HR,190,3,12075378,g4/29mA/29mA,55,99,98,0
38.701,HR,191,0,13055226,g5/29mA/29mA,55,99,98,0
38.701,HR,191,1,11582835,g5/29mA/29mA,55,99,98,0
38.701,HR,191,2,14292473,g5/29mA/29mA,55,99,98,0
38.701,HR,191,3,12071455,g4/29mA/29mA,55,99,98,0
38.701,HR,192,0,13060432,g5/29mA/29mA,55,99,98,0
38.701,HR,192,1,11585899,g5/29mA/29mA,55,99,98,0
38.701,HR,192,2,14293418,g5/29mA/29mA,55,99,98,0
38.701,HR,192,3,12067795,g4/29mA/29mA,55,99,98,0
38.701,HR,193,0,13058622,g5/29mA/29mA,55,99,98,0
38.701,HR,193,1,11581982,g5/29mA/29mA,55,99,98,0
38.701,HR,193,2,14302549,g5/29mA/29mA,55,99,98,0
38.701,HR,193,3,12071600,g4/29mA/29mA,55,99,98,0
38.701,HR,194,0,13057421,g5/29mA/29mA,55,99,98,0
38.701,HR,194,1,11584072,g5/29mA/29mA,55,99,98,0
38.701,HR,194,2,14307112,g5/29mA/29mA,55,99,98,0
38.701,HR,194,3,12076326,g4/29mA/29mA,55,99,98,0
38.701,HR,195,0,13057394,g5/29mA/29mA,55,99,98,0
38.701,HR,195,1,11582384,g5/29mA/29mA,55,99,98,0
38.701,HR,195,2,14301660,g5/29mA/29mA,55,99,98,0
38.701,HR,195,3,12074236,g4/29mA/29mA,55,99,98,0
38.701,HR,196,0,13062821,g5/29mA/29mA,55,99,98,0
38.701,HR,196,1,11583749,g5/29mA/29mA,55,99,98,0
38.701,HR,196,2,14295825,g5/29mA/29mA,55,99,98,0
38.701,HR,196,3,12070729,g4/29mA/29mA,55,99,98,0
38.701,HR,197,0,13066881,g5/29mA/29mA,55,99,98,0
38.701,HR,197,1,11586539,g5/29mA/29mA,55,99,98,0
38.701,HR,197,2,14298213,g5/29mA/29mA,55,99,98,0
38.701,HR,197,3,12068137,g4/29mA/29mA,55,99,98,0
38.701,HR,198,0,13065192,g5/29mA/29mA,55,99,98,0
38.701,HR,198,1,11582863,g5/29mA/29mA,55,99,98,0
38.701,HR,198,2,14308468,g5/29mA/29mA,55,99,98,0
38.701,HR,198,3,12072494,g4/29mA/29mA,55,99,98,0
38.703,SPO2,165,0,13901831,g2/20mA/0mA,55,99,98,0
38.703,SPO2,165,1,13801553,g2/18mA/0mA,55,99,98,0
38.703,SPO2,166,0,13904433,g2/20mA/0mA,55,99,98,0
38.703,SPO2,166,1,13804863,g2/18mA/0mA,55,99,98,0
38.703,SPO2,167,0,13907793,g2/20mA/0mA,55,99,98,0
38.703,SPO2,167,1,13808989,g2/18mA/0mA,55,99,98,0
38.703,SPO2,168,0,13904859,g2/20mA/0mA,55,99,98,0
38.703,SPO2,168,1,13805136,g2/18mA/0mA,55,99,98,0
38.703,SPO2,169,0,13901561,g2/20mA/0mA,55,99,98,0
38.703,SPO2,169,1,13801618,g2/18mA/0mA,55,99,98,0
38.703,SPO2,170,0,13901383,g2/20mA/0mA,55,99,98,0
38.703,SPO2,170,1,13801748,g2/18mA/0mA,55,99,98,0
38.703,SPO2,171,0,13904019,g2/20mA/0mA,55,99,98,0
38.703,SPO2,171,1,13804845,g2/18mA/0mA,55,99,98,0
38.703,SPO2,172,0,13906736,g2/20mA/0mA,55,99,98,0
38.703,SPO2,172,1,13808625,g2/18mA/0mA,55,99,98,0
38.703,SPO2,173,0,13904367,g2/20mA/0mA,55,99,98,0
38.703,SPO2,173,1,13805696,g2/18mA/0mA,55,99,98,0
38.763,SPO2,174,0,13902803,g2/20mA/0mA,55,99,98,0
38.763,SPO2,174,1,13804373,g2/18mA/0mA,55,99,98,0
38.763,SPO2,175,0,13904570,g2/20mA/0mA,55,99,98,0
38.763,SPO2,175,1,13806782,g2/18mA/0mA,55,99,98,0
38.763,SPO2,176,0,13906575,g2/20mA/0mA,55,99,98,0
38.763,SPO2,176,1,13809431,g2/18mA/0mA,55,99,98,0
38.763,SPO2,177,0,13909327,g2/20mA/0mA,55,99,98,0
38.763,SPO2,177,1,13813282,g2/18mA/0mA,55,99,98,0
38.763,SPO2,178,0,13906727,g2/20mA/0mA,55,99,98,0
38.763,SPO2,178,1,13810309,g2/18mA/0mA,55,99,98,0
38.763,SPO2,179,0,13904508,g2/20mA/0mA,55,99,98,0
38.763,SPO2,179,1,13807872,g2/18mA/0mA,55,99,98,0
38.763,SPO2,180,0,13905466,g2/20mA/0mA,55,99,98,0
38.763,SPO2,180,1,13809550,g2/18mA/0mA,55,99,98,0
38.763,SPO2,181,0,13908414,g2/20mA/0mA,55,99,98,0
38.763,SPO2,181,1,13813213,g2/18mA/0mA,55,99,98,0
38.792,SPO2,182,0,13909943,g2/20mA/0mA,55,99,98,0
38.792,SPO2,182,1,13815668,g2/18mA/0mA,55,99,98,0
38.792,SPO2,183,0,13906794,g2/20mA/0mA,55,99,98,0
38.792,SPO2,183,1,13812279,g2/18mA/0mA,55,99,98,0
38.792,SPO2,184,0,13904928,g2/20mA/0mA,55,99,98,0
38.792,SPO2,184,1,13810664,g2/18mA/0mA,55,99,98,0
38.792,SPO2,185,0,13905407,g2/20mA/0mA,55,99,98,0
38.792,SPO2,185,1,13810465,g2/18mA/0mA,55,99,98,0
38.792,SPO2,186,0,13906463,g2/20mA/0mA,55,99,98,0
38.792,SPO2,186,1,13809794,g2/18mA/0mA,55,99,98,0
38.792,SPO2,187,0,13905064,g2/20mA/0mA,55,99,98,0
38.792,SPO2,187,1,13806889,g2/18mA/0mA,55,99,98,0
38.792,SPO2,188,0,13899655,g2/20mA/0mA,55,99,98,0
38.792,SPO2,188,1,13800198,g2/18mA/0mA,55,99,98,0
38.792,SPO2,189,0,13898941,g2/20mA/0mA,55,99,98,0
38.792,SPO2,189,1,13799218,g2/18mA/0mA,55,99,98,0
38.792,SPO2,190,0,13899854,g2/20mA/0mA,55,99,98,0
38.792,SPO2,190,1,13800692,g2/18mA/0mA,55,99,98,0
38.853,SPO2,191,0,13903020,g2/20mA/0mA,55,99,98,0
38.853,SPO2,191,1,13804240,g2/18mA/0mA,55,99,98,0
38.853,SPO2,192,0,13905011,g2/20mA/0mA,55,99,98,0
38.853,SPO2,192,1,13806741,g2/18mA/0mA,55,99,98,0
38.853,SPO2,193,0,13901215,g2/20mA/0mA,55,99,98,0
38.853,SPO2,193,1,13802645,g2/18mA/0mA,55,99,98,0
38.853,SPO2,194,0,13900685,g2/20mA/0mA,55,99,98,0
38.853,SPO2,194,1,13801954,g2/18mA/0mA,55,99,98,0
38.853,SPO2,195,0,13900775,g2/20mA/0mA,55,99,98,0
38.853,SPO2,195,1,13802505,g2/18mA/0mA,55,99,98,0
38.853,SPO2,196,0,13904471,g2/20mA/0mA,55,99,98,0
38.853,SPO2,196,1,13806544,g2/18mA/0mA,55,99,98,0
38.853,SPO2,197,0,13905125,g2/20mA/0mA,55,99,98,0
38.853,SPO2,197,1,13807479,g2/18mA/0mA,55,99,98,0
39.960,HR,199,0,13068946,g5/29mA/29mA,55,99,98,0
39.960,HR,199,1,11585992,g5/29mA/29mA,55,99,98,0
39.960,HR,199,2,14315549,g5/29mA/29mA,55,99,98,0
39.960,HR,199,3,12077340,g4/29mA/29mA,55,99,98,0
39.960,HR,200,0,13075525,g5/29mA/29mA,55,99,98,0
39.960,HR,200,1,11588782,g5/29mA/29mA,55,99,98,0
39.960,HR,200,2,14316045,g5/29mA/29mA,55,99,98,0
39.960,HR,200,3,12080352,g4/29mA/29mA,55,99,98,0
39.960,HR,201,0,13086597,g5/29mA/29mA,55,99,98,0
39.960,HR,201,1,11594600,g5/29mA/29mA,55,99,98,0
39.960,HR,201,2,14318083,g5/29mA/29mA,55,99,98,0
39.960,HR,201,3,12081787,g4/29mA/29mA,55,99,98,0
39.960,HR,202,0,13093841,g5/29mA/29mA,55,99,98,0
39.960,HR,202,1,11599983,g5/29mA/29mA,55,99,98,0
39.960,HR,202,2,14326443,g5/29mA/29mA,55,99,98,0
39.960,HR,202,3,12082905,g4/29mA/29mA,55,99,98,0
39.960,HR,203,0,13096372,g5/29mA/29mA,55,99,98,0
39.960,HR,203,1,11599353,g5/29mA/29mA,55,99,98,0
39.960,HR,203,2,14339403,g5/29mA/29mA,55,99,98,0
39.960,HR,203,3,12089728,g4/29mA/29mA,55,99,98,0
39.960,HR,204,0,13101543,g5/29mA/29mA,55,99,98,0
39.960,HR,204,1,11603899,g5/29mA/29mA,55,99,98,0
39.960,HR,204,2,14347754,g5/29mA/29mA,55,99,98,0
39.960,HR,204,3,12096273,g4/29mA/29mA,55,99,98,0
40.021,HR,205,0,13107653,g5/29mA/29mA,55,99,98,0
40.021,HR,205,1,11607491,g5/29mA/29mA,55,99,98,0
40.021,HR,205,2,14349605,g5/29mA/29mA,55,99,98,0
40.021,HR,205,3,12099899,g4/29mA/29mA,55,99,98,0
40.021,HR,206,0,13116243,g5/29mA/29mA,55,99,98,0
40.021,HR,206,1,11612302,g5/29mA/29mA,55,99,98,0
40.021,HR,206,2,14353693,g5/29mA/29mA,55,99,98,0
40.021,HR,206,3,12102038,g4/29mA/29mA,55,99,98,0
40.021,HR,207,0,13124296,g5/29mA/29mA,55,99,98,0
40.021,HR,207,1,11619129,g5/29mA/29mA,55,99,98,0
40.021,HR,207,2,14360091,g5/29mA/29mA,55,99,98,0
40.021,HR,207,3,12104606,g4/29mA/29mA,55,99,98,0
40.021,HR,208,0,13128545,g5/29mA/29mA,55,99,98,0
40.021,HR,208,1,11621140,g5/29mA/29mA,55,99,98,0
40.021,HR,208,2,14370277,g5/29mA/29mA,55,99,98,0
40.021,HR,208,3,12110973,g4/29mA/29mA,55,99,98,0
40.021,HR,209,0,13132682,g5/29mA/29mA,55,99,98,0
40.021,HR,209,1,11623931,g5/29mA/29mA,55,99,98,0
40.021,HR,209,2,14379064,g5/29mA/29mA,55,99,98,0
40.021,HR,209,3,12116449,g4/29mA/29mA,55,99,98,0
40.021,HR,210,0,13140770,g5/29mA/29mA,55,99,98,0
40.021,HR,210,1,11628998,g5/29mA/29mA,55,99,98,0
40.021,HR,210,2,14382759,g5/29mA/29mA,55,99,98,0
40.021,HR,210,3,12120321,g4/29mA/29mA,55,99,98,0
