t,func,frame_id,ch,rawdata,agc,hr_bpm,hr_conf,spo2_pct,spo2_conf
0.963,HR,145,0,15141775,g5/13mA/13mA,80,96,,
0.963,HR,145,1,14743127,g4/13mA/13mA,80,96,,
0.963,HR,145,2,12553444,g4/13mA/13mA,80,96,,
0.963,HR,145,3,13989186,g4/13mA/13mA,80,96,,
0.963,HR,146,0,15140667,g5/13mA/13mA,80,96,,
0.963,HR,146,1,14742700,g4/13mA/13mA,80,96,,
0.963,HR,146,2,12553240,g4/13mA/13mA,80,96,,
0.963,HR,146,3,13989015,g4/13mA/13mA,80,96,,
0.963,HR,147,0,15141586,g5/13mA/13mA,80,96,,
0.963,HR,147,1,14742863,g4/13mA/13mA,80,96,,
0.963,HR,147,2,12553640,g4/13mA/13mA,80,96,,
0.963,HR,147,3,13988845,g4/13mA/13mA,80,96,,
0.963,HR,148,0,15140821,g5/13mA/13mA,80,96,,
0.963,HR,148,1,14742591,g4/13mA/13mA,80,96,,
0.963,HR,148,2,12553240,g4/13mA/13mA,80,96,,
0.963,HR,148,3,13988818,g4/13mA/13mA,80,96,,
0.963,HR,149,0,15141289,g5/13mA/13mA,80,96,,
0.963,HR,149,1,14742427,g4/13mA/13mA,80,96,,
0.963,HR,149,2,12552985,g4/13mA/13mA,80,96,,
0.963,HR,149,3,13988486,g4/13mA/13mA,80,96,,
0.995,HR,150,0,15142014,g5/13mA/13mA,80,96,,
0.995,HR,150,1,14743025,g4/13mA/13mA,80,96,,
0.995,HR,150,2,12553462,g4/13mA/13mA,80,96,,
0.995,HR,150,3,13989025,g4/13mA/13mA,80,96,,
0.995,HR,151,0,15141093,g5/13mA/13mA,80,96,,
0.995,HR,151,1,14742930,g4/13mA/13mA,80,96,,
0.995,HR,151,2,12553497,g4/13mA/13mA,80,96,,
0.995,HR,151,3,13988955,g4/13mA/13mA,80,96,,
0.995,HR,152,0,15140913,g5/13mA/13mA,80,96,,
0.995,HR,152,1,14742453,g4/13mA/13mA,80,96,,
0.995,HR,152,2,12553282,g4/13mA/13mA,80,96,,
0.995,HR,152,3,13988648,g4/13mA/13mA,80,96,,
0.995,HR,153,0,15141307,g5/13mA/13mA,80,96,,
0.995,HR,153,1,14742495,g4/13mA/13mA,80,96,,
0.995,HR,153,2,12553214,g4/13mA/13mA,80,96,,
0.995,HR,153,3,13988656,g4/13mA/13mA,80,96,,
0.995,HR,154,0,15142125,g5/13mA/13mA,80,96,,
0.995,HR,154,1,14743137,g4/13mA/13mA,80,96,,
0.995,HR,154,2,12553719,g4/13mA/13mA,80,96,,
0.995,HR,154,3,13989007,g4/13mA/13mA,80,96,,
0.995,HR,155,0,15140622,g5/13mA/13mA,80,96,,
0.995,HR,155,1,14742726,g4/13mA/13mA,80,96,,
0.995,HR,155,2,12553009,g4/13mA/13mA,80,96,,
0.995,HR,155,3,13988332,g4/13mA/13mA,80,96,,
1.024,HR,156,0,15141928,g5/13mA/13mA,80,96,,
1.024,HR,156,1,14742998,g4/13mA/13mA,80,96,,
1.024,HR,156,2,12553777,g4/13mA/13mA,80,96,,
1.024,HR,156,3,13989416,g4/13mA/13mA,80,96,,
1.024,HR,157,0,15141178,g5/13mA/13mA,80,96,,
1.024,HR,157,1,14742759,g4/13mA/13mA,80,96,,
1.024,HR,157,2,12553332,g4/13mA/13mA,80,96,,
1.024,HR,157,3,13988854,g4/13mA/13mA,80,96,,
1.024,HR,158,0,15141442,g5/13mA/13mA,80,96,,
1.024,HR,158,1,14742983,g4/13mA/13mA,80,96,,
1.024,HR,158,2,12553513,g4/13mA/13mA,80,96,,
1.024,HR,158,3,13988981,g4/13mA/13mA,80,96,,
1.024,HR,159,0,15141518,g5/13mA/13mA,80,96,,
1.024,HR,159,1,14742965,g4/13mA/13mA,80,96,,
1.024,HR,159,2,12553386,g4/13mA/13mA,80,96,,
1.024,HR,159,3,13988734,g4/13mA/13mA,80,96,,
1.024,HR,160,0,15141536,g5/13mA/13mA,80,96,,
1.024,HR,160,1,14742836,g4/13mA/13mA,80,96,,
1.024,HR,160,2,12553453,g4/13mA/13mA,80,96,,
1.024,HR,160,3,13989093,g4/13mA/13mA,80,96,,
1.024,HR,161,0,15141153,g5/13mA/13mA,80,96,,
1.024,HR,161,1,14743101,g4/13mA/13mA,80,96,,
1.024,HR,161,2,12553462,g4/13mA/13mA,80,96,,
1.024,HR,161,3,13989025,g4/13mA/13mA,80,96,,
1.055,HR,162,0,15141348,g5/13mA/13mA,80,96,,
1.055,HR,162,1,14742460,g4/13mA/13mA,80,96,,
1.055,HR,162,2,12553010,g4/13mA/13mA,80,96,,
1.055,HR,162,3,13988750,g4/13mA/13mA,80,96,,
1.055,HR,163,0,15141262,g5/13mA/13mA,80,96,,
1.055,HR,163,1,14742846,g4/13mA/13mA,80,96,,
1.055,HR,163,2,12553335,g4/13mA/13mA,80,96,,
1.055,HR,163,3,13988973,g4/13mA/13mA,80,96,,
1.055,HR,164,0,15140931,g5/13mA/13mA,80,96,,
1.055,HR,164,1,14742871,g4/13mA/13mA,80,96,,
1.055,HR,164,2,12553658,g4/13mA/13mA,80,96,,
1.055,HR,164,3,13988913,g4/13mA/13mA,80,96,,
1.055,HR,165,0,15141416,g5/13mA/13mA,80,96,,
1.055,HR,165,1,14743007,g4/13mA/13mA,80,96,,
1.055,HR,165,2,12553522,g4/13mA/13mA,80,96,,
1.055,HR,165,3,13989117,g4/13mA/13mA,80,96,,
1.055,HR,166,0,15141212,g5/13mA/13mA,80,96,,
1.055,HR,166,1,14743246,g4/13mA/13mA,80,96,,
1.055,HR,166,2,12553385,g4/13mA/13mA,80,96,,
1.055,HR,166,3,13988674,g4/13mA/13mA,80,96,,
1.055,HR,167,0,15140385,g5/13mA/13mA,80,96,,
1.055,HR,167,1,14742384,g4/13mA/13mA,80,96,,
1.055,HR,167,2,12553154,g4/13mA/13mA,80,96,,
1.055,HR,167,3,13988674,g4/13mA/13mA,80,96,,
1.117,HR,168,0,15141545,g5/13mA/13mA,80,96,,
1.117,HR,168,1,14743623,g4/13mA/13mA,80,96,,
1.117,HR,168,2,12553802,g4/13mA/13mA,80,96,,
1.117,HR,168,3,13989406,g4/13mA/13mA,80,96,,
1.117,HR,169,0,15140889,g5/13mA/13mA,80,96,,
1.117,HR,169,1,14742726,g4/13mA/13mA,80,96,,
1.117,HR,169,2,12553308,g4/13mA/13mA,80,96,,
1.117,HR,169,3,13988614,g4/13mA/13mA,80,96,,
1.117,HR,170,0,15141468,g5/13mA/13mA,80,96,,
1.117,HR,170,1,14742768,g4/13mA/13mA,80,96,,
1.117,HR,170,2,12553394,g4/13mA/13mA,80,96,,
1.117,HR,170,3,13988991,g4/13mA/13mA,80,96,,
1.117,HR,171,0,15141245,g5/13mA/13mA,80,96,,
1.117,HR,171,1,14742888,g4/13mA/13mA,80,96,,
1.117,HR,171,2,12553546,g4/13mA/13mA,80,96,,
1.117,HR,171,3,13989084,g4/13mA/13mA,80,96,,
1.117,HR,172,0,15141586,g5/13mA/13mA,80,96,,
1.117,HR,172,1,14742836,g4/13mA/13mA,80,96,,
1.117,HR,172,2,12553264,g4/13mA/13mA,80,96,,
1.117,HR,172,3,13989058,g4/13mA/13mA,80,96,,
1.144,HR,173,0,15142696,g5/13mA/13mA,80,96,,
1.145,HR,173,1,14743281,g4/13mA/13mA,80,96,,
1.145,HR,173,2,12553999,g4/13mA/13mA,80,96,,
1.145,HR,173,3,13989477,g4/13mA/13mA,80,96,,
1.145,HR,174,0,15140410,g5/13mA/13mA,80,96,,
1.145,HR,174,1,14742581,g4/13mA/13mA,80,96,,
1.145,HR,174,2,12553291,g4/13mA/13mA,80,96,,
1.145,HR,174,3,13988103,g4/13mA/13mA,80,96,,
1.145,HR,175,0,15141936,g5/13mA/13mA,80,96,,
1.145,HR,175,1,14742667,g4/13mA/13mA,80,96,,
1.145,HR,175,2,12553233,g4/13mA/13mA,80,96,,
1.145,HR,175,3,13989075,g4/13mA/13mA,80,96,,
1.145,HR,176,0,15141691,g5/13mA/13mA,80,96,,
1.145,HR,176,1,14743051,g4/13mA/13mA,80,96,,
1.145,HR,176,2,12553581,g4/13mA/13mA,80,96,,
1.145,HR,176,3,13989357,g4/13mA/13mA,80,96,,
1.145,HR,177,0,15141741,g5/13mA/13mA,80,96,,
1.145,HR,177,1,14742957,g4/13mA/13mA,80,96,,
1.145,HR,177,2,12553742,g4/13mA/13mA,80,96,,
1.145,HR,177,3,13989093,g4/13mA/13mA,80,96,,
1.145,HR,178,0,15140913,g5/13mA/13mA,80,96,,
1.145,HR,178,1,14742657,g4/13mA/13mA,80,96,,
1.145,HR,178,2,12553240,g4/13mA/13mA,80,96,,
1.145,HR,178,3,13988750,g4/13mA/13mA,80,96,,
1.233,HRV,145,0,15141775,g5/13mA/13mA,80,96,,
1.233,HRV,145,1,14743127,g4/13mA/13mA,80,96,,
1.233,HRV,145,2,12553444,g4/13mA/13mA,80,96,,
1.233,HRV,145,3,13989186,g4/13mA/13mA,80,96,,
1.233,HRV,146,0,15140667,g5/13mA/13mA,80,96,,
1.233,HRV,146,1,14742700,g4/13mA/13mA,80,96,,
1.233,HRV,146,2,12553240,g4/13mA/13mA,80,96,,
1.233,HRV,146,3,13989015,g4/13mA/13mA,80,96,,
1.233,HRV,147,0,15141586,g5/13mA/13mA,80,96,,
1.233,HRV,147,1,14742863,g4/13mA/13mA,80,96,,
1.233,HRV,147,2,12553640,g4/13mA/13mA,80,96,,
1.233,HRV,147,3,13988845,g4/13mA/13mA,80,96,,
1.233,HRV,148,0,15140821,g5/13mA/13mA,80,96,,
1.233,HRV,148,1,14742591,g4/13mA/13mA,80,96,,
1.233,HRV,148,2,12553240,g4/13mA/13mA,80,96,,
1.233,HRV,148,3,13988818,g4/13mA/13mA,80,96,,
1.233,HRV,149,0,15141289,g5/13mA/13mA,80,96,,
1.233,HRV,149,1,14742427,g4/13mA/13mA,80,96,,
1.233,HRV,149,2,12552985,g4/13mA/13mA,80,96,,
1.233,HRV,149,3,13988486,g4/13mA/13mA,80,96,,
1.237,HRV,150,0,15142014,g5/13mA/13mA,80,96,,
1.237,HRV,150,1,14743025,g4/13mA/13mA,80,96,,
1.237,HRV,150,2,12553462,g4/13mA/13mA,80,96,,
1.237,HRV,150,3,13989025,g4/13mA/13mA,80,96,,
1.237,HRV,151,0,15141093,g5/13mA/13mA,80,96,,
1.237,HRV,151,1,14742930,g4/13mA/13mA,80,96,,
1.237,HRV,151,2,12553497,g4/13mA/13mA,80,96,,
1.237,HRV,151,3,13988955,g4/13mA/13mA,80,96,,
1.237,HRV,152,0,15140913,g5/13mA/13mA,80,96,,
1.237,HRV,152,1,14742453,g4/13mA/13mA,80,96,,
1.237,HRV,152,2,12553282,g4/13mA/13mA,80,96,,
1.237,HRV,152,3,13988648,g4/13mA/13mA,80,96,,
1.237,HRV,153,0,15141307,g5/13mA/13mA,80,96,,
1.237,HRV,153,1,14742495,g4/13mA/13mA,80,96,,
1.237,HRV,153,2,12553214,g4/13mA/13mA,80,96,,
1.237,HRV,153,3,13988656,g4/13mA/13mA,80,96,,
1.237,HRV,154,0,15142125,g5/13mA/13mA,80,96,,
1.237,HRV,154,1,14743137,g4/13mA/13mA,80,96,,
1.237,HRV,154,2,12553719,g4/13mA/13mA,80,96,,
1.237,HRV,154,3,13989007,g4/13mA/13mA,80,96,,
1.237,HRV,155,0,15140622,g5/13mA/13mA,80,96,,
1.237,HRV,155,1,14742726,g4/13mA/13mA,80,96,,
1.238,HRV,155,2,12553009,g4/13mA/13mA,80,96,,
1.238,HRV,155,3,13988332,g4/13mA/13mA,80,96,,
1.264,HRV,156,0,15141928,g5/13mA/13mA,80,96,,
1.264,HRV,156,1,14742998,g4/13mA/13mA,80,96,,
1.264,HRV,156,2,12553777,g4/13mA/13mA,80,96,,
1.264,HRV,156,3,13989416,g4/13mA/13mA,80,96,,
1.264,HRV,157,0,15141178,g5/13mA/13mA,80,96,,
1.264,HRV,157,1,14742759,g4/13mA/13mA,80,96,,
1.264,HRV,157,2,12553332,g4/13mA/13mA,80,96,,
1.264,HRV,157,3,13988854,g4/13mA/13mA,80,96,,
1.264,HRV,158,0,15141442,g5/13mA/13mA,80,96,,
1.264,HRV,158,1,14742983,g4/13mA/13mA,80,96,,
1.264,HRV,158,2,12553513,g4/13mA/13mA,80,96,,
1.264,HRV,158,3,13988981,g4/13mA/13mA,80,96,,
1.264,HRV,159,0,15141518,g5/13mA/13mA,80,96,,
1.264,HRV,159,1,14742965,g4/13mA/13mA,80,96,,
1.264,HRV,159,2,12553386,g4/13mA/13mA,80,96,,
1.264,HRV,159,3,13988734,g4/13mA/13mA,80,96,,
1.264,HRV,160,0,15141536,g5/13mA/13mA,80,96,,
1.264,HRV,160,1,14742836,g4/13mA/13mA,80,96,,
1.264,HRV,160,2,12553453,g4/13mA/13mA,80,96,,
1.264,HRV,160,3,13989093,g4/13mA/13mA,80,96,,
1.264,HRV,161,0,15141153,g5/13mA/13mA,80,96,,
1.264,HRV,161,1,14743101,g4/13mA/13mA,80,96,,
1.264,HRV,161,2,12553462,g4/13mA/13mA,80,96,,
1.264,HRV,161,3,13989025,g4/13mA/13mA,80,96,,
1.295,HRV,162,0,15141348,g5/13mA/13mA,80,96,,
1.295,HRV,162,1,14742460,g4/13mA/13mA,80,96,,
1.295,HRV,162,2,12553010,g4/13mA/13mA,80,96,,
1.295,HRV,162,3,13988750,g4/13mA/13mA,80,96,,
1.295,HRV,163,0,15141262,g5/13mA/13mA,80,96,,
1.295,HRV,163,1,14742846,g4/13mA/13mA,80,96,,
1.295,HRV,163,2,12553335,g4/13mA/13mA,80,96,,
1.295,HRV,163,3,13988973,g4/13mA/13mA,80,96,,
1.295,HRV,164,0,15140931,g5/13mA/13mA,80,96,,
1.295,HRV,164,1,14742871,g4/13mA/13mA,80,96,,
1.295,HRV,164,2,12553658,g4/13mA/13mA,80,96,,
1.295,HRV,164,3,13988913,g4/13mA/13mA,80,96,,
1.295,HRV,165,0,15141416,g5/13mA/13mA,80,96,,
1.295,HRV,165,1,14743007,g4/13mA/13mA,80,96,,
1.295,HRV,165,2,12553522,g4/13mA/13mA,80,96,,
1.295,HRV,165,3,13989117,g4/13mA/13mA,80,96,,
1.295,HRV,166,0,15141212,g5/13mA/13mA,80,96,,
1.295,HRV,166,1,14743246,g4/13mA/13mA,80,96,,
1.295,HRV,166,2,12553385,g4/13mA/13mA,80,96,,
1.296,HRV,166,3,13988674,g4/13mA/13mA,80,96,,
1.296,HRV,167,0,15140385,g5/13mA/13mA,80,96,,
1.296,HRV,167,1,14742384,g4/13mA/13mA,80,96,,
1.296,HRV,167,2,12553154,g4/13mA/13mA,80,96,,
1.296,HRV,167,3,13988674,g4/13mA/13mA,80,96,,
1.354,HRV,168,0,15141545,g5/13mA/13mA,80,96,,
1.354,HRV,168,1,14743623,g4/13mA/13mA,80,96,,
1.354,HRV,168,2,12553802,g4/13mA/13mA,80,96,,
1.354,HRV,168,3,13989406,g4/13mA/13mA,80,96,,
1.354,HRV,169,0,15140889,g5/13mA/13mA,80,96,,
1.354,HRV,169,1,14742726,g4/13mA/13mA,80,96,,
1.354,HRV,169,2,12553308,g4/13mA/13mA,80,96,,
1.354,HRV,169,3,13988614,g4/13mA/13mA,80,96,,
1.354,HRV,170,0,15141468,g5/13mA/13mA,80,96,,
1.354,HRV,170,1,14742768,g4/13mA/13mA,80,96,,
1.354,HRV,170,2,12553394,g4/13mA/13mA,80,96,,
1.354,HRV,170,3,13988991,g4/13mA/13mA,80,96,,
1.354,HRV,171,0,15141245,g5/13mA/13mA,80,96,,
1.354,HRV,171,1,14742888,g4/13mA/13mA,80,96,,
1.354,HRV,171,2,12553546,g4/13mA/13mA,80,96,,
1.354,HRV,171,3,13989084,g4/13mA/13mA,80,96,,
1.354,HRV,172,0,15141586,g5/13mA/13mA,80,96,,
1.354,HRV,172,1,14742836,g4/13mA/13mA,80,96,,
1.354,HRV,172,2,12553264,g4/13mA/13mA,80,96,,
1.354,HRV,172,3,13989058,g4/13mA/13mA,80,96,,
1.386,HRV,173,0,15142696,g5/13mA/13mA,80,96,,
1.386,HRV,173,1,14743281,g4/13mA/13mA,80,96,,
1.386,HRV,173,2,12553999,g4/13mA/13mA,80,96,,
1.386,HRV,173,3,13989477,g4/13mA/13mA,80,96,,
1.386,HRV,174,0,15140410,g5/13mA/13mA,80,96,,
1.386,HRV,174,1,14742581,g4/13mA/13mA,80,96,,
1.386,HRV,174,2,12553291,g4/13mA/13mA,80,96,,
1.386,HRV,174,3,13988103,g4/13mA/13mA,80,96,,
1.386,HRV,175,0,15141936,g5/13mA/13mA,80,96,,
1.386,HRV,175,1,14742667,g4/13mA/13mA,80,96,,
1.386,HRV,175,2,12553233,g4/13mA/13mA,80,96,,
1.386,HRV,175,3,13989075,g4/13mA/13mA,80,96,,
1.386,HRV,176,0,15141691,g5/13mA/13mA,80,96,,
1.386,HRV,176,1,14743051,g4/13mA/13mA,80,96,,
1.386,HRV,176,2,12553581,g4/13mA/13mA,80,96,,
1.386,HRV,176,3,13989357,g4/13mA/13mA,80,96,,
1.386,HRV,177,0,15141741,g5/13mA/13mA,80,96,,
1.386,HRV,177,1,14742957,g4/13mA/13mA,80,96,,
1.386,HRV,177,2,12553742,g4/13mA/13mA,80,96,,
1.386,HRV,177,3,13989093,g4/13mA/13mA,80,96,,
1.386,HRV,178,0,15140913,g5/13mA/13mA,80,96,,
1.386,HRV,178,1,14742657,g4/13mA/13mA,80,96,,
1.386,HRV,178,2,12553240,g4/13mA/13mA,80,96,,
1.386,HRV,178,3,13988750,g4/13mA/13mA,80,96,,
1.416,SPO2,145,0,12976368,g1/60mA/0mA,80,96,0,17
1.416,SPO2,145,1,12230276,g1/25mA/0mA,80,96,0,17
1.416,SPO2,146,0,12975777,g1/60mA/0mA,80,96,0,17
1.416,SPO2,146,1,12229843,g1/25mA/0mA,80,96,0,17
1.416,SPO2,147,0,12976263,g1/60mA/0mA,80,96,0,17
1.416,SPO2,147,1,12230090,g1/25mA/0mA,80,96,0,17
1.416,SPO2,148,0,12975980,g1/60mA/0mA,80,96,0,17
1.416,SPO2,148,1,12230024,g1/25mA/0mA,80,96,0,17
1.416,SPO2,149,0,12975556,g1/60mA/0mA,80,96,0,17
1.416,SPO2,149,1,12229730,g1/25mA/0mA,80,96,0,17
1.416,SPO2,150,0,12976064,g1/60mA/0mA,80,96,0,17
1.416,SPO2,150,1,12230100,g1/25mA/0mA,80,96,0,17
1.509,SPO2,151,0,12975908,g1/60mA/0mA,80,96,0,17
1.509,SPO2,151,1,12229893,g1/25mA/0mA,80,96,0,17
1.509,SPO2,152,0,12975822,g1/60mA/0mA,80,96,0,17
1.509,SPO2,152,1,12229936,g1/25mA/0mA,80,96,0,17
1.509,SPO2,153,0,12975630,g1/60mA/0mA,80,96,0,17
1.509,SPO2,153,1,12229912,g1/25mA/0mA,80,96,0,17
1.509,SPO2,154,0,12976308,g1/60mA/0mA,80,96,0,17
1.509,SPO2,154,1,12230137,g1/25mA/0mA,80,96,0,17
1.509,SPO2,155,0,12975677,g1/60mA/0mA,80,96,0,17
1.509,SPO2,155,1,12229928,g1/25mA/0mA,80,96,0,17
1.509,SPO2,156,0,12976365,g1/60mA/0mA,80,96,0,17
1.509,SPO2,156,1,12230058,g1/25mA/0mA,80,96,0,17
1.509,SPO2,157,0,12976206,g1/60mA/0mA,80,96,0,17
1.509,SPO2,157,1,12230048,g1/25mA/0mA,80,96,0,17
1.509,SPO2,158,0,12975872,g1/60mA/0mA,80,96,0,17
1.509,SPO2,158,1,12230017,g1/25mA/0mA,80,96,0,17
1.510,SPO2,159,0,12976074,g1/60mA/0mA,80,96,0,17
1.510,SPO2,159,1,12229968,g1/25mA/0mA,80,96,0,17
1.510,SPO2,160,0,12976014,g1/60mA/0mA,80,96,0,17
1.510,SPO2,160,1,12230030,g1/25mA/0mA,80,96,0,17
1.510,SPO2,161,0,12975810,g1/60mA/0mA,80,96,0,17
1.510,SPO2,161,1,12229735,g1/25mA/0mA,80,96,0,17
1.510,SPO2,162,0,12975930,g1/60mA/0mA,80,96,0,17
1.510,SPO2,162,1,12230137,g1/25mA/0mA,80,96,0,17
1.510,SPO2,163,0,12975895,g1/60mA/0mA,80,96,0,17
1.510,SPO2,163,1,12229928,g1/25mA/0mA,80,96,0,17
1.510,SPO2,164,0,12976013,g1/60mA/0mA,80,96,0,17
1.510,SPO2,164,1,12230107,g1/25mA/0mA,80,96,0,17
1.510,SPO2,165,0,12976070,g1/60mA/0mA,80,96,0,17
1.510,SPO2,165,1,12229885,g1/25mA/0mA,80,96,0,17
1.986,SPO2,166,0,12976140,g1/60mA/0mA,80,96,0,17
1.986,SPO2,166,1,12230077,g1/25mA/0mA,80,96,0,17
1.986,SPO2,167,0,12975568,g1/60mA/0mA,80,96,0,17
1.986,SPO2,167,1,12229852,g1/25mA/0mA,80,96,0,17
1.986,SPO2,168,0,12976443,g1/60mA/0mA,80,96,0,17
1.986,SPO2,168,1,12230222,g1/25mA/0mA,80,96,0,17
1.986,SPO2,169,0,12975930,g1/60mA/0mA,80,96,0,17
1.986,SPO2,169,1,12230058,g1/25mA/0mA,80,96,0,17
1.986,SPO2,170,0,12975795,g1/60mA/0mA,80,96,0,14
1.986,SPO2,170,1,12229780,g1/25mA/0mA,80,96,0,14
1.986,SPO2,171,0,12975992,g1/60mA/0mA,80,96,0,14
1.986,SPO2,171,1,12230173,g1/25mA/0mA,80,96,0,14
2.046,SPO2,172,0,12975867,g1/60mA/0mA,80,96,0,14
2.046,SPO2,172,1,12229948,g1/25mA/0mA,80,96,0,14
2.046,SPO2,173,0,12976831,g1/60mA/0mA,80,96,0,14
2.046,SPO2,173,1,12230470,g1/25mA/0mA,80,96,0,14
2.046,SPO2,174,0,12975323,g1/60mA/0mA,80,96,0,14
2.046,SPO2,174,1,12229658,g1/25mA/0mA,80,96,0,14
2.046,SPO2,175,0,12976093,g1/60mA/0mA,80,96,0,14
2.046,SPO2,175,1,12230058,g1/25mA/0mA,80,96,0,14
2.046,SPO2,176,0,12976269,g1/60mA/0mA,80,96,0,14
2.046,SPO2,176,1,12230298,g1/25mA/0mA,80,96,0,14
2.046,SPO2,177,0,12976032,g1/60mA/0mA,80,96,0,14
2.046,SPO2,177,1,12229999,g1/25mA/0mA,80,96,0,14
2.046,SPO2,178,0,12975804,g1/60mA/0mA,80,96,0,14
2.046,SPO2,178,1,12229934,g1/25mA/0mA,80,96,0,14
2.077,HR,179,0,15141946,g5/13mA/13mA,80,96,0,14
2.077,HR,179,1,14743084,g4/13mA/13mA,80,96,0,14
2.077,HR,179,2,12554092,g4/13mA/13mA,80,96,0,14
2.077,HR,179,3,13989221,g4/13mA/13mA,80,96,0,14
2.077,HR,180,0,15142048,g5/13mA/13mA,80,96,0,14
2.077,HR,180,1,14743341,g4/13mA/13mA,80,96,0,14
2.077,HR,180,2,12553896,g4/13mA/13mA,80,96,0,14
2.077,HR,180,3,13989186,g4/13mA/13mA,80,96,0,14
2.077,HR,181,0,15140964,g5/13mA/13mA,80,96,0,14
2.077,HR,181,1,14742596,g4/13mA/13mA,80,96,0,14
2.077,HR,181,2,12553471,g4/13mA/13mA,80,96,0,14
2.077,HR,181,3,13988614,g4/13mA/13mA,80,96,0,14
2.077,HR,182,0,15141868,g5/13mA/13mA,80,96,0,14
2.077,HR,182,1,14743101,g4/13mA/13mA,80,96,0,14
2.077,HR,182,2,12553719,g4/13mA/13mA,80,96,0,14
2.077,HR,182,3,13989153,g4/13mA/13mA,80,96,0,14
2.077,HR,183,0,15140573,g5/13mA/13mA,80,96,0,14
2.077,HR,183,1,14742324,g4/13mA/13mA,80,96,0,14
2.077,HR,183,2,12552976,g4/13mA/13mA,80,96,0,14
2.077,HR,183,3,13988486,g4/13mA/13mA,80,96,0,14
2.077,HR,184,0,15141348,g5/13mA/13mA,80,96,0,14
2.077,HR,184,1,14742564,g4/13mA/13mA,80,96,0,14
2.077,HR,184,2,12553249,g4/13mA/13mA,80,96,0,14
2.077,HR,184,3,13988905,g4/13mA/13mA,80,96,0,14
2.105,HR,185,0,15140844,g5/13mA/13mA,80,96,0,14
2.105,HR,185,1,14742717,g4/13mA/13mA,80,96,0,14
2.105,HR,185,2,12553546,g4/13mA/13mA,80,96,0,14
2.105,HR,185,3,13988913,g4/13mA/13mA,80,96,0,14
2.105,HR,186,0,15141382,g5/13mA/13mA,80,96,0,14
2.105,HR,186,1,14742717,g4/13mA/13mA,80,96,0,14
2.105,HR,186,2,12553121,g4/13mA/13mA,80,96,0,14
2.105,HR,186,3,13989210,g4/13mA/13mA,80,96,0,14
2.105,HR,187,0,15142211,g5/13mA/13mA,80,96,0,14
2.105,HR,187,1,14743511,g4/13mA/13mA,80,96,0,14
2.105,HR,187,2,12554299,g4/13mA/13mA,80,96,0,14
2.105,HR,187,3,13989586,g4/13mA/13mA,80,96,0,14
2.105,HR,188,0,15140460,g5/13mA/13mA,80,96,0,14
2.105,HR,188,1,14742351,g4/13mA/13mA,80,96,0,14
2.105,HR,188,2,12553146,g4/13mA/13mA,80,96,0,14
2.105,HR,188,3,13988350,g4/13mA/13mA,80,96,0,14
2.105,HR,189,0,15141706,g5/13mA/13mA,80,96,0,14
2.105,HR,189,1,14742581,g4/13mA/13mA,80,96,0,14
2.105,HR,189,2,12553599,g4/13mA/13mA,80,96,0,14
2.105,HR,189,3,13988931,g4/13mA/13mA,80,96,0,14
2.105,HR,190,0,15141741,g5/13mA/13mA,80,96,0,14
2.105,HR,190,1,14743195,g4/13mA/13mA,80,96,0,14
2.105,HR,190,2,12553488,g4/13mA/13mA,80,96,0,14
2.105,HR,190,3,13988845,g4/13mA/13mA,80,96,0,14
2.167,HR,191,0,15141375,g5/13mA/13mA,80,96,0,14
2.167,HR,191,1,14742854,g4/13mA/13mA,80,96,0,14
2.167,HR,191,2,12553426,g4/13mA/13mA,80,96,0,14
2.167,HR,191,3,13988938,g4/13mA/13mA,80,96,0,14
2.167,HR,192,0,15141699,g5/13mA/13mA,80,96,0,14
2.167,HR,192,1,14743066,g4/13mA/13mA,80,96,0,14
2.167,HR,192,2,12553640,g4/13mA/13mA,80,96,0,14
2.167,HR,192,3,13989153,g4/13mA/13mA,80,96,0,14
2.167,HR,193,0,15141646,g5/13mA/13mA,80,96,0,14
2.167,HR,193,1,14743007,g4/13mA/13mA,80,96,0,14
2.167,HR,193,2,12553802,g4/13mA/13mA,80,96,0,14
2.167,HR,193,3,13988973,g4/13mA/13mA,80,96,0,14
2.167,HR,194,0,15141529,g5/13mA/13mA,80,96,0,14
2.167,HR,194,1,14742983,g4/13mA/13mA,80,96,0,14
2.167,HR,194,2,12553582,g4/13mA/13mA,80,96,0,14
2.167,HR,194,3,13989144,g4/13mA/13mA,80,96,0,14
2.167,HR,195,0,15140913,g5/13mA/13mA,80,96,0,14
2.167,HR,195,1,14742623,g4/13mA/13mA,80,96,0,14
2.167,HR,195,2,12553207,g4/13mA/13mA,80,96,0,14
2.167,HR,195,3,13988946,g4/13mA/13mA,80,96,0,14
2.194,HR,196,0,15142679,g5/13mA/13mA,80,96,0,14
2.194,HR,196,1,14743869,g4/13mA/13mA,80,96,0,14
2.194,HR,196,2,12554254,g4/13mA/13mA,80,96,0,14
2.194,HR,196,3,13989732,g4/13mA/13mA,80,96,0,14
2.194,HR,197,0,15141322,g5/13mA/13mA,80,96,0,14
2.194,HR,197,1,14742591,g4/13mA/13mA,80,96,0,14
2.194,HR,197,2,12553136,g4/13mA/13mA,80,96,0,14
2.194,HR,197,3,13988896,g4/13mA/13mA,80,96,0,14
2.194,HR,198,0,15142226,g5/13mA/13mA,80,96,0,14
2.194,HR,198,1,14743323,g4/13mA/13mA,80,96,0,14
2.194,HR,198,2,12553769,g4/13mA/13mA,80,96,0,14
2.194,HR,198,3,13989330,g4/13mA/13mA,80,96,0,14
2.194,HR,199,0,15141723,g5/13mA/13mA,80,96,0,14
2.194,HR,199,1,14743221,g4/13mA/13mA,80,96,0,14
2.194,HR,199,2,12553546,g4/13mA/13mA,80,96,0,14
2.194,HR,199,3,13989322,g4/13mA/13mA,80,96,0,14
2.194,HR,200,0,15141049,g5/13mA/13mA,80,96,0,14
2.194,HR,200,1,14742675,g4/13mA/13mA,80,96,0,14
2.194,HR,200,2,12553240,g4/13mA/13mA,80,96,0,14
2.194,HR,200,3,13989040,g4/13mA/13mA,80,96,0,14
2.194,HR,201,0,15142305,g5/13mA/13mA,80,96,0,14
2.194,HR,201,1,14743493,g4/13mA/13mA,80,96,0,14
2.194,HR,201,2,12553889,g4/13mA/13mA,80,96,0,14
2.194,HR,201,3,13989307,g4/13mA/13mA,80,96,0,14
2.225,HR,202,0,15141100,g5/13mA/13mA,80,96,0,14
2.225,HR,202,1,14742912,g4/13mA/13mA,80,96,0,14
2.225,HR,202,2,12553010,g4/13mA/13mA,80,96,0,14
2.225,HR,202,3,13988606,g4/13mA/13mA,80,96,0,14
2.225,HR,203,0,15142057,g5/13mA/13mA,80,96,0,14
2.225,HR,203,1,14743356,g4/13mA/13mA,80,96,0,14
2.225,HR,203,2,12553922,g4/13mA/13mA,80,96,0,14
2.225,HR,203,3,13989108,g4/13mA/13mA,80,96,0,14
2.225,HR,204,0,15140964,g5/13mA/13mA,80,96,0,14
2.225,HR,204,1,14742768,g4/13mA/13mA,80,96,0,14
2.225,HR,204,2,12553274,g4/13mA/13mA,80,96,0,14
2.225,HR,204,3,13988768,g4/13mA/13mA,80,96,0,14
2.225,HR,205,0,15141681,g5/13mA/13mA,80,96,0,14
2.225,HR,205,1,14743178,g4/13mA/13mA,80,96,0,14
2.225,HR,205,2,12553624,g4/13mA/13mA,80,96,0,14
2.225,HR,205,3,13989255,g4/13mA/13mA,80,96,0,14
2.225,HR,206,0,15142211,g5/13mA/13mA,80,96,0,14
2.225,HR,206,1,14743092,g4/13mA/13mA,80,96,0,14
2.225,HR,206,2,12553548,g4/13mA/13mA,80,96,0,14
2.225,HR,206,3,13989357,g4/13mA/13mA,80,96,0,14
2.225,HR,207,0,15141621,g5/13mA/13mA,80,96,0,14
2.225,HR,207,1,14743134,g4/13mA/13mA,80,96,0,14
2.225,HR,207,2,12553735,g4/13mA/13mA,80,96,0,14
2.225,HR,207,3,13989391,g4/13mA/13mA,80,96,0,14
2.286,HR,208,0,15141664,g5/13mA/13mA,80,96,0,14
2.286,HR,208,1,14743109,g4/13mA/13mA,80,96,0,14
2.286,HR,208,2,12553685,g4/13mA/13mA,80,96,0,14
2.286,HR,208,3,13989049,g4/13mA/13mA,80,96,0,14
2.286,HR,209,0,15142014,g5/13mA/13mA,80,96,0,14
2.286,HR,209,1,14743263,g4/13mA/13mA,80,96,0,14
2.286,HR,209,2,12553426,g4/13mA/13mA,80,96,0,14
2.286,HR,209,3,13989067,g4/13mA/13mA,80,96,0,14
2.286,HR,210,0,15142030,g5/13mA/13mA,80,96,0,14
2.286,HR,210,1,14743425,g4/13mA/13mA,80,96,0,14
2.286,HR,210,2,12553735,g4/13mA/13mA,80,96,0,14
2.286,HR,210,3,13989246,g4/13mA/13mA,80,96,0,14
2.286,HR,211,0,15141015,g5/13mA/13mA,80,96,0,14
2.286,HR,211,1,14742324,g4/13mA/13mA,80,96,0,14
2.286,HR,211,2,12553136,g4/13mA/13mA,80,96,0,14
2.286,HR,211,3,13988479,g4/13mA/13mA,80,96,0,14
2.286,HR,212,0,15141876,g5/13mA/13mA,80,96,0,14
2.286,HR,212,1,14743228,g4/13mA/13mA,80,96,0,14
2.286,HR,212,2,12553880,g4/13mA/13mA,80,96,0,14
2.286,HR,212,3,13989597,g4/13mA/13mA,80,96,0,14
2.348,HRV,179,0,15141946,g5/13mA/13mA,80,96,0,14
2.348,HRV,179,1,14743084,g4/13mA/13mA,80,96,0,14
2.348,HRV,179,2,12554092,g4/13mA/13mA,80,96,0,14
2.348,HRV,179,3,13989221,g4/13mA/13mA,80,96,0,14
2.348,HRV,180,0,15142048,g5/13mA/13mA,80,96,0,14
2.348,HRV,180,1,14743341,g4/13mA/13mA,80,96,0,14
2.348,HRV,180,2,12553896,g4/13mA/13mA,80,96,0,14
2.348,HRV,180,3,13989186,g4/13mA/13mA,80,96,0,14
2.348,HRV,181,0,15140964,g5/13mA/13mA,80,96,0,14
2.348,HRV,181,1,14742596,g4/13mA/13mA,80,96,0,14
2.348,HRV,181,2,12553471,g4/13mA/13mA,80,96,0,14
2.348,HRV,181,3,13988614,g4/13mA/13mA,80,96,0,14
2.348,HRV,182,0,15141868,g5/13mA/13mA,80,96,0,14
2.348,HRV,182,1,14743101,g4/13mA/13mA,80,96,0,14
2.348,HRV,182,2,12553719,g4/13mA/13mA,80,96,0,14
2.348,HRV,182,3,13989153,g4/13mA/13mA,80,96,0,14
2.348,HRV,183,0,15140573,g5/13mA/13mA,80,96,0,14
2.348,HRV,183,1,14742324,g4/13mA/13mA,80,96,0,14
2.348,HRV,183,2,12552976,g4/13mA/13mA,80,96,0,14
2.348,HRV,183,3,13988486,g4/13mA/13mA,80,96,0,14
2.348,HRV,184,0,15141348,g5/13mA/13mA,80,96,0,14
2.348,HRV,184,1,14742564,g4/13mA/13mA,80,96,0,14
2.348,HRV,184,2,12553249,g4/13mA/13mA,80,96,0,14
2.348,HRV,184,3,13988905,g4/13mA/13mA,80,96,0,14
2.373,HRV,185,0,15140844,g5/13mA/13mA,80,96,0,14
2.373,HRV,185,1,14742717,g4/13mA/13mA,80,96,0,14
2.373,HRV,185,2,12553546,g4/13mA/13mA,80,96,0,14
2.373,HRV,185,3,13988913,g4/13mA/13mA,80,96,0,14
2.373,HRV,186,0,15141382,g5/13mA/13mA,80,96,0,14
2.373,HRV,186,1,14742717,g4/13mA/13mA,80,96,0,14
2.373,HRV,186,2,12553121,g4/13mA/13mA,80,96,0,14
2.373,HRV,186,3,13989210,g4/13mA/13mA,80,96,0,14
2.373,HRV,187,0,15142211,g5/13mA/13mA,80,96,0,14
2.373,HRV,187,1,14743511,g4/13mA/13mA,80,96,0,14
2.373,HRV,187,2,12554299,g4/13mA/13mA,80,96,0,14
2.373,HRV,187,3,13989586,g4/13mA/13mA,80,96,0,14
2.373,HRV,188,0,15140460,g5/13mA/13mA,80,96,0,14
2.373,HRV,188,1,14742351,g4/13mA/13mA,80,96,0,14
2.373,HRV,188,2,12553146,g4/13mA/13mA,80,96,0,14
2.373,HRV,188,3,13988350,g4/13mA/13mA,80,96,0,14
2.373,HRV,189,0,15141706,g5/13mA/13mA,80,96,0,14
2.373,HRV,189,1,14742581,g4/13mA/13mA,80,96,0,14
2.373,HRV,189,2,12553599,g4/13mA/13mA,80,96,0,14
2.373,HRV,189,3,13988931,g4/13mA/13mA,80,96,0,14
2.373,HRV,190,0,15141741,g5/13mA/13mA,80,96,0,14
2.373,HRV,190,1,14743195,g4/13mA/13mA,80,96,0,14
2.373,HRV,190,2,12553488,g4/13mA/13mA,80,96,0,14
2.373,HRV,190,3,13988845,g4/13mA/13mA,80,96,0,14
2.405,HRV,191,0,15141375,g5/13mA/13mA,80,96,0,14
2.405,HRV,191,1,14742854,g4/13mA/13mA,80,96,0,14
2.405,HRV,191,2,12553426,g4/13mA/13mA,80,96,0,14
2.405,HRV,191,3,13988938,g4/13mA/13mA,80,96,0,14
2.405,HRV,192,0,15141699,g5/13mA/13mA,80,96,0,14
2.405,HRV,192,1,14743066,g4/13mA/13mA,80,96,0,14
2.405,HRV,192,2,12553640,g4/13mA/13mA,80,96,0,14
2.405,HRV,192,3,13989153,g4/13mA/13mA,80,96,0,14
2.405,HRV,193,0,15141646,g5/13mA/13mA,80,96,0,14
2.405,HRV,193,1,14743007,g4/13mA/13mA,80,96,0,14
2.405,HRV,193,2,12553802,g4/13mA/13mA,80,96,0,14
2.405,HRV,193,3,13988973,g4/13mA/13mA,80,96,0,14
2.405,HRV,194,0,15141529,g5/13mA/13mA,80,96,0,14
2.405,HRV,194,1,14742983,g4/13mA/13mA,80,96,0,14
2.405,HRV,194,2,12553582,g4/13mA/13mA,80,96,0,14
2.405,HRV,194,3,13989144,g4/13mA/13mA,80,96,0,14
2.405,HRV,195,0,15140913,g5/13mA/13mA,80,96,0,14
2.405,HRV,195,1,14742623,g4/13mA/13mA,80,96,0,14
2.405,HRV,195,2,12553207,g4/13mA/13mA,80,96,0,14
2.405,HRV,195,3,13988946,g4/13mA/13mA,80,96,0,14
2.439,HRV,196,0,15142679,g5/13mA/13mA,80,96,0,14
2.439,HRV,196,1,14743869,g4/13mA/13mA,80,96,0,14
2.439,HRV,196,2,12554254,g4/13mA/13mA,80,96,0,14
2.439,HRV,196,3,13989732,g4/13mA/13mA,80,96,0,14
2.439,HRV,197,0,15141322,g5/13mA/13mA,80,96,0,14
2.439,HRV,197,1,14742591,g4/13mA/13mA,80,96,0,14
2.439,HRV,197,2,12553136,g4/13mA/13mA,80,96,0,14
2.439,HRV,197,3,13988896,g4/13mA/13mA,80,96,0,14
2.439,HRV,198,0,15142226,g5/13mA/13mA,80,96,0,14
2.439,HRV,198,1,14743323,g4/13mA/13mA,80,96,0,14
2.439,HRV,198,2,12553769,g4/13mA/13mA,80,96,0,14
2.439,HRV,198,3,13989330,g4/13mA/13mA,80,96,0,14
2.439,HRV,199,0,15141723,g5/13mA/13mA,80,96,0,14
2.439,HRV,199,1,14743221,g4/13mA/13mA,80,96,0,14
2.439,HRV,199,2,12553546,g4/13mA/13mA,80,96,0,14
2.439,HRV,199,3,13989322,g4/13mA/13mA,80,96,0,14
2.439,HRV,200,0,15141049,g5/13mA/13mA,80,96,0,14
2.439,HRV,200,1,14742675,g4/13mA/13mA,80,96,0,14
2.439,HRV,200,2,12553240,g4/13mA/13mA,80,96,0,14
2.439,HRV,200,3,13989040,g4/13mA/13mA,80,96,0,14
2.439,HRV,201,0,15142305,g5/13mA/13mA,80,96,0,14
2.439,HRV,201,1,14743493,g4/13mA/13mA,80,96,0,14
2.440,HRV,201,2,12553889,g4/13mA/13mA,80,96,0,14
2.440,HRV,201,3,13989307,g4/13mA/13mA,80,96,0,14
2.496,HRV,202,0,15141100,g5/13mA/13mA,80,96,0,14
2.496,HRV,202,1,14742912,g4/13mA/13mA,80,96,0,14
2.496,HRV,202,2,12553010,g4/13mA/13mA,80,96,0,14
2.496,HRV,202,3,13988606,g4/13mA/13mA,80,96,0,14
2.496,HRV,203,0,15142057,g5/13mA/13mA,80,96,0,14
2.496,HRV,203,1,14743356,g4/13mA/13mA,80,96,0,14
2.496,HRV,203,2,12553922,g4/13mA/13mA,80,96,0,14
2.496,HRV,203,3,13989108,g4/13mA/13mA,80,96,0,14
2.496,HRV,204,0,15140964,g5/13mA/13mA,80,96,0,14
2.496,HRV,204,1,14742768,g4/13mA/13mA,80,96,0,14
2.496,HRV,204,2,12553274,g4/13mA/13mA,80,96,0,14
2.496,HRV,204,3,13988768,g4/13mA/13mA,80,96,0,14
2.496,HRV,205,0,15141681,g5/13mA/13mA,80,96,0,14
2.496,HRV,205,1,14743178,g4/13mA/13mA,80,96,0,14
2.496,HRV,205,2,12553624,g4/13mA/13mA,80,96,0,14
2.496,HRV,205,3,13989255,g4/13mA/13mA,80,96,0,14
2.496,HRV,206,0,15142211,g5/13mA/13mA,80,96,0,14
2.496,HRV,206,1,14743092,g4/13mA/13mA,80,96,0,14
2.496,HRV,206,2,12553548,g4/13mA/13mA,80,96,0,14
2.497,HRV,206,3,13989357,g4/13mA/13mA,80,96,0,14
2.497,HRV,207,0,15141621,g5/13mA/13mA,80,96,0,14
2.497,HRV,207,1,14743134,g4/13mA/13mA,80,96,0,14
2.497,HRV,207,2,12553735,g4/13mA/13mA,80,96,0,14
2.497,HRV,207,3,13989391,g4/13mA/13mA,80,96,0,14
2.526,HRV,208,0,15141664,g5/13mA/13mA,80,96,0,14
2.526,HRV,208,1,14743109,g4/13mA/13mA,80,96,0,14
2.526,HRV,208,2,12553685,g4/13mA/13mA,80,96,0,14
2.526,HRV,208,3,13989049,g4/13mA/13mA,80,96,0,14
2.526,HRV,209,0,15142014,g5/13mA/13mA,80,96,0,14
2.526,HRV,209,1,14743263,g4/13mA/13mA,80,96,0,14
2.526,HRV,209,2,12553426,g4/13mA/13mA,80,96,0,14
2.526,HRV,209,3,13989067,g4/13mA/13mA,80,96,0,14
2.526,HRV,210,0,15142030,g5/13mA/13mA,80,96,0,14
2.526,HRV,210,1,14743425,g4/13mA/13mA,80,96,0,14
2.526,HRV,210,2,12553735,g4/13mA/13mA,80,96,0,14
2.526,HRV,210,3,13989246,g4/13mA/13mA,80,96,0,14
2.526,HRV,211,0,15141015,g5/13mA/13mA,80,96,0,14
2.526,HRV,211,1,14742324,g4/13mA/13mA,80,96,0,14
2.526,HRV,211,2,12553136,g4/13mA/13mA,80,96,0,14
2.526,HRV,211,3,13988479,g4/13mA/13mA,80,96,0,14
2.526,HRV,212,0,15141876,g5/13mA/13mA,80,96,0,14
2.526,HRV,212,1,14743228,g4/13mA/13mA,80,96,0,14
2.526,HRV,212,2,12553880,g4/13mA/13mA,80,96,0,14
2.526,HRV,212,3,13989597,g4/13mA/13mA,80,96,0,14
2.555,SPO2,179,0,12976373,g1/60mA/0mA,80,96,0,14
2.555,SPO2,179,1,12230219,g1/25mA/0mA,80,96,0,14
2.555,SPO2,180,0,12976194,g1/60mA/0mA,80,96,0,14
2.555,SPO2,180,1,12229983,g1/25mA/0mA,80,96,0,14
2.555,SPO2,181,0,12975710,g1/60mA/0mA,80,96,0,14
2.555,SPO2,181,1,12229784,g1/25mA/0mA,80,96,0,14
2.555,SPO2,182,0,12976287,g1/60mA/0mA,80,96,0,14
2.555,SPO2,182,1,12230123,g1/25mA/0mA,80,96,0,14
2.555,SPO2,183,0,12975698,g1/60mA/0mA,80,96,0,14
2.555,SPO2,183,1,12229931,g1/25mA/0mA,80,96,0,14
2.555,SPO2,184,0,12975697,g1/60mA/0mA,80,96,0,14
2.555,SPO2,184,1,12229687,g1/25mA/0mA,80,96,0,14
2.555,SPO2,185,0,12975978,g1/60mA/0mA,80,96,0,14
2.555,SPO2,185,1,12230027,g1/25mA/0mA,80,96,0,14
2.615,SPO2,186,0,12975753,g1/60mA/0mA,80,96,0,14
2.615,SPO2,186,1,12229749,g1/25mA/0mA,80,96,0,14
2.615,SPO2,187,0,12976689,g1/60mA/0mA,80,96,0,14
2.615,SPO2,187,1,12230459,g1/25mA/0mA,80,96,0,14
2.615,SPO2,188,0,12975368,g1/60mA/0mA,80,96,0,14
2.615,SPO2,188,1,12229820,g1/25mA/0mA,80,96,0,14
2.615,SPO2,189,0,12975997,g1/60mA/0mA,80,96,0,14
2.615,SPO2,189,1,12229915,g1/25mA/0mA,80,96,0,14
2.615,SPO2,190,0,12976211,g1/60mA/0mA,80,96,0,14
2.615,SPO2,190,1,12230078,g1/25mA/0mA,80,96,0,14
2.615,SPO2,191,0,12976158,g1/60mA/0mA,80,96,0,14
2.615,SPO2,191,1,12230032,g1/25mA/0mA,80,96,0,14
2.615,SPO2,192,0,12976359,g1/60mA/0mA,80,96,0,14
2.615,SPO2,192,1,12230245,g1/25mA/0mA,80,96,0,14
2.615,SPO2,193,0,12975958,g1/60mA/0mA,80,96,0,14
2.615,SPO2,193,1,12229886,g1/25mA/0mA,80,96,0,14
2.646,SPO2,194,0,12976145,g1/60mA/0mA,80,96,0,14
2.646,SPO2,194,1,12230119,g1/25mA/0mA,80,96,0,14
2.647,SPO2,195,0,12975816,g1/60mA/0mA,80,96,0,9
2.647,SPO2,195,1,12230030,g1/25mA/0mA,80,96,0,9
2.647,SPO2,196,0,12976788,g1/60mA/0mA,80,96,0,9
2.647,SPO2,196,1,12230366,g1/25mA/0mA,80,96,0,9
2.647,SPO2,197,0,12975824,g1/60mA/0mA,80,96,0,9
2.647,SPO2,197,1,12230137,g1/25mA/0mA,80,96,0,9
2.647,SPO2,198,0,12976563,g1/60mA/0mA,80,96,0,9
2.647,SPO2,198,1,12230078,g1/25mA/0mA,80,96,0,9
2.647,SPO2,199,0,12976211,g1/60mA/0mA,80,96,0,9
2.647,SPO2,199,1,12230114,g1/25mA/0mA,80,96,0,9
2.674,SPO2,200,0,12975840,g1/60mA/0mA,80,96,0,9
2.674,SPO2,200,1,12229911,g1/25mA/0mA,80,96,0,9
2.674,SPO2,201,0,12976578,g1/60mA/0mA,80,96,0,9
2.674,SPO2,201,1,12230198,g1/25mA/0mA,80,96,0,9
2.674,SPO2,202,0,12975574,g1/60mA/0mA,80,96,0,9
2.674,SPO2,202,1,12229789,g1/25mA/0mA,80,96,0,9
2.674,SPO2,203,0,12976366,g1/60mA/0mA,80,96,0,9
2.674,SPO2,203,1,12230048,g1/25mA/0mA,80,96,0,9
2.674,SPO2,204,0,12976041,g1/60mA/0mA,80,96,0,9
2.674,SPO2,204,1,12230032,g1/25mA/0mA,80,96,0,9
2.674,SPO2,205,0,12976356,g1/60mA/0mA,80,96,0,9
2.674,SPO2,205,1,12230100,g1/25mA/0mA,80,96,0,9
2.674,SPO2,206,0,12976386,g1/60mA/0mA,80,96,0,9
2.674,SPO2,206,1,12230173,g1/25mA/0mA,80,96,0,9
2.674,SPO2,207,0,12976311,g1/60mA/0mA,80,96,0,9
2.674,SPO2,207,1,12230178,g1/25mA/0mA,80,96,0,9
2.736,SPO2,208,0,12976374,g1/60mA/0mA,80,96,0,9
2.736,SPO2,208,1,12230207,g1/25mA/0mA,80,96,0,9
2.736,SPO2,209,0,12975944,g1/60mA/0mA,80,96,0,9
2.736,SPO2,209,1,12229855,g1/25mA/0mA,80,96,0,9
2.736,SPO2,210,0,12976678,g1/60mA/0mA,80,96,0,9
2.736,SPO2,210,1,12230479,g1/25mA/0mA,80,96,0,9
2.736,SPO2,211,0,12975792,g1/60mA/0mA,80,96,0,9
2.736,SPO2,211,1,12229945,g1/25mA/0mA,80,96,0,9
2.736,SPO2,212,0,12976428,g1/60mA/0mA,80,96,0,9
2.736,SPO2,212,1,12230264,g1/25mA/0mA,80,96,0,9
3.728,HR,213,0,15141681,g5/13mA/13mA,80,96,0,9
3.728,HR,213,1,14743281,g4/13mA/13mA,80,96,0,9
3.728,HR,213,2,12553572,g4/13mA/13mA,80,96,0,9
3.728,HR,213,3,13989058,g4/13mA/13mA,80,96,0,9
3.728,HR,214,0,15142261,g5/13mA/13mA,80,96,0,9
3.728,HR,214,1,14743382,g4/13mA/13mA,80,96,0,9
3.728,HR,214,2,12553719,g4/13mA/13mA,80,96,0,9
3.728,HR,214,3,13989016,g4/13mA/13mA,80,96,0,9
3.728,HR,215,0,15142493,g5/13mA/13mA,80,96,0,9
3.728,HR,215,1,14743127,g4/13mA/13mA,80,96,0,9
3.728,HR,215,2,12553957,g4/13mA/13mA,80,96,0,9
3.728,HR,215,3,13989315,g4/13mA/13mA,80,96,0,9
3.728,HR,216,0,15141613,g5/13mA/13mA,80,96,0,9
3.728,HR,216,1,14743066,g4/13mA/13mA,80,96,0,9
3.728,HR,216,2,12553437,g4/13mA/13mA,80,96,0,9
3.728,HR,216,3,13989289,g4/13mA/13mA,80,96,0,9
3.728,HR,217,0,15141673,g5/13mA/13mA,80,96,0,9
3.728,HR,217,1,14742957,g4/13mA/13mA,80,96,0,9
3.728,HR,217,2,12553358,g4/13mA/13mA,80,96,0,9
3.728,HR,217,3,13989049,g4/13mA/13mA,80,96,0,9
3.728,HR,218,0,15141971,g5/13mA/13mA,80,96,0,9
3.728,HR,218,1,14743017,g4/13mA/13mA,80,96,0,9
3.728,HR,218,2,12553624,g4/13mA/13mA,80,96,0,9
3.728,HR,218,3,13989040,g4/13mA/13mA,80,96,0,9
3.752,HR,219,0,15142176,g5/13mA/13mA,80,96,0,9
3.752,HR,219,1,14743665,g4/13mA/13mA,80,96,0,9
3.752,HR,219,2,12554221,g4/13mA/13mA,80,96,0,9
3.752,HR,219,3,13989545,g4/13mA/13mA,80,96,0,9
3.752,HR,220,0,15141168,g5/13mA/13mA,81,95,0,9
3.752,HR,220,1,14742760,g4/13mA/13mA,81,95,0,9
3.752,HR,220,2,12553531,g4/13mA/13mA,81,95,0,9
3.752,HR,220,3,13988955,g4/13mA/13mA,81,95,0,9
3.752,HR,221,0,15141928,g5/13mA/13mA,81,95,0,9
3.752,HR,221,1,14743382,g4/13mA/13mA,81,95,0,9
3.752,HR,221,2,12553760,g4/13mA/13mA,81,95,0,9
3.752,HR,221,3,13989416,g4/13mA/13mA,81,95,0,9
3.753,HR,222,0,15140453,g5/13mA/13mA,81,95,0,9
3.753,HR,222,1,14742316,g4/13mA/13mA,81,95,0,9
3.753,HR,222,2,12552857,g4/13mA/13mA,81,95,0,9
3.753,HR,222,3,13988486,g4/13mA/13mA,81,95,0,9
3.753,HR,223,0,15141375,g5/13mA/13mA,81,95,0,9
3.753,HR,223,1,14742828,g4/13mA/13mA,81,95,0,9
3.753,HR,223,2,12553633,g4/13mA/13mA,81,95,0,9
3.753,HR,223,3,13989040,g4/13mA/13mA,81,95,0,9
3.784,HR,224,0,15141996,g5/13mA/13mA,81,95,0,9
3.784,HR,224,1,14743127,g4/13mA/13mA,81,95,0,9
3.784,HR,224,2,12553810,g4/13mA/13mA,81,95,0,9
3.784,HR,224,3,13988998,g4/13mA/13mA,81,95,0,9
3.784,HR,225,0,15141459,g5/13mA/13mA,81,95,0,9
3.784,HR,225,1,14742717,g4/13mA/13mA,81,95,0,9
3.784,HR,225,2,12553394,g4/13mA/13mA,81,95,0,9
3.784,HR,225,3,13988768,g4/13mA/13mA,81,95,0,9
3.784,HR,226,0,15141424,g5/13mA/13mA,81,95,0,9
3.784,HR,226,1,14743066,g4/13mA/13mA,81,95,0,9
3.784,HR,226,2,12553199,g4/13mA/13mA,81,95,0,9
3.784,HR,226,3,13989100,g4/13mA/13mA,81,95,0,9
3.784,HR,227,0,15140998,g5/13mA/13mA,81,95,0,9
3.784,HR,227,1,14742735,g4/13mA/13mA,81,95,0,9
3.784,HR,227,2,12553274,g4/13mA/13mA,81,95,0,9
3.784,HR,227,3,13988795,g4/13mA/13mA,81,95,0,9
3.784,HR,228,0,15142200,g5/13mA/13mA,81,95,0,9
3.784,HR,228,1,14743450,g4/13mA/13mA,81,95,0,9
3.784,HR,228,2,12553982,g4/13mA/13mA,81,95,0,9
3.784,HR,228,3,13989195,g4/13mA/13mA,81,95,0,9
3.784,HR,229,0,15142840,g5/13mA/13mA,81,95,0,9
3.784,HR,229,1,14743912,g4/13mA/13mA,81,95,0,9
3.784,HR,229,2,12554290,g4/13mA/13mA,81,95,0,9
3.784,HR,229,3,13989518,g4/13mA/13mA,81,95,0,9
3.815,HR,230,0,15141239,g5/13mA/13mA,81,95,0,9
3.816,HR,230,1,14742708,g4/13mA/13mA,81,95,0,9
3.816,HR,230,2,12552992,g4/13mA/13mA,81,95,0,9
3.816,HR,230,3,13988982,g4/13mA/13mA,81,95,0,9
3.816,HR,231,0,15141885,g5/13mA/13mA,81,95,0,9
3.816,HR,231,1,14743459,g4/13mA/13mA,81,95,0,9
3.816,HR,231,2,12554092,g4/13mA/13mA,81,95,0,9
3.816,HR,231,3,13989586,g4/13mA/13mA,81,95,0,9
3.816,HR,232,0,15141971,g5/13mA/13mA,81,95,0,9
3.816,HR,232,1,14743597,g4/13mA/13mA,81,95,0,9
3.816,HR,232,2,12554092,g4/13mA/13mA,81,95,0,9
3.816,HR,232,3,13989339,g4/13mA/13mA,81,95,0,9
3.816,HR,233,0,15140324,g5/13mA/13mA,81,95,0,9
3.816,HR,233,1,14742241,g4/13mA/13mA,81,95,0,9
3.816,HR,233,2,12552985,g4/13mA/13mA,81,95,0,9
3.816,HR,233,3,13988614,g4/13mA/13mA,81,95,0,9
3.816,HR,234,0,15142620,g5/13mA/13mA,81,95,0,9
3.816,HR,234,1,14743476,g4/13mA/13mA,81,95,0,9
3.816,HR,234,2,12553855,g4/13mA/13mA,81,95,0,9
3.816,HR,234,3,13989560,g4/13mA/13mA,81,95,0,9
3.816,HR,235,0,15141664,g5/13mA/13mA,81,95,0,9
3.816,HR,235,1,14742726,g4/13mA/13mA,81,95,0,9
3.816,HR,235,2,12553486,g4/13mA/13mA,81,95,0,9
3.816,HR,235,3,13988886,g4/13mA/13mA,81,95,0,9
3.875,HR,236,0,15140982,g5/13mA/13mA,81,95,0,9
3.876,HR,236,1,14742520,g4/13mA/13mA,81,95,0,9
3.876,HR,236,2,12553358,g4/13mA/13mA,81,95,0,9
3.876,HR,236,3,13988733,g4/13mA/13mA,81,95,0,9
3.876,HR,237,0,15141468,g5/13mA/13mA,81,95,0,9
3.876,HR,237,1,14743314,g4/13mA/13mA,81,95,0,9
3.876,HR,237,2,12553777,g4/13mA/13mA,81,95,0,9
3.876,HR,237,3,13989075,g4/13mA/13mA,81,95,0,9
3.876,HR,238,0,15140973,g5/13mA/13mA,81,95,0,9
3.876,HR,238,1,14742735,g4/13mA/13mA,81,95,0,9
3.876,HR,238,2,12553369,g4/13mA/13mA,81,95,0,9
3.876,HR,238,3,13988614,g4/13mA/13mA,81,95,0,9
3.876,HR,239,0,15141075,g5/13mA/13mA,81,95,0,9
3.876,HR,239,1,14742170,g4/13mA/13mA,81,95,0,9
3.876,HR,239,2,12553146,g4/13mA/13mA,81,95,0,9
3.876,HR,239,3,13988623,g4/13mA/13mA,81,95,0,9
3.876,HR,240,0,15141040,g5/13mA/13mA,81,95,0,9
3.876,HR,240,1,14742478,g4/13mA/13mA,81,95,0,9
3.876,HR,240,2,12553196,g4/13mA/13mA,81,95,0,9
3.876,HR,240,3,13988853,g4/13mA/13mA,81,95,0,9
3.876,HR,241,0,15141075,g5/13mA/13mA,81,95,0,9
3.876,HR,241,1,14742588,g4/13mA/13mA,81,95,0,9
3.876,HR,241,2,12553010,g4/13mA/13mA,81,95,0,9
3.876,HR,241,3,13989016,g4/13mA/13mA,81,95,0,9
3.905,HR,242,0,15140787,g5/13mA/13mA,81,95,0,9
3.905,HR,242,1,14742146,g4/13mA/13mA,81,95,0,9
3.905,HR,242,2,12553385,g4/13mA/13mA,81,95,0,9
3.905,HR,242,3,13988614,g4/13mA/13mA,81,95,0,9
3.905,HR,243,0,15141015,g5/13mA/13mA,81,95,0,9
3.905,HR,243,1,14742623,g4/13mA/13mA,81,95,0,9
3.905,HR,243,2,12552950,g4/13mA/13mA,81,95,0,9
3.905,HR,243,3,13988878,g4/13mA/13mA,81,95,0,9
3.905,HR,244,0,15140905,g5/13mA/13mA,81,95,0,9
3.905,HR,244,1,14742667,g4/13mA/13mA,81,95,0,9
3.905,HR,244,2,12553327,g4/13mA/13mA,81,95,0,9
3.905,HR,244,3,13988991,g4/13mA/13mA,81,95,0,9
3.905,HR,245,0,15141382,g5/13mA/13mA,81,95,0,9
3.905,HR,245,1,14743101,g4/13mA/13mA,81,95,0,9
3.905,HR,245,2,12553948,g4/13mA/13mA,81,95,0,9
3.905,HR,245,3,13989108,g4/13mA/13mA,81,95,0,9
3.905,HR,246,0,15141903,g5/13mA/13mA,81,95,0,9
3.905,HR,246,1,14743178,g4/13mA/13mA,81,95,0,9
3.905,HR,246,2,12553521,g4/13mA/13mA,81,95,0,9
3.905,HR,246,3,13989022,g4/13mA/13mA,81,95,0,9
3.934,HRV,213,0,15141681,g5/13mA/13mA,81,95,0,9
3.934,HRV,213,1,14743281,g4/13mA/13mA,81,95,0,9
3.934,HRV,213,2,12553572,g4/13mA/13mA,81,95,0,9
3.934,HRV,213,3,13989058,g4/13mA/13mA,81,95,0,9
3.934,HRV,214,0,15142261,g5/13mA/13mA,81,95,0,9
3.934,HRV,214,1,14743382,g4/13mA/13mA,81,95,0,9
3.934,HRV,214,2,12553719,g4/13mA/13mA,81,95,0,9
3.934,HRV,214,3,13989016,g4/13mA/13mA,81,95,0,9
3.934,HRV,215,0,15142493,g5/13mA/13mA,81,95,0,9
3.934,HRV,215,1,14743127,g4/13mA/13mA,81,95,0,9
3.934,HRV,215,2,12553957,g4/13mA/13mA,81,95,0,9
3.934,HRV,215,3,13989315,g4/13mA/13mA,81,95,0,9
3.934,HRV,216,0,15141613,g5/13mA/13mA,81,95,0,9
3.934,HRV,216,1,14743066,g4/13mA/13mA,81,95,0,9
3.934,HRV,216,2,12553437,g4/13mA/13mA,81,95,0,9
3.934,HRV,216,3,13989289,g4/13mA/13mA,81,95,0,9
3.934,HRV,217,0,15141673,g5/13mA/13mA,81,95,0,9
3.934,HRV,217,1,14742957,g4/13mA/13mA,81,95,0,9
3.934,HRV,217,2,12553358,g4/13mA/13mA,81,95,0,9
3.934,HRV,217,3,13989049,g4/13mA/13mA,81,95,0,9
3.934,HRV,218,0,15141971,g5/13mA/13mA,81,95,0,9
3.934,HRV,218,1,14743017,g4/13mA/13mA,81,95,0,9
3.934,HRV,218,2,12553624,g4/13mA/13mA,81,95,0,9
3.934,HRV,218,3,13989040,g4/13mA/13mA,81,95,0,9
3.995,HRV,219,0,15142176,g5/13mA/13mA,81,95,0,9
3.995,HRV,219,1,14743665,g4/13mA/13mA,81,95,0,9
3.995,HRV,219,2,12554221,g4/13mA/13mA,81,95,0,9
3.995,HRV,219,3,13989545,g4/13mA/13mA,81,95,0,9
3.995,HRV,220,0,15141168,g5/13mA/13mA,81,95,0,9
3.995,HRV,220,1,14742760,g4/13mA/13mA,81,95,0,9
3.995,HRV,220,2,12553531,g4/13mA/13mA,81,95,0,9
3.995,HRV,220,3,13988955,g4/13mA/13mA,81,95,0,9
3.995,HRV,221,0,15141928,g5/13mA/13mA,81,95,0,9
3.995,HRV,221,1,14743382,g4/13mA/13mA,81,95,0,9
3.995,HRV,221,2,12553760,g4/13mA/13mA,81,95,0,9
3.995,HRV,221,3,13989416,g4/13mA/13mA,81,95,0,9
3.995,HRV,222,0,15140453,g5/13mA/13mA,81,95,0,9
3.995,HRV,222,1,14742316,g4/13mA/13mA,81,95,0,9
3.995,HRV,222,2,12552857,g4/13mA/13mA,81,95,0,9
3.995,HRV,222,3,13988486,g4/13mA/13mA,81,95,0,9
3.995,HRV,223,0,15141375,g5/13mA/13mA,81,95,0,9
3.995,HRV,223,1,14742828,g4/13mA/13mA,81,95,0,9
3.995,HRV,223,2,12553633,g4/13mA/13mA,81,95,0,9
3.995,HRV,223,3,13989040,g4/13mA/13mA,81,95,0,9
4.025,HRV,224,0,15141996,g5/13mA/13mA,81,95,0,9
4.025,HRV,224,1,14743127,g4/13mA/13mA,81,95,0,9
4.025,HRV,224,2,12553810,g4/13mA/13mA,81,95,0,9
4.025,HRV,224,3,13988998,g4/13mA/13mA,81,95,0,9
4.025,HRV,225,0,15141459,g5/13mA/13mA,81,95,0,9
4.025,HRV,225,1,14742717,g4/13mA/13mA,81,95,0,9
4.025,HRV,225,2,12553394,g4/13mA/13mA,81,95,0,9
4.025,HRV,225,3,13988768,g4/13mA/13mA,81,95,0,9
4.025,HRV,226,0,15141424,g5/13mA/13mA,81,95,0,9
4.025,HRV,226,1,14743066,g4/13mA/13mA,81,95,0,9
4.025,HRV,226,2,12553199,g4/13mA/13mA,81,95,0,9
4.025,HRV,226,3,13989100,g4/13mA/13mA,81,95,0,9
4.025,HRV,227,0,15140998,g5/13mA/13mA,81,95,0,9
4.025,HRV,227,1,14742735,g4/13mA/13mA,81,95,0,9
4.025,HRV,227,2,12553274,g4/13mA/13mA,81,95,0,9
4.025,HRV,227,3,13988795,g4/13mA/13mA,81,95,0,9
4.026,HRV,228,0,15142200,g5/13mA/13mA,81,95,0,9
4.026,HRV,228,1,14743450,g4/13mA/13mA,81,95,0,9
4.026,HRV,228,2,12553982,g4/13mA/13mA,81,95,0,9
4.026,HRV,228,3,13989195,g4/13mA/13mA,81,95,0,9
4.026,HRV,229,0,15142840,g5/13mA/13mA,81,95,0,9
4.026,HRV,229,1,14743912,g4/13mA/13mA,81,95,0,9
4.026,HRV,229,2,12554290,g4/13mA/13mA,81,95,0,9
4.026,HRV,229,3,13989518,g4/13mA/13mA,81,95,0,9
4.054,HRV,230,0,15141239,g5/13mA/13mA,81,95,0,9
4.054,HRV,230,1,14742708,g4/13mA/13mA,81,95,0,9
4.054,HRV,230,2,12552992,g4/13mA/13mA,81,95,0,9
4.054,HRV,230,3,13988982,g4/13mA/13mA,81,95,0,9
4.054,HRV,231,0,15141885,g5/13mA/13mA,81,95,0,9
4.054,HRV,231,1,14743459,g4/13mA/13mA,81,95,0,9
4.054,HRV,231,2,12554092,g4/13mA/13mA,81,95,0,9
4.054,HRV,231,3,13989586,g4/13mA/13mA,81,95,0,9
4.054,HRV,232,0,15141971,g5/13mA/13mA,81,95,0,9
4.054,HRV,232,1,14743597,g4/13mA/13mA,81,95,0,9
4.054,HRV,232,2,12554092,g4/13mA/13mA,81,95,0,9
4.054,HRV,232,3,13989339,g4/13mA/13mA,81,95,0,9
4.054,HRV,233,0,15140324,g5/13mA/13mA,81,95,0,9
4.054,HRV,233,1,14742241,g4/13mA/13mA,81,95,0,9
4.054,HRV,233,2,12552985,g4/13mA/13mA,81,95,0,9
4.054,HRV,233,3,13988614,g4/13mA/13mA,81,95,0,9
4.054,HRV,234,0,15142620,g5/13mA/13mA,81,95,0,9
4.054,HRV,234,1,14743476,g4/13mA/13mA,81,95,0,9
4.054,HRV,234,2,12553855,g4/13mA/13mA,81,95,0,9
4.054,HRV,234,3,13989560,g4/13mA/13mA,81,95,0,9
4.054,HRV,235,0,15141664,g5/13mA/13mA,81,95,0,9
4.054,HRV,235,1,14742726,g4/13mA/13mA,81,95,0,9
4.054,HRV,235,2,12553486,g4/13mA/13mA,81,95,0,9
4.054,HRV,235,3,13988886,g4/13mA/13mA,81,95,0,9
4.117,HRV,236,0,15140982,g5/13mA/13mA,81,95,0,9
4.117,HRV,236,1,14742520,g4/13mA/13mA,81,95,0,9
4.117,HRV,236,2,12553358,g4/13mA/13mA,81,95,0,9
4.117,HRV,236,3,13988733,g4/13mA/13mA,81,95,0,9
4.117,HRV,237,0,15141468,g5/13mA/13mA,81,95,0,9
4.117,HRV,237,1,14743314,g4/13mA/13mA,81,95,0,9
4.117,HRV,237,2,12553777,g4/13mA/13mA,81,95,0,9
4.117,HRV,237,3,13989075,g4/13mA/13mA,81,95,0,9
4.117,HRV,238,0,15140973,g5/13mA/13mA,81,95,0,9
4.117,HRV,238,1,14742735,g4/13mA/13mA,81,95,0,9
4.117,HRV,238,2,12553369,g4/13mA/13mA,81,95,0,9
4.117,HRV,238,3,13988614,g4/13mA/13mA,81,95,0,9
4.117,HRV,239,0,15141075,g5/13mA/13mA,81,95,0,9
4.117,HRV,239,1,14742170,g4/13mA/13mA,81,95,0,9
4.117,HRV,239,2,12553146,g4/13mA/13mA,81,95,0,9
4.117,HRV,239,3,13988623,g4/13mA/13mA,81,95,0,9
4.117,HRV,240,0,15141040,g5/13mA/13mA,81,95,0,9
4.117,HRV,240,1,14742478,g4/13mA/13mA,81,95,0,9
4.117,HRV,240,2,12553196,g4/13mA/13mA,81,95,0,9
4.117,HRV,240,3,13988853,g4/13mA/13mA,81,95,0,9
4.117,HRV,241,0,15141075,g5/13mA/13mA,81,95,0,9
4.117,HRV,241,1,14742588,g4/13mA/13mA,81,95,0,9
4.117,HRV,241,2,12553010,g4/13mA/13mA,81,95,0,9
4.117,HRV,241,3,13989016,g4/13mA/13mA,81,95,0,9
4.145,HRV,242,0,15140787,g5/13mA/13mA,81,95,0,9
4.145,HRV,242,1,14742146,g4/13mA/13mA,81,95,0,9
4.145,HRV,242,2,12553385,g4/13mA/13mA,81,95,0,9
4.145,HRV,242,3,13988614,g4/13mA/13mA,81,95,0,9
4.145,HRV,243,0,15141015,g5/13mA/13mA,81,95,0,9
4.145,HRV,243,1,14742623,g4/13mA/13mA,81,95,0,9
4.145,HRV,243,2,12552950,g4/13mA/13mA,81,95,0,9
4.145,HRV,243,3,13988878,g4/13mA/13mA,81,95,0,9
4.145,HRV,244,0,15140905,g5/13mA/13mA,81,95,0,9
4.145,HRV,244,1,14742667,g4/13mA/13mA,81,95,0,9
4.145,HRV,244,2,12553327,g4/13mA/13mA,81,95,0,9
4.145,HRV,244,3,13988991,g4/13mA/13mA,81,95,0,9
4.145,HRV,245,0,15141382,g5/13mA/13mA,81,95,0,9
4.145,HRV,245,1,14743101,g4/13mA/13mA,81,95,0,9
4.145,HRV,245,2,12553948,g4/13mA/13mA,81,95,0,9
4.145,HRV,245,3,13989108,g4/13mA/13mA,81,95,0,9
4.145,HRV,246,0,15141903,g5/13mA/13mA,81,95,0,9
4.145,HRV,246,1,14743178,g4/13mA/13mA,81,95,0,9
4.145,HRV,246,2,12553521,g4/13mA/13mA,81,95,0,9
4.145,HRV,246,3,13989022,g4/13mA/13mA,81,95,0,9
4.264,SPO2,213,0,12976281,g1/60mA/0mA,81,95,0,9
4.264,SPO2,213,1,12230314,g1/25mA/0mA,81,95,0,9
4.264,SPO2,214,0,12976107,g1/60mA/0mA,81,95,0,9
4.264,SPO2,214,1,12229971,g1/25mA/0mA,81,95,0,9
4.264,SPO2,215,0,12976786,g1/60mA/0mA,81,95,0,9
4.264,SPO2,215,1,12230394,g1/25mA/0mA,81,95,0,9
4.264,SPO2,216,0,12976158,g1/60mA/0mA,81,95,0,9
4.264,SPO2,216,1,12229954,g1/25mA/0mA,81,95,0,9
4.264,SPO2,217,0,12976145,g1/60mA/0mA,81,95,0,9
4.264,SPO2,217,1,12230042,g1/25mA/0mA,81,95,0,9
4.264,SPO2,218,0,12976412,g1/60mA/0mA,81,95,0,9
4.264,SPO2,218,1,12230239,g1/25mA/0mA,81,95,0,9
4.264,SPO2,219,0,12976607,g1/60mA/0mA,81,95,0,9
4.264,SPO2,219,1,12230224,g1/25mA/0mA,81,95,0,9
4.271,SPO2,220,0,12975955,g1/60mA/0mA,81,95,0,10
4.271,SPO2,220,1,12229996,g1/25mA/0mA,81,95,0,10
4.271,SPO2,221,0,12976378,g1/60mA/0mA,81,95,0,10
4.271,SPO2,221,1,12230216,g1/25mA/0mA,81,95,0,10
4.271,SPO2,222,0,12975442,g1/60mA/0mA,81,95,0,10
4.271,SPO2,222,1,12229843,g1/25mA/0mA,81,95,0,10
4.271,SPO2,223,0,12975957,g1/60mA/0mA,81,95,0,10
4.271,SPO2,223,1,12229840,g1/25mA/0mA,81,95,0,10
4.271,SPO2,224,0,12976371,g1/60mA/0mA,81,95,0,10
4.271,SPO2,224,1,12230097,g1/25mA/0mA,81,95,0,10
4.272,SPO2,225,0,12975658,g1/60mA/0mA,81,95,0,10
4.272,SPO2,225,1,12229701,g1/25mA/0mA,81,95,0,10
4.655,SPO2,226,0,12976275,g1/60mA/0mA,81,95,0,10
4.655,SPO2,226,1,12230274,g1/25mA/0mA,81,95,0,10
4.655,SPO2,227,0,12975629,g1/60mA/0mA,81,95,0,10
4.655,SPO2,227,1,12229800,g1/25mA/0mA,81,95,0,10
4.655,SPO2,228,0,12976826,g1/60mA/0mA,81,95,0,10
4.655,SPO2,228,1,12230634,g1/25mA/0mA,81,95,0,10
4.655,SPO2,229,0,12976773,g1/60mA/0mA,81,95,0,10
4.655,SPO2,229,1,12230298,g1/25mA/0mA,81,95,0,10
4.655,SPO2,230,0,12975849,g1/60mA/0mA,81,95,0,10
4.655,SPO2,230,1,12229922,g1/25mA/0mA,81,95,0,10
4.655,SPO2,231,0,12976737,g1/60mA/0mA,81,95,0,10
4.655,SPO2,231,1,12230456,g1/25mA/0mA,81,95,0,10
4.655,SPO2,232,0,12976349,g1/60mA/0mA,81,95,0,10
4.655,SPO2,232,1,12230120,g1/25mA/0mA,81,95,0,10
4.717,SPO2,233,0,12975434,g1/60mA/0mA,81,95,0,10
4.717,SPO2,233,1,12229780,g1/25mA/0mA,81,95,0,10
4.717,SPO2,234,0,12976653,g1/60mA/0mA,81,95,0,10
4.717,SPO2,234,1,12230246,g1/25mA/0mA,81,95,0,10
4.717,SPO2,235,0,12976155,g1/60mA/0mA,81,95,0,10
4.717,SPO2,235,1,12230210,g1/25mA/0mA,81,95,0,10
4.717,SPO2,236,0,12975798,g1/60mA/0mA,81,95,0,10
4.717,SPO2,236,1,12229859,g1/25mA/0mA,81,95,0,10
4.717,SPO2,237,0,12976281,g1/60mA/0mA,81,95,0,10
4.717,SPO2,237,1,12230037,g1/25mA/0mA,81,95,0,10
4.717,SPO2,238,0,12975801,g1/60mA/0mA,81,95,0,10
4.717,SPO2,238,1,12229951,g1/25mA/0mA,81,95,0,10
4.717,SPO2,239,0,12975559,g1/60mA/0mA,81,95,0,10
4.717,SPO2,239,1,12229736,g1/25mA/0mA,81,95,0,10
4.717,SPO2,240,0,12976134,g1/60mA/0mA,81,95,0,10
4.717,SPO2,240,1,12230133,g1/25mA/0mA,81,95,0,10
4.744,SPO2,241,0,12975918,g1/60mA/0mA,81,95,0,10
4.744,SPO2,241,1,12229716,g1/25mA/0mA,81,95,0,10
4.744,SPO2,242,0,12975671,g1/60mA/0mA,81,95,0,10
4.744,SPO2,242,1,12229861,g1/25mA/0mA,81,95,0,10
4.744,SPO2,243,0,12975565,g1/60mA/0mA,81,95,0,10
4.744,SPO2,243,1,12229769,g1/25mA/0mA,81,95,0,10
4.744,SPO2,244,0,12976360,g1/60mA/0mA,81,95,0,10
4.744,SPO2,244,1,12230229,g1/25mA/0mA,81,95,0,10
4.744,SPO2,245,0,12976112,g1/60mA/0mA,81,95,0,9
4.744,SPO2,245,1,12230001,g1/25mA/0mA,81,95,0,9
4.744,SPO2,246,0,12976457,g1/60mA/0mA,81,95,0,9
4.744,SPO2,246,1,12230168,g1/25mA/0mA,81,95,0,9
4.776,HR,247,0,15140682,g5/13mA/13mA,81,95,0,9
4.776,HR,247,1,14742453,g4/13mA/13mA,81,95,0,9
4.776,HR,247,2,12552789,g4/13mA/13mA,81,95,0,9
4.776,HR,247,3,13988340,g4/13mA/13mA,81,95,0,9
4.776,HR,248,0,15142158,g5/13mA/13mA,81,95,0,9
4.776,HR,248,1,14743092,g4/13mA/13mA,81,95,0,9
4.776,HR,248,2,12553802,g4/13mA/13mA,81,95,0,9
4.776,HR,248,3,13989007,g4/13mA/13mA,81,95,0,9
4.776,HR,249,0,15141563,g5/13mA/13mA,81,95,0,9
4.776,HR,249,1,14742983,g4/13mA/13mA,81,95,0,9
4.776,HR,249,2,12553444,g4/13mA/13mA,81,95,0,9
4.776,HR,249,3,13988957,g4/13mA/13mA,81,95,0,9
4.777,HR,250,0,15141025,g5/13mA/13mA,81,95,0,9
4.777,HR,250,1,14742528,g4/13mA/13mA,81,95,0,9
4.777,HR,250,2,12552985,g4/13mA/13mA,81,95,0,9
4.777,HR,250,3,13988743,g4/13mA/13mA,81,95,0,9
4.777,HR,251,0,15142364,g5/13mA/13mA,81,95,0,9
4.777,HR,251,1,14743503,g4/13mA/13mA,81,95,0,9
4.777,HR,251,2,12553640,g4/13mA/13mA,81,95,0,9
4.777,HR,251,3,13989108,g4/13mA/13mA,81,95,0,9
4.777,HR,252,0,15141477,g5/13mA/13mA,81,95,0,9
4.777,HR,252,1,14742726,g4/13mA/13mA,81,95,0,9
4.777,HR,252,2,12553497,g4/13mA/13mA,81,95,0,9
4.777,HR,252,3,13989016,g4/13mA/13mA,81,95,0,9
4.835,HR,253,0,15141195,g5/13mA/13mA,81,95,0,9
4.835,HR,253,1,14742641,g4/13mA/13mA,81,95,0,9
4.835,HR,253,2,12553301,g4/13mA/13mA,81,95,0,9
4.835,HR,253,3,13988931,g4/13mA/13mA,81,95,0,9
4.835,HR,254,0,15141348,g5/13mA/13mA,81,95,0,9
4.835,HR,254,1,14742990,g4/13mA/13mA,81,95,0,9
4.835,HR,254,2,12553633,g4/13mA/13mA,81,95,0,9
4.835,HR,254,3,13989289,g4/13mA/13mA,81,95,0,9
4.835,HR,255,0,15141586,g5/13mA/13mA,81,95,0,9
4.835,HR,255,1,14742641,g4/13mA/13mA,81,95,0,9
4.835,HR,255,2,12553675,g4/13mA/13mA,81,95,0,9
4.835,HR,255,3,13988998,g4/13mA/13mA,81,95,0,9
4.835,HR,0,0,15141228,g5/13mA/13mA,81,95,0,9
4.835,HR,0,1,14742624,g4/13mA/13mA,81,95,0,9
4.835,HR,0,2,12553087,g4/13mA/13mA,81,95,0,9
4.835,HR,0,3,13988957,g4/13mA/13mA,81,95,0,9
4.835,HR,1,0,15141468,g5/13mA/13mA,81,95,0,9
4.835,HR,1,1,14743127,g4/13mA/13mA,81,95,0,9
4.835,HR,1,2,12553497,g4/13mA/13mA,81,95,0,9
4.835,HR,1,3,13988896,g4/13mA/13mA,81,95,0,9
4.835,HR,2,0,15140043,g5/13mA/13mA,81,95,0,9
4.835,HR,2,1,14741982,g4/13mA/13mA,81,95,0,9
4.835,HR,2,2,12552916,g4/13mA/13mA,81,95,0,9
4.835,HR,2,3,13988272,g4/13mA/13mA,81,95,0,9
4.865,HR,3,0,15141835,g5/13mA/13mA,81,95,0,9
4.865,HR,3,1,14742980,g4/13mA/13mA,81,95,0,9
4.865,HR,3,2,12553282,g4/13mA/13mA,81,95,0,9
4.865,HR,3,3,13989195,g4/13mA/13mA,81,95,0,9
4.865,HR,4,0,15141775,g5/13mA/13mA,81,95,0,9
4.865,HR,4,1,14742708,g4/13mA/13mA,81,95,0,9
4.865,HR,4,2,12553633,g4/13mA/13mA,81,95,0,9
4.865,HR,4,3,13989273,g4/13mA/13mA,81,95,0,9
4.865,HR,5,0,15140649,g5/13mA/13mA,81,95,0,9
4.865,HR,5,1,14742342,g4/13mA/13mA,81,95,0,9
4.865,HR,5,2,12553196,g4/13mA/13mA,81,95,0,9
4.865,HR,5,3,13988810,g4/13mA/13mA,81,95,0,9
4.865,HR,6,0,15140615,g5/13mA/13mA,81,95,0,9
4.865,HR,6,1,14742658,g4/13mA/13mA,81,95,0,9
4.865,HR,6,2,12553139,g4/13mA/13mA,81,95,0,9
4.865,HR,6,3,13988374,g4/13mA/13mA,81,95,0,9
4.865,HR,7,0,15140435,g5/13mA/13mA,81,95,0,9
4.865,HR,7,1,14742429,g4/13mA/13mA,81,95,0,9
4.865,HR,7,2,12553112,g4/13mA/13mA,81,95,0,9
4.865,HR,7,3,13988599,g4/13mA/13mA,81,95,0,9
4.865,HR,8,0,15141980,g5/13mA/13mA,81,95,0,9
4.865,HR,8,1,14743119,g4/13mA/13mA,81,95,0,9
4.865,HR,8,2,12553716,g4/13mA/13mA,81,95,0,9
4.865,HR,8,3,13988803,g4/13mA/13mA,81,95,0,9
4.923,HR,9,0,15141273,g5/13mA/13mA,81,95,0,9
4.923,HR,9,1,14742596,g4/13mA/13mA,81,95,0,9
4.923,HR,9,2,12553087,g4/13mA/13mA,81,95,0,9
4.923,HR,9,3,13988724,g4/13mA/13mA,81,95,0,9
4.923,HR,10,0,15140530,g5/13mA/13mA,81,95,0,9
4.923,HR,10,1,14741890,g4/13mA/13mA,81,95,0,9
4.923,HR,10,2,12552932,g4/13mA/13mA,81,95,0,9
4.923,HR,10,3,13988572,g4/13mA/13mA,81,95,0,9
4.923,HR,11,0,15140973,g5/13mA/13mA,81,95,0,9
4.923,HR,11,1,14742478,g4/13mA/13mA,81,95,0,9
4.923,HR,11,2,12553222,g4/13mA/13mA,81,95,0,9
4.923,HR,11,3,13988743,g4/13mA/13mA,81,95,0,9
4.923,HR,12,0,15140701,g5/13mA/13mA,81,95,0,9
4.923,HR,12,1,14742555,g4/13mA/13mA,81,95,0,9
4.923,HR,12,2,12553308,g4/13mA/13mA,81,95,0,9
4.923,HR,12,3,13988570,g4/13mA/13mA,81,95,0,9
4.923,HR,13,0,15141631,g5/13mA/13mA,81,95,0,9
4.923,HR,13,1,14743032,g4/13mA/13mA,81,95,0,9
4.923,HR,13,2,12553556,g4/13mA/13mA,81,95,0,9
4.923,HR,13,3,13989322,g4/13mA/13mA,81,95,0,9
4.954,HR,14,0,15141143,g5/13mA/13mA,81,94,0,9
4.954,HR,14,1,14742538,g4/13mA/13mA,81,94,0,9
4.954,HR,14,2,12553282,g4/13mA/13mA,81,94,0,9
4.954,HR,14,3,13988768,g4/13mA/13mA,81,94,0,9
4.954,HR,15,0,15140120,g5/13mA/13mA,81,94,0,9
4.954,HR,15,1,14742079,g4/13mA/13mA,81,94,0,9
4.954,HR,15,2,12552882,g4/13mA/13mA,81,94,0,9
4.954,HR,15,3,13988384,g4/13mA/13mA,81,94,0,9
4.954,HR,16,0,15141759,g5/13mA/13mA,81,94,0,9
4.954,HR,16,1,14742803,g4/13mA/13mA,81,94,0,9
4.954,HR,16,2,12553351,g4/13mA/13mA,81,94,0,9
4.954,HR,16,3,13989144,g4/13mA/13mA,81,94,0,9
4.954,HR,17,0,15141195,g5/13mA/13mA,81,94,0,9
4.954,HR,17,1,14742641,g4/13mA/13mA,81,94,0,9
4.954,HR,17,2,12553146,g4/13mA/13mA,81,94,0,9
4.954,HR,17,3,13988716,g4/13mA/13mA,81,94,0,9
4.954,HR,18,0,15142806,g5/13mA/13mA,81,94,0,9
4.954,HR,18,1,14743127,g4/13mA/13mA,81,94,0,9
4.954,HR,18,2,12553658,g4/13mA/13mA,81,94,0,9
4.954,HR,18,3,13989143,g4/13mA/13mA,81,94,0,9
4.984,HR,19,0,15140418,g5/13mA/13mA,81,94,0,9
4.984,HR,19,1,14741703,g4/13mA/13mA,81,94,0,9
4.984,HR,19,2,12552525,g4/13mA/13mA,81,94,0,9
4.984,HR,19,3,13988103,g4/13mA/13mA,81,94,0,9
4.984,HR,20,0,15142133,g5/13mA/13mA,81,94,0,9
4.984,HR,20,1,14743134,g4/13mA/13mA,81,94,0,9
4.984,HR,20,2,12553750,g4/13mA/13mA,81,94,0,9
4.984,HR,20,3,13989084,g4/13mA/13mA,81,94,0,9
4.984,HR,21,0,15141297,g5/13mA/13mA,81,94,0,9
4.984,HR,21,1,14742606,g4/13mA/13mA,81,94,0,9
4.984,HR,21,2,12553411,g4/13mA/13mA,81,94,0,9
4.984,HR,21,3,13988716,g4/13mA/13mA,81,94,0,9
4.984,HR,22,0,15140708,g5/13mA/13mA,81,94,0,9
4.984,HR,22,1,14742094,g4/13mA/13mA,81,94,0,9
4.984,HR,22,2,12553173,g4/13mA/13mA,81,94,0,9
4.984,HR,22,3,13988555,g4/13mA/13mA,81,94,0,9
4.984,HR,23,0,15142585,g5/13mA/13mA,81,94,0,9
4.984,HR,23,1,14743077,g4/13mA/13mA,81,94,0,9
4.984,HR,23,2,12553795,g4/13mA/13mA,81,94,0,9
4.984,HR,23,3,13989058,g4/13mA/13mA,81,94,0,9
4.984,HR,24,0,15141416,g5/13mA/13mA,81,94,0,9
4.984,HR,24,1,14742743,g4/13mA/13mA,81,94,0,9
4.984,HR,24,2,12553565,g4/13mA/13mA,81,94,0,9
4.984,HR,24,3,13988785,g4/13mA/13mA,81,94,0,9
5.045,HRV,247,0,15140682,g5/13mA/13mA,81,94,0,9
5.045,HRV,247,1,14742453,g4/13mA/13mA,81,94,0,9
5.045,HRV,247,2,12552789,g4/13mA/13mA,81,94,0,9
5.045,HRV,247,3,13988340,g4/13mA/13mA,81,94,0,9
5.045,HRV,248,0,15142158,g5/13mA/13mA,81,94,0,9
5.045,HRV,248,1,14743092,g4/13mA/13mA,81,94,0,9
5.045,HRV,248,2,12553802,g4/13mA/13mA,81,94,0,9
5.045,HRV,248,3,13989007,g4/13mA/13mA,81,94,0,9
5.045,HRV,249,0,15141563,g5/13mA/13mA,81,94,0,9
5.045,HRV,249,1,14742983,g4/13mA/13mA,81,94,0,9
5.045,HRV,249,2,12553444,g4/13mA/13mA,81,94,0,9
5.045,HRV,249,3,13988957,g4/13mA/13mA,81,94,0,9
5.045,HRV,250,0,15141025,g5/13mA/13mA,81,94,0,9
5.045,HRV,250,1,14742528,g4/13mA/13mA,81,94,0,9
5.045,HRV,250,2,12552985,g4/13mA/13mA,81,94,0,9
5.045,HRV,250,3,13988743,g4/13mA/13mA,81,94,0,9
5.045,HRV,251,0,15142364,g5/13mA/13mA,81,94,0,9
5.045,HRV,251,1,14743503,g4/13mA/13mA,81,94,0,9
5.045,HRV,251,2,12553640,g4/13mA/13mA,81,94,0,9
5.045,HRV,251,3,13989108,g4/13mA/13mA,81,94,0,9
5.045,HRV,252,0,15141477,g5/13mA/13mA,81,94,0,9
5.045,HRV,252,1,14742726,g4/13mA/13mA,81,94,0,9
5.045,HRV,252,2,12553497,g4/13mA/13mA,81,94,0,9
5.045,HRV,252,3,13989016,g4/13mA/13mA,81,94,0,9
5.074,HRV,253,0,15141195,g5/13mA/13mA,81,94,0,9
5.074,HRV,253,1,14742641,g4/13mA/13mA,81,94,0,9
5.074,HRV,253,2,12553301,g4/13mA/13mA,81,94,0,9
5.074,HRV,253,3,13988931,g4/13mA/13mA,81,94,0,9
5.074,HRV,254,0,15141348,g5/13mA/13mA,81,94,0,9
5.074,HRV,254,1,14742990,g4/13mA/13mA,81,94,0,9
5.074,HRV,254,2,12553633,g4/13mA/13mA,81,94,0,9
5.074,HRV,254,3,13989289,g4/13mA/13mA,81,94,0,9
5.074,HRV,255,0,15141586,g5/13mA/13mA,81,94,0,9
5.074,HRV,255,1,14742641,g4/13mA/13mA,81,94,0,9
5.074,HRV,255,2,12553675,g4/13mA/13mA,81,94,0,9
5.074,HRV,255,3,13988998,g4/13mA/13mA,81,94,0,9
5.074,HRV,0,0,15141228,g5/13mA/13mA,81,94,0,9
5.074,HRV,0,1,14742624,g4/13mA/13mA,81,94,0,9
5.074,HRV,0,2,12553087,g4/13mA/13mA,81,94,0,9
5.074,HRV,0,3,13988957,g4/13mA/13mA,81,94,0,9
5.074,HRV,1,0,15141468,g5/13mA/13mA,81,94,0,9
5.074,HRV,1,1,14743127,g4/13mA/13mA,81,94,0,9
5.074,HRV,1,2,12553497,g4/13mA/13mA,81,94,0,9
5.074,HRV,1,3,13988896,g4/13mA/13mA,81,94,0,9
5.074,HRV,2,0,15140043,g5/13mA/13mA,81,94,0,9
5.074,HRV,2,1,14741982,g4/13mA/13mA,81,94,0,9
5.074,HRV,2,2,12552916,g4/13mA/13mA,81,94,0,9
5.074,HRV,2,3,13988272,g4/13mA/13mA,81,94,0,9
5.136,HRV,3,0,15141835,g5/13mA/13mA,81,94,0,9
5.136,HRV,3,1,14742980,g4/13mA/13mA,81,94,0,9
5.136,HRV,3,2,12553282,g4/13mA/13mA,81,94,0,9
5.136,HRV,3,3,13989195,g4/13mA/13mA,81,94,0,9
5.136,HRV,4,0,15141775,g5/13mA/13mA,81,94,0,9
5.136,HRV,4,1,14742708,g4/13mA/13mA,81,94,0,9
5.136,HRV,4,2,12553633,g4/13mA/13mA,81,94,0,9
5.136,HRV,4,3,13989273,g4/13mA/13mA,81,94,0,9
5.136,HRV,5,0,15140649,g5/13mA/13mA,81,94,0,9
5.136,HRV,5,1,14742342,g4/13mA/13mA,81,94,0,9
5.136,HRV,5,2,12553196,g4/13mA/13mA,81,94,0,9
5.136,HRV,5,3,13988810,g4/13mA/13mA,81,94,0,9
5.136,HRV,6,0,15140615,g5/13mA/13mA,81,94,0,9
5.136,HRV,6,1,14742658,g4/13mA/13mA,81,94,0,9
5.136,HRV,6,2,12553139,g4/13mA/13mA,81,94,0,9
5.136,HRV,6,3,13988374,g4/13mA/13mA,81,94,0,9
5.136,HRV,7,0,15140435,g5/13mA/13mA,81,94,0,9
5.136,HRV,7,1,14742429,g4/13mA/13mA,81,94,0,9
5.136,HRV,7,2,12553112,g4/13mA/13mA,81,94,0,9
5.136,HRV,7,3,13988599,g4/13mA/13mA,81,94,0,9
5.136,HRV,8,0,15141980,g5/13mA/13mA,81,94,0,9
5.136,HRV,8,1,14743119,g4/13mA/13mA,81,94,0,9
5.136,HRV,8,2,12553716,g4/13mA/13mA,81,94,0,9
5.136,HRV,8,3,13988803,g4/13mA/13mA,81,94,0,9
5.168,HRV,9,0,15141273,g5/13mA/13mA,81,94,0,9
5.168,HRV,9,1,14742596,g4/13mA/13mA,81,94,0,9
5.168,HRV,9,2,12553087,g4/13mA/13mA,81,94,0,9
5.168,HRV,9,3,13988724,g4/13mA/13mA,81,94,0,9
5.168,HRV,10,0,15140530,g5/13mA/13mA,81,94,0,9
5.168,HRV,10,1,14741890,g4/13mA/13mA,81,94,0,9
5.168,HRV,10,2,12552932,g4/13mA/13mA,81,94,0,9
5.168,HRV,10,3,13988572,g4/13mA/13mA,81,94,0,9
5.168,HRV,11,0,15140973,g5/13mA/13mA,81,94,0,9
5.168,HRV,11,1,14742478,g4/13mA/13mA,81,94,0,9
5.168,HRV,11,2,12553222,g4/13mA/13mA,81,94,0,9
5.168,HRV,11,3,13988743,g4/13mA/13mA,81,94,0,9
5.168,HRV,12,0,15140701,g5/13mA/13mA,81,94,0,9
5.168,HRV,12,1,14742555,g4/13mA/13mA,81,94,0,9
5.168,HRV,12,2,12553308,g4/13mA/13mA,81,94,0,9
5.168,HRV,12,3,13988570,g4/13mA/13mA,81,94,0,9
5.168,HRV,13,0,15141631,g5/13mA/13mA,81,94,0,9
5.168,HRV,13,1,14743032,g4/13mA/13mA,81,94,0,9
5.168,HRV,13,2,12553556,g4/13mA/13mA,81,94,0,9
5.168,HRV,13,3,13989322,g4/13mA/13mA,81,94,0,9
5.195,HRV,14,0,15141143,g5/13mA/13mA,81,94,0,9
5.195,HRV,14,1,14742538,g4/13mA/13mA,81,94,0,9
5.195,HRV,14,2,12553282,g4/13mA/13mA,81,94,0,9
5.195,HRV,14,3,13988768,g4/13mA/13mA,81,94,0,9
5.195,HRV,15,0,15140120,g5/13mA/13mA,81,94,0,9
5.195,HRV,15,1,14742079,g4/13mA/13mA,81,94,0,9
5.195,HRV,15,2,12552882,g4/13mA/13mA,81,94,0,9
5.195,HRV,15,3,13988384,g4/13mA/13mA,81,94,0,9
5.195,HRV,16,0,15141759,g5/13mA/13mA,81,94,0,9
5.195,HRV,16,1,14742803,g4/13mA/13mA,81,94,0,9
5.195,HRV,16,2,12553351,g4/13mA/13mA,81,94,0,9
5.195,HRV,16,3,13989144,g4/13mA/13mA,81,94,0,9
5.195,HRV,17,0,15141195,g5/13mA/13mA,81,94,0,9
5.195,HRV,17,1,14742641,g4/13mA/13mA,81,94,0,9
5.195,HRV,17,2,12553146,g4/13mA/13mA,81,94,0,9
5.195,HRV,17,3,13988716,g4/13mA/13mA,81,94,0,9
5.195,HRV,18,0,15142806,g5/13mA/13mA,81,94,0,9
5.195,HRV,18,1,14743127,g4/13mA/13mA,81,94,0,9
5.195,HRV,18,2,12553658,g4/13mA/13mA,81,94,0,9
5.195,HRV,18,3,13989143,g4/13mA/13mA,81,94,0,9
5.255,HRV,19,0,15140418,g5/13mA/13mA,81,94,0,9
5.255,HRV,19,1,14741703,g4/13mA/13mA,81,94,0,9
5.255,HRV,19,2,12552525,g4/13mA/13mA,81,94,0,9
5.255,HRV,19,3,13988103,g4/13mA/13mA,81,94,0,9
5.255,HRV,20,0,15142133,g5/13mA/13mA,81,94,0,9
5.255,HRV,20,1,14743134,g4/13mA/13mA,81,94,0,9
5.255,HRV,20,2,12553750,g4/13mA/13mA,81,94,0,9
5.255,HRV,20,3,13989084,g4/13mA/13mA,81,94,0,9
5.255,HRV,21,0,15141297,g5/13mA/13mA,81,94,0,9
5.255,HRV,21,1,14742606,g4/13mA/13mA,81,94,0,9
5.255,HRV,21,2,12553411,g4/13mA/13mA,81,94,0,9
5.255,HRV,21,3,13988716,g4/13mA/13mA,81,94,0,9
5.255,HRV,22,0,15140708,g5/13mA/13mA,81,94,0,9
5.255,HRV,22,1,14742094,g4/13mA/13mA,81,94,0,9
5.255,HRV,22,2,12553173,g4/13mA/13mA,81,94,0,9
5.255,HRV,22,3,13988555,g4/13mA/13mA,81,94,0,9
5.255,HRV,23,0,15142585,g5/13mA/13mA,81,94,0,9
5.255,HRV,23,1,14743077,g4/13mA/13mA,81,94,0,9
5.255,HRV,23,2,12553795,g4/13mA/13mA,81,94,0,9
5.255,HRV,23,3,13989058,g4/13mA/13mA,81,94,0,9
5.255,HRV,24,0,15141416,g5/13mA/13mA,81,94,0,9
5.255,HRV,24,1,14742743,g4/13mA/13mA,81,94,0,9
5.255,HRV,24,2,12553565,g4/13mA/13mA,81,94,0,9
5.255,HRV,24,3,13988785,g4/13mA/13mA,81,94,0,9
5.284,SPO2,247,0,12975566,g1/60mA/0mA,81,94,0,9
5.284,SPO2,247,1,12229790,g1/25mA/0mA,81,94,0,9
5.284,SPO2,248,0,12976208,g1/60mA/0mA,81,94,0,9
5.284,SPO2,248,1,12230053,g1/25mA/0mA,81,94,0,9
5.284,SPO2,249,0,12975992,g1/60mA/0mA,81,94,0,9
5.284,SPO2,249,1,12230023,g1/25mA/0mA,81,94,0,9
5.284,SPO2,250,0,12975429,g1/60mA/0mA,81,94,0,9
5.284,SPO2,250,1,12229654,g1/25mA/0mA,81,94,0,9
5.284,SPO2,251,0,12976826,g1/60mA/0mA,81,94,0,9
5.284,SPO2,251,1,12230447,g1/25mA/0mA,81,94,0,9
5.284,SPO2,252,0,12975929,g1/60mA/0mA,81,94,0,9
5.284,SPO2,252,1,12229856,g1/25mA/0mA,81,94,0,9
5.284,SPO2,253,0,12976041,g1/60mA/0mA,81,94,0,9
5.284,SPO2,253,1,12230020,g1/25mA/0mA,81,94,0,9
5.315,SPO2,254,0,12976007,g1/60mA/0mA,81,94,0,9
5.315,SPO2,254,1,12230035,g1/25mA/0mA,81,94,0,9
5.315,SPO2,255,0,12976093,g1/60mA/0mA,81,94,0,9
5.315,SPO2,255,1,12230078,g1/25mA/0mA,81,94,0,9
5.315,SPO2,0,0,12976049,g1/60mA/0mA,81,94,0,9
5.315,SPO2,0,1,12230086,g1/25mA/0mA,81,94,0,9
5.315,SPO2,1,0,12975926,g1/60mA/0mA,81,94,0,9
5.315,SPO2,1,1,12229931,g1/25mA/0mA,81,94,0,9
5.315,SPO2,2,0,12975107,g1/60mA/0mA,81,94,0,9
5.315,SPO2,2,1,12229499,g1/25mA/0mA,81,94,0,9
5.315,SPO2,3,0,12976049,g1/60mA/0mA,81,94,0,9
5.315,SPO2,3,1,12229838,g1/25mA/0mA,81,94,0,9
5.315,SPO2,4,0,12976117,g1/60mA/0mA,81,94,0,9
5.315,SPO2,4,1,12230104,g1/25mA/0mA,81,94,0,9
5.315,SPO2,5,0,12975764,g1/60mA/0mA,81,94,0,9
5.315,SPO2,5,1,12229908,g1/25mA/0mA,81,94,0,9
5.378,SPO2,6,0,12975620,g1/60mA/0mA,81,94,0,9
5.378,SPO2,6,1,12229687,g1/25mA/0mA,81,94,0,9
5.378,SPO2,7,0,12975478,g1/60mA/0mA,81,94,0,9
5.378,SPO2,7,1,12229813,g1/25mA/0mA,81,94,0,9
5.378,SPO2,8,0,12976385,g1/60mA/0mA,81,94,0,9
5.378,SPO2,8,1,12230048,g1/25mA/0mA,81,94,0,9
5.378,SPO2,9,0,12975997,g1/60mA/0mA,81,94,0,9
5.378,SPO2,9,1,12230131,g1/25mA/0mA,81,94,0,9
5.378,SPO2,10,0,12975503,g1/60mA/0mA,81,94,0,9
5.378,SPO2,10,1,12229823,g1/25mA/0mA,81,94,0,9
5.378,SPO2,11,0,12975809,g1/60mA/0mA,81,94,0,9
5.378,SPO2,11,1,12229880,g1/25mA/0mA,81,94,0,9
5.378,SPO2,12,0,12975666,g1/60mA/0mA,81,94,0,9
5.378,SPO2,12,1,12229941,g1/25mA/0mA,81,94,0,9
5.405,SPO2,13,0,12976502,g1/60mA/0mA,81,94,0,9
5.405,SPO2,13,1,12230195,g1/25mA/0mA,81,94,0,9
5.405,SPO2,14,0,12975958,g1/60mA/0mA,81,94,0,16
5.405,SPO2,14,1,12229966,g1/25mA/0mA,81,94,0,16
5.405,SPO2,15,0,12975200,g1/60mA/0mA,81,94,0,16
5.405,SPO2,15,1,12229783,g1/25mA/0mA,81,94,0,16
5.405,SPO2,16,0,12976229,g1/60mA/0mA,81,94,0,16
5.405,SPO2,16,1,12230077,g1/25mA/0mA,81,94,0,16
5.405,SPO2,17,0,12975935,g1/60mA/0mA,81,94,0,16
5.405,SPO2,17,1,12229894,g1/25mA/0mA,81,94,0,16
5.405,SPO2,18,0,12976626,g1/60mA/0mA,81,94,0,16
5.405,SPO2,18,1,12230161,g1/25mA/0mA,81,94,0,16
5.437,SPO2,19,0,12975288,g1/60mA/0mA,81,94,0,16
5.437,SPO2,19,1,12229660,g1/25mA/0mA,81,94,0,16
5.437,SPO2,20,0,12976583,g1/60mA/0mA,81,94,0,16
5.437,SPO2,20,1,12230161,g1/25mA/0mA,81,94,0,16
5.437,SPO2,21,0,12975944,g1/60mA/0mA,81,94,0,16
5.437,SPO2,21,1,12229856,g1/25mA/0mA,81,94,0,16
5.437,SPO2,22,0,12975379,g1/60mA/0mA,81,94,0,16
5.437,SPO2,22,1,12229687,g1/25mA/0mA,81,94,0,16
5.437,SPO2,23,0,12976714,g1/60mA/0mA,81,94,0,16
5.437,SPO2,23,1,12230416,g1/25mA/0mA,81,94,0,16
5.437,SPO2,24,0,12975923,g1/60mA/0mA,81,94,0,16
5.437,SPO2,24,1,12230023,g1/25mA/0mA,81,94,0,16
6.037,HR,25,0,15140496,g5/13mA/13mA,81,94,0,16
6.037,HR,25,1,14742172,g4/13mA/13mA,81,94,0,16
6.037,HR,25,2,12552941,g4/13mA/13mA,81,94,0,16
6.037,HR,25,3,13988445,g4/13mA/13mA,81,94,0,16
6.037,HR,26,0,15140667,g5/13mA/13mA,81,94,0,16
6.037,HR,26,1,14742369,g4/13mA/13mA,81,94,0,16
6.037,HR,26,2,12553053,g4/13mA/13mA,81,94,0,16
6.037,HR,26,3,13988691,g4/13mA/13mA,81,94,0,16
6.037,HR,27,0,15141382,g5/13mA/13mA,81,94,0,16
6.037,HR,27,1,14742896,g4/13mA/13mA,81,94,0,16
6.037,HR,27,2,12553539,g4/13mA/13mA,81,94,0,16
6.037,HR,27,3,13988845,g4/13mA/13mA,81,94,0,16
6.037,HR,28,0,15141178,g5/13mA/13mA,81,94,0,16
6.037,HR,28,1,14742520,g4/13mA/13mA,81,94,0,16
6.037,HR,28,2,12553233,g4/13mA/13mA,81,94,0,16
6.037,HR,28,3,13988750,g4/13mA/13mA,81,94,0,16
6.037,HR,29,0,15139710,g5/13mA/13mA,81,94,0,16
6.037,HR,29,1,14741907,g4/13mA/13mA,81,94,0,16
6.037,HR,29,2,12552635,g4/13mA/13mA,81,94,0,16
6.037,HR,29,3,13988180,g4/13mA/13mA,81,94,0,16
6.037,HR,30,0,15141654,g5/13mA/13mA,81,94,0,16
6.037,HR,30,1,14743014,g4/13mA/13mA,81,94,0,16
6.037,HR,30,2,12553360,g4/13mA/13mA,81,94,0,16
6.037,HR,30,3,13989075,g4/13mA/13mA,81,94,0,16
6.067,HR,31,0,15141597,g5/13mA/13mA,81,94,0,16
6.067,HR,31,1,14742965,g4/13mA/13mA,81,94,0,16
6.067,HR,31,2,12553719,g4/13mA/13mA,81,94,0,16
6.067,HR,31,3,13988863,g4/13mA/13mA,81,94,0,16
6.067,HR,32,0,15141526,g5/13mA/13mA,81,94,0,16
6.067,HR,32,1,14742905,g4/13mA/13mA,81,94,0,16
6.067,HR,32,2,12553437,g4/13mA/13mA,81,94,0,16
6.067,HR,32,3,13989168,g4/13mA/13mA,81,94,0,16
6.067,HR,33,0,15140400,g5/13mA/13mA,81,94,0,16
6.067,HR,33,1,14742403,g4/13mA/13mA,81,94,0,16
6.067,HR,33,2,12552992,g4/13mA/13mA,81,94,0,16
6.067,HR,33,3,13988716,g4/13mA/13mA,81,94,0,16
6.067,HR,34,0,15141322,g5/13mA/13mA,81,94,0,16
6.067,HR,34,1,14742623,g4/13mA/13mA,81,94,0,16
6.067,HR,34,2,12553154,g4/13mA/13mA,81,94,0,16
6.067,HR,34,3,13988479,g4/13mA/13mA,81,94,0,16
6.067,HR,35,0,15141597,g5/13mA/13mA,81,94,0,16
6.067,HR,35,1,14742785,g4/13mA/13mA,81,94,0,16
6.067,HR,35,2,12553214,g4/13mA/13mA,81,94,0,16
6.067,HR,35,3,13989050,g4/13mA/13mA,81,94,0,16
6.067,HR,36,0,15140948,g5/13mA/13mA,81,94,0,16
6.067,HR,36,1,14742460,g4/13mA/13mA,81,94,0,16
6.067,HR,36,2,12553087,g4/13mA/13mA,81,94,0,16
6.067,HR,36,3,13988931,g4/13mA/13mA,81,94,0,16
6.124,HR,37,0,15141586,g5/13mA/13mA,81,94,0,16
6.124,HR,37,1,14742896,g4/13mA/13mA,81,94,0,16
6.124,HR,37,2,12553556,g4/13mA/13mA,81,94,0,16
6.124,HR,37,3,13988836,g4/13mA/13mA,81,94,0,16
6.124,HR,38,0,15140444,g5/13mA/13mA,81,94,0,16
6.124,HR,38,1,14742179,g4/13mA/13mA,81,94,0,16
6.124,HR,38,2,12552781,g4/13mA/13mA,81,94,0,16
6.124,HR,38,3,13988163,g4/13mA/13mA,81,94,0,16
6.124,HR,39,0,15141228,g5/13mA/13mA,81,94,0,16
6.124,HR,39,1,14742505,g4/13mA/13mA,81,94,0,16
6.124,HR,39,2,12553369,g4/13mA/13mA,81,94,0,16
6.124,HR,39,3,13988957,g4/13mA/13mA,81,94,0,16
6.124,HR,40,0,15141153,g5/13mA/13mA,81,94,0,16
6.124,HR,40,1,14742573,g4/13mA/13mA,81,94,0,16
6.124,HR,40,2,12553173,g4/13mA/13mA,81,94,0,16
6.124,HR,40,3,13988724,g4/13mA/13mA,81,94,0,16
6.124,HR,41,0,15141153,g5/13mA/13mA,81,94,0,16
6.124,HR,41,1,14742471,g4/13mA/13mA,81,94,0,16
6.124,HR,41,2,12553565,g4/13mA/13mA,81,94,0,16
6.124,HR,41,3,13988419,g4/13mA/13mA,81,94,0,16
6.154,HR,42,0,15140437,g5/13mA/13mA,81,94,0,16
6.154,HR,42,1,14742810,g4/13mA/13mA,81,94,0,16
6.154,HR,42,2,12553274,g4/13mA/13mA,81,94,0,16
6.155,HR,42,3,13988871,g4/13mA/13mA,81,94,0,16
6.155,HR,43,0,15140871,g5/13mA/13mA,81,94,0,16
6.155,HR,43,1,14742309,g4/13mA/13mA,81,94,0,16
6.155,HR,43,2,12552976,g4/13mA/13mA,81,94,0,16
6.155,HR,43,3,13988758,g4/13mA/13mA,81,94,0,16
6.155,HR,44,0,15141118,g5/13mA/13mA,81,94,0,16
6.155,HR,44,1,14742581,g4/13mA/13mA,81,94,0,16
6.155,HR,44,2,12553078,g4/13mA/13mA,81,94,0,16
6.155,HR,44,3,13988845,g4/13mA/13mA,81,94,0,16
6.155,HR,45,0,15141025,g5/13mA/13mA,81,94,0,16
6.155,HR,45,1,14742786,g4/13mA/13mA,81,94,0,16
6.155,HR,45,2,12553267,g4/13mA/13mA,81,94,0,16
6.155,HR,45,3,13988691,g4/13mA/13mA,81,94,0,16
6.155,HR,46,0,15140998,g5/13mA/13mA,81,94,0,16
6.155,HR,46,1,14742376,g4/13mA/13mA,81,94,0,16
6.155,HR,46,2,12553222,g4/13mA/13mA,81,94,0,16
6.155,HR,46,3,13988785,g4/13mA/13mA,81,94,0,16
6.155,HR,47,0,15140410,g5/13mA/13mA,81,94,0,16
6.155,HR,47,1,14742061,g4/13mA/13mA,81,94,0,16
6.155,HR,47,2,12552755,g4/13mA/13mA,81,94,0,16
6.155,HR,47,3,13988469,g4/13mA/13mA,81,94,0,16
6.218,HR,48,0,15141297,g5/13mA/13mA,81,94,0,16
6.218,HR,48,1,14742777,g4/13mA/13mA,81,94,0,16
6.218,HR,48,2,12553539,g4/13mA/13mA,81,94,0,16
6.218,HR,48,3,13988836,g4/13mA/13mA,81,94,0,16
6.218,HR,49,0,15139224,g5/13mA/13mA,81,94,0,16
6.218,HR,49,1,14741855,g4/13mA/13mA,81,94,0,16
6.218,HR,49,2,12552465,g4/13mA/13mA,81,94,0,16
6.218,HR,49,3,13988077,g4/13mA/13mA,81,94,0,16
6.218,HR,50,0,15142329,g5/13mA/13mA,81,94,0,16
6.218,HR,50,1,14743724,g4/13mA/13mA,81,94,0,16
6.218,HR,50,2,12553990,g4/13mA/13mA,81,94,0,16
6.218,HR,50,3,13989477,g4/13mA/13mA,81,94,0,16
6.218,HR,51,0,15139455,g5/13mA/13mA,81,94,0,16
6.218,HR,51,1,14741737,g4/13mA/13mA,81,94,0,16
6.218,HR,51,2,12552395,g4/13mA/13mA,81,94,0,16
6.218,HR,51,3,13987966,g4/13mA/13mA,81,94,0,16
6.218,HR,52,0,15141586,g5/13mA/13mA,81,94,0,16
6.218,HR,52,1,14743017,g4/13mA/13mA,81,94,0,16
6.218,HR,52,2,12553581,g4/13mA/13mA,81,94,0,16
6.218,HR,52,3,13989040,g4/13mA/13mA,81,94,0,16
6.218,HR,53,0,15141921,g5/13mA/13mA,81,94,0,16
6.218,HR,53,1,14742854,g4/13mA/13mA,81,94,0,16
6.218,HR,53,2,12553513,g4/13mA/13mA,81,94,0,16
6.218,HR,53,3,13988923,g4/13mA/13mA,81,94,0,16
6.244,HR,54,0,15140896,g5/13mA/13mA,81,94,0,16
6.244,HR,54,1,14742369,g4/13mA/13mA,81,94,0,16
6.244,HR,54,2,12552985,g4/13mA/13mA,81,94,0,16
6.244,HR,54,3,13988709,g4/13mA/13mA,81,94,0,16
6.244,HR,55,0,15140562,g5/13mA/13mA,81,94,0,16
6.244,HR,55,1,14742273,g4/13mA/13mA,81,94,0,16
6.244,HR,55,2,12552635,g4/13mA/13mA,81,94,0,16
6.244,HR,55,3,13988572,g4/13mA/13mA,81,94,0,16
6.244,HR,56,0,15140784,g5/13mA/13mA,81,94,0,16
6.244,HR,56,1,14742564,g4/13mA/13mA,81,94,0,16
6.244,HR,56,2,12552985,g4/13mA/13mA,81,94,0,16
6.244,HR,56,3,13988743,g4/13mA/13mA,81,94,0,16
6.244,HR,57,0,15141137,g5/13mA/13mA,81,94,0,16
6.244,HR,57,1,14742581,g4/13mA/13mA,81,94,0,16
6.244,HR,57,2,12553078,g4/13mA/13mA,81,94,0,16
6.244,HR,57,3,13988758,g4/13mA/13mA,81,94,0,16
6.244,HR,58,0,15141348,g5/13mA/13mA,81,94,0,16
6.244,HR,58,1,14742648,g4/13mA/13mA,81,94,0,16
6.244,HR,58,2,12553658,g4/13mA/13mA,81,94,0,16
6.244,HR,58,3,13988920,g4/13mA/13mA,81,94,0,16
6.274,HRV,25,0,15140496,g5/13mA/13mA,81,94,0,16
6.274,HRV,25,1,14742172,g4/13mA/13mA,81,94,0,16
6.274,HRV,25,2,12552941,g4/13mA/13mA,81,94,0,16
6.274,HRV,25,3,13988445,g4/13mA/13mA,81,94,0,16
6.274,HRV,26,0,15140667,g5/13mA/13mA,81,94,0,16
6.274,HRV,26,1,14742369,g4/13mA/13mA,81,94,0,16
6.274,HRV,26,2,12553053,g4/13mA/13mA,81,94,0,16
6.274,HRV,26,3,13988691,g4/13mA/13mA,81,94,0,16
6.274,HRV,27,0,15141382,g5/13mA/13mA,81,94,0,16
6.274,HRV,27,1,14742896,g4/13mA/13mA,81,94,0,16
6.274,HRV,27,2,12553539,g4/13mA/13mA,81,94,0,16
6.274,HRV,27,3,13988845,g4/13mA/13mA,81,94,0,16
6.274,HRV,28,0,15141178,g5/13mA/13mA,81,94,0,16
6.274,HRV,28,1,14742520,g4/13mA/13mA,81,94,0,16
6.274,HRV,28,2,12553233,g4/13mA/13mA,81,94,0,16
6.274,HRV,28,3,13988750,g4/13mA/13mA,81,94,0,16
6.274,HRV,29,0,15139710,g5/13mA/13mA,81,94,0,16
6.274,HRV,29,1,14741907,g4/13mA/13mA,81,94,0,16
6.274,HRV,29,2,12552635,g4/13mA/13mA,81,94,0,16
6.274,HRV,29,3,13988180,g4/13mA/13mA,81,94,0,16
6.274,HRV,30,0,15141654,g5/13mA/13mA,81,94,0,16
6.274,HRV,30,1,14743014,g4/13mA/13mA,81,94,0,16
6.274,HRV,30,2,12553360,g4/13mA/13mA,81,94,0,16
6.274,HRV,30,3,13989075,g4/13mA/13mA,81,94,0,16
6.339,HRV,31,0,15141597,g5/13mA/13mA,81,94,0,16
6.339,HRV,31,1,14742965,g4/13mA/13mA,81,94,0,16
6.339,HRV,31,2,12553719,g4/13mA/13mA,81,94,0,16
6.339,HRV,31,3,13988863,g4/13mA/13mA,81,94,0,16
6.339,HRV,32,0,15141526,g5/13mA/13mA,81,94,0,16
6.339,HRV,32,1,14742905,g4/13mA/13mA,81,94,0,16
6.339,HRV,32,2,12553437,g4/13mA/13mA,81,94,0,16
6.339,HRV,32,3,13989168,g4/13mA/13mA,81,94,0,16
6.339,HRV,33,0,15140400,g5/13mA/13mA,81,94,0,16
6.339,HRV,33,1,14742403,g4/13mA/13mA,81,94,0,16
6.339,HRV,33,2,12552992,g4/13mA/13mA,81,94,0,16
6.339,HRV,33,3,13988716,g4/13mA/13mA,81,94,0,16
6.339,HRV,34,0,15141322,g5/13mA/13mA,81,94,0,16
6.339,HRV,34,1,14742623,g4/13mA/13mA,81,94,0,16
6.339,HRV,34,2,12553154,g4/13mA/13mA,81,94,0,16
6.339,HRV,34,3,13988479,g4/13mA/13mA,81,94,0,16
6.339,HRV,35,0,15141597,g5/13mA/13mA,81,94,0,16
6.339,HRV,35,1,14742785,g4/13mA/13mA,81,94,0,16
6.339,HRV,35,2,12553214,g4/13mA/13mA,81,94,0,16
6.339,HRV,35,3,13989050,g4/13mA/13mA,81,94,0,16
6.339,HRV,36,0,15140948,g5/13mA/13mA,81,94,0,16
6.339,HRV,36,1,14742460,g4/13mA/13mA,81,94,0,16
6.339,HRV,36,2,12553087,g4/13mA/13mA,81,94,0,16
6.339,HRV,36,3,13988931,g4/13mA/13mA,81,94,0,16
6.365,HRV,37,0,15141586,g5/13mA/13mA,81,94,0,16
6.365,HRV,37,1,14742896,g4/13mA/13mA,81,94,0,16
6.365,HRV,37,2,12553556,g4/13mA/13mA,81,94,0,16
6.365,HRV,37,3,13988836,g4/13mA/13mA,81,94,0,16
6.365,HRV,38,0,15140444,g5/13mA/13mA,81,94,0,16
6.365,HRV,38,1,14742179,g4/13mA/13mA,81,94,0,16
6.365,HRV,38,2,12552781,g4/13mA/13mA,81,94,0,16
6.365,HRV,38,3,13988163,g4/13mA/13mA,81,94,0,16
6.365,HRV,39,0,15141228,g5/13mA/13mA,81,94,0,16
6.365,HRV,39,1,14742505,g4/13mA/13mA,81,94,0,16
6.365,HRV,39,2,12553369,g4/13mA/13mA,81,94,0,16
6.365,HRV,39,3,13988957,g4/13mA/13mA,81,94,0,16
6.365,HRV,40,0,15141153,g5/13mA/13mA,81,94,0,16
6.365,HRV,40,1,14742573,g4/13mA/13mA,81,94,0,16
6.365,HRV,40,2,12553173,g4/13mA/13mA,81,94,0,16
6.365,HRV,40,3,13988724,g4/13mA/13mA,81,94,0,16
6.365,HRV,41,0,15141153,g5/13mA/13mA,81,94,0,16
6.365,HRV,41,1,14742471,g4/13mA/13mA,81,94,0,16
6.365,HRV,41,2,12553565,g4/13mA/13mA,81,94,0,16
6.365,HRV,41,3,13988419,g4/13mA/13mA,81,94,0,16
6.396,HRV,42,0,15140437,g5/13mA/13mA,81,94,0,16
6.396,HRV,42,1,14742810,g4/13mA/13mA,81,94,0,16
6.396,HRV,42,2,12553274,g4/13mA/13mA,81,94,0,16
6.396,HRV,42,3,13988871,g4/13mA/13mA,81,94,0,16
6.396,HRV,43,0,15140871,g5/13mA/13mA,81,94,0,16
6.396,HRV,43,1,14742309,g4/13mA/13mA,81,94,0,16
6.396,HRV,43,2,12552976,g4/13mA/13mA,81,94,0,16
6.396,HRV,43,3,13988758,g4/13mA/13mA,81,94,0,16
6.396,HRV,44,0,15141118,g5/13mA/13mA,81,94,0,16
6.396,HRV,44,1,14742581,g4/13mA/13mA,81,94,0,16
6.396,HRV,44,2,12553078,g4/13mA/13mA,81,94,0,16
6.396,HRV,44,3,13988845,g4/13mA/13mA,81,94,0,16
6.396,HRV,45,0,15141025,g5/13mA/13mA,81,94,0,16
6.396,HRV,45,1,14742786,g4/13mA/13mA,81,94,0,16
6.396,HRV,45,2,12553267,g4/13mA/13mA,81,94,0,16
6.396,HRV,45,3,13988691,g4/13mA/13mA,81,94,0,16
6.396,HRV,46,0,15140998,g5/13mA/13mA,81,94,0,16
6.396,HRV,46,1,14742376,g4/13mA/13mA,81,94,0,16
6.396,HRV,46,2,12553222,g4/13mA/13mA,81,94,0,16
6.396,HRV,46,3,13988785,g4/13mA/13mA,81,94,0,16
6.396,HRV,47,0,15140410,g5/13mA/13mA,81,94,0,16
6.396,HRV,47,1,14742061,g4/13mA/13mA,81,94,0,16
6.396,HRV,47,2,12552755,g4/13mA/13mA,81,94,0,16
6.396,HRV,47,3,13988469,g4/13mA/13mA,81,94,0,16
6.457,HRV,48,0,15141297,g5/13mA/13mA,81,94,0,16
6.457,HRV,48,1,14742777,g4/13mA/13mA,81,94,0,16
6.457,HRV,48,2,12553539,g4/13mA/13mA,81,94,0,16
6.457,HRV,48,3,13988836,g4/13mA/13mA,81,94,0,16
6.457,HRV,49,0,15139224,g5/13mA/13mA,81,94,0,16
6.457,HRV,49,1,14741855,g4/13mA/13mA,81,94,0,16
6.457,HRV,49,2,12552465,g4/13mA/13mA,81,94,0,16
6.457,HRV,49,3,13988077,g4/13mA/13mA,81,94,0,16
6.457,HRV,50,0,15142329,g5/13mA/13mA,81,94,0,16
6.457,HRV,50,1,14743724,g4/13mA/13mA,81,94,0,16
6.457,HRV,50,2,12553990,g4/13mA/13mA,81,94,0,16
6.457,HRV,50,3,13989477,g4/13mA/13mA,81,94,0,16
6.457,HRV,51,0,15139455,g5/13mA/13mA,81,94,0,16
6.457,HRV,51,1,14741737,g4/13mA/13mA,81,94,0,16
6.457,HRV,51,2,12552395,g4/13mA/13mA,81,94,0,16
6.457,HRV,51,3,13987966,g4/13mA/13mA,81,94,0,16
6.457,HRV,52,0,15141586,g5/13mA/13mA,81,94,0,16
6.457,HRV,52,1,14743017,g4/13mA/13mA,81,94,0,16
6.457,HRV,52,2,12553581,g4/13mA/13mA,81,94,0,16
6.457,HRV,52,3,13989040,g4/13mA/13mA,81,94,0,16
6.458,HRV,53,0,15141921,g5/13mA/13mA,81,94,0,16
6.458,HRV,53,1,14742854,g4/13mA/13mA,81,94,0,16
6.458,HRV,53,2,12553513,g4/13mA/13mA,81,94,0,16
6.458,HRV,53,3,13988923,g4/13mA/13mA,81,94,0,16
6.483,HRV,54,0,15140896,g5/13mA/13mA,81,94,0,16
6.483,HRV,54,1,14742369,g4/13mA/13mA,81,94,0,16
6.483,HRV,54,2,12552985,g4/13mA/13mA,81,94,0,16
6.483,HRV,54,3,13988709,g4/13mA/13mA,81,94,0,16
6.483,HRV,55,0,15140562,g5/13mA/13mA,81,94,0,16
6.483,HRV,55,1,14742273,g4/13mA/13mA,81,94,0,16
6.483,HRV,55,2,12552635,g4/13mA/13mA,81,94,0,16
6.483,HRV,55,3,13988572,g4/13mA/13mA,81,94,0,16
6.483,HRV,56,0,15140784,g5/13mA/13mA,81,94,0,16
6.483,HRV,56,1,14742564,g4/13mA/13mA,81,94,0,16
6.483,HRV,56,2,12552985,g4/13mA/13mA,81,94,0,16
6.483,HRV,56,3,13988743,g4/13mA/13mA,81,94,0,16
6.483,HRV,57,0,15141137,g5/13mA/13mA,81,94,0,16
6.483,HRV,57,1,14742581,g4/13mA/13mA,81,94,0,16
6.483,HRV,57,2,12553078,g4/13mA/13mA,81,94,0,16
6.483,HRV,57,3,13988758,g4/13mA/13mA,81,94,0,16
6.483,HRV,58,0,15141348,g5/13mA/13mA,81,94,0,16
6.483,HRV,58,1,14742648,g4/13mA/13mA,81,94,0,16
6.483,HRV,58,2,12553658,g4/13mA/13mA,81,94,0,16
6.483,HRV,58,3,13988920,g4/13mA/13mA,81,94,0,16
6.547,SPO2,25,0,12975515,g1/60mA/0mA,81,94,0,16
6.547,SPO2,25,1,12229699,g1/25mA/0mA,81,94,0,16
6.547,SPO2,26,0,12975889,g1/60mA/0mA,81,94,0,16
6.547,SPO2,26,1,12230032,g1/25mA/0mA,81,94,0,16
6.547,SPO2,27,0,12976157,g1/60mA/0mA,81,94,0,16
6.547,SPO2,27,1,12230001,g1/25mA/0mA,81,94,0,16
6.547,SPO2,28,0,12975943,g1/60mA/0mA,81,94,0,16
6.547,SPO2,28,1,12229850,g1/25mA/0mA,81,94,0,16
6.547,SPO2,29,0,12975054,g1/60mA/0mA,81,94,0,16
6.547,SPO2,29,1,12229688,g1/25mA/0mA,81,94,0,16
6.547,SPO2,30,0,12976312,g1/60mA/0mA,81,94,0,16
6.547,SPO2,30,1,12230104,g1/25mA/0mA,81,94,0,16
6.547,SPO2,31,0,12976326,g1/60mA/0mA,81,94,0,16
6.547,SPO2,31,1,12230189,g1/25mA/0mA,81,94,0,16
6.577,SPO2,32,0,12975911,g1/60mA/0mA,81,94,0,16
6.577,SPO2,32,1,12229840,g1/25mA/0mA,81,94,0,16
6.577,SPO2,33,0,12975642,g1/60mA/0mA,81,94,0,16
6.577,SPO2,33,1,12229820,g1/25mA/0mA,81,94,0,16
6.577,SPO2,34,0,12975955,g1/60mA/0mA,81,94,0,16
6.577,SPO2,34,1,12230159,g1/25mA/0mA,81,94,0,16
6.577,SPO2,35,0,12976208,g1/60mA/0mA,81,94,0,16
6.577,SPO2,35,1,12230128,g1/25mA/0mA,81,94,0,16
6.577,SPO2,36,0,12975481,g1/60mA/0mA,81,94,0,16
6.577,SPO2,36,1,12229760,g1/25mA/0mA,81,94,0,16
6.577,SPO2,37,0,12976199,g1/60mA/0mA,81,94,0,16
6.577,SPO2,37,1,12229993,g1/25mA/0mA,81,94,0,16
6.577,SPO2,38,0,12975596,g1/60mA/0mA,81,94,0,16
6.577,SPO2,38,1,12229939,g1/25mA/0mA,81,94,0,16
6.606,SPO2,39,0,12975707,g1/60mA/0mA,81,94,0,17
6.606,SPO2,39,1,12229739,g1/25mA/0mA,81,94,0,17
6.606,SPO2,40,0,12976008,g1/60mA/0mA,81,94,0,17
6.606,SPO2,40,1,12230100,g1/25mA/0mA,81,94,0,17
6.606,SPO2,41,0,12975867,g1/60mA/0mA,81,94,0,17
6.606,SPO2,41,1,12230013,g1/25mA/0mA,81,94,0,17
6.606,SPO2,42,0,12975666,g1/60mA/0mA,81,94,0,17
6.606,SPO2,42,1,12229840,g1/25mA/0mA,81,94,0,17
6.606,SPO2,43,0,12975454,g1/60mA/0mA,81,94,0,17
6.606,SPO2,43,1,12229714,g1/25mA/0mA,81,94,0,17
6.606,SPO2,44,0,12975812,g1/60mA/0mA,81,94,0,17
6.606,SPO2,44,1,12230018,g1/25mA/0mA,81,94,0,17
6.666,SPO2,45,0,12975892,g1/60mA/0mA,81,94,0,17
6.666,SPO2,45,1,12229954,g1/25mA/0mA,81,94,0,17
6.666,SPO2,46,0,12975677,g1/60mA/0mA,81,94,0,17
6.666,SPO2,46,1,12229799,g1/25mA/0mA,81,94,0,17
6.666,SPO2,47,0,12975469,g1/60mA/0mA,81,94,0,17
6.666,SPO2,47,1,12229814,g1/25mA/0mA,81,94,0,17
6.666,SPO2,48,0,12976028,g1/60mA/0mA,81,94,0,17
6.666,SPO2,48,1,12229874,g1/25mA/0mA,81,94,0,17
6.666,SPO2,49,0,12975386,g1/60mA/0mA,81,94,0,17
6.666,SPO2,49,1,12230030,g1/25mA/0mA,81,94,0,17
6.666,SPO2,50,0,12976218,g1/60mA/0mA,81,94,0,17
6.666,SPO2,50,1,12229723,g1/25mA/0mA,81,94,0,17
6.666,SPO2,51,0,12975347,g1/60mA/0mA,81,94,0,17
6.666,SPO2,51,1,12229924,g1/25mA/0mA,81,94,0,17
6.666,SPO2,52,0,12976391,g1/60mA/0mA,81,94,0,17
6.666,SPO2,52,1,12230134,g1/25mA/0mA,81,94,0,17
6.724,SPO2,53,0,12976151,g1/60mA/0mA,81,94,0,17
6.724,SPO2,53,1,12229939,g1/25mA/0mA,81,94,0,17
6.724,SPO2,54,0,12975980,g1/60mA/0mA,81,94,0,17
6.724,SPO2,54,1,12230156,g1/25mA/0mA,81,94,0,17
6.724,SPO2,55,0,12975205,g1/60mA/0mA,81,94,0,17
6.724,SPO2,55,1,12229539,g1/25mA/0mA,81,94,0,17
6.724,SPO2,56,0,12975738,g1/60mA/0mA,81,94,0,17
6.724,SPO2,56,1,12229883,g1/25mA/0mA,81,94,0,17
6.724,SPO2,57,0,12975762,g1/60mA/0mA,81,94,0,17
6.724,SPO2,57,1,12229817,g1/25mA/0mA,81,94,0,17
6.724,SPO2,58,0,12976011,g1/60mA/0mA,81,94,0,17
6.724,SPO2,58,1,12230120,g1/25mA/0mA,81,94,0,17
7.746,HR,59,0,15140973,g5/13mA/13mA,81,94,0,17
7.746,HR,59,1,14742486,g4/13mA/13mA,81,94,0,17
7.746,HR,59,2,12552976,g4/13mA/13mA,81,94,0,17
7.746,HR,59,3,13988374,g4/13mA/13mA,81,94,0,17
7.746,HR,60,0,15140769,g5/13mA/13mA,81,94,0,17
7.746,HR,60,1,14742930,g4/13mA/13mA,81,94,0,17
7.746,HR,60,2,12553342,g4/13mA/13mA,81,94,0,17
7.746,HR,60,3,13988683,g4/13mA/13mA,81,94,0,17
7.746,HR,61,0,15140376,g5/13mA/13mA,81,94,0,17
7.746,HR,61,1,14741907,g4/13mA/13mA,81,94,0,17
7.746,HR,61,2,12552608,g4/13mA/13mA,81,94,0,17
7.746,HR,61,3,13988103,g4/13mA/13mA,81,94,0,17
7.746,HR,62,0,15142551,g5/13mA/13mA,81,94,0,17
7.746,HR,62,1,14743398,g4/13mA/13mA,81,94,0,17
7.746,HR,62,2,12554069,g4/13mA/13mA,81,94,0,17
7.746,HR,62,3,13989646,g4/13mA/13mA,81,94,0,17
7.746,HR,63,0,15140478,g5/13mA/13mA,81,94,0,17
7.746,HR,63,1,14742273,g4/13mA/13mA,81,94,0,17
7.746,HR,63,2,12553078,g4/13mA/13mA,81,94,0,17
7.746,HR,63,3,13988401,g4/13mA/13mA,81,94,0,17
7.775,HR,64,0,15141375,g5/13mA/13mA,80,95,0,17
7.775,HR,64,1,14742513,g4/13mA/13mA,80,95,0,17
7.775,HR,64,2,12553069,g4/13mA/13mA,80,95,0,17
7.775,HR,64,3,13988803,g4/13mA/13mA,80,95,0,17
7.775,HR,65,0,15140529,g5/13mA/13mA,80,95,0,17
7.775,HR,65,1,14742520,g4/13mA/13mA,80,95,0,17
7.775,HR,65,2,12553282,g4/13mA/13mA,80,95,0,17
7.775,HR,65,3,13988743,g4/13mA/13mA,80,95,0,17
7.775,HR,66,0,15141040,g5/13mA/13mA,80,95,0,17
7.775,HR,66,1,14742445,g4/13mA/13mA,80,95,0,17
7.775,HR,66,2,12553317,g4/13mA/13mA,80,95,0,17
7.775,HR,66,3,13988716,g4/13mA/13mA,80,95,0,17
7.775,HR,67,0,15141111,g5/13mA/13mA,80,95,0,17
7.775,HR,67,1,14742538,g4/13mA/13mA,80,95,0,17
7.775,HR,67,2,12553154,g4/13mA/13mA,80,95,0,17
7.775,HR,67,3,13988384,g4/13mA/13mA,80,95,0,17
7.775,HR,68,0,15140657,g5/13mA/13mA,80,95,0,17
7.775,HR,68,1,14742384,g4/13mA/13mA,80,95,0,17
7.776,HR,68,2,12552770,g4/13mA/13mA,80,95,0,17
7.776,HR,68,3,13988384,g4/13mA/13mA,80,95,0,17
7.806,HR,69,0,15141409,g5/13mA/13mA,80,95,0,17
7.806,HR,69,1,14742948,g4/13mA/13mA,80,95,0,17
7.806,HR,69,2,12553462,g4/13mA/13mA,80,95,0,17
7.806,HR,69,3,13989111,g4/13mA/13mA,80,95,0,17
7.806,HR,70,0,15140580,g5/13mA/13mA,80,95,0,17
7.806,HR,70,1,14741967,g4/13mA/13mA,80,95,0,17
7.806,HR,70,2,12552950,g4/13mA/13mA,80,95,0,17
7.806,HR,70,3,13988213,g4/13mA/13mA,80,95,0,17
7.806,HR,71,0,15139914,g5/13mA/13mA,80,95,0,17
7.806,HR,71,1,14741763,g4/13mA/13mA,80,95,0,17
7.806,HR,71,2,12552439,g4/13mA/13mA,80,95,0,17
7.806,HR,71,3,13988196,g4/13mA/13mA,80,95,0,17
7.806,HR,72,0,15139779,g5/13mA/13mA,80,95,0,17
7.806,HR,72,1,14741583,g4/13mA/13mA,80,95,0,17
7.806,HR,72,2,12552660,g4/13mA/13mA,80,95,0,17
7.806,HR,72,3,13987941,g4/13mA/13mA,80,95,0,17
7.806,HR,73,0,15141409,g5/13mA/13mA,80,95,0,17
7.806,HR,73,1,14742795,g4/13mA/13mA,80,95,0,17
7.806,HR,73,2,12553214,g4/13mA/13mA,80,95,0,17
7.806,HR,73,3,13988889,g4/13mA/13mA,80,95,0,17
7.806,HR,74,0,15140589,g5/13mA/13mA,80,95,0,17
7.806,HR,74,1,14742111,g4/13mA/13mA,80,95,0,17
7.806,HR,74,2,12552959,g4/13mA/13mA,80,95,0,17
7.806,HR,74,3,13988588,g4/13mA/13mA,80,95,0,17
7.865,HR,75,0,15140784,g5/13mA/13mA,80,95,0,17
7.865,HR,75,1,14742384,g4/13mA/13mA,80,95,0,17
7.865,HR,75,2,12552916,g4/13mA/13mA,80,95,0,17
7.865,HR,75,3,13988665,g4/13mA/13mA,80,95,0,17
7.865,HR,76,0,15141586,g5/13mA/13mA,80,95,0,17
7.865,HR,76,1,14742836,g4/13mA/13mA,80,95,0,17
7.865,HR,76,2,12553708,g4/13mA/13mA,80,95,0,17
7.865,HR,76,3,13988836,g4/13mA/13mA,80,95,0,17
7.865,HR,77,0,15140784,g5/13mA/13mA,80,95,0,17
7.865,HR,77,1,14742214,g4/13mA/13mA,80,95,0,17
7.865,HR,77,2,12553001,g4/13mA/13mA,80,95,0,17
7.865,HR,77,3,13988565,g4/13mA/13mA,80,95,0,17
7.865,HR,78,0,15141578,g5/13mA/13mA,80,95,0,17
7.865,HR,78,1,14743017,g4/13mA/13mA,80,95,0,17
7.865,HR,78,2,12553504,g4/13mA/13mA,80,95,0,17
7.865,HR,78,3,13989100,g4/13mA/13mA,80,95,0,17
7.865,HR,79,0,15140333,g5/13mA/13mA,80,95,0,17
7.865,HR,79,1,14742079,g4/13mA/13mA,80,95,0,17
7.865,HR,79,2,12552805,g4/13mA/13mA,80,95,0,17
7.865,HR,79,3,13988716,g4/13mA/13mA,80,95,0,17
7.865,HR,80,0,15141578,g5/13mA/13mA,80,95,0,17
7.865,HR,80,1,14742854,g4/13mA/13mA,80,95,0,17
7.865,HR,80,2,12553411,g4/13mA/13mA,80,95,0,17
7.865,HR,80,3,13989100,g4/13mA/13mA,80,95,0,17
7.897,HR,81,0,15142116,g5/13mA/13mA,80,95,0,17
7.897,HR,81,1,14743109,g4/13mA/13mA,80,95,0,17
7.897,HR,81,2,12554069,g4/13mA/13mA,80,95,0,17
7.897,HR,81,3,13989312,g4/13mA/13mA,80,95,0,17
7.897,HR,82,0,15140760,g5/13mA/13mA,80,95,0,17
7.897,HR,82,1,14742427,g4/13mA/13mA,80,95,0,17
7.897,HR,82,2,12553019,g4/13mA/13mA,80,95,0,17
7.897,HR,82,3,13988632,g4/13mA/13mA,80,95,0,17
7.897,HR,83,0,15143694,g5/13mA/13mA,80,95,0,17
7.897,HR,83,1,14744228,g4/13mA/13mA,80,95,0,17
7.897,HR,83,2,12554962,g4/13mA/13mA,80,95,0,17
7.897,HR,83,3,13990270,g4/13mA/13mA,80,95,0,17
7.897,HR,84,0,15139533,g5/13mA/13mA,80,95,0,17
7.897,HR,84,1,14741865,g4/13mA/13mA,80,95,0,17
7.897,HR,84,2,12552626,g4/13mA/13mA,80,95,0,17
7.897,HR,84,3,13988085,g4/13mA/13mA,80,95,0,17
7.897,HR,85,0,15142125,g5/13mA/13mA,80,95,0,17
7.897,HR,85,1,14743236,g4/13mA/13mA,80,95,0,17
7.897,HR,85,2,12553769,g4/13mA/13mA,80,95,0,17
7.897,HR,85,3,13989409,g4/13mA/13mA,80,95,0,17
7.897,HR,86,0,15140317,g5/13mA/13mA,80,95,0,17
7.897,HR,86,1,14742061,g4/13mA/13mA,80,95,0,17
7.897,HR,86,2,12552942,g4/13mA/13mA,80,95,0,17
7.897,HR,86,3,13988537,g4/13mA/13mA,80,95,0,17
7.957,HR,87,0,15141210,g5/13mA/13mA,80,95,0,17
7.957,HR,87,1,14742410,g4/13mA/13mA,80,95,0,17
7.957,HR,87,2,12553418,g4/13mA/13mA,80,95,0,17
7.957,HR,87,3,13988810,g4/13mA/13mA,80,95,0,17
7.957,HR,88,0,15140981,g5/13mA/13mA,80,95,0,17
7.957,HR,88,1,14742581,g4/13mA/13mA,80,95,0,17
7.957,HR,88,2,12553301,g4/13mA/13mA,80,95,0,17
7.957,HR,88,3,13988674,g4/13mA/13mA,80,95,0,17
7.957,HR,89,0,15139872,g5/13mA/13mA,80,94,0,17
7.957,HR,89,1,14742155,g4/13mA/13mA,80,94,0,17
7.957,HR,89,2,12552737,g4/13mA/13mA,80,94,0,17
7.957,HR,89,3,13988213,g4/13mA/13mA,80,94,0,17
7.957,HR,90,0,15138653,g5/13mA/13mA,80,94,0,17
7.957,HR,90,1,14741113,g4/13mA/13mA,80,94,0,17
7.957,HR,90,2,12551943,g4/13mA/13mA,80,94,0,17
7.957,HR,90,3,13987386,g4/13mA/13mA,80,94,0,17
7.957,HR,91,0,15141613,g5/13mA/13mA,80,94,0,17
7.957,HR,91,1,14743299,g4/13mA/13mA,80,94,0,17
7.957,HR,91,2,12553675,g4/13mA/13mA,80,94,0,17
7.957,HR,91,3,13989330,g4/13mA/13mA,80,94,0,17
7.982,HR,92,0,15141852,g5/13mA/13mA,80,94,0,17
7.982,HR,92,1,14743017,g4/13mA/13mA,80,94,0,17
7.982,HR,92,2,12553513,g4/13mA/13mA,80,94,0,17
7.982,HR,92,3,13989015,g4/13mA/13mA,80,94,0,17
8.014,HRV,59,0,15140973,g5/13mA/13mA,80,94,0,17
8.014,HRV,59,1,14742486,g4/13mA/13mA,80,94,0,17
8.014,HRV,59,2,12552976,g4/13mA/13mA,80,94,0,17
8.014,HRV,59,3,13988374,g4/13mA/13mA,80,94,0,17
8.014,HRV,60,0,15140769,g5/13mA/13mA,80,94,0,17
8.014,HRV,60,1,14742930,g4/13mA/13mA,80,94,0,17
8.014,HRV,60,2,12553342,g4/13mA/13mA,80,94,0,17
8.014,HRV,60,3,13988683,g4/13mA/13mA,80,94,0,17
8.014,HRV,61,0,15140376,g5/13mA/13mA,80,94,0,17
8.014,HRV,61,1,14741907,g4/13mA/13mA,80,94,0,17
8.014,HRV,61,2,12552608,g4/13mA/13mA,80,94,0,17
8.014,HRV,61,3,13988103,g4/13mA/13mA,80,94,0,17
8.015,HRV,62,0,15142551,g5/13mA/13mA,80,94,0,17
8.015,HRV,62,1,14743398,g4/13mA/13mA,80,94,0,17
8.015,HRV,62,2,12554069,g4/13mA/13mA,80,94,0,17
8.015,HRV,62,3,13989646,g4/13mA/13mA,80,94,0,17
8.015,HRV,63,0,15140478,g5/13mA/13mA,80,94,0,17
8.015,HRV,63,1,14742273,g4/13mA/13mA,80,94,0,17
8.015,HRV,63,2,12553078,g4/13mA/13mA,80,94,0,17
8.015,HRV,63,3,13988401,g4/13mA/13mA,80,94,0,17
8.105,HRV,64,0,15141375,g5/13mA/13mA,80,94,0,17
8.105,HRV,64,1,14742513,g4/13mA/13mA,80,94,0,17
8.105,HRV,64,2,12553069,g4/13mA/13mA,80,94,0,17
8.105,HRV,64,3,13988803,g4/13mA/13mA,80,94,0,17
8.105,HRV,65,0,15140529,g5/13mA/13mA,80,94,0,17
8.105,HRV,65,1,14742520,g4/13mA/13mA,80,94,0,17
8.105,HRV,65,2,12553282,g4/13mA/13mA,80,94,0,17
8.105,HRV,65,3,13988743,g4/13mA/13mA,80,94,0,17
8.105,HRV,66,0,15141040,g5/13mA/13mA,80,94,0,17
8.105,HRV,66,1,14742445,g4/13mA/13mA,80,94,0,17
8.105,HRV,66,2,12553317,g4/13mA/13mA,80,94,0,17
8.105,HRV,66,3,13988716,g4/13mA/13mA,80,94,0,17
8.105,HRV,67,0,15141111,g5/13mA/13mA,80,94,0,17
8.105,HRV,67,1,14742538,g4/13mA/13mA,80,94,0,17
8.105,HRV,67,2,12553154,g4/13mA/13mA,80,94,0,17
8.105,HRV,67,3,13988384,g4/13mA/13mA,80,94,0,17
8.105,HRV,68,0,15140657,g5/13mA/13mA,80,94,0,17
8.105,HRV,68,1,14742384,g4/13mA/13mA,80,94,0,17
8.105,HRV,68,2,12552770,g4/13mA/13mA,80,94,0,17
8.105,HRV,68,3,13988384,g4/13mA/13mA,80,94,0,17
8.132,HRV,69,0,15141409,g5/13mA/13mA,80,94,0,17
8.132,HRV,69,1,14742948,g4/13mA/13mA,80,94,0,17
8.132,HRV,69,2,12553462,g4/13mA/13mA,80,94,0,17
8.132,HRV,69,3,13989111,g4/13mA/13mA,80,94,0,17
8.132,HRV,70,0,15140580,g5/13mA/13mA,80,94,0,17
8.132,HRV,70,1,14741967,g4/13mA/13mA,80,94,0,17
8.132,HRV,70,2,12552950,g4/13mA/13mA,80,94,0,17
8.133,HRV,70,3,13988213,g4/13mA/13mA,80,94,0,17
8.133,HRV,71,0,15139914,g5/13mA/13mA,80,94,0,17
8.133,HRV,71,1,14741763,g4/13mA/13mA,80,94,0,17
8.133,HRV,71,2,12552439,g4/13mA/13mA,80,94,0,17
8.133,HRV,71,3,13988196,g4/13mA/13mA,80,94,0,17
8.133,HRV,72,0,15139779,g5/13mA/13mA,80,94,0,17
8.133,HRV,72,1,14741583,g4/13mA/13mA,80,94,0,17
8.133,HRV,72,2,12552660,g4/13mA/13mA,80,94,0,17
8.133,HRV,72,3,13987941,g4/13mA/13mA,80,94,0,17
8.133,HRV,73,0,15141409,g5/13mA/13mA,80,94,0,17
8.133,HRV,73,1,14742795,g4/13mA/13mA,80,94,0,17
8.133,HRV,73,2,12553214,g4/13mA/13mA,80,94,0,17
8.133,HRV,73,3,13988889,g4/13mA/13mA,80,94,0,17
8.133,HRV,74,0,15140589,g5/13mA/13mA,80,94,0,17
8.133,HRV,74,1,14742111,g4/13mA/13mA,80,94,0,17
8.133,HRV,74,2,12552959,g4/13mA/13mA,80,94,0,17
8.133,HRV,74,3,13988588,g4/13mA/13mA,80,94,0,17
8.134,HRV,75,0,15140784,g5/13mA/13mA,80,94,0,17
8.134,HRV,75,1,14742384,g4/13mA/13mA,80,94,0,17
8.134,HRV,75,2,12552916,g4/13mA/13mA,80,94,0,17
8.134,HRV,75,3,13988665,g4/13mA/13mA,80,94,0,17
8.134,HRV,76,0,15141586,g5/13mA/13mA,80,94,0,17
8.134,HRV,76,1,14742836,g4/13mA/13mA,80,94,0,17
8.134,HRV,76,2,12553708,g4/13mA/13mA,80,94,0,17
8.134,HRV,76,3,13988836,g4/13mA/13mA,80,94,0,17
8.134,HRV,77,0,15140784,g5/13mA/13mA,80,94,0,17
8.134,HRV,77,1,14742214,g4/13mA/13mA,80,94,0,17
8.134,HRV,77,2,12553001,g4/13mA/13mA,80,94,0,17
8.134,HRV,77,3,13988565,g4/13mA/13mA,80,94,0,17
8.134,HRV,78,0,15141578,g5/13mA/13mA,80,94,0,17
8.134,HRV,78,1,14743017,g4/13mA/13mA,80,94,0,17
8.134,HRV,78,2,12553504,g4/13mA/13mA,80,94,0,17
8.134,HRV,78,3,13989100,g4/13mA/13mA,80,94,0,17
8.134,HRV,79,0,15140333,g5/13mA/13mA,80,94,0,17
8.134,HRV,79,1,14742079,g4/13mA/13mA,80,94,0,17
8.134,HRV,79,2,12552805,g4/13mA/13mA,80,94,0,17
8.134,HRV,79,3,13988716,g4/13mA/13mA,80,94,0,17
8.134,HRV,80,0,15141578,g5/13mA/13mA,80,94,0,17
8.134,HRV,80,1,14742854,g4/13mA/13mA,80,94,0,17
8.134,HRV,80,2,12553411,g4/13mA/13mA,80,94,0,17
8.134,HRV,80,3,13989100,g4/13mA/13mA,80,94,0,17
8.194,HRV,81,0,15142116,g5/13mA/13mA,80,94,0,17
8.194,HRV,81,1,14743109,g4/13mA/13mA,80,94,0,17
8.194,HRV,81,2,12554069,g4/13mA/13mA,80,94,0,17
8.194,HRV,81,3,13989312,g4/13mA/13mA,80,94,0,17
8.194,HRV,82,0,15140760,g5/13mA/13mA,80,94,0,17
8.194,HRV,82,1,14742427,g4/13mA/13mA,80,94,0,17
8.194,HRV,82,2,12553019,g4/13mA/13mA,80,94,0,17
8.194,HRV,82,3,13988632,g4/13mA/13mA,80,94,0,17
8.194,HRV,83,0,15143694,g5/13mA/13mA,80,94,0,17
8.194,HRV,83,1,14744228,g4/13mA/13mA,80,94,0,17
8.194,HRV,83,2,12554962,g4/13mA/13mA,80,94,0,17
8.194,HRV,83,3,13990270,g4/13mA/13mA,80,94,0,17
8.194,HRV,84,0,15139533,g5/13mA/13mA,80,94,0,17
8.194,HRV,84,1,14741865,g4/13mA/13mA,80,94,0,17
8.194,HRV,84,2,12552626,g4/13mA/13mA,80,94,0,17
8.194,HRV,84,3,13988085,g4/13mA/13mA,80,94,0,17
8.194,HRV,85,0,15142125,g5/13mA/13mA,80,94,0,17
8.194,HRV,85,1,14743236,g4/13mA/13mA,80,94,0,17
8.194,HRV,85,2,12553769,g4/13mA/13mA,80,94,0,17
8.194,HRV,85,3,13989409,g4/13mA/13mA,80,94,0,17
8.194,HRV,86,0,15140317,g5/13mA/13mA,80,94,0,17
8.194,HRV,86,1,14742061,g4/13mA/13mA,80,94,0,17
8.194,HRV,86,2,12552942,g4/13mA/13mA,80,94,0,17
8.194,HRV,86,3,13988537,g4/13mA/13mA,80,94,0,17
8.224,HRV,87,0,15141210,g5/13mA/13mA,80,94,0,17
8.224,HRV,87,1,14742410,g4/13mA/13mA,80,94,0,17
8.224,HRV,87,2,12553418,g4/13mA/13mA,80,94,0,17
8.224,HRV,87,3,13988810,g4/13mA/13mA,80,94,0,17
8.224,HRV,88,0,15140981,g5/13mA/13mA,80,94,0,17
8.224,HRV,88,1,14742581,g4/13mA/13mA,80,94,0,17
8.224,HRV,88,2,12553301,g4/13mA/13mA,80,94,0,17
8.224,HRV,88,3,13988674,g4/13mA/13mA,80,94,0,17
8.224,HRV,89,0,15139872,g5/13mA/13mA,80,94,0,17
8.224,HRV,89,1,14742155,g4/13mA/13mA,80,94,0,17
8.224,HRV,89,2,12552737,g4/13mA/13mA,80,94,0,17
8.224,HRV,89,3,13988213,g4/13mA/13mA,80,94,0,17
8.224,HRV,90,0,15138653,g5/13mA/13mA,80,94,0,17
8.224,HRV,90,1,14741113,g4/13mA/13mA,80,94,0,17
8.224,HRV,90,2,12551943,g4/13mA/13mA,80,94,0,17
8.224,HRV,90,3,13987386,g4/13mA/13mA,80,94,0,17
8.224,HRV,91,0,15141613,g5/13mA/13mA,80,94,0,17
8.224,HRV,91,1,14743299,g4/13mA/13mA,80,94,0,17
8.224,HRV,91,2,12553675,g4/13mA/13mA,80,94,0,17
8.224,HRV,91,3,13989330,g4/13mA/13mA,80,94,0,17
8.285,HRV,92,0,15141852,g5/13mA/13mA,80,94,0,17
8.285,HRV,92,1,14743017,g4/13mA/13mA,80,94,0,17
8.285,HRV,92,2,12553513,g4/13mA/13mA,80,94,0,17
8.285,HRV,92,3,13989015,g4/13mA/13mA,80,94,0,17
8.314,SPO2,59,0,12975512,g1/60mA/0mA,80,94,0,17
8.314,SPO2,59,1,12229676,g1/25mA/0mA,80,94,0,17
8.314,SPO2,60,0,12975749,g1/60mA/0mA,80,94,0,17
8.314,SPO2,60,1,12229832,g1/25mA/0mA,80,94,0,17
8.314,SPO2,61,0,12975260,g1/60mA/0mA,80,94,0,17
8.314,SPO2,61,1,12229653,g1/25mA/0mA,80,94,0,17
8.314,SPO2,62,0,12976906,g1/60mA/0mA,80,94,0,17
8.314,SPO2,62,1,12230518,g1/25mA/0mA,80,94,0,17
8.314,SPO2,63,0,12975478,g1/60mA/0mA,80,94,0,17
8.314,SPO2,63,1,12229966,g1/25mA/0mA,80,94,0,17
8.314,SPO2,64,0,12975764,g1/60mA/0mA,80,94,0,25
8.314,SPO2,64,1,12229965,g1/25mA/0mA,80,94,0,25
8.766,SPO2,65,0,12975816,g1/60mA/0mA,80,94,0,25
8.766,SPO2,65,1,12230007,g1/25mA/0mA,80,94,0,25
8.766,SPO2,66,0,12975864,g1/60mA/0mA,80,94,0,25
8.766,SPO2,66,1,12229906,g1/25mA/0mA,80,94,0,25
8.766,SPO2,67,0,12975678,g1/60mA/0mA,80,94,0,25
8.766,SPO2,67,1,12229772,g1/25mA/0mA,80,94,0,25
8.766,SPO2,68,0,12975381,g1/60mA/0mA,80,94,0,25
8.766,SPO2,68,1,12229604,g1/25mA/0mA,80,94,0,25
8.766,SPO2,69,0,12976230,g1/60mA/0mA,80,94,0,25
8.767,SPO2,69,1,12230072,g1/25mA/0mA,80,94,0,25
8.767,SPO2,70,0,12975362,g1/60mA/0mA,80,94,0,25
8.767,SPO2,70,1,12229811,g1/25mA/0mA,80,94,0,25
8.767,SPO2,71,0,12974972,g1/60mA/0mA,80,94,0,25
8.767,SPO2,71,1,12229526,g1/25mA/0mA,80,94,0,25
8.767,SPO2,72,0,12975099,g1/60mA/0mA,80,94,0,25
8.767,SPO2,72,1,12229784,g1/25mA/0mA,80,94,0,25
8.794,SPO2,73,0,12975846,g1/60mA/0mA,80,94,0,25
8.794,SPO2,73,1,12229845,g1/25mA/0mA,80,94,0,25
8.794,SPO2,74,0,12975733,g1/60mA/0mA,80,94,0,25
8.794,SPO2,74,1,12230035,g1/25mA/0mA,80,94,0,25
8.794,SPO2,75,0,12975267,g1/60mA/0mA,80,94,0,25
8.794,SPO2,75,1,12229568,g1/25mA/0mA,80,94,0,25
8.794,SPO2,76,0,12976055,g1/60mA/0mA,80,94,0,25
8.794,SPO2,76,1,12229968,g1/25mA/0mA,80,94,0,25
8.794,SPO2,77,0,12975524,g1/60mA/0mA,80,94,0,25
8.794,SPO2,77,1,12229825,g1/25mA/0mA,80,94,0,25
8.794,SPO2,78,0,12976234,g1/60mA/0mA,80,94,0,25
8.794,SPO2,78,1,12230078,g1/25mA/0mA,80,94,0,25
8.794,SPO2,79,0,12975439,g1/60mA/0mA,80,94,0,25
8.794,SPO2,79,1,12229941,g1/25mA/0mA,80,94,0,25
8.826,SPO2,80,0,12975940,g1/60mA/0mA,80,94,0,25
8.826,SPO2,80,1,12230030,g1/25mA/0mA,80,94,0,25
8.826,SPO2,81,0,12976701,g1/60mA/0mA,80,94,0,25
8.826,SPO2,81,1,12230387,g1/25mA/0mA,80,94,0,25
8.826,SPO2,82,0,12975388,g1/60mA/0mA,80,94,0,25
8.826,SPO2,82,1,12229571,g1/25mA/0mA,80,94,0,25
8.826,SPO2,83,0,12978167,g1/60mA/0mA,80,94,0,25
8.826,SPO2,83,1,12231121,g1/25mA/0mA,80,94,0,25
8.826,SPO2,84,0,12974534,g1/60mA/0mA,80,94,0,25
8.826,SPO2,84,1,12229146,g1/25mA/0mA,80,94,0,25
8.826,SPO2,85,0,12976758,g1/60mA/0mA,80,94,0,25
8.826,SPO2,85,1,12230303,g1/25mA/0mA,80,94,0,25
8.826,SPO2,86,0,12975033,g1/60mA/0mA,80,94,0,25
8.826,SPO2,86,1,12229607,g1/25mA/0mA,80,94,0,25
8.826,SPO2,87,0,12975840,g1/60mA/0mA,80,94,0,25
8.826,SPO2,87,1,12229960,g1/25mA/0mA,80,94,0,25
8.886,SPO2,88,0,12975744,g1/60mA/0mA,80,94,0,25
8.886,SPO2,88,1,12229888,g1/25mA/0mA,80,94,0,25
8.886,SPO2,89,0,12975056,g1/60mA/0mA,80,94,0,18
8.886,SPO2,89,1,12229556,g1/25mA/0mA,80,94,0,18
8.886,SPO2,90,0,12974431,g1/60mA/0mA,80,94,0,18
8.886,SPO2,90,1,12229515,g1/25mA/0mA,80,94,0,18
8.886,SPO2,91,0,12976260,g1/60mA/0mA,80,94,0,18
8.886,SPO2,91,1,12230239,g1/25mA/0mA,80,94,0,18
8.886,SPO2,92,0,12976121,g1/60mA/0mA,80,94,0,18
8.886,SPO2,92,1,12229980,g1/25mA/0mA,80,94,0,18
8.916,HR,93,0,15141100,g5/13mA/13mA,80,94,0,18
8.916,HR,93,1,14742750,g4/13mA/13mA,80,94,0,18
8.916,HR,93,2,12553358,g4/13mA/13mA,80,94,0,18
8.916,HR,93,3,13988795,g4/13mA/13mA,80,94,0,18
8.916,HR,94,0,15140828,g5/13mA/13mA,80,94,0,18
8.916,HR,94,1,14742735,g4/13mA/13mA,80,94,0,18
8.916,HR,94,2,12553488,g4/13mA/13mA,80,94,0,18
8.916,HR,94,3,13988546,g4/13mA/13mA,80,94,0,18
8.916,HR,95,0,15138694,g5/13mA/13mA,80,94,0,18
8.916,HR,95,1,14741248,g4/13mA/13mA,80,94,0,18
8.916,HR,95,2,12552081,g4/13mA/13mA,80,94,0,18
8.916,HR,95,3,13987515,g4/13mA/13mA,80,94,0,18
8.916,HR,96,0,15142456,g5/13mA/13mA,80,94,0,18
8.916,HR,96,1,14743314,g4/13mA/13mA,80,94,0,18
8.916,HR,96,2,12553802,g4/13mA/13mA,80,94,0,18
8.916,HR,96,3,13989178,g4/13mA/13mA,80,94,0,18
8.916,HR,97,0,15139514,g5/13mA/13mA,80,94,0,18
8.916,HR,97,1,14742043,g4/13mA/13mA,80,94,0,18
8.916,HR,97,2,12552499,g4/13mA/13mA,80,94,0,18
8.916,HR,97,3,13987880,g4/13mA/13mA,80,94,0,18
8.916,HR,98,0,15140948,g5/13mA/13mA,80,94,0,18
8.916,HR,98,1,14742393,g4/13mA/13mA,80,94,0,18
8.916,HR,98,2,12553196,g4/13mA/13mA,80,94,0,18
8.916,HR,98,3,13988709,g4/13mA/13mA,80,94,0,18
8.977,HR,99,0,15142858,g5/13mA/13mA,80,94,0,18
8.977,HR,99,1,14743920,g4/13mA/13mA,80,94,0,18
8.977,HR,99,2,12554434,g4/13mA/13mA,80,94,0,18
8.977,HR,99,3,13989944,g4/13mA/13mA,80,94,0,18
8.977,HR,100,0,15142636,g5/13mA/13mA,80,94,0,18
8.977,HR,100,1,14743476,g4/13mA/13mA,80,94,0,18
8.977,HR,100,2,12553922,g4/13mA/13mA,80,94,0,18
8.977,HR,100,3,13989304,g4/13mA/13mA,80,94,0,18
8.977,HR,101,0,15140162,g5/13mA/13mA,80,94,0,18
8.977,HR,101,1,14742351,g4/13mA/13mA,80,94,0,18
8.977,HR,101,2,12552719,g4/13mA/13mA,80,94,0,18
8.977,HR,101,3,13988461,g4/13mA/13mA,80,94,0,18
8.977,HR,102,0,15141468,g5/13mA/13mA,80,94,0,18
8.977,HR,102,1,14742998,g4/13mA/13mA,80,94,0,18
8.977,HR,102,2,12553640,g4/13mA/13mA,80,94,0,18
8.977,HR,102,3,13989067,g4/13mA/13mA,80,94,0,18
8.977,HR,103,0,15141477,g5/13mA/13mA,80,94,0,18
8.977,HR,103,1,14742760,g4/13mA/13mA,80,94,0,18
8.977,HR,103,2,12553233,g4/13mA/13mA,80,94,0,18
8.977,HR,103,3,13988768,g4/13mA/13mA,80,94,0,18
8.977,HR,104,0,15141186,g5/13mA/13mA,80,94,0,18
8.977,HR,104,1,14742743,g4/13mA/13mA,80,94,0,18
8.977,HR,104,2,12553207,g4/13mA/13mA,80,94,0,18
8.977,HR,104,3,13988803,g4/13mA/13mA,80,94,0,18
9.067,HR,105,0,15140607,g5/13mA/13mA,80,94,0,18
9.067,HR,105,1,14742376,g4/13mA/13mA,80,94,0,18
9.067,HR,105,2,12553128,g4/13mA/13mA,80,94,0,18
9.067,HR,105,3,13988588,g4/13mA/13mA,80,94,0,18
9.067,HR,106,0,15140871,g5/13mA/13mA,80,94,0,18
9.067,HR,106,1,14742531,g4/13mA/13mA,80,94,0,18
9.067,HR,106,2,12553105,g4/13mA/13mA,80,94,0,18
9.067,HR,106,3,13988656,g4/13mA/13mA,80,94,0,18
9.067,HR,107,0,15140667,g5/13mA/13mA,80,94,0,18
9.067,HR,107,1,14742384,g4/13mA/13mA,80,94,0,18
9.067,HR,107,2,12553267,g4/13mA/13mA,80,94,0,18
9.067,HR,107,3,13988581,g4/13mA/13mA,80,94,0,18
9.067,HR,108,0,15141775,g5/13mA/13mA,80,94,0,18
9.067,HR,108,1,14742878,g4/13mA/13mA,80,94,0,18
9.067,HR,108,2,12553504,g4/13mA/13mA,80,94,0,18
9.067,HR,108,3,13988964,g4/13mA/13mA,80,94,0,18
9.067,HR,109,0,15138874,g5/13mA/13mA,80,94,0,18
9.067,HR,109,1,14741308,g4/13mA/13mA,80,94,0,18
9.067,HR,109,2,12552122,g4/13mA/13mA,80,94,0,18
9.067,HR,109,3,13987658,g4/13mA/13mA,80,94,0,18
9.067,HR,110,0,15141126,g5/13mA/13mA,80,94,0,18
9.067,HR,110,1,14742538,g4/13mA/13mA,80,94,0,18
9.067,HR,110,2,12553317,g4/13mA/13mA,80,94,0,18
9.067,HR,110,3,13988820,g4/13mA/13mA,80,94,0,18
9.068,HR,111,0,15141126,g5/13mA/13mA,80,94,0,18
9.068,HR,111,1,14742214,g4/13mA/13mA,80,94,0,18
9.068,HR,111,2,12553189,g4/13mA/13mA,80,94,0,18
9.068,HR,111,3,13988795,g4/13mA/13mA,80,94,0,18
9.068,HR,112,0,15140539,g5/13mA/13mA,80,94,0,18
9.068,HR,112,1,14742238,g4/13mA/13mA,80,94,0,18
9.068,HR,112,2,12553078,g4/13mA/13mA,80,94,0,18
9.068,HR,112,3,13988366,g4/13mA/13mA,80,94,0,18
9.068,HR,113,0,15139949,g5/13mA/13mA,80,94,0,18
9.068,HR,113,1,14741745,g4/13mA/13mA,80,94,0,18
9.068,HR,113,2,12552523,g4/13mA/13mA,80,94,0,18
9.068,HR,113,3,13988641,g4/13mA/13mA,80,94,0,18
9.068,HR,114,0,15141571,g5/13mA/13mA,80,95,0,18
9.068,HR,114,1,14743101,g4/13mA/13mA,80,95,0,18
9.068,HR,114,2,12553692,g4/13mA/13mA,80,95,0,18
9.068,HR,114,3,13989153,g4/13mA/13mA,80,95,0,18
9.068,HR,115,0,15141307,g5/13mA/13mA,80,95,0,18
9.068,HR,115,1,14743273,g4/13mA/13mA,80,95,0,18
9.068,HR,115,2,12553351,g4/13mA/13mA,80,95,0,18
9.068,HR,115,3,13989210,g4/13mA/13mA,80,95,0,18
9.093,HR,116,0,15141255,g5/13mA/13mA,80,95,0,18
9.093,HR,116,1,14742555,g4/13mA/13mA,80,95,0,18
9.093,HR,116,2,12553001,g4/13mA/13mA,80,95,0,18
9.093,HR,116,3,13988803,g4/13mA/13mA,80,95,0,18
9.093,HR,117,0,15140855,g5/13mA/13mA,80,95,0,18
9.093,HR,117,1,14742750,g4/13mA/13mA,80,95,0,18
9.093,HR,117,2,12553342,g4/13mA/13mA,80,95,0,18
9.093,HR,117,3,13988863,g4/13mA/13mA,80,95,0,18
9.093,HR,118,0,15138250,g5/13mA/13mA,80,95,0,18
9.093,HR,118,1,14741011,g4/13mA/13mA,80,95,0,18
9.093,HR,118,2,12551806,g4/13mA/13mA,80,95,0,18
9.093,HR,118,3,13987147,g4/13mA/13mA,80,95,0,18
9.093,HR,119,0,15142268,g5/13mA/13mA,80,95,0,18
9.093,HR,119,1,14743110,g4/13mA/13mA,80,95,0,18
9.093,HR,119,2,12553769,g4/13mA/13mA,80,95,0,18
9.093,HR,119,3,13989315,g4/13mA/13mA,80,95,0,18
9.093,HR,120,0,15141928,g5/13mA/13mA,80,95,0,18
9.093,HR,120,1,14743468,g4/13mA/13mA,80,95,0,18
9.093,HR,120,2,12553777,g4/13mA/13mA,80,95,0,18
9.093,HR,120,3,13989348,g4/13mA/13mA,80,95,0,18
9.093,HR,121,0,15141954,g5/13mA/13mA,80,95,0,18
9.093,HR,121,1,14742998,g4/13mA/13mA,80,95,0,18
9.093,HR,121,2,12553504,g4/13mA/13mA,80,95,0,18
9.093,HR,121,3,13989032,g4/13mA/13mA,80,95,0,18
9.126,HR,122,0,15141553,g5/13mA/13mA,80,95,0,18
9.126,HR,122,1,14743401,g4/13mA/13mA,80,95,0,18
9.126,HR,122,2,12553606,g4/13mA/13mA,80,95,0,18
9.126,HR,122,3,13988829,g4/13mA/13mA,80,95,0,18
9.126,HR,123,0,15140102,g5/13mA/13mA,80,95,0,18
9.126,HR,123,1,14742231,g4/13mA/13mA,80,95,0,18
9.126,HR,123,2,12552899,g4/13mA/13mA,80,95,0,18
9.126,HR,123,3,13988325,g4/13mA/13mA,80,95,0,18
9.126,HR,124,0,15143216,g5/13mA/13mA,80,95,0,18
9.126,HR,124,1,14743877,g4/13mA/13mA,80,95,0,18
9.126,HR,124,2,12554254,g4/13mA/13mA,80,95,0,18
9.126,HR,124,3,13989723,g4/13mA/13mA,80,95,0,18
9.126,HR,125,0,15139139,g5/13mA/13mA,80,95,0,18
9.126,HR,125,1,14741387,g4/13mA/13mA,80,95,0,18
9.126,HR,125,2,12552130,g4/13mA/13mA,80,95,0,18
9.126,HR,125,3,13987718,g4/13mA/13mA,80,95,0,18
9.126,HR,126,0,15142901,g5/13mA/13mA,80,95,0,18
9.126,HR,126,1,14743741,g4/13mA/13mA,80,95,0,18
9.126,HR,126,2,12554161,g4/13mA/13mA,80,95,0,18
9.126,HR,126,3,13989595,g4/13mA/13mA,80,95,0,18
9.154,HRV,93,0,15141100,g5/13mA/13mA,80,95,0,18
9.154,HRV,93,1,14742750,g4/13mA/13mA,80,95,0,18
9.154,HRV,93,2,12553358,g4/13mA/13mA,80,95,0,18
9.154,HRV,93,3,13988795,g4/13mA/13mA,80,95,0,18
9.154,HRV,94,0,15140828,g5/13mA/13mA,80,95,0,18
9.154,HRV,94,1,14742735,g4/13mA/13mA,80,95,0,18
9.154,HRV,94,2,12553488,g4/13mA/13mA,80,95,0,18
9.154,HRV,94,3,13988546,g4/13mA/13mA,80,95,0,18
9.154,HRV,95,0,15138694,g5/13mA/13mA,80,95,0,18
9.154,HRV,95,1,14741248,g4/13mA/13mA,80,95,0,18
9.154,HRV,95,2,12552081,g4/13mA/13mA,80,95,0,18
9.154,HRV,95,3,13987515,g4/13mA/13mA,80,95,0,18
9.154,HRV,96,0,15142456,g5/13mA/13mA,80,95,0,18
9.154,HRV,96,1,14743314,g4/13mA/13mA,80,95,0,18
9.154,HRV,96,2,12553802,g4/13mA/13mA,80,95,0,18
9.154,HRV,96,3,13989178,g4/13mA/13mA,80,95,0,18
9.154,HRV,97,0,15139514,g5/13mA/13mA,80,95,0,18
9.154,HRV,97,1,14742043,g4/13mA/13mA,80,95,0,18
9.154,HRV,97,2,12552499,g4/13mA/13mA,80,95,0,18
9.154,HRV,97,3,13987880,g4/13mA/13mA,80,95,0,18
9.155,HRV,98,0,15140948,g5/13mA/13mA,80,95,0,18
9.155,HRV,98,1,14742393,g4/13mA/13mA,80,95,0,18
9.155,HRV,98,2,12553196,g4/13mA/13mA,80,95,0,18
9.155,HRV,98,3,13988709,g4/13mA/13mA,80,95,0,18
9.217,HRV,99,0,15142858,g5/13mA/13mA,80,95,0,18
9.217,HRV,99,1,14743920,g4/13mA/13mA,80,95,0,18
9.217,HRV,99,2,12554434,g4/13mA/13mA,80,95,0,18
9.217,HRV,99,3,13989944,g4/13mA/13mA,80,95,0,18
9.217,HRV,100,0,15142636,g5/13mA/13mA,80,95,0,18
9.217,HRV,100,1,14743476,g4/13mA/13mA,80,95,0,18
9.217,HRV,100,2,12553922,g4/13mA/13mA,80,95,0,18
9.217,HRV,100,3,13989304,g4/13mA/13mA,80,95,0,18
9.217,HRV,101,0,15140162,g5/13mA/13mA,80,95,0,18
9.217,HRV,101,1,14742351,g4/13mA/13mA,80,95,0,18
9.217,HRV,101,2,12552719,g4/13mA/13mA,80,95,0,18
9.217,HRV,101,3,13988461,g4/13mA/13mA,80,95,0,18
9.217,HRV,102,0,15141468,g5/13mA/13mA,80,95,0,18
9.217,HRV,102,1,14742998,g4/13mA/13mA,80,95,0,18
9.217,HRV,102,2,12553640,g4/13mA/13mA,80,95,0,18
9.217,HRV,102,3,13989067,g4/13mA/13mA,80,95,0,18
9.217,HRV,103,0,15141477,g5/13mA/13mA,80,95,0,18
9.217,HRV,103,1,14742760,g4/13mA/13mA,80,95,0,18
9.217,HRV,103,2,12553233,g4/13mA/13mA,80,95,0,18
9.217,HRV,103,3,13988768,g4/13mA/13mA,80,95,0,18
9.217,HRV,104,0,15141186,g5/13mA/13mA,80,95,0,18
9.217,HRV,104,1,14742743,g4/13mA/13mA,80,95,0,18
9.217,HRV,104,2,12553207,g4/13mA/13mA,80,95,0,18
9.217,HRV,104,3,13988803,g4/13mA/13mA,80,95,0,18
9.245,HRV,105,0,15140607,g5/13mA/13mA,80,95,0,18
9.245,HRV,105,1,14742376,g4/13mA/13mA,80,95,0,18
9.245,HRV,105,2,12553128,g4/13mA/13mA,80,95,0,18
9.245,HRV,105,3,13988588,g4/13mA/13mA,80,95,0,18
9.245,HRV,106,0,15140871,g5/13mA/13mA,80,95,0,18
9.245,HRV,106,1,14742531,g4/13mA/13mA,80,95,0,18
9.245,HRV,106,2,12553105,g4/13mA/13mA,80,95,0,18
9.245,HRV,106,3,13988656,g4/13mA/13mA,80,95,0,18
9.245,HRV,107,0,15140667,g5/13mA/13mA,80,95,0,18
9.245,HRV,107,1,14742384,g4/13mA/13mA,80,95,0,18
9.245,HRV,107,2,12553267,g4/13mA/13mA,80,95,0,18
9.245,HRV,107,3,13988581,g4/13mA/13mA,80,95,0,18
9.245,HRV,108,0,15141775,g5/13mA/13mA,80,95,0,18
9.245,HRV,108,1,14742878,g4/13mA/13mA,80,95,0,18
9.245,HRV,108,2,12553504,g4/13mA/13mA,80,95,0,18
9.245,HRV,108,3,13988964,g4/13mA/13mA,80,95,0,18
9.245,HRV,109,0,15138874,g5/13mA/13mA,80,95,0,18
9.245,HRV,109,1,14741308,g4/13mA/13mA,80,95,0,18
9.245,HRV,109,2,12552122,g4/13mA/13mA,80,95,0,18
9.245,HRV,109,3,13987658,g4/13mA/13mA,80,95,0,18
9.245,HRV,110,0,15141126,g5/13mA/13mA,80,95,0,18
9.245,HRV,110,1,14742538,g4/13mA/13mA,80,95,0,18
9.245,HRV,110,2,12553317,g4/13mA/13mA,80,95,0,18
9.245,HRV,110,3,13988820,g4/13mA/13mA,80,95,0,18
9.274,HRV,111,0,15141126,g5/13mA/13mA,80,95,0,18
9.274,HRV,111,1,14742214,g4/13mA/13mA,80,95,0,18
9.274,HRV,111,2,12553189,g4/13mA/13mA,80,95,0,18
9.274,HRV,111,3,13988795,g4/13mA/13mA,80,95,0,18
9.274,HRV,112,0,15140539,g5/13mA/13mA,80,95,0,18
9.274,HRV,112,1,14742238,g4/13mA/13mA,80,95,0,18
9.274,HRV,112,2,12553078,g4/13mA/13mA,80,95,0,18
9.274,HRV,112,3,13988366,g4/13mA/13mA,80,95,0,18
9.274,HRV,113,0,15139949,g5/13mA/13mA,80,95,0,18
9.274,HRV,113,1,14741745,g4/13mA/13mA,80,95,0,18
9.274,HRV,113,2,12552523,g4/13mA/13mA,80,95,0,18
9.274,HRV,113,3,13988641,g4/13mA/13mA,80,95,0,18
9.274,HRV,114,0,15141571,g5/13mA/13mA,80,95,0,18
9.274,HRV,114,1,14743101,g4/13mA/13mA,80,95,0,18
9.274,HRV,114,2,12553692,g4/13mA/13mA,80,95,0,18
9.274,HRV,114,3,13989153,g4/13mA/13mA,80,95,0,18
9.274,HRV,115,0,15141307,g5/13mA/13mA,80,95,0,18
9.274,HRV,115,1,14743273,g4/13mA/13mA,80,95,0,18
9.274,HRV,115,2,12553351,g4/13mA/13mA,80,95,0,18
9.274,HRV,115,3,13989210,g4/13mA/13mA,80,95,0,18
9.363,HRV,116,0,15141255,g5/13mA/13mA,80,95,0,18
9.364,HRV,116,1,14742555,g4/13mA/13mA,80,95,0,18
9.364,HRV,116,2,12553001,g4/13mA/13mA,80,95,0,18
9.364,HRV,116,3,13988803,g4/13mA/13mA,80,95,0,18
9.364,HRV,117,0,15140855,g5/13mA/13mA,80,95,0,18
9.364,HRV,117,1,14742750,g4/13mA/13mA,80,95,0,18
9.364,HRV,117,2,12553342,g4/13mA/13mA,80,95,0,18
9.364,HRV,117,3,13988863,g4/13mA/13mA,80,95,0,18
9.364,HRV,118,0,15138250,g5/13mA/13mA,80,95,0,18
9.364,HRV,118,1,14741011,g4/13mA/13mA,80,95,0,18
9.364,HRV,118,2,12551806,g4/13mA/13mA,80,95,0,18
9.364,HRV,118,3,13987147,g4/13mA/13mA,80,95,0,18
9.364,HRV,119,0,15142268,g5/13mA/13mA,80,95,0,18
9.364,HRV,119,1,14743110,g4/13mA/13mA,80,95,0,18
9.364,HRV,119,2,12553769,g4/13mA/13mA,80,95,0,18
9.364,HRV,119,3,13989315,g4/13mA/13mA,80,95,0,18
9.364,HRV,120,0,15141928,g5/13mA/13mA,80,95,0,18
9.364,HRV,120,1,14743468,g4/13mA/13mA,80,95,0,18
9.364,HRV,120,2,12553777,g4/13mA/13mA,80,95,0,18
9.364,HRV,120,3,13989348,g4/13mA/13mA,80,95,0,18
9.364,HRV,121,0,15141954,g5/13mA/13mA,80,95,0,18
9.364,HRV,121,1,14742998,g4/13mA/13mA,80,95,0,18
9.364,HRV,121,2,12553504,g4/13mA/13mA,80,95,0,18
9.364,HRV,121,3,13989032,g4/13mA/13mA,80,95,0,18
9.368,HRV,122,0,15141553,g5/13mA/13mA,80,95,0,18
9.368,HRV,122,1,14743401,g4/13mA/13mA,80,95,0,18
9.368,HRV,122,2,12553606,g4/13mA/13mA,80,95,0,18
9.368,HRV,122,3,13988829,g4/13mA/13mA,80,95,0,18
9.368,HRV,123,0,15140102,g5/13mA/13mA,80,95,0,18
9.368,HRV,123,1,14742231,g4/13mA/13mA,80,95,0,18
9.368,HRV,123,2,12552899,g4/13mA/13mA,80,95,0,18
9.368,HRV,123,3,13988325,g4/13mA/13mA,80,95,0,18
9.368,HRV,124,0,15143216,g5/13mA/13mA,80,95,0,18
9.368,HRV,124,1,14743877,g4/13mA/13mA,80,95,0,18
9.368,HRV,124,2,12554254,g4/13mA/13mA,80,95,0,18
9.368,HRV,124,3,13989723,g4/13mA/13mA,80,95,0,18
9.368,HRV,125,0,15139139,g5/13mA/13mA,80,95,0,18
9.368,HRV,125,1,14741387,g4/13mA/13mA,80,95,0,18
9.368,HRV,125,2,12552130,g4/13mA/13mA,80,95,0,18
9.368,HRV,125,3,13987718,g4/13mA/13mA,80,95,0,18
9.368,HRV,126,0,15142901,g5/13mA/13mA,80,95,0,18
9.368,HRV,126,1,14743741,g4/13mA/13mA,80,95,0,18
9.368,HRV,126,2,12554161,g4/13mA/13mA,80,95,0,18
9.368,HRV,126,3,13989595,g4/13mA/13mA,80,95,0,18
9.394,SPO2,93,0,12976143,g1/60mA/0mA,80,95,0,18
9.394,SPO2,93,1,12230441,g1/25mA/0mA,80,95,0,18
9.394,SPO2,94,0,12975804,g1/60mA/0mA,80,95,0,18
9.394,SPO2,94,1,12229987,g1/25mA/0mA,80,95,0,18
9.394,SPO2,95,0,12975407,g1/60mA/0mA,80,95,0,18
9.394,SPO2,95,1,12230425,g1/25mA/0mA,80,95,0,18
9.394,SPO2,96,0,12976617,g1/60mA/0mA,80,95,0,18
9.394,SPO2,96,1,12230369,g1/25mA/0mA,80,95,0,18
9.394,SPO2,97,0,12974612,g1/60mA/0mA,80,95,0,18
9.394,SPO2,97,1,12229379,g1/25mA/0mA,80,95,0,18
9.394,SPO2,98,0,12975801,g1/60mA/0mA,80,95,0,18
9.394,SPO2,98,1,12230137,g1/25mA/0mA,80,95,0,18
9.394,SPO2,99,0,12977136,g1/60mA/0mA,80,95,0,18
9.394,SPO2,99,1,12230596,g1/25mA/0mA,80,95,0,18
9.456,SPO2,100,0,12976801,g1/60mA/0mA,80,95,0,18
9.456,SPO2,100,1,12230233,g1/25mA/0mA,80,95,0,18
9.456,SPO2,101,0,12974915,g1/60mA/0mA,80,95,0,18
9.456,SPO2,101,1,12229400,g1/25mA/0mA,80,95,0,18
9.457,SPO2,102,0,12976143,g1/60mA/0mA,80,95,0,18
9.457,SPO2,102,1,12230207,g1/25mA/0mA,80,95,0,18
9.457,SPO2,103,0,12976128,g1/60mA/0mA,80,95,0,18
9.457,SPO2,103,1,12230077,g1/25mA/0mA,80,95,0,18
9.457,SPO2,104,0,12975787,g1/60mA/0mA,80,95,0,18
9.457,SPO2,104,1,12229826,g1/25mA/0mA,80,95,0,18
9.457,SPO2,105,0,12975229,g1/60mA/0mA,80,95,0,18
9.457,SPO2,105,1,12229592,g1/25mA/0mA,80,95,0,18
9.457,SPO2,106,0,12975738,g1/60mA/0mA,80,95,0,18
9.457,SPO2,106,1,12229879,g1/25mA/0mA,80,95,0,18
9.457,SPO2,107,0,12975453,g1/60mA/0mA,80,95,0,18
9.457,SPO2,107,1,12229658,g1/25mA/0mA,80,95,0,18
9.485,SPO2,108,0,12976082,g1/60mA/0mA,80,95,0,18
9.485,SPO2,108,1,12229983,g1/25mA/0mA,80,95,0,18
9.485,SPO2,109,0,12974688,g1/60mA/0mA,80,95,0,18
9.485,SPO2,109,1,12229492,g1/25mA/0mA,80,95,0,18
9.485,SPO2,110,0,12975475,g1/60mA/0mA,80,95,0,18
9.485,SPO2,110,1,12229447,g1/25mA/0mA,80,95,0,18
9.485,SPO2,111,0,12975997,g1/60mA/0mA,80,95,0,18
9.485,SPO2,111,1,12230110,g1/25mA/0mA,80,95,0,18
9.485,SPO2,112,0,12975024,g1/60mA/0mA,80,95,0,18
9.485,SPO2,112,1,12229224,g1/25mA/0mA,80,95,0,18
9.485,SPO2,113,0,12975887,g1/60mA/0mA,80,95,0,18
9.485,SPO2,113,1,12230300,g1/25mA/0mA,80,95,0,18
9.515,SPO2,114,0,12976097,g1/60mA/0mA,80,95,0,18
9.515,SPO2,114,1,12230038,g1/25mA/0mA,80,95,0,18
9.515,SPO2,115,0,12976395,g1/60mA/0mA,80,95,0,18
9.515,SPO2,115,1,12230245,g1/25mA/0mA,80,95,0,18
9.515,SPO2,116,0,12976008,g1/60mA/0mA,80,95,0,18
9.515,SPO2,116,1,12230159,g1/25mA/0mA,80,95,0,18
9.515,SPO2,117,0,12975704,g1/60mA/0mA,80,95,0,18
9.515,SPO2,117,1,12229826,g1/25mA/0mA,80,95,0,18
9.515,SPO2,118,0,12974271,g1/60mA/0mA,80,95,0,18
9.515,SPO2,118,1,12229492,g1/25mA/0mA,80,95,0,18
9.515,SPO2,119,0,12976181,g1/60mA/0mA,80,95,0,18
9.515,SPO2,119,1,12229946,g1/25mA/0mA,80,95,0,18
9.578,SPO2,120,0,12976580,g1/60mA/0mA,80,95,0,18
9.578,SPO2,120,1,12230407,g1/25mA/0mA,80,95,0,18
9.578,SPO2,121,0,12976308,g1/60mA/0mA,80,95,0,18
9.578,SPO2,121,1,12230092,g1/25mA/0mA,80,95,0,18
9.578,SPO2,122,0,12976019,g1/60mA/0mA,80,95,0,18
9.578,SPO2,122,1,12230095,g1/25mA/0mA,80,95,0,18
9.578,SPO2,123,0,12975589,g1/60mA/0mA,80,95,0,18
9.578,SPO2,123,1,12229946,g1/25mA/0mA,80,95,0,18
9.578,SPO2,124,0,12976947,g1/60mA/0mA,80,95,0,18
9.578,SPO2,124,1,12230504,g1/25mA/0mA,80,95,0,18
9.578,SPO2,125,0,12974413,g1/60mA/0mA,80,95,0,18
9.578,SPO2,125,1,12229299,g1/25mA/0mA,80,95,0,18
9.578,SPO2,126,0,12976998,g1/60mA/0mA,80,95,0,18
9.578,SPO2,126,1,12230456,g1/25mA/0mA,80,95,0,18
10.085,HR,127,0,15141946,g5/13mA/13mA,80,95,0,18
10.085,HR,127,1,14743119,g4/13mA/13mA,80,95,0,18
10.085,HR,127,2,12553606,g4/13mA/13mA,80,95,0,18
10.085,HR,127,3,13989160,g4/13mA/13mA,80,95,0,18
10.085,HR,128,0,15143012,g5/13mA/13mA,80,95,0,18
10.085,HR,128,1,14743774,g4/13mA/13mA,80,95,0,18
10.085,HR,128,2,12554212,g4/13mA/13mA,80,95,0,18
10.085,HR,128,3,13989808,g4/13mA/13mA,80,95,0,18
10.085,HR,129,0,15140034,g5/13mA/13mA,80,95,0,18
10.085,HR,129,1,14742000,g4/13mA/13mA,80,95,0,18
10.085,HR,129,2,12552439,g4/13mA/13mA,80,95,0,18
10.085,HR,129,3,13988178,g4/13mA/13mA,80,95,0,18
10.085,HR,130,0,15142140,g5/13mA/13mA,80,95,0,18
10.085,HR,130,1,14743221,g4/13mA/13mA,80,95,0,18
10.085,HR,130,2,12553648,g4/13mA/13mA,80,95,0,18
10.085,HR,130,3,13989273,g4/13mA/13mA,80,95,0,18
10.085,HR,131,0,15142689,g5/13mA/13mA,80,95,0,18
10.085,HR,131,1,14743945,g4/13mA/13mA,80,95,0,18
10.085,HR,131,2,12554469,g4/13mA/13mA,80,95,0,18
10.085,HR,131,3,13989784,g4/13mA/13mA,80,95,0,18
10.147,HR,132,0,15140460,g5/13mA/13mA,80,95,0,18
10.147,HR,132,1,14742291,g4/13mA/13mA,80,95,0,18
10.147,HR,132,2,12552967,g4/13mA/13mA,80,95,0,18
10.147,HR,132,3,13988572,g4/13mA/13mA,80,95,0,18
10.147,HR,133,0,15141631,g5/13mA/13mA,80,95,0,18
10.147,HR,133,1,14743066,g4/13mA/13mA,80,95,0,18
10.147,HR,133,2,12553479,g4/13mA/13mA,80,95,0,18
10.147,HR,133,3,13989195,g4/13mA/13mA,80,95,0,18
10.147,HR,134,0,15139240,g5/13mA/13mA,80,95,0,18
10.147,HR,134,1,14741677,g4/13mA/13mA,80,95,0,18
10.147,HR,134,2,12552088,g4/13mA/13mA,80,95,0,18
10.147,HR,134,3,13987897,g4/13mA/13mA,80,95,0,18
10.147,HR,135,0,15140821,g5/13mA/13mA,80,95,0,18
10.147,HR,135,1,14742061,g4/13mA/13mA,80,95,0,18
10.147,HR,135,2,12553121,g4/13mA/13mA,80,95,0,18
10.147,HR,135,3,13988299,g4/13mA/13mA,80,95,0,18
10.147,HR,136,0,15141375,g5/13mA/13mA,80,95,0,18
10.147,HR,136,1,14742606,g4/13mA/13mA,80,95,0,18
10.147,HR,136,2,12553666,g4/13mA/13mA,80,95,0,18
10.147,HR,136,3,13989255,g4/13mA/13mA,80,95,0,18
10.147,HR,137,0,15141996,g5/13mA/13mA,80,95,0,18
10.147,HR,137,1,14742998,g4/13mA/13mA,80,95,0,18
10.147,HR,137,2,12553701,g4/13mA/13mA,80,95,0,18
10.147,HR,137,3,13989108,g4/13mA/13mA,80,95,0,18
10.174,HR,138,0,15141451,g5/13mA/13mA,80,95,0,18
10.174,HR,138,1,14742845,g4/13mA/13mA,80,95,0,18
10.174,HR,138,2,12553479,g4/13mA/13mA,80,95,0,18
10.174,HR,138,3,13988700,g4/13mA/13mA,80,95,0,18
10.174,HR,139,0,15141861,g5/13mA/13mA,80,96,0,18
10.174,HR,139,1,14742957,g4/13mA/13mA,80,96,0,18
10.174,HR,139,2,12553504,g4/13mA/13mA,80,96,0,18
10.174,HR,139,3,13989108,g4/13mA/13mA,80,96,0,18
10.174,HR,140,0,15141868,g5/13mA/13mA,80,96,0,18
10.174,HR,140,1,14742905,g4/13mA/13mA,80,96,0,18
10.174,HR,140,2,12553411,g4/13mA/13mA,80,96,0,18
10.174,HR,140,3,13989075,g4/13mA/13mA,80,96,0,18
10.174,HR,141,0,15142355,g5/13mA/13mA,80,96,0,18
10.174,HR,141,1,14743459,g4/13mA/13mA,80,96,0,18
10.174,HR,141,2,12554017,g4/13mA/13mA,80,96,0,18
10.174,HR,141,3,13989382,g4/13mA/13mA,80,96,0,18
10.174,HR,142,0,15140862,g5/13mA/13mA,80,96,0,18
10.174,HR,142,1,14742562,g4/13mA/13mA,80,96,0,18
10.174,HR,142,2,12552796,g4/13mA/13mA,80,96,0,18
10.174,HR,142,3,13988691,g4/13mA/13mA,80,96,0,18
10.267,HR,143,0,15141484,g5/13mA/13mA,80,96,0,18
10.267,HR,143,1,14742836,g4/13mA/13mA,80,96,0,18
10.267,HR,143,2,12553027,g4/13mA/13mA,80,96,0,18
10.267,HR,143,3,13988588,g4/13mA/13mA,80,96,0,18
10.267,HR,144,0,15141511,g5/13mA/13mA,80,96,0,18
10.267,HR,144,1,14743204,g4/13mA/13mA,80,96,0,18
10.267,HR,144,2,12553640,g4/13mA/13mA,80,96,0,18
10.267,HR,144,3,13989280,g4/13mA/13mA,80,96,0,18
10.267,HR,145,0,15141025,g5/13mA/13mA,80,96,0,18
10.267,HR,145,1,14742496,g4/13mA/13mA,80,96,0,18
10.267,HR,145,2,12553087,g4/13mA/13mA,80,96,0,18
10.267,HR,145,3,13988803,g4/13mA/13mA,80,96,0,18
10.267,HR,146,0,15141365,g5/13mA/13mA,80,96,0,18
10.267,HR,146,1,14742606,g4/13mA/13mA,80,96,0,18
10.267,HR,146,2,12553233,g4/13mA/13mA,80,96,0,18
10.267,HR,146,3,13988920,g4/13mA/13mA,80,96,0,18
10.267,HR,147,0,15142500,g5/13mA/13mA,80,96,0,18
10.267,HR,147,1,14743341,g4/13mA/13mA,80,96,0,18
10.267,HR,147,2,12553871,g4/13mA/13mA,80,96,0,18
10.267,HR,147,3,13989126,g4/13mA/13mA,80,96,0,18
10.267,HR,148,0,15143702,g5/13mA/13mA,80,96,0,18
10.267,HR,148,1,14744083,g4/13mA/13mA,80,96,0,18
10.267,HR,148,2,12554597,g4/13mA/13mA,80,96,0,18
10.267,HR,148,3,13990039,g4/13mA/13mA,80,96,0,18
10.297,HR,149,0,15139650,g5/13mA/13mA,80,96,0,18
10.297,HR,149,1,14741659,g4/13mA/13mA,80,96,0,18
10.297,HR,149,2,12552499,g4/13mA/13mA,80,96,0,18
10.297,HR,149,3,13987795,g4/13mA/13mA,80,96,0,18
10.297,HR,150,0,15141894,g5/13mA/13mA,80,96,0,18
10.297,HR,150,1,14742810,g4/13mA/13mA,80,96,0,18
10.297,HR,150,2,12553685,g4/13mA/13mA,80,96,0,18
10.297,HR,150,3,13989075,g4/13mA/13mA,80,96,0,18
10.297,HR,151,0,15141714,g5/13mA/13mA,80,96,0,18
10.297,HR,151,1,14742972,g4/13mA/13mA,80,96,0,18
10.297,HR,151,2,12553324,g4/13mA/13mA,80,96,0,18
10.297,HR,151,3,13989212,g4/13mA/13mA,80,96,0,18
10.297,HR,152,0,15141578,g5/13mA/13mA,80,96,0,18
10.297,HR,152,1,14742768,g4/13mA/13mA,80,96,0,18
10.297,HR,152,2,12553735,g4/13mA/13mA,80,96,0,18
10.297,HR,152,3,13988964,g4/13mA/13mA,80,96,0,18
10.297,HR,153,0,15140878,g5/13mA/13mA,80,96,0,18
10.297,HR,153,1,14742573,g4/13mA/13mA,80,96,0,18
10.297,HR,153,2,12553233,g4/13mA/13mA,80,96,0,18
10.297,HR,153,3,13988863,g4/13mA/13mA,80,96,0,18
10.297,HR,154,0,15141186,g5/13mA/13mA,80,96,0,18
10.297,HR,154,1,14742478,g4/13mA/13mA,80,96,0,18
10.297,HR,154,2,12553214,g4/13mA/13mA,80,96,0,18
10.297,HR,154,3,13988810,g4/13mA/13mA,80,96,0,18
10.322,HR,155,0,15141818,g5/13mA/13mA,80,96,0,18
10.322,HR,155,1,14742624,g4/13mA/13mA,80,96,0,18
10.322,HR,155,2,12553437,g4/13mA/13mA,80,96,0,18
10.322,HR,155,3,13988803,g4/13mA/13mA,80,96,0,18
10.322,HR,156,0,15141604,g5/13mA/13mA,80,96,0,18
10.322,HR,156,1,14742785,g4/13mA/13mA,80,96,0,18
10.322,HR,156,2,12553556,g4/13mA/13mA,80,96,0,18
10.322,HR,156,3,13989168,g4/13mA/13mA,80,96,0,18
10.322,HR,157,0,15140811,g5/13mA/13mA,80,96,0,18
10.322,HR,157,1,14742436,g4/13mA/13mA,80,96,0,18
10.322,HR,157,2,12552932,g4/13mA/13mA,80,96,0,18
10.322,HR,157,3,13988750,g4/13mA/13mA,80,96,0,18
10.322,HR,158,0,15140828,g5/13mA/13mA,80,96,0,18
10.322,HR,158,1,14742291,g4/13mA/13mA,80,96,0,18
10.322,HR,158,2,12553087,g4/13mA/13mA,80,96,0,18
10.322,HR,158,3,13988700,g4/13mA/13mA,80,96,0,18
10.322,HR,159,0,15142038,g5/13mA/13mA,80,96,0,18
10.322,HR,159,1,14743017,g4/13mA/13mA,80,96,0,18
10.322,HR,159,2,12553719,g4/13mA/13mA,80,96,0,18
10.322,HR,159,3,13989391,g4/13mA/13mA,80,96,0,18
10.322,HR,160,0,15141886,g5/13mA/13mA,80,96,0,18
10.322,HR,160,1,14742896,g4/13mA/13mA,80,96,0,18
10.322,HR,160,2,12553615,g4/13mA/13mA,80,96,0,18
10.322,HR,160,3,13988938,g4/13mA/13mA,80,96,0,18
10.325,HRV,127,0,15141946,g5/13mA/13mA,80,96,0,18
10.325,HRV,127,1,14743119,g4/13mA/13mA,80,96,0,18
10.325,HRV,127,2,12553606,g4/13mA/13mA,80,96,0,18
10.325,HRV,127,3,13989160,g4/13mA/13mA,80,96,0,18
10.325,HRV,128,0,15143012,g5/13mA/13mA,80,96,0,18
10.325,HRV,128,1,14743774,g4/13mA/13mA,80,96,0,18
10.325,HRV,128,2,12554212,g4/13mA/13mA,80,96,0,18
10.325,HRV,128,3,13989808,g4/13mA/13mA,80,96,0,18
10.325,HRV,129,0,15140034,g5/13mA/13mA,80,96,0,18
10.325,HRV,129,1,14742000,g4/13mA/13mA,80,96,0,18
10.325,HRV,129,2,12552439,g4/13mA/13mA,80,96,0,18
10.325,HRV,129,3,13988178,g4/13mA/13mA,80,96,0,18
10.325,HRV,130,0,15142140,g5/13mA/13mA,80,96,0,18
10.325,HRV,130,1,14743221,g4/13mA/13mA,80,96,0,18
10.325,HRV,130,2,12553648,g4/13mA/13mA,80,96,0,18
10.325,HRV,130,3,13989273,g4/13mA/13mA,80,96,0,18
10.325,HRV,131,0,15142689,g5/13mA/13mA,80,96,0,18
10.325,HRV,131,1,14743945,g4/13mA/13mA,80,96,0,18
10.325,HRV,131,2,12554469,g4/13mA/13mA,80,96,0,18
10.325,HRV,131,3,13989784,g4/13mA/13mA,80,96,0,18
10.387,HRV,132,0,15140460,g5/13mA/13mA,80,96,0,18
10.387,HRV,132,1,14742291,g4/13mA/13mA,80,96,0,18
10.387,HRV,132,2,12552967,g4/13mA/13mA,80,96,0,18
10.387,HRV,132,3,13988572,g4/13mA/13mA,80,96,0,18
10.387,HRV,133,0,15141631,g5/13mA/13mA,80,96,0,18
10.387,HRV,133,1,14743066,g4/13mA/13mA,80,96,0,18
10.387,HRV,133,2,12553479,g4/13mA/13mA,80,96,0,18
10.387,HRV,133,3,13989195,g4/13mA/13mA,80,96,0,18
10.387,HRV,134,0,15139240,g5/13mA/13mA,80,96,0,18
10.387,HRV,134,1,14741677,g4/13mA/13mA,80,96,0,18
10.387,HRV,134,2,12552088,g4/13mA/13mA,80,96,0,18
10.387,HRV,134,3,13987897,g4/13mA/13mA,80,96,0,18
10.387,HRV,135,0,15140821,g5/13mA/13mA,80,96,0,18
10.387,HRV,135,1,14742061,g4/13mA/13mA,80,96,0,18
10.387,HRV,135,2,12553121,g4/13mA/13mA,80,96,0,18
10.387,HRV,135,3,13988299,g4/13mA/13mA,80,96,0,18
10.387,HRV,136,0,15141375,g5/13mA/13mA,80,96,0,18
10.387,HRV,136,1,14742606,g4/13mA/13mA,80,96,0,18
10.387,HRV,136,2,12553666,g4/13mA/13mA,80,96,0,18
10.387,HRV,136,3,13989255,g4/13mA/13mA,80,96,0,18
10.387,HRV,137,0,15141996,g5/13mA/13mA,80,96,0,18
10.387,HRV,137,1,14742998,g4/13mA/13mA,80,96,0,18
10.387,HRV,137,2,12553701,g4/13mA/13mA,80,96,0,18
10.387,HRV,137,3,13989108,g4/13mA/13mA,80,96,0,18
10.415,HRV,138,0,15141451,g5/13mA/13mA,80,96,0,18
10.415,HRV,138,1,14742845,g4/13mA/13mA,80,96,0,18
10.415,HRV,138,2,12553479,g4/13mA/13mA,80,96,0,18
10.415,HRV,138,3,13988700,g4/13mA/13mA,80,96,0,18
10.415,HRV,139,0,15141861,g5/13mA/13mA,80,96,0,18
10.415,HRV,139,1,14742957,g4/13mA/13mA,80,96,0,18
10.415,HRV,139,2,12553504,g4/13mA/13mA,80,96,0,18
10.415,HRV,139,3,13989108,g4/13mA/13mA,80,96,0,18
10.415,HRV,140,0,15141868,g5/13mA/13mA,80,96,0,18
10.415,HRV,140,1,14742905,g4/13mA/13mA,80,96,0,18
10.415,HRV,140,2,12553411,g4/13mA/13mA,80,96,0,18
10.416,HRV,140,3,13989075,g4/13mA/13mA,80,96,0,18
10.416,HRV,141,0,15142355,g5/13mA/13mA,80,96,0,18
10.416,HRV,141,1,14743459,g4/13mA/13mA,80,96,0,18
10.416,HRV,141,2,12554017,g4/13mA/13mA,80,96,0,18
10.416,HRV,141,3,13989382,g4/13mA/13mA,80,96,0,18
10.416,HRV,142,0,15140862,g5/13mA/13mA,80,96,0,18
10.416,HRV,142,1,14742562,g4/13mA/13mA,80,96,0,18
10.416,HRV,142,2,12552796,g4/13mA/13mA,80,96,0,18
10.416,HRV,142,3,13988691,g4/13mA/13mA,80,96,0,18
10.475,HRV,143,0,15141484,g5/13mA/13mA,80,96,0,18
10.475,HRV,143,1,14742836,g4/13mA/13mA,80,96,0,18
10.475,HRV,143,2,12553027,g4/13mA/13mA,80,96,0,18
10.475,HRV,143,3,13988588,g4/13mA/13mA,80,96,0,18
10.475,HRV,144,0,15141511,g5/13mA/13mA,80,96,0,18
10.475,HRV,144,1,14743204,g4/13mA/13mA,80,96,0,18
10.475,HRV,144,2,12553640,g4/13mA/13mA,80,96,0,18
10.475,HRV,144,3,13989280,g4/13mA/13mA,80,96,0,18
10.475,HRV,145,0,15141025,g5/13mA/13mA,80,96,0,18
10.475,HRV,145,1,14742496,g4/13mA/13mA,80,96,0,18
10.475,HRV,145,2,12553087,g4/13mA/13mA,80,96,0,18
10.475,HRV,145,3,13988803,g4/13mA/13mA,80,96,0,18
10.475,HRV,146,0,15141365,g5/13mA/13mA,80,96,0,18
10.475,HRV,146,1,14742606,g4/13mA/13mA,80,96,0,18
10.475,HRV,146,2,12553233,g4/13mA/13mA,80,96,0,18
10.475,HRV,146,3,13988920,g4/13mA/13mA,80,96,0,18
10.475,HRV,147,0,15142500,g5/13mA/13mA,80,96,0,18
10.475,HRV,147,1,14743341,g4/13mA/13mA,80,96,0,18
10.475,HRV,147,2,12553871,g4/13mA/13mA,80,96,0,18
10.475,HRV,147,3,13989126,g4/13mA/13mA,80,96,0,18
10.475,HRV,148,0,15143702,g5/13mA/13mA,80,96,0,18
10.475,HRV,148,1,14744083,g4/13mA/13mA,80,96,0,18
10.475,HRV,148,2,12554597,g4/13mA/13mA,80,96,0,18
10.475,HRV,148,3,13990039,g4/13mA/13mA,80,96,0,18
10.562,HRV,149,0,15139650,g5/13mA/13mA,80,96,0,18
10.562,HRV,149,1,14741659,g4/13mA/13mA,80,96,0,18
10.562,HRV,149,2,12552499,g4/13mA/13mA,80,96,0,18
10.562,HRV,149,3,13987795,g4/13mA/13mA,80,96,0,18
10.562,HRV,150,0,15141894,g5/13mA/13mA,80,96,0,18
10.562,HRV,150,1,14742810,g4/13mA/13mA,80,96,0,18
10.562,HRV,150,2,12553685,g4/13mA/13mA,80,96,0,18
10.563,HRV,150,3,13989075,g4/13mA/13mA,80,96,0,18
10.563,HRV,151,0,15141714,g5/13mA/13mA,80,96,0,18
10.563,HRV,151,1,14742972,g4/13mA/13mA,80,96,0,18
10.563,HRV,151,2,12553324,g4/13mA/13mA,80,96,0,18
10.563,HRV,151,3,13989212,g4/13mA/13mA,80,96,0,18
10.563,HRV,152,0,15141578,g5/13mA/13mA,80,96,0,18
10.563,HRV,152,1,14742768,g4/13mA/13mA,80,96,0,18
10.563,HRV,152,2,12553735,g4/13mA/13mA,80,96,0,18
10.563,HRV,152,3,13988964,g4/13mA/13mA,80,96,0,18
10.563,HRV,153,0,15140878,g5/13mA/13mA,80,96,0,18
10.563,HRV,153,1,14742573,g4/13mA/13mA,80,96,0,18
10.563,HRV,153,2,12553233,g4/13mA/13mA,80,96,0,18
10.563,HRV,153,3,13988863,g4/13mA/13mA,80,96,0,18
10.563,HRV,154,0,15141186,g5/13mA/13mA,80,96,0,18
10.563,HRV,154,1,14742478,g4/13mA/13mA,80,96,0,18
10.563,HRV,154,2,12553214,g4/13mA/13mA,80,96,0,18
10.563,HRV,154,3,13988810,g4/13mA/13mA,80,96,0,18
10.568,HRV,155,0,15141818,g5/13mA/13mA,80,96,0,18
10.568,HRV,155,1,14742624,g4/13mA/13mA,80,96,0,18
10.568,HRV,155,2,12553437,g4/13mA/13mA,80,96,0,18
10.568,HRV,155,3,13988803,g4/13mA/13mA,80,96,0,18
10.568,HRV,156,0,15141604,g5/13mA/13mA,80,96,0,18
10.568,HRV,156,1,14742785,g4/13mA/13mA,80,96,0,18
10.568,HRV,156,2,12553556,g4/13mA/13mA,80,96,0,18
10.568,HRV,156,3,13989168,g4/13mA/13mA,80,96,0,18
10.568,HRV,157,0,15140811,g5/13mA/13mA,80,96,0,18
10.568,HRV,157,1,14742436,g4/13mA/13mA,80,96,0,18
10.568,HRV,157,2,12552932,g4/13mA/13mA,80,96,0,18
10.568,HRV,157,3,13988750,g4/13mA/13mA,80,96,0,18
10.568,HRV,158,0,15140828,g5/13mA/13mA,80,96,0,18
10.568,HRV,158,1,14742291,g4/13mA/13mA,80,96,0,18
10.568,HRV,158,2,12553087,g4/13mA/13mA,80,96,0,18
10.568,HRV,158,3,13988700,g4/13mA/13mA,80,96,0,18
10.568,HRV,159,0,15142038,g5/13mA/13mA,80,96,0,18
10.568,HRV,159,1,14743017,g4/13mA/13mA,80,96,0,18
10.568,HRV,159,2,12553719,g4/13mA/13mA,80,96,0,18
10.568,HRV,159,3,13989391,g4/13mA/13mA,80,96,0,18
10.568,HRV,160,0,15141886,g5/13mA/13mA,80,96,0,18
10.568,HRV,160,1,14742896,g4/13mA/13mA,80,96,0,18
10.568,HRV,160,2,12553615,g4/13mA/13mA,80,96,0,18
10.568,HRV,160,3,13988938,g4/13mA/13mA,80,96,0,18
10.595,SPO2,127,0,12976208,g1/60mA/0mA,80,96,0,18
10.595,SPO2,127,1,12230138,g1/25mA/0mA,80,96,0,18
10.595,SPO2,128,0,12976846,g1/60mA/0mA,80,96,0,18
10.595,SPO2,128,1,12230419,g1/25mA/0mA,80,96,0,18
10.595,SPO2,129,0,12975172,g1/60mA/0mA,80,96,0,18
10.595,SPO2,129,1,12229772,g1/25mA/0mA,80,96,0,18
10.595,SPO2,130,0,12976335,g1/60mA/0mA,80,96,0,18
10.595,SPO2,130,1,12230080,g1/25mA/0mA,80,96,0,18
10.595,SPO2,131,0,12976879,g1/60mA/0mA,80,96,0,18
10.595,SPO2,131,1,12230396,g1/25mA/0mA,80,96,0,18
10.595,SPO2,132,0,12975427,g1/60mA/0mA,80,96,0,18
10.595,SPO2,132,1,12229790,g1/25mA/0mA,80,96,0,18
10.595,SPO2,133,0,12976200,g1/60mA/0mA,80,96,0,18
10.595,SPO2,133,1,12230207,g1/25mA/0mA,80,96,0,18
10.625,SPO2,134,0,12974824,g1/60mA/0mA,80,96,0,18
10.625,SPO2,134,1,12229679,g1/25mA/0mA,80,96,0,18
10.625,SPO2,135,0,12975364,g1/60mA/0mA,80,96,0,18
10.625,SPO2,135,1,12229625,g1/25mA/0mA,80,96,0,18
10.625,SPO2,136,0,12976242,g1/60mA/0mA,80,96,0,18
10.625,SPO2,136,1,12230109,g1/25mA/0mA,80,96,0,18
10.625,SPO2,137,0,12976127,g1/60mA/0mA,80,96,0,18
10.625,SPO2,137,1,12229921,g1/25mA/0mA,80,96,0,18
10.625,SPO2,138,0,12976032,g1/60mA/0mA,80,96,0,18
10.625,SPO2,138,1,12230153,g1/25mA/0mA,80,96,0,18
10.625,SPO2,139,0,12976421,g1/60mA/0mA,80,96,0,18
10.625,SPO2,139,1,12230321,g1/25mA/0mA,80,96,0,18
10.654,SPO2,140,0,12976366,g1/60mA/0mA,80,96,0,18
10.654,SPO2,140,1,12230319,g1/25mA/0mA,80,96,0,18
10.654,SPO2,141,0,12976986,g1/60mA/0mA,80,96,0,18
10.654,SPO2,141,1,12230456,g1/25mA/0mA,80,96,0,18
10.654,SPO2,142,0,12975553,g1/60mA/0mA,80,96,0,18
10.654,SPO2,142,1,12229729,g1/25mA/0mA,80,96,0,18
10.654,SPO2,143,0,12975915,g1/60mA/0mA,80,96,0,18
10.654,SPO2,143,1,12230174,g1/25mA/0mA,80,96,0,18
10.654,SPO2,144,0,12975878,g1/60mA/0mA,80,96,0,18
10.654,SPO2,144,1,12229759,g1/25mA/0mA,80,96,0,18
10.654,SPO2,145,0,12975917,g1/60mA/0mA,80,96,0,18
10.654,SPO2,145,1,12230149,g1/25mA/0mA,80,96,0,18
10.654,SPO2,146,0,12975938,g1/60mA/0mA,80,96,0,18
10.654,SPO2,146,1,12229855,g1/25mA/0mA,80,96,0,18
10.718,SPO2,147,0,12976412,g1/60mA/0mA,80,96,0,18
10.718,SPO2,147,1,12230100,g1/25mA/0mA,80,96,0,18
10.718,SPO2,148,0,12978225,g1/60mA/0mA,80,96,0,18
10.718,SPO2,148,1,12231201,g1/25mA/0mA,80,96,0,18
10.718,SPO2,149,0,12974927,g1/60mA/0mA,80,96,0,18
10.718,SPO2,149,1,12229515,g1/25mA/0mA,80,96,0,18
10.718,SPO2,150,0,12976690,g1/60mA/0mA,80,96,0,18
10.718,SPO2,150,1,12230729,g1/25mA/0mA,80,96,0,18
10.718,SPO2,151,0,12975932,g1/60mA/0mA,80,96,0,18
10.718,SPO2,151,1,12229931,g1/25mA/0mA,80,96,0,18
10.718,SPO2,152,0,12976124,g1/60mA/0mA,80,96,0,18
10.718,SPO2,152,1,12230114,g1/25mA/0mA,80,96,0,18
10.718,SPO2,153,0,12975675,g1/60mA/0mA,80,96,0,18
10.718,SPO2,153,1,12229832,g1/25mA/0mA,80,96,0,18
10.718,SPO2,154,0,12976028,g1/60mA/0mA,80,96,0,18
10.718,SPO2,154,1,12230162,g1/25mA/0mA,80,96,0,18
10.744,SPO2,155,0,12975654,g1/60mA/0mA,80,96,0,18
10.744,SPO2,155,1,12229793,g1/25mA/0mA,80,96,0,18
10.744,SPO2,156,0,12976229,g1/60mA/0mA,80,96,0,18
10.744,SPO2,156,1,12230147,g1/25mA/0mA,80,96,0,18
10.744,SPO2,157,0,12975589,g1/60mA/0mA,80,96,0,18
10.744,SPO2,157,1,12229941,g1/25mA/0mA,80,96,0,18
10.744,SPO2,158,0,12975774,g1/60mA/0mA,80,96,0,18
10.744,SPO2,158,1,12230020,g1/25mA/0mA,80,96,0,18
10.744,SPO2,159,0,12976406,g1/60mA/0mA,80,96,0,18
10.744,SPO2,159,1,12230177,g1/25mA/0mA,80,96,0,18
10.744,SPO2,160,0,12976014,g1/60mA/0mA,80,96,0,18
10.744,SPO2,160,1,12230020,g1/25mA/0mA,80,96,0,18
11.828,HR,161,0,15140914,g5/13mA/13mA,80,96,0,18
11.828,HR,161,1,14742786,g4/13mA/13mA,80,96,0,18
11.828,HR,161,2,12553053,g4/13mA/13mA,80,96,0,18
11.828,HR,161,3,13988878,g4/13mA/13mA,80,96,0,18
11.828,HR,162,0,15141315,g5/13mA/13mA,80,96,0,18
11.828,HR,162,1,14742614,g4/13mA/13mA,80,96,0,18
11.828,HR,162,2,12553171,g4/13mA/13mA,80,96,0,18
11.828,HR,162,3,13988716,g4/13mA/13mA,80,96,0,18
11.828,HR,163,0,15140129,g5/13mA/13mA,80,96,0,18
11.828,HR,163,1,14742052,g4/13mA/13mA,80,96,0,18
11.828,HR,163,2,12553010,g4/13mA/13mA,80,96,0,18
11.828,HR,163,3,13988290,g4/13mA/13mA,80,96,0,18
11.828,HR,164,0,15141118,g5/13mA/13mA,79,97,0,18
11.828,HR,164,1,14742614,g4/13mA/13mA,79,97,0,18
11.828,HR,164,2,12553385,g4/13mA/13mA,79,97,0,18
11.828,HR,164,3,13988810,g4/13mA/13mA,79,97,0,18
11.828,HR,165,0,15141315,g5/13mA/13mA,79,97,0,18
11.828,HR,165,1,14742513,g4/13mA/13mA,79,97,0,18
11.828,HR,165,2,12553282,g4/13mA/13mA,79,97,0,18
11.828,HR,165,3,13988829,g4/13mA/13mA,79,97,0,18
11.886,HR,166,0,15140675,g5/13mA/13mA,79,97,0,18
11.886,HR,166,1,14742434,g4/13mA/13mA,79,97,0,18
11.886,HR,166,2,12552823,g4/13mA/13mA,79,97,0,18
11.886,HR,166,3,13988495,g4/13mA/13mA,79,97,0,18
11.886,HR,167,0,15141400,g5/13mA/13mA,79,97,0,18
11.886,HR,167,1,14742486,g4/13mA/13mA,79,97,0,18
11.886,HR,167,2,12553308,g4/13mA/13mA,79,97,0,18
11.887,HR,167,3,13988878,g4/13mA/13mA,79,97,0,18
11.887,HR,168,0,15138226,g5/13mA/13mA,79,97,0,18
11.887,HR,168,1,14740950,g4/13mA/13mA,79,97,0,18
11.887,HR,168,2,12551723,g4/13mA/13mA,79,97,0,18
11.887,HR,168,3,13987386,g4/13mA/13mA,79,97,0,18
11.887,HR,169,0,15141946,g5/13mA/13mA,79,97,0,18
11.887,HR,169,1,14743041,g4/13mA/13mA,79,97,0,18
11.887,HR,169,2,12553531,g4/13mA/13mA,79,97,0,18
11.887,HR,169,3,13988998,g4/13mA/13mA,79,97,0,18
11.887,HR,170,0,15141664,g5/13mA/13mA,79,97,0,18
11.887,HR,170,1,14742948,g4/13mA/13mA,79,97,0,18
11.887,HR,170,2,12553437,g4/13mA/13mA,79,97,0,18
11.887,HR,170,3,13989007,g4/13mA/13mA,79,97,0,18
11.887,HR,171,0,15140536,g5/13mA/13mA,79,97,0,18
11.887,HR,171,1,14742400,g4/13mA/13mA,79,97,0,18
11.887,HR,171,2,12553078,g4/13mA/13mA,79,97,0,18
11.887,HR,171,3,13988674,g4/13mA/13mA,79,97,0,18
11.914,HR,172,0,15141228,g5/13mA/13mA,79,97,0,18
11.914,HR,172,1,14742486,g4/13mA/13mA,79,97,0,18
11.914,HR,172,2,12553335,g4/13mA/13mA,79,97,0,18
11.914,HR,172,3,13988905,g4/13mA/13mA,79,97,0,18
11.914,HR,173,0,15141382,g5/13mA/13mA,79,97,0,18
11.914,HR,173,1,14743017,g4/13mA/13mA,79,97,0,18
11.914,HR,173,2,12553531,g4/13mA/13mA,79,97,0,18
11.914,HR,173,3,13989032,g4/13mA/13mA,79,97,0,18
11.914,HR,174,0,15140905,g5/13mA/13mA,79,97,0,18
11.914,HR,174,1,14742513,g4/13mA/13mA,79,97,0,18
11.914,HR,174,2,12552846,g4/13mA/13mA,79,97,0,18
11.914,HR,174,3,13988486,g4/13mA/13mA,79,97,0,18
11.914,HR,175,0,15142397,g5/13mA/13mA,79,97,0,18
11.914,HR,175,1,14743281,g4/13mA/13mA,79,97,0,18
11.914,HR,175,2,12553821,g4/13mA/13mA,79,97,0,18
11.914,HR,175,3,13989245,g4/13mA/13mA,79,97,0,18
11.914,HR,176,0,15141971,g5/13mA/13mA,79,97,0,18
11.914,HR,176,1,14743202,g4/13mA/13mA,79,97,0,18
11.914,HR,176,2,12553666,g4/13mA/13mA,79,97,0,18
11.914,HR,176,3,13989484,g4/13mA/13mA,79,97,0,18
11.914,HR,177,0,15139582,g5/13mA/13mA,79,97,0,18
11.914,HR,177,1,14741668,g4/13mA/13mA,79,97,0,18
11.914,HR,177,2,12552353,g4/13mA/13mA,79,97,0,18
11.914,HR,177,3,13987948,g4/13mA/13mA,79,97,0,18
11.974,HR,178,0,15142901,g5/13mA/13mA,79,97,0,18
11.974,HR,178,1,14743630,g4/13mA/13mA,79,97,0,18
11.974,HR,178,2,12554092,g4/13mA/13mA,79,97,0,18
11.974,HR,178,3,13989545,g4/13mA/13mA,79,97,0,18
11.974,HR,179,0,15141424,g5/13mA/13mA,79,97,0,18
11.974,HR,179,1,14742606,g4/13mA/13mA,79,97,0,18
11.974,HR,179,2,12553486,g4/13mA/13mA,79,97,0,18
11.974,HR,179,3,13989416,g4/13mA/13mA,79,97,0,18
11.974,HR,180,0,15141075,g5/13mA/13mA,79,97,0,18
11.974,HR,180,1,14742273,g4/13mA/13mA,79,97,0,18
11.974,HR,180,2,12553087,g4/13mA/13mA,79,97,0,18
11.974,HR,180,3,13988614,g4/13mA/13mA,79,97,0,18
11.974,HR,181,0,15140905,g5/13mA/13mA,79,97,0,18
11.974,HR,181,1,14742630,g4/13mA/13mA,79,97,0,18
11.974,HR,181,2,12553546,g4/13mA/13mA,79,97,0,18
11.974,HR,181,3,13988716,g4/13mA/13mA,79,97,0,18
11.974,HR,182,0,15141143,g5/13mA/13mA,79,97,0,18
11.974,HR,182,1,14742648,g4/13mA/13mA,79,97,0,18
11.975,HR,182,2,12553087,g4/13mA/13mA,79,97,0,18
11.975,HR,182,3,13989025,g4/13mA/13mA,79,97,0,18
11.975,HR,183,0,15141168,g5/13mA/13mA,79,97,0,18
11.975,HR,183,1,14742505,g4/13mA/13mA,79,97,0,18
11.975,HR,183,2,12552950,g4/13mA/13mA,79,97,0,18
11.975,HR,183,3,13988795,g4/13mA/13mA,79,97,0,18
12.064,HR,184,0,15142755,g5/13mA/13mA,79,97,0,18
12.064,HR,184,1,14743213,g4/13mA/13mA,79,97,0,18
12.064,HR,184,2,12553871,g4/13mA/13mA,79,97,0,18
12.064,HR,184,3,13989304,g4/13mA/13mA,79,97,0,18
12.064,HR,185,0,15139865,g5/13mA/13mA,79,97,0,18
12.064,HR,185,1,14742026,g4/13mA/13mA,79,97,0,18
12.064,HR,185,2,12552533,g4/13mA/13mA,79,97,0,18
12.064,HR,185,3,13988027,g4/13mA/13mA,79,97,0,18
12.064,HR,186,0,15141416,g5/13mA/13mA,79,97,0,18
12.064,HR,186,1,14742939,g4/13mA/13mA,79,97,0,18
12.064,HR,186,2,12553428,g4/13mA/13mA,79,97,0,18
12.064,HR,186,3,13989032,g4/13mA/13mA,79,97,0,18
12.064,HR,187,0,15140427,g5/13mA/13mA,79,97,0,18
12.064,HR,187,1,14742034,g4/13mA/13mA,79,97,0,18
12.064,HR,187,2,12552882,g4/13mA/13mA,79,97,0,18
12.064,HR,187,3,13988384,g4/13mA/13mA,79,97,0,18
12.064,HR,188,0,15140427,g5/13mA/13mA,79,97,0,18
12.064,HR,188,1,14742043,g4/13mA/13mA,79,97,0,18
12.064,HR,188,2,12552864,g4/13mA/13mA,79,97,0,18
12.064,HR,188,3,13988178,g4/13mA/13mA,79,97,0,18
12.068,HR,189,0,15141783,g5/13mA/13mA,79,97,0,18
12.068,HR,189,1,14742871,g4/13mA/13mA,79,97,0,18
12.068,HR,189,2,12553437,g4/13mA/13mA,79,97,0,18
12.068,HR,189,3,13988998,g4/13mA/13mA,79,97,0,18
12.068,HR,190,0,15140136,g5/13mA/13mA,79,97,0,18
12.068,HR,190,1,14742351,g4/13mA/13mA,79,97,0,18
12.068,HR,190,2,12552608,g4/13mA/13mA,79,97,0,18
12.068,HR,190,3,13988563,g4/13mA/13mA,79,97,0,18
12.068,HR,191,0,15140896,g5/13mA/13mA,79,97,0,18
12.068,HR,191,1,14742871,g4/13mA/13mA,79,97,0,18
12.068,HR,191,2,12553369,g4/13mA/13mA,79,97,0,18
12.068,HR,191,3,13988836,g4/13mA/13mA,79,97,0,18
12.068,HR,192,0,15140008,g5/13mA/13mA,79,97,0,18
12.068,HR,192,1,14742181,g4/13mA/13mA,79,97,0,18
12.068,HR,192,2,12553009,g4/13mA/13mA,79,97,0,18
12.068,HR,192,3,13988434,g4/13mA/13mA,79,97,0,18
12.068,HR,193,0,15142166,g5/13mA/13mA,79,97,0,18
12.068,HR,193,1,14743323,g4/13mA/13mA,79,97,0,18
12.068,HR,193,2,12553795,g4/13mA/13mA,79,97,0,18
12.068,HR,193,3,13989433,g4/13mA/13mA,79,97,0,18
12.068,HR,194,0,15140358,g5/13mA/13mA,79,97,0,18
12.068,HR,194,1,14742496,g4/13mA/13mA,79,97,0,18
12.068,HR,194,2,12552567,g4/13mA/13mA,79,97,0,18
12.068,HR,194,3,13988503,g4/13mA/13mA,79,97,0,18
12.125,HRV,161,0,15140914,g5/13mA/13mA,79,97,0,18
12.125,HRV,161,1,14742786,g4/13mA/13mA,79,97,0,18
12.125,HRV,161,2,12553053,g4/13mA/13mA,79,97,0,18
12.125,HRV,161,3,13988878,g4/13mA/13mA,79,97,0,18
12.125,HRV,162,0,15141315,g5/13mA/13mA,79,97,0,18
12.125,HRV,162,1,14742614,g4/13mA/13mA,79,97,0,18
12.125,HRV,162,2,12553171,g4/13mA/13mA,79,97,0,18
12.125,HRV,162,3,13988716,g4/13mA/13mA,79,97,0,18
12.125,HRV,163,0,15140129,g5/13mA/13mA,79,97,0,18
12.125,HRV,163,1,14742052,g4/13mA/13mA,79,97,0,18
12.125,HRV,163,2,12553010,g4/13mA/13mA,79,97,0,18
12.125,HRV,163,3,13988290,g4/13mA/13mA,79,97,0,18
12.125,HRV,164,0,15141118,g5/13mA/13mA,79,97,0,18
12.125,HRV,164,1,14742614,g4/13mA/13mA,79,97,0,18
12.125,HRV,164,2,12553385,g4/13mA/13mA,79,97,0,18
12.125,HRV,164,3,13988810,g4/13mA/13mA,79,97,0,18
12.125,HRV,165,0,15141315,g5/13mA/13mA,79,97,0,18
12.125,HRV,165,1,14742513,g4/13mA/13mA,79,97,0,18
12.125,HRV,165,2,12553282,g4/13mA/13mA,79,97,0,18
12.125,HRV,165,3,13988829,g4/13mA/13mA,79,97,0,18
12.155,HRV,166,0,15140675,g5/13mA/13mA,79,97,0,18
12.155,HRV,166,1,14742434,g4/13mA/13mA,79,97,0,18
12.155,HRV,166,2,12552823,g4/13mA/13mA,79,97,0,18
12.155,HRV,166,3,13988495,g4/13mA/13mA,79,97,0,18
12.155,HRV,167,0,15141400,g5/13mA/13mA,79,97,0,18
12.155,HRV,167,1,14742486,g4/13mA/13mA,79,97,0,18
12.155,HRV,167,2,12553308,g4/13mA/13mA,79,97,0,18
12.155,HRV,167,3,13988878,g4/13mA/13mA,79,97,0,18
12.155,HRV,168,0,15138226,g5/13mA/13mA,79,97,0,18
12.155,HRV,168,1,14740950,g4/13mA/13mA,79,97,0,18
12.155,HRV,168,2,12551723,g4/13mA/13mA,79,97,0,18
12.155,HRV,168,3,13987386,g4/13mA/13mA,79,97,0,18
12.155,HRV,169,0,15141946,g5/13mA/13mA,79,97,0,18
12.155,HRV,169,1,14743041,g4/13mA/13mA,79,97,0,18
12.155,HRV,169,2,12553531,g4/13mA/13mA,79,97,0,18
12.155,HRV,169,3,13988998,g4/13mA/13mA,79,97,0,18
12.155,HRV,170,0,15141664,g5/13mA/13mA,79,97,0,18
12.155,HRV,170,1,14742948,g4/13mA/13mA,79,97,0,18
12.155,HRV,170,2,12553437,g4/13mA/13mA,79,97,0,18
12.155,HRV,170,3,13989007,g4/13mA/13mA,79,97,0,18
12.155,HRV,171,0,15140536,g5/13mA/13mA,79,97,0,18
12.155,HRV,171,1,14742400,g4/13mA/13mA,79,97,0,18
12.155,HRV,171,2,12553078,g4/13mA/13mA,79,97,0,18
12.155,HRV,171,3,13988674,g4/13mA/13mA,79,97,0,18
12.184,HRV,172,0,15141228,g5/13mA/13mA,79,97,0,18
12.184,HRV,172,1,14742486,g4/13mA/13mA,79,97,0,18
12.184,HRV,172,2,12553335,g4/13mA/13mA,79,97,0,18
12.184,HRV,172,3,13988905,g4/13mA/13mA,79,97,0,18
12.184,HRV,173,0,15141382,g5/13mA/13mA,79,97,0,18
12.184,HRV,173,1,14743017,g4/13mA/13mA,79,97,0,18
12.184,HRV,173,2,12553531,g4/13mA/13mA,79,97,0,18
12.184,HRV,173,3,13989032,g4/13mA/13mA,79,97,0,18
12.184,HRV,174,0,15140905,g5/13mA/13mA,79,97,0,18
12.184,HRV,174,1,14742513,g4/13mA/13mA,79,97,0,18
12.184,HRV,174,2,12552846,g4/13mA/13mA,79,97,0,18
12.184,HRV,174,3,13988486,g4/13mA/13mA,79,97,0,18
12.184,HRV,175,0,15142397,g5/13mA/13mA,79,97,0,18
12.184,HRV,175,1,14743281,g4/13mA/13mA,79,97,0,18
12.184,HRV,175,2,12553821,g4/13mA/13mA,79,97,0,18
12.184,HRV,175,3,13989245,g4/13mA/13mA,79,97,0,18
12.184,HRV,176,0,15141971,g5/13mA/13mA,79,97,0,18
12.184,HRV,176,1,14743202,g4/13mA/13mA,79,97,0,18
12.184,HRV,176,2,12553666,g4/13mA/13mA,79,97,0,18
12.184,HRV,176,3,13989484,g4/13mA/13mA,79,97,0,18
12.184,HRV,177,0,15139582,g5/13mA/13mA,79,97,0,18
12.184,HRV,177,1,14741668,g4/13mA/13mA,79,97,0,18
12.184,HRV,177,2,12552353,g4/13mA/13mA,79,97,0,18
12.184,HRV,177,3,13987948,g4/13mA/13mA,79,97,0,18
12.244,HRV,178,0,15142901,g5/13mA/13mA,79,97,0,18
12.244,HRV,178,1,14743630,g4/13mA/13mA,79,97,0,18
12.244,HRV,178,2,12554092,g4/13mA/13mA,79,97,0,18
12.244,HRV,178,3,13989545,g4/13mA/13mA,79,97,0,18
12.244,HRV,179,0,15141424,g5/13mA/13mA,79,97,0,18
12.244,HRV,179,1,14742606,g4/13mA/13mA,79,97,0,18
12.244,HRV,179,2,12553486,g4/13mA/13mA,79,97,0,18
12.244,HRV,179,3,13989416,g4/13mA/13mA,79,97,0,18
12.244,HRV,180,0,15141075,g5/13mA/13mA,79,97,0,18
12.244,HRV,180,1,14742273,g4/13mA/13mA,79,97,0,18
12.244,HRV,180,2,12553087,g4/13mA/13mA,79,97,0,18
12.244,HRV,180,3,13988614,g4/13mA/13mA,79,97,0,18
12.244,HRV,181,0,15140905,g5/13mA/13mA,79,97,0,18
12.244,HRV,181,1,14742630,g4/13mA/13mA,79,97,0,18
12.244,HRV,181,2,12553546,g4/13mA/13mA,79,97,0,18
12.244,HRV,181,3,13988716,g4/13mA/13mA,79,97,0,18
12.245,HRV,182,0,15141143,g5/13mA/13mA,79,97,0,18
12.245,HRV,182,1,14742648,g4/13mA/13mA,79,97,0,18
12.245,HRV,182,2,12553087,g4/13mA/13mA,79,97,0,18
12.245,HRV,182,3,13989025,g4/13mA/13mA,79,97,0,18
12.245,HRV,183,0,15141168,g5/13mA/13mA,79,97,0,18
12.245,HRV,183,1,14742505,g4/13mA/13mA,79,97,0,18
12.245,HRV,183,2,12552950,g4/13mA/13mA,79,97,0,18
12.245,HRV,183,3,13988795,g4/13mA/13mA,79,97,0,18
12.274,HRV,184,0,15142755,g5/13mA/13mA,79,97,0,18
12.274,HRV,184,1,14743213,g4/13mA/13mA,79,97,0,18
12.274,HRV,184,2,12553871,g4/13mA/13mA,79,97,0,18
12.274,HRV,184,3,13989304,g4/13mA/13mA,79,97,0,18
12.274,HRV,185,0,15139865,g5/13mA/13mA,79,97,0,18
12.274,HRV,185,1,14742026,g4/13mA/13mA,79,97,0,18
12.274,HRV,185,2,12552533,g4/13mA/13mA,79,97,0,18
12.274,HRV,185,3,13988027,g4/13mA/13mA,79,97,0,18
12.274,HRV,186,0,15141416,g5/13mA/13mA,79,97,0,18
12.274,HRV,186,1,14742939,g4/13mA/13mA,79,97,0,18
12.274,HRV,186,2,12553428,g4/13mA/13mA,79,97,0,18
12.274,HRV,186,3,13989032,g4/13mA/13mA,79,97,0,18
12.274,HRV,187,0,15140427,g5/13mA/13mA,79,97,0,18
12.274,HRV,187,1,14742034,g4/13mA/13mA,79,97,0,18
12.274,HRV,187,2,12552882,g4/13mA/13mA,79,97,0,18
12.274,HRV,187,3,13988384,g4/13mA/13mA,79,97,0,18
12.274,HRV,188,0,15140427,g5/13mA/13mA,79,97,0,18
12.274,HRV,188,1,14742043,g4/13mA/13mA,79,97,0,18
12.274,HRV,188,2,12552864,g4/13mA/13mA,79,97,0,18
12.274,HRV,188,3,13988178,g4/13mA/13mA,79,97,0,18
12.335,HRV,189,0,15141783,g5/13mA/13mA,79,97,0,18
12.335,HRV,189,1,14742871,g4/13mA/13mA,79,97,0,18
12.335,HRV,189,2,12553437,g4/13mA/13mA,79,97,0,18
12.335,HRV,189,3,13988998,g4/13mA/13mA,79,97,0,18
12.335,HRV,190,0,15140136,g5/13mA/13mA,79,97,0,18
12.335,HRV,190,1,14742351,g4/13mA/13mA,79,97,0,18
12.335,HRV,190,2,12552608,g4/13mA/13mA,79,97,0,18
12.335,HRV,190,3,13988563,g4/13mA/13mA,79,97,0,18
12.335,HRV,191,0,15140896,g5/13mA/13mA,79,97,0,18
12.335,HRV,191,1,14742871,g4/13mA/13mA,79,97,0,18
12.335,HRV,191,2,12553369,g4/13mA/13mA,79,97,0,18
12.335,HRV,191,3,13988836,g4/13mA/13mA,79,97,0,18
12.335,HRV,192,0,15140008,g5/13mA/13mA,79,97,0,18
12.335,HRV,192,1,14742181,g4/13mA/13mA,79,97,0,18
12.335,HRV,192,2,12553009,g4/13mA/13mA,79,97,0,18
12.335,HRV,192,3,13988434,g4/13mA/13mA,79,97,0,18
12.335,HRV,193,0,15142166,g5/13mA/13mA,79,97,0,18
12.335,HRV,193,1,14743323,g4/13mA/13mA,79,97,0,18
12.335,HRV,193,2,12553795,g4/13mA/13mA,79,97,0,18
12.335,HRV,193,3,13989433,g4/13mA/13mA,79,97,0,18
12.362,HRV,194,0,15140358,g5/13mA/13mA,79,97,0,18
12.362,HRV,194,1,14742496,g4/13mA/13mA,79,97,0,18
12.362,HRV,194,2,12552567,g4/13mA/13mA,79,97,0,18
12.362,HRV,194,3,13988503,g4/13mA/13mA,79,97,0,18
12.818,SPO2,161,0,12975531,g1/60mA/0mA,79,97,0,18
12.818,SPO2,161,1,12229805,g1/25mA/0mA,79,97,0,18
12.818,SPO2,162,0,12976008,g1/60mA/0mA,79,97,0,18
12.818,SPO2,162,1,12230260,g1/25mA/0mA,79,97,0,18
12.818,SPO2,163,0,12975253,g1/60mA/0mA,79,97,0,18
12.818,SPO2,163,1,12229658,g1/25mA/0mA,79,97,0,18
12.818,SPO2,164,0,12975816,g1/60mA/0mA,79,97,0,18
12.818,SPO2,164,1,12229790,g1/25mA/0mA,79,97,0,18
12.818,SPO2,165,0,12975749,g1/60mA/0mA,79,97,0,18
12.818,SPO2,165,1,12229838,g1/25mA/0mA,79,97,0,18
12.818,SPO2,166,0,12975686,g1/60mA/0mA,79,97,0,18
12.818,SPO2,166,1,12230054,g1/25mA/0mA,79,97,0,18
12.847,SPO2,167,0,12975895,g1/60mA/0mA,79,97,0,18
12.847,SPO2,167,1,12229865,g1/25mA/0mA,79,97,0,18
12.847,SPO2,168,0,12974438,g1/60mA/0mA,79,97,0,18
12.847,SPO2,168,1,12229741,g1/25mA/0mA,79,97,0,18
12.847,SPO2,169,0,12975881,g1/60mA/0mA,79,97,0,18
12.847,SPO2,169,1,12229803,g1/25mA/0mA,79,97,0,18
12.847,SPO2,170,0,12976104,g1/60mA/0mA,79,97,0,18
12.847,SPO2,170,1,12229917,g1/25mA/0mA,79,97,0,18
12.847,SPO2,171,0,12975613,g1/60mA/0mA,79,97,0,18
12.847,SPO2,171,1,12229918,g1/25mA/0mA,79,97,0,18
12.847,SPO2,172,0,12975917,g1/60mA/0mA,79,97,0,18
12.847,SPO2,172,1,12230068,g1/25mA/0mA,79,97,0,18
12.847,SPO2,173,0,12976638,g1/60mA/0mA,79,97,0,18
12.847,SPO2,173,1,12230633,g1/25mA/0mA,79,97,0,18
12.847,SPO2,174,0,12975205,g1/60mA/0mA,79,97,0,18
12.847,SPO2,174,1,12229529,g1/25mA/0mA,79,97,0,18
12.962,SPO2,175,0,12976768,g1/60mA/0mA,79,97,0,18
12.962,SPO2,175,1,12230558,g1/25mA/0mA,79,97,0,18
12.962,SPO2,176,0,12976185,g1/60mA/0mA,79,97,0,18
12.962,SPO2,176,1,12229968,g1/25mA/0mA,79,97,0,18
12.962,SPO2,177,0,12974922,g1/60mA/0mA,79,97,0,18
12.962,SPO2,177,1,12229580,g1/25mA/0mA,79,97,0,18
12.962,SPO2,178,0,12977386,g1/60mA/0mA,79,97,0,18
12.962,SPO2,178,1,12230862,g1/25mA/0mA,79,97,0,18
12.962,SPO2,179,0,12976263,g1/60mA/0mA,79,97,0,18
12.962,SPO2,179,1,12230210,g1/25mA/0mA,79,97,0,18
12.962,SPO2,180,0,12975666,g1/60mA/0mA,79,97,0,18
12.962,SPO2,180,1,12229965,g1/25mA/0mA,79,97,0,18
12.962,SPO2,181,0,12975508,g1/60mA/0mA,79,97,0,18
12.963,SPO2,181,1,12229714,g1/25mA/0mA,79,97,0,18
12.997,SPO2,182,0,12976062,g1/60mA/0mA,79,97,0,18
12.997,SPO2,182,1,12230178,g1/25mA/0mA,79,97,0,18
12.997,SPO2,183,0,12975666,g1/60mA/0mA,79,97,0,18
12.997,SPO2,183,1,12229871,g1/25mA/0mA,79,97,0,18
12.997,SPO2,184,0,12976400,g1/60mA/0mA,79,97,0,18
12.997,SPO2,184,1,12230233,g1/25mA/0mA,79,97,0,18
12.997,SPO2,185,0,12975022,g1/60mA/0mA,79,97,0,18
12.997,SPO2,185,1,12229648,g1/25mA/0mA,79,97,0,18
12.997,SPO2,186,0,12976031,g1/60mA/0mA,79,97,0,18
12.997,SPO2,186,1,12229977,g1/25mA/0mA,79,97,0,18
12.997,SPO2,187,0,12975236,g1/60mA/0mA,79,97,0,18
12.997,SPO2,187,1,12229654,g1/25mA/0mA,79,97,0,18
12.997,SPO2,188,0,12975356,g1/60mA/0mA,79,97,0,18
12.997,SPO2,188,1,12229693,g1/25mA/0mA,79,97,0,18
13.021,SPO2,189,0,12975872,g1/60mA/0mA,79,97,0,18
13.021,SPO2,189,1,12229959,g1/25mA/0mA,79,97,0,18
13.021,SPO2,190,0,12975410,g1/60mA/0mA,79,97,0,18
13.021,SPO2,190,1,12229693,g1/25mA/0mA,79,97,0,18
13.021,SPO2,191,0,12976100,g1/60mA/0mA,79,97,0,18
13.021,SPO2,191,1,12230085,g1/25mA/0mA,79,97,0,18
13.021,SPO2,192,0,12975410,g1/60mA/0mA,79,97,0,18
13.021,SPO2,192,1,12229789,g1/25mA/0mA,79,97,0,18
13.021,SPO2,193,0,12976502,g1/60mA/0mA,79,97,0,18
13.021,SPO2,193,1,12230245,g1/25mA/0mA,79,97,0,18
13.021,SPO2,194,0,12975398,g1/60mA/0mA,79,97,0,18
13.021,SPO2,194,1,12229760,g1/25mA/0mA,79,97,0,18
13.025,HR,195,0,15141228,g5/13mA/13mA,79,97,0,18
13.025,HR,195,1,14742486,g4/13mA/13mA,79,97,0,18
13.025,HR,195,2,12553317,g4/13mA/13mA,79,97,0,18
13.025,HR,195,3,13988768,g4/13mA/13mA,79,97,0,18
13.025,HR,196,0,15139308,g5/13mA/13mA,79,97,0,18
13.025,HR,196,1,14741574,g4/13mA/13mA,79,97,0,18
13.025,HR,196,2,12552251,g4/13mA/13mA,79,97,0,18
13.025,HR,196,3,13988035,g4/13mA/13mA,79,97,0,18
13.025,HR,197,0,15141246,g5/13mA/13mA,79,97,0,18
13.025,HR,197,1,14742760,g4/13mA/13mA,79,97,0,18
13.025,HR,197,2,12553256,g4/13mA/13mA,79,97,0,18
13.025,HR,197,3,13988863,g4/13mA/13mA,79,97,0,18
13.025,HR,198,0,15143123,g5/13mA/13mA,79,97,0,18
13.025,HR,198,1,14743528,g4/13mA/13mA,79,97,0,18
13.025,HR,198,2,12554340,g4/13mA/13mA,79,97,0,18
13.025,HR,198,3,13989732,g4/13mA/13mA,79,97,0,18
13.025,HR,199,0,15141963,g5/13mA/13mA,79,97,0,18
13.025,HR,199,1,14743051,g4/13mA/13mA,79,97,0,18
13.025,HR,199,2,12553889,g4/13mA/13mA,79,97,0,18
13.025,HR,199,3,13989058,g4/13mA/13mA,79,97,0,18
13.053,HR,200,0,15143267,g5/13mA/13mA,79,97,0,18
13.053,HR,200,1,14743809,g4/13mA/13mA,79,97,0,18
13.053,HR,200,2,12554604,g4/13mA/13mA,79,97,0,18
13.053,HR,200,3,13989876,g4/13mA/13mA,79,97,0,18
13.053,HR,201,0,15141255,g5/13mA/13mA,79,97,0,18
13.053,HR,201,1,14742513,g4/13mA/13mA,79,97,0,18
13.053,HR,201,2,12553180,g4/13mA/13mA,79,97,0,18
13.053,HR,201,3,13988588,g4/13mA/13mA,79,97,0,18
13.053,HR,202,0,15140512,g5/13mA/13mA,79,97,0,18
13.053,HR,202,1,14742283,g4/13mA/13mA,79,97,0,18
13.053,HR,202,2,12552942,g4/13mA/13mA,79,97,0,18
13.053,HR,202,3,13988641,g4/13mA/13mA,79,97,0,18
13.053,HR,203,0,15140615,g5/13mA/13mA,79,97,0,18
13.053,HR,203,1,14742146,g4/13mA/13mA,79,97,0,18
13.053,HR,203,2,12552685,g4/13mA/13mA,79,97,0,18
13.053,HR,203,3,13988332,g4/13mA/13mA,79,97,0,18
13.053,HR,204,0,15141911,g5/13mA/13mA,79,97,0,18
13.053,HR,204,1,14743195,g4/13mA/13mA,79,97,0,18
13.053,HR,204,2,12553787,g4/13mA/13mA,79,97,0,18
13.053,HR,204,3,13989022,g4/13mA/13mA,79,97,0,18
13.053,HR,205,0,15140502,g5/13mA/13mA,79,97,0,18
13.053,HR,205,1,14742111,g4/13mA/13mA,79,97,0,18
13.053,HR,205,2,12552882,g4/13mA/13mA,79,97,0,18
13.053,HR,205,3,13988495,g4/13mA/13mA,79,97,0,18
13.085,HR,206,0,15141654,g5/13mA/13mA,79,97,0,18
13.085,HR,206,1,14742922,g4/13mA/13mA,79,97,0,18
13.085,HR,206,2,12553411,g4/13mA/13mA,79,97,0,18
13.085,HR,206,3,13989111,g4/13mA/13mA,79,97,0,18
13.085,HR,207,0,15140708,g5/13mA/13mA,79,97,0,18
13.085,HR,207,1,14742436,g4/13mA/13mA,79,97,0,18
13.085,HR,207,2,12553301,g4/13mA/13mA,79,97,0,18
13.085,HR,207,3,13988555,g4/13mA/13mA,79,97,0,18
13.085,HR,208,0,15140453,g5/13mA/13mA,79,97,0,18
13.085,HR,208,1,14742513,g4/13mA/13mA,79,97,0,18
13.085,HR,208,2,12552779,g4/13mA/13mA,79,97,0,18
13.085,HR,208,3,13988538,g4/13mA/13mA,79,97,0,18
13.085,HR,209,0,15141766,g5/13mA/13mA,79,97,0,18
13.085,HR,209,1,14742863,g4/13mA/13mA,79,97,0,18
13.085,HR,209,2,12553504,g4/13mA/13mA,79,97,0,18
13.085,HR,209,3,13989082,g4/13mA/13mA,79,97,0,18
13.085,HR,210,0,15140478,g5/13mA/13mA,79,97,0,18
13.085,HR,210,1,14742163,g4/13mA/13mA,79,97,0,18
13.085,HR,210,2,12553070,g4/13mA/13mA,79,97,0,18
13.085,HR,210,3,13988581,g4/13mA/13mA,79,97,0,18
13.085,HR,211,0,15139575,g5/13mA/13mA,79,97,0,18
13.085,HR,211,1,14741089,g4/13mA/13mA,79,97,0,18
13.085,HR,211,2,12552412,g4/13mA/13mA,79,97,0,18
13.085,HR,211,3,13987684,g4/13mA/13mA,79,97,0,18
13.145,HR,212,0,15141160,g5/13mA/13mA,79,97,0,18
13.145,HR,212,1,14743127,g4/13mA/13mA,79,97,0,18
13.145,HR,212,2,12553675,g4/13mA/13mA,79,97,0,18
13.145,HR,212,3,13988957,g4/13mA/13mA,79,97,0,18
13.145,HR,213,0,15141409,g5/13mA/13mA,79,97,0,18
13.145,HR,213,1,14742717,g4/13mA/13mA,79,97,0,18
13.145,HR,213,2,12553267,g4/13mA/13mA,79,97,0,18
13.145,HR,213,3,13988792,g4/13mA/13mA,79,97,0,18
13.145,HR,214,0,15141639,g5/13mA/13mA,79,96,0,18
13.145,HR,214,1,14742725,g4/13mA/13mA,79,96,0,18
13.145,HR,214,2,12553565,g4/13mA/13mA,79,96,0,18
13.145,HR,214,3,13989330,g4/13mA/13mA,79,96,0,18
13.145,HR,215,0,15141492,g5/13mA/13mA,79,96,0,18
13.145,HR,215,1,14742948,g4/13mA/13mA,79,96,0,18
13.145,HR,215,2,12553599,g4/13mA/13mA,79,96,0,18
13.145,HR,215,3,13989067,g4/13mA/13mA,79,96,0,18
13.145,HR,216,0,15140760,g5/13mA/13mA,79,96,0,18
13.145,HR,216,1,14742291,g4/13mA/13mA,79,96,0,18
13.145,HR,216,2,12553044,g4/13mA/13mA,79,96,0,18
13.145,HR,216,3,13988537,g4/13mA/13mA,79,96,0,18
13.175,HR,217,0,15142919,g5/13mA/13mA,79,96,0,18
13.175,HR,217,1,14743672,g4/13mA/13mA,79,96,0,18
13.175,HR,217,2,12553855,g4/13mA/13mA,79,96,0,18
13.175,HR,217,3,13989800,g4/13mA/13mA,79,96,0,18
13.175,HR,218,0,15139753,g5/13mA/13mA,79,96,0,18
13.175,HR,218,1,14741718,g4/13mA/13mA,79,96,0,18
13.175,HR,218,2,12552710,g4/13mA/13mA,79,96,0,18
13.175,HR,218,3,13988110,g4/13mA/13mA,79,96,0,18
13.175,HR,219,0,15142004,g5/13mA/13mA,79,96,0,18
13.175,HR,219,1,14743273,g4/13mA/13mA,79,96,0,18
13.175,HR,219,2,12553497,g4/13mA/13mA,79,96,0,18
13.175,HR,219,3,13989210,g4/13mA/13mA,79,96,0,18
13.175,HR,220,0,15141688,g5/13mA/13mA,79,96,0,18
13.175,HR,220,1,14743137,g4/13mA/13mA,79,96,0,18
13.175,HR,220,2,12553471,g4/13mA/13mA,79,96,0,18
13.175,HR,220,3,13989375,g4/13mA/13mA,79,96,0,18
13.175,HR,221,0,15141304,g5/13mA/13mA,79,96,0,18
13.175,HR,221,1,14742641,g4/13mA/13mA,79,96,0,18
13.175,HR,221,2,12553308,g4/13mA/13mA,79,96,0,18
13.175,HR,221,3,13988878,g4/13mA/13mA,79,96,0,18
13.175,HR,222,0,15140991,g5/13mA/13mA,79,96,0,18
13.175,HR,222,1,14742675,g4/13mA/13mA,79,96,0,18
13.175,HR,222,2,12553036,g4/13mA/13mA,79,96,0,18
13.175,HR,222,3,13988674,g4/13mA/13mA,79,96,0,18
13.262,HR,223,0,15141315,g5/13mA/13mA,79,96,0,18
13.262,HR,223,1,14742795,g4/13mA/13mA,79,96,0,18
13.262,HR,223,2,12553513,g4/13mA/13mA,79,96,0,18
13.262,HR,223,3,13988938,g4/13mA/13mA,79,96,0,18
13.262,HR,224,0,15141518,g5/13mA/13mA,79,96,0,18
13.262,HR,224,1,14742803,g4/13mA/13mA,79,96,0,18
13.262,HR,224,2,12553572,g4/13mA/13mA,79,96,0,18
13.262,HR,224,3,13989203,g4/13mA/13mA,79,96,0,18
13.262,HR,225,0,15140554,g5/13mA/13mA,79,96,0,18
13.262,HR,225,1,14742384,g4/13mA/13mA,79,96,0,18
13.262,HR,225,2,12553146,g4/13mA/13mA,79,96,0,18
13.262,HR,225,3,13988614,g4/13mA/13mA,79,96,0,18
13.262,HR,226,0,15142449,g5/13mA/13mA,79,96,0,18
13.262,HR,226,1,14743273,g4/13mA/13mA,79,96,0,18
13.262,HR,226,2,12554008,g4/13mA/13mA,79,96,0,18
13.262,HR,226,3,13989535,g4/13mA/13mA,79,96,0,18
13.262,HR,227,0,15140418,g5/13mA/13mA,79,96,0,18
13.262,HR,227,1,14742324,g4/13mA/13mA,79,96,0,18
13.262,HR,227,2,12553173,g4/13mA/13mA,79,96,0,18
13.262,HR,227,3,13988691,g4/13mA/13mA,79,96,0,18
13.262,HR,228,0,15141322,g5/13mA/13mA,79,96,0,18
13.262,HR,228,1,14742828,g4/13mA/13mA,79,96,0,18
13.262,HR,228,2,12553317,g4/13mA/13mA,79,96,0,18
13.262,HR,228,3,13989067,g4/13mA/13mA,79,96,0,18
13.266,HRV,195,0,15141228,g5/13mA/13mA,79,96,0,18
13.266,HRV,195,1,14742486,g4/13mA/13mA,79,96,0,18
13.266,HRV,195,2,12553317,g4/13mA/13mA,79,96,0,18
13.266,HRV,195,3,13988768,g4/13mA/13mA,79,96,0,18
13.266,HRV,196,0,15139308,g5/13mA/13mA,79,96,0,18
13.266,HRV,196,1,14741574,g4/13mA/13mA,79,96,0,18
13.266,HRV,196,2,12552251,g4/13mA/13mA,79,96,0,18
13.266,HRV,196,3,13988035,g4/13mA/13mA,79,96,0,18
13.266,HRV,197,0,15141246,g5/13mA/13mA,79,96,0,18
13.266,HRV,197,1,14742760,g4/13mA/13mA,79,96,0,18
13.266,HRV,197,2,12553256,g4/13mA/13mA,79,96,0,18
13.266,HRV,197,3,13988863,g4/13mA/13mA,79,96,0,18
13.266,HRV,198,0,15143123,g5/13mA/13mA,79,96,0,18
13.266,HRV,198,1,14743528,g4/13mA/13mA,79,96,0,18
13.266,HRV,198,2,12554340,g4/13mA/13mA,79,96,0,18
13.266,HRV,198,3,13989732,g4/13mA/13mA,79,96,0,18
13.266,HRV,199,0,15141963,g5/13mA/13mA,79,96,0,18
13.266,HRV,199,1,14743051,g4/13mA/13mA,79,96,0,18
13.266,HRV,199,2,12553889,g4/13mA/13mA,79,96,0,18
13.266,HRV,199,3,13989058,g4/13mA/13mA,79,96,0,18
13.295,HRV,200,0,15143267,g5/13mA/13mA,79,96,0,18
13.295,HRV,200,1,14743809,g4/13mA/13mA,79,96,0,18
13.295,HRV,200,2,12554604,g4/13mA/13mA,79,96,0,18
13.295,HRV,200,3,13989876,g4/13mA/13mA,79,96,0,18
13.295,HRV,201,0,15141255,g5/13mA/13mA,79,96,0,18
13.295,HRV,201,1,14742513,g4/13mA/13mA,79,96,0,18
13.295,HRV,201,2,12553180,g4/13mA/13mA,79,96,0,18
13.295,HRV,201,3,13988588,g4/13mA/13mA,79,96,0,18
13.295,HRV,202,0,15140512,g5/13mA/13mA,79,96,0,18
13.295,HRV,202,1,14742283,g4/13mA/13mA,79,96,0,18
13.295,HRV,202,2,12552942,g4/13mA/13mA,79,96,0,18
13.295,HRV,202,3,13988641,g4/13mA/13mA,79,96,0,18
13.295,HRV,203,0,15140615,g5/13mA/13mA,79,96,0,18
13.295,HRV,203,1,14742146,g4/13mA/13mA,79,96,0,18
13.295,HRV,203,2,12552685,g4/13mA/13mA,79,96,0,18
13.295,HRV,203,3,13988332,g4/13mA/13mA,79,96,0,18
13.295,HRV,204,0,15141911,g5/13mA/13mA,79,96,0,18
13.295,HRV,204,1,14743195,g4/13mA/13mA,79,96,0,18
13.295,HRV,204,2,12553787,g4/13mA/13mA,79,96,0,18
13.295,HRV,204,3,13989022,g4/13mA/13mA,79,96,0,18
13.295,HRV,205,0,15140502,g5/13mA/13mA,79,96,0,18
13.295,HRV,205,1,14742111,g4/13mA/13mA,79,96,0,18
13.295,HRV,205,2,12552882,g4/13mA/13mA,79,96,0,18
13.295,HRV,205,3,13988495,g4/13mA/13mA,79,96,0,18
13.356,HRV,206,0,15141654,g5/13mA/13mA,79,96,0,18
13.356,HRV,206,1,14742922,g4/13mA/13mA,79,96,0,18
13.356,HRV,206,2,12553411,g4/13mA/13mA,79,96,0,18
13.356,HRV,206,3,13989111,g4/13mA/13mA,79,96,0,18
13.356,HRV,207,0,15140708,g5/13mA/13mA,79,96,0,18
13.356,HRV,207,1,14742436,g4/13mA/13mA,79,96,0,18
13.356,HRV,207,2,12553301,g4/13mA/13mA,79,96,0,18
13.356,HRV,207,3,13988555,g4/13mA/13mA,79,96,0,18
13.356,HRV,208,0,15140453,g5/13mA/13mA,79,96,0,18
13.356,HRV,208,1,14742513,g4/13mA/13mA,79,96,0,18
13.356,HRV,208,2,12552779,g4/13mA/13mA,79,96,0,18
13.356,HRV,208,3,13988538,g4/13mA/13mA,79,96,0,18
13.356,HRV,209,0,15141766,g5/13mA/13mA,79,96,0,18
13.356,HRV,209,1,14742863,g4/13mA/13mA,79,96,0,18
13.356,HRV,209,2,12553504,g4/13mA/13mA,79,96,0,18
13.356,HRV,209,3,13989082,g4/13mA/13mA,79,96,0,18
13.356,HRV,210,0,15140478,g5/13mA/13mA,79,96,0,18
13.356,HRV,210,1,14742163,g4/13mA/13mA,79,96,0,18
13.356,HRV,210,2,12553070,g4/13mA/13mA,79,96,0,18
13.356,HRV,210,3,13988581,g4/13mA/13mA,79,96,0,18
13.356,HRV,211,0,15139575,g5/13mA/13mA,79,96,0,18
13.356,HRV,211,1,14741089,g4/13mA/13mA,79,96,0,18
13.356,HRV,211,2,12552412,g4/13mA/13mA,79,96,0,18
13.356,HRV,211,3,13987684,g4/13mA/13mA,79,96,0,18
13.385,HRV,212,0,15141160,g5/13mA/13mA,79,96,0,18
13.385,HRV,212,1,14743127,g4/13mA/13mA,79,96,0,18
13.385,HRV,212,2,12553675,g4/13mA/13mA,79,96,0,18
13.385,HRV,212,3,13988957,g4/13mA/13mA,79,96,0,18
13.385,HRV,213,0,15141409,g5/13mA/13mA,79,96,0,18
13.385,HRV,213,1,14742717,g4/13mA/13mA,79,96,0,18
13.385,HRV,213,2,12553267,g4/13mA/13mA,79,96,0,18
13.385,HRV,213,3,13988792,g4/13mA/13mA,79,96,0,18
13.386,HRV,214,0,15141639,g5/13mA/13mA,79,96,0,18
13.386,HRV,214,1,14742725,g4/13mA/13mA,79,96,0,18
13.386,HRV,214,2,12553565,g4/13mA/13mA,79,96,0,18
13.386,HRV,214,3,13989330,g4/13mA/13mA,79,96,0,18
13.386,HRV,215,0,15141492,g5/13mA/13mA,79,96,0,18
13.386,HRV,215,1,14742948,g4/13mA/13mA,79,96,0,18
13.386,HRV,215,2,12553599,g4/13mA/13mA,79,96,0,18
13.386,HRV,215,3,13989067,g4/13mA/13mA,79,96,0,18
13.386,HRV,216,0,15140760,g5/13mA/13mA,79,96,0,18
13.386,HRV,216,1,14742291,g4/13mA/13mA,79,96,0,18
13.386,HRV,216,2,12553044,g4/13mA/13mA,79,96,0,18
13.386,HRV,216,3,13988537,g4/13mA/13mA,79,96,0,18
13.415,HRV,217,0,15142919,g5/13mA/13mA,79,96,0,18
13.415,HRV,217,1,14743672,g4/13mA/13mA,79,96,0,18
13.415,HRV,217,2,12553855,g4/13mA/13mA,79,96,0,18
13.415,HRV,217,3,13989800,g4/13mA/13mA,79,96,0,18
13.415,HRV,218,0,15139753,g5/13mA/13mA,79,96,0,18
13.415,HRV,218,1,14741718,g4/13mA/13mA,79,96,0,18
13.415,HRV,218,2,12552710,g4/13mA/13mA,79,96,0,18
13.415,HRV,218,3,13988110,g4/13mA/13mA,79,96,0,18
13.415,HRV,219,0,15142004,g5/13mA/13mA,79,96,0,18
13.415,HRV,219,1,14743273,g4/13mA/13mA,79,96,0,18
13.415,HRV,219,2,12553497,g4/13mA/13mA,79,96,0,18
13.415,HRV,219,3,13989210,g4/13mA/13mA,79,96,0,18
13.415,HRV,220,0,15141688,g5/13mA/13mA,79,96,0,18
13.415,HRV,220,1,14743137,g4/13mA/13mA,79,96,0,18
13.415,HRV,220,2,12553471,g4/13mA/13mA,79,96,0,18
13.415,HRV,220,3,13989375,g4/13mA/13mA,79,96,0,18
13.415,HRV,221,0,15141304,g5/13mA/13mA,79,96,0,18
13.415,HRV,221,1,14742641,g4/13mA/13mA,79,96,0,18
13.415,HRV,221,2,12553308,g4/13mA/13mA,79,96,0,18
13.415,HRV,221,3,13988878,g4/13mA/13mA,79,96,0,18
13.415,HRV,222,0,15140991,g5/13mA/13mA,79,96,0,18
13.415,HRV,222,1,14742675,g4/13mA/13mA,79,96,0,18
13.415,HRV,222,2,12553036,g4/13mA/13mA,79,96,0,18
13.415,HRV,222,3,13988674,g4/13mA/13mA,79,96,0,18
13.477,HRV,223,0,15141315,g5/13mA/13mA,79,96,0,18
13.477,HRV,223,1,14742795,g4/13mA/13mA,79,96,0,18
13.477,HRV,223,2,12553513,g4/13mA/13mA,79,96,0,18
13.477,HRV,223,3,13988938,g4/13mA/13mA,79,96,0,18
13.477,HRV,224,0,15141518,g5/13mA/13mA,79,96,0,18
13.477,HRV,224,1,14742803,g4/13mA/13mA,79,96,0,18
13.477,HRV,224,2,12553572,g4/13mA/13mA,79,96,0,18
13.477,HRV,224,3,13989203,g4/13mA/13mA,79,96,0,18
13.477,HRV,225,0,15140554,g5/13mA/13mA,79,96,0,18
13.477,HRV,225,1,14742384,g4/13mA/13mA,79,96,0,18
13.477,HRV,225,2,12553146,g4/13mA/13mA,79,96,0,18
13.477,HRV,225,3,13988614,g4/13mA/13mA,79,96,0,18
13.477,HRV,226,0,15142449,g5/13mA/13mA,79,96,0,18
13.477,HRV,226,1,14743273,g4/13mA/13mA,79,96,0,18
13.477,HRV,226,2,12554008,g4/13mA/13mA,79,96,0,18
13.477,HRV,226,3,13989535,g4/13mA/13mA,79,96,0,18
13.477,HRV,227,0,15140418,g5/13mA/13mA,79,96,0,18
13.477,HRV,227,1,14742324,g4/13mA/13mA,79,96,0,18
13.477,HRV,227,2,12553173,g4/13mA/13mA,79,96,0,18
13.477,HRV,227,3,13988691,g4/13mA/13mA,79,96,0,18
13.477,HRV,228,0,15141322,g5/13mA/13mA,79,96,0,18
13.477,HRV,228,1,14742828,g4/13mA/13mA,79,96,0,18
13.477,HRV,228,2,12553317,g4/13mA/13mA,79,96,0,18
13.477,HRV,228,3,13989067,g4/13mA/13mA,79,96,0,18
13.566,SPO2,195,0,12975675,g1/60mA/0mA,79,96,0,18
13.566,SPO2,195,1,12229626,g1/25mA/0mA,79,96,0,18
13.566,SPO2,196,0,12974924,g1/60mA/0mA,79,96,0,18
13.566,SPO2,196,1,12229866,g1/25mA/0mA,79,96,0,18
13.566,SPO2,197,0,12975812,g1/60mA/0mA,79,96,0,18
13.566,SPO2,197,1,12229980,g1/25mA/0mA,79,96,0,18
13.566,SPO2,198,0,12976811,g1/60mA/0mA,79,96,0,18
13.566,SPO2,198,1,12230274,g1/25mA/0mA,79,96,0,18
13.566,SPO2,199,0,12976052,g1/60mA/0mA,79,96,0,18
13.566,SPO2,199,1,12229653,g1/25mA/0mA,79,96,0,18
13.566,SPO2,200,0,12977259,g1/60mA/0mA,79,96,0,18
13.566,SPO2,200,1,12230456,g1/25mA/0mA,79,96,0,18
13.566,SPO2,201,0,12975869,g1/60mA/0mA,79,96,0,18
13.566,SPO2,201,1,12230149,g1/25mA/0mA,79,96,0,18
13.567,SPO2,202,0,12975373,g1/60mA/0mA,79,96,0,18
13.567,SPO2,202,1,12229688,g1/25mA/0mA,79,96,0,18
13.567,SPO2,203,0,12975274,g1/60mA/0mA,79,96,0,18
13.567,SPO2,203,1,12229601,g1/25mA/0mA,79,96,0,18
13.567,SPO2,204,0,12976254,g1/60mA/0mA,79,96,0,18
13.567,SPO2,204,1,12230109,g1/25mA/0mA,79,96,0,18
13.567,SPO2,205,0,12975545,g1/60mA/0mA,79,96,0,18
13.567,SPO2,205,1,12229814,g1/25mA/0mA,79,96,0,18
13.567,SPO2,206,0,12975918,g1/60mA/0mA,79,96,0,18
13.567,SPO2,206,1,12229983,g1/25mA/0mA,79,96,0,18
13.567,SPO2,207,0,12975773,g1/60mA/0mA,79,96,0,18
13.567,SPO2,207,1,12229971,g1/25mA/0mA,79,96,0,18
13.567,SPO2,208,0,12975373,g1/60mA/0mA,79,96,0,18
13.567,SPO2,208,1,12229799,g1/25mA/0mA,79,96,0,18
13.567,SPO2,209,0,12975949,g1/60mA/0mA,79,96,0,18
13.567,SPO2,209,1,12230071,g1/25mA/0mA,79,96,0,18
13.596,SPO2,210,0,12975614,g1/60mA/0mA,79,96,0,18
13.596,SPO2,210,1,12230038,g1/25mA/0mA,79,96,0,18
13.596,SPO2,211,0,12974703,g1/60mA/0mA,79,96,0,18
13.596,SPO2,211,1,12229368,g1/25mA/0mA,79,96,0,18
13.596,SPO2,212,0,12976491,g1/60mA/0mA,79,96,0,18
13.596,SPO2,212,1,12230491,g1/25mA/0mA,79,96,0,18
13.596,SPO2,213,0,12975892,g1/60mA/0mA,79,96,0,18
13.596,SPO2,213,1,12229898,g1/25mA/0mA,79,96,0,18
13.596,SPO2,214,0,12976128,g1/60mA/0mA,79,96,0,19
13.596,SPO2,214,1,12229880,g1/25mA/0mA,79,96,0,19
13.596,SPO2,215,0,12976278,g1/60mA/0mA,79,96,0,19
13.596,SPO2,215,1,12230171,g1/25mA/0mA,79,96,0,19
13.625,SPO2,216,0,12975386,g1/60mA/0mA,79,96,0,19
13.625,SPO2,216,1,12229778,g1/25mA/0mA,79,96,0,19
13.625,SPO2,217,0,12976409,g1/60mA/0mA,79,96,0,19
13.625,SPO2,217,1,12229960,g1/25mA/0mA,79,96,0,19
13.625,SPO2,218,0,12975047,g1/60mA/0mA,79,96,0,19
13.625,SPO2,218,1,12229780,g1/25mA/0mA,79,96,0,19
13.625,SPO2,219,0,12976032,g1/60mA/0mA,79,96,0,19
13.625,SPO2,219,1,12229966,g1/25mA/0mA,79,96,0,19
13.625,SPO2,220,0,12976278,g1/60mA/0mA,79,96,0,19
13.625,SPO2,220,1,12230173,g1/25mA/0mA,79,96,0,19
13.625,SPO2,221,0,12976049,g1/60mA/0mA,79,96,0,19
13.625,SPO2,221,1,12230024,g1/25mA/0mA,79,96,0,19
13.625,SPO2,222,0,12975807,g1/60mA/0mA,79,96,0,19
13.625,SPO2,222,1,12229924,g1/25mA/0mA,79,96,0,19
13.625,SPO2,223,0,12975508,g1/60mA/0mA,79,96,0,19
13.625,SPO2,223,1,12229604,g1/25mA/0mA,79,96,0,19
13.685,SPO2,224,0,12976193,g1/60mA/0mA,79,96,0,19
13.685,SPO2,224,1,12230123,g1/25mA/0mA,79,96,0,19
13.685,SPO2,225,0,12975269,g1/60mA/0mA,79,96,0,19
13.685,SPO2,225,1,12229586,g1/25mA/0mA,79,96,0,19
13.685,SPO2,226,0,12976617,g1/60mA/0mA,79,96,0,19
13.685,SPO2,226,1,12230288,g1/25mA/0mA,79,96,0,19
13.685,SPO2,227,0,12975323,g1/60mA/0mA,79,96,0,19
13.685,SPO2,227,1,12229693,g1/25mA/0mA,79,96,0,19
13.685,SPO2,228,0,12975875,g1/60mA/0mA,79,96,0,19
13.685,SPO2,228,1,12229908,g1/25mA/0mA,79,96,0,19
14.194,HR,229,0,15142618,g5/13mA/13mA,79,96,0,19
14.194,HR,229,1,14743468,g4/13mA/13mA,79,96,0,19
14.194,HR,229,2,12554119,g4/13mA/13mA,79,96,0,19
14.194,HR,229,3,13989706,g4/13mA/13mA,79,96,0,19
14.194,HR,230,0,15139003,g5/13mA/13mA,79,96,0,19
14.194,HR,230,1,14741601,g4/13mA/13mA,79,96,0,19
14.194,HR,230,2,12552428,g4/13mA/13mA,79,96,0,19
14.194,HR,230,3,13988163,g4/13mA/13mA,79,96,0,19
14.194,HR,231,0,15142953,g5/13mA/13mA,79,96,0,19
14.194,HR,231,1,14743877,g4/13mA/13mA,79,96,0,19
14.194,HR,231,2,12554067,g4/13mA/13mA,79,96,0,19
14.194,HR,231,3,13989691,g4/13mA/13mA,79,96,0,19
14.194,HR,232,0,15142030,g5/13mA/13mA,79,96,0,19
14.194,HR,232,1,14743178,g4/13mA/13mA,79,96,0,19
14.194,HR,232,2,12553565,g4/13mA/13mA,79,96,0,19
14.194,HR,232,3,13989228,g4/13mA/13mA,79,96,0,19
14.194,HR,233,0,15140147,g5/13mA/13mA,79,96,0,19
14.194,HR,233,1,14741796,g4/13mA/13mA,79,96,0,19
14.194,HR,233,2,12552650,g4/13mA/13mA,79,96,0,19
14.194,HR,233,3,13988316,g4/13mA/13mA,79,96,0,19
14.254,HR,234,0,15142109,g5/13mA/13mA,79,96,0,19
14.254,HR,234,1,14743075,g4/13mA/13mA,79,96,0,19
14.254,HR,234,2,12553719,g4/13mA/13mA,79,96,0,19
14.254,HR,234,3,13989246,g4/13mA/13mA,79,96,0,19
14.254,HR,235,0,15140701,g5/13mA/13mA,79,96,0,19
14.254,HR,235,1,14742376,g4/13mA/13mA,79,96,0,19
14.254,HR,235,2,12553128,g4/13mA/13mA,79,96,0,19
14.254,HR,235,3,13988750,g4/13mA/13mA,79,96,0,19
14.254,HR,236,0,15141571,g5/13mA/13mA,79,96,0,19
14.254,HR,236,1,14743186,g4/13mA/13mA,79,96,0,19
14.254,HR,236,2,12553666,g4/13mA/13mA,79,96,0,19
14.254,HR,236,3,13989433,g4/13mA/13mA,79,96,0,19
14.254,HR,237,0,15142048,g5/13mA/13mA,79,96,0,19
14.254,HR,237,1,14743134,g4/13mA/13mA,79,96,0,19
14.254,HR,237,2,12553666,g4/13mA/13mA,79,96,0,19
14.254,HR,237,3,13989100,g4/13mA/13mA,79,96,0,19
14.254,HR,238,0,15140102,g5/13mA/13mA,79,96,0,19
14.254,HR,238,1,14741958,g4/13mA/13mA,79,96,0,19
14.254,HR,238,2,12552635,g4/13mA/13mA,79,96,0,19
14.254,HR,238,3,13988264,g4/13mA/13mA,79,96,0,19
14.284,HR,239,0,15142782,g5/13mA/13mA,79,97,0,19
14.284,HR,239,1,14743672,g4/13mA/13mA,79,97,0,19
14.284,HR,239,2,12554392,g4/13mA/13mA,79,97,0,19
14.284,HR,239,3,13989699,g4/13mA/13mA,79,97,0,19
14.284,HR,240,0,15141093,g5/13mA/13mA,79,97,0,19
14.284,HR,240,1,14742495,g4/13mA/13mA,79,97,0,19
14.284,HR,240,2,12552959,g4/13mA/13mA,79,97,0,19
14.284,HR,240,3,13988623,g4/13mA/13mA,79,97,0,19
14.284,HR,241,0,15142704,g5/13mA/13mA,79,97,0,19
14.284,HR,241,1,14743409,g4/13mA/13mA,79,97,0,19
14.284,HR,241,2,12553939,g4/13mA/13mA,79,97,0,19
14.284,HR,241,3,13989511,g4/13mA/13mA,79,97,0,19
14.284,HR,242,0,15140667,g5/13mA/13mA,79,97,0,19
14.284,HR,242,1,14742400,g4/13mA/13mA,79,97,0,19
14.284,HR,242,2,12553360,g4/13mA/13mA,79,97,0,19
14.284,HR,242,3,13988795,g4/13mA/13mA,79,97,0,19
14.284,HR,243,0,15141657,g5/13mA/13mA,79,97,0,19
14.284,HR,243,1,14743281,g4/13mA/13mA,79,97,0,19
14.284,HR,243,2,12553640,g4/13mA/13mA,79,97,0,19
14.284,HR,243,3,13989117,g4/13mA/13mA,79,97,0,19
14.314,HR,244,0,15141861,g5/13mA/13mA,79,97,0,19
14.314,HR,244,1,14743161,g4/13mA/13mA,79,97,0,19
14.314,HR,244,2,12553513,g4/13mA/13mA,79,97,0,19
14.314,HR,244,3,13989111,g4/13mA/13mA,79,97,0,19
14.314,HR,245,0,15140717,g5/13mA/13mA,79,97,0,19
14.314,HR,245,1,14742658,g4/13mA/13mA,79,97,0,19
14.314,HR,245,2,12552985,g4/13mA/13mA,79,97,0,19
14.314,HR,245,3,13988648,g4/13mA/13mA,79,97,0,19
14.314,HR,246,0,15140547,g5/13mA/13mA,79,97,0,19
14.314,HR,246,1,14742375,g4/13mA/13mA,79,97,0,19
14.314,HR,246,2,12553044,g4/13mA/13mA,79,97,0,19
14.314,HR,246,3,13988691,g4/13mA/13mA,79,97,0,19
14.314,HR,247,0,15142098,g5/13mA/13mA,79,97,0,19
14.314,HR,247,1,14743101,g4/13mA/13mA,79,97,0,19
14.314,HR,247,2,12553804,g4/13mA/13mA,79,97,0,19
14.314,HR,247,3,13989203,g4/13mA/13mA,79,97,0,19
14.314,HR,248,0,15139462,g5/13mA/13mA,79,97,0,19
14.314,HR,248,1,14741541,g4/13mA/13mA,79,97,0,19
14.314,HR,248,2,12552353,g4/13mA/13mA,79,97,0,19
14.314,HR,248,3,13987727,g4/13mA/13mA,79,97,0,19
14.314,HR,249,0,15141921,g5/13mA/13mA,79,97,0,19
14.314,HR,249,1,14743330,g4/13mA/13mA,79,97,0,19
14.314,HR,249,2,12553889,g4/13mA/13mA,79,97,0,19
14.314,HR,249,3,13989382,g4/13mA/13mA,79,97,0,19
14.376,HR,250,0,15141639,g5/13mA/13mA,79,97,0,19
14.376,HR,250,1,14742930,g4/13mA/13mA,79,97,0,19
14.376,HR,250,2,12553369,g4/13mA/13mA,79,97,0,19
14.376,HR,250,3,13988734,g4/13mA/13mA,79,97,0,19
14.376,HR,251,0,15141221,g5/13mA/13mA,79,97,0,19
14.376,HR,251,1,14742196,g4/13mA/13mA,79,97,0,19
14.376,HR,251,2,12553154,g4/13mA/13mA,79,97,0,19
14.376,HR,251,3,13989025,g4/13mA/13mA,79,97,0,19
14.376,HR,252,0,15144146,g5/13mA/13mA,79,97,0,19
14.376,HR,252,1,14744406,g4/13mA/13mA,79,97,0,19
14.376,HR,252,2,12554929,g4/13mA/13mA,79,97,0,19
14.376,HR,252,3,13990031,g4/13mA/13mA,79,97,0,19
14.376,HR,253,0,15142798,g5/13mA/13mA,79,97,0,19
14.376,HR,253,1,14743647,g4/13mA/13mA,79,97,0,19
14.376,HR,253,2,12553914,g4/13mA/13mA,79,97,0,19
14.376,HR,253,3,13989586,g4/13mA/13mA,79,97,0,19
14.376,HR,254,0,15141894,g5/13mA/13mA,79,97,0,19
14.376,HR,254,1,14743032,g4/13mA/13mA,79,97,0,19
14.376,HR,254,2,12553719,g4/13mA/13mA,79,97,0,19
14.376,HR,254,3,13988836,g4/13mA/13mA,79,97,0,19
14.376,HR,255,0,15142866,g5/13mA/13mA,79,97,0,19
14.376,HR,255,1,14743936,g4/13mA/13mA,79,97,0,19
14.376,HR,255,2,12554290,g4/13mA/13mA,79,97,0,19
14.376,HR,255,3,13989714,g4/13mA/13mA,79,97,0,19
14.463,HR,0,0,15140871,g5/13mA/13mA,79,97,0,19
14.463,HR,0,1,14742471,g4/13mA/13mA,79,97,0,19
14.463,HR,0,2,12553274,g4/13mA/13mA,79,97,0,19
14.463,HR,0,3,13988443,g4/13mA/13mA,79,97,0,19
14.463,HR,1,0,15142739,g5/13mA/13mA,79,97,0,19
14.463,HR,1,1,14743843,g4/13mA/13mA,79,97,0,19
14.463,HR,1,2,12554179,g4/13mA/13mA,79,97,0,19
14.463,HR,1,3,13989766,g4/13mA/13mA,79,97,0,19
14.463,HR,2,0,15141341,g5/13mA/13mA,79,97,0,19
14.463,HR,2,1,14742750,g4/13mA/13mA,79,97,0,19
14.463,HR,2,2,12553173,g4/13mA/13mA,79,97,0,19
14.463,HR,2,3,13989075,g4/13mA/13mA,79,97,0,19
14.463,HR,3,0,15142517,g5/13mA/13mA,79,97,0,19
14.463,HR,3,1,14743792,g4/13mA/13mA,79,97,0,19
14.463,HR,3,2,12553880,g4/13mA/13mA,79,97,0,19
14.463,HR,3,3,13989289,g4/13mA/13mA,79,97,0,19
14.463,HR,4,0,15141255,g5/13mA/13mA,79,97,0,19
14.463,HR,4,1,14742648,g4/13mA/13mA,79,97,0,19
14.463,HR,4,2,12553240,g4/13mA/13mA,79,97,0,19
14.463,HR,4,3,13988886,g4/13mA/13mA,79,97,0,19
14.463,HR,5,0,15142329,g5/13mA/13mA,79,97,0,19
14.463,HR,5,1,14743213,g4/13mA/13mA,79,97,0,19
14.463,HR,5,2,12553802,g4/13mA/13mA,79,97,0,19
14.463,HR,5,3,13989375,g4/13mA/13mA,79,97,0,19
14.463,HR,6,0,15141016,g5/13mA/13mA,79,97,0,19
14.463,HR,6,1,14742708,g4/13mA/13mA,79,97,0,19
14.463,HR,6,2,12553112,g4/13mA/13mA,79,97,0,19
14.463,HR,6,3,13988818,g4/13mA/13mA,79,97,0,19
14.495,HRV,229,0,15142618,g5/13mA/13mA,79,97,0,19
14.495,HRV,229,1,14743468,g4/13mA/13mA,79,97,0,19
14.495,HRV,229,2,12554119,g4/13mA/13mA,79,97,0,19
14.495,HRV,229,3,13989706,g4/13mA/13mA,79,97,0,19
14.495,HRV,230,0,15139003,g5/13mA/13mA,79,97,0,19
14.495,HRV,230,1,14741601,g4/13mA/13mA,79,97,0,19
14.495,HRV,230,2,12552428,g4/13mA/13mA,79,97,0,19
14.495,HRV,230,3,13988163,g4/13mA/13mA,79,97,0,19
14.495,HRV,231,0,15142953,g5/13mA/13mA,79,97,0,19
14.495,HRV,231,1,14743877,g4/13mA/13mA,79,97,0,19
14.495,HRV,231,2,12554067,g4/13mA/13mA,79,97,0,19
14.495,HRV,231,3,13989691,g4/13mA/13mA,79,97,0,19
14.495,HRV,232,0,15142030,g5/13mA/13mA,79,97,0,19
14.495,HRV,232,1,14743178,g4/13mA/13mA,79,97,0,19
14.495,HRV,232,2,12553565,g4/13mA/13mA,79,97,0,19
14.495,HRV,232,3,13989228,g4/13mA/13mA,79,97,0,19
14.495,HRV,233,0,15140147,g5/13mA/13mA,79,97,0,19
14.495,HRV,233,1,14741796,g4/13mA/13mA,79,97,0,19
14.495,HRV,233,2,12552650,g4/13mA/13mA,79,97,0,19
14.495,HRV,233,3,13988316,g4/13mA/13mA,79,97,0,19
14.524,HRV,234,0,15142109,g5/13mA/13mA,79,97,0,19
14.524,HRV,234,1,14743075,g4/13mA/13mA,79,97,0,19
14.524,HRV,234,2,12553719,g4/13mA/13mA,79,97,0,19
14.524,HRV,234,3,13989246,g4/13mA/13mA,79,97,0,19
14.525,HRV,235,0,15140701,g5/13mA/13mA,79,97,0,19
14.525,HRV,235,1,14742376,g4/13mA/13mA,79,97,0,19
14.525,HRV,235,2,12553128,g4/13mA/13mA,79,97,0,19
14.525,HRV,235,3,13988750,g4/13mA/13mA,79,97,0,19
14.525,HRV,236,0,15141571,g5/13mA/13mA,79,97,0,19
14.525,HRV,236,1,14743186,g4/13mA/13mA,79,97,0,19
14.525,HRV,236,2,12553666,g4/13mA/13mA,79,97,0,19
14.525,HRV,236,3,13989433,g4/13mA/13mA,79,97,0,19
14.525,HRV,237,0,15142048,g5/13mA/13mA,79,97,0,19
14.525,HRV,237,1,14743134,g4/13mA/13mA,79,97,0,19
14.525,HRV,237,2,12553666,g4/13mA/13mA,79,97,0,19
14.525,HRV,237,3,13989100,g4/13mA/13mA,79,97,0,19
14.525,HRV,238,0,15140102,g5/13mA/13mA,79,97,0,19
14.525,HRV,238,1,14741958,g4/13mA/13mA,79,97,0,19
14.525,HRV,238,2,12552635,g4/13mA/13mA,79,97,0,19
14.525,HRV,238,3,13988264,g4/13mA/13mA,79,97,0,19
14.555,HRV,239,0,15142782,g5/13mA/13mA,79,97,0,19
14.555,HRV,239,1,14743672,g4/13mA/13mA,79,97,0,19
14.555,HRV,239,2,12554392,g4/13mA/13mA,79,97,0,19
14.555,HRV,239,3,13989699,g4/13mA/13mA,79,97,0,19
14.555,HRV,240,0,15141093,g5/13mA/13mA,79,97,0,19
14.555,HRV,240,1,14742495,g4/13mA/13mA,79,97,0,19
14.555,HRV,240,2,12552959,g4/13mA/13mA,79,97,0,19
14.555,HRV,240,3,13988623,g4/13mA/13mA,79,97,0,19
14.555,HRV,241,0,15142704,g5/13mA/13mA,79,97,0,19
14.555,HRV,241,1,14743409,g4/13mA/13mA,79,97,0,19
14.555,HRV,241,2,12553939,g4/13mA/13mA,79,97,0,19
14.555,HRV,241,3,13989511,g4/13mA/13mA,79,97,0,19
14.555,HRV,242,0,15140667,g5/13mA/13mA,79,97,0,19
14.555,HRV,242,1,14742400,g4/13mA/13mA,79,97,0,19
14.555,HRV,242,2,12553360,g4/13mA/13mA,79,97,0,19
14.555,HRV,242,3,13988795,g4/13mA/13mA,79,97,0,19
14.555,HRV,243,0,15141657,g5/13mA/13mA,79,97,0,19
14.555,HRV,243,1,14743281,g4/13mA/13mA,79,97,0,19
14.555,HRV,243,2,12553640,g4/13mA/13mA,79,97,0,19
14.555,HRV,243,3,13989117,g4/13mA/13mA,79,97,0,19
14.616,HRV,244,0,15141861,g5/13mA/13mA,79,97,0,19
14.616,HRV,244,1,14743161,g4/13mA/13mA,79,97,0,19
14.616,HRV,244,2,12553513,g4/13mA/13mA,79,97,0,19
14.616,HRV,244,3,13989111,g4/13mA/13mA,79,97,0,19
14.616,HRV,245,0,15140717,g5/13mA/13mA,79,97,0,19
14.616,HRV,245,1,14742658,g4/13mA/13mA,79,97,0,19
14.616,HRV,245,2,12552985,g4/13mA/13mA,79,97,0,19
14.616,HRV,245,3,13988648,g4/13mA/13mA,79,97,0,19
14.616,HRV,246,0,15140547,g5/13mA/13mA,79,97,0,19
14.616,HRV,246,1,14742375,g4/13mA/13mA,79,97,0,19
14.616,HRV,246,2,12553044,g4/13mA/13mA,79,97,0,19
14.616,HRV,246,3,13988691,g4/13mA/13mA,79,97,0,19
14.617,HRV,247,0,15142098,g5/13mA/13mA,79,97,0,19
14.617,HRV,247,1,14743101,g4/13mA/13mA,79,97,0,19
14.617,HRV,247,2,12553804,g4/13mA/13mA,79,97,0,19
14.617,HRV,247,3,13989203,g4/13mA/13mA,79,97,0,19
14.617,HRV,248,0,15139462,g5/13mA/13mA,79,97,0,19
14.617,HRV,248,1,14741541,g4/13mA/13mA,79,97,0,19
14.617,HRV,248,2,12552353,g4/13mA/13mA,79,97,0,19
14.617,HRV,248,3,13987727,g4/13mA/13mA,79,97,0,19
14.617,HRV,249,0,15141921,g5/13mA/13mA,79,97,0,19
14.617,HRV,249,1,14743330,g4/13mA/13mA,79,97,0,19
14.617,HRV,249,2,12553889,g4/13mA/13mA,79,97,0,19
14.617,HRV,249,3,13989382,g4/13mA/13mA,79,97,0,19
14.677,HRV,250,0,15141639,g5/13mA/13mA,79,97,0,19
14.677,HRV,250,1,14742930,g4/13mA/13mA,79,97,0,19
14.677,HRV,250,2,12553369,g4/13mA/13mA,79,97,0,19
14.677,HRV,250,3,13988734,g4/13mA/13mA,79,97,0,19
14.677,HRV,251,0,15141221,g5/13mA/13mA,79,97,0,19
14.678,HRV,251,1,14742196,g4/13mA/13mA,79,97,0,19
14.678,HRV,251,2,12553154,g4/13mA/13mA,79,97,0,19
14.678,HRV,251,3,13989025,g4/13mA/13mA,79,97,0,19
14.678,HRV,252,0,15144146,g5/13mA/13mA,79,97,0,19
14.678,HRV,252,1,14744406,g4/13mA/13mA,79,97,0,19
14.678,HRV,252,2,12554929,g4/13mA/13mA,79,97,0,19
14.678,HRV,252,3,13990031,g4/13mA/13mA,79,97,0,19
14.678,HRV,253,0,15142798,g5/13mA/13mA,79,97,0,19
14.678,HRV,253,1,14743647,g4/13mA/13mA,79,97,0,19
14.678,HRV,253,2,12553914,g4/13mA/13mA,79,97,0,19
14.678,HRV,253,3,13989586,g4/13mA/13mA,79,97,0,19
14.678,HRV,254,0,15141894,g5/13mA/13mA,79,97,0,19
14.678,HRV,254,1,14743032,g4/13mA/13mA,79,97,0,19
14.678,HRV,254,2,12553719,g4/13mA/13mA,79,97,0,19
14.678,HRV,254,3,13988836,g4/13mA/13mA,79,97,0,19
14.678,HRV,255,0,15142866,g5/13mA/13mA,79,97,0,19
14.678,HRV,255,1,14743936,g4/13mA/13mA,79,97,0,19
14.678,HRV,255,2,12554290,g4/13mA/13mA,79,97,0,19
14.678,HRV,255,3,13989714,g4/13mA/13mA,79,97,0,19
14.703,HRV,0,0,15140871,g5/13mA/13mA,79,97,0,19
14.703,HRV,0,1,14742471,g4/13mA/13mA,79,97,0,19
14.703,HRV,0,2,12553274,g4/13mA/13mA,79,97,0,19
14.703,HRV,0,3,13988443,g4/13mA/13mA,79,97,0,19
14.703,HRV,1,0,15142739,g5/13mA/13mA,79,97,0,19
14.703,HRV,1,1,14743843,g4/13mA/13mA,79,97,0,19
14.703,HRV,1,2,12554179,g4/13mA/13mA,79,97,0,19
14.703,HRV,1,3,13989766,g4/13mA/13mA,79,97,0,19
14.703,HRV,2,0,15141341,g5/13mA/13mA,79,97,0,19
14.703,HRV,2,1,14742750,g4/13mA/13mA,79,97,0,19
14.703,HRV,2,2,12553173,g4/13mA/13mA,79,97,0,19
14.703,HRV,2,3,13989075,g4/13mA/13mA,79,97,0,19
14.703,HRV,3,0,15142517,g5/13mA/13mA,79,97,0,19
14.703,HRV,3,1,14743792,g4/13mA/13mA,79,97,0,19
14.703,HRV,3,2,12553880,g4/13mA/13mA,79,97,0,19
14.703,HRV,3,3,13989289,g4/13mA/13mA,79,97,0,19
14.703,HRV,4,0,15141255,g5/13mA/13mA,79,97,0,19
14.703,HRV,4,1,14742648,g4/13mA/13mA,79,97,0,19
14.703,HRV,4,2,12553240,g4/13mA/13mA,79,97,0,19
14.703,HRV,4,3,13988886,g4/13mA/13mA,79,97,0,19
14.703,HRV,5,0,15142329,g5/13mA/13mA,79,97,0,19
14.703,HRV,5,1,14743213,g4/13mA/13mA,79,97,0,19
14.703,HRV,5,2,12553802,g4/13mA/13mA,79,97,0,19
14.703,HRV,5,3,13989375,g4/13mA/13mA,79,97,0,19
14.733,HRV,6,0,15141016,g5/13mA/13mA,79,97,0,19
14.733,HRV,6,1,14742708,g4/13mA/13mA,79,97,0,19
14.733,HRV,6,2,12553112,g4/13mA/13mA,79,97,0,19
14.733,HRV,6,3,13988818,g4/13mA/13mA,79,97,0,19
14.764,SPO2,229,0,12977274,g1/60mA/0mA,79,97,0,19
14.764,SPO2,229,1,12231072,g1/25mA/0mA,79,97,0,19
14.764,SPO2,230,0,12974331,g1/60mA/0mA,79,97,0,19
14.764,SPO2,230,1,12228976,g1/25mA/0mA,79,97,0,19
14.764,SPO2,231,0,12977141,g1/60mA/0mA,79,97,0,19
14.764,SPO2,231,1,12230880,g1/25mA/0mA,79,97,0,19
14.764,SPO2,232,0,12975974,g1/60mA/0mA,79,97,0,19
14.764,SPO2,232,1,12229921,g1/25mA/0mA,79,97,0,19
14.764,SPO2,233,0,12975133,g1/60mA/0mA,79,97,0,19
14.764,SPO2,233,1,12229725,g1/25mA/0mA,79,97,0,19
14.764,SPO2,234,0,12976344,g1/60mA/0mA,79,97,0,19
14.764,SPO2,234,1,12230239,g1/25mA/0mA,79,97,0,19
14.764,SPO2,235,0,12975326,g1/60mA/0mA,79,97,0,19
14.764,SPO2,235,1,12229573,g1/25mA/0mA,79,97,0,19
14.794,SPO2,236,0,12976471,g1/60mA/0mA,79,97,0,19
14.794,SPO2,236,1,12230401,g1/25mA/0mA,79,97,0,19
14.794,SPO2,237,0,12976223,g1/60mA/0mA,79,97,0,19
14.794,SPO2,237,1,12230222,g1/25mA/0mA,79,97,0,19
14.794,SPO2,238,0,12974705,g1/60mA/0mA,79,97,0,19
14.794,SPO2,238,1,12229179,g1/25mA/0mA,79,97,0,19
14.794,SPO2,239,0,12977010,g1/60mA/0mA,79,97,0,18
14.794,SPO2,239,1,12230476,g1/25mA/0mA,79,97,0,18
14.794,SPO2,240,0,12975484,g1/60mA/0mA,79,97,0,18
14.794,SPO2,240,1,12229714,g1/25mA/0mA,79,97,0,18
14.794,SPO2,241,0,12976548,g1/60mA/0mA,79,97,0,18
14.794,SPO2,241,1,12230192,g1/25mA/0mA,79,97,0,18
14.856,SPO2,242,0,12975819,g1/60mA/0mA,79,97,0,18
14.856,SPO2,242,1,12229980,g1/25mA/0mA,79,97,0,18
14.856,SPO2,243,0,12975728,g1/60mA/0mA,79,97,0,18
14.856,SPO2,243,1,12229645,g1/25mA/0mA,79,97,0,18
14.856,SPO2,244,0,12975895,g1/60mA/0mA,79,97,0,18
14.856,SPO2,244,1,12229799,g1/25mA/0mA,79,97,0,18
14.856,SPO2,245,0,12975457,g1/60mA/0mA,79,97,0,18
14.856,SPO2,245,1,12229546,g1/25mA/0mA,79,97,0,18
14.856,SPO2,246,0,12976140,g1/60mA/0mA,79,97,0,18
14.856,SPO2,246,1,12230229,g1/25mA/0mA,79,97,0,18
14.856,SPO2,247,0,12976214,g1/60mA/0mA,79,97,0,18
14.856,SPO2,247,1,12230212,g1/25mA/0mA,79,97,0,18
14.856,SPO2,248,0,12974885,g1/60mA/0mA,79,97,0,18
14.856,SPO2,248,1,12229640,g1/25mA/0mA,79,97,0,18
14.886,SPO2,249,0,12976303,g1/60mA/0mA,79,97,0,18
14.886,SPO2,249,1,12229959,g1/25mA/0mA,79,97,0,18
14.886,SPO2,250,0,12976409,g1/60mA/0mA,79,97,0,18
14.886,SPO2,250,1,12230396,g1/25mA/0mA,79,97,0,18
14.886,SPO2,251,0,12975906,g1/60mA/0mA,79,97,0,18
14.886,SPO2,251,1,12229977,g1/25mA/0mA,79,97,0,18
14.886,SPO2,252,0,12977975,g1/60mA/0mA,79,97,0,18
14.886,SPO2,252,1,12231025,g1/25mA/0mA,79,97,0,18
14.886,SPO2,253,0,12976840,g1/60mA/0mA,79,97,0,18
14.886,SPO2,253,1,12230479,g1/25mA/0mA,79,97,0,18
14.886,SPO2,254,0,12976330,g1/60mA/0mA,79,97,0,18
14.886,SPO2,254,1,12230035,g1/25mA/0mA,79,97,0,18
14.886,SPO2,255,0,12977221,g1/60mA/0mA,79,97,0,18
14.886,SPO2,255,1,12230670,g1/25mA/0mA,79,97,0,18
14.886,SPO2,0,0,12975536,g1/60mA/0mA,79,97,0,18
14.886,SPO2,0,1,12229725,g1/25mA/0mA,79,97,0,18
14.918,SPO2,1,0,12976728,g1/60mA/0mA,79,97,0,18
14.918,SPO2,1,1,12230379,g1/25mA/0mA,79,97,0,18
14.918,SPO2,2,0,12975819,g1/60mA/0mA,79,97,0,18
14.918,SPO2,2,1,12229931,g1/25mA/0mA,79,97,0,18
14.918,SPO2,3,0,12976671,g1/60mA/0mA,79,97,0,18
14.918,SPO2,3,1,12230521,g1/25mA/0mA,79,97,0,18
14.918,SPO2,4,0,12975957,g1/60mA/0mA,79,97,0,18
14.918,SPO2,4,1,12230047,g1/25mA/0mA,79,97,0,18
14.918,SPO2,5,0,12976542,g1/60mA/0mA,79,97,0,18
14.918,SPO2,5,1,12230280,g1/25mA/0mA,79,97,0,18
14.918,SPO2,6,0,12975680,g1/60mA/0mA,79,97,0,18
14.918,SPO2,6,1,12229933,g1/25mA/0mA,79,97,0,18
15.967,HR,7,0,15141270,g5/13mA/13mA,79,97,0,18
15.967,HR,7,1,14743101,g4/13mA/13mA,79,97,0,18
15.967,HR,7,2,12553675,g4/13mA/13mA,79,97,0,18
15.967,HR,7,3,13989100,g4/13mA/13mA,79,97,0,18
15.967,HR,8,0,15140964,g5/13mA/13mA,79,96,0,18
15.967,HR,8,1,14742129,g4/13mA/13mA,79,96,0,18
15.967,HR,8,2,12552805,g4/13mA/13mA,79,96,0,18
15.967,HR,8,3,13988665,g4/13mA/13mA,79,96,0,18
15.967,HR,9,0,15141032,g5/13mA/13mA,79,96,0,18
15.967,HR,9,1,14742905,g4/13mA/13mA,79,96,0,18
15.967,HR,9,2,12553369,g4/13mA/13mA,79,96,0,18
15.967,HR,9,3,13988973,g4/13mA/13mA,79,96,0,18
15.967,HR,10,0,15141843,g5/13mA/13mA,79,96,0,18
15.967,HR,10,1,14743092,g4/13mA/13mA,79,96,0,18
15.967,HR,10,2,12553658,g4/13mA/13mA,79,96,0,18
15.967,HR,10,3,13989084,g4/13mA/13mA,79,96,0,18
15.967,HR,11,0,15140982,g5/13mA/13mA,79,96,0,18
15.967,HR,11,1,14742410,g4/13mA/13mA,79,96,0,18
15.967,HR,11,2,12553094,g4/13mA/13mA,79,96,0,18
15.967,HR,11,3,13988495,g4/13mA/13mA,79,96,0,18
15.990,HR,12,0,15141424,g5/13mA/13mA,79,96,0,18
15.990,HR,12,1,14742486,g4/13mA/13mA,79,96,0,18
15.990,HR,12,2,12553342,g4/13mA/13mA,79,96,0,18
15.990,HR,12,3,13988957,g4/13mA/13mA,79,96,0,18
15.990,HR,13,0,15141595,g5/13mA/13mA,79,96,0,18
15.990,HR,13,1,14742599,g4/13mA/13mA,79,96,0,18
15.990,HR,13,2,12553274,g4/13mA/13mA,79,96,0,18
15.990,HR,13,3,13988641,g4/13mA/13mA,79,96,0,18
15.990,HR,14,0,15141468,g5/13mA/13mA,79,96,0,18
15.990,HR,14,1,14742478,g4/13mA/13mA,79,96,0,18
15.990,HR,14,2,12553351,g4/13mA/13mA,79,96,0,18
15.990,HR,14,3,13988810,g4/13mA/13mA,79,96,0,18
15.990,HR,15,0,15141681,g5/13mA/13mA,79,96,0,18
15.990,HR,15,1,14743075,g4/13mA/13mA,79,96,0,18
15.990,HR,15,2,12553376,g4/13mA/13mA,79,96,0,18
15.990,HR,15,3,13989144,g4/13mA/13mA,79,96,0,18
15.990,HR,16,0,15141168,g5/13mA/13mA,79,96,0,18
15.990,HR,16,1,14742735,g4/13mA/13mA,79,96,0,18
15.990,HR,16,2,12553403,g4/13mA/13mA,79,96,0,18
15.990,HR,16,3,13988810,g4/13mA/13mA,79,96,0,18
15.990,HR,17,0,15141876,g5/13mA/13mA,79,96,0,18
15.990,HR,17,1,14743374,g4/13mA/13mA,79,96,0,18
15.990,HR,17,2,12553735,g4/13mA/13mA,79,96,0,18
15.990,HR,17,3,13989153,g4/13mA/13mA,79,96,0,18
16.025,HR,18,0,15141366,g5/13mA/13mA,79,96,0,18
16.025,HR,18,1,14742819,g4/13mA/13mA,79,96,0,18
16.025,HR,18,2,12553146,g4/13mA/13mA,79,96,0,18
16.025,HR,18,3,13989093,g4/13mA/13mA,79,96,0,18
16.025,HR,19,0,15142362,g5/13mA/13mA,79,96,0,18
16.025,HR,19,1,14742795,g4/13mA/13mA,79,96,0,18
16.025,HR,19,2,12553358,g4/13mA/13mA,79,96,0,18
16.025,HR,19,3,13989568,g4/13mA/13mA,79,96,0,18
16.025,HR,20,0,15142166,g5/13mA/13mA,79,96,0,18
16.025,HR,20,1,14743468,g4/13mA/13mA,79,96,0,18
16.025,HR,20,2,12553522,g4/13mA/13mA,79,96,0,18
16.025,HR,20,3,13989348,g4/13mA/13mA,79,96,0,18
16.025,HR,21,0,15139771,g5/13mA/13mA,79,96,0,18
16.025,HR,21,1,14741880,g4/13mA/13mA,79,96,0,18
16.025,HR,21,2,12552499,g4/13mA/13mA,79,96,0,18
16.025,HR,21,3,13988223,g4/13mA/13mA,79,96,0,18
16.025,HR,22,0,15142176,g5/13mA/13mA,79,96,0,18
16.025,HR,22,1,14743511,g4/13mA/13mA,79,96,0,18
16.025,HR,22,2,12553633,g4/13mA/13mA,79,96,0,18
16.025,HR,22,3,13989082,g4/13mA/13mA,79,96,0,18
16.025,HR,23,0,15141876,g5/13mA/13mA,79,96,0,18
16.025,HR,23,1,14742878,g4/13mA/13mA,79,96,0,18
16.025,HR,23,2,12553617,g4/13mA/13mA,79,96,0,18
16.025,HR,23,3,13988964,g4/13mA/13mA,79,96,0,18
16.088,HR,24,0,15140896,g5/13mA/13mA,79,96,0,18
16.089,HR,24,1,14742998,g4/13mA/13mA,79,96,0,18
16.089,HR,24,2,12553513,g4/13mA/13mA,79,96,0,18
16.089,HR,24,3,13988896,g4/13mA/13mA,79,96,0,18
16.089,HR,25,0,15141168,g5/13mA/13mA,79,96,0,18
16.089,HR,25,1,14742648,g4/13mA/13mA,79,96,0,18
16.089,HR,25,2,12553403,g4/13mA/13mA,79,96,0,18
16.089,HR,25,3,13989007,g4/13mA/13mA,79,96,0,18
16.089,HR,26,0,15142407,g5/13mA/13mA,79,96,0,18
16.089,HR,26,1,14743630,g4/13mA/13mA,79,96,0,18
16.089,HR,26,2,12554119,g4/13mA/13mA,79,96,0,18
16.089,HR,26,3,13989391,g4/13mA/13mA,79,96,0,18
16.089,HR,27,0,15141876,g5/13mA/13mA,79,96,0,18
16.089,HR,27,1,14743101,g4/13mA/13mA,79,96,0,18
16.089,HR,27,2,12553479,g4/13mA/13mA,79,96,0,18
16.089,HR,27,3,13988871,g4/13mA/13mA,79,96,0,18
16.089,HR,28,0,15141195,g5/13mA/13mA,79,96,0,18
16.089,HR,28,1,14742854,g4/13mA/13mA,79,96,0,18
16.089,HR,28,2,12553249,g4/13mA/13mA,79,96,0,18
16.089,HR,28,3,13988845,g4/13mA/13mA,79,96,0,18
16.089,HR,29,0,15141578,g5/13mA/13mA,79,96,0,18
16.089,HR,29,1,14743075,g4/13mA/13mA,79,96,0,18
16.089,HR,29,2,12553828,g4/13mA/13mA,79,96,0,18
16.089,HR,29,3,13989262,g4/13mA/13mA,79,96,0,18
16.112,HR,30,0,15140819,g5/13mA/13mA,79,96,0,18
16.112,HR,30,1,14742434,g4/13mA/13mA,79,96,0,18
16.112,HR,30,2,12553351,g4/13mA/13mA,79,96,0,18
16.112,HR,30,3,13988666,g4/13mA/13mA,79,96,0,18
16.112,HR,31,0,15141492,g5/13mA/13mA,79,96,0,18
16.112,HR,31,1,14742957,g4/13mA/13mA,79,96,0,18
16.112,HR,31,2,12553199,g4/13mA/13mA,79,96,0,18
16.112,HR,31,3,13988724,g4/13mA/13mA,79,96,0,18
16.112,HR,32,0,15141563,g5/13mA/13mA,79,96,0,18
16.112,HR,32,1,14743041,g4/13mA/13mA,79,96,0,18
16.112,HR,32,2,12553394,g4/13mA/13mA,79,96,0,18
16.112,HR,32,3,13988691,g4/13mA/13mA,79,96,0,18
16.112,HR,33,0,15141477,g5/13mA/13mA,79,95,0,18
16.112,HR,33,1,14742691,g4/13mA/13mA,79,95,0,18
16.112,HR,33,2,12553360,g4/13mA/13mA,79,95,0,18
16.112,HR,33,3,13989025,g4/13mA/13mA,79,95,0,18
16.112,HR,34,0,15141595,g5/13mA/13mA,79,95,0,18
16.112,HR,34,1,14742445,g4/13mA/13mA,79,95,0,18
16.112,HR,34,2,12553293,g4/13mA/13mA,79,95,0,18
16.112,HR,34,3,13988991,g4/13mA/13mA,79,95,0,18
16.145,HR,35,0,15140964,g5/13mA/13mA,79,95,0,18
16.145,HR,35,1,14742573,g4/13mA/13mA,79,95,0,18
16.145,HR,35,2,12553394,g4/13mA/13mA,79,95,0,18
16.145,HR,35,3,13988845,g4/13mA/13mA,79,95,0,18
16.145,HR,36,0,15141050,g5/13mA/13mA,79,95,0,18
16.145,HR,36,1,14742871,g4/13mA/13mA,79,95,0,18
16.145,HR,36,2,12553420,g4/13mA/13mA,79,95,0,18
16.145,HR,36,3,13988785,g4/13mA/13mA,79,95,0,18
16.145,HR,37,0,15141861,g5/13mA/13mA,79,95,0,18
16.145,HR,37,1,14743161,g4/13mA/13mA,79,95,0,18
16.145,HR,37,2,12553769,g4/13mA/13mA,79,95,0,18
16.145,HR,37,3,13988853,g4/13mA/13mA,79,95,0,18
16.145,HR,38,0,15142133,g5/13mA/13mA,79,95,0,18
16.145,HR,38,1,14743561,g4/13mA/13mA,79,95,0,18
16.145,HR,38,2,12553889,g4/13mA/13mA,79,95,0,18
16.145,HR,38,3,13989297,g4/13mA/13mA,79,95,0,18
16.145,HR,39,0,15140852,g5/13mA/13mA,79,95,0,18
16.145,HR,39,1,14742486,g4/13mA/13mA,79,95,0,18
16.145,HR,39,2,12553087,g4/13mA/13mA,79,95,0,18
16.145,HR,39,3,13988700,g4/13mA/13mA,79,95,0,18
16.145,HR,40,0,15142072,g5/13mA/13mA,79,95,0,18
16.145,HR,40,1,14743161,g4/13mA/13mA,79,95,0,18
16.145,HR,40,2,12553685,g4/13mA/13mA,79,95,0,18
16.145,HR,40,3,13989341,g4/13mA/13mA,79,95,0,18
16.174,HRV,7,0,15141270,g5/13mA/13mA,79,95,0,18
16.174,HRV,7,1,14743101,g4/13mA/13mA,79,95,0,18
16.174,HRV,7,2,12553675,g4/13mA/13mA,79,95,0,18
16.174,HRV,7,3,13989100,g4/13mA/13mA,79,95,0,18
16.174,HRV,8,0,15140964,g5/13mA/13mA,79,95,0,18
16.174,HRV,8,1,14742129,g4/13mA/13mA,79,95,0,18
16.174,HRV,8,2,12552805,g4/13mA/13mA,79,95,0,18
16.174,HRV,8,3,13988665,g4/13mA/13mA,79,95,0,18
16.174,HRV,9,0,15141032,g5/13mA/13mA,79,95,0,18
16.174,HRV,9,1,14742905,g4/13mA/13mA,79,95,0,18
16.174,HRV,9,2,12553369,g4/13mA/13mA,79,95,0,18
16.174,HRV,9,3,13988973,g4/13mA/13mA,79,95,0,18
16.174,HRV,10,0,15141843,g5/13mA/13mA,79,95,0,18
16.174,HRV,10,1,14743092,g4/13mA/13mA,79,95,0,18
16.174,HRV,10,2,12553658,g4/13mA/13mA,79,95,0,18
16.174,HRV,10,3,13989084,g4/13mA/13mA,79,95,0,18
16.239,HRV,11,0,15140982,g5/13mA/13mA,79,95,0,18
16.239,HRV,11,1,14742410,g4/13mA/13mA,79,95,0,18
16.239,HRV,11,2,12553094,g4/13mA/13mA,79,95,0,18
16.239,HRV,11,3,13988495,g4/13mA/13mA,79,95,0,18
16.239,HRV,12,0,15141424,g5/13mA/13mA,79,95,0,18
16.239,HRV,12,1,14742486,g4/13mA/13mA,79,95,0,18
16.239,HRV,12,2,12553342,g4/13mA/13mA,79,95,0,18
16.239,HRV,12,3,13988957,g4/13mA/13mA,79,95,0,18
16.239,HRV,13,0,15141595,g5/13mA/13mA,79,95,0,18
16.239,HRV,13,1,14742599,g4/13mA/13mA,79,95,0,18
16.239,HRV,13,2,12553274,g4/13mA/13mA,79,95,0,18
16.239,HRV,13,3,13988641,g4/13mA/13mA,79,95,0,18
16.239,HRV,14,0,15141468,g5/13mA/13mA,79,95,0,18
16.239,HRV,14,1,14742478,g4/13mA/13mA,79,95,0,18
16.239,HRV,14,2,12553351,g4/13mA/13mA,79,95,0,18
16.239,HRV,14,3,13988810,g4/13mA/13mA,79,95,0,18
16.239,HRV,15,0,15141681,g5/13mA/13mA,79,95,0,18
16.239,HRV,15,1,14743075,g4/13mA/13mA,79,95,0,18
16.239,HRV,15,2,12553376,g4/13mA/13mA,79,95,0,18
16.239,HRV,15,3,13989144,g4/13mA/13mA,79,95,0,18
16.239,HRV,16,0,15141168,g5/13mA/13mA,79,95,0,18
16.239,HRV,16,1,14742735,g4/13mA/13mA,79,95,0,18
16.239,HRV,16,2,12553403,g4/13mA/13mA,79,95,0,18
16.239,HRV,16,3,13988810,g4/13mA/13mA,79,95,0,18
16.267,HRV,17,0,15141876,g5/13mA/13mA,79,95,0,18
16.267,HRV,17,1,14743374,g4/13mA/13mA,79,95,0,18
16.267,HRV,17,2,12553735,g4/13mA/13mA,79,95,0,18
16.267,HRV,17,3,13989153,g4/13mA/13mA,79,95,0,18
16.267,HRV,18,0,15141366,g5/13mA/13mA,79,95,0,18
16.267,HRV,18,1,14742819,g4/13mA/13mA,79,95,0,18
16.267,HRV,18,2,12553146,g4/13mA/13mA,79,95,0,18
16.267,HRV,18,3,13989093,g4/13mA/13mA,79,95,0,18
16.267,HRV,19,0,15142362,g5/13mA/13mA,79,95,0,18
16.267,HRV,19,1,14742795,g4/13mA/13mA,79,95,0,18
16.267,HRV,19,2,12553358,g4/13mA/13mA,79,95,0,18
16.267,HRV,19,3,13989568,g4/13mA/13mA,79,95,0,18
16.267,HRV,20,0,15142166,g5/13mA/13mA,79,95,0,18
16.267,HRV,20,1,14743468,g4/13mA/13mA,79,95,0,18
16.267,HRV,20,2,12553522,g4/13mA/13mA,79,95,0,18
16.267,HRV,20,3,13989348,g4/13mA/13mA,79,95,0,18
16.267,HRV,21,0,15139771,g5/13mA/13mA,79,95,0,18
16.267,HRV,21,1,14741880,g4/13mA/13mA,79,95,0,18
16.267,HRV,21,2,12552499,g4/13mA/13mA,79,95,0,18
16.267,HRV,21,3,13988223,g4/13mA/13mA,79,95,0,18
16.267,HRV,22,0,15142176,g5/13mA/13mA,79,95,0,18
16.267,HRV,22,1,14743511,g4/13mA/13mA,79,95,0,18
16.267,HRV,22,2,12553633,g4/13mA/13mA,79,95,0,18
16.267,HRV,22,3,13989082,g4/13mA/13mA,79,95,0,18
16.297,HRV,23,0,15141876,g5/13mA/13mA,79,95,0,18
16.297,HRV,23,1,14742878,g4/13mA/13mA,79,95,0,18
16.297,HRV,23,2,12553617,g4/13mA/13mA,79,95,0,18
16.297,HRV,23,3,13988964,g4/13mA/13mA,79,95,0,18
16.297,HRV,24,0,15140896,g5/13mA/13mA,79,95,0,18
16.297,HRV,24,1,14742998,g4/13mA/13mA,79,95,0,18
16.297,HRV,24,2,12553513,g4/13mA/13mA,79,95,0,18
16.297,HRV,24,3,13988896,g4/13mA/13mA,79,95,0,18
16.297,HRV,25,0,15141168,g5/13mA/13mA,79,95,0,18
16.297,HRV,25,1,14742648,g4/13mA/13mA,79,95,0,18
16.297,HRV,25,2,12553403,g4/13mA/13mA,79,95,0,18
16.297,HRV,25,3,13989007,g4/13mA/13mA,79,95,0,18
16.297,HRV,26,0,15142407,g5/13mA/13mA,79,95,0,18
16.297,HRV,26,1,14743630,g4/13mA/13mA,79,95,0,18
16.297,HRV,26,2,12554119,g4/13mA/13mA,79,95,0,18
16.297,HRV,26,3,13989391,g4/13mA/13mA,79,95,0,18
16.297,HRV,27,0,15141876,g5/13mA/13mA,79,95,0,18
16.297,HRV,27,1,14743101,g4/13mA/13mA,79,95,0,18
16.297,HRV,27,2,12553479,g4/13mA/13mA,79,95,0,18
16.297,HRV,27,3,13988871,g4/13mA/13mA,79,95,0,18
16.297,HRV,28,0,15141195,g5/13mA/13mA,79,95,0,18
16.297,HRV,28,1,14742854,g4/13mA/13mA,79,95,0,18
16.297,HRV,28,2,12553249,g4/13mA/13mA,79,95,0,18
16.297,HRV,28,3,13988845,g4/13mA/13mA,79,95,0,18
16.355,HRV,29,0,15141578,g5/13mA/13mA,79,95,0,18
16.355,HRV,29,1,14743075,g4/13mA/13mA,79,95,0,18
16.355,HRV,29,2,12553828,g4/13mA/13mA,79,95,0,18
16.355,HRV,29,3,13989262,g4/13mA/13mA,79,95,0,18
16.355,HRV,30,0,15140819,g5/13mA/13mA,79,95,0,18
16.355,HRV,30,1,14742434,g4/13mA/13mA,79,95,0,18
16.355,HRV,30,2,12553351,g4/13mA/13mA,79,95,0,18
16.355,HRV,30,3,13988666,g4/13mA/13mA,79,95,0,18
16.355,HRV,31,0,15141492,g5/13mA/13mA,79,95,0,18
16.355,HRV,31,1,14742957,g4/13mA/13mA,79,95,0,18
16.355,HRV,31,2,12553199,g4/13mA/13mA,79,95,0,18
16.355,HRV,31,3,13988724,g4/13mA/13mA,79,95,0,18
16.355,HRV,32,0,15141563,g5/13mA/13mA,79,95,0,18
16.355,HRV,32,1,14743041,g4/13mA/13mA,79,95,0,18
16.355,HRV,32,2,12553394,g4/13mA/13mA,79,95,0,18
16.355,HRV,32,3,13988691,g4/13mA/13mA,79,95,0,18
16.355,HRV,33,0,15141477,g5/13mA/13mA,79,95,0,18
16.355,HRV,33,1,14742691,g4/13mA/13mA,79,95,0,18
16.355,HRV,33,2,12553360,g4/13mA/13mA,79,95,0,18
16.355,HRV,33,3,13989025,g4/13mA/13mA,79,95,0,18
16.386,HRV,34,0,15141595,g5/13mA/13mA,79,95,0,18
16.386,HRV,34,1,14742445,g4/13mA/13mA,79,95,0,18
16.386,HRV,34,2,12553293,g4/13mA/13mA,79,95,0,18
16.386,HRV,34,3,13988991,g4/13mA/13mA,79,95,0,18
16.386,HRV,35,0,15140964,g5/13mA/13mA,79,95,0,18
16.386,HRV,35,1,14742573,g4/13mA/13mA,79,95,0,18
16.386,HRV,35,2,12553394,g4/13mA/13mA,79,95,0,18
16.386,HRV,35,3,13988845,g4/13mA/13mA,79,95,0,18
16.386,HRV,36,0,15141050,g5/13mA/13mA,79,95,0,18
16.386,HRV,36,1,14742871,g4/13mA/13mA,79,95,0,18
16.386,HRV,36,2,12553420,g4/13mA/13mA,79,95,0,18
16.386,HRV,36,3,13988785,g4/13mA/13mA,79,95,0,18
16.386,HRV,37,0,15141861,g5/13mA/13mA,79,95,0,18
16.386,HRV,37,1,14743161,g4/13mA/13mA,79,95,0,18
16.386,HRV,37,2,12553769,g4/13mA/13mA,79,95,0,18
16.386,HRV,37,3,13988853,g4/13mA/13mA,79,95,0,18
16.386,HRV,38,0,15142133,g5/13mA/13mA,79,95,0,18
16.386,HRV,38,1,14743561,g4/13mA/13mA,79,95,0,18
16.386,HRV,38,2,12553889,g4/13mA/13mA,79,95,0,18
16.386,HRV,38,3,13989297,g4/13mA/13mA,79,95,0,18
16.386,HRV,39,0,15140852,g5/13mA/13mA,79,95,0,18
16.386,HRV,39,1,14742486,g4/13mA/13mA,79,95,0,18
16.386,HRV,39,2,12553087,g4/13mA/13mA,79,95,0,18
16.386,HRV,39,3,13988700,g4/13mA/13mA,79,95,0,18
16.413,HRV,40,0,15142072,g5/13mA/13mA,79,95,0,18
16.413,HRV,40,1,14743161,g4/13mA/13mA,79,95,0,18
16.413,HRV,40,2,12553685,g4/13mA/13mA,79,95,0,18
16.413,HRV,40,3,13989341,g4/13mA/13mA,79,95,0,18
16.476,SPO2,7,0,12975962,g1/60mA/0mA,79,95,0,18
16.476,SPO2,7,1,12229886,g1/25mA/0mA,79,95,0,18
16.476,SPO2,8,0,12975559,g1/60mA/0mA,79,95,0,19
16.476,SPO2,8,1,12229871,g1/25mA/0mA,79,95,0,19
16.476,SPO2,9,0,12975892,g1/60mA/0mA,79,95,0,19
16.476,SPO2,9,1,12229778,g1/25mA/0mA,79,95,0,19
16.476,SPO2,10,0,12976100,g1/60mA/0mA,79,95,0,19
16.476,SPO2,10,1,12230119,g1/25mA/0mA,79,95,0,19
16.476,SPO2,11,0,12975487,g1/60mA/0mA,79,95,0,19
16.476,SPO2,11,1,12229831,g1/25mA/0mA,79,95,0,19
16.476,SPO2,12,0,12975901,g1/60mA/0mA,79,95,0,19
16.476,SPO2,12,1,12229885,g1/25mA/0mA,79,95,0,19
16.926,SPO2,13,0,12975804,g1/60mA/0mA,79,95,0,19
16.926,SPO2,13,1,12229811,g1/25mA/0mA,79,95,0,19
16.926,SPO2,14,0,12975539,g1/60mA/0mA,79,95,0,19
16.926,SPO2,14,1,12229716,g1/25mA/0mA,79,95,0,19
16.926,SPO2,15,0,12976400,g1/60mA/0mA,79,95,0,19
16.926,SPO2,15,1,12230246,g1/25mA/0mA,79,95,0,19
16.926,SPO2,16,0,12975771,g1/60mA/0mA,79,95,0,19
16.926,SPO2,16,1,12229973,g1/25mA/0mA,79,95,0,19
16.926,SPO2,17,0,12976451,g1/60mA/0mA,79,95,0,19
16.926,SPO2,17,1,12230060,g1/25mA/0mA,79,95,0,19
16.926,SPO2,18,0,12975846,g1/60mA/0mA,79,95,0,19
16.926,SPO2,18,1,12229835,g1/25mA/0mA,79,95,0,19
16.926,SPO2,19,0,12976061,g1/60mA/0mA,79,95,0,19
16.926,SPO2,19,1,12229492,g1/25mA/0mA,79,95,0,19
16.927,SPO2,20,0,12976668,g1/60mA/0mA,79,95,0,19
16.927,SPO2,20,1,12230444,g1/25mA/0mA,79,95,0,19
16.985,SPO2,21,0,12975003,g1/60mA/0mA,79,95,0,19
16.985,SPO2,21,1,12229687,g1/25mA/0mA,79,95,0,19
16.985,SPO2,22,0,12976406,g1/60mA/0mA,79,95,0,19
16.985,SPO2,22,1,12230300,g1/25mA/0mA,79,95,0,19
16.985,SPO2,23,0,12975983,g1/60mA/0mA,79,95,0,19
16.985,SPO2,23,1,12230038,g1/25mA/0mA,79,95,0,19
16.985,SPO2,24,0,12975882,g1/60mA/0mA,79,95,0,19
16.985,SPO2,24,1,12229973,g1/25mA/0mA,79,95,0,19
16.985,SPO2,25,0,12976007,g1/60mA/0mA,79,95,0,19
16.985,SPO2,25,1,12230138,g1/25mA/0mA,79,95,0,19
16.985,SPO2,26,0,12976577,g1/60mA/0mA,79,95,0,19
16.985,SPO2,26,1,12230144,g1/25mA/0mA,79,95,0,19
16.985,SPO2,27,0,12976214,g1/60mA/0mA,79,95,0,19
16.985,SPO2,27,1,12230037,g1/25mA/0mA,79,95,0,19
17.014,SPO2,28,0,12975930,g1/60mA/0mA,79,95,0,19
17.014,SPO2,28,1,12229856,g1/25mA/0mA,79,95,0,19
17.014,SPO2,29,0,12976214,g1/60mA/0mA,79,95,0,19
17.014,SPO2,29,1,12230013,g1/25mA/0mA,79,95,0,19
17.014,SPO2,30,0,12975723,g1/60mA/0mA,79,95,0,19
17.014,SPO2,30,1,12229999,g1/25mA/0mA,79,95,0,19
17.014,SPO2,31,0,12975740,g1/60mA/0mA,79,95,0,19
17.015,SPO2,31,1,12229699,g1/25mA/0mA,79,95,0,19
17.015,SPO2,32,0,12975932,g1/60mA/0mA,79,95,0,19
17.015,SPO2,32,1,12229939,g1/25mA/0mA,79,95,0,19
17.015,SPO2,33,0,12975798,g1/60mA/0mA,79,95,0,20
17.015,SPO2,33,1,12229826,g1/25mA/0mA,79,95,0,20
17.046,SPO2,34,0,12975962,g1/60mA/0mA,79,95,0,20
17.046,SPO2,34,1,12230078,g1/25mA/0mA,79,95,0,20
17.046,SPO2,35,0,12975559,g1/60mA/0mA,79,95,0,20
17.046,SPO2,35,1,12229859,g1/25mA/0mA,79,95,0,20
17.046,SPO2,36,0,12976025,g1/60mA/0mA,79,95,0,20
17.046,SPO2,36,1,12230128,g1/25mA/0mA,79,95,0,20
17.046,SPO2,37,0,12976093,g1/60mA/0mA,79,95,0,20
17.046,SPO2,37,1,12229954,g1/25mA/0mA,79,95,0,20
17.046,SPO2,38,0,12976601,g1/60mA/0mA,79,95,0,20
17.046,SPO2,38,1,12230435,g1/25mA/0mA,79,95,0,20
17.046,SPO2,39,0,12975749,g1/60mA/0mA,79,95,0,20
17.046,SPO2,39,1,12229906,g1/25mA/0mA,79,95,0,20
17.046,SPO2,40,0,12976117,g1/60mA/0mA,79,95,0,20
17.046,SPO2,40,1,12230075,g1/25mA/0mA,79,95,0,20
17.163,HR,41,0,15141613,g5/13mA/13mA,79,95,0,20
17.163,HR,41,1,14743178,g4/13mA/13mA,79,95,0,20
17.163,HR,41,2,12553572,g4/13mA/13mA,79,95,0,20
17.163,HR,41,3,13989093,g4/13mA/13mA,79,95,0,20
17.163,HR,42,0,15141221,g5/13mA/13mA,79,95,0,20
17.163,HR,42,1,14742445,g4/13mA/13mA,79,95,0,20
17.163,HR,42,2,12553019,g4/13mA/13mA,79,95,0,20
17.163,HR,42,3,13988606,g4/13mA/13mA,79,95,0,20
17.163,HR,43,0,15142441,g5/13mA/13mA,79,95,0,20
17.163,HR,43,1,14743349,g4/13mA/13mA,79,95,0,20
17.163,HR,43,2,12553896,g4/13mA/13mA,79,95,0,20
17.163,HR,43,3,13989433,g4/13mA/13mA,79,95,0,20
17.163,HR,44,0,15140759,g5/13mA/13mA,79,95,0,20
17.163,HR,44,1,14742496,g4/13mA/13mA,79,95,0,20
17.163,HR,44,2,12553146,g4/13mA/13mA,79,95,0,20
17.163,HR,44,3,13988709,g4/13mA/13mA,79,95,0,20
17.163,HR,45,0,15141409,g5/13mA/13mA,79,95,0,20
17.163,HR,45,1,14742990,g4/13mA/13mA,79,95,0,20
17.163,HR,45,2,12553358,g4/13mA/13mA,79,95,0,20
17.163,HR,45,3,13988761,g4/13mA/13mA,79,95,0,20
17.163,HR,46,0,15142261,g5/13mA/13mA,79,95,0,20
17.163,HR,46,1,14742983,g4/13mA/13mA,79,95,0,20
17.163,HR,46,2,12553462,g4/13mA/13mA,79,95,0,20
17.163,HR,46,3,13988981,g4/13mA/13mA,79,95,0,20
17.229,HR,47,0,15141784,g5/13mA/13mA,79,95,0,20
17.229,HR,47,1,14742998,g4/13mA/13mA,79,95,0,20
17.229,HR,47,2,12553701,g4/13mA/13mA,79,95,0,20
17.229,HR,47,3,13989221,g4/13mA/13mA,79,95,0,20
17.229,HR,48,0,15141963,g5/13mA/13mA,79,95,0,20
17.229,HR,48,1,14743461,g4/13mA/13mA,79,95,0,20
17.229,HR,48,2,12553726,g4/13mA/13mA,79,95,0,20
17.229,HR,48,3,13989221,g4/13mA/13mA,79,95,0,20
17.229,HR,49,0,15141168,g5/13mA/13mA,79,95,0,20
17.229,HR,49,1,14742708,g4/13mA/13mA,79,95,0,20
17.229,HR,49,2,12553163,g4/13mA/13mA,79,95,0,20
17.229,HR,49,3,13988896,g4/13mA/13mA,79,95,0,20
17.229,HR,50,0,15140607,g5/13mA/13mA,79,95,0,20
17.229,HR,50,1,14742393,g4/13mA/13mA,79,95,0,20
17.229,HR,50,2,12553121,g4/13mA/13mA,79,95,0,20
17.229,HR,50,3,13988452,g4/13mA/13mA,79,95,0,20
17.229,HR,51,0,15141706,g5/13mA/13mA,79,95,0,20
17.229,HR,51,1,14743178,g4/13mA/13mA,79,95,0,20
17.229,HR,51,2,12553862,g4/13mA/13mA,79,95,0,20
17.229,HR,51,3,13988998,g4/13mA/13mA,79,95,0,20
17.229,HR,52,0,15142278,g5/13mA/13mA,79,95,0,20
17.229,HR,52,1,14743152,g4/13mA/13mA,79,95,0,20
17.229,HR,52,2,12553744,g4/13mA/13mA,79,95,0,20
17.229,HR,52,3,13989262,g4/13mA/13mA,79,95,0,20
17.229,HR,53,0,15141280,g5/13mA/13mA,79,95,0,20
17.229,HR,53,1,14742614,g4/13mA/13mA,79,95,0,20
17.229,HR,53,2,12553403,g4/13mA/13mA,79,95,0,20
17.229,HR,53,3,13988896,g4/13mA/13mA,79,95,0,20
17.229,HR,54,0,15141578,g5/13mA/13mA,79,95,0,20
17.229,HR,54,1,14743025,g4/13mA/13mA,79,95,0,20
17.229,HR,54,2,12553539,g4/13mA/13mA,79,95,0,20
17.229,HR,54,3,13989082,g4/13mA/13mA,79,95,0,20
17.229,HR,55,0,15141903,g5/13mA/13mA,79,95,0,20
17.229,HR,55,1,14742708,g4/13mA/13mA,79,95,0,20
17.229,HR,55,2,12553342,g4/13mA/13mA,79,95,0,20
17.229,HR,55,3,13988795,g4/13mA/13mA,79,95,0,20
17.229,HR,56,0,15141126,g5/13mA/13mA,79,95,0,20
17.229,HR,56,1,14742896,g4/13mA/13mA,79,95,0,20
17.229,HR,56,2,12553173,g4/13mA/13mA,79,95,0,20
17.229,HR,56,3,13988623,g4/13mA/13mA,79,95,0,20
17.229,HR,57,0,15142057,g5/13mA/13mA,79,95,0,20
17.229,HR,57,1,14743296,g4/13mA/13mA,79,95,0,20
17.229,HR,57,2,12553599,g4/13mA/13mA,79,95,0,20
17.229,HR,57,3,13989484,g4/13mA/13mA,79,95,0,20
17.256,HR,58,0,15140760,g5/13mA/13mA,79,96,0,20
17.256,HR,58,1,14742214,g4/13mA/13mA,79,96,0,20
17.256,HR,58,2,12552992,g4/13mA/13mA,79,96,0,20
17.256,HR,58,3,13988486,g4/13mA/13mA,79,96,0,20
17.256,HR,59,0,15141246,g5/13mA/13mA,79,96,0,20
17.256,HR,59,1,14742657,g4/13mA/13mA,79,96,0,20
17.256,HR,59,2,12553282,g4/13mA/13mA,79,96,0,20
17.256,HR,59,3,13988905,g4/13mA/13mA,79,96,0,20
17.256,HR,60,0,15141178,g5/13mA/13mA,79,96,0,20
17.256,HR,60,1,14742376,g4/13mA/13mA,79,96,0,20
17.256,HR,60,2,12552942,g4/13mA/13mA,79,96,0,20
17.256,HR,60,3,13988479,g4/13mA/13mA,79,96,0,20
17.256,HR,61,0,15141536,g5/13mA/13mA,79,96,0,20
17.256,HR,61,1,14742648,g4/13mA/13mA,79,96,0,20
17.256,HR,61,2,12553666,g4/13mA/13mA,79,96,0,20
17.256,HR,61,3,13988923,g4/13mA/13mA,79,96,0,20
17.256,HR,62,0,15141289,g5/13mA/13mA,79,96,0,20
17.256,HR,62,1,14742768,g4/13mA/13mA,79,96,0,20
17.256,HR,62,2,12553231,g4/13mA/13mA,79,96,0,20
17.256,HR,62,3,13988803,g4/13mA/13mA,79,96,0,20
17.285,HR,63,0,15142048,g5/13mA/13mA,79,96,0,20
17.285,HR,63,1,14742980,g4/13mA/13mA,79,96,0,20
17.285,HR,63,2,12553385,g4/13mA/13mA,79,96,0,20
17.285,HR,63,3,13989049,g4/13mA/13mA,79,96,0,20
17.285,HR,64,0,15140188,g5/13mA/13mA,79,96,0,20
17.285,HR,64,1,14742111,g4/13mA/13mA,79,96,0,20
17.285,HR,64,2,12552660,g4/13mA/13mA,79,96,0,20
17.285,HR,64,3,13988596,g4/13mA/13mA,79,96,0,20
17.285,HR,65,0,15141536,g5/13mA/13mA,79,96,0,20
17.285,HR,65,1,14743168,g4/13mA/13mA,79,96,0,20
17.285,HR,65,2,12553648,g4/13mA/13mA,79,96,0,20
17.285,HR,65,3,13989153,g4/13mA/13mA,79,96,0,20
17.285,HR,66,0,15141075,g5/13mA/13mA,79,96,0,20
17.285,HR,66,1,14742768,g4/13mA/13mA,79,96,0,20
17.285,HR,66,2,12553274,g4/13mA/13mA,79,96,0,20
17.285,HR,66,3,13988716,g4/13mA/13mA,79,96,0,20
17.285,HR,67,0,15140682,g5/13mA/13mA,79,96,0,20
17.285,HR,67,1,14742495,g4/13mA/13mA,79,96,0,20
17.285,HR,67,2,12552881,g4/13mA/13mA,79,96,0,20
17.285,HR,67,3,13988445,g4/13mA/13mA,79,96,0,20
17.285,HR,68,0,15141399,g5/13mA/13mA,79,96,0,20
17.285,HR,68,1,14743127,g4/13mA/13mA,79,96,0,20
17.285,HR,68,2,12553648,g4/13mA/13mA,79,96,0,20
17.285,HR,68,3,13989082,g4/13mA/13mA,79,96,0,20
17.286,HR,69,0,15140547,g5/13mA/13mA,79,96,0,20
17.286,HR,69,1,14742043,g4/13mA/13mA,79,96,0,20
17.286,HR,69,2,12552899,g4/13mA/13mA,79,96,0,20
17.286,HR,69,3,13988272,g4/13mA/13mA,79,96,0,20
17.286,HR,70,0,15140179,g5/13mA/13mA,79,96,0,20
17.286,HR,70,1,14742283,g4/13mA/13mA,79,96,0,20
17.286,HR,70,2,12552839,g4/13mA/13mA,79,96,0,20
17.286,HR,70,3,13988436,g4/13mA/13mA,79,96,0,20
17.286,HR,71,0,15140317,g5/13mA/13mA,79,96,0,20
17.286,HR,71,1,14742111,g4/13mA/13mA,79,96,0,20
17.286,HR,71,2,12552481,g4/13mA/13mA,79,96,0,20
17.286,HR,71,3,13988325,g4/13mA/13mA,79,96,0,20
17.286,HR,72,0,15140692,g5/13mA/13mA,79,96,0,20
17.286,HR,72,1,14742648,g4/13mA/13mA,79,96,0,20
17.286,HR,72,2,12552839,g4/13mA/13mA,79,96,0,20
17.286,HR,72,3,13988674,g4/13mA/13mA,79,96,0,20
17.286,HR,73,0,15141835,g5/13mA/13mA,79,96,0,20
17.286,HR,73,1,14743014,g4/13mA/13mA,79,96,0,20
17.286,HR,73,2,12553546,g4/13mA/13mA,79,96,0,20
17.286,HR,73,3,13989357,g4/13mA/13mA,79,96,0,20
17.286,HR,74,0,15140016,g5/13mA/13mA,79,96,0,20
17.286,HR,74,1,14742366,g4/13mA/13mA,79,96,0,20
17.286,HR,74,2,12552669,g4/13mA/13mA,79,96,0,20
17.286,HR,74,3,13988196,g4/13mA/13mA,79,96,0,20
17.348,HRV,41,0,15141613,g5/13mA/13mA,79,96,0,20
17.348,HRV,41,1,14743178,g4/13mA/13mA,79,96,0,20
17.348,HRV,41,2,12553572,g4/13mA/13mA,79,96,0,20
17.348,HRV,41,3,13989093,g4/13mA/13mA,79,96,0,20
17.348,HRV,42,0,15141221,g5/13mA/13mA,79,96,0,20
17.348,HRV,42,1,14742445,g4/13mA/13mA,79,96,0,20
17.348,HRV,42,2,12553019,g4/13mA/13mA,79,96,0,20
17.348,HRV,42,3,13988606,g4/13mA/13mA,79,96,0,20
17.348,HRV,43,0,15142441,g5/13mA/13mA,79,96,0,20
17.348,HRV,43,1,14743349,g4/13mA/13mA,79,96,0,20
17.348,HRV,43,2,12553896,g4/13mA/13mA,79,96,0,20
17.348,HRV,43,3,13989433,g4/13mA/13mA,79,96,0,20
17.348,HRV,44,0,15140759,g5/13mA/13mA,79,96,0,20
17.348,HRV,44,1,14742496,g4/13mA/13mA,79,96,0,20
17.348,HRV,44,2,12553146,g4/13mA/13mA,79,96,0,20
17.348,HRV,44,3,13988709,g4/13mA/13mA,79,96,0,20
17.348,HRV,45,0,15141409,g5/13mA/13mA,79,96,0,20
17.348,HRV,45,1,14742990,g4/13mA/13mA,79,96,0,20
17.348,HRV,45,2,12553358,g4/13mA/13mA,79,96,0,20
17.348,HRV,45,3,13988761,g4/13mA/13mA,79,96,0,20
17.348,HRV,46,0,15142261,g5/13mA/13mA,79,96,0,20
17.348,HRV,46,1,14742983,g4/13mA/13mA,79,96,0,20
17.348,HRV,46,2,12553462,g4/13mA/13mA,79,96,0,20
17.348,HRV,46,3,13988981,g4/13mA/13mA,79,96,0,20
17.374,HRV,47,0,15141784,g5/13mA/13mA,79,96,0,20
17.374,HRV,47,1,14742998,g4/13mA/13mA,79,96,0,20
17.374,HRV,47,2,12553701,g4/13mA/13mA,79,96,0,20
17.374,HRV,47,3,13989221,g4/13mA/13mA,79,96,0,20
17.374,HRV,48,0,15141963,g5/13mA/13mA,79,96,0,20
17.374,HRV,48,1,14743461,g4/13mA/13mA,79,96,0,20
17.374,HRV,48,2,12553726,g4/13mA/13mA,79,96,0,20
17.374,HRV,48,3,13989221,g4/13mA/13mA,79,96,0,20
17.374,HRV,49,0,15141168,g5/13mA/13mA,79,96,0,20
17.374,HRV,49,1,14742708,g4/13mA/13mA,79,96,0,20
17.374,HRV,49,2,12553163,g4/13mA/13mA,79,96,0,20
17.374,HRV,49,3,13988896,g4/13mA/13mA,79,96,0,20
17.374,HRV,50,0,15140607,g5/13mA/13mA,79,96,0,20
17.374,HRV,50,1,14742393,g4/13mA/13mA,79,96,0,20
17.374,HRV,50,2,12553121,g4/13mA/13mA,79,96,0,20
17.374,HRV,50,3,13988452,g4/13mA/13mA,79,96,0,20
17.374,HRV,51,0,15141706,g5/13mA/13mA,79,96,0,20
17.374,HRV,51,1,14743178,g4/13mA/13mA,79,96,0,20
17.374,HRV,51,2,12553862,g4/13mA/13mA,79,96,0,20
17.374,HRV,51,3,13988998,g4/13mA/13mA,79,96,0,20
17.374,HRV,52,0,15142278,g5/13mA/13mA,79,96,0,20
17.374,HRV,52,1,14743152,g4/13mA/13mA,79,96,0,20
17.374,HRV,52,2,12553744,g4/13mA/13mA,79,96,0,20
17.374,HRV,52,3,13989262,g4/13mA/13mA,79,96,0,20
17.464,HRV,53,0,15141280,g5/13mA/13mA,79,96,0,20
17.464,HRV,53,1,14742614,g4/13mA/13mA,79,96,0,20
17.464,HRV,53,2,12553403,g4/13mA/13mA,79,96,0,20
17.464,HRV,53,3,13988896,g4/13mA/13mA,79,96,0,20
17.464,HRV,54,0,15141578,g5/13mA/13mA,79,96,0,20
17.464,HRV,54,1,14743025,g4/13mA/13mA,79,96,0,20
17.464,HRV,54,2,12553539,g4/13mA/13mA,79,96,0,20
17.464,HRV,54,3,13989082,g4/13mA/13mA,79,96,0,20
17.464,HRV,55,0,15141903,g5/13mA/13mA,79,96,0,20
17.464,HRV,55,1,14742708,g4/13mA/13mA,79,96,0,20
17.464,HRV,55,2,12553342,g4/13mA/13mA,79,96,0,20
17.464,HRV,55,3,13988795,g4/13mA/13mA,79,96,0,20
17.464,HRV,56,0,15141126,g5/13mA/13mA,79,96,0,20
17.464,HRV,56,1,14742896,g4/13mA/13mA,79,96,0,20
17.464,HRV,56,2,12553173,g4/13mA/13mA,79,96,0,20
17.464,HRV,56,3,13988623,g4/13mA/13mA,79,96,0,20
17.464,HRV,57,0,15142057,g5/13mA/13mA,79,96,0,20
17.464,HRV,57,1,14743296,g4/13mA/13mA,79,96,0,20
17.464,HRV,57,2,12553599,g4/13mA/13mA,79,96,0,20
17.464,HRV,57,3,13989484,g4/13mA/13mA,79,96,0,20
17.496,HRV,58,0,15140760,g5/13mA/13mA,79,96,0,20
17.496,HRV,58,1,14742214,g4/13mA/13mA,79,96,0,20
17.496,HRV,58,2,12552992,g4/13mA/13mA,79,96,0,20
17.496,HRV,58,3,13988486,g4/13mA/13mA,79,96,0,20
17.496,HRV,59,0,15141246,g5/13mA/13mA,79,96,0,20
17.496,HRV,59,1,14742657,g4/13mA/13mA,79,96,0,20
17.496,HRV,59,2,12553282,g4/13mA/13mA,79,96,0,20
17.496,HRV,59,3,13988905,g4/13mA/13mA,79,96,0,20
17.496,HRV,60,0,15141178,g5/13mA/13mA,79,96,0,20
17.496,HRV,60,1,14742376,g4/13mA/13mA,79,96,0,20
17.496,HRV,60,2,12552942,g4/13mA/13mA,79,96,0,20
17.496,HRV,60,3,13988479,g4/13mA/13mA,79,96,0,20
17.496,HRV,61,0,15141536,g5/13mA/13mA,79,96,0,20
17.496,HRV,61,1,14742648,g4/13mA/13mA,79,96,0,20
17.496,HRV,61,2,12553666,g4/13mA/13mA,79,96,0,20
17.496,HRV,61,3,13988923,g4/13mA/13mA,79,96,0,20
17.496,HRV,62,0,15141289,g5/13mA/13mA,79,96,0,20
17.496,HRV,62,1,14742768,g4/13mA/13mA,79,96,0,20
17.496,HRV,62,2,12553231,g4/13mA/13mA,79,96,0,20
17.496,HRV,62,3,13988803,g4/13mA/13mA,79,96,0,20
17.521,HRV,63,0,15142048,g5/13mA/13mA,79,96,0,20
17.521,HRV,63,1,14742980,g4/13mA/13mA,79,96,0,20
17.521,HRV,63,2,12553385,g4/13mA/13mA,79,96,0,20
17.521,HRV,63,3,13989049,g4/13mA/13mA,79,96,0,20
17.521,HRV,64,0,15140188,g5/13mA/13mA,79,96,0,20
17.521,HRV,64,1,14742111,g4/13mA/13mA,79,96,0,20
17.521,HRV,64,2,12552660,g4/13mA/13mA,79,96,0,20
17.521,HRV,64,3,13988596,g4/13mA/13mA,79,96,0,20
17.521,HRV,65,0,15141536,g5/13mA/13mA,79,96,0,20
17.521,HRV,65,1,14743168,g4/13mA/13mA,79,96,0,20
17.521,HRV,65,2,12553648,g4/13mA/13mA,79,96,0,20
17.521,HRV,65,3,13989153,g4/13mA/13mA,79,96,0,20
17.521,HRV,66,0,15141075,g5/13mA/13mA,79,96,0,20
17.521,HRV,66,1,14742768,g4/13mA/13mA,79,96,0,20
17.521,HRV,66,2,12553274,g4/13mA/13mA,79,96,0,20
17.521,HRV,66,3,13988716,g4/13mA/13mA,79,96,0,20
17.521,HRV,67,0,15140682,g5/13mA/13mA,79,96,0,20
17.521,HRV,67,1,14742495,g4/13mA/13mA,79,96,0,20
17.521,HRV,67,2,12552881,g4/13mA/13mA,79,96,0,20
17.521,HRV,67,3,13988445,g4/13mA/13mA,79,96,0,20
17.521,HRV,68,0,15141399,g5/13mA/13mA,79,96,0,20
17.521,HRV,68,1,14743127,g4/13mA/13mA,79,96,0,20
17.521,HRV,68,2,12553648,g4/13mA/13mA,79,96,0,20
17.521,HRV,68,3,13989082,g4/13mA/13mA,79,96,0,20
17.554,HRV,69,0,15140547,g5/13mA/13mA,79,96,0,20
17.554,HRV,69,1,14742043,g4/13mA/13mA,79,96,0,20
17.554,HRV,69,2,12552899,g4/13mA/13mA,79,96,0,20
17.554,HRV,69,3,13988272,g4/13mA/13mA,79,96,0,20
17.554,HRV,70,0,15140179,g5/13mA/13mA,79,96,0,20
17.554,HRV,70,1,14742283,g4/13mA/13mA,79,96,0,20
17.554,HRV,70,2,12552839,g4/13mA/13mA,79,96,0,20
17.554,HRV,70,3,13988436,g4/13mA/13mA,79,96,0,20
17.554,HRV,71,0,15140317,g5/13mA/13mA,79,96,0,20
17.554,HRV,71,1,14742111,g4/13mA/13mA,79,96,0,20
17.554,HRV,71,2,12552481,g4/13mA/13mA,79,96,0,20
17.554,HRV,71,3,13988325,g4/13mA/13mA,79,96,0,20
17.554,HRV,72,0,15140692,g5/13mA/13mA,79,96,0,20
17.554,HRV,72,1,14742648,g4/13mA/13mA,79,96,0,20
17.554,HRV,72,2,12552839,g4/13mA/13mA,79,96,0,20
17.554,HRV,72,3,13988674,g4/13mA/13mA,79,96,0,20
17.554,HRV,73,0,15141835,g5/13mA/13mA,79,96,0,20
17.554,HRV,73,1,14743014,g4/13mA/13mA,79,96,0,20
17.554,HRV,73,2,12553546,g4/13mA/13mA,79,96,0,20
17.554,HRV,73,3,13989357,g4/13mA/13mA,79,96,0,20
17.554,HRV,74,0,15140016,g5/13mA/13mA,79,96,0,20
17.554,HRV,74,1,14742366,g4/13mA/13mA,79,96,0,20
17.554,HRV,74,2,12552669,g4/13mA/13mA,79,96,0,20
17.554,HRV,74,3,13988196,g4/13mA/13mA,79,96,0,20
17.584,SPO2,41,0,12976173,g1/60mA/0mA,79,96,0,20
17.584,SPO2,41,1,12230192,g1/25mA/0mA,79,96,0,20
17.584,SPO2,42,0,12975424,g1/60mA/0mA,79,96,0,20
17.584,SPO2,42,1,12229837,g1/25mA/0mA,79,96,0,20
17.584,SPO2,43,0,12976825,g1/60mA/0mA,79,96,0,20
17.584,SPO2,43,1,12230493,g1/25mA/0mA,79,96,0,20
17.584,SPO2,44,0,12975890,g1/60mA/0mA,79,96,0,20
17.584,SPO2,44,1,12230063,g1/25mA/0mA,79,96,0,20
17.584,SPO2,45,0,12975983,g1/60mA/0mA,79,96,0,20
17.584,SPO2,45,1,12229941,g1/25mA/0mA,79,96,0,20
17.584,SPO2,46,0,12976340,g1/60mA/0mA,79,96,0,20
17.584,SPO2,46,1,12230245,g1/25mA/0mA,79,96,0,20
17.584,SPO2,47,0,12976167,g1/60mA/0mA,79,96,0,20
17.584,SPO2,47,1,12230030,g1/25mA/0mA,79,96,0,20
17.645,SPO2,48,0,12976161,g1/60mA/0mA,79,96,0,20
17.645,SPO2,48,1,12229973,g1/25mA/0mA,79,96,0,20
17.645,SPO2,49,0,12975756,g1/60mA/0mA,79,96,0,20
17.645,SPO2,49,1,12229921,g1/25mA/0mA,79,96,0,20
17.645,SPO2,50,0,12975644,g1/60mA/0mA,79,96,0,20
17.645,SPO2,50,1,12229888,g1/25mA/0mA,79,96,0,20
17.645,SPO2,51,0,12976171,g1/60mA/0mA,79,96,0,20
17.645,SPO2,51,1,12230236,g1/25mA/0mA,79,96,0,20
17.645,SPO2,52,0,12976482,g1/60mA/0mA,79,96,0,20
17.645,SPO2,52,1,12230245,g1/25mA/0mA,79,96,0,20
17.645,SPO2,53,0,12975992,g1/60mA/0mA,79,96,0,20
17.645,SPO2,53,1,12230027,g1/25mA/0mA,79,96,0,20
17.645,SPO2,54,0,12976094,g1/60mA/0mA,79,96,0,20
17.645,SPO2,54,1,12230107,g1/25mA/0mA,79,96,0,20
17.645,SPO2,55,0,12976288,g1/60mA/0mA,79,96,0,20
17.645,SPO2,55,1,12230328,g1/25mA/0mA,79,96,0,20
17.676,SPO2,56,0,12975840,g1/60mA/0mA,79,96,0,20
17.676,SPO2,56,1,12229917,g1/25mA/0mA,79,96,0,20
17.676,SPO2,57,0,12976511,g1/60mA/0mA,79,96,0,20
17.676,SPO2,57,1,12230328,g1/25mA/0mA,79,96,0,20
17.676,SPO2,58,0,12975783,g1/60mA/0mA,79,96,0,16
17.676,SPO2,58,1,12229965,g1/25mA/0mA,79,96,0,16
17.676,SPO2,59,0,12975809,g1/60mA/0mA,79,96,0,16
17.676,SPO2,59,1,12229789,g1/25mA/0mA,79,96,0,16
17.676,SPO2,60,0,12975448,g1/60mA/0mA,79,96,0,16
17.676,SPO2,60,1,12229750,g1/25mA/0mA,79,96,0,16
17.676,SPO2,61,0,12975964,g1/60mA/0mA,79,96,0,16
17.676,SPO2,61,1,12229960,g1/25mA/0mA,79,96,0,16
17.765,SPO2,62,0,12975756,g1/60mA/0mA,79,96,0,16
17.765,SPO2,62,1,12229868,g1/25mA/0mA,79,96,0,16
17.765,SPO2,63,0,12976363,g1/60mA/0mA,79,96,0,16
17.766,SPO2,63,1,12230133,g1/25mA/0mA,79,96,0,16
17.766,SPO2,64,0,12975374,g1/60mA/0mA,79,96,0,16
17.766,SPO2,64,1,12229793,g1/25mA/0mA,79,96,0,16
17.766,SPO2,65,0,12976073,g1/60mA/0mA,79,96,0,16
17.766,SPO2,65,1,12230075,g1/25mA/0mA,79,96,0,16
17.766,SPO2,66,0,12975869,g1/60mA/0mA,79,96,0,16
17.766,SPO2,66,1,12229984,g1/25mA/0mA,79,96,0,16
17.766,SPO2,67,0,12975176,g1/60mA/0mA,79,96,0,16
17.766,SPO2,67,1,12229673,g1/25mA/0mA,79,96,0,16
17.766,SPO2,68,0,12976127,g1/60mA/0mA,79,96,0,16
17.766,SPO2,68,1,12230075,g1/25mA/0mA,79,96,0,16
17.766,SPO2,69,0,12975260,g1/60mA/0mA,79,96,0,16
17.766,SPO2,69,1,12229790,g1/25mA/0mA,79,96,0,16
17.766,SPO2,70,0,12975133,g1/60mA/0mA,79,96,0,16
17.766,SPO2,70,1,12229506,g1/25mA/0mA,79,96,0,16
17.766,SPO2,71,0,12975472,g1/60mA/0mA,79,96,0,16
17.766,SPO2,71,1,12229980,g1/25mA/0mA,79,96,0,16
17.766,SPO2,72,0,12975858,g1/60mA/0mA,79,96,0,16
17.766,SPO2,72,1,12229831,g1/25mA/0mA,79,96,0,16
17.766,SPO2,73,0,12976337,g1/60mA/0mA,79,96,0,16
17.766,SPO2,73,1,12230180,g1/25mA/0mA,79,96,0,16
17.766,SPO2,74,0,12975016,g1/60mA/0mA,79,96,0,16
17.766,SPO2,74,1,12229542,g1/25mA/0mA,79,96,0,16
18.635,HR,75,0,15141706,g5/13mA/13mA,79,96,0,16
18.635,HR,75,1,14742505,g4/13mA/13mA,79,96,0,16
18.635,HR,75,2,12553522,g4/13mA/13mA,79,96,0,16
18.635,HR,75,3,13988923,g4/13mA/13mA,79,96,0,16
18.635,HR,76,0,15140852,g5/13mA/13mA,79,96,0,16
18.635,HR,76,1,14742538,g4/13mA/13mA,79,96,0,16
18.635,HR,76,2,12553173,g4/13mA/13mA,79,96,0,16
18.635,HR,76,3,13988434,g4/13mA/13mA,79,96,0,16
18.635,HR,77,0,15140794,g5/13mA/13mA,79,96,0,16
18.635,HR,77,1,14742291,g4/13mA/13mA,79,96,0,16
18.635,HR,77,2,12553376,g4/13mA/13mA,79,96,0,16
18.635,HR,77,3,13988520,g4/13mA/13mA,79,96,0,16
18.635,HR,78,0,15140615,g5/13mA/13mA,79,96,0,16
18.635,HR,78,1,14742274,g4/13mA/13mA,79,96,0,16
18.635,HR,78,2,12552899,g4/13mA/13mA,79,96,0,16
18.635,HR,78,3,13988299,g4/13mA/13mA,79,96,0,16
18.635,HR,79,0,15142825,g5/13mA/13mA,79,96,0,16
18.635,HR,79,1,14743450,g4/13mA/13mA,79,96,0,16
18.635,HR,79,2,12553922,g4/13mA/13mA,79,96,0,16
18.635,HR,79,3,13989706,g4/13mA/13mA,79,96,0,16
18.635,HR,80,0,15140238,g5/13mA/13mA,79,96,0,16
18.635,HR,80,1,14742034,g4/13mA/13mA,79,96,0,16
18.635,HR,80,2,12552472,g4/13mA/13mA,79,96,0,16
18.635,HR,80,3,13988316,g4/13mA/13mA,79,96,0,16
18.664,HR,81,0,15141416,g5/13mA/13mA,79,96,0,16
18.664,HR,81,1,14742810,g4/13mA/13mA,79,96,0,16
18.664,HR,81,2,12553418,g4/13mA/13mA,79,96,0,16
18.664,HR,81,3,13988581,g4/13mA/13mA,79,96,0,16
18.664,HR,82,0,15141084,g5/13mA/13mA,79,96,0,16
18.664,HR,82,1,14742795,g4/13mA/13mA,79,96,0,16
18.664,HR,82,2,12553173,g4/13mA/13mA,79,96,0,16
18.664,HR,82,3,13989093,g4/13mA/13mA,79,96,0,16
18.664,HR,83,0,15140487,g5/13mA/13mA,79,95,0,16
18.664,HR,83,1,14742888,g4/13mA/13mA,79,95,0,16
18.664,HR,83,2,12553163,g4/13mA/13mA,79,95,0,16
18.664,HR,83,3,13988572,g4/13mA/13mA,79,95,0,16
18.664,HR,84,0,15141442,g5/13mA/13mA,79,95,0,16
18.664,HR,84,1,14742922,g4/13mA/13mA,79,95,0,16
18.664,HR,84,2,12553376,g4/13mA/13mA,79,95,0,16
18.664,HR,84,3,13989075,g4/13mA/13mA,79,95,0,16
18.664,HR,85,0,15141442,g5/13mA/13mA,79,95,0,16
18.664,HR,85,1,14743025,g4/13mA/13mA,79,95,0,16
18.664,HR,85,2,12553633,g4/13mA/13mA,79,95,0,16
18.664,HR,85,3,13989084,g4/13mA/13mA,79,95,0,16
18.725,HR,86,0,15141100,g5/13mA/13mA,79,95,0,16
18.725,HR,86,1,14742743,g4/13mA/13mA,79,95,0,16
18.725,HR,86,2,12553437,g4/13mA/13mA,79,95,0,16
18.725,HR,86,3,13988836,g4/13mA/13mA,79,95,0,16
18.725,HR,87,0,15142158,g5/13mA/13mA,79,95,0,16
18.725,HR,87,1,14743246,g4/13mA/13mA,79,95,0,16
18.725,HR,87,2,12553753,g4/13mA/13mA,79,95,0,16
18.725,HR,87,3,13989262,g4/13mA/13mA,79,95,0,16
18.725,HR,88,0,15141621,g5/13mA/13mA,79,95,0,16
18.725,HR,88,1,14742930,g4/13mA/13mA,79,95,0,16
18.725,HR,88,2,12553521,g4/13mA/13mA,79,95,0,16
18.725,HR,88,3,13988998,g4/13mA/13mA,79,95,0,16
18.725,HR,89,0,15141246,g5/13mA/13mA,79,95,0,16
18.725,HR,89,1,14742786,g4/13mA/13mA,79,95,0,16
18.725,HR,89,2,12553069,g4/13mA/13mA,79,95,0,16
18.725,HR,89,3,13988761,g4/13mA/13mA,79,95,0,16
18.725,HR,90,0,15139258,g5/13mA/13mA,79,95,0,16
18.725,HR,90,1,14741685,g4/13mA/13mA,79,95,0,16
18.725,HR,90,2,12552292,g4/13mA/13mA,79,95,0,16
18.725,HR,90,3,13987888,g4/13mA/13mA,79,95,0,16
18.725,HR,91,0,15140324,g5/13mA/13mA,79,95,0,16
18.725,HR,91,1,14742188,g4/13mA/13mA,79,95,0,16
18.725,HR,91,2,12552882,g4/13mA/13mA,79,95,0,16
18.725,HR,91,3,13988272,g4/13mA/13mA,79,95,0,16
18.754,HR,92,0,15142611,g5/13mA/13mA,79,95,0,16
18.754,HR,92,1,14743392,g4/13mA/13mA,79,95,0,16
18.754,HR,92,2,12553907,g4/13mA/13mA,79,95,0,16
18.754,HR,92,3,13989297,g4/13mA/13mA,79,95,0,16
18.754,HR,93,0,15141168,g5/13mA/13mA,79,95,0,16
18.754,HR,93,1,14742735,g4/13mA/13mA,79,95,0,16
18.754,HR,93,2,12553599,g4/13mA/13mA,79,95,0,16
18.754,HR,93,3,13988691,g4/13mA/13mA,79,95,0,16
18.754,HR,94,0,15140640,g5/13mA/13mA,79,95,0,16
18.754,HR,94,1,14742223,g4/13mA/13mA,79,95,0,16
18.754,HR,94,2,12552848,g4/13mA/13mA,79,95,0,16
18.754,HR,94,3,13988411,g4/13mA/13mA,79,95,0,16
18.754,HR,95,0,15139726,g5/13mA/13mA,79,95,0,16
18.754,HR,95,1,14741677,g4/13mA/13mA,79,95,0,16
18.754,HR,95,2,12552618,g4/13mA/13mA,79,95,0,16
18.754,HR,95,3,13988325,g4/13mA/13mA,79,95,0,16
18.754,HR,96,0,15142278,g5/13mA/13mA,79,95,0,16
18.754,HR,96,1,14743246,g4/13mA/13mA,79,95,0,16
18.754,HR,96,2,12553802,g4/13mA/13mA,79,95,0,16
18.754,HR,96,3,13989236,g4/13mA/13mA,79,95,0,16
18.754,HR,97,0,15139369,g5/13mA/13mA,79,95,0,16
18.754,HR,97,1,14741642,g4/13mA/13mA,79,95,0,16
18.754,HR,97,2,12552617,g4/13mA/13mA,79,95,0,16
18.754,HR,97,3,13987906,g4/13mA/13mA,79,95,0,16
18.842,HR,98,0,15140505,g5/13mA/13mA,79,95,0,16
18.842,HR,98,1,14742129,g4/13mA/13mA,79,95,0,16
18.842,HR,98,2,12553009,g4/13mA/13mA,79,95,0,16
18.842,HR,98,3,13988570,g4/13mA/13mA,79,95,0,16
18.842,HR,99,0,15142295,g5/13mA/13mA,79,95,0,16
18.842,HR,99,1,14743527,g4/13mA/13mA,79,95,0,16
18.842,HR,99,2,12553744,g4/13mA/13mA,79,95,0,16
18.842,HR,99,3,13989416,g4/13mA/13mA,79,95,0,16
18.842,HR,100,0,15139821,g5/13mA/13mA,79,95,0,16
18.842,HR,100,1,14741760,g4/13mA/13mA,79,95,0,16
18.842,HR,100,2,12552676,g4/13mA/13mA,79,95,0,16
18.842,HR,100,3,13988137,g4/13mA/13mA,79,95,0,16
18.842,HR,101,0,15140844,g5/13mA/13mA,79,95,0,16
18.842,HR,101,1,14743127,g4/13mA/13mA,79,95,0,16
18.842,HR,101,2,12553504,g4/13mA/13mA,79,95,0,16
18.842,HR,101,3,13988743,g4/13mA/13mA,79,95,0,16
18.842,HR,102,0,15141971,g5/13mA/13mA,79,95,0,16
18.842,HR,102,1,14743306,g4/13mA/13mA,79,95,0,16
18.842,HR,102,2,12553828,g4/13mA/13mA,79,95,0,16
18.842,HR,102,3,13989255,g4/13mA/13mA,79,95,0,16
18.842,HR,103,0,15140751,g5/13mA/13mA,79,95,0,16
18.842,HR,103,1,14742471,g4/13mA/13mA,79,95,0,16
18.842,HR,103,2,12552796,g4/13mA/13mA,79,95,0,16
18.842,HR,103,3,13988896,g4/13mA/13mA,79,95,0,16
18.845,HR,104,0,15142057,g5/13mA/13mA,79,95,0,16
18.845,HR,104,1,14743066,g4/13mA/13mA,79,95,0,16
18.845,HR,104,2,12553802,g4/13mA/13mA,79,95,0,16
18.845,HR,104,3,13989025,g4/13mA/13mA,79,95,0,16
18.845,HR,105,0,15140973,g5/13mA/13mA,79,95,0,16
18.845,HR,105,1,14742309,g4/13mA/13mA,79,95,0,16
18.845,HR,105,2,12552830,g4/13mA/13mA,79,95,0,16
18.845,HR,105,3,13988419,g4/13mA/13mA,79,95,0,16
18.845,HR,106,0,15140913,g5/13mA/13mA,79,95,0,16
18.845,HR,106,1,14742614,g4/13mA/13mA,79,95,0,16
18.845,HR,106,2,12553240,g4/13mA/13mA,79,95,0,16
18.845,HR,106,3,13988445,g4/13mA/13mA,79,95,0,16
18.845,HR,107,0,15141868,g5/13mA/13mA,79,95,0,16
18.845,HR,107,1,14743161,g4/13mA/13mA,79,95,0,16
18.845,HR,107,2,12553778,g4/13mA/13mA,79,95,0,16
18.845,HR,107,3,13989270,g4/13mA/13mA,79,95,0,16
18.845,HR,108,0,15140333,g5/13mA/13mA,80,96,0,16
18.845,HR,108,1,14742316,g4/13mA/13mA,80,96,0,16
18.845,HR,108,2,12552721,g4/13mA/13mA,80,96,0,16
18.845,HR,108,3,13988419,g4/13mA/13mA,80,96,0,16
18.875,HRV,75,0,15141706,g5/13mA/13mA,80,96,0,16
18.875,HRV,75,1,14742505,g4/13mA/13mA,80,96,0,16
18.875,HRV,75,2,12553522,g4/13mA/13mA,80,96,0,16
18.875,HRV,75,3,13988923,g4/13mA/13mA,80,96,0,16
18.875,HRV,76,0,15140852,g5/13mA/13mA,80,96,0,16
18.875,HRV,76,1,14742538,g4/13mA/13mA,80,96,0,16
18.875,HRV,76,2,12553173,g4/13mA/13mA,80,96,0,16
18.875,HRV,76,3,13988434,g4/13mA/13mA,80,96,0,16
18.875,HRV,77,0,15140794,g5/13mA/13mA,80,96,0,16
18.875,HRV,77,1,14742291,g4/13mA/13mA,80,96,0,16
18.875,HRV,77,2,12553376,g4/13mA/13mA,80,96,0,16
18.875,HRV,77,3,13988520,g4/13mA/13mA,80,96,0,16
18.875,HRV,78,0,15140615,g5/13mA/13mA,80,96,0,16
18.875,HRV,78,1,14742274,g4/13mA/13mA,80,96,0,16
18.875,HRV,78,2,12552899,g4/13mA/13mA,80,96,0,16
18.875,HRV,78,3,13988299,g4/13mA/13mA,80,96,0,16
18.875,HRV,79,0,15142825,g5/13mA/13mA,80,96,0,16
18.875,HRV,79,1,14743450,g4/13mA/13mA,80,96,0,16
18.875,HRV,79,2,12553922,g4/13mA/13mA,80,96,0,16
18.875,HRV,79,3,13989706,g4/13mA/13mA,80,96,0,16
18.875,HRV,80,0,15140238,g5/13mA/13mA,80,96,0,16
18.875,HRV,80,1,14742034,g4/13mA/13mA,80,96,0,16
18.875,HRV,80,2,12552472,g4/13mA/13mA,80,96,0,16
18.875,HRV,80,3,13988316,g4/13mA/13mA,80,96,0,16
18.966,HRV,81,0,15141416,g5/13mA/13mA,80,96,0,16
18.966,HRV,81,1,14742810,g4/13mA/13mA,80,96,0,16
18.966,HRV,81,2,12553418,g4/13mA/13mA,80,96,0,16
18.966,HRV,81,3,13988581,g4/13mA/13mA,80,96,0,16
18.966,HRV,82,0,15141084,g5/13mA/13mA,80,96,0,16
18.966,HRV,82,1,14742795,g4/13mA/13mA,80,96,0,16
18.966,HRV,82,2,12553173,g4/13mA/13mA,80,96,0,16
18.966,HRV,82,3,13989093,g4/13mA/13mA,80,96,0,16
18.966,HRV,83,0,15140487,g5/13mA/13mA,80,96,0,16
18.966,HRV,83,1,14742888,g4/13mA/13mA,80,96,0,16
18.966,HRV,83,2,12553163,g4/13mA/13mA,80,96,0,16
18.966,HRV,83,3,13988572,g4/13mA/13mA,80,96,0,16
18.966,HRV,84,0,15141442,g5/13mA/13mA,80,96,0,16
18.966,HRV,84,1,14742922,g4/13mA/13mA,80,96,0,16
18.966,HRV,84,2,12553376,g4/13mA/13mA,80,96,0,16
18.966,HRV,84,3,13989075,g4/13mA/13mA,80,96,0,16
18.966,HRV,85,0,15141442,g5/13mA/13mA,80,96,0,16
18.966,HRV,85,1,14743025,g4/13mA/13mA,80,96,0,16
18.966,HRV,85,2,12553633,g4/13mA/13mA,80,96,0,16
18.966,HRV,85,3,13989084,g4/13mA/13mA,80,96,0,16
18.991,HRV,86,0,15141100,g5/13mA/13mA,80,96,0,16
18.991,HRV,86,1,14742743,g4/13mA/13mA,80,96,0,16
18.991,HRV,86,2,12553437,g4/13mA/13mA,80,96,0,16
18.991,HRV,86,3,13988836,g4/13mA/13mA,80,96,0,16
18.991,HRV,87,0,15142158,g5/13mA/13mA,80,96,0,16
18.991,HRV,87,1,14743246,g4/13mA/13mA,80,96,0,16
18.991,HRV,87,2,12553753,g4/13mA/13mA,80,96,0,16
18.991,HRV,87,3,13989262,g4/13mA/13mA,80,96,0,16
18.991,HRV,88,0,15141621,g5/13mA/13mA,80,96,0,16
18.991,HRV,88,1,14742930,g4/13mA/13mA,80,96,0,16
18.991,HRV,88,2,12553521,g4/13mA/13mA,80,96,0,16
18.991,HRV,88,3,13988998,g4/13mA/13mA,80,96,0,16
18.991,HRV,89,0,15141246,g5/13mA/13mA,80,96,0,16
18.991,HRV,89,1,14742786,g4/13mA/13mA,80,96,0,16
18.991,HRV,89,2,12553069,g4/13mA/13mA,80,96,0,16
18.991,HRV,89,3,13988761,g4/13mA/13mA,80,96,0,16
18.991,HRV,90,0,15139258,g5/13mA/13mA,80,96,0,16
18.991,HRV,90,1,14741685,g4/13mA/13mA,80,96,0,16
18.991,HRV,90,2,12552292,g4/13mA/13mA,80,96,0,16
18.991,HRV,90,3,13987888,g4/13mA/13mA,80,96,0,16
18.991,HRV,91,0,15140324,g5/13mA/13mA,80,96,0,16
18.991,HRV,91,1,14742188,g4/13mA/13mA,80,96,0,16
18.991,HRV,91,2,12552882,g4/13mA/13mA,80,96,0,16
18.991,HRV,91,3,13988272,g4/13mA/13mA,80,96,0,16
18.994,HRV,92,0,15142611,g5/13mA/13mA,80,96,0,16
18.994,HRV,92,1,14743392,g4/13mA/13mA,80,96,0,16
18.994,HRV,92,2,12553907,g4/13mA/13mA,80,96,0,16
18.994,HRV,92,3,13989297,g4/13mA/13mA,80,96,0,16
18.994,HRV,93,0,15141168,g5/13mA/13mA,80,96,0,16
18.994,HRV,93,1,14742735,g4/13mA/13mA,80,96,0,16
18.994,HRV,93,2,12553599,g4/13mA/13mA,80,96,0,16
18.995,HRV,93,3,13988691,g4/13mA/13mA,80,96,0,16
18.995,HRV,94,0,15140640,g5/13mA/13mA,80,96,0,16
18.995,HRV,94,1,14742223,g4/13mA/13mA,80,96,0,16
18.995,HRV,94,2,12552848,g4/13mA/13mA,80,96,0,16
18.995,HRV,94,3,13988411,g4/13mA/13mA,80,96,0,16
18.995,HRV,95,0,15139726,g5/13mA/13mA,80,96,0,16
18.995,HRV,95,1,14741677,g4/13mA/13mA,80,96,0,16
18.995,HRV,95,2,12552618,g4/13mA/13mA,80,96,0,16
18.995,HRV,95,3,13988325,g4/13mA/13mA,80,96,0,16
18.995,HRV,96,0,15142278,g5/13mA/13mA,80,96,0,16
18.995,HRV,96,1,14743246,g4/13mA/13mA,80,96,0,16
18.995,HRV,96,2,12553802,g4/13mA/13mA,80,96,0,16
18.995,HRV,96,3,13989236,g4/13mA/13mA,80,96,0,16
18.995,HRV,97,0,15139369,g5/13mA/13mA,80,96,0,16
18.995,HRV,97,1,14741642,g4/13mA/13mA,80,96,0,16
18.995,HRV,97,2,12552617,g4/13mA/13mA,80,96,0,16
18.995,HRV,97,3,13987906,g4/13mA/13mA,80,96,0,16
19.054,HRV,98,0,15140505,g5/13mA/13mA,80,96,0,16
19.054,HRV,98,1,14742129,g4/13mA/13mA,80,96,0,16
19.054,HRV,98,2,12553009,g4/13mA/13mA,80,96,0,16
19.054,HRV,98,3,13988570,g4/13mA/13mA,80,96,0,16
19.054,HRV,99,0,15142295,g5/13mA/13mA,80,96,0,16
19.054,HRV,99,1,14743527,g4/13mA/13mA,80,96,0,16
19.054,HRV,99,2,12553744,g4/13mA/13mA,80,96,0,16
19.054,HRV,99,3,13989416,g4/13mA/13mA,80,96,0,16
19.054,HRV,100,0,15139821,g5/13mA/13mA,80,96,0,16
19.054,HRV,100,1,14741760,g4/13mA/13mA,80,96,0,16
19.054,HRV,100,2,12552676,g4/13mA/13mA,80,96,0,16
19.054,HRV,100,3,13988137,g4/13mA/13mA,80,96,0,16
19.054,HRV,101,0,15140844,g5/13mA/13mA,80,96,0,16
19.054,HRV,101,1,14743127,g4/13mA/13mA,80,96,0,16
19.054,HRV,101,2,12553504,g4/13mA/13mA,80,96,0,16
19.054,HRV,101,3,13988743,g4/13mA/13mA,80,96,0,16
19.054,HRV,102,0,15141971,g5/13mA/13mA,80,96,0,16
19.054,HRV,102,1,14743306,g4/13mA/13mA,80,96,0,16
19.054,HRV,102,2,12553828,g4/13mA/13mA,80,96,0,16
19.054,HRV,102,3,13989255,g4/13mA/13mA,80,96,0,16
19.054,HRV,103,0,15140751,g5/13mA/13mA,80,96,0,16
19.054,HRV,103,1,14742471,g4/13mA/13mA,80,96,0,16
19.054,HRV,103,2,12552796,g4/13mA/13mA,80,96,0,16
19.054,HRV,103,3,13988896,g4/13mA/13mA,80,96,0,16
19.084,HRV,104,0,15142057,g5/13mA/13mA,80,96,0,16
19.084,HRV,104,1,14743066,g4/13mA/13mA,80,96,0,16
19.084,HRV,104,2,12553802,g4/13mA/13mA,80,96,0,16
19.084,HRV,104,3,13989025,g4/13mA/13mA,80,96,0,16
19.084,HRV,105,0,15140973,g5/13mA/13mA,80,96,0,16
19.084,HRV,105,1,14742309,g4/13mA/13mA,80,96,0,16
19.084,HRV,105,2,12552830,g4/13mA/13mA,80,96,0,16
19.084,HRV,105,3,13988419,g4/13mA/13mA,80,96,0,16
19.084,HRV,106,0,15140913,g5/13mA/13mA,80,96,0,16
19.084,HRV,106,1,14742614,g4/13mA/13mA,80,96,0,16
19.084,HRV,106,2,12553240,g4/13mA/13mA,80,96,0,16
19.084,HRV,106,3,13988445,g4/13mA/13mA,80,96,0,16
19.084,HRV,107,0,15141868,g5/13mA/13mA,80,96,0,16
19.084,HRV,107,1,14743161,g4/13mA/13mA,80,96,0,16
19.084,HRV,107,2,12553778,g4/13mA/13mA,80,96,0,16
19.084,HRV,107,3,13989270,g4/13mA/13mA,80,96,0,16
19.084,HRV,108,0,15140333,g5/13mA/13mA,80,96,0,16
19.084,HRV,108,1,14742316,g4/13mA/13mA,80,96,0,16
19.084,HRV,108,2,12552721,g4/13mA/13mA,80,96,0,16
19.084,HRV,108,3,13988419,g4/13mA/13mA,80,96,0,16
19.145,SPO2,75,0,12975985,g1/60mA/0mA,80,96,0,16
19.145,SPO2,75,1,12229959,g1/25mA/0mA,80,96,0,16
19.145,SPO2,76,0,12975313,g1/60mA/0mA,80,96,0,16
19.145,SPO2,76,1,12229711,g1/25mA/0mA,80,96,0,16
19.145,SPO2,77,0,12975872,g1/60mA/0mA,80,96,0,16
19.145,SPO2,77,1,12229931,g1/25mA/0mA,80,96,0,16
19.145,SPO2,78,0,12975441,g1/60mA/0mA,80,96,0,16
19.145,SPO2,78,1,12229873,g1/25mA/0mA,80,96,0,16
19.145,SPO2,79,0,12976774,g1/60mA/0mA,80,96,0,16
19.145,SPO2,79,1,12230298,g1/25mA/0mA,80,96,0,16
19.145,SPO2,80,0,12974874,g1/60mA/0mA,80,96,0,16
19.145,SPO2,80,1,12229409,g1/25mA/0mA,80,96,0,16
19.145,SPO2,81,0,12975875,g1/60mA/0mA,80,96,0,16
19.145,SPO2,81,1,12229948,g1/25mA/0mA,80,96,0,16
19.176,SPO2,82,0,12976093,g1/60mA/0mA,80,96,0,16
19.176,SPO2,82,1,12230110,g1/25mA/0mA,80,96,0,16
19.176,SPO2,83,0,12975807,g1/60mA/0mA,80,96,0,15
19.176,SPO2,83,1,12229956,g1/25mA/0mA,80,96,0,15
19.176,SPO2,84,0,12975700,g1/60mA/0mA,80,96,0,15
19.176,SPO2,84,1,12229646,g1/25mA/0mA,80,96,0,15
19.176,SPO2,85,0,12975973,g1/60mA/0mA,80,96,0,15
19.176,SPO2,85,1,12229968,g1/25mA/0mA,80,96,0,15
19.176,SPO2,86,0,12975961,g1/60mA/0mA,80,96,0,15
19.176,SPO2,86,1,12229953,g1/25mA/0mA,80,96,0,15
19.176,SPO2,87,0,12976277,g1/60mA/0mA,80,96,0,15
19.176,SPO2,87,1,12230054,g1/25mA/0mA,80,96,0,15
19.595,SPO2,88,0,12976122,g1/60mA/0mA,80,96,0,15
19.595,SPO2,88,1,12229823,g1/25mA/0mA,80,96,0,15
19.595,SPO2,89,0,12976007,g1/60mA/0mA,80,96,0,15
19.595,SPO2,89,1,12230209,g1/25mA/0mA,80,96,0,15
19.595,SPO2,90,0,12974354,g1/60mA/0mA,80,96,0,15
19.595,SPO2,90,1,12229306,g1/25mA/0mA,80,96,0,15
19.595,SPO2,91,0,12975200,g1/60mA/0mA,80,96,0,15
19.595,SPO2,91,1,12229559,g1/25mA/0mA,80,96,0,15
19.595,SPO2,92,0,12976527,g1/60mA/0mA,80,96,0,15
19.595,SPO2,92,1,12230369,g1/25mA/0mA,80,96,0,15
19.595,SPO2,93,0,12975892,g1/60mA/0mA,80,96,0,15
19.595,SPO2,93,1,12229924,g1/25mA/0mA,80,96,0,15
19.595,SPO2,94,0,12975578,g1/60mA/0mA,80,96,0,15
19.595,SPO2,94,1,12229989,g1/25mA/0mA,80,96,0,15
19.681,SPO2,95,0,12974455,g1/60mA/0mA,80,96,0,15
19.681,SPO2,95,1,12229136,g1/25mA/0mA,80,96,0,15
19.682,SPO2,96,0,12976644,g1/60mA/0mA,80,96,0,15
19.682,SPO2,96,1,12230488,g1/25mA/0mA,80,96,0,15
19.682,SPO2,97,0,12974428,g1/60mA/0mA,80,96,0,15
19.682,SPO2,97,1,12229131,g1/25mA/0mA,80,96,0,15
19.682,SPO2,98,0,12975416,g1/60mA/0mA,80,96,0,15
19.682,SPO2,98,1,12229811,g1/25mA/0mA,80,96,0,15
19.682,SPO2,99,0,12977219,g1/60mA/0mA,80,96,0,15
19.682,SPO2,99,1,12231054,g1/25mA/0mA,80,96,0,15
19.682,SPO2,100,0,12974811,g1/60mA/0mA,80,96,0,15
19.682,SPO2,100,1,12229523,g1/25mA/0mA,80,96,0,15
19.682,SPO2,101,0,12975563,g1/60mA/0mA,80,96,0,15
19.682,SPO2,101,1,12229831,g1/25mA/0mA,80,96,0,15
19.682,SPO2,102,0,12976811,g1/60mA/0mA,80,96,0,15
19.682,SPO2,102,1,12230509,g1/25mA/0mA,80,96,0,15
19.684,SPO2,103,0,12975401,g1/60mA/0mA,80,96,0,15
19.684,SPO2,103,1,12229681,g1/25mA/0mA,80,96,0,15
19.684,SPO2,104,0,12976151,g1/60mA/0mA,80,96,0,15
19.684,SPO2,104,1,12230167,g1/25mA/0mA,80,96,0,15
19.684,SPO2,105,0,12975648,g1/60mA/0mA,80,96,0,15
19.684,SPO2,105,1,12230023,g1/25mA/0mA,80,96,0,15
19.684,SPO2,106,0,12975401,g1/60mA/0mA,80,96,0,15
19.684,SPO2,106,1,12229607,g1/25mA/0mA,80,96,0,15
19.684,SPO2,107,0,12976293,g1/60mA/0mA,80,96,0,15
19.684,SPO2,107,1,12230171,g1/25mA/0mA,80,96,0,15
19.684,SPO2,108,0,12975421,g1/60mA/0mA,80,96,0,17
19.684,SPO2,108,1,12229874,g1/25mA/0mA,80,96,0,17
19.716,HR,109,0,15142586,g5/13mA/13mA,80,96,0,17
19.716,HR,109,1,14743827,g4/13mA/13mA,80,96,0,17
19.716,HR,109,2,12553914,g4/13mA/13mA,80,96,0,17
19.716,HR,109,3,13989221,g4/13mA/13mA,80,96,0,17
19.716,HR,110,0,15142994,g5/13mA/13mA,80,96,0,17
19.716,HR,110,1,14743638,g4/13mA/13mA,80,96,0,17
19.716,HR,110,2,12553787,g4/13mA/13mA,80,96,0,17
19.716,HR,110,3,13989664,g4/13mA/13mA,80,96,0,17
19.716,HR,111,0,15140060,g5/13mA/13mA,80,96,0,17
19.716,HR,111,1,14741873,g4/13mA/13mA,80,96,0,17
19.716,HR,111,2,12552608,g4/13mA/13mA,80,96,0,17
19.716,HR,111,3,13988027,g4/13mA/13mA,80,96,0,17
19.716,HR,112,0,15142432,g5/13mA/13mA,80,96,0,17
19.716,HR,112,1,14743647,g4/13mA/13mA,80,96,0,17
19.716,HR,112,2,12554017,g4/13mA/13mA,80,96,0,17
19.716,HR,112,3,13989468,g4/13mA/13mA,80,96,0,17
19.716,HR,113,0,15140657,g5/13mA/13mA,80,96,0,17
19.716,HR,113,1,14742000,g4/13mA/13mA,80,96,0,17
19.716,HR,113,2,12552335,g4/13mA/13mA,80,96,0,17
19.716,HR,113,3,13988223,g4/13mA/13mA,80,96,0,17
19.716,HR,114,0,15142474,g5/13mA/13mA,80,96,0,17
19.716,HR,114,1,14743476,g4/13mA/13mA,80,96,0,17
19.716,HR,114,2,12553914,g4/13mA/13mA,80,96,0,17
19.716,HR,114,3,13989382,g4/13mA/13mA,80,96,0,17
19.777,HR,115,0,15140453,g5/13mA/13mA,80,96,0,17
19.777,HR,115,1,14742333,g4/13mA/13mA,80,96,0,17
19.777,HR,115,2,12552781,g4/13mA/13mA,80,96,0,17
19.777,HR,115,3,13988401,g4/13mA/13mA,80,96,0,17
19.777,HR,116,0,15140751,g5/13mA/13mA,80,96,0,17
19.777,HR,116,1,14742342,g4/13mA/13mA,80,96,0,17
19.777,HR,116,2,12552916,g4/13mA/13mA,80,96,0,17
19.777,HR,116,3,13988656,g4/13mA/13mA,80,96,0,17
19.777,HR,117,0,15141108,g5/13mA/13mA,80,96,0,17
19.777,HR,117,1,14742410,g4/13mA/13mA,80,96,0,17
19.777,HR,117,2,12553173,g4/13mA/13mA,80,96,0,17
19.777,HR,117,3,13988724,g4/13mA/13mA,80,96,0,17
19.777,HR,118,0,15142151,g5/13mA/13mA,80,96,0,17
19.777,HR,118,1,14743552,g4/13mA/13mA,80,96,0,17
19.777,HR,118,2,12553701,g4/13mA/13mA,80,96,0,17
19.777,HR,118,3,13989518,g4/13mA/13mA,80,96,0,17
19.777,HR,119,0,15139335,g5/13mA/13mA,80,96,0,17
19.777,HR,119,1,14741718,g4/13mA/13mA,80,96,0,17
19.777,HR,119,2,12552590,g4/13mA/13mA,80,96,0,17
19.777,HR,119,3,13987820,g4/13mA/13mA,80,96,0,17
19.777,HR,120,0,15142271,g5/13mA/13mA,80,96,0,17
19.777,HR,120,1,14743409,g4/13mA/13mA,80,96,0,17
19.777,HR,120,2,12553931,g4/13mA/13mA,80,96,0,17
19.777,HR,120,3,13989399,g4/13mA/13mA,80,96,0,17
19.835,HR,121,0,15140573,g5/13mA/13mA,80,96,0,17
19.835,HR,121,1,14742283,g4/13mA/13mA,80,96,0,17
19.835,HR,121,2,12553002,g4/13mA/13mA,80,96,0,17
19.835,HR,121,3,13988733,g4/13mA/13mA,80,96,0,17
19.835,HR,122,0,15142568,g5/13mA/13mA,80,96,0,17
19.835,HR,122,1,14743341,g4/13mA/13mA,80,96,0,17
19.835,HR,122,2,12553862,g4/13mA/13mA,80,96,0,17
19.835,HR,122,3,13989330,g4/13mA/13mA,80,96,0,17
19.835,HR,123,0,15140973,g5/13mA/13mA,80,96,0,17
19.835,HR,123,1,14742633,g4/13mA/13mA,80,96,0,17
19.835,HR,123,2,12553403,g4/13mA/13mA,80,96,0,17
19.835,HR,123,3,13988546,g4/13mA/13mA,80,96,0,17
19.835,HR,124,0,15141341,g5/13mA/13mA,80,96,0,17
19.835,HR,124,1,14742863,g4/13mA/13mA,80,96,0,17
19.835,HR,124,2,12553222,g4/13mA/13mA,80,96,0,17
19.835,HR,124,3,13988581,g4/13mA/13mA,80,96,0,17
19.835,HR,125,0,15139847,g5/13mA/13mA,80,96,0,17
19.836,HR,125,1,14742136,g4/13mA/13mA,80,96,0,17
19.836,HR,125,2,12552618,g4/13mA/13mA,80,96,0,17
19.836,HR,125,3,13988180,g4/13mA/13mA,80,96,0,17
19.836,HR,126,0,15142654,g5/13mA/13mA,80,96,0,17
19.836,HR,126,1,14743246,g4/13mA/13mA,80,96,0,17
19.836,HR,126,2,12553855,g4/13mA/13mA,80,96,0,17
19.836,HR,126,3,13989424,g4/13mA/13mA,80,96,0,17
19.860,HR,127,0,15140844,g5/13mA/13mA,80,96,0,17
19.860,HR,127,1,14742316,g4/13mA/13mA,80,96,0,17
19.860,HR,127,2,12552864,g4/13mA/13mA,80,96,0,17
19.860,HR,127,3,13988513,g4/13mA/13mA,80,96,0,17
19.860,HR,128,0,15141171,g5/13mA/13mA,80,96,0,17
19.860,HR,128,1,14742939,g4/13mA/13mA,80,96,0,17
19.860,HR,128,2,12553426,g4/13mA/13mA,80,96,0,17
19.860,HR,128,3,13988913,g4/13mA/13mA,80,96,0,17
19.860,HR,129,0,15140622,g5/13mA/13mA,80,96,0,17
19.860,HR,129,1,14742316,g4/13mA/13mA,80,96,0,17
19.860,HR,129,2,12553044,g4/13mA/13mA,80,96,0,17
19.860,HR,129,3,13988570,g4/13mA/13mA,80,96,0,17
19.860,HR,130,0,15141153,g5/13mA/13mA,80,96,0,17
19.860,HR,130,1,14742803,g4/13mA/13mA,80,96,0,17
19.860,HR,130,2,12553531,g4/13mA/13mA,80,96,0,17
19.860,HR,130,3,13988920,g4/13mA/13mA,80,96,0,17
19.860,HR,131,0,15140283,g5/13mA/13mA,80,96,0,17
19.860,HR,131,1,14742136,g4/13mA/13mA,80,96,0,17
19.860,HR,131,2,12552857,g4/13mA/13mA,80,96,0,17
19.860,HR,131,3,13988247,g4/13mA/13mA,80,96,0,17
19.860,HR,132,0,15141553,g5/13mA/13mA,80,96,0,17
19.860,HR,132,1,14742700,g4/13mA/13mA,80,96,0,17
19.860,HR,132,2,12553418,g4/13mA/13mA,80,96,0,17
19.860,HR,132,3,13989339,g4/13mA/13mA,80,96,0,17
19.897,HR,133,0,15141050,g5/13mA/13mA,80,96,0,17
19.897,HR,133,1,14742333,g4/13mA/13mA,80,96,0,17
19.897,HR,133,2,12553154,g4/13mA/13mA,80,96,0,17
19.897,HR,133,3,13988734,g4/13mA/13mA,80,96,0,17
19.897,HR,134,0,15140802,g5/13mA/13mA,80,96,0,17
19.897,HR,134,1,14742682,g4/13mA/13mA,80,96,0,17
19.897,HR,134,2,12553249,g4/13mA/13mA,80,96,0,17
19.897,HR,134,3,13988674,g4/13mA/13mA,80,96,0,17
19.897,HR,135,0,15141195,g5/13mA/13mA,80,96,0,17
19.897,HR,135,1,14742795,g4/13mA/13mA,80,96,0,17
19.897,HR,135,2,12553256,g4/13mA/13mA,80,96,0,17
19.897,HR,135,3,13988810,g4/13mA/13mA,80,96,0,17
19.897,HR,136,0,15140794,g5/13mA/13mA,80,96,0,17
19.897,HR,136,1,14742468,g4/13mA/13mA,80,96,0,17
19.897,HR,136,2,12552925,g4/13mA/13mA,80,96,0,17
19.897,HR,136,3,13988565,g4/13mA/13mA,80,96,0,17
19.897,HR,137,0,15141793,g5/13mA/13mA,80,96,0,17
19.897,HR,137,1,14742922,g4/13mA/13mA,80,96,0,17
19.897,HR,137,2,12553565,g4/13mA/13mA,80,96,0,17
19.897,HR,137,3,13988964,g4/13mA/13mA,80,96,0,17
19.924,HR,138,0,15140776,g5/13mA/13mA,80,96,0,17
19.924,HR,138,1,14742403,g4/13mA/13mA,80,96,0,17
19.924,HR,138,2,12552864,g4/13mA/13mA,80,96,0,17
19.924,HR,138,3,13988546,g4/13mA/13mA,80,96,0,17
19.924,HR,139,0,15141597,g5/13mA/13mA,80,96,0,17
19.924,HR,139,1,14742965,g4/13mA/13mA,80,96,0,17
19.924,HR,139,2,12553462,g4/13mA/13mA,80,96,0,17
19.924,HR,139,3,13988913,g4/13mA/13mA,80,96,0,17
19.924,HR,140,0,15141732,g5/13mA/13mA,80,96,0,17
19.924,HR,140,1,14742878,g4/13mA/13mA,80,96,0,17
19.924,HR,140,2,12553590,g4/13mA/13mA,80,96,0,17
19.924,HR,140,3,13989075,g4/13mA/13mA,80,96,0,17
19.924,HR,141,0,15140794,g5/13mA/13mA,80,96,0,17
19.924,HR,141,1,14742871,g4/13mA/13mA,80,96,0,17
19.924,HR,141,2,12553426,g4/13mA/13mA,80,96,0,17
19.924,HR,141,3,13988750,g4/13mA/13mA,80,96,0,17
19.924,HR,142,0,15142561,g5/13mA/13mA,80,96,0,17
19.924,HR,142,1,14743555,g4/13mA/13mA,80,96,0,17
19.924,HR,142,2,12554061,g4/13mA/13mA,80,96,0,17
19.924,HR,142,3,13989365,g4/13mA/13mA,80,96,0,17
19.986,HRV,109,0,15142586,g5/13mA/13mA,80,96,0,17
19.986,HRV,109,1,14743827,g4/13mA/13mA,80,96,0,17
19.986,HRV,109,2,12553914,g4/13mA/13mA,80,96,0,17
19.986,HRV,109,3,13989221,g4/13mA/13mA,80,96,0,17
19.986,HRV,110,0,15142994,g5/13mA/13mA,80,96,0,17
19.986,HRV,110,1,14743638,g4/13mA/13mA,80,96,0,17
19.986,HRV,110,2,12553787,g4/13mA/13mA,80,96,0,17
19.986,HRV,110,3,13989664,g4/13mA/13mA,80,96,0,17
19.986,HRV,111,0,15140060,g5/13mA/13mA,80,96,0,17
19.986,HRV,111,1,14741873,g4/13mA/13mA,80,96,0,17
19.986,HRV,111,2,12552608,g4/13mA/13mA,80,96,0,17
19.986,HRV,111,3,13988027,g4/13mA/13mA,80,96,0,17
19.986,HRV,112,0,15142432,g5/13mA/13mA,80,96,0,17
19.986,HRV,112,1,14743647,g4/13mA/13mA,80,96,0,17
19.986,HRV,112,2,12554017,g4/13mA/13mA,80,96,0,17
19.986,HRV,112,3,13989468,g4/13mA/13mA,80,96,0,17
19.986,HRV,113,0,15140657,g5/13mA/13mA,80,96,0,17
19.986,HRV,113,1,14742000,g4/13mA/13mA,80,96,0,17
19.986,HRV,113,2,12552335,g4/13mA/13mA,80,96,0,17
19.986,HRV,113,3,13988223,g4/13mA/13mA,80,96,0,17
19.986,HRV,114,0,15142474,g5/13mA/13mA,80,96,0,17
19.986,HRV,114,1,14743476,g4/13mA/13mA,80,96,0,17
19.986,HRV,114,2,12553914,g4/13mA/13mA,80,96,0,17
19.986,HRV,114,3,13989382,g4/13mA/13mA,80,96,0,17
20.015,HRV,115,0,15140453,g5/13mA/13mA,80,96,0,17
20.015,HRV,115,1,14742333,g4/13mA/13mA,80,96,0,17
20.015,HRV,115,2,12552781,g4/13mA/13mA,80,96,0,17
20.015,HRV,115,3,13988401,g4/13mA/13mA,80,96,0,17
20.015,HRV,116,0,15140751,g5/13mA/13mA,80,96,0,17
20.015,HRV,116,1,14742342,g4/13mA/13mA,80,96,0,17
20.015,HRV,116,2,12552916,g4/13mA/13mA,80,96,0,17
20.015,HRV,116,3,13988656,g4/13mA/13mA,80,96,0,17
20.015,HRV,117,0,15141108,g5/13mA/13mA,80,96,0,17
20.015,HRV,117,1,14742410,g4/13mA/13mA,80,96,0,17
20.015,HRV,117,2,12553173,g4/13mA/13mA,80,96,0,17
20.015,HRV,117,3,13988724,g4/13mA/13mA,80,96,0,17
20.015,HRV,118,0,15142151,g5/13mA/13mA,80,96,0,17
20.015,HRV,118,1,14743552,g4/13mA/13mA,80,96,0,17
20.015,HRV,118,2,12553701,g4/13mA/13mA,80,96,0,17
20.015,HRV,118,3,13989518,g4/13mA/13mA,80,96,0,17
20.015,HRV,119,0,15139335,g5/13mA/13mA,80,96,0,17
20.015,HRV,119,1,14741718,g4/13mA/13mA,80,96,0,17
20.015,HRV,119,2,12552590,g4/13mA/13mA,80,96,0,17
20.015,HRV,119,3,13987820,g4/13mA/13mA,80,96,0,17
20.015,HRV,120,0,15142271,g5/13mA/13mA,80,96,0,17
20.015,HRV,120,1,14743409,g4/13mA/13mA,80,96,0,17
20.015,HRV,120,2,12553931,g4/13mA/13mA,80,96,0,17
20.015,HRV,120,3,13989399,g4/13mA/13mA,80,96,0,17
20.048,HRV,121,0,15140573,g5/13mA/13mA,80,96,0,17
20.048,HRV,121,1,14742283,g4/13mA/13mA,80,96,0,17
20.048,HRV,121,2,12553002,g4/13mA/13mA,80,96,0,17
20.048,HRV,121,3,13988733,g4/13mA/13mA,80,96,0,17
20.048,HRV,122,0,15142568,g5/13mA/13mA,80,96,0,17
20.048,HRV,122,1,14743341,g4/13mA/13mA,80,96,0,17
20.048,HRV,122,2,12553862,g4/13mA/13mA,80,96,0,17
20.048,HRV,122,3,13989330,g4/13mA/13mA,80,96,0,17
20.048,HRV,123,0,15140973,g5/13mA/13mA,80,96,0,17
20.048,HRV,123,1,14742633,g4/13mA/13mA,80,96,0,17
20.048,HRV,123,2,12553403,g4/13mA/13mA,80,96,0,17
20.048,HRV,123,3,13988546,g4/13mA/13mA,80,96,0,17
20.048,HRV,124,0,15141341,g5/13mA/13mA,80,96,0,17
20.048,HRV,124,1,14742863,g4/13mA/13mA,80,96,0,17
20.048,HRV,124,2,12553222,g4/13mA/13mA,80,96,0,17
20.048,HRV,124,3,13988581,g4/13mA/13mA,80,96,0,17
20.048,HRV,125,0,15139847,g5/13mA/13mA,80,96,0,17
20.048,HRV,125,1,14742136,g4/13mA/13mA,80,96,0,17
20.048,HRV,125,2,12552618,g4/13mA/13mA,80,96,0,17
20.048,HRV,125,3,13988180,g4/13mA/13mA,80,96,0,17
20.048,HRV,126,0,15142654,g5/13mA/13mA,80,96,0,17
20.048,HRV,126,1,14743246,g4/13mA/13mA,80,96,0,17
20.048,HRV,126,2,12553855,g4/13mA/13mA,80,96,0,17
20.048,HRV,126,3,13989424,g4/13mA/13mA,80,96,0,17
20.167,HRV,127,0,15140844,g5/13mA/13mA,80,96,0,17
20.167,HRV,127,1,14742316,g4/13mA/13mA,80,96,0,17
20.167,HRV,127,2,12552864,g4/13mA/13mA,80,96,0,17
20.167,HRV,127,3,13988513,g4/13mA/13mA,80,96,0,17
20.167,HRV,128,0,15141171,g5/13mA/13mA,80,96,0,17
20.167,HRV,128,1,14742939,g4/13mA/13mA,80,96,0,17
20.167,HRV,128,2,12553426,g4/13mA/13mA,80,96,0,17
20.167,HRV,128,3,13988913,g4/13mA/13mA,80,96,0,17
20.167,HRV,129,0,15140622,g5/13mA/13mA,80,96,0,17
20.167,HRV,129,1,14742316,g4/13mA/13mA,80,96,0,17
20.167,HRV,129,2,12553044,g4/13mA/13mA,80,96,0,17
20.167,HRV,129,3,13988570,g4/13mA/13mA,80,96,0,17
20.167,HRV,130,0,15141153,g5/13mA/13mA,80,96,0,17
20.167,HRV,130,1,14742803,g4/13mA/13mA,80,96,0,17
20.167,HRV,130,2,12553531,g4/13mA/13mA,80,96,0,17
20.167,HRV,130,3,13988920,g4/13mA/13mA,80,96,0,17
20.167,HRV,131,0,15140283,g5/13mA/13mA,80,96,0,17
20.167,HRV,131,1,14742136,g4/13mA/13mA,80,96,0,17
20.167,HRV,131,2,12552857,g4/13mA/13mA,80,96,0,17
20.167,HRV,131,3,13988247,g4/13mA/13mA,80,96,0,17
20.167,HRV,132,0,15141553,g5/13mA/13mA,80,96,0,17
20.167,HRV,132,1,14742700,g4/13mA/13mA,80,96,0,17
20.167,HRV,132,2,12553418,g4/13mA/13mA,80,96,0,17
20.167,HRV,132,3,13989339,g4/13mA/13mA,80,96,0,17
20.193,HRV,133,0,15141050,g5/13mA/13mA,80,96,0,17
20.193,HRV,133,1,14742333,g4/13mA/13mA,80,96,0,17
20.193,HRV,133,2,12553154,g4/13mA/13mA,80,96,0,17
20.193,HRV,133,3,13988734,g4/13mA/13mA,80,96,0,17
20.193,HRV,134,0,15140802,g5/13mA/13mA,80,96,0,17
20.193,HRV,134,1,14742682,g4/13mA/13mA,80,96,0,17
20.193,HRV,134,2,12553249,g4/13mA/13mA,80,96,0,17
20.193,HRV,134,3,13988674,g4/13mA/13mA,80,96,0,17
20.193,HRV,135,0,15141195,g5/13mA/13mA,80,96,0,17
20.193,HRV,135,1,14742795,g4/13mA/13mA,80,96,0,17
20.193,HRV,135,2,12553256,g4/13mA/13mA,80,96,0,17
20.193,HRV,135,3,13988810,g4/13mA/13mA,80,96,0,17
20.193,HRV,136,0,15140794,g5/13mA/13mA,80,96,0,17
20.193,HRV,136,1,14742468,g4/13mA/13mA,80,96,0,17
20.193,HRV,136,2,12552925,g4/13mA/13mA,80,96,0,17
20.193,HRV,136,3,13988565,g4/13mA/13mA,80,96,0,17
20.193,HRV,137,0,15141793,g5/13mA/13mA,80,96,0,17
20.193,HRV,137,1,14742922,g4/13mA/13mA,80,96,0,17
20.193,HRV,137,2,12553565,g4/13mA/13mA,80,96,0,17
20.193,HRV,137,3,13988964,g4/13mA/13mA,80,96,0,17
20.194,HRV,138,0,15140776,g5/13mA/13mA,80,96,0,17
20.194,HRV,138,1,14742403,g4/13mA/13mA,80,96,0,17
20.194,HRV,138,2,12552864,g4/13mA/13mA,80,96,0,17
20.194,HRV,138,3,13988546,g4/13mA/13mA,80,96,0,17
20.194,HRV,139,0,15141597,g5/13mA/13mA,80,96,0,17
20.194,HRV,139,1,14742965,g4/13mA/13mA,80,96,0,17
20.194,HRV,139,2,12553462,g4/13mA/13mA,80,96,0,17
20.194,HRV,139,3,13988913,g4/13mA/13mA,80,96,0,17
20.194,HRV,140,0,15141732,g5/13mA/13mA,80,96,0,17
20.194,HRV,140,1,14742878,g4/13mA/13mA,80,96,0,17
20.194,HRV,140,2,12553590,g4/13mA/13mA,80,96,0,17
20.194,HRV,140,3,13989075,g4/13mA/13mA,80,96,0,17
20.194,HRV,141,0,15140794,g5/13mA/13mA,80,96,0,17
20.194,HRV,141,1,14742871,g4/13mA/13mA,80,96,0,17
20.194,HRV,141,2,12553426,g4/13mA/13mA,80,96,0,17
20.194,HRV,141,3,13988750,g4/13mA/13mA,80,96,0,17
20.194,HRV,142,0,15142561,g5/13mA/13mA,80,96,0,17
20.194,HRV,142,1,14743555,g4/13mA/13mA,80,96,0,17
20.194,HRV,142,2,12554061,g4/13mA/13mA,80,96,0,17
20.194,HRV,142,3,13989365,g4/13mA/13mA,80,96,0,17
20.258,SPO2,109,0,12976354,g1/60mA/0mA,80,96,0,17
20.258,SPO2,109,1,12230048,g1/25mA/0mA,80,96,0,17
20.258,SPO2,110,0,12976677,g1/60mA/0mA,80,96,0,17
20.258,SPO2,110,1,12230426,g1/25mA/0mA,80,96,0,17
20.258,SPO2,111,0,12974873,g1/60mA/0mA,80,96,0,17
20.258,SPO2,111,1,12229359,g1/25mA/0mA,80,96,0,17
20.258,SPO2,112,0,12976642,g1/60mA/0mA,80,96,0,17
20.258,SPO2,112,1,12230571,g1/25mA/0mA,80,96,0,17
20.258,SPO2,113,0,12974715,g1/60mA/0mA,80,96,0,17
20.258,SPO2,113,1,12229189,g1/25mA/0mA,80,96,0,17
20.258,SPO2,114,0,12976264,g1/60mA/0mA,80,96,0,17
20.258,SPO2,114,1,12230017,g1/25mA/0mA,80,96,0,17
20.258,SPO2,115,0,12975444,g1/60mA/0mA,80,96,0,17
20.258,SPO2,115,1,12230024,g1/25mA/0mA,80,96,0,17
20.284,SPO2,116,0,12975531,g1/60mA/0mA,80,96,0,17
20.284,SPO2,116,1,12229789,g1/25mA/0mA,80,96,0,17
20.284,SPO2,117,0,12975783,g1/60mA/0mA,80,96,0,17
20.284,SPO2,117,1,12230063,g1/25mA/0mA,80,96,0,17
20.284,SPO2,118,0,12976344,g1/60mA/0mA,80,96,0,17
20.284,SPO2,118,1,12230089,g1/25mA/0mA,80,96,0,17
20.284,SPO2,119,0,12974678,g1/60mA/0mA,80,96,0,17
20.284,SPO2,119,1,12229439,g1/25mA/0mA,80,96,0,17
20.284,SPO2,120,0,12976244,g1/60mA/0mA,80,96,0,17
20.284,SPO2,120,1,12230001,g1/25mA/0mA,80,96,0,17
20.284,SPO2,121,0,12975517,g1/60mA/0mA,80,96,0,17
20.284,SPO2,121,1,12229922,g1/25mA/0mA,80,96,0,17
20.284,SPO2,122,0,12976707,g1/60mA/0mA,80,96,0,17
20.284,SPO2,122,1,12230517,g1/25mA/0mA,80,96,0,17
20.284,SPO2,123,0,12975534,g1/60mA/0mA,80,96,0,17
20.284,SPO2,123,1,12229660,g1/25mA/0mA,80,96,0,17
20.317,SPO2,124,0,12976093,g1/60mA/0mA,80,96,0,17
20.317,SPO2,124,1,12230219,g1/25mA/0mA,80,96,0,17
20.317,SPO2,125,0,12975042,g1/60mA/0mA,80,96,0,17
20.317,SPO2,125,1,12229459,g1/25mA/0mA,80,96,0,17
20.317,SPO2,126,0,12976814,g1/60mA/0mA,80,96,0,17
20.317,SPO2,126,1,12230426,g1/25mA/0mA,80,96,0,17
20.317,SPO2,127,0,12975391,g1/60mA/0mA,80,96,0,17
20.317,SPO2,127,1,12229621,g1/25mA/0mA,80,96,0,17
20.317,SPO2,128,0,12975968,g1/60mA/0mA,80,96,0,17
20.317,SPO2,128,1,12230245,g1/25mA/0mA,80,96,0,17
20.317,SPO2,129,0,12975374,g1/60mA/0mA,80,96,0,17
20.317,SPO2,129,1,12229769,g1/25mA/0mA,80,96,0,17
20.317,SPO2,130,0,12975845,g1/60mA/0mA,80,96,0,17
20.317,SPO2,130,1,12229888,g1/25mA/0mA,80,96,0,17
20.376,SPO2,131,0,12975092,g1/60mA/0mA,80,96,0,17
20.376,SPO2,131,1,12229602,g1/25mA/0mA,80,96,0,17
20.376,SPO2,132,0,12976122,g1/60mA/0mA,80,96,0,17
20.376,SPO2,132,1,12230044,g1/25mA/0mA,80,96,0,17
20.376,SPO2,133,0,12975359,g1/60mA/0mA,80,96,0,17
20.376,SPO2,133,1,12229676,g1/25mA/0mA,80,96,0,17
20.376,SPO2,134,0,12975441,g1/60mA/0mA,80,96,0,17
20.376,SPO2,134,1,12229756,g1/25mA/0mA,80,96,0,17
20.376,SPO2,135,0,12975816,g1/60mA/0mA,80,96,0,17
20.376,SPO2,135,1,12229942,g1/25mA/0mA,80,96,0,17
20.376,SPO2,136,0,12975477,g1/60mA/0mA,80,96,0,17
20.376,SPO2,136,1,12229713,g1/25mA/0mA,80,96,0,17
20.377,SPO2,137,0,12976143,g1/60mA/0mA,80,96,0,17
20.377,SPO2,137,1,12230219,g1/25mA/0mA,80,96,0,17
20.377,SPO2,138,0,12975511,g1/60mA/0mA,80,96,0,17
20.377,SPO2,138,1,12230002,g1/25mA/0mA,80,96,0,17
20.377,SPO2,139,0,12975743,g1/60mA/0mA,80,96,0,17
20.377,SPO2,139,1,12229739,g1/25mA/0mA,80,96,0,17
20.377,SPO2,140,0,12976205,g1/60mA/0mA,80,96,0,17
20.377,SPO2,140,1,12230229,g1/25mA/0mA,80,96,0,17
20.377,SPO2,141,0,12975491,g1/60mA/0mA,80,96,0,17
20.377,SPO2,141,1,12229775,g1/25mA/0mA,80,96,0,17
20.377,SPO2,142,0,12976628,g1/60mA/0mA,80,96,0,17
20.377,SPO2,142,1,12230257,g1/25mA/0mA,80,96,0,17
20.946,HR,143,0,15141315,g5/13mA/13mA,80,96,0,17
20.946,HR,143,1,14742495,g4/13mA/13mA,80,96,0,17
20.946,HR,143,2,12553214,g4/13mA/13mA,80,96,0,17
20.946,HR,143,3,13988631,g4/13mA/13mA,80,96,0,17
20.946,HR,144,0,15139719,g5/13mA/13mA,80,96,0,17
20.946,HR,144,1,14741949,g4/13mA/13mA,80,96,0,17
20.946,HR,144,2,12552540,g4/13mA/13mA,80,96,0,17
20.946,HR,144,3,13988121,g4/13mA/13mA,80,96,0,17
20.946,HR,145,0,15141297,g5/13mA/13mA,80,96,0,17
20.946,HR,145,1,14742922,g4/13mA/13mA,80,96,0,17
20.946,HR,145,2,12553393,g4/13mA/13mA,80,96,0,17
20.946,HR,145,3,13988973,g4/13mA/13mA,80,96,0,17
20.946,HR,146,0,15141289,g5/13mA/13mA,80,96,0,17
20.946,HR,146,1,14742460,g4/13mA/13mA,80,96,0,17
20.946,HR,146,2,12553196,g4/13mA/13mA,80,96,0,17
20.946,HR,146,3,13988750,g4/13mA/13mA,80,96,0,17
20.946,HR,147,0,15140129,g5/13mA/13mA,80,96,0,17
20.946,HR,147,1,14742026,g4/13mA/13mA,80,96,0,17
20.946,HR,147,2,12552567,g4/13mA/13mA,80,96,0,17
20.946,HR,147,3,13988196,g4/13mA/13mA,80,96,0,17
20.946,HR,148,0,15140298,g5/13mA/13mA,80,96,0,17
20.946,HR,148,1,14742188,g4/13mA/13mA,80,96,0,17
20.946,HR,148,2,12553001,g4/13mA/13mA,80,96,0,17
20.946,HR,148,3,13988555,g4/13mA/13mA,80,96,0,17
21.068,HR,149,0,15140265,g5/13mA/13mA,80,96,0,17
21.068,HR,149,1,14742376,g4/13mA/13mA,80,96,0,17
21.068,HR,149,2,12552618,g4/13mA/13mA,80,96,0,17
21.068,HR,149,3,13988419,g4/13mA/13mA,80,96,0,17
21.068,HR,150,0,15141861,g5/13mA/13mA,80,96,0,17
21.068,HR,150,1,14743273,g4/13mA/13mA,80,96,0,17
21.068,HR,150,2,12553685,g4/13mA/13mA,80,96,0,17
21.068,HR,150,3,13989058,g4/13mA/13mA,80,96,0,17
21.068,HR,151,0,15141963,g5/13mA/13mA,80,96,0,17
21.068,HR,151,1,14743186,g4/13mA/13mA,80,96,0,17
21.068,HR,151,2,12553581,g4/13mA/13mA,80,96,0,17
21.068,HR,151,3,13988981,g4/13mA/13mA,80,96,0,17
21.068,HR,152,0,15140298,g5/13mA/13mA,80,96,0,17
21.068,HR,152,1,14742564,g4/13mA/13mA,80,96,0,17
21.068,HR,152,2,12552686,g4/13mA/13mA,80,96,0,17
21.068,HR,152,3,13988366,g4/13mA/13mA,80,96,0,17
21.068,HR,153,0,15141246,g5/13mA/13mA,80,96,0,17
21.068,HR,153,1,14742682,g4/13mA/13mA,80,96,0,17
21.068,HR,153,2,12553426,g4/13mA/13mA,80,96,0,17
21.068,HR,153,3,13988988,g4/13mA/13mA,80,96,0,17
21.068,HR,154,0,15141203,g5/13mA/13mA,80,96,0,17
21.068,HR,154,1,14742170,g4/13mA/13mA,80,96,0,17
21.068,HR,154,2,12552992,g4/13mA/13mA,80,96,0,17
21.068,HR,154,3,13988461,g4/13mA/13mA,80,96,0,17
21.069,HR,155,0,15140725,g5/13mA/13mA,80,96,0,17
21.069,HR,155,1,14742400,g4/13mA/13mA,80,96,0,17
21.069,HR,155,2,12552942,g4/13mA/13mA,80,96,0,17
21.069,HR,155,3,13988196,g4/13mA/13mA,80,96,0,17
21.069,HR,156,0,15141808,g5/13mA/13mA,80,96,0,17
21.069,HR,156,1,14742520,g4/13mA/13mA,80,96,0,17
21.069,HR,156,2,12553256,g4/13mA/13mA,80,96,0,17
21.069,HR,156,3,13988563,g4/13mA/13mA,80,96,0,17
21.069,HR,157,0,15141135,g5/13mA/13mA,80,96,0,17
21.069,HR,157,1,14742717,g4/13mA/13mA,80,96,0,17
21.069,HR,157,2,12553207,g4/13mA/13mA,80,96,0,17
21.069,HR,157,3,13988878,g4/13mA/13mA,80,96,0,17
21.069,HR,158,0,15142816,g5/13mA/13mA,80,96,0,17
21.069,HR,158,1,14743239,g4/13mA/13mA,80,96,0,17
21.069,HR,158,2,12553975,g4/13mA/13mA,80,96,0,17
21.069,HR,158,3,13989578,g4/13mA/13mA,80,96,0,17
21.069,HR,159,0,15140802,g5/13mA/13mA,80,96,0,17
21.069,HR,159,1,14742495,g4/13mA/13mA,80,96,0,17
21.069,HR,159,2,12553171,g4/13mA/13mA,80,96,0,17
21.069,HR,159,3,13988495,g4/13mA/13mA,80,96,0,17
21.095,HR,160,0,15139821,g5/13mA/13mA,80,96,0,17
21.095,HR,160,1,14741685,g4/13mA/13mA,80,96,0,17
21.095,HR,160,2,12552488,g4/13mA/13mA,80,96,0,17
21.095,HR,160,3,13988128,g4/13mA/13mA,80,96,0,17
21.095,HR,161,0,15141077,g5/13mA/13mA,80,96,0,17
21.095,HR,161,1,14742768,g4/13mA/13mA,80,96,0,17
21.095,HR,161,2,12553214,g4/13mA/13mA,80,96,0,17
21.095,HR,161,3,13989067,g4/13mA/13mA,80,96,0,17
21.095,HR,162,0,15142994,g5/13mA/13mA,80,96,0,17
21.095,HR,162,1,14743706,g4/13mA/13mA,80,96,0,17
21.095,HR,162,2,12554179,g4/13mA/13mA,80,96,0,17
21.095,HR,162,3,13989639,g4/13mA/13mA,80,96,0,17
21.095,HR,163,0,15141262,g5/13mA/13mA,80,96,0,17
21.095,HR,163,1,14742912,g4/13mA/13mA,80,96,0,17
21.095,HR,163,2,12553274,g4/13mA/13mA,80,96,0,17
21.095,HR,163,3,13988827,g4/13mA/13mA,80,96,0,17
21.095,HR,164,0,15141597,g5/13mA/13mA,80,96,0,17
21.095,HR,164,1,14742863,g4/13mA/13mA,80,96,0,17
21.095,HR,164,2,12553317,g4/13mA/13mA,80,96,0,17
21.095,HR,164,3,13988836,g4/13mA/13mA,80,96,0,17
21.095,HR,165,0,15141518,g5/13mA/13mA,80,96,0,17
21.095,HR,165,1,14742854,g4/13mA/13mA,80,96,0,17
21.095,HR,165,2,12553648,g4/13mA/13mA,80,96,0,17
21.095,HR,165,3,13989015,g4/13mA/13mA,80,96,0,17
21.125,HR,166,0,15139011,g5/13mA/13mA,80,96,0,17
21.125,HR,166,1,14741319,g4/13mA/13mA,80,96,0,17
21.125,HR,166,2,12552165,g4/13mA/13mA,80,96,0,17
21.125,HR,166,3,13987556,g4/13mA/13mA,80,96,0,17
21.125,HR,167,0,15141749,g5/13mA/13mA,80,96,0,17
21.125,HR,167,1,14743323,g4/13mA/13mA,80,96,0,17
21.125,HR,167,2,12553539,g4/13mA/13mA,80,96,0,17
21.125,HR,167,3,13988871,g4/13mA/13mA,80,96,0,17
21.125,HR,168,0,15140998,g5/13mA/13mA,80,96,0,17
21.125,HR,168,1,14742896,g4/13mA/13mA,80,96,0,17
21.125,HR,168,2,12553324,g4/13mA/13mA,80,96,0,17
21.125,HR,168,3,13988581,g4/13mA/13mA,80,96,0,17
21.125,HR,169,0,15140682,g5/13mA/13mA,80,96,0,17
21.125,HR,169,1,14742410,g4/13mA/13mA,80,96,0,17
21.125,HR,169,2,12553146,g4/13mA/13mA,80,96,0,17
21.125,HR,169,3,13988743,g4/13mA/13mA,80,96,0,17
21.125,HR,170,0,15143345,g5/13mA/13mA,80,96,0,17
21.125,HR,170,1,14743996,g4/13mA/13mA,80,96,0,17
21.125,HR,170,2,12554358,g4/13mA/13mA,80,96,0,17
21.125,HR,170,3,13989790,g4/13mA/13mA,80,96,0,17
21.125,HR,171,0,15139104,g5/13mA/13mA,80,96,0,17
21.125,HR,171,1,14741523,g4/13mA/13mA,80,96,0,17
21.125,HR,171,2,12552506,g4/13mA/13mA,80,96,0,17
21.125,HR,171,3,13987873,g4/13mA/13mA,80,96,0,17
21.154,HR,172,0,15142320,g5/13mA/13mA,80,96,0,17
21.154,HR,172,1,14743476,g4/13mA/13mA,80,96,0,17
21.154,HR,172,2,12554137,g4/13mA/13mA,80,96,0,17
21.154,HR,172,3,13989375,g4/13mA/13mA,80,96,0,17
21.154,HR,173,0,15140256,g5/13mA/13mA,80,96,0,17
21.154,HR,173,1,14741992,g4/13mA/13mA,80,96,0,17
21.154,HR,173,2,12552496,g4/13mA/13mA,80,96,0,17
21.154,HR,173,3,13987984,g4/13mA/13mA,80,96,0,17
21.154,HR,174,0,15141845,g5/13mA/13mA,80,96,0,17
21.154,HR,174,1,14742939,g4/13mA/13mA,80,96,0,17
21.154,HR,174,2,12553462,g4/13mA/13mA,80,96,0,17
21.154,HR,174,3,13989067,g4/13mA/13mA,80,96,0,17
21.154,HR,175,0,15141604,g5/13mA/13mA,80,96,0,17
21.154,HR,175,1,14743066,g4/13mA/13mA,80,96,0,17
21.154,HR,175,2,12553624,g4/13mA/13mA,80,96,0,17
21.154,HR,175,3,13988895,g4/13mA/13mA,80,96,0,17
21.154,HR,176,0,15140342,g5/13mA/13mA,80,96,0,17
21.154,HR,176,1,14742393,g4/13mA/13mA,80,96,0,17
21.154,HR,176,2,12552676,g4/13mA/13mA,80,96,0,17
21.154,HR,176,3,13988461,g4/13mA/13mA,80,96,0,17
21.217,HRV,143,0,15141315,g5/13mA/13mA,80,96,0,17
21.217,HRV,143,1,14742495,g4/13mA/13mA,80,96,0,17
21.217,HRV,143,2,12553214,g4/13mA/13mA,80,96,0,17
21.217,HRV,143,3,13988631,g4/13mA/13mA,80,96,0,17
21.217,HRV,144,0,15139719,g5/13mA/13mA,80,96,0,17
21.217,HRV,144,1,14741949,g4/13mA/13mA,80,96,0,17
21.217,HRV,144,2,12552540,g4/13mA/13mA,80,96,0,17
21.217,HRV,144,3,13988121,g4/13mA/13mA,80,96,0,17
21.217,HRV,145,0,15141297,g5/13mA/13mA,80,96,0,17
21.217,HRV,145,1,14742922,g4/13mA/13mA,80,96,0,17
21.217,HRV,145,2,12553393,g4/13mA/13mA,80,96,0,17
21.217,HRV,145,3,13988973,g4/13mA/13mA,80,96,0,17
21.217,HRV,146,0,15141289,g5/13mA/13mA,80,96,0,17
21.217,HRV,146,1,14742460,g4/13mA/13mA,80,96,0,17
21.217,HRV,146,2,12553196,g4/13mA/13mA,80,96,0,17
21.217,HRV,146,3,13988750,g4/13mA/13mA,80,96,0,17
21.217,HRV,147,0,15140129,g5/13mA/13mA,80,96,0,17
21.217,HRV,147,1,14742026,g4/13mA/13mA,80,96,0,17
21.217,HRV,147,2,12552567,g4/13mA/13mA,80,96,0,17
21.217,HRV,147,3,13988196,g4/13mA/13mA,80,96,0,17
21.217,HRV,148,0,15140298,g5/13mA/13mA,80,96,0,17
21.217,HRV,148,1,14742188,g4/13mA/13mA,80,96,0,17
21.217,HRV,148,2,12553001,g4/13mA/13mA,80,96,0,17
21.217,HRV,148,3,13988555,g4/13mA/13mA,80,96,0,17
21.246,HRV,149,0,15140265,g5/13mA/13mA,80,96,0,17
21.246,HRV,149,1,14742376,g4/13mA/13mA,80,96,0,17
21.246,HRV,149,2,12552618,g4/13mA/13mA,80,96,0,17
21.246,HRV,149,3,13988419,g4/13mA/13mA,80,96,0,17
21.246,HRV,150,0,15141861,g5/13mA/13mA,80,96,0,17
21.246,HRV,150,1,14743273,g4/13mA/13mA,80,96,0,17
21.246,HRV,150,2,12553685,g4/13mA/13mA,80,96,0,17
21.246,HRV,150,3,13989058,g4/13mA/13mA,80,96,0,17
21.246,HRV,151,0,15141963,g5/13mA/13mA,80,96,0,17
21.246,HRV,151,1,14743186,g4/13mA/13mA,80,96,0,17
21.246,HRV,151,2,12553581,g4/13mA/13mA,80,96,0,17
21.246,HRV,151,3,13988981,g4/13mA/13mA,80,96,0,17
21.246,HRV,152,0,15140298,g5/13mA/13mA,80,96,0,17
21.246,HRV,152,1,14742564,g4/13mA/13mA,80,96,0,17
21.246,HRV,152,2,12552686,g4/13mA/13mA,80,96,0,17
21.246,HRV,152,3,13988366,g4/13mA/13mA,80,96,0,17
21.246,HRV,153,0,15141246,g5/13mA/13mA,80,96,0,17
21.246,HRV,153,1,14742682,g4/13mA/13mA,80,96,0,17
21.246,HRV,153,2,12553426,g4/13mA/13mA,80,96,0,17
21.246,HRV,153,3,13988988,g4/13mA/13mA,80,96,0,17
21.246,HRV,154,0,15141203,g5/13mA/13mA,80,96,0,17
21.246,HRV,154,1,14742170,g4/13mA/13mA,80,96,0,17
21.246,HRV,154,2,12552992,g4/13mA/13mA,80,96,0,17
21.246,HRV,154,3,13988461,g4/13mA/13mA,80,96,0,17
21.275,HRV,155,0,15140725,g5/13mA/13mA,80,96,0,17
21.275,HRV,155,1,14742400,g4/13mA/13mA,80,96,0,17
21.275,HRV,155,2,12552942,g4/13mA/13mA,80,96,0,17
21.275,HRV,155,3,13988196,g4/13mA/13mA,80,96,0,17
21.275,HRV,156,0,15141808,g5/13mA/13mA,80,96,0,17
21.275,HRV,156,1,14742520,g4/13mA/13mA,80,96,0,17
21.275,HRV,156,2,12553256,g4/13mA/13mA,80,96,0,17
21.275,HRV,156,3,13988563,g4/13mA/13mA,80,96,0,17
21.275,HRV,157,0,15141135,g5/13mA/13mA,80,96,0,17
21.275,HRV,157,1,14742717,g4/13mA/13mA,80,96,0,17
21.275,HRV,157,2,12553207,g4/13mA/13mA,80,96,0,17
21.275,HRV,157,3,13988878,g4/13mA/13mA,80,96,0,17
21.275,HRV,158,0,15142816,g5/13mA/13mA,80,96,0,17
21.275,HRV,158,1,14743239,g4/13mA/13mA,80,96,0,17
21.275,HRV,158,2,12553975,g4/13mA/13mA,80,96,0,17
21.275,HRV,158,3,13989578,g4/13mA/13mA,80,96,0,17
21.275,HRV,159,0,15140802,g5/13mA/13mA,80,96,0,17
21.275,HRV,159,1,14742495,g4/13mA/13mA,80,96,0,17
21.275,HRV,159,2,12553171,g4/13mA/13mA,80,96,0,17
21.275,HRV,159,3,13988495,g4/13mA/13mA,80,96,0,17
21.366,HRV,160,0,15139821,g5/13mA/13mA,80,96,0,17
21.366,HRV,160,1,14741685,g4/13mA/13mA,80,96,0,17
21.366,HRV,160,2,12552488,g4/13mA/13mA,80,96,0,17
21.366,HRV,160,3,13988128,g4/13mA/13mA,80,96,0,17
21.366,HRV,161,0,15141077,g5/13mA/13mA,80,96,0,17
21.366,HRV,161,1,14742768,g4/13mA/13mA,80,96,0,17
21.366,HRV,161,2,12553214,g4/13mA/13mA,80,96,0,17
21.366,HRV,161,3,13989067,g4/13mA/13mA,80,96,0,17
21.366,HRV,162,0,15142994,g5/13mA/13mA,80,96,0,17
21.366,HRV,162,1,14743706,g4/13mA/13mA,80,96,0,17
21.366,HRV,162,2,12554179,g4/13mA/13mA,80,96,0,17
21.366,HRV,162,3,13989639,g4/13mA/13mA,80,96,0,17
21.366,HRV,163,0,15141262,g5/13mA/13mA,80,96,0,17
21.366,HRV,163,1,14742912,g4/13mA/13mA,80,96,0,17
21.366,HRV,163,2,12553274,g4/13mA/13mA,80,96,0,17
21.366,HRV,163,3,13988827,g4/13mA/13mA,80,96,0,17
21.366,HRV,164,0,15141597,g5/13mA/13mA,80,96,0,17
21.366,HRV,164,1,14742863,g4/13mA/13mA,80,96,0,17
21.366,HRV,164,2,12553317,g4/13mA/13mA,80,96,0,17
21.366,HRV,164,3,13988836,g4/13mA/13mA,80,96,0,17
21.366,HRV,165,0,15141518,g5/13mA/13mA,80,96,0,17
21.366,HRV,165,1,14742854,g4/13mA/13mA,80,96,0,17
21.366,HRV,165,2,12553648,g4/13mA/13mA,80,96,0,17
21.366,HRV,165,3,13989015,g4/13mA/13mA,80,96,0,17
21.390,HRV,166,0,15139011,g5/13mA/13mA,80,96,0,17
21.390,HRV,166,1,14741319,g4/13mA/13mA,80,96,0,17
21.390,HRV,166,2,12552165,g4/13mA/13mA,80,96,0,17
21.390,HRV,166,3,13987556,g4/13mA/13mA,80,96,0,17
21.390,HRV,167,0,15141749,g5/13mA/13mA,80,96,0,17
21.390,HRV,167,1,14743323,g4/13mA/13mA,80,96,0,17
21.390,HRV,167,2,12553539,g4/13mA/13mA,80,96,0,17
21.390,HRV,167,3,13988871,g4/13mA/13mA,80,96,0,17
21.390,HRV,168,0,15140998,g5/13mA/13mA,80,96,0,17
21.390,HRV,168,1,14742896,g4/13mA/13mA,80,96,0,17
21.390,HRV,168,2,12553324,g4/13mA/13mA,80,96,0,17
21.390,HRV,168,3,13988581,g4/13mA/13mA,80,96,0,17
21.390,HRV,169,0,15140682,g5/13mA/13mA,80,96,0,17
21.390,HRV,169,1,14742410,g4/13mA/13mA,80,96,0,17
21.390,HRV,169,2,12553146,g4/13mA/13mA,80,96,0,17
21.390,HRV,169,3,13988743,g4/13mA/13mA,80,96,0,17
21.390,HRV,170,0,15143345,g5/13mA/13mA,80,96,0,17
21.390,HRV,170,1,14743996,g4/13mA/13mA,80,96,0,17
21.390,HRV,170,2,12554358,g4/13mA/13mA,80,96,0,17
21.390,HRV,170,3,13989790,g4/13mA/13mA,80,96,0,17
21.390,HRV,171,0,15139104,g5/13mA/13mA,80,96,0,17
21.390,HRV,171,1,14741523,g4/13mA/13mA,80,96,0,17
21.390,HRV,171,2,12552506,g4/13mA/13mA,80,96,0,17
21.390,HRV,171,3,13987873,g4/13mA/13mA,80,96,0,17
21.423,HRV,172,0,15142320,g5/13mA/13mA,80,96,0,17
21.423,HRV,172,1,14743476,g4/13mA/13mA,80,96,0,17
21.423,HRV,172,2,12554137,g4/13mA/13mA,80,96,0,17
21.423,HRV,172,3,13989375,g4/13mA/13mA,80,96,0,17
21.423,HRV,173,0,15140256,g5/13mA/13mA,80,96,0,17
21.423,HRV,173,1,14741992,g4/13mA/13mA,80,96,0,17
21.423,HRV,173,2,12552496,g4/13mA/13mA,80,96,0,17
21.423,HRV,173,3,13987984,g4/13mA/13mA,80,96,0,17
21.423,HRV,174,0,15141845,g5/13mA/13mA,80,96,0,17
21.423,HRV,174,1,14742939,g4/13mA/13mA,80,96,0,17
21.423,HRV,174,2,12553462,g4/13mA/13mA,80,96,0,17
21.423,HRV,174,3,13989067,g4/13mA/13mA,80,96,0,17
21.423,HRV,175,0,15141604,g5/13mA/13mA,80,96,0,17
21.423,HRV,175,1,14743066,g4/13mA/13mA,80,96,0,17
21.423,HRV,175,2,12553624,g4/13mA/13mA,80,96,0,17
21.423,HRV,175,3,13988895,g4/13mA/13mA,80,96,0,17
21.423,HRV,176,0,15140342,g5/13mA/13mA,80,96,0,17
21.423,HRV,176,1,14742393,g4/13mA/13mA,80,96,0,17
21.423,HRV,176,2,12552676,g4/13mA/13mA,80,96,0,17
21.423,HRV,176,3,13988461,g4/13mA/13mA,80,96,0,17
21.456,SPO2,143,0,12975754,g1/60mA/0mA,80,96,0,17
21.456,SPO2,143,1,12230077,g1/25mA/0mA,80,96,0,17
21.456,SPO2,144,0,12974879,g1/60mA/0mA,80,96,0,17
21.456,SPO2,144,1,12229258,g1/25mA/0mA,80,96,0,17
21.456,SPO2,145,0,12976104,g1/60mA/0mA,80,96,0,17
21.456,SPO2,145,1,12230057,g1/25mA/0mA,80,96,0,17
21.456,SPO2,146,0,12975469,g1/60mA/0mA,80,96,0,17
21.456,SPO2,146,1,12229583,g1/25mA/0mA,80,96,0,17
21.456,SPO2,147,0,12975293,g1/60mA/0mA,80,96,0,17
21.456,SPO2,147,1,12229813,g1/25mA/0mA,80,96,0,17
21.456,SPO2,148,0,12975367,g1/60mA/0mA,80,96,0,17
21.456,SPO2,148,1,12229591,g1/25mA/0mA,80,96,0,17
21.456,SPO2,149,0,12975482,g1/60mA/0mA,80,96,0,17
21.456,SPO2,149,1,12229891,g1/25mA/0mA,80,96,0,17
21.484,SPO2,150,0,12976477,g1/60mA/0mA,80,96,0,17
21.484,SPO2,150,1,12230432,g1/25mA/0mA,80,96,0,17
21.484,SPO2,151,0,12976157,g1/60mA/0mA,80,96,0,17
21.484,SPO2,151,1,12230100,g1/25mA/0mA,80,96,0,17
21.484,SPO2,152,0,12975071,g1/60mA/0mA,80,96,0,17
21.484,SPO2,152,1,12229499,g1/25mA/0mA,80,96,0,17
21.484,SPO2,153,0,12975881,g1/60mA/0mA,80,96,0,17
21.484,SPO2,153,1,12229953,g1/25mA/0mA,80,96,0,17
21.484,SPO2,154,0,12975767,g1/60mA/0mA,80,96,0,17
21.484,SPO2,154,1,12230098,g1/25mA/0mA,80,96,0,17
21.484,SPO2,155,0,12975472,g1/60mA/0mA,80,96,0,17
21.484,SPO2,155,1,12229639,g1/25mA/0mA,80,96,0,17
21.484,SPO2,156,0,12976055,g1/60mA/0mA,80,96,0,17
21.484,SPO2,156,1,12230153,g1/25mA/0mA,80,96,0,17
21.484,SPO2,157,0,12975843,g1/60mA/0mA,80,96,0,17
21.484,SPO2,157,1,12229856,g1/25mA/0mA,80,96,0,17
21.545,SPO2,158,0,12976454,g1/60mA/0mA,80,96,0,15
21.545,SPO2,158,1,12230334,g1/25mA/0mA,80,96,0,15
21.545,SPO2,159,0,12975620,g1/60mA/0mA,80,96,0,15
21.545,SPO2,159,1,12229963,g1/25mA/0mA,80,96,0,15
21.545,SPO2,160,0,12975134,g1/60mA/0mA,80,96,0,15
21.545,SPO2,160,1,12229769,g1/25mA/0mA,80,96,0,15
21.545,SPO2,161,0,12975747,g1/60mA/0mA,80,96,0,15
21.545,SPO2,161,1,12229852,g1/25mA/0mA,80,96,0,15
21.545,SPO2,162,0,12976926,g1/60mA/0mA,80,96,0,15
21.545,SPO2,162,1,12230413,g1/25mA/0mA,80,96,0,15
21.545,SPO2,163,0,12975648,g1/60mA/0mA,80,96,0,15
21.545,SPO2,163,1,12229835,g1/25mA/0mA,80,96,0,15
21.576,SPO2,164,0,12975997,g1/60mA/0mA,80,96,0,15
21.576,SPO2,164,1,12230161,g1/25mA/0mA,80,96,0,15
21.576,SPO2,165,0,12975971,g1/60mA/0mA,80,96,0,15
21.576,SPO2,165,1,12229708,g1/25mA/0mA,80,96,0,15
21.576,SPO2,166,0,12974495,g1/60mA/0mA,80,96,0,15
21.576,SPO2,166,1,12229545,g1/25mA/0mA,80,96,0,15
21.576,SPO2,167,0,12975822,g1/60mA/0mA,80,96,0,15
21.576,SPO2,167,1,12229908,g1/25mA/0mA,80,96,0,15
21.576,SPO2,168,0,12975967,g1/60mA/0mA,80,96,0,15
21.576,SPO2,168,1,12230197,g1/25mA/0mA,80,96,0,15
21.576,SPO2,169,0,12975599,g1/60mA/0mA,80,96,0,15
21.576,SPO2,169,1,12229946,g1/25mA/0mA,80,96,0,15
21.576,SPO2,170,0,12977358,g1/60mA/0mA,80,96,0,15
21.576,SPO2,170,1,12230768,g1/25mA/0mA,80,96,0,15
21.576,SPO2,171,0,12974552,g1/60mA/0mA,80,96,0,15
21.576,SPO2,171,1,12229282,g1/25mA/0mA,80,96,0,15
21.636,SPO2,172,0,12976551,g1/60mA/0mA,80,96,0,15
21.636,SPO2,172,1,12230260,g1/25mA/0mA,80,96,0,15
21.636,SPO2,173,0,12975223,g1/60mA/0mA,80,96,0,15
21.636,SPO2,173,1,12229777,g1/25mA/0mA,80,96,0,15
21.636,SPO2,174,0,12976148,g1/60mA/0mA,80,96,0,15
21.636,SPO2,174,1,12230116,g1/25mA/0mA,80,96,0,15
21.636,SPO2,175,0,12975997,g1/60mA/0mA,80,96,0,15
21.636,SPO2,175,1,12229898,g1/25mA/0mA,80,96,0,15
21.636,SPO2,176,0,12975623,g1/60mA/0mA,80,96,0,15
21.636,SPO2,176,1,12230014,g1/25mA/0mA,80,96,0,15
22.716,HR,177,0,15141289,g5/13mA/13mA,80,96,0,15
22.716,HR,177,1,14742520,g4/13mA/13mA,80,96,0,15
22.716,HR,177,2,12553335,g4/13mA/13mA,80,96,0,15
22.716,HR,177,3,13988923,g4/13mA/13mA,80,96,0,15
22.716,HR,178,0,15140658,g5/13mA/13mA,80,96,0,15
22.716,HR,178,1,14742555,g4/13mA/13mA,80,96,0,15
22.716,HR,178,2,12553256,g4/13mA/13mA,80,96,0,15
22.716,HR,178,3,13988691,g4/13mA/13mA,80,96,0,15
22.716,HR,179,0,15141040,g5/13mA/13mA,80,96,0,15
22.716,HR,179,1,14743263,g4/13mA/13mA,80,96,0,15
22.716,HR,179,2,12553301,g4/13mA/13mA,80,96,0,15
22.716,HR,179,3,13989015,g4/13mA/13mA,80,96,0,15
22.716,HR,180,0,15141143,g5/13mA/13mA,80,96,0,15
22.716,HR,180,1,14742648,g4/13mA/13mA,80,96,0,15
22.716,HR,180,2,12553301,g4/13mA/13mA,80,96,0,15
22.716,HR,180,3,13988555,g4/13mA/13mA,80,96,0,15
22.716,HR,181,0,15141246,g5/13mA/13mA,80,96,0,15
22.716,HR,181,1,14742581,g4/13mA/13mA,80,96,0,15
22.716,HR,181,2,12553428,g4/13mA/13mA,80,96,0,15
22.716,HR,181,3,13988905,g4/13mA/13mA,80,96,0,15
22.716,HR,182,0,15141553,g5/13mA/13mA,80,96,0,15
22.716,HR,182,1,14742478,g4/13mA/13mA,80,96,0,15
22.716,HR,182,2,12553428,g4/13mA/13mA,80,96,0,15
22.716,HR,182,3,13989040,g4/13mA/13mA,80,96,0,15
22.750,HR,183,0,15140690,g5/13mA/13mA,79,96,0,15
22.750,HR,183,1,14742265,g4/13mA/13mA,79,96,0,15
22.750,HR,183,2,12553231,g4/13mA/13mA,79,96,0,15
22.750,HR,183,3,13988495,g4/13mA/13mA,79,96,0,15
22.750,HR,184,0,15142048,g5/13mA/13mA,79,96,0,15
22.750,HR,184,1,14743144,g4/13mA/13mA,79,96,0,15
22.750,HR,184,2,12553845,g4/13mA/13mA,79,96,0,15
22.750,HR,184,3,13989160,g4/13mA/13mA,79,96,0,15
22.750,HR,185,0,15141126,g5/13mA/13mA,79,96,0,15
22.750,HR,185,1,14742478,g4/13mA/13mA,79,96,0,15
22.750,HR,185,2,12553180,g4/13mA/13mA,79,96,0,15
22.750,HR,185,3,13988803,g4/13mA/13mA,79,96,0,15
22.750,HR,186,0,15140640,g5/13mA/13mA,79,96,0,15
22.750,HR,186,1,14742939,g4/13mA/13mA,79,96,0,15
22.750,HR,186,2,12553053,g4/13mA/13mA,79,96,0,15
22.750,HR,186,3,13988700,g4/13mA/13mA,79,96,0,15
22.750,HR,187,0,15140948,g5/13mA/13mA,79,96,0,15
22.750,HR,187,1,14742427,g4/13mA/13mA,79,96,0,15
22.750,HR,187,2,12553522,g4/13mA/13mA,79,96,0,15
22.750,HR,187,3,13988581,g4/13mA/13mA,79,96,0,15
22.774,HR,188,0,15140640,g5/13mA/13mA,79,96,0,15
22.774,HR,188,1,14742333,g4/13mA/13mA,79,96,0,15
22.774,HR,188,2,12552985,g4/13mA/13mA,79,96,0,15
22.774,HR,188,3,13988426,g4/13mA/13mA,79,96,0,15
22.774,HR,189,0,15140622,g5/13mA/13mA,79,96,0,15
22.774,HR,189,1,14742682,g4/13mA/13mA,79,96,0,15
22.774,HR,189,2,12553060,g4/13mA/13mA,79,96,0,15
22.774,HR,189,3,13988656,g4/13mA/13mA,79,96,0,15
22.774,HR,190,0,15140811,g5/13mA/13mA,79,96,0,15
22.774,HR,190,1,14742581,g4/13mA/13mA,79,96,0,15
22.774,HR,190,2,12552925,g4/13mA/13mA,79,96,0,15
22.774,HR,190,3,13988750,g4/13mA/13mA,79,96,0,15
22.774,HR,191,0,15140197,g5/13mA/13mA,79,96,0,15
22.774,HR,191,1,14742000,g4/13mA/13mA,79,96,0,15
22.774,HR,191,2,12552823,g4/13mA/13mA,79,96,0,15
22.774,HR,191,3,13988443,g4/13mA/13mA,79,96,0,15
22.774,HR,192,0,15140905,g5/13mA/13mA,79,96,0,15
22.774,HR,192,1,14742223,g4/13mA/13mA,79,96,0,15
22.774,HR,192,2,12553060,g4/13mA/13mA,79,96,0,15
22.774,HR,192,3,13988538,g4/13mA/13mA,79,96,0,15
22.774,HR,193,0,15141100,g5/13mA/13mA,79,96,0,15
22.774,HR,193,1,14743127,g4/13mA/13mA,79,96,0,15
22.774,HR,193,2,12553376,g4/13mA/13mA,79,96,0,15
22.774,HR,193,3,13988931,g4/13mA/13mA,79,96,0,15
22.896,HR,194,0,15140675,g5/13mA/13mA,79,96,0,15
22.896,HR,194,1,14742324,g4/13mA/13mA,79,96,0,15
22.896,HR,194,2,12552762,g4/13mA/13mA,79,96,0,15
22.896,HR,194,3,13988555,g4/13mA/13mA,79,96,0,15
22.896,HR,195,0,15142090,g5/13mA/13mA,79,96,0,15
22.896,HR,195,1,14743341,g4/13mA/13mA,79,96,0,15
22.896,HR,195,2,12553753,g4/13mA/13mA,79,96,0,15
22.896,HR,195,3,13989560,g4/13mA/13mA,79,96,0,15
22.896,HR,196,0,15140573,g5/13mA/13mA,79,96,0,15
22.896,HR,196,1,14742112,g4/13mA/13mA,79,96,0,15
22.896,HR,196,2,12552908,g4/13mA/13mA,79,96,0,15
22.896,HR,196,3,13988632,g4/13mA/13mA,79,96,0,15
22.896,HR,197,0,15139308,g5/13mA/13mA,79,96,0,15
22.896,HR,197,1,14741975,g4/13mA/13mA,79,96,0,15
22.896,HR,197,2,12552608,g4/13mA/13mA,79,96,0,15
22.896,HR,197,3,13987880,g4/13mA/13mA,79,96,0,15
22.896,HR,198,0,15141135,g5/13mA/13mA,79,96,0,15
22.896,HR,198,1,14742888,g4/13mA/13mA,79,96,0,15
22.896,HR,198,2,12553531,g4/13mA/13mA,79,96,0,15
22.896,HR,198,3,13988795,g4/13mA/13mA,79,96,0,15
22.896,HR,199,0,15139165,g5/13mA/13mA,79,96,0,15
22.896,HR,199,1,14741727,g4/13mA/13mA,79,96,0,15
22.896,HR,199,2,12552601,g4/13mA/13mA,79,96,0,15
22.896,HR,199,3,13988085,g4/13mA/13mA,79,96,0,15
22.897,HR,200,0,15141433,g5/13mA/13mA,79,96,0,15
22.897,HR,200,1,14742623,g4/13mA/13mA,79,96,0,15
22.897,HR,200,2,12553454,g4/13mA/13mA,79,96,0,15
22.897,HR,200,3,13988785,g4/13mA/13mA,79,96,0,15
22.897,HR,201,0,15143284,g5/13mA/13mA,79,96,0,15
22.897,HR,201,1,14744305,g4/13mA/13mA,79,96,0,15
22.897,HR,201,2,12554502,g4/13mA/13mA,79,96,0,15
22.897,HR,201,3,13990046,g4/13mA/13mA,79,96,0,15
22.897,HR,202,0,15139572,g5/13mA/13mA,79,96,0,15
22.897,HR,202,1,14741506,g4/13mA/13mA,79,96,0,15
22.897,HR,202,2,12552378,g4/13mA/13mA,79,96,0,15
22.897,HR,202,3,13987745,g4/13mA/13mA,79,96,0,15
22.897,HR,203,0,15141903,g5/13mA/13mA,79,96,0,15
22.897,HR,203,1,14742922,g4/13mA/13mA,79,96,0,15
22.897,HR,203,2,12553539,g4/13mA/13mA,79,96,0,15
22.897,HR,203,3,13988957,g4/13mA/13mA,79,96,0,15
22.897,HR,204,0,15141357,g5/13mA/13mA,79,96,0,15
22.897,HR,204,1,14743161,g4/13mA/13mA,79,96,0,15
22.897,HR,204,2,12553196,g4/13mA/13mA,79,96,0,15
22.897,HR,204,3,13988785,g4/13mA/13mA,79,96,0,15
22.897,HR,205,0,15141571,g5/13mA/13mA,79,96,0,15
22.897,HR,205,1,14742983,g4/13mA/13mA,79,96,0,15
22.897,HR,205,2,12553299,g4/13mA/13mA,79,96,0,15
22.897,HR,205,3,13988853,g4/13mA/13mA,79,96,0,15
22.928,HR,206,0,15141168,g5/13mA/13mA,79,96,0,15
22.928,HR,206,1,14742700,g4/13mA/13mA,79,96,0,15
22.928,HR,206,2,12553565,g4/13mA/13mA,79,96,0,15
22.928,HR,206,3,13989203,g4/13mA/13mA,79,96,0,15
22.928,HR,207,0,15140324,g5/13mA/13mA,79,96,0,15
22.928,HR,207,1,14742573,g4/13mA/13mA,79,96,0,15
22.928,HR,207,2,12552916,g4/13mA/13mA,79,96,0,15
22.928,HR,207,3,13988503,g4/13mA/13mA,79,96,0,15
22.928,HR,208,0,15140324,g5/13mA/13mA,79,95,0,15
22.928,HR,208,1,14742351,g4/13mA/13mA,79,95,0,15
22.928,HR,208,2,12553034,g4/13mA/13mA,79,95,0,15
22.928,HR,208,3,13988528,g4/13mA/13mA,79,95,0,15
22.928,HR,209,0,15141492,g5/13mA/13mA,79,95,0,15
22.928,HR,209,1,14742948,g4/13mA/13mA,79,95,0,15
22.928,HR,209,2,12553462,g4/13mA/13mA,79,95,0,15
22.928,HR,209,3,13988854,g4/13mA/13mA,79,95,0,15
22.928,HR,210,0,15140682,g5/13mA/13mA,79,95,0,15
22.928,HR,210,1,14742324,g4/13mA/13mA,79,95,0,15
22.928,HR,210,2,12552737,g4/13mA/13mA,79,95,0,15
22.928,HR,210,3,13988350,g4/13mA/13mA,79,95,0,15
22.952,HRV,177,0,15141289,g5/13mA/13mA,79,95,0,15
22.952,HRV,177,1,14742520,g4/13mA/13mA,79,95,0,15
22.952,HRV,177,2,12553335,g4/13mA/13mA,79,95,0,15
22.952,HRV,177,3,13988923,g4/13mA/13mA,79,95,0,15
22.952,HRV,178,0,15140658,g5/13mA/13mA,79,95,0,15
22.952,HRV,178,1,14742555,g4/13mA/13mA,79,95,0,15
22.952,HRV,178,2,12553256,g4/13mA/13mA,79,95,0,15
22.952,HRV,178,3,13988691,g4/13mA/13mA,79,95,0,15
22.952,HRV,179,0,15141040,g5/13mA/13mA,79,95,0,15
22.952,HRV,179,1,14743263,g4/13mA/13mA,79,95,0,15
22.952,HRV,179,2,12553301,g4/13mA/13mA,79,95,0,15
22.952,HRV,179,3,13989015,g4/13mA/13mA,79,95,0,15
22.952,HRV,180,0,15141143,g5/13mA/13mA,79,95,0,15
22.952,HRV,180,1,14742648,g4/13mA/13mA,79,95,0,15
22.952,HRV,180,2,12553301,g4/13mA/13mA,79,95,0,15
22.952,HRV,180,3,13988555,g4/13mA/13mA,79,95,0,15
22.952,HRV,181,0,15141246,g5/13mA/13mA,79,95,0,15
22.952,HRV,181,1,14742581,g4/13mA/13mA,79,95,0,15
22.952,HRV,181,2,12553428,g4/13mA/13mA,79,95,0,15
22.952,HRV,181,3,13988905,g4/13mA/13mA,79,95,0,15
22.952,HRV,182,0,15141553,g5/13mA/13mA,79,95,0,15
22.952,HRV,182,1,14742478,g4/13mA/13mA,79,95,0,15
22.952,HRV,182,2,12553428,g4/13mA/13mA,79,95,0,15
22.952,HRV,182,3,13989040,g4/13mA/13mA,79,95,0,15
22.984,HRV,183,0,15140690,g5/13mA/13mA,79,95,0,15
22.984,HRV,183,1,14742265,g4/13mA/13mA,79,95,0,15
22.984,HRV,183,2,12553231,g4/13mA/13mA,79,95,0,15
22.984,HRV,183,3,13988495,g4/13mA/13mA,79,95,0,15
22.984,HRV,184,0,15142048,g5/13mA/13mA,79,95,0,15
22.984,HRV,184,1,14743144,g4/13mA/13mA,79,95,0,15
22.984,HRV,184,2,12553845,g4/13mA/13mA,79,95,0,15
22.984,HRV,184,3,13989160,g4/13mA/13mA,79,95,0,15
22.984,HRV,185,0,15141126,g5/13mA/13mA,79,95,0,15
22.984,HRV,185,1,14742478,g4/13mA/13mA,79,95,0,15
22.984,HRV,185,2,12553180,g4/13mA/13mA,79,95,0,15
22.984,HRV,185,3,13988803,g4/13mA/13mA,79,95,0,15
22.984,HRV,186,0,15140640,g5/13mA/13mA,79,95,0,15
22.984,HRV,186,1,14742939,g4/13mA/13mA,79,95,0,15
22.984,HRV,186,2,12553053,g4/13mA/13mA,79,95,0,15
22.984,HRV,186,3,13988700,g4/13mA/13mA,79,95,0,15
22.984,HRV,187,0,15140948,g5/13mA/13mA,79,95,0,15
22.984,HRV,187,1,14742427,g4/13mA/13mA,79,95,0,15
22.984,HRV,187,2,12553522,g4/13mA/13mA,79,95,0,15
22.984,HRV,187,3,13988581,g4/13mA/13mA,79,95,0,15
23.014,HRV,188,0,15140640,g5/13mA/13mA,79,95,0,15
23.014,HRV,188,1,14742333,g4/13mA/13mA,79,95,0,15
23.014,HRV,188,2,12552985,g4/13mA/13mA,79,95,0,15
23.014,HRV,188,3,13988426,g4/13mA/13mA,79,95,0,15
23.014,HRV,189,0,15140622,g5/13mA/13mA,79,95,0,15
23.014,HRV,189,1,14742682,g4/13mA/13mA,79,95,0,15
23.014,HRV,189,2,12553060,g4/13mA/13mA,79,95,0,15
23.014,HRV,189,3,13988656,g4/13mA/13mA,79,95,0,15
23.014,HRV,190,0,15140811,g5/13mA/13mA,79,95,0,15
23.014,HRV,190,1,14742581,g4/13mA/13mA,79,95,0,15
23.014,HRV,190,2,12552925,g4/13mA/13mA,79,95,0,15
23.014,HRV,190,3,13988750,g4/13mA/13mA,79,95,0,15
23.014,HRV,191,0,15140197,g5/13mA/13mA,79,95,0,15
23.014,HRV,191,1,14742000,g4/13mA/13mA,79,95,0,15
23.014,HRV,191,2,12552823,g4/13mA/13mA,79,95,0,15
23.014,HRV,191,3,13988443,g4/13mA/13mA,79,95,0,15
23.014,HRV,192,0,15140905,g5/13mA/13mA,79,95,0,15
23.014,HRV,192,1,14742223,g4/13mA/13mA,79,95,0,15
23.014,HRV,192,2,12553060,g4/13mA/13mA,79,95,0,15
23.014,HRV,192,3,13988538,g4/13mA/13mA,79,95,0,15
23.014,HRV,193,0,15141100,g5/13mA/13mA,79,95,0,15
23.014,HRV,193,1,14743127,g4/13mA/13mA,79,95,0,15
23.014,HRV,193,2,12553376,g4/13mA/13mA,79,95,0,15
23.014,HRV,193,3,13988931,g4/13mA/13mA,79,95,0,15
23.045,HRV,194,0,15140675,g5/13mA/13mA,79,95,0,15
23.045,HRV,194,1,14742324,g4/13mA/13mA,79,95,0,15
23.045,HRV,194,2,12552762,g4/13mA/13mA,79,95,0,15
23.045,HRV,194,3,13988555,g4/13mA/13mA,79,95,0,15
23.045,HRV,195,0,15142090,g5/13mA/13mA,79,95,0,15
23.045,HRV,195,1,14743341,g4/13mA/13mA,79,95,0,15
23.045,HRV,195,2,12553753,g4/13mA/13mA,79,95,0,15
23.045,HRV,195,3,13989560,g4/13mA/13mA,79,95,0,15
23.045,HRV,196,0,15140573,g5/13mA/13mA,79,95,0,15
23.045,HRV,196,1,14742112,g4/13mA/13mA,79,95,0,15
23.045,HRV,196,2,12552908,g4/13mA/13mA,79,95,0,15
23.045,HRV,196,3,13988632,g4/13mA/13mA,79,95,0,15
23.045,HRV,197,0,15139308,g5/13mA/13mA,79,95,0,15
23.045,HRV,197,1,14741975,g4/13mA/13mA,79,95,0,15
23.045,HRV,197,2,12552608,g4/13mA/13mA,79,95,0,15
23.045,HRV,197,3,13987880,g4/13mA/13mA,79,95,0,15
23.045,HRV,198,0,15141135,g5/13mA/13mA,79,95,0,15
23.045,HRV,198,1,14742888,g4/13mA/13mA,79,95,0,15
23.045,HRV,198,2,12553531,g4/13mA/13mA,79,95,0,15
23.045,HRV,198,3,13988795,g4/13mA/13mA,79,95,0,15
23.045,HRV,199,0,15139165,g5/13mA/13mA,79,95,0,15
23.045,HRV,199,1,14741727,g4/13mA/13mA,79,95,0,15
23.045,HRV,199,2,12552601,g4/13mA/13mA,79,95,0,15
23.045,HRV,199,3,13988085,g4/13mA/13mA,79,95,0,15
23.137,HRV,200,0,15141433,g5/13mA/13mA,79,95,0,15
23.137,HRV,200,1,14742623,g4/13mA/13mA,79,95,0,15
23.137,HRV,200,2,12553454,g4/13mA/13mA,79,95,0,15
23.137,HRV,200,3,13988785,g4/13mA/13mA,79,95,0,15
23.137,HRV,201,0,15143284,g5/13mA/13mA,79,95,0,15
23.137,HRV,201,1,14744305,g4/13mA/13mA,79,95,0,15
23.137,HRV,201,2,12554502,g4/13mA/13mA,79,95,0,15
23.137,HRV,201,3,13990046,g4/13mA/13mA,79,95,0,15
23.137,HRV,202,0,15139572,g5/13mA/13mA,79,95,0,15
23.137,HRV,202,1,14741506,g4/13mA/13mA,79,95,0,15
23.137,HRV,202,2,12552378,g4/13mA/13mA,79,95,0,15
23.137,HRV,202,3,13987745,g4/13mA/13mA,79,95,0,15
23.137,HRV,203,0,15141903,g5/13mA/13mA,79,95,0,15
23.137,HRV,203,1,14742922,g4/13mA/13mA,79,95,0,15
23.137,HRV,203,2,12553539,g4/13mA/13mA,79,95,0,15
23.137,HRV,203,3,13988957,g4/13mA/13mA,79,95,0,15
23.137,HRV,204,0,15141357,g5/13mA/13mA,79,95,0,15
23.137,HRV,204,1,14743161,g4/13mA/13mA,79,95,0,15
23.137,HRV,204,2,12553196,g4/13mA/13mA,79,95,0,15
23.137,HRV,204,3,13988785,g4/13mA/13mA,79,95,0,15
23.137,HRV,205,0,15141571,g5/13mA/13mA,79,95,0,15
23.137,HRV,205,1,14742983,g4/13mA/13mA,79,95,0,15
23.137,HRV,205,2,12553299,g4/13mA/13mA,79,95,0,15
23.137,HRV,205,3,13988853,g4/13mA/13mA,79,95,0,15
23.162,HRV,206,0,15141168,g5/13mA/13mA,79,95,0,15
23.162,HRV,206,1,14742700,g4/13mA/13mA,79,95,0,15
23.162,HRV,206,2,12553565,g4/13mA/13mA,79,95,0,15
23.162,HRV,206,3,13989203,g4/13mA/13mA,79,95,0,15
23.162,HRV,207,0,15140324,g5/13mA/13mA,79,95,0,15
23.162,HRV,207,1,14742573,g4/13mA/13mA,79,95,0,15
23.162,HRV,207,2,12552916,g4/13mA/13mA,79,95,0,15
23.162,HRV,207,3,13988503,g4/13mA/13mA,79,95,0,15
23.162,HRV,208,0,15140324,g5/13mA/13mA,79,95,0,15
23.162,HRV,208,1,14742351,g4/13mA/13mA,79,95,0,15
23.162,HRV,208,2,12553034,g4/13mA/13mA,79,95,0,15
23.162,HRV,208,3,13988528,g4/13mA/13mA,79,95,0,15
23.162,HRV,209,0,15141492,g5/13mA/13mA,79,95,0,15
23.162,HRV,209,1,14742948,g4/13mA/13mA,79,95,0,15
23.162,HRV,209,2,12553462,g4/13mA/13mA,79,95,0,15
23.162,HRV,209,3,13988854,g4/13mA/13mA,79,95,0,15
23.162,HRV,210,0,15140682,g5/13mA/13mA,79,95,0,15
23.162,HRV,210,1,14742324,g4/13mA/13mA,79,95,0,15
23.162,HRV,210,2,12552737,g4/13mA/13mA,79,95,0,15
23.162,HRV,210,3,13988350,g4/13mA/13mA,79,95,0,15
23.165,SPO2,177,0,12975762,g1/60mA/0mA,79,95,0,15
23.165,SPO2,177,1,12229831,g1/25mA/0mA,79,95,0,15
23.165,SPO2,178,0,12975850,g1/60mA/0mA,79,95,0,15
23.165,SPO2,178,1,12230164,g1/25mA/0mA,79,95,0,15
23.165,SPO2,179,0,12976093,g1/60mA/0mA,79,95,0,15
23.165,SPO2,179,1,12230187,g1/25mA/0mA,79,95,0,15
23.165,SPO2,180,0,12975749,g1/60mA/0mA,79,95,0,15
23.165,SPO2,180,1,12229933,g1/25mA/0mA,79,95,0,15
23.165,SPO2,181,0,12975798,g1/60mA/0mA,79,95,0,15
23.165,SPO2,181,1,12229805,g1/25mA/0mA,79,95,0,15
23.165,SPO2,182,0,12976186,g1/60mA/0mA,79,95,0,15
23.165,SPO2,182,1,12230162,g1/25mA/0mA,79,95,0,15
23.253,SPO2,183,0,12975391,g1/60mA/0mA,79,95,0,18
23.253,SPO2,183,1,12229784,g1/25mA/0mA,79,95,0,18
23.253,SPO2,184,0,12976325,g1/60mA/0mA,79,95,0,18
23.253,SPO2,184,1,12230089,g1/25mA/0mA,79,95,0,18
23.253,SPO2,185,0,12975574,g1/60mA/0mA,79,95,0,18
23.253,SPO2,185,1,12229716,g1/25mA/0mA,79,95,0,18
23.253,SPO2,186,0,12975472,g1/60mA/0mA,79,95,0,18
23.253,SPO2,186,1,12229784,g1/25mA/0mA,79,95,0,18
23.253,SPO2,187,0,12975753,g1/60mA/0mA,79,95,0,18
23.253,SPO2,187,1,12229959,g1/25mA/0mA,79,95,0,18
23.253,SPO2,188,0,12975311,g1/60mA/0mA,79,95,0,18
23.253,SPO2,188,1,12229708,g1/25mA/0mA,79,95,0,18
23.258,SPO2,189,0,12975731,g1/60mA/0mA,79,95,0,18
23.258,SPO2,189,1,12230032,g1/25mA/0mA,79,95,0,18
23.258,SPO2,190,0,12975444,g1/60mA/0mA,79,95,0,18
23.258,SPO2,190,1,12229772,g1/25mA/0mA,79,95,0,18
23.258,SPO2,191,0,12975491,g1/60mA/0mA,79,95,0,18
23.258,SPO2,191,1,12229911,g1/25mA/0mA,79,95,0,18
23.258,SPO2,192,0,12975658,g1/60mA/0mA,79,95,0,18
23.258,SPO2,192,1,12229906,g1/25mA/0mA,79,95,0,18
23.258,SPO2,193,0,12975895,g1/60mA/0mA,79,95,0,18
23.258,SPO2,193,1,12230027,g1/25mA/0mA,79,95,0,18
23.258,SPO2,194,0,12975270,g1/60mA/0mA,79,95,0,18
23.258,SPO2,194,1,12229578,g1/25mA/0mA,79,95,0,18
23.258,SPO2,195,0,12976308,g1/60mA/0mA,79,95,0,18
23.258,SPO2,195,1,12229956,g1/25mA/0mA,79,95,0,18
23.735,SPO2,196,0,12975753,g1/60mA/0mA,79,95,0,18
23.736,SPO2,196,1,12230072,g1/25mA/0mA,79,95,0,18
23.736,SPO2,197,0,12974663,g1/60mA/0mA,79,95,0,18
23.736,SPO2,197,1,12229371,g1/25mA/0mA,79,95,0,18
23.736,SPO2,198,0,12976014,g1/60mA/0mA,79,95,0,18
23.736,SPO2,198,1,12229874,g1/25mA/0mA,79,95,0,18
23.736,SPO2,199,0,12974042,g1/60mA/0mA,79,95,0,18
23.736,SPO2,199,1,12229187,g1/25mA/0mA,79,95,0,18
23.736,SPO2,200,0,12975777,g1/60mA/0mA,79,95,0,18
23.736,SPO2,200,1,12229965,g1/25mA/0mA,79,95,0,18
23.736,SPO2,201,0,12977555,g1/60mA/0mA,79,95,0,18
23.736,SPO2,201,1,12230983,g1/25mA/0mA,79,95,0,18
23.736,SPO2,202,0,12974579,g1/60mA/0mA,79,95,0,18
23.736,SPO2,202,1,12229326,g1/25mA/0mA,79,95,0,18
23.736,SPO2,203,0,12975890,g1/60mA/0mA,79,95,0,18
23.736,SPO2,203,1,12229946,g1/25mA/0mA,79,95,0,18
23.765,SPO2,204,0,12976032,g1/60mA/0mA,79,95,0,18
23.765,SPO2,204,1,12230198,g1/25mA/0mA,79,95,0,18
23.765,SPO2,205,0,12975759,g1/60mA/0mA,79,95,0,18
23.765,SPO2,205,1,12229880,g1/25mA/0mA,79,95,0,18
23.765,SPO2,206,0,12975846,g1/60mA/0mA,79,95,0,18
23.765,SPO2,206,1,12230002,g1/25mA/0mA,79,95,0,18
23.765,SPO2,207,0,12975371,g1/60mA/0mA,79,95,0,18
23.765,SPO2,207,1,12229936,g1/25mA/0mA,79,95,0,18
23.765,SPO2,208,0,12975215,g1/60mA/0mA,79,95,0,18
23.765,SPO2,208,1,12229622,g1/25mA/0mA,79,95,0,18
23.765,SPO2,209,0,12975773,g1/60mA/0mA,79,95,0,18
23.765,SPO2,209,1,12229918,g1/25mA/0mA,79,95,0,18
23.792,SPO2,210,0,12975412,g1/60mA/0mA,79,95,0,18
23.793,SPO2,210,1,12229580,g1/25mA/0mA,79,95,0,18
23.857,HR,211,0,15140991,g5/13mA/13mA,79,95,0,18
23.857,HR,211,1,14742384,g4/13mA/13mA,79,95,0,18
23.857,HR,211,2,12553196,g4/13mA/13mA,79,95,0,18
23.857,HR,211,3,13988860,g4/13mA/13mA,79,95,0,18
23.857,HR,212,0,15139907,g5/13mA/13mA,79,95,0,18
23.857,HR,212,1,14741823,g4/13mA/13mA,79,95,0,18
23.857,HR,212,2,12552592,g4/13mA/13mA,79,95,0,18
23.857,HR,212,3,13987941,g4/13mA/13mA,79,95,0,18
23.857,HR,213,0,15139881,g5/13mA/13mA,79,95,0,18
23.857,HR,213,1,14741831,g4/13mA/13mA,79,95,0,18
23.857,HR,213,2,12552703,g4/13mA/13mA,79,95,0,18
23.857,HR,213,3,13988272,g4/13mA/13mA,79,95,0,18
23.857,HR,214,0,15139181,g5/13mA/13mA,79,95,0,18
23.857,HR,214,1,14741642,g4/13mA/13mA,79,95,0,18
23.857,HR,214,2,12552371,g4/13mA/13mA,79,95,0,18
23.857,HR,214,3,13987906,g4/13mA/13mA,79,95,0,18
23.857,HR,215,0,15140923,g5/13mA/13mA,79,95,0,18
23.857,HR,215,1,14742863,g4/13mA/13mA,79,95,0,18
23.857,HR,215,2,12553317,g4/13mA/13mA,79,95,0,18
23.857,HR,215,3,13988572,g4/13mA/13mA,79,95,0,18
23.857,HR,216,0,15141442,g5/13mA/13mA,79,95,0,18
23.857,HR,216,1,14742760,g4/13mA/13mA,79,95,0,18
23.857,HR,216,2,12553599,g4/13mA/13mA,79,95,0,18
23.857,HR,216,3,13989466,g4/13mA/13mA,79,95,0,18
23.884,HR,217,0,15138712,g5/13mA/13mA,79,95,0,18
23.884,HR,217,1,14741395,g4/13mA/13mA,79,95,0,18
23.884,HR,217,2,12551995,g4/13mA/13mA,79,95,0,18
23.884,HR,217,3,13987565,g4/13mA/13mA,79,95,0,18
23.884,HR,218,0,15141468,g5/13mA/13mA,79,95,0,18
23.884,HR,218,1,14743137,g4/13mA/13mA,79,95,0,18
23.884,HR,218,2,12553658,g4/13mA/13mA,79,95,0,18
23.884,HR,218,3,13989382,g4/13mA/13mA,79,95,0,18
23.884,HR,219,0,15140034,g5/13mA/13mA,79,95,0,18
23.884,HR,219,1,14741846,g4/13mA/13mA,79,95,0,18
23.884,HR,219,2,12552488,g4/13mA/13mA,79,95,0,18
23.884,HR,219,3,13988205,g4/13mA/13mA,79,95,0,18
23.884,HR,220,0,15141571,g5/13mA/13mA,79,95,0,18
23.884,HR,220,1,14743152,g4/13mA/13mA,79,95,0,18
23.884,HR,220,2,12553497,g4/13mA/13mA,79,95,0,18
23.884,HR,220,3,13988991,g4/13mA/13mA,79,95,0,18
23.884,HR,221,0,15141025,g5/13mA/13mA,79,95,0,18
23.884,HR,221,1,14742682,g4/13mA/13mA,79,95,0,18
23.884,HR,221,2,12553403,g4/13mA/13mA,79,95,0,18
23.884,HR,221,3,13988845,g4/13mA/13mA,79,95,0,18
23.884,HR,222,0,15140640,g5/13mA/13mA,79,95,0,18
23.884,HR,222,1,14742502,g4/13mA/13mA,79,95,0,18
23.884,HR,222,2,12552992,g4/13mA/13mA,79,95,0,18
23.884,HR,222,3,13988588,g4/13mA/13mA,79,95,0,18
23.916,HR,223,0,15141989,g5/13mA/13mA,79,95,0,18
23.916,HR,223,1,14743007,g4/13mA/13mA,79,95,0,18
23.916,HR,223,2,12553590,g4/13mA/13mA,79,95,0,18
23.916,HR,223,3,13988889,g4/13mA/13mA,79,95,0,18
23.916,HR,224,0,15140923,g5/13mA/13mA,79,95,0,18
23.916,HR,224,1,14742052,g4/13mA/13mA,79,95,0,18
23.916,HR,224,2,12552925,g4/13mA/13mA,79,95,0,18
23.916,HR,224,3,13988434,g4/13mA/13mA,79,95,0,18
23.916,HR,225,0,15141348,g5/13mA/13mA,79,95,0,18
23.916,HR,225,1,14742785,g4/13mA/13mA,79,95,0,18
23.916,HR,225,2,12553453,g4/13mA/13mA,79,95,0,18
23.916,HR,225,3,13989067,g4/13mA/13mA,79,95,0,18
23.916,HR,226,0,15141082,g5/13mA/13mA,79,95,0,18
23.916,HR,226,1,14742915,g4/13mA/13mA,79,95,0,18
23.916,HR,226,2,12553590,g4/13mA/13mA,79,95,0,18
23.916,HR,226,3,13988973,g4/13mA/13mA,79,95,0,18
23.916,HR,227,0,15141330,g5/13mA/13mA,79,95,0,18
23.916,HR,227,1,14743202,g4/13mA/13mA,79,95,0,18
23.916,HR,227,2,12553317,g4/13mA/13mA,79,95,0,18
23.916,HR,227,3,13988923,g4/13mA/13mA,79,95,0,18
23.916,HR,228,0,15139428,g5/13mA/13mA,79,95,0,18
23.916,HR,228,1,14741950,g4/13mA/13mA,79,95,0,18
23.916,HR,228,2,12552805,g4/13mA/13mA,79,95,0,18
23.916,HR,228,3,13988426,g4/13mA/13mA,79,95,0,18
23.976,HR,229,0,15142158,g5/13mA/13mA,79,95,0,18
23.976,HR,229,1,14742965,g4/13mA/13mA,79,95,0,18
23.976,HR,229,2,12553589,g4/13mA/13mA,79,95,0,18
23.976,HR,229,3,13989210,g4/13mA/13mA,79,95,0,18
23.976,HR,230,0,15140811,g5/13mA/13mA,79,95,0,18
23.976,HR,230,1,14742717,g4/13mA/13mA,79,95,0,18
23.976,HR,230,2,12553094,g4/13mA/13mA,79,95,0,18
23.976,HR,230,3,13988750,g4/13mA/13mA,79,95,0,18
23.976,HR,231,0,15141067,g5/13mA/13mA,79,95,0,18
23.976,HR,231,1,14742291,g4/13mA/13mA,79,95,0,18
23.976,HR,231,2,12553121,g4/13mA/13mA,79,95,0,18
23.976,HR,231,3,13988528,g4/13mA/13mA,79,95,0,18
23.976,HR,232,0,15141126,g5/13mA/13mA,79,95,0,18
23.976,HR,232,1,14742495,g4/13mA/13mA,79,95,0,18
23.976,HR,232,2,12552882,g4/13mA/13mA,79,95,0,18
23.976,HR,232,3,13988528,g4/13mA/13mA,79,95,0,18
23.976,HR,233,0,15140607,g5/13mA/13mA,79,96,0,18
23.976,HR,233,1,14742418,g4/13mA/13mA,79,96,0,18
23.976,HR,233,2,12553128,g4/13mA/13mA,79,96,0,18
23.976,HR,233,3,13988461,g4/13mA/13mA,79,96,0,18
24.034,HR,234,0,15141495,g5/13mA/13mA,79,96,0,18
24.034,HR,234,1,14743066,g4/13mA/13mA,79,96,0,18
24.034,HR,234,2,12553411,g4/13mA/13mA,79,96,0,18
24.034,HR,234,3,13988957,g4/13mA/13mA,79,96,0,18
24.034,HR,235,0,15140725,g5/13mA/13mA,79,96,0,18
24.034,HR,235,1,14742513,g4/13mA/13mA,79,96,0,18
24.034,HR,235,2,12553214,g4/13mA/13mA,79,96,0,18
24.034,HR,235,3,13988606,g4/13mA/13mA,79,96,0,18
24.035,HR,236,0,15141228,g5/13mA/13mA,79,96,0,18
24.035,HR,236,1,14742341,g4/13mA/13mA,79,96,0,18
24.035,HR,236,2,12552908,g4/13mA/13mA,79,96,0,18
24.035,HR,236,3,13988411,g4/13mA/13mA,79,96,0,18
24.035,HR,237,0,15141621,g5/13mA/13mA,79,96,0,18
24.035,HR,237,1,14742750,g4/13mA/13mA,79,96,0,18
24.035,HR,237,2,12553267,g4/13mA/13mA,79,96,0,18
24.035,HR,237,3,13988991,g4/13mA/13mA,79,96,0,18
24.035,HR,238,0,15141067,g5/13mA/13mA,79,96,0,18
24.035,HR,238,1,14742505,g4/13mA/13mA,79,96,0,18
24.035,HR,238,2,12553121,g4/13mA/13mA,79,96,0,18
24.035,HR,238,3,13988479,g4/13mA/13mA,79,96,0,18
24.035,HR,239,0,15142261,g5/13mA/13mA,79,96,0,18
24.035,HR,239,1,14743612,g4/13mA/13mA,79,96,0,18
24.035,HR,239,2,12553931,g4/13mA/13mA,79,96,0,18
24.035,HR,239,3,13989236,g4/13mA/13mA,79,96,0,18
24.066,HR,240,0,15141382,g5/13mA/13mA,79,96,0,18
24.066,HR,240,1,14742871,g4/13mA/13mA,79,96,0,18
24.066,HR,240,2,12553121,g4/13mA/13mA,79,96,0,18
24.066,HR,240,3,13988853,g4/13mA/13mA,79,96,0,18
24.066,HR,241,0,15138396,g5/13mA/13mA,79,96,0,18
24.066,HR,241,1,14741488,g4/13mA/13mA,79,96,0,18
24.066,HR,241,2,12551788,g4/13mA/13mA,79,96,0,18
24.066,HR,241,3,13987609,g4/13mA/13mA,79,96,0,18
24.066,HR,242,0,15138473,g5/13mA/13mA,79,96,0,18
24.066,HR,242,1,14741044,g4/13mA/13mA,79,96,0,18
24.066,HR,242,2,12551482,g4/13mA/13mA,79,96,0,18
24.066,HR,242,3,13987470,g4/13mA/13mA,79,96,0,18
24.066,HR,243,0,15141357,g5/13mA/13mA,79,96,0,18
24.066,HR,243,1,14743048,g4/13mA/13mA,79,96,0,18
24.066,HR,243,2,12553565,g4/13mA/13mA,79,96,0,18
24.066,HR,243,3,13988886,g4/13mA/13mA,79,96,0,18
24.066,HR,244,0,15142585,g5/13mA/13mA,79,96,0,18
24.066,HR,244,1,14743860,g4/13mA/13mA,79,96,0,18
24.066,HR,244,2,12553692,g4/13mA/13mA,79,96,0,18
24.066,HR,244,3,13989613,g4/13mA/13mA,79,96,0,18
24.094,HRV,211,0,15140991,g5/13mA/13mA,79,96,0,18
24.094,HRV,211,1,14742384,g4/13mA/13mA,79,96,0,18
24.094,HRV,211,2,12553196,g4/13mA/13mA,79,96,0,18
24.094,HRV,211,3,13988860,g4/13mA/13mA,79,96,0,18
24.094,HRV,212,0,15139907,g5/13mA/13mA,79,96,0,18
24.094,HRV,212,1,14741823,g4/13mA/13mA,79,96,0,18
24.094,HRV,212,2,12552592,g4/13mA/13mA,79,96,0,18
24.094,HRV,212,3,13987941,g4/13mA/13mA,79,96,0,18
24.094,HRV,213,0,15139881,g5/13mA/13mA,79,96,0,18
24.094,HRV,213,1,14741831,g4/13mA/13mA,79,96,0,18
24.094,HRV,213,2,12552703,g4/13mA/13mA,79,96,0,18
24.094,HRV,213,3,13988272,g4/13mA/13mA,79,96,0,18
24.094,HRV,214,0,15139181,g5/13mA/13mA,79,96,0,18
24.094,HRV,214,1,14741642,g4/13mA/13mA,79,96,0,18
24.094,HRV,214,2,12552371,g4/13mA/13mA,79,96,0,18
24.094,HRV,214,3,13987906,g4/13mA/13mA,79,96,0,18
24.094,HRV,215,0,15140923,g5/13mA/13mA,79,96,0,18
24.094,HRV,215,1,14742863,g4/13mA/13mA,79,96,0,18
24.094,HRV,215,2,12553317,g4/13mA/13mA,79,96,0,18
24.094,HRV,215,3,13988572,g4/13mA/13mA,79,96,0,18
24.094,HRV,216,0,15141442,g5/13mA/13mA,79,96,0,18
24.094,HRV,216,1,14742760,g4/13mA/13mA,79,96,0,18
24.094,HRV,216,2,12553599,g4/13mA/13mA,79,96,0,18
24.094,HRV,216,3,13989466,g4/13mA/13mA,79,96,0,18
24.126,HRV,217,0,15138712,g5/13mA/13mA,79,96,0,18
24.126,HRV,217,1,14741395,g4/13mA/13mA,79,96,0,18
24.126,HRV,217,2,12551995,g4/13mA/13mA,79,96,0,18
24.126,HRV,217,3,13987565,g4/13mA/13mA,79,96,0,18
24.126,HRV,218,0,15141468,g5/13mA/13mA,79,96,0,18
24.126,HRV,218,1,14743137,g4/13mA/13mA,79,96,0,18
24.126,HRV,218,2,12553658,g4/13mA/13mA,79,96,0,18
24.126,HRV,218,3,13989382,g4/13mA/13mA,79,96,0,18
24.126,HRV,219,0,15140034,g5/13mA/13mA,79,96,0,18
24.126,HRV,219,1,14741846,g4/13mA/13mA,79,96,0,18
24.126,HRV,219,2,12552488,g4/13mA/13mA,79,96,0,18
24.126,HRV,219,3,13988205,g4/13mA/13mA,79,96,0,18
24.126,HRV,220,0,15141571,g5/13mA/13mA,79,96,0,18
24.126,HRV,220,1,14743152,g4/13mA/13mA,79,96,0,18
24.126,HRV,220,2,12553497,g4/13mA/13mA,79,96,0,18
24.126,HRV,220,3,13988991,g4/13mA/13mA,79,96,0,18
24.126,HRV,221,0,15141025,g5/13mA/13mA,79,96,0,18
24.126,HRV,221,1,14742682,g4/13mA/13mA,79,96,0,18
24.126,HRV,221,2,12553403,g4/13mA/13mA,79,96,0,18
24.126,HRV,221,3,13988845,g4/13mA/13mA,79,96,0,18
24.126,HRV,222,0,15140640,g5/13mA/13mA,79,96,0,18
24.126,HRV,222,1,14742502,g4/13mA/13mA,79,96,0,18
24.126,HRV,222,2,12552992,g4/13mA/13mA,79,96,0,18
24.126,HRV,222,3,13988588,g4/13mA/13mA,79,96,0,18
24.186,HRV,223,0,15141989,g5/13mA/13mA,79,96,0,18
24.186,HRV,223,1,14743007,g4/13mA/13mA,79,96,0,18
24.186,HRV,223,2,12553590,g4/13mA/13mA,79,96,0,18
24.186,HRV,223,3,13988889,g4/13mA/13mA,79,96,0,18
24.186,HRV,224,0,15140923,g5/13mA/13mA,79,96,0,18
24.186,HRV,224,1,14742052,g4/13mA/13mA,79,96,0,18
24.186,HRV,224,2,12552925,g4/13mA/13mA,79,96,0,18
24.186,HRV,224,3,13988434,g4/13mA/13mA,79,96,0,18
24.186,HRV,225,0,15141348,g5/13mA/13mA,79,96,0,18
24.186,HRV,225,1,14742785,g4/13mA/13mA,79,96,0,18
24.186,HRV,225,2,12553453,g4/13mA/13mA,79,96,0,18
24.186,HRV,225,3,13989067,g4/13mA/13mA,79,96,0,18
24.186,HRV,226,0,15141082,g5/13mA/13mA,79,96,0,18
24.186,HRV,226,1,14742915,g4/13mA/13mA,79,96,0,18
24.186,HRV,226,2,12553590,g4/13mA/13mA,79,96,0,18
24.186,HRV,226,3,13988973,g4/13mA/13mA,79,96,0,18
24.186,HRV,227,0,15141330,g5/13mA/13mA,79,96,0,18
24.186,HRV,227,1,14743202,g4/13mA/13mA,79,96,0,18
24.186,HRV,227,2,12553317,g4/13mA/13mA,79,96,0,18
24.186,HRV,227,3,13988923,g4/13mA/13mA,79,96,0,18
24.186,HRV,228,0,15139428,g5/13mA/13mA,79,96,0,18
24.186,HRV,228,1,14741950,g4/13mA/13mA,79,96,0,18
24.186,HRV,228,2,12552805,g4/13mA/13mA,79,96,0,18
24.186,HRV,228,3,13988426,g4/13mA/13mA,79,96,0,18
24.216,HRV,229,0,15142158,g5/13mA/13mA,79,96,0,18
24.216,HRV,229,1,14742965,g4/13mA/13mA,79,96,0,18
24.216,HRV,229,2,12553589,g4/13mA/13mA,79,96,0,18
24.216,HRV,229,3,13989210,g4/13mA/13mA,79,96,0,18
24.216,HRV,230,0,15140811,g5/13mA/13mA,79,96,0,18
24.216,HRV,230,1,14742717,g4/13mA/13mA,79,96,0,18
24.216,HRV,230,2,12553094,g4/13mA/13mA,79,96,0,18
24.216,HRV,230,3,13988750,g4/13mA/13mA,79,96,0,18
24.216,HRV,231,0,15141067,g5/13mA/13mA,79,96,0,18
24.216,HRV,231,1,14742291,g4/13mA/13mA,79,96,0,18
24.216,HRV,231,2,12553121,g4/13mA/13mA,79,96,0,18
24.216,HRV,231,3,13988528,g4/13mA/13mA,79,96,0,18
24.216,HRV,232,0,15141126,g5/13mA/13mA,79,96,0,18
24.216,HRV,232,1,14742495,g4/13mA/13mA,79,96,0,18
24.216,HRV,232,2,12552882,g4/13mA/13mA,79,96,0,18
24.216,HRV,232,3,13988528,g4/13mA/13mA,79,96,0,18
24.216,HRV,233,0,15140607,g5/13mA/13mA,79,96,0,18
24.216,HRV,233,1,14742418,g4/13mA/13mA,79,96,0,18
24.216,HRV,233,2,12553128,g4/13mA/13mA,79,96,0,18
24.216,HRV,233,3,13988461,g4/13mA/13mA,79,96,0,18
24.245,HRV,234,0,15141495,g5/13mA/13mA,79,96,0,18
24.245,HRV,234,1,14743066,g4/13mA/13mA,79,96,0,18
24.245,HRV,234,2,12553411,g4/13mA/13mA,79,96,0,18
24.245,HRV,234,3,13988957,g4/13mA/13mA,79,96,0,18
24.245,HRV,235,0,15140725,g5/13mA/13mA,79,96,0,18
24.245,HRV,235,1,14742513,g4/13mA/13mA,79,96,0,18
24.245,HRV,235,2,12553214,g4/13mA/13mA,79,96,0,18
24.245,HRV,235,3,13988606,g4/13mA/13mA,79,96,0,18
24.245,HRV,236,0,15141228,g5/13mA/13mA,79,96,0,18
24.245,HRV,236,1,14742341,g4/13mA/13mA,79,96,0,18
24.245,HRV,236,2,12552908,g4/13mA/13mA,79,96,0,18
24.245,HRV,236,3,13988411,g4/13mA/13mA,79,96,0,18
24.245,HRV,237,0,15141621,g5/13mA/13mA,79,96,0,18
24.245,HRV,237,1,14742750,g4/13mA/13mA,79,96,0,18
24.245,HRV,237,2,12553267,g4/13mA/13mA,79,96,0,18
24.245,HRV,237,3,13988991,g4/13mA/13mA,79,96,0,18
24.245,HRV,238,0,15141067,g5/13mA/13mA,79,96,0,18
24.245,HRV,238,1,14742505,g4/13mA/13mA,79,96,0,18
24.245,HRV,238,2,12553121,g4/13mA/13mA,79,96,0,18
24.245,HRV,238,3,13988479,g4/13mA/13mA,79,96,0,18
24.245,HRV,239,0,15142261,g5/13mA/13mA,79,96,0,18
24.245,HRV,239,1,14743612,g4/13mA/13mA,79,96,0,18
24.245,HRV,239,2,12553931,g4/13mA/13mA,79,96,0,18
24.245,HRV,239,3,13989236,g4/13mA/13mA,79,96,0,18
24.363,HRV,240,0,15141382,g5/13mA/13mA,79,96,0,18
24.363,HRV,240,1,14742871,g4/13mA/13mA,79,96,0,18
24.363,HRV,240,2,12553121,g4/13mA/13mA,79,96,0,18
24.363,HRV,240,3,13988853,g4/13mA/13mA,79,96,0,18
24.363,HRV,241,0,15138396,g5/13mA/13mA,79,96,0,18
24.363,HRV,241,1,14741488,g4/13mA/13mA,79,96,0,18
24.363,HRV,241,2,12551788,g4/13mA/13mA,79,96,0,18
24.363,HRV,241,3,13987609,g4/13mA/13mA,79,96,0,18
24.363,HRV,242,0,15138473,g5/13mA/13mA,79,96,0,18
24.363,HRV,242,1,14741044,g4/13mA/13mA,79,96,0,18
24.363,HRV,242,2,12551482,g4/13mA/13mA,79,96,0,18
24.363,HRV,242,3,13987470,g4/13mA/13mA,79,96,0,18
24.363,HRV,243,0,15141357,g5/13mA/13mA,79,96,0,18
24.363,HRV,243,1,14743048,g4/13mA/13mA,79,96,0,18
24.363,HRV,243,2,12553565,g4/13mA/13mA,79,96,0,18
24.363,HRV,243,3,13988886,g4/13mA/13mA,79,96,0,18
24.363,HRV,244,0,15142585,g5/13mA/13mA,79,96,0,18
24.363,HRV,244,1,14743860,g4/13mA/13mA,79,96,0,18
24.363,HRV,244,2,12553692,g4/13mA/13mA,79,96,0,18
24.363,HRV,244,3,13989613,g4/13mA/13mA,79,96,0,18
24.369,SPO2,211,0,12976440,g1/60mA/0mA,79,96,0,18
24.369,SPO2,211,1,12230778,g1/25mA/0mA,79,96,0,18
24.369,SPO2,212,0,12974955,g1/60mA/0mA,79,96,0,18
24.369,SPO2,212,1,12229518,g1/25mA/0mA,79,96,0,18
24.369,SPO2,213,0,12975042,g1/60mA/0mA,79,96,0,18
24.369,SPO2,213,1,12229775,g1/25mA/0mA,79,96,0,18
24.369,SPO2,214,0,12973979,g1/60mA/0mA,79,96,0,18
24.369,SPO2,214,1,12228896,g1/25mA/0mA,79,96,0,18
24.369,SPO2,215,0,12975713,g1/60mA/0mA,79,96,0,18
24.369,SPO2,215,1,12230013,g1/25mA/0mA,79,96,0,18
24.369,SPO2,216,0,12976332,g1/60mA/0mA,79,96,0,18
24.369,SPO2,216,1,12230159,g1/25mA/0mA,79,96,0,18
24.369,SPO2,217,0,12974365,g1/60mA/0mA,79,96,0,18
24.369,SPO2,217,1,12229294,g1/25mA/0mA,79,96,0,18
24.393,SPO2,218,0,12976291,g1/60mA/0mA,79,96,0,18
24.393,SPO2,218,1,12230369,g1/25mA/0mA,79,96,0,18
24.393,SPO2,219,0,12974632,g1/60mA/0mA,79,96,0,18
24.393,SPO2,219,1,12229333,g1/25mA/0mA,79,96,0,18
24.393,SPO2,220,0,12976084,g1/60mA/0mA,79,96,0,18
24.393,SPO2,220,1,12230066,g1/25mA/0mA,79,96,0,18
24.393,SPO2,221,0,12975870,g1/60mA/0mA,79,96,0,18
24.393,SPO2,221,1,12230174,g1/25mA/0mA,79,96,0,18
24.393,SPO2,222,0,12975454,g1/60mA/0mA,79,96,0,18
24.393,SPO2,222,1,12229714,g1/25mA/0mA,79,96,0,18
24.393,SPO2,223,0,12976004,g1/60mA/0mA,79,96,0,18
24.393,SPO2,223,1,12230168,g1/25mA/0mA,79,96,0,18
24.393,SPO2,224,0,12975291,g1/60mA/0mA,79,96,0,18
24.393,SPO2,224,1,12229705,g1/25mA/0mA,79,96,0,18
24.393,SPO2,225,0,12976115,g1/60mA/0mA,79,96,0,18
24.393,SPO2,225,1,12230300,g1/25mA/0mA,79,96,0,18
24.424,SPO2,226,0,12975935,g1/60mA/0mA,79,96,0,18
24.424,SPO2,226,1,12230100,g1/25mA/0mA,79,96,0,18
24.424,SPO2,227,0,12976019,g1/60mA/0mA,79,96,0,18
24.424,SPO2,227,1,12230113,g1/25mA/0mA,79,96,0,18
24.424,SPO2,228,0,12974960,g1/60mA/0mA,79,96,0,18
24.424,SPO2,228,1,12229631,g1/25mA/0mA,79,96,0,18
24.424,SPO2,229,0,12976196,g1/60mA/0mA,79,96,0,18
24.424,SPO2,229,1,12229912,g1/25mA/0mA,79,96,0,18
24.424,SPO2,230,0,12975574,g1/60mA/0mA,79,96,0,18
24.424,SPO2,230,1,12229886,g1/25mA/0mA,79,96,0,18
24.424,SPO2,231,0,12975421,g1/60mA/0mA,79,96,0,18
24.424,SPO2,231,1,12229790,g1/25mA/0mA,79,96,0,18
24.424,SPO2,232,0,12975899,g1/60mA/0mA,79,96,0,18
24.424,SPO2,232,1,12230168,g1/25mA/0mA,79,96,0,18
24.456,SPO2,233,0,12975308,g1/60mA/0mA,79,96,0,19
24.456,SPO2,233,1,12229713,g1/25mA/0mA,79,96,0,19
24.456,SPO2,234,0,12975747,g1/60mA/0mA,79,96,0,19
24.456,SPO2,234,1,12229766,g1/25mA/0mA,79,96,0,19
24.456,SPO2,235,0,12975713,g1/60mA/0mA,79,96,0,19
24.456,SPO2,235,1,12229999,g1/25mA/0mA,79,96,0,19
24.456,SPO2,236,0,12975381,g1/60mA/0mA,79,96,0,19
24.456,SPO2,236,1,12229820,g1/25mA/0mA,79,96,0,19
24.456,SPO2,237,0,12976335,g1/60mA/0mA,79,96,0,19
24.456,SPO2,237,1,12230327,g1/25mA/0mA,79,96,0,19
24.456,SPO2,238,0,12975637,g1/60mA/0mA,79,96,0,19
24.456,SPO2,238,1,12230008,g1/25mA/0mA,79,96,0,19
24.484,SPO2,239,0,12976047,g1/60mA/0mA,79,96,0,19
24.484,SPO2,239,1,12229894,g1/25mA/0mA,79,96,0,19
24.484,SPO2,240,0,12975276,g1/60mA/0mA,79,96,0,19
24.484,SPO2,240,1,12229472,g1/25mA/0mA,79,96,0,19
24.484,SPO2,241,0,12974115,g1/60mA/0mA,79,96,0,19
24.484,SPO2,241,1,12229266,g1/25mA/0mA,79,96,0,19
24.484,SPO2,242,0,12974018,g1/60mA/0mA,79,96,0,19
24.484,SPO2,242,1,12229217,g1/25mA/0mA,79,96,0,19
24.484,SPO2,243,0,12976062,g1/60mA/0mA,79,96,0,19
24.484,SPO2,243,1,12230097,g1/25mA/0mA,79,96,0,19
24.484,SPO2,244,0,12976632,g1/60mA/0mA,79,96,0,19
24.484,SPO2,244,1,12230387,g1/25mA/0mA,79,96,0,19
25.085,HR,245,0,15140973,g5/13mA/13mA,79,96,0,19
25.085,HR,245,1,14742700,g4/13mA/13mA,79,96,0,19
25.085,HR,245,2,12553171,g4/13mA/13mA,79,96,0,19
25.085,HR,245,3,13988596,g4/13mA/13mA,79,96,0,19
25.085,HR,246,0,15141484,g5/13mA/13mA,79,96,0,19
25.085,HR,246,1,14743032,g4/13mA/13mA,79,96,0,19
25.085,HR,246,2,12553231,g4/13mA/13mA,79,96,0,19
25.085,HR,246,3,13989032,g4/13mA/13mA,79,96,0,19
25.085,HR,247,0,15141093,g5/13mA/13mA,79,96,0,19
25.085,HR,247,1,14742528,g4/13mA/13mA,79,96,0,19
25.085,HR,247,2,12552882,g4/13mA/13mA,79,96,0,19
25.085,HR,247,3,13988641,g4/13mA/13mA,79,96,0,19
25.085,HR,248,0,15140607,g5/13mA/13mA,79,96,0,19
25.085,HR,248,1,14742667,g4/13mA/13mA,79,96,0,19
25.085,HR,248,2,12553324,g4/13mA/13mA,79,96,0,19
25.085,HR,248,3,13988810,g4/13mA/13mA,79,96,0,19
25.085,HR,249,0,15141622,g5/13mA/13mA,79,96,0,19
25.085,HR,249,1,14743228,g4/13mA/13mA,79,96,0,19
25.085,HR,249,2,12553428,g4/13mA/13mA,79,96,0,19
25.085,HR,249,3,13989075,g4/13mA/13mA,79,96,0,19
25.085,HR,250,0,15139446,g5/13mA/13mA,79,96,0,19
25.085,HR,250,1,14741873,g4/13mA/13mA,79,96,0,19
25.085,HR,250,2,12552744,g4/13mA/13mA,79,96,0,19
25.085,HR,250,3,13988239,g4/13mA/13mA,79,96,0,19
25.113,HR,251,0,15141195,g5/13mA/13mA,79,96,0,19
25.113,HR,251,1,14742573,g4/13mA/13mA,79,96,0,19
25.113,HR,251,2,12553274,g4/13mA/13mA,79,96,0,19
25.113,HR,251,3,13988785,g4/13mA/13mA,79,96,0,19
25.113,HR,252,0,15140751,g5/13mA/13mA,79,96,0,19
25.113,HR,252,1,14742418,g4/13mA/13mA,79,96,0,19
25.113,HR,252,2,12553154,g4/13mA/13mA,79,96,0,19
25.113,HR,252,3,13988716,g4/13mA/13mA,79,96,0,19
25.113,HR,253,0,15140880,g5/13mA/13mA,79,96,0,19
25.113,HR,253,1,14742795,g4/13mA/13mA,79,96,0,19
25.113,HR,253,2,12553342,g4/13mA/13mA,79,96,0,19
25.113,HR,253,3,13988606,g4/13mA/13mA,79,96,0,19
25.113,HR,254,0,15140521,g5/13mA/13mA,79,96,0,19
25.113,HR,254,1,14742087,g4/13mA/13mA,79,96,0,19
25.113,HR,254,2,12552721,g4/13mA/13mA,79,96,0,19
25.113,HR,254,3,13988257,g4/13mA/13mA,79,96,0,19
25.113,HR,255,0,15141586,g5/13mA/13mA,79,96,0,19
25.113,HR,255,1,14743032,g4/13mA/13mA,79,96,0,19
25.113,HR,255,2,12553342,g4/13mA/13mA,79,96,0,19
25.113,HR,255,3,13989058,g4/13mA/13mA,79,96,0,19
25.113,HR,0,0,15139983,g5/13mA/13mA,79,96,0,19
25.113,HR,0,1,14741677,g4/13mA/13mA,79,96,0,19
25.113,HR,0,2,12552685,g4/13mA/13mA,79,96,0,19
25.113,HR,0,3,13987993,g4/13mA/13mA,79,96,0,19
25.235,HR,1,0,15141732,g5/13mA/13mA,79,96,0,19
25.235,HR,1,1,14742836,g4/13mA/13mA,79,96,0,19
25.235,HR,1,2,12553249,g4/13mA/13mA,79,96,0,19
25.235,HR,1,3,13988656,g4/13mA/13mA,79,96,0,19
25.235,HR,2,0,15140717,g5/13mA/13mA,79,95,0,19
25.235,HR,2,1,14742094,g4/13mA/13mA,79,95,0,19
25.235,HR,2,2,12553034,g4/13mA/13mA,79,95,0,19
25.235,HR,2,3,13988648,g4/13mA/13mA,79,95,0,19
25.235,HR,3,0,15140341,g5/13mA/13mA,79,95,0,19
25.235,HR,3,1,14742359,g4/13mA/13mA,79,95,0,19
25.235,HR,3,2,12552985,g4/13mA/13mA,79,95,0,19
25.235,HR,3,3,13988581,g4/13mA/13mA,79,95,0,19
25.235,HR,4,0,15140973,g5/13mA/13mA,79,95,0,19
25.235,HR,4,1,14742400,g4/13mA/13mA,79,95,0,19
25.235,HR,4,2,12553189,g4/13mA/13mA,79,95,0,19
25.235,HR,4,3,13988247,g4/13mA/13mA,79,95,0,19
25.235,HR,5,0,15142482,g5/13mA/13mA,79,95,0,19
25.235,HR,5,1,14743077,g4/13mA/13mA,79,95,0,19
25.235,HR,5,2,12553658,g4/13mA/13mA,79,95,0,19
25.235,HR,5,3,13989236,g4/13mA/13mA,79,95,0,19
25.236,HR,6,0,15141526,g5/13mA/13mA,79,95,0,19
25.236,HR,6,1,14742768,g4/13mA/13mA,79,95,0,19
25.236,HR,6,2,12553214,g4/13mA/13mA,79,95,0,19
25.236,HR,6,3,13988955,g4/13mA/13mA,79,95,0,19
25.236,HR,7,0,15141341,g5/13mA/13mA,79,95,0,19
25.236,HR,7,1,14743025,g4/13mA/13mA,79,95,0,19
25.236,HR,7,2,12553308,g4/13mA/13mA,79,95,0,19
25.236,HR,7,3,13988666,g4/13mA/13mA,79,95,0,19
25.236,HR,8,0,15139907,g5/13mA/13mA,79,95,0,19
25.236,HR,8,1,14741794,g4/13mA/13mA,79,95,0,19
25.236,HR,8,2,12552710,g4/13mA/13mA,79,95,0,19
25.236,HR,8,3,13988077,g4/13mA/13mA,79,95,0,19
25.236,HR,9,0,15140649,g5/13mA/13mA,79,95,0,19
25.236,HR,9,1,14742393,g4/13mA/13mA,79,95,0,19
25.236,HR,9,2,12552914,g4/13mA/13mA,79,95,0,19
25.236,HR,9,3,13988325,g4/13mA/13mA,79,95,0,19
25.236,HR,10,0,15141330,g5/13mA/13mA,79,95,0,19
25.236,HR,10,1,14742743,g4/13mA/13mA,79,95,0,19
25.236,HR,10,2,12553010,g4/13mA/13mA,79,95,0,19
25.236,HR,10,3,13988614,g4/13mA/13mA,79,95,0,19
25.236,HR,11,0,15140188,g5/13mA/13mA,79,95,0,19
25.236,HR,11,1,14742265,g4/13mA/13mA,79,95,0,19
25.236,HR,11,2,12552789,g4/13mA/13mA,79,95,0,19
25.236,HR,11,3,13988565,g4/13mA/13mA,79,95,0,19
25.264,HR,12,0,15141492,g5/13mA/13mA,79,95,0,19
25.264,HR,12,1,14743014,g4/13mA/13mA,79,95,0,19
25.264,HR,12,2,12553171,g4/13mA/13mA,79,95,0,19
25.264,HR,12,3,13988727,g4/13mA/13mA,79,95,0,19
25.264,HR,13,0,15140819,g5/13mA/13mA,79,95,0,19
25.264,HR,13,1,14742238,g4/13mA/13mA,79,95,0,19
25.264,HR,13,2,12552959,g4/13mA/13mA,79,95,0,19
25.264,HR,13,3,13988698,g4/13mA/13mA,79,95,0,19
25.265,HR,14,0,15141144,g5/13mA/13mA,79,95,0,19
25.265,HR,14,1,14742803,g4/13mA/13mA,79,95,0,19
25.265,HR,14,2,12553204,g4/13mA/13mA,79,95,0,19
25.265,HR,14,3,13988565,g4/13mA/13mA,79,95,0,19
25.265,HR,15,0,15140273,g5/13mA/13mA,79,95,0,19
25.265,HR,15,1,14742094,g4/13mA/13mA,79,95,0,19
25.265,HR,15,2,12552941,g4/13mA/13mA,79,95,0,19
25.265,HR,15,3,13988384,g4/13mA/13mA,79,95,0,19
25.265,HR,16,0,15140494,g5/13mA/13mA,79,95,0,19
25.265,HR,16,1,14742283,g4/13mA/13mA,79,95,0,19
25.265,HR,16,2,12552925,g4/13mA/13mA,79,95,0,19
25.265,HR,16,3,13988648,g4/13mA/13mA,79,95,0,19
25.265,HR,17,0,15140453,g5/13mA/13mA,79,95,0,19
25.265,HR,17,1,14741865,g4/13mA/13mA,79,95,0,19
25.265,HR,17,2,12552386,g4/13mA/13mA,79,95,0,19
25.265,HR,17,3,13988272,g4/13mA/13mA,79,95,0,19
25.293,HR,18,0,15141289,g5/13mA/13mA,79,95,0,19
25.293,HR,18,1,14742939,g4/13mA/13mA,79,95,0,19
25.293,HR,18,2,12553522,g4/13mA/13mA,79,95,0,19
25.293,HR,18,3,13989025,g4/13mA/13mA,79,95,0,19
25.293,HR,19,0,15140615,g5/13mA/13mA,79,95,0,19
25.293,HR,19,1,14742418,g4/13mA/13mA,79,95,0,19
25.293,HR,19,2,12553264,g4/13mA/13mA,79,95,0,19
25.293,HR,19,3,13988452,g4/13mA/13mA,79,95,0,19
25.293,HR,20,0,15140787,g5/13mA/13mA,79,95,0,19
25.293,HR,20,1,14742205,g4/13mA/13mA,79,95,0,19
25.293,HR,20,2,12552779,g4/13mA/13mA,79,95,0,19
25.293,HR,20,3,13988479,g4/13mA/13mA,79,95,0,19
25.293,HR,21,0,15140358,g5/13mA/13mA,79,95,0,19
25.293,HR,21,1,14742496,g4/13mA/13mA,79,95,0,19
25.293,HR,21,2,12553034,g4/13mA/13mA,79,95,0,19
25.293,HR,21,3,13988538,g4/13mA/13mA,79,95,0,19
25.293,HR,22,0,15140649,g5/13mA/13mA,79,95,0,19
25.293,HR,22,1,14742564,g4/13mA/13mA,79,95,0,19
25.293,HR,22,2,12553001,g4/13mA/13mA,79,95,0,19
25.293,HR,22,3,13988691,g4/13mA/13mA,79,95,0,19
25.354,HRV,245,0,15140973,g5/13mA/13mA,79,95,0,19
25.354,HRV,245,1,14742700,g4/13mA/13mA,79,95,0,19
25.354,HRV,245,2,12553171,g4/13mA/13mA,79,95,0,19
25.354,HRV,245,3,13988596,g4/13mA/13mA,79,95,0,19
25.354,HRV,246,0,15141484,g5/13mA/13mA,79,95,0,19
25.354,HRV,246,1,14743032,g4/13mA/13mA,79,95,0,19
25.354,HRV,246,2,12553231,g4/13mA/13mA,79,95,0,19
25.354,HRV,246,3,13989032,g4/13mA/13mA,79,95,0,19
25.354,HRV,247,0,15141093,g5/13mA/13mA,79,95,0,19
25.354,HRV,247,1,14742528,g4/13mA/13mA,79,95,0,19
25.354,HRV,247,2,12552882,g4/13mA/13mA,79,95,0,19
25.354,HRV,247,3,13988641,g4/13mA/13mA,79,95,0,19
25.354,HRV,248,0,15140607,g5/13mA/13mA,79,95,0,19
25.354,HRV,248,1,14742667,g4/13mA/13mA,79,95,0,19
25.354,HRV,248,2,12553324,g4/13mA/13mA,79,95,0,19
25.354,HRV,248,3,13988810,g4/13mA/13mA,79,95,0,19
25.354,HRV,249,0,15141622,g5/13mA/13mA,79,95,0,19
25.354,HRV,249,1,14743228,g4/13mA/13mA,79,95,0,19
25.354,HRV,249,2,12553428,g4/13mA/13mA,79,95,0,19
25.354,HRV,249,3,13989075,g4/13mA/13mA,79,95,0,19
25.354,HRV,250,0,15139446,g5/13mA/13mA,79,95,0,19
25.354,HRV,250,1,14741873,g4/13mA/13mA,79,95,0,19
25.354,HRV,250,2,12552744,g4/13mA/13mA,79,95,0,19
25.354,HRV,250,3,13988239,g4/13mA/13mA,79,95,0,19
25.386,HRV,251,0,15141195,g5/13mA/13mA,79,95,0,19
25.386,HRV,251,1,14742573,g4/13mA/13mA,79,95,0,19
25.386,HRV,251,2,12553274,g4/13mA/13mA,79,95,0,19
25.386,HRV,251,3,13988785,g4/13mA/13mA,79,95,0,19
25.386,HRV,252,0,15140751,g5/13mA/13mA,79,95,0,19
25.386,HRV,252,1,14742418,g4/13mA/13mA,79,95,0,19
25.386,HRV,252,2,12553154,g4/13mA/13mA,79,95,0,19
25.386,HRV,252,3,13988716,g4/13mA/13mA,79,95,0,19
25.386,HRV,253,0,15140880,g5/13mA/13mA,79,95,0,19
25.386,HRV,253,1,14742795,g4/13mA/13mA,79,95,0,19
25.386,HRV,253,2,12553342,g4/13mA/13mA,79,95,0,19
25.386,HRV,253,3,13988606,g4/13mA/13mA,79,95,0,19
25.386,HRV,254,0,15140521,g5/13mA/13mA,79,95,0,19
25.386,HRV,254,1,14742087,g4/13mA/13mA,79,95,0,19
25.386,HRV,254,2,12552721,g4/13mA/13mA,79,95,0,19
25.386,HRV,254,3,13988257,g4/13mA/13mA,79,95,0,19
25.386,HRV,255,0,15141586,g5/13mA/13mA,79,95,0,19
25.386,HRV,255,1,14743032,g4/13mA/13mA,79,95,0,19
25.386,HRV,255,2,12553342,g4/13mA/13mA,79,95,0,19
25.386,HRV,255,3,13989058,g4/13mA/13mA,79,95,0,19
25.386,HRV,0,0,15139983,g5/13mA/13mA,79,95,0,19
25.386,HRV,0,1,14741677,g4/13mA/13mA,79,95,0,19
25.386,HRV,0,2,12552685,g4/13mA/13mA,79,95,0,19
25.386,HRV,0,3,13987993,g4/13mA/13mA,79,95,0,19
25.414,HRV,1,0,15141732,g5/13mA/13mA,79,95,0,19
25.414,HRV,1,1,14742836,g4/13mA/13mA,79,95,0,19
25.414,HRV,1,2,12553249,g4/13mA/13mA,79,95,0,19
25.414,HRV,1,3,13988656,g4/13mA/13mA,79,95,0,19
25.414,HRV,2,0,15140717,g5/13mA/13mA,79,95,0,19
25.414,HRV,2,1,14742094,g4/13mA/13mA,79,95,0,19
25.414,HRV,2,2,12553034,g4/13mA/13mA,79,95,0,19
25.414,HRV,2,3,13988648,g4/13mA/13mA,79,95,0,19
25.414,HRV,3,0,15140341,g5/13mA/13mA,79,95,0,19
25.414,HRV,3,1,14742359,g4/13mA/13mA,79,95,0,19
25.414,HRV,3,2,12552985,g4/13mA/13mA,79,95,0,19
25.414,HRV,3,3,13988581,g4/13mA/13mA,79,95,0,19
25.414,HRV,4,0,15140973,g5/13mA/13mA,79,95,0,19
25.414,HRV,4,1,14742400,g4/13mA/13mA,79,95,0,19
25.414,HRV,4,2,12553189,g4/13mA/13mA,79,95,0,19
25.414,HRV,4,3,13988247,g4/13mA/13mA,79,95,0,19
25.414,HRV,5,0,15142482,g5/13mA/13mA,79,95,0,19
25.414,HRV,5,1,14743077,g4/13mA/13mA,79,95,0,19
25.414,HRV,5,2,12553658,g4/13mA/13mA,79,95,0,19
25.414,HRV,5,3,13989236,g4/13mA/13mA,79,95,0,19
25.475,HRV,6,0,15141526,g5/13mA/13mA,79,95,0,19
25.475,HRV,6,1,14742768,g4/13mA/13mA,79,95,0,19
25.475,HRV,6,2,12553214,g4/13mA/13mA,79,95,0,19
25.475,HRV,6,3,13988955,g4/13mA/13mA,79,95,0,19
25.475,HRV,7,0,15141341,g5/13mA/13mA,79,95,0,19
25.475,HRV,7,1,14743025,g4/13mA/13mA,79,95,0,19
25.475,HRV,7,2,12553308,g4/13mA/13mA,79,95,0,19
25.475,HRV,7,3,13988666,g4/13mA/13mA,79,95,0,19
25.475,HRV,8,0,15139907,g5/13mA/13mA,79,95,0,19
25.475,HRV,8,1,14741794,g4/13mA/13mA,79,95,0,19
25.475,HRV,8,2,12552710,g4/13mA/13mA,79,95,0,19
25.475,HRV,8,3,13988077,g4/13mA/13mA,79,95,0,19
25.475,HRV,9,0,15140649,g5/13mA/13mA,79,95,0,19
25.475,HRV,9,1,14742393,g4/13mA/13mA,79,95,0,19
25.475,HRV,9,2,12552914,g4/13mA/13mA,79,95,0,19
25.475,HRV,9,3,13988325,g4/13mA/13mA,79,95,0,19
25.475,HRV,10,0,15141330,g5/13mA/13mA,79,95,0,19
25.475,HRV,10,1,14742743,g4/13mA/13mA,79,95,0,19
25.475,HRV,10,2,12553010,g4/13mA/13mA,79,95,0,19
25.475,HRV,10,3,13988614,g4/13mA/13mA,79,95,0,19
25.475,HRV,11,0,15140188,g5/13mA/13mA,79,95,0,19
25.475,HRV,11,1,14742265,g4/13mA/13mA,79,95,0,19
25.475,HRV,11,2,12552789,g4/13mA/13mA,79,95,0,19
25.475,HRV,11,3,13988565,g4/13mA/13mA,79,95,0,19
25.537,HRV,12,0,15141492,g5/13mA/13mA,79,95,0,19
25.537,HRV,12,1,14743014,g4/13mA/13mA,79,95,0,19
25.537,HRV,12,2,12553171,g4/13mA/13mA,79,95,0,19
25.537,HRV,12,3,13988727,g4/13mA/13mA,79,95,0,19
25.537,HRV,13,0,15140819,g5/13mA/13mA,79,95,0,19
25.537,HRV,13,1,14742238,g4/13mA/13mA,79,95,0,19
25.537,HRV,13,2,12552959,g4/13mA/13mA,79,95,0,19
25.537,HRV,13,3,13988698,g4/13mA/13mA,79,95,0,19
25.537,HRV,14,0,15141144,g5/13mA/13mA,79,95,0,19
25.537,HRV,14,1,14742803,g4/13mA/13mA,79,95,0,19
25.537,HRV,14,2,12553204,g4/13mA/13mA,79,95,0,19
25.537,HRV,14,3,13988565,g4/13mA/13mA,79,95,0,19
25.537,HRV,15,0,15140273,g5/13mA/13mA,79,95,0,19
25.537,HRV,15,1,14742094,g4/13mA/13mA,79,95,0,19
25.537,HRV,15,2,12552941,g4/13mA/13mA,79,95,0,19
25.537,HRV,15,3,13988384,g4/13mA/13mA,79,95,0,19
25.537,HRV,16,0,15140494,g5/13mA/13mA,79,95,0,19
25.537,HRV,16,1,14742283,g4/13mA/13mA,79,95,0,19
25.537,HRV,16,2,12552925,g4/13mA/13mA,79,95,0,19
25.537,HRV,16,3,13988648,g4/13mA/13mA,79,95,0,19
25.537,HRV,17,0,15140453,g5/13mA/13mA,79,95,0,19
25.537,HRV,17,1,14741865,g4/13mA/13mA,79,95,0,19
25.537,HRV,17,2,12552386,g4/13mA/13mA,79,95,0,19
25.537,HRV,17,3,13988272,g4/13mA/13mA,79,95,0,19
25.538,HRV,18,0,15141289,g5/13mA/13mA,79,95,0,19
25.538,HRV,18,1,14742939,g4/13mA/13mA,79,95,0,19
25.538,HRV,18,2,12553522,g4/13mA/13mA,79,95,0,19
25.538,HRV,18,3,13989025,g4/13mA/13mA,79,95,0,19
25.538,HRV,19,0,15140615,g5/13mA/13mA,79,95,0,19
25.538,HRV,19,1,14742418,g4/13mA/13mA,79,95,0,19
25.538,HRV,19,2,12553264,g4/13mA/13mA,79,95,0,19
25.538,HRV,19,3,13988452,g4/13mA/13mA,79,95,0,19
25.538,HRV,20,0,15140787,g5/13mA/13mA,79,95,0,19
25.538,HRV,20,1,14742205,g4/13mA/13mA,79,95,0,19
25.538,HRV,20,2,12552779,g4/13mA/13mA,79,95,0,19
25.538,HRV,20,3,13988479,g4/13mA/13mA,79,95,0,19
25.538,HRV,21,0,15140358,g5/13mA/13mA,79,95,0,19
25.538,HRV,21,1,14742496,g4/13mA/13mA,79,95,0,19
25.538,HRV,21,2,12553034,g4/13mA/13mA,79,95,0,19
25.538,HRV,21,3,13988538,g4/13mA/13mA,79,95,0,19
25.538,HRV,22,0,15140649,g5/13mA/13mA,79,95,0,19
25.538,HRV,22,1,14742564,g4/13mA/13mA,79,95,0,19
25.538,HRV,22,2,12553001,g4/13mA/13mA,79,95,0,19
25.538,HRV,22,3,13988691,g4/13mA/13mA,79,95,0,19
25.596,SPO2,245,0,12975206,g1/60mA/0mA,79,95,0,19
25.596,SPO2,245,1,12229511,g1/25mA/0mA,79,95,0,19
25.596,SPO2,246,0,12975810,g1/60mA/0mA,79,95,0,19
25.596,SPO2,246,1,12229946,g1/25mA/0mA,79,95,0,19
25.596,SPO2,247,0,12975685,g1/60mA/0mA,79,95,0,19
25.596,SPO2,247,1,12230013,g1/25mA/0mA,79,95,0,19
25.596,SPO2,248,0,12975294,g1/60mA/0mA,79,95,0,19
25.596,SPO2,248,1,12229651,g1/25mA/0mA,79,95,0,19
25.596,SPO2,249,0,12976251,g1/60mA/0mA,79,95,0,19
25.596,SPO2,249,1,12230273,g1/25mA/0mA,79,95,0,19
25.596,SPO2,250,0,12974764,g1/60mA/0mA,79,95,0,19
25.597,SPO2,250,1,12229364,g1/25mA/0mA,79,95,0,19
25.597,SPO2,251,0,12975977,g1/60mA/0mA,79,95,0,19
25.597,SPO2,251,1,12230047,g1/25mA/0mA,79,95,0,19
25.624,SPO2,252,0,12975494,g1/60mA/0mA,79,95,0,19
25.624,SPO2,252,1,12229868,g1/25mA/0mA,79,95,0,19
25.624,SPO2,253,0,12975571,g1/60mA/0mA,79,95,0,19
25.624,SPO2,253,1,12229794,g1/25mA/0mA,79,95,0,19
25.624,SPO2,254,0,12975090,g1/60mA/0mA,79,95,0,19
25.624,SPO2,254,1,12229705,g1/25mA/0mA,79,95,0,19
25.624,SPO2,255,0,12975777,g1/60mA/0mA,79,95,0,19
25.624,SPO2,255,1,12229989,g1/25mA/0mA,79,95,0,19
25.624,SPO2,0,0,12975427,g1/60mA/0mA,79,95,0,19
25.624,SPO2,0,1,12229891,g1/25mA/0mA,79,95,0,19
25.624,SPO2,1,0,12975787,g1/60mA/0mA,79,95,0,19
25.624,SPO2,1,1,12229980,g1/25mA/0mA,79,95,0,19
25.655,SPO2,2,0,12975422,g1/60mA/0mA,79,95,0,19
25.655,SPO2,2,1,12229653,g1/25mA/0mA,79,95,0,19
25.655,SPO2,3,0,12975388,g1/60mA/0mA,79,95,0,19
25.655,SPO2,3,1,12229859,g1/25mA/0mA,79,95,0,19
25.655,SPO2,4,0,12975977,g1/60mA/0mA,79,95,0,19
25.655,SPO2,4,1,12230131,g1/25mA/0mA,79,95,0,19
25.655,SPO2,5,0,12976682,g1/60mA/0mA,79,95,0,19
25.655,SPO2,5,1,12230263,g1/25mA/0mA,79,95,0,19
25.655,SPO2,6,0,12976104,g1/60mA/0mA,79,95,0,19
25.655,SPO2,6,1,12230319,g1/25mA/0mA,79,95,0,19
25.655,SPO2,7,0,12976251,g1/60mA/0mA,79,95,0,19
25.655,SPO2,7,1,12230216,g1/25mA/0mA,79,95,0,19
25.745,SPO2,8,0,12974900,g1/60mA/0mA,79,95,0,19
25.745,SPO2,8,1,12229465,g1/25mA/0mA,79,95,0,19
25.745,SPO2,9,0,12975193,g1/60mA/0mA,79,95,0,19
25.745,SPO2,9,1,12229583,g1/25mA/0mA,79,95,0,19
25.745,SPO2,10,0,12975947,g1/60mA/0mA,79,95,0,19
25.745,SPO2,10,1,12230168,g1/25mA/0mA,79,95,0,19
25.745,SPO2,11,0,12975296,g1/60mA/0mA,79,95,0,19
25.745,SPO2,11,1,12229893,g1/25mA/0mA,79,95,0,19
25.745,SPO2,12,0,12976031,g1/60mA/0mA,79,95,0,19
25.745,SPO2,12,1,12230113,g1/25mA/0mA,79,95,0,19
25.745,SPO2,13,0,12975164,g1/60mA/0mA,79,95,0,19
25.745,SPO2,13,1,12229563,g1/25mA/0mA,79,95,0,19
25.745,SPO2,14,0,12975870,g1/60mA/0mA,79,95,0,19
25.745,SPO2,14,1,12230138,g1/25mA/0mA,79,95,0,19
25.745,SPO2,15,0,12974970,g1/60mA/0mA,79,95,0,19
25.745,SPO2,15,1,12229468,g1/25mA/0mA,79,95,0,19
25.747,SPO2,16,0,12975624,g1/60mA/0mA,79,95,0,19
25.747,SPO2,16,1,12229921,g1/25mA/0mA,79,95,0,19
25.747,SPO2,17,0,12974930,g1/60mA/0mA,79,95,0,19
25.747,SPO2,17,1,12229448,g1/25mA/0mA,79,95,0,19
25.747,SPO2,18,0,12976162,g1/60mA/0mA,79,95,0,19
25.747,SPO2,18,1,12230303,g1/25mA/0mA,79,95,0,19
25.747,SPO2,19,0,12975364,g1/60mA/0mA,79,95,0,19
25.747,SPO2,19,1,12229660,g1/25mA/0mA,79,95,0,19
25.747,SPO2,20,0,12975301,g1/60mA/0mA,79,95,0,19
25.747,SPO2,20,1,12229688,g1/25mA/0mA,79,95,0,19
25.747,SPO2,21,0,12975421,g1/60mA/0mA,79,95,0,19
25.747,SPO2,21,1,12229701,g1/25mA/0mA,79,95,0,19
25.747,SPO2,22,0,12975789,g1/60mA/0mA,79,95,0,19
25.747,SPO2,22,1,12230054,g1/25mA/0mA,79,95,0,19
26.856,HR,23,0,15141228,g5/13mA/13mA,79,95,0,19
26.856,HR,23,1,14742743,g4/13mA/13mA,79,95,0,19
26.856,HR,23,2,12553692,g4/13mA/13mA,79,95,0,19
26.856,HR,23,3,13988761,g4/13mA/13mA,79,95,0,19
26.856,HR,24,0,15141996,g5/13mA/13mA,79,95,0,19
26.856,HR,24,1,14742930,g4/13mA/13mA,79,95,0,19
26.856,HR,24,2,12553522,g4/13mA/13mA,79,95,0,19
26.856,HR,24,3,13989040,g4/13mA/13mA,79,95,0,19
26.856,HR,25,0,15139805,g5/13mA/13mA,79,95,0,19
26.856,HR,25,1,14742034,g4/13mA/13mA,79,95,0,19
26.856,HR,25,2,12552592,g4/13mA/13mA,79,95,0,19
26.856,HR,25,3,13988350,g4/13mA/13mA,79,95,0,19
26.856,HR,26,0,15141459,g5/13mA/13mA,79,95,0,19
26.856,HR,26,1,14742658,g4/13mA/13mA,79,95,0,19
26.856,HR,26,2,12553317,g4/13mA/13mA,79,95,0,19
26.856,HR,26,3,13988998,g4/13mA/13mA,79,95,0,19
26.856,HR,27,0,15140400,g5/13mA/13mA,79,96,0,19
26.856,HR,27,1,14742471,g4/13mA/13mA,79,96,0,19
26.856,HR,27,2,12553002,g4/13mA/13mA,79,96,0,19
26.856,HR,27,3,13988426,g4/13mA/13mA,79,96,0,19
26.881,HR,28,0,15141434,g5/13mA/13mA,79,96,0,19
26.881,HR,28,1,14742750,g4/13mA/13mA,79,96,0,19
26.881,HR,28,2,12553675,g4/13mA/13mA,79,96,0,19
26.881,HR,28,3,13988836,g4/13mA/13mA,79,96,0,19
26.881,HR,29,0,15141273,g5/13mA/13mA,79,96,0,19
26.881,HR,29,1,14742896,g4/13mA/13mA,79,96,0,19
26.881,HR,29,2,12553486,g4/13mA/13mA,79,96,0,19
26.881,HR,29,3,13989093,g4/13mA/13mA,79,96,0,19
26.881,HR,30,0,15142979,g5/13mA/13mA,79,96,0,19
26.881,HR,30,1,14743816,g4/13mA/13mA,79,96,0,19
26.881,HR,30,2,12553726,g4/13mA/13mA,79,96,0,19
26.881,HR,30,3,13989631,g4/13mA/13mA,79,96,0,19
26.881,HR,31,0,15141732,g5/13mA/13mA,79,96,0,19
26.881,HR,31,1,14742915,g4/13mA/13mA,79,96,0,19
26.881,HR,31,2,12553240,g4/13mA/13mA,79,96,0,19
26.881,HR,31,3,13988750,g4/13mA/13mA,79,96,0,19
26.881,HR,32,0,15138337,g5/13mA/13mA,79,96,0,19
26.881,HR,32,1,14740848,g4/13mA/13mA,79,96,0,19
26.881,HR,32,2,12551746,g4/13mA/13mA,79,96,0,19
26.881,HR,32,3,13987327,g4/13mA/13mA,79,96,0,19
26.881,HR,33,0,15141631,g5/13mA/13mA,79,96,0,19
26.881,HR,33,1,14742854,g4/13mA/13mA,79,96,0,19
26.881,HR,33,2,12553403,g4/13mA/13mA,79,96,0,19
26.881,HR,33,3,13988973,g4/13mA/13mA,79,96,0,19
26.915,HR,34,0,15140512,g5/13mA/13mA,79,96,0,19
26.915,HR,34,1,14742291,g4/13mA/13mA,79,96,0,19
26.915,HR,34,2,12552916,g4/13mA/13mA,79,96,0,19
26.915,HR,34,3,13988623,g4/13mA/13mA,79,96,0,19
26.915,HR,35,0,15142211,g5/13mA/13mA,79,96,0,19
26.915,HR,35,1,14743750,g4/13mA/13mA,79,96,0,19
26.915,HR,35,2,12553821,g4/13mA/13mA,79,96,0,19
26.915,HR,35,3,13989330,g4/13mA/13mA,79,96,0,19
26.915,HR,36,0,15141706,g5/13mA/13mA,79,96,0,19
26.915,HR,36,1,14742845,g4/13mA/13mA,79,96,0,19
26.915,HR,36,2,12553351,g4/13mA/13mA,79,96,0,19
26.915,HR,36,3,13988785,g4/13mA/13mA,79,96,0,19
26.915,HR,37,0,15140589,g5/13mA/13mA,79,96,0,19
26.915,HR,37,1,14742717,g4/13mA/13mA,79,96,0,19
26.915,HR,37,2,12553180,g4/13mA/13mA,79,96,0,19
26.915,HR,37,3,13988572,g4/13mA/13mA,79,96,0,19
26.915,HR,38,0,15141144,g5/13mA/13mA,79,96,0,19
26.915,HR,38,1,14742606,g4/13mA/13mA,79,96,0,19
26.915,HR,38,2,12553240,g4/13mA/13mA,79,96,0,19
26.915,HR,38,3,13988648,g4/13mA/13mA,79,96,0,19
26.915,HR,39,0,15140341,g5/13mA/13mA,79,96,0,19
26.915,HR,39,1,14741923,g4/13mA/13mA,79,96,0,19
26.915,HR,39,2,12552626,g4/13mA/13mA,79,96,0,19
26.915,HR,39,3,13988282,g4/13mA/13mA,79,96,0,19
26.944,HR,40,0,15141784,g5/13mA/13mA,79,96,0,19
26.944,HR,40,1,14742980,g4/13mA/13mA,79,96,0,19
26.944,HR,40,2,12553504,g4/13mA/13mA,79,96,0,19
26.944,HR,40,3,13989210,g4/13mA/13mA,79,96,0,19
26.944,HR,41,0,15141203,g5/13mA/13mA,79,96,0,19
26.944,HR,41,1,14743007,g4/13mA/13mA,79,96,0,19
26.944,HR,41,2,12553812,g4/13mA/13mA,79,96,0,19
26.944,HR,41,3,13988938,g4/13mA/13mA,79,96,0,19
26.944,HR,42,0,15141529,g5/13mA/13mA,79,96,0,19
26.944,HR,42,1,14742957,g4/13mA/13mA,79,96,0,19
26.944,HR,42,2,12553112,g4/13mA/13mA,79,96,0,19
26.944,HR,42,3,13988691,g4/13mA/13mA,79,96,0,19
26.944,HR,43,0,15141297,g5/13mA/13mA,79,96,0,19
26.944,HR,43,1,14742546,g4/13mA/13mA,79,96,0,19
26.944,HR,43,2,12553342,g4/13mA/13mA,79,96,0,19
26.944,HR,43,3,13988698,g4/13mA/13mA,79,96,0,19
26.944,HR,44,0,15141691,g5/13mA/13mA,79,96,0,19
26.944,HR,44,1,14743048,g4/13mA/13mA,79,96,0,19
26.944,HR,44,2,12553546,g4/13mA/13mA,79,96,0,19
26.944,HR,44,3,13989357,g4/13mA/13mA,79,96,0,19
26.944,HR,45,0,15140069,g5/13mA/13mA,79,96,0,19
26.944,HR,45,1,14741967,g4/13mA/13mA,79,96,0,19
26.944,HR,45,2,12552728,g4/13mA/13mA,79,96,0,19
26.944,HR,45,3,13988137,g4/13mA/13mA,79,96,0,19
26.975,HR,46,0,15141357,g5/13mA/13mA,79,96,0,19
26.975,HR,46,1,14742863,g4/13mA/13mA,79,96,0,19
26.975,HR,46,2,12553369,g4/13mA/13mA,79,96,0,19
26.975,HR,46,3,13988716,g4/13mA/13mA,79,96,0,19
26.975,HR,47,0,15141621,g5/13mA/13mA,79,96,0,19
26.975,HR,47,1,14742863,g4/13mA/13mA,79,96,0,19
26.975,HR,47,2,12553572,g4/13mA/13mA,79,96,0,19
26.975,HR,47,3,13988836,g4/13mA/13mA,79,96,0,19
26.975,HR,48,0,15139974,g5/13mA/13mA,79,96,0,19
26.975,HR,48,1,14742231,g4/13mA/13mA,79,96,0,19
26.975,HR,48,2,12552710,g4/13mA/13mA,79,96,0,19
26.975,HR,48,3,13988332,g4/13mA/13mA,79,96,0,19
26.975,HR,49,0,15142166,g5/13mA/13mA,79,96,0,19
26.975,HR,49,1,14743561,g4/13mA/13mA,79,96,0,19
26.975,HR,49,2,12554050,g4/13mA/13mA,79,96,0,19
26.975,HR,49,3,13989673,g4/13mA/13mA,79,96,0,19
26.975,HR,50,0,15140607,g5/13mA/13mA,79,96,0,19
26.975,HR,50,1,14742043,g4/13mA/13mA,79,96,0,19
26.975,HR,50,2,12553249,g4/13mA/13mA,79,96,0,19
26.975,HR,50,3,13988359,g4/13mA/13mA,79,96,0,19
26.975,HR,51,0,15140512,g5/13mA/13mA,79,96,0,19
26.975,HR,51,1,14742366,g4/13mA/13mA,79,96,0,19
26.975,HR,51,2,12553027,g4/13mA/13mA,79,96,0,19
26.975,HR,51,3,13988555,g4/13mA/13mA,79,96,0,19
27.034,HR,52,0,15141681,g5/13mA/13mA,79,95,0,19
27.034,HR,52,1,14743032,g4/13mA/13mA,79,95,0,19
27.034,HR,52,2,12553360,g4/13mA/13mA,79,95,0,19
27.034,HR,52,3,13988981,g4/13mA/13mA,79,95,0,19
27.034,HR,53,0,15139847,g5/13mA/13mA,79,95,0,19
27.034,HR,53,1,14742145,g4/13mA/13mA,79,95,0,19
27.034,HR,53,2,12552737,g4/13mA/13mA,79,95,0,19
27.034,HR,53,3,13988309,g4/13mA/13mA,79,95,0,19
27.034,HR,54,0,15140828,g5/13mA/13mA,79,95,0,19
27.034,HR,54,1,14742573,g4/13mA/13mA,79,95,0,19
27.034,HR,54,2,12553342,g4/13mA/13mA,79,95,0,19
27.034,HR,54,3,13988964,g4/13mA/13mA,79,95,0,19
27.034,HR,55,0,15139676,g5/13mA/13mA,79,95,0,19
27.034,HR,55,1,14741728,g4/13mA/13mA,79,95,0,19
27.034,HR,55,2,12552523,g4/13mA/13mA,79,95,0,19
27.034,HR,55,3,13987802,g4/13mA/13mA,79,95,0,19
27.034,HR,56,0,15140920,g5/13mA/13mA,79,95,0,19
27.034,HR,56,1,14742915,g4/13mA/13mA,79,95,0,19
27.034,HR,56,2,12553394,g4/13mA/13mA,79,95,0,19
27.034,HR,56,3,13988665,g4/13mA/13mA,79,95,0,19
27.063,HRV,23,0,15141228,g5/13mA/13mA,79,95,0,19
27.063,HRV,23,1,14742743,g4/13mA/13mA,79,95,0,19
27.063,HRV,23,2,12553692,g4/13mA/13mA,79,95,0,19
27.063,HRV,23,3,13988761,g4/13mA/13mA,79,95,0,19
27.063,HRV,24,0,15141996,g5/13mA/13mA,79,95,0,19
27.063,HRV,24,1,14742930,g4/13mA/13mA,79,95,0,19
27.063,HRV,24,2,12553522,g4/13mA/13mA,79,95,0,19
27.063,HRV,24,3,13989040,g4/13mA/13mA,79,95,0,19
27.063,HRV,25,0,15139805,g5/13mA/13mA,79,95,0,19
27.063,HRV,25,1,14742034,g4/13mA/13mA,79,95,0,19
27.063,HRV,25,2,12552592,g4/13mA/13mA,79,95,0,19
27.063,HRV,25,3,13988350,g4/13mA/13mA,79,95,0,19
27.063,HRV,26,0,15141459,g5/13mA/13mA,79,95,0,19
27.063,HRV,26,1,14742658,g4/13mA/13mA,79,95,0,19
27.063,HRV,26,2,12553317,g4/13mA/13mA,79,95,0,19
27.063,HRV,26,3,13988998,g4/13mA/13mA,79,95,0,19
27.123,HRV,27,0,15140400,g5/13mA/13mA,79,95,0,19
27.123,HRV,27,1,14742471,g4/13mA/13mA,79,95,0,19
27.123,HRV,27,2,12553002,g4/13mA/13mA,79,95,0,19
27.123,HRV,27,3,13988426,g4/13mA/13mA,79,95,0,19
27.123,HRV,28,0,15141434,g5/13mA/13mA,79,95,0,19
27.123,HRV,28,1,14742750,g4/13mA/13mA,79,95,0,19
27.123,HRV,28,2,12553675,g4/13mA/13mA,79,95,0,19
27.123,HRV,28,3,13988836,g4/13mA/13mA,79,95,0,19
27.123,HRV,29,0,15141273,g5/13mA/13mA,79,95,0,19
27.123,HRV,29,1,14742896,g4/13mA/13mA,79,95,0,19
27.123,HRV,29,2,12553486,g4/13mA/13mA,79,95,0,19
27.123,HRV,29,3,13989093,g4/13mA/13mA,79,95,0,19
27.123,HRV,30,0,15142979,g5/13mA/13mA,79,95,0,19
27.123,HRV,30,1,14743816,g4/13mA/13mA,79,95,0,19
27.123,HRV,30,2,12553726,g4/13mA/13mA,79,95,0,19
27.123,HRV,30,3,13989631,g4/13mA/13mA,79,95,0,19
27.123,HRV,31,0,15141732,g5/13mA/13mA,79,95,0,19
27.123,HRV,31,1,14742915,g4/13mA/13mA,79,95,0,19
27.123,HRV,31,2,12553240,g4/13mA/13mA,79,95,0,19
27.123,HRV,31,3,13988750,g4/13mA/13mA,79,95,0,19
27.187,HRV,32,0,15138337,g5/13mA/13mA,79,95,0,19
27.187,HRV,32,1,14740848,g4/13mA/13mA,79,95,0,19
27.187,HRV,32,2,12551746,g4/13mA/13mA,79,95,0,19
27.187,HRV,32,3,13987327,g4/13mA/13mA,79,95,0,19
27.187,HRV,33,0,15141631,g5/13mA/13mA,79,95,0,19
27.187,HRV,33,1,14742854,g4/13mA/13mA,79,95,0,19
27.187,HRV,33,2,12553403,g4/13mA/13mA,79,95,0,19
27.187,HRV,33,3,13988973,g4/13mA/13mA,79,95,0,19
27.187,HRV,34,0,15140512,g5/13mA/13mA,79,95,0,19
27.187,HRV,34,1,14742291,g4/13mA/13mA,79,95,0,19
27.187,HRV,34,2,12552916,g4/13mA/13mA,79,95,0,19
27.187,HRV,34,3,13988623,g4/13mA/13mA,79,95,0,19
27.187,HRV,35,0,15142211,g5/13mA/13mA,79,95,0,19
27.187,HRV,35,1,14743750,g4/13mA/13mA,79,95,0,19
27.187,HRV,35,2,12553821,g4/13mA/13mA,79,95,0,19
27.187,HRV,35,3,13989330,g4/13mA/13mA,79,95,0,19
27.187,HRV,36,0,15141706,g5/13mA/13mA,79,95,0,19
27.187,HRV,36,1,14742845,g4/13mA/13mA,79,95,0,19
27.187,HRV,36,2,12553351,g4/13mA/13mA,79,95,0,19
27.187,HRV,36,3,13988785,g4/13mA/13mA,79,95,0,19
27.187,HRV,37,0,15140589,g5/13mA/13mA,79,95,0,19
27.187,HRV,37,1,14742717,g4/13mA/13mA,79,95,0,19
27.187,HRV,37,2,12553180,g4/13mA/13mA,79,95,0,19
27.187,HRV,37,3,13988572,g4/13mA/13mA,79,95,0,19
27.213,HRV,38,0,15141144,g5/13mA/13mA,79,95,0,19
27.213,HRV,38,1,14742606,g4/13mA/13mA,79,95,0,19
27.213,HRV,38,2,12553240,g4/13mA/13mA,79,95,0,19
27.213,HRV,38,3,13988648,g4/13mA/13mA,79,95,0,19
27.213,HRV,39,0,15140341,g5/13mA/13mA,79,95,0,19
27.213,HRV,39,1,14741923,g4/13mA/13mA,79,95,0,19
27.213,HRV,39,2,12552626,g4/13mA/13mA,79,95,0,19
27.213,HRV,39,3,13988282,g4/13mA/13mA,79,95,0,19
27.213,HRV,40,0,15141784,g5/13mA/13mA,79,95,0,19
27.213,HRV,40,1,14742980,g4/13mA/13mA,79,95,0,19
27.213,HRV,40,2,12553504,g4/13mA/13mA,79,95,0,19
27.213,HRV,40,3,13989210,g4/13mA/13mA,79,95,0,19
27.213,HRV,41,0,15141203,g5/13mA/13mA,79,95,0,19
27.213,HRV,41,1,14743007,g4/13mA/13mA,79,95,0,19
27.213,HRV,41,2,12553812,g4/13mA/13mA,79,95,0,19
27.213,HRV,41,3,13988938,g4/13mA/13mA,79,95,0,19
27.213,HRV,42,0,15141529,g5/13mA/13mA,79,95,0,19
27.213,HRV,42,1,14742957,g4/13mA/13mA,79,95,0,19
27.213,HRV,42,2,12553112,g4/13mA/13mA,79,95,0,19
27.213,HRV,42,3,13988691,g4/13mA/13mA,79,95,0,19
27.213,HRV,43,0,15141297,g5/13mA/13mA,79,95,0,19
27.213,HRV,43,1,14742546,g4/13mA/13mA,79,95,0,19
27.213,HRV,43,2,12553342,g4/13mA/13mA,79,95,0,19
27.213,HRV,43,3,13988698,g4/13mA/13mA,79,95,0,19
27.214,HRV,44,0,15141691,g5/13mA/13mA,79,95,0,19
27.214,HRV,44,1,14743048,g4/13mA/13mA,79,95,0,19
27.214,HRV,44,2,12553546,g4/13mA/13mA,79,95,0,19
27.214,HRV,44,3,13989357,g4/13mA/13mA,79,95,0,19
27.214,HRV,45,0,15140069,g5/13mA/13mA,79,95,0,19
27.214,HRV,45,1,14741967,g4/13mA/13mA,79,95,0,19
27.214,HRV,45,2,12552728,g4/13mA/13mA,79,95,0,19
27.214,HRV,45,3,13988137,g4/13mA/13mA,79,95,0,19
27.214,HRV,46,0,15141357,g5/13mA/13mA,79,95,0,19
27.214,HRV,46,1,14742863,g4/13mA/13mA,79,95,0,19
27.214,HRV,46,2,12553369,g4/13mA/13mA,79,95,0,19
27.214,HRV,46,3,13988716,g4/13mA/13mA,79,95,0,19
27.214,HRV,47,0,15141621,g5/13mA/13mA,79,95,0,19
27.214,HRV,47,1,14742863,g4/13mA/13mA,79,95,0,19
27.214,HRV,47,2,12553572,g4/13mA/13mA,79,95,0,19
27.214,HRV,47,3,13988836,g4/13mA/13mA,79,95,0,19
27.214,HRV,48,0,15139974,g5/13mA/13mA,79,95,0,19
27.214,HRV,48,1,14742231,g4/13mA/13mA,79,95,0,19
27.214,HRV,48,2,12552710,g4/13mA/13mA,79,95,0,19
27.214,HRV,48,3,13988332,g4/13mA/13mA,79,95,0,19
27.214,HRV,49,0,15142166,g5/13mA/13mA,79,95,0,19
27.214,HRV,49,1,14743561,g4/13mA/13mA,79,95,0,19
27.214,HRV,49,2,12554050,g4/13mA/13mA,79,95,0,19
27.214,HRV,49,3,13989673,g4/13mA/13mA,79,95,0,19
27.275,HRV,50,0,15140607,g5/13mA/13mA,79,95,0,19
27.275,HRV,50,1,14742043,g4/13mA/13mA,79,95,0,19
27.275,HRV,50,2,12553249,g4/13mA/13mA,79,95,0,19
27.275,HRV,50,3,13988359,g4/13mA/13mA,79,95,0,19
27.275,HRV,51,0,15140512,g5/13mA/13mA,79,95,0,19
27.275,HRV,51,1,14742366,g4/13mA/13mA,79,95,0,19
27.275,HRV,51,2,12553027,g4/13mA/13mA,79,95,0,19
27.275,HRV,51,3,13988555,g4/13mA/13mA,79,95,0,19
27.275,HRV,52,0,15141681,g5/13mA/13mA,79,95,0,19
27.275,HRV,52,1,14743032,g4/13mA/13mA,79,95,0,19
27.275,HRV,52,2,12553360,g4/13mA/13mA,79,95,0,19
27.275,HRV,52,3,13988981,g4/13mA/13mA,79,95,0,19
27.275,HRV,53,0,15139847,g5/13mA/13mA,79,95,0,19
27.275,HRV,53,1,14742145,g4/13mA/13mA,79,95,0,19
27.275,HRV,53,2,12552737,g4/13mA/13mA,79,95,0,19
27.275,HRV,53,3,13988309,g4/13mA/13mA,79,95,0,19
27.275,HRV,54,0,15140828,g5/13mA/13mA,79,95,0,19
27.276,HRV,54,1,14742573,g4/13mA/13mA,79,95,0,19
27.276,HRV,54,2,12553342,g4/13mA/13mA,79,95,0,19
27.276,HRV,54,3,13988964,g4/13mA/13mA,79,95,0,19
27.332,HRV,55,0,15139676,g5/13mA/13mA,79,95,0,19
27.332,HRV,55,1,14741728,g4/13mA/13mA,79,95,0,19
27.332,HRV,55,2,12552523,g4/13mA/13mA,79,95,0,19
27.332,HRV,55,3,13987802,g4/13mA/13mA,79,95,0,19
27.332,HRV,56,0,15140920,g5/13mA/13mA,79,95,0,19
27.332,HRV,56,1,14742915,g4/13mA/13mA,79,95,0,19
27.332,HRV,56,2,12553394,g4/13mA/13mA,79,95,0,19
27.332,HRV,56,3,13988665,g4/13mA/13mA,79,95,0,19
27.816,SPO2,23,0,12975764,g1/60mA/0mA,79,95,0,19
27.816,SPO2,23,1,12229736,g1/25mA/0mA,79,95,0,19
27.816,SPO2,24,0,12976463,g1/60mA/0mA,79,95,0,19
27.816,SPO2,24,1,12230309,g1/25mA/0mA,79,95,0,19
27.816,SPO2,25,0,12975212,g1/60mA/0mA,79,95,0,19
27.816,SPO2,25,1,12229645,g1/25mA/0mA,79,95,0,19
27.816,SPO2,26,0,12975892,g1/60mA/0mA,79,95,0,19
27.816,SPO2,26,1,12230002,g1/25mA/0mA,79,95,0,19
27.816,SPO2,27,0,12975467,g1/60mA/0mA,79,95,0,19
27.816,SPO2,27,1,12229739,g1/25mA/0mA,79,95,0,19
27.816,SPO2,28,0,12976300,g1/60mA/0mA,79,95,0,19
27.816,SPO2,28,1,12230090,g1/25mA/0mA,79,95,0,19
27.847,SPO2,29,0,12976234,g1/60mA/0mA,79,95,0,19
27.847,SPO2,29,1,12230250,g1/25mA/0mA,79,95,0,19
27.847,SPO2,30,0,12976678,g1/60mA/0mA,79,95,0,19
27.847,SPO2,30,1,12230177,g1/25mA/0mA,79,95,0,19
27.847,SPO2,31,0,12975955,g1/60mA/0mA,79,95,0,19
27.847,SPO2,31,1,12230190,g1/25mA/0mA,79,95,0,19
27.847,SPO2,32,0,12973855,g1/60mA/0mA,79,95,0,19
27.847,SPO2,32,1,12229427,g1/25mA/0mA,79,95,0,19
27.847,SPO2,33,0,12976493,g1/60mA/0mA,79,95,0,19
27.847,SPO2,33,1,12230494,g1/25mA/0mA,79,95,0,19
27.847,SPO2,34,0,12975167,g1/60mA/0mA,79,95,0,19
27.847,SPO2,34,1,12229512,g1/25mA/0mA,79,95,0,19
27.847,SPO2,35,0,12976484,g1/60mA/0mA,79,95,0,19
27.847,SPO2,35,1,12230190,g1/25mA/0mA,79,95,0,19
27.847,SPO2,36,0,12975930,g1/60mA/0mA,79,95,0,19
27.847,SPO2,36,1,12230068,g1/25mA/0mA,79,95,0,19
27.963,SPO2,37,0,12975704,g1/60mA/0mA,79,95,0,19
27.963,SPO2,37,1,12229900,g1/25mA/0mA,79,95,0,19
27.963,SPO2,38,0,12975725,g1/60mA/0mA,79,95,0,19
27.963,SPO2,38,1,12230020,g1/25mA/0mA,79,95,0,19
27.963,SPO2,39,0,12975199,g1/60mA/0mA,79,95,0,19
27.963,SPO2,39,1,12229696,g1/25mA/0mA,79,95,0,19
27.963,SPO2,40,0,12976128,g1/60mA/0mA,79,95,0,19
27.963,SPO2,40,1,12230138,g1/25mA/0mA,79,95,0,19
27.963,SPO2,41,0,12975915,g1/60mA/0mA,79,95,0,19
27.963,SPO2,41,1,12230041,g1/25mA/0mA,79,95,0,19
27.963,SPO2,42,0,12975812,g1/60mA/0mA,79,95,0,19
27.963,SPO2,42,1,12229905,g1/25mA/0mA,79,95,0,19
27.963,SPO2,43,0,12976059,g1/60mA/0mA,79,95,0,19
27.963,SPO2,43,1,12230123,g1/25mA/0mA,79,95,0,19
27.969,SPO2,44,0,12976158,g1/60mA/0mA,79,95,0,19
27.969,SPO2,44,1,12230020,g1/25mA/0mA,79,95,0,19
27.969,SPO2,45,0,12975199,g1/60mA/0mA,79,95,0,19
27.969,SPO2,45,1,12229673,g1/25mA/0mA,79,95,0,19
27.969,SPO2,46,0,12975834,g1/60mA/0mA,79,95,0,19
27.969,SPO2,46,1,12229846,g1/25mA/0mA,79,95,0,19
27.969,SPO2,47,0,12975852,g1/60mA/0mA,79,95,0,19
27.969,SPO2,47,1,12229808,g1/25mA/0mA,79,95,0,19
27.969,SPO2,48,0,12975373,g1/60mA/0mA,79,95,0,19
27.969,SPO2,48,1,12229948,g1/25mA/0mA,79,95,0,19
27.969,SPO2,49,0,12976422,g1/60mA/0mA,79,95,0,19
27.969,SPO2,49,1,12230103,g1/25mA/0mA,79,95,0,19
27.969,SPO2,50,0,12975768,g1/60mA/0mA,79,95,0,19
27.969,SPO2,50,1,12229960,g1/25mA/0mA,79,95,0,19
27.969,SPO2,51,0,12975282,g1/60mA/0mA,79,95,0,19
27.969,SPO2,51,1,12229639,g1/25mA/0mA,79,95,0,19
27.996,SPO2,52,0,12976091,g1/60mA/0mA,79,95,0,19
27.996,SPO2,52,1,12230018,g1/25mA/0mA,79,95,0,19
27.996,SPO2,53,0,12975075,g1/60mA/0mA,79,95,0,19
27.996,SPO2,53,1,12229591,g1/25mA/0mA,79,95,0,19
27.996,SPO2,54,0,12975798,g1/60mA/0mA,79,95,0,19
27.997,SPO2,54,1,12229934,g1/25mA/0mA,79,95,0,19
27.997,SPO2,55,0,12975134,g1/60mA/0mA,79,95,0,19
27.997,SPO2,55,1,12229706,g1/25mA/0mA,79,95,0,19
27.997,SPO2,56,0,12975852,g1/60mA/0mA,79,95,0,19
27.997,SPO2,56,1,12229936,g1/25mA/0mA,79,95,0,19
28.021,HR,57,0,15140905,g5/13mA/13mA,79,95,0,19
28.021,HR,57,1,14742682,g4/13mA/13mA,79,95,0,19
28.021,HR,57,2,12552967,g4/13mA/13mA,79,95,0,19
28.021,HR,57,3,13988426,g4/13mA/13mA,79,95,0,19
28.021,HR,58,0,15141126,g5/13mA/13mA,79,95,0,19
28.021,HR,58,1,14742717,g4/13mA/13mA,79,95,0,19
28.021,HR,58,2,12553335,g4/13mA/13mA,79,95,0,19
28.021,HR,58,3,13988886,g4/13mA/13mA,79,95,0,19
28.021,HR,59,0,15140878,g5/13mA/13mA,79,95,0,19
28.021,HR,59,1,14742351,g4/13mA/13mA,79,95,0,19
28.021,HR,59,2,12552906,g4/13mA/13mA,79,95,0,19
28.021,HR,59,3,13988860,g4/13mA/13mA,79,95,0,19
28.021,HR,60,0,15140862,g5/13mA/13mA,79,95,0,19
28.021,HR,60,1,14742641,g4/13mA/13mA,79,95,0,19
28.021,HR,60,2,12552976,g4/13mA/13mA,79,95,0,19
28.021,HR,60,3,13988443,g4/13mA/13mA,79,95,0,19
28.021,HR,61,0,15141015,g5/13mA/13mA,79,95,0,19
28.021,HR,61,1,14742094,g4/13mA/13mA,79,95,0,19
28.021,HR,61,2,12553036,g4/13mA/13mA,79,95,0,19
28.021,HR,61,3,13988693,g4/13mA/13mA,79,95,0,19
28.021,HR,62,0,15140742,g5/13mA/13mA,79,95,0,19
28.021,HR,62,1,14742283,g4/13mA/13mA,79,95,0,19
28.021,HR,62,2,12552881,g4/13mA/13mA,79,95,0,19
28.021,HR,62,3,13988309,g4/13mA/13mA,79,95,0,19
28.054,HR,63,0,15141297,g5/13mA/13mA,79,95,0,19
28.054,HR,63,1,14742743,g4/13mA/13mA,79,95,0,19
28.054,HR,63,2,12553317,g4/13mA/13mA,79,95,0,19
28.054,HR,63,3,13989025,g4/13mA/13mA,79,95,0,19
28.054,HR,64,0,15140188,g5/13mA/13mA,79,95,0,19
28.054,HR,64,1,14742351,g4/13mA/13mA,79,95,0,19
28.054,HR,64,2,12552857,g4/13mA/13mA,79,95,0,19
28.054,HR,64,3,13988137,g4/13mA/13mA,79,95,0,19
28.054,HR,65,0,15139514,g5/13mA/13mA,79,95,0,19
28.054,HR,65,1,14742256,g4/13mA/13mA,79,95,0,19
28.054,HR,65,2,12552242,g4/13mA/13mA,79,95,0,19
28.054,HR,65,3,13988077,g4/13mA/13mA,79,95,0,19
28.054,HR,66,0,15141868,g5/13mA/13mA,79,95,0,19
28.054,HR,66,1,14742828,g4/13mA/13mA,79,95,0,19
28.054,HR,66,2,12553554,g4/13mA/13mA,79,95,0,19
28.054,HR,66,3,13988988,g4/13mA/13mA,79,95,0,19
28.054,HR,67,0,15141391,g5/13mA/13mA,79,95,0,19
28.054,HR,67,1,14742614,g4/13mA/13mA,79,95,0,19
28.054,HR,67,2,12553207,g4/13mA/13mA,79,95,0,19
28.054,HR,67,3,13988758,g4/13mA/13mA,79,95,0,19
28.054,HR,68,0,15141845,g5/13mA/13mA,79,95,0,19
28.054,HR,68,1,14743398,g4/13mA/13mA,79,95,0,19
28.054,HR,68,2,12553719,g4/13mA/13mA,79,95,0,19
28.054,HR,68,3,13989126,g4/13mA/13mA,79,95,0,19
28.084,HR,69,0,15141315,g5/13mA/13mA,79,95,0,19
28.084,HR,69,1,14742460,g4/13mA/13mA,79,95,0,19
28.084,HR,69,2,12553078,g4/13mA/13mA,79,95,0,19
28.084,HR,69,3,13989093,g4/13mA/13mA,79,95,0,19
28.084,HR,70,0,15140701,g5/13mA/13mA,79,95,0,19
28.084,HR,70,1,14742188,g4/13mA/13mA,79,95,0,19
28.084,HR,70,2,12552846,g4/13mA/13mA,79,95,0,19
28.084,HR,70,3,13988223,g4/13mA/13mA,79,95,0,19
28.084,HR,71,0,15141153,g5/13mA/13mA,79,95,0,19
28.084,HR,71,1,14742468,g4/13mA/13mA,79,95,0,19
28.084,HR,71,2,12553136,g4/13mA/13mA,79,95,0,19
28.084,HR,71,3,13988836,g4/13mA/13mA,79,95,0,19
28.084,HR,72,0,15140690,g5/13mA/13mA,79,95,0,19
28.084,HR,72,1,14742342,g4/13mA/13mA,79,95,0,19
28.084,HR,72,2,12552950,g4/13mA/13mA,79,95,0,19
28.084,HR,72,3,13988452,g4/13mA/13mA,79,95,0,19
28.084,HR,73,0,15141289,g5/13mA/13mA,79,95,0,19
28.084,HR,73,1,14742564,g4/13mA/13mA,79,95,0,19
28.084,HR,73,2,12553256,g4/13mA/13mA,79,95,0,19
28.084,HR,73,3,13988332,g4/13mA/13mA,79,95,0,19
28.084,HR,74,0,15140204,g5/13mA/13mA,79,95,0,19
28.084,HR,74,1,14741880,g4/13mA/13mA,79,95,0,19
28.084,HR,74,2,12552728,g4/13mA/13mA,79,95,0,19
28.084,HR,74,3,13988220,g4/13mA/13mA,79,95,0,19
28.146,HR,75,0,15141195,g5/13mA/13mA,79,95,0,19
28.146,HR,75,1,14743041,g4/13mA/13mA,79,95,0,19
28.146,HR,75,2,12553393,g4/13mA/13mA,79,95,0,19
28.146,HR,75,3,13988750,g4/13mA/13mA,79,95,0,19
28.146,HR,76,0,15140392,g5/13mA/13mA,79,95,0,19
28.146,HR,76,1,14742403,g4/13mA/13mA,79,95,0,19
28.146,HR,76,2,12552694,g4/13mA/13mA,79,95,0,19
28.146,HR,76,3,13988374,g4/13mA/13mA,79,95,0,19
28.146,HR,77,0,15141153,g5/13mA/13mA,79,96,0,19
28.146,HR,77,1,14742324,g4/13mA/13mA,79,96,0,19
28.146,HR,77,2,12553497,g4/13mA/13mA,79,96,0,19
28.146,HR,77,3,13988777,g4/13mA/13mA,79,96,0,19
28.146,HR,78,0,15141545,g5/13mA/13mA,79,96,0,19
28.146,HR,78,1,14743051,g4/13mA/13mA,79,96,0,19
28.146,HR,78,2,12553701,g4/13mA/13mA,79,96,0,19
28.146,HR,78,3,13989040,g4/13mA/13mA,79,96,0,19
28.146,HR,79,0,15139907,g5/13mA/13mA,79,96,0,19
28.146,HR,79,1,14741539,g4/13mA/13mA,79,96,0,19
28.146,HR,79,2,12552583,g4/13mA/13mA,79,96,0,19
28.146,HR,79,3,13988137,g4/13mA/13mA,79,96,0,19
28.173,HR,80,0,15141750,g5/13mA/13mA,79,96,0,19
28.173,HR,80,1,14742675,g4/13mA/13mA,79,96,0,19
28.173,HR,80,2,12553504,g4/13mA/13mA,79,96,0,19
28.173,HR,80,3,13988920,g4/13mA/13mA,79,96,0,19
28.173,HR,81,0,15140385,g5/13mA/13mA,79,96,0,19
28.173,HR,81,1,14742471,g4/13mA/13mA,79,96,0,19
28.173,HR,81,2,12553154,g4/13mA/13mA,79,96,0,19
28.173,HR,81,3,13988734,g4/13mA/13mA,79,96,0,19
28.173,HR,82,0,15141808,g5/13mA/13mA,79,96,0,19
28.173,HR,82,1,14742759,g4/13mA/13mA,79,96,0,19
28.173,HR,82,2,12553317,g4/13mA/13mA,79,96,0,19
28.173,HR,82,3,13988777,g4/13mA/13mA,79,96,0,19
28.173,HR,83,0,15140111,g5/13mA/13mA,79,96,0,19
28.173,HR,83,1,14742502,g4/13mA/13mA,79,96,0,19
28.173,HR,83,2,12552770,g4/13mA/13mA,79,96,0,19
28.173,HR,83,3,13988555,g4/13mA/13mA,79,96,0,19
28.173,HR,84,0,15141357,g5/13mA/13mA,79,96,0,19
28.173,HR,84,1,14743066,g4/13mA/13mA,79,96,0,19
28.173,HR,84,2,12553274,g4/13mA/13mA,79,96,0,19
28.173,HR,84,3,13988727,g4/13mA/13mA,79,96,0,19
28.173,HR,85,0,15140539,g5/13mA/13mA,79,96,0,19
28.173,HR,85,1,14742231,g4/13mA/13mA,79,96,0,19
28.173,HR,85,2,12552857,g4/13mA/13mA,79,96,0,19
28.173,HR,85,3,13988118,g4/13mA/13mA,79,96,0,19
28.266,HR,86,0,15142072,g5/13mA/13mA,79,96,0,19
28.266,HR,86,1,14743288,g4/13mA/13mA,79,96,0,19
28.266,HR,86,2,12553711,g4/13mA/13mA,79,96,0,19
28.266,HR,86,3,13989016,g4/13mA/13mA,79,96,0,19
28.266,HR,87,0,15140418,g5/13mA/13mA,79,96,0,19
28.266,HR,87,1,14742214,g4/13mA/13mA,79,96,0,19
28.266,HR,87,2,12553002,g4/13mA/13mA,79,96,0,19
28.266,HR,87,3,13988623,g4/13mA/13mA,79,96,0,19
28.266,HR,88,0,15142090,g5/13mA/13mA,79,96,0,19
28.266,HR,88,1,14743195,g4/13mA/13mA,79,96,0,19
28.266,HR,88,2,12553990,g4/13mA/13mA,79,96,0,19
28.266,HR,88,3,13989075,g4/13mA/13mA,79,96,0,19
28.266,HR,89,0,15141946,g5/13mA/13mA,79,96,0,19
28.266,HR,89,1,14742648,g4/13mA/13mA,79,96,0,19
28.266,HR,89,2,12553428,g4/13mA/13mA,79,96,0,19
28.266,HR,89,3,13989007,g4/13mA/13mA,79,96,0,19
28.266,HR,90,0,15143088,g5/13mA/13mA,79,96,0,19
28.266,HR,90,1,14743860,g4/13mA/13mA,79,96,0,19
28.266,HR,90,2,12554171,g4/13mA/13mA,79,96,0,19
28.266,HR,90,3,13989595,g4/13mA/13mA,79,96,0,19
28.266,HRV,57,0,15140905,g5/13mA/13mA,79,96,0,19
28.266,HRV,57,1,14742682,g4/13mA/13mA,79,96,0,19
28.266,HRV,57,2,12552967,g4/13mA/13mA,79,96,0,19
28.266,HRV,57,3,13988426,g4/13mA/13mA,79,96,0,19
28.266,HRV,58,0,15141126,g5/13mA/13mA,79,96,0,19
28.266,HRV,58,1,14742717,g4/13mA/13mA,79,96,0,19
28.266,HRV,58,2,12553335,g4/13mA/13mA,79,96,0,19
28.266,HRV,58,3,13988886,g4/13mA/13mA,79,96,0,19
28.266,HRV,59,0,15140878,g5/13mA/13mA,79,96,0,19
28.266,HRV,59,1,14742351,g4/13mA/13mA,79,96,0,19
28.266,HRV,59,2,12552906,g4/13mA/13mA,79,96,0,19
28.266,HRV,59,3,13988860,g4/13mA/13mA,79,96,0,19
28.266,HRV,60,0,15140862,g5/13mA/13mA,79,96,0,19
28.266,HRV,60,1,14742641,g4/13mA/13mA,79,96,0,19
28.266,HRV,60,2,12552976,g4/13mA/13mA,79,96,0,19
28.266,HRV,60,3,13988443,g4/13mA/13mA,79,96,0,19
28.266,HRV,61,0,15141015,g5/13mA/13mA,79,96,0,19
28.266,HRV,61,1,14742094,g4/13mA/13mA,79,96,0,19
28.266,HRV,61,2,12553036,g4/13mA/13mA,79,96,0,19
28.266,HRV,61,3,13988693,g4/13mA/13mA,79,96,0,19
28.266,HRV,62,0,15140742,g5/13mA/13mA,79,96,0,19
28.266,HRV,62,1,14742283,g4/13mA/13mA,79,96,0,19
28.266,HRV,62,2,12552881,g4/13mA/13mA,79,96,0,19
28.266,HRV,62,3,13988309,g4/13mA/13mA,79,96,0,19
28.296,HRV,63,0,15141297,g5/13mA/13mA,79,96,0,19
28.296,HRV,63,1,14742743,g4/13mA/13mA,79,96,0,19
28.296,HRV,63,2,12553317,g4/13mA/13mA,79,96,0,19
28.296,HRV,63,3,13989025,g4/13mA/13mA,79,96,0,19
28.296,HRV,64,0,15140188,g5/13mA/13mA,79,96,0,19
28.296,HRV,64,1,14742351,g4/13mA/13mA,79,96,0,19
28.296,HRV,64,2,12552857,g4/13mA/13mA,79,96,0,19
28.296,HRV,64,3,13988137,g4/13mA/13mA,79,96,0,19
28.296,HRV,65,0,15139514,g5/13mA/13mA,79,96,0,19
28.296,HRV,65,1,14742256,g4/13mA/13mA,79,96,0,19
28.296,HRV,65,2,12552242,g4/13mA/13mA,79,96,0,19
28.296,HRV,65,3,13988077,g4/13mA/13mA,79,96,0,19
28.296,HRV,66,0,15141868,g5/13mA/13mA,79,96,0,19
28.296,HRV,66,1,14742828,g4/13mA/13mA,79,96,0,19
28.296,HRV,66,2,12553554,g4/13mA/13mA,79,96,0,19
28.296,HRV,66,3,13988988,g4/13mA/13mA,79,96,0,19
28.296,HRV,67,0,15141391,g5/13mA/13mA,79,96,0,19
28.296,HRV,67,1,14742614,g4/13mA/13mA,79,96,0,19
28.296,HRV,67,2,12553207,g4/13mA/13mA,79,96,0,19
28.296,HRV,67,3,13988758,g4/13mA/13mA,79,96,0,19
28.296,HRV,68,0,15141845,g5/13mA/13mA,79,96,0,19
28.296,HRV,68,1,14743398,g4/13mA/13mA,79,96,0,19
28.296,HRV,68,2,12553719,g4/13mA/13mA,79,96,0,19
28.296,HRV,68,3,13989126,g4/13mA/13mA,79,96,0,19
28.356,HRV,69,0,15141315,g5/13mA/13mA,79,96,0,19
28.356,HRV,69,1,14742460,g4/13mA/13mA,79,96,0,19
28.356,HRV,69,2,12553078,g4/13mA/13mA,79,96,0,19
28.356,HRV,69,3,13989093,g4/13mA/13mA,79,96,0,19
28.356,HRV,70,0,15140701,g5/13mA/13mA,79,96,0,19
28.356,HRV,70,1,14742188,g4/13mA/13mA,79,96,0,19
28.356,HRV,70,2,12552846,g4/13mA/13mA,79,96,0,19
28.356,HRV,70,3,13988223,g4/13mA/13mA,79,96,0,19
28.356,HRV,71,0,15141153,g5/13mA/13mA,79,96,0,19
28.356,HRV,71,1,14742468,g4/13mA/13mA,79,96,0,19
28.356,HRV,71,2,12553136,g4/13mA/13mA,79,96,0,19
28.356,HRV,71,3,13988836,g4/13mA/13mA,79,96,0,19
28.356,HRV,72,0,15140690,g5/13mA/13mA,79,96,0,19
28.356,HRV,72,1,14742342,g4/13mA/13mA,79,96,0,19
28.356,HRV,72,2,12552950,g4/13mA/13mA,79,96,0,19
28.356,HRV,72,3,13988452,g4/13mA/13mA,79,96,0,19
28.356,HRV,73,0,15141289,g5/13mA/13mA,79,96,0,19
28.356,HRV,73,1,14742564,g4/13mA/13mA,79,96,0,19
28.356,HRV,73,2,12553256,g4/13mA/13mA,79,96,0,19
28.356,HRV,73,3,13988332,g4/13mA/13mA,79,96,0,19
28.356,HRV,74,0,15140204,g5/13mA/13mA,79,96,0,19
28.356,HRV,74,1,14741880,g4/13mA/13mA,79,96,0,19
28.356,HRV,74,2,12552728,g4/13mA/13mA,79,96,0,19
28.356,HRV,74,3,13988220,g4/13mA/13mA,79,96,0,19
28.387,HRV,75,0,15141195,g5/13mA/13mA,79,96,0,19
28.387,HRV,75,1,14743041,g4/13mA/13mA,79,96,0,19
28.387,HRV,75,2,12553393,g4/13mA/13mA,79,96,0,19
28.387,HRV,75,3,13988750,g4/13mA/13mA,79,96,0,19
28.387,HRV,76,0,15140392,g5/13mA/13mA,79,96,0,19
28.387,HRV,76,1,14742403,g4/13mA/13mA,79,96,0,19
28.387,HRV,76,2,12552694,g4/13mA/13mA,79,96,0,19
28.387,HRV,76,3,13988374,g4/13mA/13mA,79,96,0,19
28.387,HRV,77,0,15141153,g5/13mA/13mA,79,96,0,19
28.387,HRV,77,1,14742324,g4/13mA/13mA,79,96,0,19
28.387,HRV,77,2,12553497,g4/13mA/13mA,79,96,0,19
28.387,HRV,77,3,13988777,g4/13mA/13mA,79,96,0,19
28.387,HRV,78,0,15141545,g5/13mA/13mA,79,96,0,19
28.387,HRV,78,1,14743051,g4/13mA/13mA,79,96,0,19
28.387,HRV,78,2,12553701,g4/13mA/13mA,79,96,0,19
28.387,HRV,78,3,13989040,g4/13mA/13mA,79,96,0,19
28.387,HRV,79,0,15139907,g5/13mA/13mA,79,96,0,19
28.387,HRV,79,1,14741539,g4/13mA/13mA,79,96,0,19
28.387,HRV,79,2,12552583,g4/13mA/13mA,79,96,0,19
28.387,HRV,79,3,13988137,g4/13mA/13mA,79,96,0,19
28.414,HRV,80,0,15141750,g5/13mA/13mA,79,96,0,19
28.414,HRV,80,1,14742675,g4/13mA/13mA,79,96,0,19
28.414,HRV,80,2,12553504,g4/13mA/13mA,79,96,0,19
28.414,HRV,80,3,13988920,g4/13mA/13mA,79,96,0,19
28.414,HRV,81,0,15140385,g5/13mA/13mA,79,96,0,19
28.414,HRV,81,1,14742471,g4/13mA/13mA,79,96,0,19
28.414,HRV,81,2,12553154,g4/13mA/13mA,79,96,0,19
28.414,HRV,81,3,13988734,g4/13mA/13mA,79,96,0,19
28.414,HRV,82,0,15141808,g5/13mA/13mA,79,96,0,19
28.414,HRV,82,1,14742759,g4/13mA/13mA,79,96,0,19
28.414,HRV,82,2,12553317,g4/13mA/13mA,79,96,0,19
28.414,HRV,82,3,13988777,g4/13mA/13mA,79,96,0,19
28.414,HRV,83,0,15140111,g5/13mA/13mA,79,96,0,19
28.414,HRV,83,1,14742502,g4/13mA/13mA,79,96,0,19
28.414,HRV,83,2,12552770,g4/13mA/13mA,79,96,0,19
28.414,HRV,83,3,13988555,g4/13mA/13mA,79,96,0,19
28.414,HRV,84,0,15141357,g5/13mA/13mA,79,96,0,19
28.414,HRV,84,1,14743066,g4/13mA/13mA,79,96,0,19
28.414,HRV,84,2,12553274,g4/13mA/13mA,79,96,0,19
28.414,HRV,84,3,13988727,g4/13mA/13mA,79,96,0,19
28.414,HRV,85,0,15140539,g5/13mA/13mA,79,96,0,19
28.414,HRV,85,1,14742231,g4/13mA/13mA,79,96,0,19
28.414,HRV,85,2,12552857,g4/13mA/13mA,79,96,0,19
28.414,HRV,85,3,13988118,g4/13mA/13mA,79,96,0,19
28.475,HRV,86,0,15142072,g5/13mA/13mA,79,96,0,19
28.475,HRV,86,1,14743288,g4/13mA/13mA,79,96,0,19
28.475,HRV,86,2,12553711,g4/13mA/13mA,79,96,0,19
28.475,HRV,86,3,13989016,g4/13mA/13mA,79,96,0,19
28.475,HRV,87,0,15140418,g5/13mA/13mA,79,96,0,19
28.475,HRV,87,1,14742214,g4/13mA/13mA,79,96,0,19
28.475,HRV,87,2,12553002,g4/13mA/13mA,79,96,0,19
28.475,HRV,87,3,13988623,g4/13mA/13mA,79,96,0,19
28.475,HRV,88,0,15142090,g5/13mA/13mA,79,96,0,19
28.475,HRV,88,1,14743195,g4/13mA/13mA,79,96,0,19
28.475,HRV,88,2,12553990,g4/13mA/13mA,79,96,0,19
28.475,HRV,88,3,13989075,g4/13mA/13mA,79,96,0,19
28.475,HRV,89,0,15141946,g5/13mA/13mA,79,96,0,19
28.475,HRV,89,1,14742648,g4/13mA/13mA,79,96,0,19
28.475,HRV,89,2,12553428,g4/13mA/13mA,79,96,0,19
28.475,HRV,89,3,13989007,g4/13mA/13mA,79,96,0,19
28.475,HRV,90,0,15143088,g5/13mA/13mA,79,96,0,19
28.475,HRV,90,1,14743860,g4/13mA/13mA,79,96,0,19
28.475,HRV,90,2,12554171,g4/13mA/13mA,79,96,0,19
28.475,HRV,90,3,13989595,g4/13mA/13mA,79,96,0,19
28.539,SPO2,57,0,12975802,g1/60mA/0mA,79,96,0,19
28.539,SPO2,57,1,12229893,g1/25mA/0mA,79,96,0,19
28.539,SPO2,58,0,12975804,g1/60mA/0mA,79,96,0,19
28.539,SPO2,58,1,12229980,g1/25mA/0mA,79,96,0,19
28.539,SPO2,59,0,12975630,g1/60mA/0mA,79,96,0,19
28.539,SPO2,59,1,12229956,g1/25mA/0mA,79,96,0,19
28.539,SPO2,60,0,12975325,g1/60mA/0mA,79,96,0,19
28.539,SPO2,60,1,12229806,g1/25mA/0mA,79,96,0,19
28.539,SPO2,61,0,12975580,g1/60mA/0mA,79,96,0,19
28.539,SPO2,61,1,12229894,g1/25mA/0mA,79,96,0,19
28.539,SPO2,62,0,12975678,g1/60mA/0mA,79,96,0,19
28.539,SPO2,62,1,12230023,g1/25mA/0mA,79,96,0,19
28.539,SPO2,63,0,12975839,g1/60mA/0mA,79,96,0,19
28.539,SPO2,63,1,12229756,g1/25mA/0mA,79,96,0,19
28.563,SPO2,64,0,12975326,g1/60mA/0mA,79,96,0,19
28.563,SPO2,64,1,12229852,g1/25mA/0mA,79,96,0,19
28.563,SPO2,65,0,12974304,g1/60mA/0mA,79,96,0,19
28.563,SPO2,65,1,12229134,g1/25mA/0mA,79,96,0,19
28.563,SPO2,66,0,12976454,g1/60mA/0mA,79,96,0,19
28.563,SPO2,66,1,12230140,g1/25mA/0mA,79,96,0,19
28.563,SPO2,67,0,12975738,g1/60mA/0mA,79,96,0,19
28.563,SPO2,67,1,12229971,g1/25mA/0mA,79,96,0,19
28.563,SPO2,68,0,12975988,g1/60mA/0mA,79,96,0,19
28.563,SPO2,68,1,12229954,g1/25mA/0mA,79,96,0,19
28.563,SPO2,69,0,12976081,g1/60mA/0mA,79,96,0,19
28.563,SPO2,69,1,12230154,g1/25mA/0mA,79,96,0,19
28.563,SPO2,70,0,12975137,g1/60mA/0mA,79,96,0,19
28.563,SPO2,70,1,12229578,g1/25mA/0mA,79,96,0,19
28.563,SPO2,71,0,12975709,g1/60mA/0mA,79,96,0,19
28.563,SPO2,71,1,12229966,g1/25mA/0mA,79,96,0,19
28.595,SPO2,72,0,12975182,g1/60mA/0mA,79,96,0,19
28.595,SPO2,72,1,12229604,g1/25mA/0mA,79,96,0,19
28.595,SPO2,73,0,12975926,g1/60mA/0mA,79,96,0,19
28.595,SPO2,73,1,12229959,g1/25mA/0mA,79,96,0,19
28.595,SPO2,74,0,12975066,g1/60mA/0mA,79,96,0,19
28.595,SPO2,74,1,12229508,g1/25mA/0mA,79,96,0,19
28.595,SPO2,75,0,12975834,g1/60mA/0mA,79,96,0,19
28.595,SPO2,75,1,12229963,g1/25mA/0mA,79,96,0,19
28.595,SPO2,76,0,12975361,g1/60mA/0mA,79,96,0,19
28.595,SPO2,76,1,12229808,g1/25mA/0mA,79,96,0,19
28.595,SPO2,77,0,12975685,g1/60mA/0mA,79,96,0,19
28.595,SPO2,77,1,12229766,g1/25mA/0mA,79,96,0,19
28.624,SPO2,78,0,12976374,g1/60mA/0mA,79,96,0,19
28.625,SPO2,78,1,12230316,g1/25mA/0mA,79,96,0,19
28.625,SPO2,79,0,12974814,g1/60mA/0mA,79,96,0,19
28.625,SPO2,79,1,12229490,g1/25mA/0mA,79,96,0,19
28.625,SPO2,80,0,12976070,g1/60mA/0mA,79,96,0,19
28.625,SPO2,80,1,12230110,g1/25mA/0mA,79,96,0,19
28.625,SPO2,81,0,12975601,g1/60mA/0mA,79,96,0,19
28.625,SPO2,81,1,12229960,g1/25mA/0mA,79,96,0,19
28.625,SPO2,82,0,12975957,g1/60mA/0mA,79,96,0,19
28.625,SPO2,82,1,12229874,g1/25mA/0mA,79,96,0,19
28.625,SPO2,83,0,12975648,g1/60mA/0mA,79,96,0,19
28.625,SPO2,83,1,12230190,g1/25mA/0mA,79,96,0,19
28.625,SPO2,84,0,12975749,g1/60mA/0mA,79,96,0,19
28.625,SPO2,84,1,12229942,g1/25mA/0mA,79,96,0,19
28.625,SPO2,85,0,12975320,g1/60mA/0mA,79,96,0,19
28.625,SPO2,85,1,12229711,g1/25mA/0mA,79,96,0,19
28.653,SPO2,86,0,12975925,g1/60mA/0mA,79,96,0,19
28.653,SPO2,86,1,12229945,g1/25mA/0mA,79,96,0,19
28.653,SPO2,87,0,12975845,g1/60mA/0mA,79,96,0,19
28.653,SPO2,87,1,12230359,g1/25mA/0mA,79,96,0,19
28.653,SPO2,88,0,12976587,g1/60mA/0mA,79,96,0,19
28.653,SPO2,88,1,12230449,g1/25mA/0mA,79,96,0,19
28.653,SPO2,89,0,12976193,g1/60mA/0mA,79,96,0,19
28.653,SPO2,89,1,12230144,g1/25mA/0mA,79,96,0,19
28.653,SPO2,90,0,12976689,g1/60mA/0mA,79,96,0,19
28.653,SPO2,90,1,12230269,g1/25mA/0mA,79,96,0,19
29.137,HR,91,0,15139541,g5/13mA/13mA,79,96,0,19
29.137,HR,91,1,14741880,g4/13mA/13mA,79,96,0,19
29.137,HR,91,2,12552514,g4/13mA/13mA,79,96,0,19
29.137,HR,91,3,13988000,g4/13mA/13mA,79,96,0,19
29.137,HR,92,0,15141936,g5/13mA/13mA,79,96,0,19
29.137,HR,92,1,14743213,g4/13mA/13mA,79,96,0,19
29.137,HR,92,2,12553615,g4/13mA/13mA,79,96,0,19
29.137,HR,92,3,13988931,g4/13mA/13mA,79,96,0,19
29.137,HR,93,0,15140529,g5/13mA/13mA,79,96,0,19
29.137,HR,93,1,14742366,g4/13mA/13mA,79,96,0,19
29.137,HR,93,2,12553009,g4/13mA/13mA,79,96,0,19
29.137,HR,93,3,13988426,g4/13mA/13mA,79,96,0,19
29.137,HR,94,0,15141424,g5/13mA/13mA,79,96,0,19
29.137,HR,94,1,14742836,g4/13mA/13mA,79,96,0,19
29.137,HR,94,2,12553426,g4/13mA/13mA,79,96,0,19
29.137,HR,94,3,13988709,g4/13mA/13mA,79,96,0,19
29.137,HR,95,0,15141357,g5/13mA/13mA,79,96,0,19
29.137,HR,95,1,14742693,g4/13mA/13mA,79,96,0,19
29.137,HR,95,2,12553173,g4/13mA/13mA,79,96,0,19
29.137,HR,95,3,13988853,g4/13mA/13mA,79,96,0,19
29.137,HR,96,0,15141339,g5/13mA/13mA,79,96,0,19
29.137,HR,96,1,14742708,g4/13mA/13mA,79,96,0,19
29.137,HR,96,2,12553360,g4/13mA/13mA,79,96,0,19
29.137,HR,96,3,13988777,g4/13mA/13mA,79,96,0,19
29.165,HR,97,0,15139292,g5/13mA/13mA,79,96,0,19
29.165,HR,97,1,14741820,g4/13mA/13mA,79,96,0,19
29.165,HR,97,2,12552781,g4/13mA/13mA,79,96,0,19
29.165,HR,97,3,13988050,g4/13mA/13mA,79,96,0,19
29.165,HR,98,0,15142143,g5/13mA/13mA,79,96,0,19
29.165,HR,98,1,14743494,g4/13mA/13mA,79,96,0,19
29.165,HR,98,2,12553846,g4/13mA/13mA,79,96,0,19
29.165,HR,98,3,13989307,g4/13mA/13mA,79,96,0,19
29.165,HR,99,0,15139311,g5/13mA/13mA,79,96,0,19
29.165,HR,99,1,14741737,g4/13mA/13mA,79,96,0,19
29.165,HR,99,2,12552472,g4/13mA/13mA,79,96,0,19
29.165,HR,99,3,13987769,g4/13mA/13mA,79,96,0,19
29.165,HR,100,0,15142594,g5/13mA/13mA,79,96,0,19
29.165,HR,100,1,14743288,g4/13mA/13mA,79,96,0,19
29.165,HR,100,2,12553904,g4/13mA/13mA,79,96,0,19
29.165,HR,100,3,13989492,g4/13mA/13mA,79,96,0,19
29.165,HR,101,0,15139122,g5/13mA/13mA,79,96,0,19
29.165,HR,101,1,14741677,g4/13mA/13mA,79,96,0,19
29.165,HR,101,2,12552431,g4/13mA/13mA,79,96,0,19
29.165,HR,101,3,13988050,g4/13mA/13mA,79,96,0,19
29.196,HR,102,0,15142218,g5/13mA/13mA,78,97,0,19
29.196,HR,102,1,14743195,g4/13mA/13mA,78,97,0,19
29.196,HR,102,2,12554035,g4/13mA/13mA,78,97,0,19
29.196,HR,102,3,13989409,g4/13mA/13mA,78,97,0,19
29.196,HR,103,0,15140418,g5/13mA/13mA,78,97,0,19
29.196,HR,103,1,14742019,g4/13mA/13mA,78,97,0,19
29.196,HR,103,2,12552463,g4/13mA/13mA,78,97,0,19
29.196,HR,103,3,13988290,g4/13mA/13mA,78,97,0,19
29.196,HR,104,0,15141297,g5/13mA/13mA,78,97,0,19
29.196,HR,104,1,14742853,g4/13mA/13mA,78,97,0,19
29.196,HR,104,2,12553565,g4/13mA/13mA,78,97,0,19
29.196,HR,104,3,13989270,g4/13mA/13mA,78,97,0,19
29.196,HR,105,0,15140682,g5/13mA/13mA,78,97,0,19
29.196,HR,105,1,14742205,g4/13mA/13mA,78,97,0,19
29.196,HR,105,2,12552942,g4/13mA/13mA,78,97,0,19
29.196,HR,105,3,13988264,g4/13mA/13mA,78,97,0,19
29.196,HR,106,0,15142509,g5/13mA/13mA,78,97,0,19
29.196,HR,106,1,14743518,g4/13mA/13mA,78,97,0,19
29.196,HR,106,2,12554085,g4/13mA/13mA,78,97,0,19
29.196,HR,106,3,13989399,g4/13mA/13mA,78,97,0,19
29.254,HR,107,0,15143258,g5/13mA/13mA,78,97,0,19
29.254,HR,107,1,14743706,g4/13mA/13mA,78,97,0,19
29.254,HR,107,2,12554205,g4/13mA/13mA,78,97,0,19
29.254,HR,107,3,13989691,g4/13mA/13mA,78,97,0,19
29.254,HR,108,0,15141126,g5/13mA/13mA,78,97,0,19
29.254,HR,108,1,14742427,g4/13mA/13mA,78,97,0,19
29.254,HR,108,2,12553282,g4/13mA/13mA,78,97,0,19
29.254,HR,108,3,13988818,g4/13mA/13mA,78,97,0,19
29.254,HR,109,0,15140931,g5/13mA/13mA,78,97,0,19
29.254,HR,109,1,14742418,g4/13mA/13mA,78,97,0,19
29.254,HR,109,2,12553264,g4/13mA/13mA,78,97,0,19
29.254,HR,109,3,13988614,g4/13mA/13mA,78,97,0,19
29.254,HR,110,0,15141714,g5/13mA/13mA,78,97,0,19
29.254,HR,110,1,14742939,g4/13mA/13mA,78,97,0,19
29.254,HR,110,2,12553539,g4/13mA/13mA,78,97,0,19
29.254,HR,110,3,13989032,g4/13mA/13mA,78,97,0,19
29.254,HR,111,0,15140828,g5/13mA/13mA,78,97,0,19
29.254,HR,111,1,14742427,g4/13mA/13mA,78,97,0,19
29.254,HR,111,2,12553207,g4/13mA/13mA,78,97,0,19
29.254,HR,111,3,13988384,g4/13mA/13mA,78,97,0,19
29.254,HR,112,0,15141903,g5/13mA/13mA,78,97,0,19
29.254,HR,112,1,14743152,g4/13mA/13mA,78,97,0,19
29.254,HR,112,2,12553666,g4/13mA/13mA,78,97,0,19
29.254,HR,112,3,13988733,g4/13mA/13mA,78,97,0,19
29.284,HR,113,0,15140589,g5/13mA/13mA,78,97,0,19
29.284,HR,113,1,14742043,g4/13mA/13mA,78,97,0,19
29.284,HR,113,2,12552676,g4/13mA/13mA,78,97,0,19
29.284,HR,113,3,13988332,g4/13mA/13mA,78,97,0,19
29.284,HR,114,0,15140837,g5/13mA/13mA,78,97,0,19
29.284,HR,114,1,14742528,g4/13mA/13mA,78,97,0,19
29.284,HR,114,2,12553103,g4/13mA/13mA,78,97,0,19
29.284,HR,114,3,13988546,g4/13mA/13mA,78,97,0,19
29.284,HR,115,0,15140547,g5/13mA/13mA,78,97,0,19
29.284,HR,115,1,14742376,g4/13mA/13mA,78,97,0,19
29.284,HR,115,2,12552770,g4/13mA/13mA,78,97,0,19
29.284,HR,115,3,13988614,g4/13mA/13mA,78,97,0,19
29.284,HR,116,0,15140622,g5/13mA/13mA,78,97,0,19
29.284,HR,116,1,14741985,g4/13mA/13mA,78,97,0,19
29.284,HR,116,2,12552932,g4/13mA/13mA,78,97,0,19
29.284,HR,116,3,13988648,g4/13mA/13mA,78,97,0,19
29.284,HR,117,0,15143924,g5/13mA/13mA,78,97,0,19
29.284,HR,117,1,14744260,g4/13mA/13mA,78,97,0,19
29.284,HR,117,2,12554853,g4/13mA/13mA,78,97,0,19
29.284,HR,117,3,13989986,g4/13mA/13mA,78,97,0,19
29.284,HR,118,0,15138660,g5/13mA/13mA,78,97,0,19
29.284,HR,118,1,14741029,g4/13mA/13mA,78,97,0,19
29.284,HR,118,2,12551806,g4/13mA/13mA,78,97,0,19
29.284,HR,118,3,13987797,g4/13mA/13mA,78,97,0,19
29.345,HR,119,0,15142287,g5/13mA/13mA,78,97,0,19
29.345,HR,119,1,14743332,g4/13mA/13mA,78,97,0,19
29.345,HR,119,2,12553658,g4/13mA/13mA,78,97,0,19
29.345,HR,119,3,13989280,g4/13mA/13mA,78,97,0,19
29.345,HR,120,0,15140787,g5/13mA/13mA,78,97,0,19
29.345,HR,120,1,14742427,g4/13mA/13mA,78,97,0,19
29.345,HR,120,2,12552857,g4/13mA/13mA,78,97,0,19
29.345,HR,120,3,13988282,g4/13mA/13mA,78,97,0,19
29.345,HR,121,0,15141100,g5/13mA/13mA,78,97,0,19
29.345,HR,121,1,14742657,g4/13mA/13mA,78,97,0,19
29.345,HR,121,2,12553249,g4/13mA/13mA,78,97,0,19
29.345,HR,121,3,13988623,g4/13mA/13mA,78,97,0,19
29.345,HR,122,0,15141382,g5/13mA/13mA,78,97,0,19
29.345,HR,122,1,14742334,g4/13mA/13mA,78,97,0,19
29.345,HR,122,2,12552967,g4/13mA/13mA,78,97,0,19
29.345,HR,122,3,13988853,g4/13mA/13mA,78,97,0,19
29.345,HR,123,0,15140896,g5/13mA/13mA,78,97,0,19
29.345,HR,123,1,14742410,g4/13mA/13mA,78,97,0,19
29.345,HR,123,2,12553146,g4/13mA/13mA,78,97,0,19
29.345,HR,123,3,13988538,g4/13mA/13mA,78,97,0,19
29.345,HR,124,0,15139635,g5/13mA/13mA,78,97,0,19
29.345,HR,124,1,14741925,g4/13mA/13mA,78,97,0,19
29.345,HR,124,2,12552676,g4/13mA/13mA,78,97,0,19
29.345,HR,124,3,13987966,g4/13mA/13mA,78,97,0,19
29.376,HRV,91,0,15139541,g5/13mA/13mA,78,97,0,19
29.376,HRV,91,1,14741880,g4/13mA/13mA,78,97,0,19
29.376,HRV,91,2,12552514,g4/13mA/13mA,78,97,0,19
29.376,HRV,91,3,13988000,g4/13mA/13mA,78,97,0,19
29.376,HRV,92,0,15141936,g5/13mA/13mA,78,97,0,19
29.376,HRV,92,1,14743213,g4/13mA/13mA,78,97,0,19
29.377,HRV,92,2,12553615,g4/13mA/13mA,78,97,0,19
29.377,HRV,92,3,13988931,g4/13mA/13mA,78,97,0,19
29.377,HRV,93,0,15140529,g5/13mA/13mA,78,97,0,19
29.377,HRV,93,1,14742366,g4/13mA/13mA,78,97,0,19
29.377,HRV,93,2,12553009,g4/13mA/13mA,78,97,0,19
29.377,HRV,93,3,13988426,g4/13mA/13mA,78,97,0,19
29.377,HRV,94,0,15141424,g5/13mA/13mA,78,97,0,19
29.377,HRV,94,1,14742836,g4/13mA/13mA,78,97,0,19
29.377,HRV,94,2,12553426,g4/13mA/13mA,78,97,0,19
29.377,HRV,94,3,13988709,g4/13mA/13mA,78,97,0,19
29.377,HRV,95,0,15141357,g5/13mA/13mA,78,97,0,19
29.377,HRV,95,1,14742693,g4/13mA/13mA,78,97,0,19
29.377,HRV,95,2,12553173,g4/13mA/13mA,78,97,0,19
29.377,HRV,95,3,13988853,g4/13mA/13mA,78,97,0,19
29.377,HRV,96,0,15141339,g5/13mA/13mA,78,97,0,19
29.377,HRV,96,1,14742708,g4/13mA/13mA,78,97,0,19
29.377,HRV,96,2,12553360,g4/13mA/13mA,78,97,0,19
29.377,HRV,96,3,13988777,g4/13mA/13mA,78,97,0,19
29.434,HRV,97,0,15139292,g5/13mA/13mA,78,97,0,19
29.434,HRV,97,1,14741820,g4/13mA/13mA,78,97,0,19
29.434,HRV,97,2,12552781,g4/13mA/13mA,78,97,0,19
29.434,HRV,97,3,13988050,g4/13mA/13mA,78,97,0,19
29.434,HRV,98,0,15142143,g5/13mA/13mA,78,97,0,19
29.434,HRV,98,1,14743494,g4/13mA/13mA,78,97,0,19
29.434,HRV,98,2,12553846,g4/13mA/13mA,78,97,0,19
29.434,HRV,98,3,13989307,g4/13mA/13mA,78,97,0,19
29.434,HRV,99,0,15139311,g5/13mA/13mA,78,97,0,19
29.434,HRV,99,1,14741737,g4/13mA/13mA,78,97,0,19
29.434,HRV,99,2,12552472,g4/13mA/13mA,78,97,0,19
29.434,HRV,99,3,13987769,g4/13mA/13mA,78,97,0,19
29.434,HRV,100,0,15142594,g5/13mA/13mA,78,97,0,19
29.434,HRV,100,1,14743288,g4/13mA/13mA,78,97,0,19
29.434,HRV,100,2,12553904,g4/13mA/13mA,78,97,0,19
29.434,HRV,100,3,13989492,g4/13mA/13mA,78,97,0,19
29.434,HRV,101,0,15139122,g5/13mA/13mA,78,97,0,19
29.434,HRV,101,1,14741677,g4/13mA/13mA,78,97,0,19
29.434,HRV,101,2,12552431,g4/13mA/13mA,78,97,0,19
29.434,HRV,101,3,13988050,g4/13mA/13mA,78,97,0,19
29.466,HRV,102,0,15142218,g5/13mA/13mA,78,97,0,19
29.466,HRV,102,1,14743195,g4/13mA/13mA,78,97,0,19
29.466,HRV,102,2,12554035,g4/13mA/13mA,78,97,0,19
29.466,HRV,102,3,13989409,g4/13mA/13mA,78,97,0,19
29.466,HRV,103,0,15140418,g5/13mA/13mA,78,97,0,19
29.466,HRV,103,1,14742019,g4/13mA/13mA,78,97,0,19
29.466,HRV,103,2,12552463,g4/13mA/13mA,78,97,0,19
29.466,HRV,103,3,13988290,g4/13mA/13mA,78,97,0,19
29.466,HRV,104,0,15141297,g5/13mA/13mA,78,97,0,19
29.466,HRV,104,1,14742853,g4/13mA/13mA,78,97,0,19
29.466,HRV,104,2,12553565,g4/13mA/13mA,78,97,0,19
29.466,HRV,104,3,13989270,g4/13mA/13mA,78,97,0,19
29.466,HRV,105,0,15140682,g5/13mA/13mA,78,97,0,19
29.466,HRV,105,1,14742205,g4/13mA/13mA,78,97,0,19
29.467,HRV,105,2,12552942,g4/13mA/13mA,78,97,0,19
29.467,HRV,105,3,13988264,g4/13mA/13mA,78,97,0,19
29.467,HRV,106,0,15142509,g5/13mA/13mA,78,97,0,19
29.467,HRV,106,1,14743518,g4/13mA/13mA,78,97,0,19
29.467,HRV,106,2,12554085,g4/13mA/13mA,78,97,0,19
29.467,HRV,106,3,13989399,g4/13mA/13mA,78,97,0,19
29.495,HRV,107,0,15143258,g5/13mA/13mA,78,97,0,19
29.495,HRV,107,1,14743706,g4/13mA/13mA,78,97,0,19
29.495,HRV,107,2,12554205,g4/13mA/13mA,78,97,0,19
29.495,HRV,107,3,13989691,g4/13mA/13mA,78,97,0,19
29.495,HRV,108,0,15141126,g5/13mA/13mA,78,97,0,19
29.495,HRV,108,1,14742427,g4/13mA/13mA,78,97,0,19
29.495,HRV,108,2,12553282,g4/13mA/13mA,78,97,0,19
29.495,HRV,108,3,13988818,g4/13mA/13mA,78,97,0,19
29.495,HRV,109,0,15140931,g5/13mA/13mA,78,97,0,19
29.495,HRV,109,1,14742418,g4/13mA/13mA,78,97,0,19
29.495,HRV,109,2,12553264,g4/13mA/13mA,78,97,0,19
29.495,HRV,109,3,13988614,g4/13mA/13mA,78,97,0,19
29.495,HRV,110,0,15141714,g5/13mA/13mA,78,97,0,19
29.495,HRV,110,1,14742939,g4/13mA/13mA,78,97,0,19
29.495,HRV,110,2,12553539,g4/13mA/13mA,78,97,0,19
29.495,HRV,110,3,13989032,g4/13mA/13mA,78,97,0,19
29.495,HRV,111,0,15140828,g5/13mA/13mA,78,97,0,19
29.495,HRV,111,1,14742427,g4/13mA/13mA,78,97,0,19
29.495,HRV,111,2,12553207,g4/13mA/13mA,78,97,0,19
29.495,HRV,111,3,13988384,g4/13mA/13mA,78,97,0,19
29.495,HRV,112,0,15141903,g5/13mA/13mA,78,97,0,19
29.495,HRV,112,1,14743152,g4/13mA/13mA,78,97,0,19
29.495,HRV,112,2,12553666,g4/13mA/13mA,78,97,0,19
29.495,HRV,112,3,13988733,g4/13mA/13mA,78,97,0,19
29.528,HRV,113,0,15140589,g5/13mA/13mA,78,97,0,19
29.528,HRV,113,1,14742043,g4/13mA/13mA,78,97,0,19
29.528,HRV,113,2,12552676,g4/13mA/13mA,78,97,0,19
29.528,HRV,113,3,13988332,g4/13mA/13mA,78,97,0,19
29.528,HRV,114,0,15140837,g5/13mA/13mA,78,97,0,19
29.528,HRV,114,1,14742528,g4/13mA/13mA,78,97,0,19
29.528,HRV,114,2,12553103,g4/13mA/13mA,78,97,0,19
29.528,HRV,114,3,13988546,g4/13mA/13mA,78,97,0,19
29.528,HRV,115,0,15140547,g5/13mA/13mA,78,97,0,19
29.528,HRV,115,1,14742376,g4/13mA/13mA,78,97,0,19
29.528,HRV,115,2,12552770,g4/13mA/13mA,78,97,0,19
29.528,HRV,115,3,13988614,g4/13mA/13mA,78,97,0,19
29.528,HRV,116,0,15140622,g5/13mA/13mA,78,97,0,19
29.528,HRV,116,1,14741985,g4/13mA/13mA,78,97,0,19
29.528,HRV,116,2,12552932,g4/13mA/13mA,78,97,0,19
29.528,HRV,116,3,13988648,g4/13mA/13mA,78,97,0,19
29.528,HRV,117,0,15143924,g5/13mA/13mA,78,97,0,19
29.528,HRV,117,1,14744260,g4/13mA/13mA,78,97,0,19
29.528,HRV,117,2,12554853,g4/13mA/13mA,78,97,0,19
29.528,HRV,117,3,13989986,g4/13mA/13mA,78,97,0,19
29.528,HRV,118,0,15138660,g5/13mA/13mA,78,97,0,19
29.528,HRV,118,1,14741029,g4/13mA/13mA,78,97,0,19
29.528,HRV,118,2,12551806,g4/13mA/13mA,78,97,0,19
29.528,HRV,118,3,13987797,g4/13mA/13mA,78,97,0,19
29.585,HRV,119,0,15142287,g5/13mA/13mA,78,97,0,19
29.586,HRV,119,1,14743332,g4/13mA/13mA,78,97,0,19
29.586,HRV,119,2,12553658,g4/13mA/13mA,78,97,0,19
29.586,HRV,119,3,13989280,g4/13mA/13mA,78,97,0,19
29.586,HRV,120,0,15140787,g5/13mA/13mA,78,97,0,19
29.586,HRV,120,1,14742427,g4/13mA/13mA,78,97,0,19
29.586,HRV,120,2,12552857,g4/13mA/13mA,78,97,0,19
29.586,HRV,120,3,13988282,g4/13mA/13mA,78,97,0,19
29.586,HRV,121,0,15141100,g5/13mA/13mA,78,97,0,19
29.586,HRV,121,1,14742657,g4/13mA/13mA,78,97,0,19
29.586,HRV,121,2,12553249,g4/13mA/13mA,78,97,0,19
29.586,HRV,121,3,13988623,g4/13mA/13mA,78,97,0,19
29.586,HRV,122,0,15141382,g5/13mA/13mA,78,97,0,19
29.586,HRV,122,1,14742334,g4/13mA/13mA,78,97,0,19
29.586,HRV,122,2,12552967,g4/13mA/13mA,78,97,0,19
29.586,HRV,122,3,13988853,g4/13mA/13mA,78,97,0,19
29.586,HRV,123,0,15140896,g5/13mA/13mA,78,97,0,19
29.586,HRV,123,1,14742410,g4/13mA/13mA,78,97,0,19
29.586,HRV,123,2,12553146,g4/13mA/13mA,78,97,0,19
29.586,HRV,123,3,13988538,g4/13mA/13mA,78,97,0,19
29.586,HRV,124,0,15139635,g5/13mA/13mA,78,97,0,19
29.586,HRV,124,1,14741925,g4/13mA/13mA,78,97,0,19
29.586,HRV,124,2,12552676,g4/13mA/13mA,78,97,0,19
29.586,HRV,124,3,13987966,g4/13mA/13mA,78,97,0,19
29.616,SPO2,91,0,12974718,g1/60mA/0mA,78,97,0,19
29.616,SPO2,91,1,12229459,g1/25mA/0mA,78,97,0,19
29.616,SPO2,92,0,12976443,g1/60mA/0mA,78,97,0,19
29.616,SPO2,92,1,12230280,g1/25mA/0mA,78,97,0,19
29.616,SPO2,93,0,12975368,g1/60mA/0mA,78,97,0,19
29.616,SPO2,93,1,12229760,g1/25mA/0mA,78,97,0,19
29.616,SPO2,94,0,12975925,g1/60mA/0mA,78,97,0,19
29.616,SPO2,94,1,12229959,g1/25mA/0mA,78,97,0,19
29.616,SPO2,95,0,12975690,g1/60mA/0mA,78,97,0,19
29.616,SPO2,95,1,12229941,g1/25mA/0mA,78,97,0,19
29.616,SPO2,96,0,12975833,g1/60mA/0mA,78,97,0,19
29.616,SPO2,96,1,12229893,g1/25mA/0mA,78,97,0,19
29.616,SPO2,97,0,12974823,g1/60mA/0mA,78,97,0,19
29.616,SPO2,97,1,12229344,g1/25mA/0mA,78,97,0,19
29.645,SPO2,98,0,12976563,g1/60mA/0mA,78,97,0,19
29.645,SPO2,98,1,12230401,g1/25mA/0mA,78,97,0,19
29.645,SPO2,99,0,12975251,g1/60mA/0mA,78,97,0,19
29.645,SPO2,99,1,12229706,g1/25mA/0mA,78,97,0,19
29.645,SPO2,100,0,12976494,g1/60mA/0mA,78,97,0,19
29.645,SPO2,100,1,12230204,g1/25mA/0mA,78,97,0,19
29.645,SPO2,101,0,12974941,g1/60mA/0mA,78,97,0,19
29.645,SPO2,101,1,12229769,g1/25mA/0mA,78,97,0,19
29.645,SPO2,102,0,12976551,g1/60mA/0mA,78,97,0,19
29.645,SPO2,102,1,12230274,g1/25mA/0mA,78,97,0,19
29.645,SPO2,103,0,12975233,g1/60mA/0mA,78,97,0,19
29.645,SPO2,103,1,12229660,g1/25mA/0mA,78,97,0,19
29.737,SPO2,104,0,12976406,g1/60mA/0mA,78,97,0,19
29.737,SPO2,104,1,12230487,g1/25mA/0mA,78,97,0,19
29.737,SPO2,105,0,12975090,g1/60mA/0mA,78,97,0,19
29.737,SPO2,105,1,12229580,g1/25mA/0mA,78,97,0,19
29.737,SPO2,106,0,12976843,g1/60mA/0mA,78,97,0,19
29.737,SPO2,106,1,12230534,g1/25mA/0mA,78,97,0,19
29.737,SPO2,107,0,12977049,g1/60mA/0mA,78,97,0,19
29.737,SPO2,107,1,12230634,g1/25mA/0mA,78,97,0,19
29.737,SPO2,108,0,12976062,g1/60mA/0mA,78,97,0,19
29.737,SPO2,108,1,12230077,g1/25mA/0mA,78,97,0,19
29.737,SPO2,109,0,12975308,g1/60mA/0mA,78,97,0,19
29.737,SPO2,109,1,12229749,g1/25mA/0mA,78,97,0,19
29.737,SPO2,110,0,12976103,g1/60mA/0mA,78,97,0,19
29.737,SPO2,110,1,12230080,g1/25mA/0mA,78,97,0,19
29.762,SPO2,111,0,12975199,g1/60mA/0mA,78,97,0,19
29.762,SPO2,111,1,12229508,g1/25mA/0mA,78,97,0,19
29.762,SPO2,112,0,12976100,g1/60mA/0mA,78,97,0,19
29.762,SPO2,112,1,12230054,g1/25mA/0mA,78,97,0,19
29.762,SPO2,113,0,12975210,g1/60mA/0mA,78,97,0,19
29.762,SPO2,113,1,12229673,g1/25mA/0mA,78,97,0,19
29.762,SPO2,114,0,12975447,g1/60mA/0mA,78,97,0,19
29.762,SPO2,114,1,12229713,g1/25mA/0mA,78,97,0,19
29.762,SPO2,115,0,12975269,g1/60mA/0mA,78,97,0,19
29.762,SPO2,115,1,12229578,g1/25mA/0mA,78,97,0,19
29.762,SPO2,116,0,12975666,g1/60mA/0mA,78,97,0,19
29.762,SPO2,116,1,12229989,g1/25mA/0mA,78,97,0,19
29.762,SPO2,117,0,12977717,g1/60mA/0mA,78,97,0,19
29.762,SPO2,117,1,12230774,g1/25mA/0mA,78,97,0,19
29.762,SPO2,118,0,12974485,g1/60mA/0mA,78,97,0,19
29.762,SPO2,118,1,12229523,g1/25mA/0mA,78,97,0,19
29.794,SPO2,119,0,12976757,g1/60mA/0mA,78,97,0,19
29.794,SPO2,119,1,12230715,g1/25mA/0mA,78,97,0,19
29.794,SPO2,120,0,12975457,g1/60mA/0mA,78,97,0,19
29.794,SPO2,120,1,12229861,g1/25mA/0mA,78,97,0,19
29.794,SPO2,121,0,12975892,g1/60mA/0mA,78,97,0,19
29.794,SPO2,121,1,12230293,g1/25mA/0mA,78,97,0,19
29.794,SPO2,122,0,12975362,g1/60mA/0mA,78,97,0,19
29.794,SPO2,122,1,12229604,g1/25mA/0mA,78,97,0,19
29.794,SPO2,123,0,12975469,g1/60mA/0mA,78,97,0,19
29.794,SPO2,123,1,12229780,g1/25mA/0mA,78,97,0,19
29.794,SPO2,124,0,12974915,g1/60mA/0mA,78,97,0,19
29.794,SPO2,124,1,12229546,g1/25mA/0mA,78,97,0,19
30.848,HR,125,0,15140453,g5/13mA/13mA,78,97,0,19
30.848,HR,125,1,14742546,g4/13mA/13mA,78,97,0,19
30.848,HR,125,2,12553087,g4/13mA/13mA,78,97,0,19
30.848,HR,125,3,13988570,g4/13mA/13mA,78,97,0,19
30.848,HR,126,0,15140529,g5/13mA/13mA,78,97,0,19
30.848,HR,126,1,14742922,g4/13mA/13mA,78,97,0,19
30.848,HR,126,2,12553146,g4/13mA/13mA,78,97,0,19
30.848,HR,126,3,13988581,g4/13mA/13mA,78,97,0,19
30.848,HR,127,0,15143123,g5/13mA/13mA,78,97,0,19
30.848,HR,127,1,14744014,g4/13mA/13mA,78,97,0,19
30.848,HR,127,2,12554324,g4/13mA/13mA,78,97,0,19
30.848,HR,127,3,13989843,g4/13mA/13mA,78,97,0,19
30.848,HR,128,0,15139199,g5/13mA/13mA,78,97,0,19
30.848,HR,128,1,14741420,g4/13mA/13mA,78,97,0,19
30.848,HR,128,2,12552107,g4/13mA/13mA,78,97,0,19
30.848,HR,128,3,13987693,g4/13mA/13mA,78,97,0,19
30.848,HR,129,0,15142320,g5/13mA/13mA,78,97,0,19
30.848,HR,129,1,14743425,g4/13mA/13mA,78,97,0,19
30.848,HR,129,2,12554179,g4/13mA/13mA,78,97,0,19
30.848,HR,129,3,13989366,g4/13mA/13mA,78,97,0,19
30.936,HR,130,0,15140136,g5/13mA/13mA,78,97,0,19
30.936,HR,130,1,14742291,g4/13mA/13mA,78,97,0,19
30.936,HR,130,2,12552992,g4/13mA/13mA,78,97,0,19
30.936,HR,130,3,13988426,g4/13mA/13mA,78,97,0,19
30.936,HR,131,0,15142456,g5/13mA/13mA,78,97,0,19
30.936,HR,131,1,14743654,g4/13mA/13mA,78,97,0,19
30.936,HR,131,2,12554186,g4/13mA/13mA,78,97,0,19
30.936,HR,131,3,13989664,g4/13mA/13mA,78,97,0,19
30.936,HR,132,0,15141205,g5/13mA/13mA,78,97,0,19
30.936,HR,132,1,14742427,g4/13mA/13mA,78,97,0,19
30.936,HR,132,2,12553240,g4/13mA/13mA,78,97,0,19
30.936,HR,132,3,13988920,g4/13mA/13mA,78,97,0,19
30.936,HR,133,0,15141894,g5/13mA/13mA,78,97,0,19
30.936,HR,133,1,14743032,g4/13mA/13mA,78,97,0,19
30.936,HR,133,2,12553708,g4/13mA/13mA,78,97,0,19
30.936,HR,133,3,13989075,g4/13mA/13mA,78,97,0,19
30.936,HR,134,0,15139933,g5/13mA/13mA,78,97,0,19
30.936,HR,134,1,14741763,g4/13mA/13mA,78,97,0,19
30.936,HR,134,2,12552405,g4/13mA/13mA,78,97,0,19
30.936,HR,134,3,13988042,g4/13mA/13mA,78,97,0,19
30.936,HR,135,0,15141861,g5/13mA/13mA,78,97,0,19
30.936,HR,135,1,14742648,g4/13mA/13mA,78,97,0,19
30.936,HR,135,2,12553599,g4/13mA/13mA,78,97,0,19
30.936,HR,135,3,13988991,g4/13mA/13mA,78,97,0,19
30.960,HR,136,0,15140298,g5/13mA/13mA,78,97,0,19
30.960,HR,136,1,14742418,g4/13mA/13mA,78,97,0,19
30.960,HR,136,2,12553128,g4/13mA/13mA,78,97,0,19
30.960,HR,136,3,13988641,g4/13mA/13mA,78,97,0,19
30.960,HR,137,0,15141928,g5/13mA/13mA,78,97,0,19
30.960,HR,137,1,14743213,g4/13mA/13mA,78,97,0,19
30.960,HR,137,2,12553769,g4/13mA/13mA,78,97,0,19
30.960,HR,137,3,13988981,g4/13mA/13mA,78,97,0,19
30.960,HR,138,0,15140751,g5/13mA/13mA,78,97,0,19
30.960,HR,138,1,14742564,g4/13mA/13mA,78,97,0,19
30.960,HR,138,2,12553078,g4/13mA/13mA,78,97,0,19
30.960,HR,138,3,13988563,g4/13mA/13mA,78,97,0,19
30.960,HR,139,0,15141578,g5/13mA/13mA,78,97,0,19
30.960,HR,139,1,14743161,g4/13mA/13mA,78,97,0,19
30.960,HR,139,2,12553572,g4/13mA/13mA,78,97,0,19
30.960,HR,139,3,13989093,g4/13mA/13mA,78,97,0,19
30.960,HR,140,0,15140896,g5/13mA/13mA,78,97,0,19
30.960,HR,140,1,14742359,g4/13mA/13mA,78,97,0,19
30.960,HR,140,2,12553019,g4/13mA/13mA,78,97,0,19
30.960,HR,140,3,13988596,g4/13mA/13mA,78,97,0,19
30.960,HR,141,0,15141595,g5/13mA/13mA,78,97,0,19
30.960,HR,141,1,14742753,g4/13mA/13mA,78,97,0,19
30.960,HR,141,2,12553572,g4/13mA/13mA,78,97,0,19
30.960,HR,141,3,13989153,g4/13mA/13mA,78,97,0,19
30.965,HR,142,0,15140453,g5/13mA/13mA,78,97,0,19
30.965,HR,142,1,14742486,g4/13mA/13mA,78,97,0,19
30.965,HR,142,2,12552992,g4/13mA/13mA,78,97,0,19
30.965,HR,142,3,13988691,g4/13mA/13mA,78,97,0,19
30.965,HR,143,0,15142226,g5/13mA/13mA,78,97,0,19
30.965,HR,143,1,14743545,g4/13mA/13mA,78,97,0,19
30.965,HR,143,2,12553975,g4/13mA/13mA,78,97,0,19
30.965,HR,143,3,13989357,g4/13mA/13mA,78,97,0,19
30.965,HR,144,0,15141732,g5/13mA/13mA,78,97,0,19
30.965,HR,144,1,14742845,g4/13mA/13mA,78,97,0,19
30.965,HR,144,2,12553488,g4/13mA/13mA,78,97,0,19
30.965,HR,144,3,13989186,g4/13mA/13mA,78,97,0,19
30.965,HR,145,0,15140512,g5/13mA/13mA,78,97,0,19
30.965,HR,145,1,14742445,g4/13mA/13mA,78,97,0,19
30.965,HR,145,2,12553094,g4/13mA/13mA,78,97,0,19
30.965,HR,145,3,13988555,g4/13mA/13mA,78,97,0,19
30.965,HR,146,0,15141586,g5/13mA/13mA,78,97,0,19
30.965,HR,146,1,14743178,g4/13mA/13mA,78,97,0,19
30.965,HR,146,2,12553539,g4/13mA/13mA,78,97,0,19
30.965,HR,146,3,13989108,g4/13mA/13mA,78,97,0,19
30.965,HR,147,0,15141639,g5/13mA/13mA,78,97,0,19
30.965,HR,147,1,14742828,g4/13mA/13mA,78,97,0,19
30.965,HR,147,2,12553521,g4/13mA/13mA,78,97,0,19
30.965,HR,147,3,13989111,g4/13mA/13mA,78,97,0,19
31.026,HR,148,0,15141996,g5/13mA/13mA,78,97,0,19
31.026,HR,148,1,14743127,g4/13mA/13mA,78,97,0,19
31.026,HR,148,2,12553666,g4/13mA/13mA,78,97,0,19
31.026,HR,148,3,13989093,g4/13mA/13mA,78,97,0,19
31.026,HR,149,0,15141903,g5/13mA/13mA,78,97,0,19
31.026,HR,149,1,14742990,g4/13mA/13mA,78,97,0,19
31.026,HR,149,2,12553572,g4/13mA/13mA,78,97,0,19
31.026,HR,149,3,13988920,g4/13mA/13mA,78,97,0,19
31.026,HR,150,0,15141067,g5/13mA/13mA,78,97,0,19
31.026,HR,150,1,14742538,g4/13mA/13mA,78,97,0,19
31.026,HR,150,2,12553173,g4/13mA/13mA,78,97,0,19
31.026,HR,150,3,13988818,g4/13mA/13mA,78,97,0,19
31.026,HR,151,0,15141451,g5/13mA/13mA,78,97,0,19
31.026,HR,151,1,14743025,g4/13mA/13mA,78,97,0,19
31.026,HR,151,2,12553572,g4/13mA/13mA,78,97,0,19
31.026,HR,151,3,13989153,g4/13mA/13mA,78,97,0,19
31.026,HR,152,0,15141817,g5/13mA/13mA,78,96,0,19
31.026,HR,152,1,14743059,g4/13mA/13mA,78,96,0,19
31.026,HR,152,2,12553599,g4/13mA/13mA,78,96,0,19
31.026,HR,152,3,13989075,g4/13mA/13mA,78,96,0,19
31.086,HR,153,0,15140615,g5/13mA/13mA,78,96,0,19
31.086,HR,153,1,14742495,g4/13mA/13mA,78,96,0,19
31.086,HR,153,2,12553360,g4/13mA/13mA,78,96,0,19
31.086,HR,153,3,13988641,g4/13mA/13mA,78,96,0,19
31.086,HR,154,0,15141766,g5/13mA/13mA,78,96,0,19
31.086,HR,154,1,14743401,g4/13mA/13mA,78,96,0,19
31.086,HR,154,2,12553828,g4/13mA/13mA,78,96,0,19
31.086,HR,154,3,13989563,g4/13mA/13mA,78,96,0,19
31.086,HR,155,0,15141205,g5/13mA/13mA,78,96,0,19
31.086,HR,155,1,14742735,g4/13mA/13mA,78,96,0,19
31.086,HR,155,2,12553094,g4/13mA/13mA,78,96,0,19
31.086,HR,155,3,13988691,g4/13mA/13mA,78,96,0,19
31.086,HR,156,0,15141681,g5/13mA/13mA,78,96,0,19
31.086,HR,156,1,14742836,g4/13mA/13mA,78,96,0,19
31.086,HR,156,2,12553369,g4/13mA/13mA,78,96,0,19
31.086,HR,156,3,13989050,g4/13mA/13mA,78,96,0,19
31.086,HR,157,0,15143258,g5/13mA/13mA,78,96,0,19
31.086,HR,157,1,14743767,g4/13mA/13mA,78,96,0,19
31.086,HR,157,2,12554085,g4/13mA/13mA,78,96,0,19
31.086,HR,157,3,13989688,g4/13mA/13mA,78,96,0,19
31.086,HR,158,0,15140657,g5/13mA/13mA,78,96,0,19
31.086,HR,158,1,14742241,g4/13mA/13mA,78,96,0,19
31.086,HR,158,2,12553112,g4/13mA/13mA,78,96,0,19
31.086,HR,158,3,13988452,g4/13mA/13mA,78,96,0,19
31.113,HRV,125,0,15140453,g5/13mA/13mA,78,96,0,19
31.113,HRV,125,1,14742546,g4/13mA/13mA,78,96,0,19
31.113,HRV,125,2,12553087,g4/13mA/13mA,78,96,0,19
31.113,HRV,125,3,13988570,g4/13mA/13mA,78,96,0,19
31.113,HRV,126,0,15140529,g5/13mA/13mA,78,96,0,19
31.113,HRV,126,1,14742922,g4/13mA/13mA,78,96,0,19
31.113,HRV,126,2,12553146,g4/13mA/13mA,78,96,0,19
31.113,HRV,126,3,13988581,g4/13mA/13mA,78,96,0,19
31.113,HRV,127,0,15143123,g5/13mA/13mA,78,96,0,19
31.113,HRV,127,1,14744014,g4/13mA/13mA,78,96,0,19
31.113,HRV,127,2,12554324,g4/13mA/13mA,78,96,0,19
31.113,HRV,127,3,13989843,g4/13mA/13mA,78,96,0,19
31.113,HRV,128,0,15139199,g5/13mA/13mA,78,96,0,19
31.113,HRV,128,1,14741420,g4/13mA/13mA,78,96,0,19
31.113,HRV,128,2,12552107,g4/13mA/13mA,78,96,0,19
31.113,HRV,128,3,13987693,g4/13mA/13mA,78,96,0,19
31.113,HRV,129,0,15142320,g5/13mA/13mA,78,96,0,19
31.113,HRV,129,1,14743425,g4/13mA/13mA,78,96,0,19
31.113,HRV,129,2,12554179,g4/13mA/13mA,78,96,0,19
31.113,HRV,129,3,13989366,g4/13mA/13mA,78,96,0,19
31.145,HRV,130,0,15140136,g5/13mA/13mA,78,96,0,19
31.146,HRV,130,1,14742291,g4/13mA/13mA,78,96,0,19
31.146,HRV,130,2,12552992,g4/13mA/13mA,78,96,0,19
31.146,HRV,130,3,13988426,g4/13mA/13mA,78,96,0,19
31.146,HRV,131,0,15142456,g5/13mA/13mA,78,96,0,19
31.146,HRV,131,1,14743654,g4/13mA/13mA,78,96,0,19
31.146,HRV,131,2,12554186,g4/13mA/13mA,78,96,0,19
31.146,HRV,131,3,13989664,g4/13mA/13mA,78,96,0,19
31.146,HRV,132,0,15141205,g5/13mA/13mA,78,96,0,19
31.146,HRV,132,1,14742427,g4/13mA/13mA,78,96,0,19
31.146,HRV,132,2,12553240,g4/13mA/13mA,78,96,0,19
31.146,HRV,132,3,13988920,g4/13mA/13mA,78,96,0,19
31.146,HRV,133,0,15141894,g5/13mA/13mA,78,96,0,19
31.146,HRV,133,1,14743032,g4/13mA/13mA,78,96,0,19
31.146,HRV,133,2,12553708,g4/13mA/13mA,78,96,0,19
31.146,HRV,133,3,13989075,g4/13mA/13mA,78,96,0,19
31.146,HRV,134,0,15139933,g5/13mA/13mA,78,96,0,19
31.146,HRV,134,1,14741763,g4/13mA/13mA,78,96,0,19
31.146,HRV,134,2,12552405,g4/13mA/13mA,78,96,0,19
31.146,HRV,134,3,13988042,g4/13mA/13mA,78,96,0,19
31.146,HRV,135,0,15141861,g5/13mA/13mA,78,96,0,19
31.146,HRV,135,1,14742648,g4/13mA/13mA,78,96,0,19
31.146,HRV,135,2,12553599,g4/13mA/13mA,78,96,0,19
31.146,HRV,135,3,13988991,g4/13mA/13mA,78,96,0,19
31.176,HRV,136,0,15140298,g5/13mA/13mA,78,96,0,19
31.176,HRV,136,1,14742418,g4/13mA/13mA,78,96,0,19
31.176,HRV,136,2,12553128,g4/13mA/13mA,78,96,0,19
31.176,HRV,136,3,13988641,g4/13mA/13mA,78,96,0,19
31.176,HRV,137,0,15141928,g5/13mA/13mA,78,96,0,19
31.176,HRV,137,1,14743213,g4/13mA/13mA,78,96,0,19
31.176,HRV,137,2,12553769,g4/13mA/13mA,78,96,0,19
31.176,HRV,137,3,13988981,g4/13mA/13mA,78,96,0,19
31.176,HRV,138,0,15140751,g5/13mA/13mA,78,96,0,19
31.176,HRV,138,1,14742564,g4/13mA/13mA,78,96,0,19
31.176,HRV,138,2,12553078,g4/13mA/13mA,78,96,0,19
31.176,HRV,138,3,13988563,g4/13mA/13mA,78,96,0,19
31.176,HRV,139,0,15141578,g5/13mA/13mA,78,96,0,19
31.176,HRV,139,1,14743161,g4/13mA/13mA,78,96,0,19
31.176,HRV,139,2,12553572,g4/13mA/13mA,78,96,0,19
31.176,HRV,139,3,13989093,g4/13mA/13mA,78,96,0,19
31.176,HRV,140,0,15140896,g5/13mA/13mA,78,96,0,19
31.176,HRV,140,1,14742359,g4/13mA/13mA,78,96,0,19
31.176,HRV,140,2,12553019,g4/13mA/13mA,78,96,0,19
31.176,HRV,140,3,13988596,g4/13mA/13mA,78,96,0,19
31.176,HRV,141,0,15141595,g5/13mA/13mA,78,96,0,19
31.176,HRV,141,1,14742753,g4/13mA/13mA,78,96,0,19
31.176,HRV,141,2,12553572,g4/13mA/13mA,78,96,0,19
31.176,HRV,141,3,13989153,g4/13mA/13mA,78,96,0,19
31.237,HRV,142,0,15140453,g5/13mA/13mA,78,96,0,19
31.237,HRV,142,1,14742486,g4/13mA/13mA,78,96,0,19
31.237,HRV,142,2,12552992,g4/13mA/13mA,78,96,0,19
31.237,HRV,142,3,13988691,g4/13mA/13mA,78,96,0,19
31.237,HRV,143,0,15142226,g5/13mA/13mA,78,96,0,19
31.237,HRV,143,1,14743545,g4/13mA/13mA,78,96,0,19
31.237,HRV,143,2,12553975,g4/13mA/13mA,78,96,0,19
31.237,HRV,143,3,13989357,g4/13mA/13mA,78,96,0,19
31.237,HRV,144,0,15141732,g5/13mA/13mA,78,96,0,19
31.237,HRV,144,1,14742845,g4/13mA/13mA,78,96,0,19
31.237,HRV,144,2,12553488,g4/13mA/13mA,78,96,0,19
31.237,HRV,144,3,13989186,g4/13mA/13mA,78,96,0,19
31.237,HRV,145,0,15140512,g5/13mA/13mA,78,96,0,19
31.237,HRV,145,1,14742445,g4/13mA/13mA,78,96,0,19
31.237,HRV,145,2,12553094,g4/13mA/13mA,78,96,0,19
31.237,HRV,145,3,13988555,g4/13mA/13mA,78,96,0,19
31.237,HRV,146,0,15141586,g5/13mA/13mA,78,96,0,19
31.237,HRV,146,1,14743178,g4/13mA/13mA,78,96,0,19
31.237,HRV,146,2,12553539,g4/13mA/13mA,78,96,0,19
31.238,HRV,146,3,13989108,g4/13mA/13mA,78,96,0,19
31.238,HRV,147,0,15141639,g5/13mA/13mA,78,96,0,19
31.238,HRV,147,1,14742828,g4/13mA/13mA,78,96,0,19
31.238,HRV,147,2,12553521,g4/13mA/13mA,78,96,0,19
31.238,HRV,147,3,13989111,g4/13mA/13mA,78,96,0,19
31.266,HRV,148,0,15141996,g5/13mA/13mA,78,96,0,19
31.266,HRV,148,1,14743127,g4/13mA/13mA,78,96,0,19
31.266,HRV,148,2,12553666,g4/13mA/13mA,78,96,0,19
31.266,HRV,148,3,13989093,g4/13mA/13mA,78,96,0,19
31.266,HRV,149,0,15141903,g5/13mA/13mA,78,96,0,19
31.266,HRV,149,1,14742990,g4/13mA/13mA,78,96,0,19
31.266,HRV,149,2,12553572,g4/13mA/13mA,78,96,0,19
31.266,HRV,149,3,13988920,g4/13mA/13mA,78,96,0,19
31.266,HRV,150,0,15141067,g5/13mA/13mA,78,96,0,19
31.266,HRV,150,1,14742538,g4/13mA/13mA,78,96,0,19
31.266,HRV,150,2,12553173,g4/13mA/13mA,78,96,0,19
31.266,HRV,150,3,13988818,g4/13mA/13mA,78,96,0,19
31.266,HRV,151,0,15141451,g5/13mA/13mA,78,96,0,19
31.266,HRV,151,1,14743025,g4/13mA/13mA,78,96,0,19
31.266,HRV,151,2,12553572,g4/13mA/13mA,78,96,0,19
31.266,HRV,151,3,13989153,g4/13mA/13mA,78,96,0,19
31.266,HRV,152,0,15141817,g5/13mA/13mA,78,96,0,19
31.266,HRV,152,1,14743059,g4/13mA/13mA,78,96,0,19
31.266,HRV,152,2,12553599,g4/13mA/13mA,78,96,0,19
31.266,HRV,152,3,13989075,g4/13mA/13mA,78,96,0,19
31.296,HRV,153,0,15140615,g5/13mA/13mA,78,96,0,19
31.296,HRV,153,1,14742495,g4/13mA/13mA,78,96,0,19
31.296,HRV,153,2,12553360,g4/13mA/13mA,78,96,0,19
31.296,HRV,153,3,13988641,g4/13mA/13mA,78,96,0,19
31.296,HRV,154,0,15141766,g5/13mA/13mA,78,96,0,19
31.296,HRV,154,1,14743401,g4/13mA/13mA,78,96,0,19
31.296,HRV,154,2,12553828,g4/13mA/13mA,78,96,0,19
31.296,HRV,154,3,13989563,g4/13mA/13mA,78,96,0,19
31.296,HRV,155,0,15141205,g5/13mA/13mA,78,96,0,19
31.296,HRV,155,1,14742735,g4/13mA/13mA,78,96,0,19
31.296,HRV,155,2,12553094,g4/13mA/13mA,78,96,0,19
31.296,HRV,155,3,13988691,g4/13mA/13mA,78,96,0,19
31.297,HRV,156,0,15141681,g5/13mA/13mA,78,96,0,19
31.297,HRV,156,1,14742836,g4/13mA/13mA,78,96,0,19
31.297,HRV,156,2,12553369,g4/13mA/13mA,78,96,0,19
31.297,HRV,156,3,13989050,g4/13mA/13mA,78,96,0,19
31.297,HRV,157,0,15143258,g5/13mA/13mA,78,96,0,19
31.297,HRV,157,1,14743767,g4/13mA/13mA,78,96,0,19
31.297,HRV,157,2,12554085,g4/13mA/13mA,78,96,0,19
31.297,HRV,157,3,13989688,g4/13mA/13mA,78,96,0,19
31.297,HRV,158,0,15140657,g5/13mA/13mA,78,96,0,19
31.297,HRV,158,1,14742241,g4/13mA/13mA,78,96,0,19
31.297,HRV,158,2,12553112,g4/13mA/13mA,78,96,0,19
31.297,HRV,158,3,13988452,g4/13mA/13mA,78,96,0,19
31.358,SPO2,125,0,12975441,g1/60mA/0mA,78,96,0,19
31.358,SPO2,125,1,12229849,g1/25mA/0mA,78,96,0,19
31.358,SPO2,126,0,12976131,g1/60mA/0mA,78,96,0,19
31.358,SPO2,126,1,12230353,g1/25mA/0mA,78,96,0,19
31.358,SPO2,127,0,12977262,g1/60mA/0mA,78,96,0,19
31.358,SPO2,127,1,12230654,g1/25mA/0mA,78,96,0,19
31.358,SPO2,128,0,12974354,g1/60mA/0mA,78,96,0,19
31.358,SPO2,128,1,12229350,g1/25mA/0mA,78,96,0,19
31.358,SPO2,129,0,12976371,g1/60mA/0mA,78,96,0,19
31.358,SPO2,129,1,12230195,g1/25mA/0mA,78,96,0,19
31.358,SPO2,130,0,12975401,g1/60mA/0mA,78,96,0,19
31.358,SPO2,130,1,12229933,g1/25mA/0mA,78,96,0,19
31.386,SPO2,131,0,12976527,g1/60mA/0mA,78,96,0,19
31.386,SPO2,131,1,12230309,g1/25mA/0mA,78,96,0,19
31.386,SPO2,132,0,12975988,g1/60mA/0mA,78,96,0,19
31.386,SPO2,132,1,12230195,g1/25mA/0mA,78,96,0,19
31.386,SPO2,133,0,12976007,g1/60mA/0mA,78,96,0,19
31.386,SPO2,133,1,12230215,g1/25mA/0mA,78,96,0,19
31.386,SPO2,134,0,12974562,g1/60mA/0mA,78,96,0,19
31.386,SPO2,134,1,12229311,g1/25mA/0mA,78,96,0,19
31.386,SPO2,135,0,12975906,g1/60mA/0mA,78,96,0,19
31.386,SPO2,135,1,12230167,g1/25mA/0mA,78,96,0,19
31.386,SPO2,136,0,12975391,g1/60mA/0mA,78,96,0,19
31.386,SPO2,136,1,12229705,g1/25mA/0mA,78,96,0,19
31.386,SPO2,137,0,12976241,g1/60mA/0mA,78,96,0,19
31.386,SPO2,137,1,12230058,g1/25mA/0mA,78,96,0,19
31.386,SPO2,138,0,12975554,g1/60mA/0mA,78,96,0,19
31.386,SPO2,138,1,12229928,g1/25mA/0mA,78,96,0,19
31.834,SPO2,139,0,12976343,g1/60mA/0mA,78,96,0,19
31.834,SPO2,139,1,12230376,g1/25mA/0mA,78,96,0,19
31.834,SPO2,140,0,12975263,g1/60mA/0mA,78,96,0,19
31.834,SPO2,140,1,12229472,g1/25mA/0mA,78,96,0,19
31.834,SPO2,141,0,12976294,g1/60mA/0mA,78,96,0,19
31.834,SPO2,141,1,12230426,g1/25mA/0mA,78,96,0,19
31.834,SPO2,142,0,12975573,g1/60mA/0mA,78,96,0,19
31.834,SPO2,142,1,12229891,g1/25mA/0mA,78,96,0,19
31.834,SPO2,143,0,12976433,g1/60mA/0mA,78,96,0,19
31.834,SPO2,143,1,12230227,g1/25mA/0mA,78,96,0,19
31.834,SPO2,144,0,12976312,g1/60mA/0mA,78,96,0,19
31.834,SPO2,144,1,12230204,g1/25mA/0mA,78,96,0,19
31.834,SPO2,145,0,12975218,g1/60mA/0mA,78,96,0,19
31.834,SPO2,145,1,12229611,g1/25mA/0mA,78,96,0,19
31.865,SPO2,146,0,12976253,g1/60mA/0mA,78,96,0,19
31.865,SPO2,146,1,12230270,g1/25mA/0mA,78,96,0,19
31.865,SPO2,147,0,12975955,g1/60mA/0mA,78,96,0,19
31.865,SPO2,147,1,12230044,g1/25mA/0mA,78,96,0,19
31.865,SPO2,148,0,12976107,g1/60mA/0mA,78,96,0,19
31.865,SPO2,148,1,12229987,g1/25mA/0mA,78,96,0,19
31.865,SPO2,149,0,12976107,g1/60mA/0mA,78,96,0,19
31.865,SPO2,149,1,12230177,g1/25mA/0mA,78,96,0,19
31.865,SPO2,150,0,12975725,g1/60mA/0mA,78,96,0,19
31.865,SPO2,150,1,12229924,g1/25mA/0mA,78,96,0,19
31.865,SPO2,151,0,12975812,g1/60mA/0mA,78,96,0,19
31.865,SPO2,151,1,12229874,g1/25mA/0mA,78,96,0,19
31.927,SPO2,152,0,12976064,g1/60mA/0mA,78,96,0,19
31.927,SPO2,152,1,12230085,g1/25mA/0mA,78,96,0,19
31.927,SPO2,153,0,12975332,g1/60mA/0mA,78,96,0,19
31.927,SPO2,153,1,12229783,g1/25mA/0mA,78,96,0,19
31.927,SPO2,154,0,12976332,g1/60mA/0mA,78,96,0,19
31.927,SPO2,154,1,12230336,g1/25mA/0mA,78,96,0,19
31.927,SPO2,155,0,12975367,g1/60mA/0mA,78,96,0,19
31.927,SPO2,155,1,12229511,g1/25mA/0mA,78,96,0,19
31.927,SPO2,156,0,12976028,g1/60mA/0mA,78,96,0,19
31.927,SPO2,156,1,12230097,g1/25mA/0mA,78,96,0,19
31.927,SPO2,157,0,12976935,g1/60mA/0mA,78,96,0,19
31.927,SPO2,157,1,12230452,g1/25mA/0mA,78,96,0,19
31.951,SPO2,158,0,12975601,g1/60mA/0mA,78,96,0,19
31.951,SPO2,158,1,12230063,g1/25mA/0mA,78,96,0,19
32.015,HR,159,0,15141093,g5/13mA/13mA,78,96,0,19
32.015,HR,159,1,14742403,g4/13mA/13mA,78,96,0,19
32.015,HR,159,2,12553189,g4/13mA/13mA,78,96,0,19
32.015,HR,159,3,13988528,g4/13mA/13mA,78,96,0,19
32.015,HR,160,0,15141706,g5/13mA/13mA,78,96,0,19
32.015,HR,160,1,14743042,g4/13mA/13mA,78,96,0,19
32.015,HR,160,2,12553648,g4/13mA/13mA,78,96,0,19
32.015,HR,160,3,13989239,g4/13mA/13mA,78,96,0,19
32.015,HR,161,0,15141400,g5/13mA/13mA,78,96,0,19
32.015,HR,161,1,14742400,g4/13mA/13mA,78,96,0,19
32.015,HR,161,2,12553189,g4/13mA/13mA,78,96,0,19
32.015,HR,161,3,13988698,g4/13mA/13mA,78,96,0,19
32.015,HR,162,0,15141563,g5/13mA/13mA,78,96,0,19
32.015,HR,162,1,14742965,g4/13mA/13mA,78,96,0,19
32.015,HR,162,2,12553308,g4/13mA/13mA,78,96,0,19
32.015,HR,162,3,13988878,g4/13mA/13mA,78,96,0,19
32.015,HR,163,0,15141876,g5/13mA/13mA,78,96,0,19
32.015,HR,163,1,14743263,g4/13mA/13mA,78,96,0,19
32.015,HR,163,2,12553742,g4/13mA/13mA,78,96,0,19
32.015,HR,163,3,13989382,g4/13mA/13mA,78,96,0,19
32.015,HR,164,0,15140784,g5/13mA/13mA,78,96,0,19
32.015,HR,164,1,14742972,g4/13mA/13mA,78,96,0,19
32.015,HR,164,2,12553590,g4/13mA/13mA,78,96,0,19
32.015,HR,164,3,13989143,g4/13mA/13mA,78,96,0,19
32.045,HR,165,0,15142312,g5/13mA/13mA,78,96,0,19
32.045,HR,165,1,14743281,g4/13mA/13mA,78,96,0,19
32.045,HR,165,2,12553896,g4/13mA/13mA,78,96,0,19
32.045,HR,165,3,13989255,g4/13mA/13mA,78,96,0,19
32.045,HR,166,0,15141221,g5/13mA/13mA,78,96,0,19
32.045,HR,166,1,14742777,g4/13mA/13mA,78,96,0,19
32.045,HR,166,2,12553240,g4/13mA/13mA,78,96,0,19
32.045,HR,166,3,13989135,g4/13mA/13mA,78,96,0,19
32.045,HR,167,0,15142798,g5/13mA/13mA,78,96,0,19
32.045,HR,167,1,14743706,g4/13mA/13mA,78,96,0,19
32.045,HR,167,2,12553975,g4/13mA/13mA,78,96,0,19
32.045,HR,167,3,13989621,g4/13mA/13mA,78,96,0,19
32.045,HR,168,0,15141126,g5/13mA/13mA,78,96,0,19
32.045,HR,168,1,14742495,g4/13mA/13mA,78,96,0,19
32.045,HR,168,2,12553146,g4/13mA/13mA,78,96,0,19
32.045,HR,168,3,13988495,g4/13mA/13mA,78,96,0,19
32.045,HR,169,0,15142362,g5/13mA/13mA,78,96,0,19
32.045,HR,169,1,14743450,g4/13mA/13mA,78,96,0,19
32.045,HR,169,2,12553769,g4/13mA/13mA,78,96,0,19
32.045,HR,169,3,13989195,g4/13mA/13mA,78,96,0,19
32.045,HR,170,0,15140649,g5/13mA/13mA,78,96,0,19
32.045,HR,170,1,14742163,g4/13mA/13mA,78,96,0,19
32.045,HR,170,2,12552974,g4/13mA/13mA,78,96,0,19
32.045,HR,170,3,13988537,g4/13mA/13mA,78,96,0,19
32.075,HR,171,0,15141989,g5/13mA/13mA,78,96,0,19
32.075,HR,171,1,14743092,g4/13mA/13mA,78,96,0,19
32.075,HR,171,2,12553590,g4/13mA/13mA,78,96,0,19
32.075,HR,171,3,13989160,g4/13mA/13mA,78,96,0,19
32.075,HR,172,0,15141040,g5/13mA/13mA,78,96,0,19
32.075,HR,172,1,14742750,g4/13mA/13mA,78,96,0,19
32.075,HR,172,2,12553324,g4/13mA/13mA,78,96,0,19
32.075,HR,172,3,13988810,g4/13mA/13mA,78,96,0,19
32.075,HR,173,0,15140862,g5/13mA/13mA,78,96,0,19
32.075,HR,173,1,14742256,g4/13mA/13mA,78,96,0,19
32.075,HR,173,2,12553087,g4/13mA/13mA,78,96,0,19
32.075,HR,173,3,13988068,g4/13mA/13mA,78,96,0,19
32.075,HR,174,0,15139292,g5/13mA/13mA,78,96,0,19
32.075,HR,174,1,14741473,g4/13mA/13mA,78,96,0,19
32.075,HR,174,2,12552141,g4/13mA/13mA,78,96,0,19
32.075,HR,174,3,13988068,g4/13mA/13mA,78,96,0,19
32.075,HR,175,0,15142911,g5/13mA/13mA,78,96,0,19
32.075,HR,175,1,14743911,g4/13mA/13mA,78,96,0,19
32.075,HR,175,2,12554205,g4/13mA/13mA,78,96,0,19
32.075,HR,175,3,13989484,g4/13mA/13mA,78,96,0,19
32.075,HR,176,0,15140188,g5/13mA/13mA,78,96,0,19
32.075,HR,176,1,14742170,g4/13mA/13mA,78,96,0,19
32.075,HR,176,2,12552770,g4/13mA/13mA,78,96,0,19
32.075,HR,176,3,13988393,g4/13mA/13mA,78,96,0,19
32.134,HR,177,0,15141477,g5/13mA/13mA,78,97,0,19
32.134,HR,177,1,14742623,g4/13mA/13mA,78,97,0,19
32.134,HR,177,2,12553324,g4/13mA/13mA,78,97,0,19
32.134,HR,177,3,13988768,g4/13mA/13mA,78,97,0,19
32.134,HR,178,0,15140136,g5/13mA/13mA,78,97,0,19
32.134,HR,178,1,14741873,g4/13mA/13mA,78,97,0,19
32.134,HR,178,2,12552710,g4/13mA/13mA,78,97,0,19
32.134,HR,178,3,13988316,g4/13mA/13mA,78,97,0,19
32.134,HR,179,0,15142636,g5/13mA/13mA,78,97,0,19
32.134,HR,179,1,14743638,g4/13mA/13mA,78,97,0,19
32.134,HR,179,2,12553914,g4/13mA/13mA,78,97,0,19
32.134,HR,179,3,13989322,g4/13mA/13mA,78,97,0,19
32.134,HR,180,0,15140726,g5/13mA/13mA,78,97,0,19
32.134,HR,180,1,14742700,g4/13mA/13mA,78,97,0,19
32.134,HR,180,2,12553282,g4/13mA/13mA,78,97,0,19
32.134,HR,180,3,13988674,g4/13mA/13mA,78,97,0,19
32.134,HR,181,0,15141502,g5/13mA/13mA,78,97,0,19
32.134,HR,181,1,14742675,g4/13mA/13mA,78,97,0,19
32.134,HR,181,2,12553590,g4/13mA/13mA,78,97,0,19
32.134,HR,181,3,13988700,g4/13mA/13mA,78,97,0,19
32.165,HR,182,0,15141262,g5/13mA/13mA,78,97,0,19
32.165,HR,182,1,14742726,g4/13mA/13mA,78,97,0,19
32.165,HR,182,2,12553256,g4/13mA/13mA,78,97,0,19
32.165,HR,182,3,13988795,g4/13mA/13mA,78,97,0,19
32.165,HR,183,0,15142038,g5/13mA/13mA,78,97,0,19
32.165,HR,183,1,14743647,g4/13mA/13mA,78,97,0,19
32.165,HR,183,2,12553692,g4/13mA/13mA,78,97,0,19
32.165,HR,183,3,13989375,g4/13mA/13mA,78,97,0,19
32.165,HR,184,0,15140735,g5/13mA/13mA,78,97,0,19
32.165,HR,184,1,14742648,g4/13mA/13mA,78,97,0,19
32.165,HR,184,2,12552899,g4/13mA/13mA,78,97,0,19
32.165,HR,184,3,13988325,g4/13mA/13mA,78,97,0,19
32.165,HR,185,0,15142287,g5/13mA/13mA,78,97,0,19
32.165,HR,185,1,14743168,g4/13mA/13mA,78,97,0,19
32.165,HR,185,2,12553873,g4/13mA/13mA,78,97,0,19
32.165,HR,185,3,13989160,g4/13mA/13mA,78,97,0,19
32.165,HR,186,0,15141741,g5/13mA/13mA,78,97,0,19
32.165,HR,186,1,14743152,g4/13mA/13mA,78,97,0,19
32.165,HR,186,2,12553546,g4/13mA/13mA,78,97,0,19
32.165,HR,186,3,13989221,g4/13mA/13mA,78,97,0,19
32.165,HR,187,0,15140649,g5/13mA/13mA,78,97,0,19
32.165,HR,187,1,14742300,g4/13mA/13mA,78,97,0,19
32.165,HR,187,2,12553019,g4/13mA/13mA,78,97,0,19
32.165,HR,187,3,13988461,g4/13mA/13mA,78,97,0,19
32.193,HR,188,0,15142576,g5/13mA/13mA,78,97,0,19
32.193,HR,188,1,14743699,g4/13mA/13mA,78,97,0,19
32.193,HR,188,2,12553896,g4/13mA/13mA,78,97,0,19
32.193,HR,188,3,13989511,g4/13mA/13mA,78,97,0,19
32.193,HR,189,0,15140784,g5/13mA/13mA,78,97,0,19
32.193,HR,189,1,14742434,g4/13mA/13mA,78,97,0,19
32.193,HR,189,2,12553163,g4/13mA/13mA,78,97,0,19
32.193,HR,189,3,13988648,g4/13mA/13mA,78,97,0,19
32.193,HR,190,0,15142041,g5/13mA/13mA,78,97,0,19
32.193,HR,190,1,14743323,g4/13mA/13mA,78,97,0,19
32.193,HR,190,2,12553871,g4/13mA/13mA,78,97,0,19
32.193,HR,190,3,13989315,g4/13mA/13mA,78,97,0,19
32.193,HR,191,0,15142806,g5/13mA/13mA,78,97,0,19
32.193,HR,191,1,14743699,g4/13mA/13mA,78,97,0,19
32.193,HR,191,2,12553821,g4/13mA/13mA,78,97,0,19
32.193,HR,191,3,13989545,g4/13mA/13mA,78,97,0,19
32.193,HR,192,0,15141843,g5/13mA/13mA,78,97,0,19
32.193,HR,192,1,14742939,g4/13mA/13mA,78,97,0,19
32.193,HR,192,2,12553708,g4/13mA/13mA,78,97,0,19
32.193,HR,192,3,13989135,g4/13mA/13mA,78,97,0,19
32.257,HRV,159,0,15141093,g5/13mA/13mA,78,97,0,19
32.257,HRV,159,1,14742403,g4/13mA/13mA,78,97,0,19
32.257,HRV,159,2,12553189,g4/13mA/13mA,78,97,0,19
32.257,HRV,159,3,13988528,g4/13mA/13mA,78,97,0,19
32.257,HRV,160,0,15141706,g5/13mA/13mA,78,97,0,19
32.257,HRV,160,1,14743042,g4/13mA/13mA,78,97,0,19
32.257,HRV,160,2,12553648,g4/13mA/13mA,78,97,0,19
32.257,HRV,160,3,13989239,g4/13mA/13mA,78,97,0,19
32.257,HRV,161,0,15141400,g5/13mA/13mA,78,97,0,19
32.257,HRV,161,1,14742400,g4/13mA/13mA,78,97,0,19
32.257,HRV,161,2,12553189,g4/13mA/13mA,78,97,0,19
32.257,HRV,161,3,13988698,g4/13mA/13mA,78,97,0,19
32.257,HRV,162,0,15141563,g5/13mA/13mA,78,97,0,19
32.257,HRV,162,1,14742965,g4/13mA/13mA,78,97,0,19
32.257,HRV,162,2,12553308,g4/13mA/13mA,78,97,0,19
32.257,HRV,162,3,13988878,g4/13mA/13mA,78,97,0,19
32.257,HRV,163,0,15141876,g5/13mA/13mA,78,97,0,19
32.257,HRV,163,1,14743263,g4/13mA/13mA,78,97,0,19
32.257,HRV,163,2,12553742,g4/13mA/13mA,78,97,0,19
32.257,HRV,163,3,13989382,g4/13mA/13mA,78,97,0,19
32.257,HRV,164,0,15140784,g5/13mA/13mA,78,97,0,19
32.257,HRV,164,1,14742972,g4/13mA/13mA,78,97,0,19
32.257,HRV,164,2,12553590,g4/13mA/13mA,78,97,0,19
32.257,HRV,164,3,13989143,g4/13mA/13mA,78,97,0,19
32.285,HRV,165,0,15142312,g5/13mA/13mA,78,97,0,19
32.285,HRV,165,1,14743281,g4/13mA/13mA,78,97,0,19
32.285,HRV,165,2,12553896,g4/13mA/13mA,78,97,0,19
32.285,HRV,165,3,13989255,g4/13mA/13mA,78,97,0,19
32.285,HRV,166,0,15141221,g5/13mA/13mA,78,97,0,19
32.285,HRV,166,1,14742777,g4/13mA/13mA,78,97,0,19
32.285,HRV,166,2,12553240,g4/13mA/13mA,78,97,0,19
32.285,HRV,166,3,13989135,g4/13mA/13mA,78,97,0,19
32.285,HRV,167,0,15142798,g5/13mA/13mA,78,97,0,19
32.285,HRV,167,1,14743706,g4/13mA/13mA,78,97,0,19
32.285,HRV,167,2,12553975,g4/13mA/13mA,78,97,0,19
32.285,HRV,167,3,13989621,g4/13mA/13mA,78,97,0,19
32.285,HRV,168,0,15141126,g5/13mA/13mA,78,97,0,19
32.285,HRV,168,1,14742495,g4/13mA/13mA,78,97,0,19
32.285,HRV,168,2,12553146,g4/13mA/13mA,78,97,0,19
32.285,HRV,168,3,13988495,g4/13mA/13mA,78,97,0,19
32.285,HRV,169,0,15142362,g5/13mA/13mA,78,97,0,19
32.285,HRV,169,1,14743450,g4/13mA/13mA,78,97,0,19
32.285,HRV,169,2,12553769,g4/13mA/13mA,78,97,0,19
32.285,HRV,169,3,13989195,g4/13mA/13mA,78,97,0,19
32.285,HRV,170,0,15140649,g5/13mA/13mA,78,97,0,19
32.285,HRV,170,1,14742163,g4/13mA/13mA,78,97,0,19
32.285,HRV,170,2,12552974,g4/13mA/13mA,78,97,0,19
32.285,HRV,170,3,13988537,g4/13mA/13mA,78,97,0,19
32.314,HRV,171,0,15141989,g5/13mA/13mA,78,97,0,19
32.314,HRV,171,1,14743092,g4/13mA/13mA,78,97,0,19
32.314,HRV,171,2,12553590,g4/13mA/13mA,78,97,0,19
32.314,HRV,171,3,13989160,g4/13mA/13mA,78,97,0,19
32.314,HRV,172,0,15141040,g5/13mA/13mA,78,97,0,19
32.314,HRV,172,1,14742750,g4/13mA/13mA,78,97,0,19
32.314,HRV,172,2,12553324,g4/13mA/13mA,78,97,0,19
32.314,HRV,172,3,13988810,g4/13mA/13mA,78,97,0,19
32.314,HRV,173,0,15140862,g5/13mA/13mA,78,97,0,19
32.314,HRV,173,1,14742256,g4/13mA/13mA,78,97,0,19
32.314,HRV,173,2,12553087,g4/13mA/13mA,78,97,0,19
32.314,HRV,173,3,13988068,g4/13mA/13mA,78,97,0,19
32.314,HRV,174,0,15139292,g5/13mA/13mA,78,97,0,19
32.314,HRV,174,1,14741473,g4/13mA/13mA,78,97,0,19
32.314,HRV,174,2,12552141,g4/13mA/13mA,78,97,0,19
32.314,HRV,174,3,13988068,g4/13mA/13mA,78,97,0,19
32.314,HRV,175,0,15142911,g5/13mA/13mA,78,97,0,19
32.314,HRV,175,1,14743911,g4/13mA/13mA,78,97,0,19
32.314,HRV,175,2,12554205,g4/13mA/13mA,78,97,0,19
32.314,HRV,175,3,13989484,g4/13mA/13mA,78,97,0,19
32.314,HRV,176,0,15140188,g5/13mA/13mA,78,97,0,19
32.314,HRV,176,1,14742170,g4/13mA/13mA,78,97,0,19
32.314,HRV,176,2,12552770,g4/13mA/13mA,78,97,0,19
32.314,HRV,176,3,13988393,g4/13mA/13mA,78,97,0,19
32.377,HRV,177,0,15141477,g5/13mA/13mA,78,97,0,19
32.377,HRV,177,1,14742623,g4/13mA/13mA,78,97,0,19
32.377,HRV,177,2,12553324,g4/13mA/13mA,78,97,0,19
32.377,HRV,177,3,13988768,g4/13mA/13mA,78,97,0,19
32.377,HRV,178,0,15140136,g5/13mA/13mA,78,97,0,19
32.377,HRV,178,1,14741873,g4/13mA/13mA,78,97,0,19
32.377,HRV,178,2,12552710,g4/13mA/13mA,78,97,0,19
32.377,HRV,178,3,13988316,g4/13mA/13mA,78,97,0,19
32.377,HRV,179,0,15142636,g5/13mA/13mA,78,97,0,19
32.377,HRV,179,1,14743638,g4/13mA/13mA,78,97,0,19
32.377,HRV,179,2,12553914,g4/13mA/13mA,78,97,0,19
32.377,HRV,179,3,13989322,g4/13mA/13mA,78,97,0,19
32.377,HRV,180,0,15140726,g5/13mA/13mA,78,97,0,19
32.377,HRV,180,1,14742700,g4/13mA/13mA,78,97,0,19
32.377,HRV,180,2,12553282,g4/13mA/13mA,78,97,0,19
32.377,HRV,180,3,13988674,g4/13mA/13mA,78,97,0,19
32.377,HRV,181,0,15141502,g5/13mA/13mA,78,97,0,19
32.377,HRV,181,1,14742675,g4/13mA/13mA,78,97,0,19
32.377,HRV,181,2,12553590,g4/13mA/13mA,78,97,0,19
32.377,HRV,181,3,13988700,g4/13mA/13mA,78,97,0,19
32.436,HRV,182,0,15141262,g5/13mA/13mA,78,97,0,19
32.436,HRV,182,1,14742726,g4/13mA/13mA,78,97,0,19
32.436,HRV,182,2,12553256,g4/13mA/13mA,78,97,0,19
32.436,HRV,182,3,13988795,g4/13mA/13mA,78,97,0,19
32.436,HRV,183,0,15142038,g5/13mA/13mA,78,97,0,19
32.436,HRV,183,1,14743647,g4/13mA/13mA,78,97,0,19
32.436,HRV,183,2,12553692,g4/13mA/13mA,78,97,0,19
32.436,HRV,183,3,13989375,g4/13mA/13mA,78,97,0,19
32.436,HRV,184,0,15140735,g5/13mA/13mA,78,97,0,19
32.436,HRV,184,1,14742648,g4/13mA/13mA,78,97,0,19
32.436,HRV,184,2,12552899,g4/13mA/13mA,78,97,0,19
32.436,HRV,184,3,13988325,g4/13mA/13mA,78,97,0,19
32.436,HRV,185,0,15142287,g5/13mA/13mA,78,97,0,19
32.436,HRV,185,1,14743168,g4/13mA/13mA,78,97,0,19
32.436,HRV,185,2,12553873,g4/13mA/13mA,78,97,0,19
32.436,HRV,185,3,13989160,g4/13mA/13mA,78,97,0,19
32.437,HRV,186,0,15141741,g5/13mA/13mA,78,97,0,19
32.437,HRV,186,1,14743152,g4/13mA/13mA,78,97,0,19
32.437,HRV,186,2,12553546,g4/13mA/13mA,78,97,0,19
32.437,HRV,186,3,13989221,g4/13mA/13mA,78,97,0,19
32.437,HRV,187,0,15140649,g5/13mA/13mA,78,97,0,19
32.437,HRV,187,1,14742300,g4/13mA/13mA,78,97,0,19
32.437,HRV,187,2,12553019,g4/13mA/13mA,78,97,0,19
32.437,HRV,187,3,13988461,g4/13mA/13mA,78,97,0,19
32.440,HRV,188,0,15142576,g5/13mA/13mA,78,97,0,19
32.440,HRV,188,1,14743699,g4/13mA/13mA,78,97,0,19
32.440,HRV,188,2,12553896,g4/13mA/13mA,78,97,0,19
32.440,HRV,188,3,13989511,g4/13mA/13mA,78,97,0,19
32.440,HRV,189,0,15140784,g5/13mA/13mA,78,97,0,19
32.440,HRV,189,1,14742434,g4/13mA/13mA,78,97,0,19
32.440,HRV,189,2,12553163,g4/13mA/13mA,78,97,0,19
32.440,HRV,189,3,13988648,g4/13mA/13mA,78,97,0,19
32.440,HRV,190,0,15142041,g5/13mA/13mA,78,97,0,19
32.440,HRV,190,1,14743323,g4/13mA/13mA,78,97,0,19
32.440,HRV,190,2,12553871,g4/13mA/13mA,78,97,0,19
32.440,HRV,190,3,13989315,g4/13mA/13mA,78,97,0,19
32.440,HRV,191,0,15142806,g5/13mA/13mA,78,97,0,19
32.440,HRV,191,1,14743699,g4/13mA/13mA,78,97,0,19
32.440,HRV,191,2,12553821,g4/13mA/13mA,78,97,0,19
32.440,HRV,191,3,13989545,g4/13mA/13mA,78,97,0,19
32.440,HRV,192,0,15141843,g5/13mA/13mA,78,97,0,19
32.440,HRV,192,1,14742939,g4/13mA/13mA,78,97,0,19
32.440,HRV,192,2,12553708,g4/13mA/13mA,78,97,0,19
32.440,HRV,192,3,13989135,g4/13mA/13mA,78,97,0,19
32.527,SPO2,159,0,12975478,g1/60mA/0mA,78,97,0,19
32.527,SPO2,159,1,12229846,g1/25mA/0mA,78,97,0,19
32.527,SPO2,160,0,12976031,g1/60mA/0mA,78,97,0,19
32.527,SPO2,160,1,12229845,g1/25mA/0mA,78,97,0,19
32.527,SPO2,161,0,12976121,g1/60mA/0mA,78,97,0,19
32.527,SPO2,161,1,12230216,g1/25mA/0mA,78,97,0,19
32.527,SPO2,162,0,12976026,g1/60mA/0mA,78,97,0,19
32.527,SPO2,162,1,12229948,g1/25mA/0mA,78,97,0,19
32.527,SPO2,163,0,12976359,g1/60mA/0mA,78,97,0,19
32.527,SPO2,163,1,12230297,g1/25mA/0mA,78,97,0,19
32.527,SPO2,164,0,12975614,g1/60mA/0mA,78,97,0,19
32.527,SPO2,164,1,12229769,g1/25mA/0mA,78,97,0,19
32.527,SPO2,165,0,12976491,g1/60mA/0mA,78,97,0,19
32.527,SPO2,165,1,12230215,g1/25mA/0mA,78,97,0,19
32.556,SPO2,166,0,12975915,g1/60mA/0mA,78,97,0,19
32.556,SPO2,166,1,12230053,g1/25mA/0mA,78,97,0,19
32.556,SPO2,167,0,12976716,g1/60mA/0mA,78,97,0,19
32.556,SPO2,167,1,12230366,g1/25mA/0mA,78,97,0,19
32.556,SPO2,168,0,12975500,g1/60mA/0mA,78,97,0,19
32.556,SPO2,168,1,12229744,g1/25mA/0mA,78,97,0,19
32.556,SPO2,169,0,12976059,g1/60mA/0mA,78,97,0,19
32.556,SPO2,169,1,12229978,g1/25mA/0mA,78,97,0,19
32.556,SPO2,170,0,12975319,g1/60mA/0mA,78,97,0,19
32.556,SPO2,170,1,12229744,g1/25mA/0mA,78,97,0,19
32.556,SPO2,171,0,12976022,g1/60mA/0mA,78,97,0,19
32.556,SPO2,171,1,12229811,g1/25mA/0mA,78,97,0,19
32.556,SPO2,172,0,12975935,g1/60mA/0mA,78,97,0,19
32.556,SPO2,172,1,12230103,g1/25mA/0mA,78,97,0,19
32.556,SPO2,173,0,12975344,g1/60mA/0mA,78,97,0,19
32.556,SPO2,173,1,12229657,g1/25mA/0mA,78,97,0,19
32.585,SPO2,174,0,12974767,g1/60mA/0mA,78,97,0,19
32.585,SPO2,174,1,12229699,g1/25mA/0mA,78,97,0,19
32.585,SPO2,175,0,12976661,g1/60mA/0mA,78,97,0,19
32.585,SPO2,175,1,12230304,g1/25mA/0mA,78,97,0,19
32.585,SPO2,176,0,12975189,g1/60mA/0mA,78,97,0,19
32.585,SPO2,176,1,12229765,g1/25mA/0mA,78,97,0,19
32.585,SPO2,177,0,12975762,g1/60mA/0mA,78,97,0,19
32.585,SPO2,177,1,12229826,g1/25mA/0mA,78,97,0,19
32.585,SPO2,178,0,12974895,g1/60mA/0mA,78,97,0,19
32.585,SPO2,178,1,12229412,g1/25mA/0mA,78,97,0,19
32.585,SPO2,179,0,12976671,g1/60mA/0mA,78,97,0,19
32.585,SPO2,179,1,12230369,g1/25mA/0mA,78,97,0,19
32.614,SPO2,180,0,12975524,g1/60mA/0mA,78,97,0,19
32.614,SPO2,180,1,12229720,g1/25mA/0mA,78,97,0,19
32.614,SPO2,181,0,12976117,g1/60mA/0mA,78,97,0,19
32.614,SPO2,181,1,12230133,g1/25mA/0mA,78,97,0,19
32.614,SPO2,182,0,12975545,g1/60mA/0mA,78,97,0,19
32.614,SPO2,182,1,12229787,g1/25mA/0mA,78,97,0,19
32.614,SPO2,183,0,12976380,g1/60mA/0mA,78,97,0,19
32.614,SPO2,183,1,12230267,g1/25mA/0mA,78,97,0,19
32.614,SPO2,184,0,12975548,g1/60mA/0mA,78,97,0,19
32.614,SPO2,184,1,12229921,g1/25mA/0mA,78,97,0,19
32.614,SPO2,185,0,12976182,g1/60mA/0mA,78,97,0,19
32.614,SPO2,185,1,12230029,g1/25mA/0mA,78,97,0,19
32.614,SPO2,186,0,12976138,g1/60mA/0mA,78,97,0,19
32.614,SPO2,186,1,12230212,g1/25mA/0mA,78,97,0,19
32.614,SPO2,187,0,12975270,g1/60mA/0mA,78,97,0,19
32.614,SPO2,187,1,12229682,g1/25mA/0mA,78,97,0,19
32.643,SPO2,188,0,12976584,g1/60mA/0mA,78,97,0,19
32.643,SPO2,188,1,12230288,g1/25mA/0mA,78,97,0,19
32.643,SPO2,189,0,12975833,g1/60mA/0mA,78,97,0,19
32.643,SPO2,189,1,12229954,g1/25mA/0mA,78,97,0,19
32.643,SPO2,190,0,12976088,g1/60mA/0mA,78,97,0,19
32.643,SPO2,190,1,12229811,g1/25mA/0mA,78,97,0,19
32.643,SPO2,191,0,12976689,g1/60mA/0mA,78,97,0,19
32.643,SPO2,191,1,12230414,g1/25mA/0mA,78,97,0,19
32.643,SPO2,192,0,12975935,g1/60mA/0mA,78,97,0,19
32.643,SPO2,192,1,12229915,g1/25mA/0mA,78,97,0,19
33.215,HR,193,0,15141297,g5/13mA/13mA,78,97,0,19
33.215,HR,193,1,14742912,g4/13mA/13mA,78,97,0,19
33.215,HR,193,2,12553222,g4/13mA/13mA,78,97,0,19
33.215,HR,193,3,13988871,g4/13mA/13mA,78,97,0,19
33.215,HR,194,0,15141280,g5/13mA/13mA,78,97,0,19
33.215,HR,194,1,14742691,g4/13mA/13mA,78,97,0,19
33.215,HR,194,2,12553521,g4/13mA/13mA,78,97,0,19
33.215,HR,194,3,13988863,g4/13mA/13mA,78,97,0,19
33.215,HR,195,0,15142158,g5/13mA/13mA,78,97,0,19
33.215,HR,195,1,14743007,g4/13mA/13mA,78,97,0,19
33.215,HR,195,2,12553531,g4/13mA/13mA,78,97,0,19
33.215,HR,195,3,13989075,g4/13mA/13mA,78,97,0,19
33.215,HR,196,0,15140946,g5/13mA/13mA,78,97,0,19
33.215,HR,196,1,14742821,g4/13mA/13mA,78,97,0,19
33.215,HR,196,2,12553146,g4/13mA/13mA,78,97,0,19
33.215,HR,196,3,13988758,g4/13mA/13mA,78,97,0,19
33.215,HR,197,0,15141766,g5/13mA/13mA,78,97,0,19
33.215,HR,197,1,14742939,g4/13mA/13mA,78,97,0,19
33.215,HR,197,2,12553589,g4/13mA/13mA,78,97,0,19
33.215,HR,197,3,13989025,g4/13mA/13mA,78,97,0,19
33.215,HR,198,0,15141382,g5/13mA/13mA,78,97,0,19
33.215,HR,198,1,14742863,g4/13mA/13mA,78,97,0,19
33.215,HR,198,2,12553165,g4/13mA/13mA,78,97,0,19
33.215,HR,198,3,13988795,g4/13mA/13mA,78,97,0,19
33.244,HR,199,0,15141177,g5/13mA/13mA,78,97,0,19
33.244,HR,199,1,14742803,g4/13mA/13mA,78,97,0,19
33.244,HR,199,2,12553590,g4/13mA/13mA,78,97,0,19
33.244,HR,199,3,13989032,g4/13mA/13mA,78,97,0,19
33.245,HR,200,0,15141646,g5/13mA/13mA,78,97,0,19
33.245,HR,200,1,14743025,g4/13mA/13mA,78,97,0,19
33.245,HR,200,2,12553719,g4/13mA/13mA,78,97,0,19
33.245,HR,200,3,13989330,g4/13mA/13mA,78,97,0,19
33.245,HR,201,0,15139839,g5/13mA/13mA,78,97,0,19
33.245,HR,201,1,14742102,g4/13mA/13mA,78,97,0,19
33.245,HR,201,2,12552703,g4/13mA/13mA,78,97,0,19
33.245,HR,201,3,13988445,g4/13mA/13mA,78,97,0,19
33.245,HR,202,0,15143055,g5/13mA/13mA,78,97,0,19
33.245,HR,202,1,14743699,g4/13mA/13mA,78,97,0,19
33.245,HR,202,2,12554171,g4/13mA/13mA,78,97,0,19
33.245,HR,202,3,13989699,g4/13mA/13mA,78,97,0,19
33.245,HR,203,0,15141100,g5/13mA/13mA,78,97,0,19
33.245,HR,203,1,14742427,g4/13mA/13mA,78,97,0,19
33.245,HR,203,2,12553128,g4/13mA/13mA,78,97,0,19
33.245,HR,203,3,13988691,g4/13mA/13mA,78,97,0,19
33.338,HR,204,0,15141339,g5/13mA/13mA,78,97,0,19
33.338,HR,204,1,14742555,g4/13mA/13mA,78,97,0,19
33.338,HR,204,2,12553444,g4/13mA/13mA,78,97,0,19
33.338,HR,204,3,13988845,g4/13mA/13mA,78,97,0,19
33.338,HR,205,0,15141793,g5/13mA/13mA,78,97,0,19
33.338,HR,205,1,14743374,g4/13mA/13mA,78,97,0,19
33.338,HR,205,2,12553461,g4/13mA/13mA,78,97,0,19
33.338,HR,205,3,13989246,g4/13mA/13mA,78,97,0,19
33.338,HR,206,0,15141391,g5/13mA/13mA,78,97,0,19
33.338,HR,206,1,14742768,g4/13mA/13mA,78,97,0,19
33.339,HR,206,2,12553358,g4/13mA/13mA,78,97,0,19
33.339,HR,206,3,13988733,g4/13mA/13mA,78,97,0,19
33.339,HR,207,0,15142013,g5/13mA/13mA,78,97,0,19
33.339,HR,207,1,14743466,g4/13mA/13mA,78,97,0,19
33.339,HR,207,2,12553692,g4/13mA/13mA,78,97,0,19
33.339,HR,207,3,13989236,g4/13mA/13mA,78,97,0,19
33.339,HR,208,0,15140946,g5/13mA/13mA,78,97,0,19
33.339,HR,208,1,14742795,g4/13mA/13mA,78,97,0,19
33.339,HR,208,2,12553267,g4/13mA/13mA,78,97,0,19
33.339,HR,208,3,13988648,g4/13mA/13mA,78,97,0,19
33.339,HR,209,0,15142023,g5/13mA/13mA,78,97,0,19
33.339,HR,209,1,14743332,g4/13mA/13mA,78,97,0,19
33.339,HR,209,2,12553769,g4/13mA/13mA,78,97,0,19
33.339,HR,209,3,13989126,g4/13mA/13mA,78,97,0,19
33.363,HR,210,0,15141646,g5/13mA/13mA,78,97,0,19
33.363,HR,210,1,14742990,g4/13mA/13mA,78,97,0,19
33.363,HR,210,2,12553418,g4/13mA/13mA,78,97,0,19
33.363,HR,210,3,13988836,g4/13mA/13mA,78,97,0,19
33.363,HR,211,0,15141989,g5/13mA/13mA,78,97,0,19
33.363,HR,211,1,14743425,g4/13mA/13mA,78,97,0,19
33.363,HR,211,2,12553590,g4/13mA/13mA,78,97,0,19
33.363,HR,211,3,13989365,g4/13mA/13mA,78,97,0,19
33.363,HR,212,0,15140717,g5/13mA/13mA,78,97,0,19
33.363,HR,212,1,14742691,g4/13mA/13mA,78,97,0,19
33.363,HR,212,2,12553154,g4/13mA/13mA,78,97,0,19
33.363,HR,212,3,13988632,g4/13mA/13mA,78,97,0,19
33.363,HR,213,0,15141375,g5/13mA/13mA,78,97,0,19
33.363,HR,213,1,14743042,g4/13mA/13mA,78,97,0,19
33.363,HR,213,2,12553282,g4/13mA/13mA,78,97,0,19
33.363,HR,213,3,13989153,g4/13mA/13mA,78,97,0,19
33.363,HR,214,0,15141111,g5/13mA/13mA,78,97,0,19
33.363,HR,214,1,14742614,g4/13mA/13mA,78,97,0,19
33.363,HR,214,2,12553189,g4/13mA/13mA,78,97,0,19
33.363,HR,214,3,13988761,g4/13mA/13mA,78,97,0,19
33.363,HR,215,0,15141050,g5/13mA/13mA,78,97,0,19
33.363,HR,215,1,14742675,g4/13mA/13mA,78,97,0,19
33.363,HR,215,2,12553249,g4/13mA/13mA,78,97,0,19
33.363,HR,215,3,13988878,g4/13mA/13mA,78,97,0,19
33.365,HR,216,0,15141954,g5/13mA/13mA,78,97,0,19
33.365,HR,216,1,14743119,g4/13mA/13mA,78,97,0,19
33.365,HR,216,2,12553554,g4/13mA/13mA,78,97,0,19
33.365,HR,216,3,13989255,g4/13mA/13mA,78,97,0,19
33.365,HR,217,0,15140991,g5/13mA/13mA,78,97,0,19
33.365,HR,217,1,14742743,g4/13mA/13mA,78,97,0,19
33.365,HR,217,2,12553471,g4/13mA/13mA,78,97,0,19
33.365,HR,217,3,13988803,g4/13mA/13mA,78,97,0,19
33.365,HR,218,0,15140701,g5/13mA/13mA,78,97,0,19
33.365,HR,218,1,14742309,g4/13mA/13mA,78,97,0,19
33.365,HR,218,2,12552830,g4/13mA/13mA,78,97,0,19
33.365,HR,218,3,13988426,g4/13mA/13mA,78,97,0,19
33.365,HR,219,0,15142200,g5/13mA/13mA,78,97,0,19
33.365,HR,219,1,14742998,g4/13mA/13mA,78,97,0,19
33.365,HR,219,2,12553675,g4/13mA/13mA,78,97,0,19
33.365,HR,219,3,13989108,g4/13mA/13mA,78,97,0,19
33.365,HR,220,0,15141212,g5/13mA/13mA,78,97,0,19
33.365,HR,220,1,14742453,g4/13mA/13mA,78,97,0,19
33.365,HR,220,2,12553240,g4/13mA/13mA,78,97,0,19
33.365,HR,220,3,13988733,g4/13mA/13mA,78,97,0,19
33.365,HR,221,0,15139335,g5/13mA/13mA,78,97,0,19
33.365,HR,221,1,14741566,g4/13mA/13mA,78,97,0,19
33.365,HR,221,2,12551978,g4/13mA/13mA,78,97,0,19
33.365,HR,221,3,13987583,g4/13mA/13mA,78,97,0,19
33.426,HR,222,0,15140615,g5/13mA/13mA,78,97,0,19
33.426,HR,222,1,14742283,g4/13mA/13mA,78,97,0,19
33.426,HR,222,2,12553105,g4/13mA/13mA,78,97,0,19
33.426,HR,222,3,13988724,g4/13mA/13mA,78,97,0,19
33.426,HR,223,0,15141433,g5/13mA/13mA,78,97,0,19
33.426,HR,223,1,14743254,g4/13mA/13mA,78,97,0,19
33.426,HR,223,2,12553531,g4/13mA/13mA,78,97,0,19
33.426,HR,223,3,13988973,g4/13mA/13mA,78,97,0,19
33.426,HR,224,0,15141273,g5/13mA/13mA,78,97,0,19
33.426,HR,224,1,14742785,g4/13mA/13mA,78,97,0,19
33.426,HR,224,2,12553274,g4/13mA/13mA,78,97,0,19
33.426,HR,224,3,13988743,g4/13mA/13mA,78,97,0,19
33.426,HR,225,0,15140998,g5/13mA/13mA,78,97,0,19
33.426,HR,225,1,14742939,g4/13mA/13mA,78,97,0,19
33.426,HR,225,2,12553233,g4/13mA/13mA,78,97,0,19
33.426,HR,225,3,13988957,g4/13mA/13mA,78,97,0,19
33.426,HR,226,0,15140204,g5/13mA/13mA,78,97,0,19
33.426,HR,226,1,14741932,g4/13mA/13mA,78,97,0,19
33.426,HR,226,2,12552812,g4/13mA/13mA,78,97,0,19
33.426,HR,226,3,13988230,g4/13mA/13mA,78,97,0,19
33.455,HRV,193,0,15141297,g5/13mA/13mA,78,97,0,19
33.455,HRV,193,1,14742912,g4/13mA/13mA,78,97,0,19
33.455,HRV,193,2,12553222,g4/13mA/13mA,78,97,0,19
33.455,HRV,193,3,13988871,g4/13mA/13mA,78,97,0,19
33.455,HRV,194,0,15141280,g5/13mA/13mA,78,97,0,19
33.455,HRV,194,1,14742691,g4/13mA/13mA,78,97,0,19
33.455,HRV,194,2,12553521,g4/13mA/13mA,78,97,0,19
33.455,HRV,194,3,13988863,g4/13mA/13mA,78,97,0,19
33.455,HRV,195,0,15142158,g5/13mA/13mA,78,97,0,19
33.455,HRV,195,1,14743007,g4/13mA/13mA,78,97,0,19
33.455,HRV,195,2,12553531,g4/13mA/13mA,78,97,0,19
33.455,HRV,195,3,13989075,g4/13mA/13mA,78,97,0,19
33.455,HRV,196,0,15140946,g5/13mA/13mA,78,97,0,19
33.455,HRV,196,1,14742821,g4/13mA/13mA,78,97,0,19
33.455,HRV,196,2,12553146,g4/13mA/13mA,78,97,0,19
33.455,HRV,196,3,13988758,g4/13mA/13mA,78,97,0,19
33.455,HRV,197,0,15141766,g5/13mA/13mA,78,97,0,19
33.455,HRV,197,1,14742939,g4/13mA/13mA,78,97,0,19
33.455,HRV,197,2,12553589,g4/13mA/13mA,78,97,0,19
33.455,HRV,197,3,13989025,g4/13mA/13mA,78,97,0,19
33.455,HRV,198,0,15141382,g5/13mA/13mA,78,97,0,19
33.455,HRV,198,1,14742863,g4/13mA/13mA,78,97,0,19
33.455,HRV,198,2,12553165,g4/13mA/13mA,78,97,0,19
33.455,HRV,198,3,13988795,g4/13mA/13mA,78,97,0,19
33.511,HRV,199,0,15141177,g5/13mA/13mA,78,97,0,19
33.511,HRV,199,1,14742803,g4/13mA/13mA,78,97,0,19
33.511,HRV,199,2,12553590,g4/13mA/13mA,78,97,0,19
33.511,HRV,199,3,13989032,g4/13mA/13mA,78,97,0,19
33.511,HRV,200,0,15141646,g5/13mA/13mA,78,97,0,19
33.511,HRV,200,1,14743025,g4/13mA/13mA,78,97,0,19
33.511,HRV,200,2,12553719,g4/13mA/13mA,78,97,0,19
33.511,HRV,200,3,13989330,g4/13mA/13mA,78,97,0,19
33.511,HRV,201,0,15139839,g5/13mA/13mA,78,97,0,19
33.511,HRV,201,1,14742102,g4/13mA/13mA,78,97,0,19
33.511,HRV,201,2,12552703,g4/13mA/13mA,78,97,0,19
33.511,HRV,201,3,13988445,g4/13mA/13mA,78,97,0,19
33.511,HRV,202,0,15143055,g5/13mA/13mA,78,97,0,19
33.511,HRV,202,1,14743699,g4/13mA/13mA,78,97,0,19
33.511,HRV,202,2,12554171,g4/13mA/13mA,78,97,0,19
33.511,HRV,202,3,13989699,g4/13mA/13mA,78,97,0,19
33.512,HRV,203,0,15141100,g5/13mA/13mA,78,97,0,19
33.512,HRV,203,1,14742427,g4/13mA/13mA,78,97,0,19
33.512,HRV,203,2,12553128,g4/13mA/13mA,78,97,0,19
33.512,HRV,203,3,13988691,g4/13mA/13mA,78,97,0,19
33.546,HRV,204,0,15141339,g5/13mA/13mA,78,97,0,19
33.546,HRV,204,1,14742555,g4/13mA/13mA,78,97,0,19
33.546,HRV,204,2,12553444,g4/13mA/13mA,78,97,0,19
33.546,HRV,204,3,13988845,g4/13mA/13mA,78,97,0,19
33.546,HRV,205,0,15141793,g5/13mA/13mA,78,97,0,19
33.546,HRV,205,1,14743374,g4/13mA/13mA,78,97,0,19
33.546,HRV,205,2,12553461,g4/13mA/13mA,78,97,0,19
33.546,HRV,205,3,13989246,g4/13mA/13mA,78,97,0,19
33.546,HRV,206,0,15141391,g5/13mA/13mA,78,97,0,19
33.546,HRV,206,1,14742768,g4/13mA/13mA,78,97,0,19
33.546,HRV,206,2,12553358,g4/13mA/13mA,78,97,0,19
33.546,HRV,206,3,13988733,g4/13mA/13mA,78,97,0,19
33.546,HRV,207,0,15142013,g5/13mA/13mA,78,97,0,19
33.546,HRV,207,1,14743466,g4/13mA/13mA,78,97,0,19
33.546,HRV,207,2,12553692,g4/13mA/13mA,78,97,0,19
33.546,HRV,207,3,13989236,g4/13mA/13mA,78,97,0,19
33.546,HRV,208,0,15140946,g5/13mA/13mA,78,97,0,19
33.546,HRV,208,1,14742795,g4/13mA/13mA,78,97,0,19
33.546,HRV,208,2,12553267,g4/13mA/13mA,78,97,0,19
33.546,HRV,208,3,13988648,g4/13mA/13mA,78,97,0,19
33.546,HRV,209,0,15142023,g5/13mA/13mA,78,97,0,19
33.546,HRV,209,1,14743332,g4/13mA/13mA,78,97,0,19
33.546,HRV,209,2,12553769,g4/13mA/13mA,78,97,0,19
33.546,HRV,209,3,13989126,g4/13mA/13mA,78,97,0,19
33.577,HRV,210,0,15141646,g5/13mA/13mA,78,97,0,19
33.577,HRV,210,1,14742990,g4/13mA/13mA,78,97,0,19
33.577,HRV,210,2,12553418,g4/13mA/13mA,78,97,0,19
33.577,HRV,210,3,13988836,g4/13mA/13mA,78,97,0,19
33.577,HRV,211,0,15141989,g5/13mA/13mA,78,97,0,19
33.577,HRV,211,1,14743425,g4/13mA/13mA,78,97,0,19
33.577,HRV,211,2,12553590,g4/13mA/13mA,78,97,0,19
33.577,HRV,211,3,13989365,g4/13mA/13mA,78,97,0,19
33.577,HRV,212,0,15140717,g5/13mA/13mA,78,97,0,19
33.577,HRV,212,1,14742691,g4/13mA/13mA,78,97,0,19
33.577,HRV,212,2,12553154,g4/13mA/13mA,78,97,0,19
33.577,HRV,212,3,13988632,g4/13mA/13mA,78,97,0,19
33.577,HRV,213,0,15141375,g5/13mA/13mA,78,97,0,19
33.577,HRV,213,1,14743042,g4/13mA/13mA,78,97,0,19
33.577,HRV,213,2,12553282,g4/13mA/13mA,78,97,0,19
33.577,HRV,213,3,13989153,g4/13mA/13mA,78,97,0,19
33.577,HRV,214,0,15141111,g5/13mA/13mA,78,97,0,19
33.577,HRV,214,1,14742614,g4/13mA/13mA,78,97,0,19
33.577,HRV,214,2,12553189,g4/13mA/13mA,78,97,0,19
33.577,HRV,214,3,13988761,g4/13mA/13mA,78,97,0,19
33.577,HRV,215,0,15141050,g5/13mA/13mA,78,97,0,19
33.577,HRV,215,1,14742675,g4/13mA/13mA,78,97,0,19
33.577,HRV,215,2,12553249,g4/13mA/13mA,78,97,0,19
33.577,HRV,215,3,13988878,g4/13mA/13mA,78,97,0,19
33.634,HRV,216,0,15141954,g5/13mA/13mA,78,97,0,19
33.634,HRV,216,1,14743119,g4/13mA/13mA,78,97,0,19
33.634,HRV,216,2,12553554,g4/13mA/13mA,78,97,0,19
33.634,HRV,216,3,13989255,g4/13mA/13mA,78,97,0,19
33.634,HRV,217,0,15140991,g5/13mA/13mA,78,97,0,19
33.634,HRV,217,1,14742743,g4/13mA/13mA,78,97,0,19
33.634,HRV,217,2,12553471,g4/13mA/13mA,78,97,0,19
33.634,HRV,217,3,13988803,g4/13mA/13mA,78,97,0,19
33.634,HRV,218,0,15140701,g5/13mA/13mA,78,97,0,19
33.634,HRV,218,1,14742309,g4/13mA/13mA,78,97,0,19
33.634,HRV,218,2,12552830,g4/13mA/13mA,78,97,0,19
33.634,HRV,218,3,13988426,g4/13mA/13mA,78,97,0,19
33.634,HRV,219,0,15142200,g5/13mA/13mA,78,97,0,19
33.634,HRV,219,1,14742998,g4/13mA/13mA,78,97,0,19
33.634,HRV,219,2,12553675,g4/13mA/13mA,78,97,0,19
33.634,HRV,219,3,13989108,g4/13mA/13mA,78,97,0,19
33.634,HRV,220,0,15141212,g5/13mA/13mA,78,97,0,19
33.634,HRV,220,1,14742453,g4/13mA/13mA,78,97,0,19
33.634,HRV,220,2,12553240,g4/13mA/13mA,78,97,0,19
33.634,HRV,220,3,13988733,g4/13mA/13mA,78,97,0,19
33.634,HRV,221,0,15139335,g5/13mA/13mA,78,97,0,19
33.634,HRV,221,1,14741566,g4/13mA/13mA,78,97,0,19
33.634,HRV,221,2,12551978,g4/13mA/13mA,78,97,0,19
33.634,HRV,221,3,13987583,g4/13mA/13mA,78,97,0,19
33.664,HRV,222,0,15140615,g5/13mA/13mA,78,97,0,19
33.664,HRV,222,1,14742283,g4/13mA/13mA,78,97,0,19
33.664,HRV,222,2,12553105,g4/13mA/13mA,78,97,0,19
33.664,HRV,222,3,13988724,g4/13mA/13mA,78,97,0,19
33.664,HRV,223,0,15141433,g5/13mA/13mA,78,97,0,19
33.664,HRV,223,1,14743254,g4/13mA/13mA,78,97,0,19
33.664,HRV,223,2,12553531,g4/13mA/13mA,78,97,0,19
33.664,HRV,223,3,13988973,g4/13mA/13mA,78,97,0,19
33.664,HRV,224,0,15141273,g5/13mA/13mA,78,97,0,19
33.664,HRV,224,1,14742785,g4/13mA/13mA,78,97,0,19
33.664,HRV,224,2,12553274,g4/13mA/13mA,78,97,0,19
33.664,HRV,224,3,13988743,g4/13mA/13mA,78,97,0,19
33.664,HRV,225,0,15140998,g5/13mA/13mA,78,97,0,19
33.664,HRV,225,1,14742939,g4/13mA/13mA,78,97,0,19
33.664,HRV,225,2,12553233,g4/13mA/13mA,78,97,0,19
33.664,HRV,225,3,13988957,g4/13mA/13mA,78,97,0,19
33.664,HRV,226,0,15140204,g5/13mA/13mA,78,97,0,19
33.664,HRV,226,1,14741932,g4/13mA/13mA,78,97,0,19
33.664,HRV,226,2,12552812,g4/13mA/13mA,78,97,0,19
33.664,HRV,226,3,13988230,g4/13mA/13mA,78,97,0,19
33.722,SPO2,193,0,12975738,g1/60mA/0mA,78,97,0,19
33.722,SPO2,193,1,12229868,g1/25mA/0mA,78,97,0,19
33.722,SPO2,194,0,12975968,g1/60mA/0mA,78,97,0,19
33.722,SPO2,194,1,12230027,g1/25mA/0mA,78,97,0,19
33.722,SPO2,195,0,12975971,g1/60mA/0mA,78,97,0,19
33.722,SPO2,195,1,12229933,g1/25mA/0mA,78,97,0,19
33.722,SPO2,196,0,12975889,g1/60mA/0mA,78,97,0,19
33.722,SPO2,196,1,12230120,g1/25mA/0mA,78,97,0,19
33.722,SPO2,197,0,12975767,g1/60mA/0mA,78,97,0,19
33.722,SPO2,197,1,12229891,g1/25mA/0mA,78,97,0,19
33.722,SPO2,198,0,12975938,g1/60mA/0mA,78,97,0,19
33.722,SPO2,198,1,12230058,g1/25mA/0mA,78,97,0,19
33.722,SPO2,199,0,12975618,g1/60mA/0mA,78,97,0,19
33.722,SPO2,199,1,12229681,g1/25mA/0mA,78,97,0,19
33.756,SPO2,200,0,12975834,g1/60mA/0mA,78,97,0,19
33.756,SPO2,200,1,12230001,g1/25mA/0mA,78,97,0,19
33.756,SPO2,201,0,12974918,g1/60mA/0mA,78,97,0,19
33.756,SPO2,201,1,12229586,g1/25mA/0mA,78,97,0,19
33.756,SPO2,202,0,12976728,g1/60mA/0mA,78,97,0,19
33.756,SPO2,202,1,12230336,g1/25mA/0mA,78,97,0,19
33.756,SPO2,203,0,12975374,g1/60mA/0mA,78,97,0,19
33.756,SPO2,203,1,12229753,g1/25mA/0mA,78,97,0,19
33.756,SPO2,204,0,12975620,g1/60mA/0mA,78,97,0,19
33.756,SPO2,204,1,12229713,g1/25mA/0mA,78,97,0,19
33.756,SPO2,205,0,12976368,g1/60mA/0mA,78,97,0,19
33.756,SPO2,205,1,12230366,g1/25mA/0mA,78,97,0,19
33.785,SPO2,206,0,12975442,g1/60mA/0mA,78,97,0,19
33.785,SPO2,206,1,12229765,g1/25mA/0mA,78,97,0,19
33.785,SPO2,207,0,12976308,g1/60mA/0mA,78,97,0,19
33.785,SPO2,207,1,12230054,g1/25mA/0mA,78,97,0,19
33.785,SPO2,208,0,12975660,g1/60mA/0mA,78,97,0,19
33.785,SPO2,208,1,12229934,g1/25mA/0mA,78,97,0,19
33.785,SPO2,209,0,12976173,g1/60mA/0mA,78,97,0,19
33.785,SPO2,209,1,12230128,g1/25mA/0mA,78,97,0,19
33.785,SPO2,210,0,12975834,g1/60mA/0mA,78,97,0,19
33.785,SPO2,210,1,12230134,g1/25mA/0mA,78,97,0,19
33.785,SPO2,211,0,12976297,g1/60mA/0mA,78,97,0,19
33.785,SPO2,211,1,12230216,g1/25mA/0mA,78,97,0,19
33.785,SPO2,212,0,12975608,g1/60mA/0mA,78,97,0,19
33.786,SPO2,212,1,12229803,g1/25mA/0mA,78,97,0,19
33.815,SPO2,213,0,12975750,g1/60mA/0mA,78,97,0,19
33.815,SPO2,213,1,12229713,g1/25mA/0mA,78,97,0,19
33.815,SPO2,214,0,12975680,g1/60mA/0mA,78,97,0,19
33.815,SPO2,214,1,12229861,g1/25mA/0mA,78,97,0,19
33.815,SPO2,215,0,12975580,g1/60mA/0mA,78,97,0,19
33.815,SPO2,215,1,12230018,g1/25mA/0mA,78,97,0,19
33.815,SPO2,216,0,12976131,g1/60mA/0mA,78,97,0,19
33.815,SPO2,216,1,12230137,g1/25mA/0mA,78,97,0,19
33.815,SPO2,217,0,12975852,g1/60mA/0mA,78,97,0,19
33.815,SPO2,217,1,12230023,g1/25mA/0mA,78,97,0,19
33.815,SPO2,218,0,12974907,g1/60mA/0mA,78,97,0,19
33.815,SPO2,218,1,12229451,g1/25mA/0mA,78,97,0,19
33.815,SPO2,219,0,12976419,g1/60mA/0mA,78,97,0,19
33.815,SPO2,219,1,12230236,g1/25mA/0mA,78,97,0,19
33.815,SPO2,220,0,12975580,g1/60mA/0mA,78,97,0,19
33.815,SPO2,220,1,12229921,g1/25mA/0mA,78,97,0,19
33.874,SPO2,221,0,12974178,g1/60mA/0mA,78,97,0,19
33.874,SPO2,221,1,12228928,g1/25mA/0mA,78,97,0,19
33.874,SPO2,222,0,12975470,g1/60mA/0mA,78,97,0,19
33.874,SPO2,222,1,12229905,g1/25mA/0mA,78,97,0,19
33.874,SPO2,223,0,12976128,g1/60mA/0mA,78,97,0,19
33.874,SPO2,223,1,12230047,g1/25mA/0mA,78,97,0,19
33.874,SPO2,224,0,12975778,g1/60mA/0mA,78,97,0,19
33.874,SPO2,224,1,12230041,g1/25mA/0mA,78,97,0,19
33.874,SPO2,225,0,12976133,g1/60mA/0mA,78,97,0,19
33.874,SPO2,225,1,12230379,g1/25mA/0mA,78,97,0,19
33.875,SPO2,226,0,12975269,g1/60mA/0mA,78,97,0,19
33.875,SPO2,226,1,12229726,g1/25mA/0mA,78,97,0,19
34.926,HR,227,0,15141808,g5/13mA/13mA,78,97,0,19
34.926,HR,227,1,14742795,g4/13mA/13mA,78,97,0,19
34.926,HR,227,2,12553291,g4/13mA/13mA,78,97,0,19
34.926,HR,227,3,13988743,g4/13mA/13mA,78,97,0,19
34.926,HR,228,0,15142244,g5/13mA/13mA,78,97,0,19
34.926,HR,228,1,14743562,g4/13mA/13mA,78,97,0,19
34.926,HR,228,2,12553871,g4/13mA/13mA,78,97,0,19
34.926,HR,228,3,13989571,g4/13mA/13mA,78,97,0,19
34.926,HR,229,0,15141348,g5/13mA/13mA,78,97,0,19
34.926,HR,229,1,14743059,g4/13mA/13mA,78,97,0,19
34.927,HR,229,2,12553411,g4/13mA/13mA,78,97,0,19
34.927,HR,229,3,13988733,g4/13mA/13mA,78,97,0,19
34.927,HR,230,0,15142237,g5/13mA/13mA,78,97,0,19
34.927,HR,230,1,14743239,g4/13mA/13mA,78,97,0,19
34.927,HR,230,2,12554008,g4/13mA/13mA,78,97,0,19
34.927,HR,230,3,13989484,g4/13mA/13mA,78,97,0,19
34.927,HR,231,0,15140171,g5/13mA/13mA,78,97,0,19
34.927,HR,231,1,14742460,g4/13mA/13mA,78,97,0,19
34.927,HR,231,2,12552830,g4/13mA/13mA,78,97,0,19
34.927,HR,231,3,13988641,g4/13mA/13mA,78,97,0,19
34.954,HR,232,0,15141067,g5/13mA/13mA,78,97,0,19
34.954,HR,232,1,14742505,g4/13mA/13mA,78,97,0,19
34.954,HR,232,2,12553196,g4/13mA/13mA,78,97,0,19
34.954,HR,232,3,13988700,g4/13mA/13mA,78,97,0,19
34.954,HR,233,0,15141049,g5/13mA/13mA,78,97,0,19
34.954,HR,233,1,14742750,g4/13mA/13mA,78,97,0,19
34.954,HR,233,2,12553128,g4/13mA/13mA,78,97,0,19
34.954,HR,233,3,13988570,g4/13mA/13mA,78,97,0,19
34.954,HR,234,0,15141025,g5/13mA/13mA,78,97,0,19
34.954,HR,234,1,14742460,g4/13mA/13mA,78,97,0,19
34.954,HR,234,2,12553078,g4/13mA/13mA,78,97,0,19
34.954,HR,234,3,13988768,g4/13mA/13mA,78,97,0,19
34.954,HR,235,0,15142271,g5/13mA/13mA,78,97,0,19
34.954,HR,235,1,14743048,g4/13mA/13mA,78,97,0,19
34.954,HR,235,2,12553802,g4/13mA/13mA,78,97,0,19
34.954,HR,235,3,13988938,g4/13mA/13mA,78,97,0,19
34.954,HR,236,0,15142261,g5/13mA/13mA,78,97,0,19
34.954,HR,236,1,14743161,g4/13mA/13mA,78,97,0,19
34.954,HR,236,2,12553787,g4/13mA/13mA,78,97,0,19
34.954,HR,236,3,13989203,g4/13mA/13mA,78,97,0,19
34.954,HR,237,0,15140948,g5/13mA/13mA,78,97,0,19
34.954,HR,237,1,14742682,g4/13mA/13mA,78,97,0,19
34.954,HR,237,2,12553351,g4/13mA/13mA,78,97,0,19
34.955,HR,237,3,13988889,g4/13mA/13mA,78,97,0,19
35.016,HR,238,0,15141597,g5/13mA/13mA,78,97,0,19
35.016,HR,238,1,14742743,g4/13mA/13mA,78,97,0,19
35.016,HR,238,2,12553308,g4/13mA/13mA,78,97,0,19
35.016,HR,238,3,13988777,g4/13mA/13mA,78,97,0,19
35.016,HR,239,0,15140998,g5/13mA/13mA,78,97,0,19
35.016,HR,239,1,14742283,g4/13mA/13mA,78,97,0,19
35.016,HR,239,2,12552906,g4/13mA/13mA,78,97,0,19
35.016,HR,239,3,13988495,g4/13mA/13mA,78,97,0,19
35.016,HR,240,0,15141461,g5/13mA/13mA,78,97,0,19
35.016,HR,240,1,14742922,g4/13mA/13mA,78,97,0,19
35.016,HR,240,2,12553291,g4/13mA/13mA,78,97,0,19
35.016,HR,240,3,13988803,g4/13mA/13mA,78,97,0,19
35.016,HR,241,0,15141818,g5/13mA/13mA,78,97,0,19
35.016,HR,241,1,14743221,g4/13mA/13mA,78,97,0,19
35.016,HR,241,2,12553240,g4/13mA/13mA,78,97,0,19
35.016,HR,241,3,13988923,g4/13mA/13mA,78,97,0,19
35.016,HR,242,0,15141604,g5/13mA/13mA,78,97,0,19
35.016,HR,242,1,14742384,g4/13mA/13mA,78,97,0,19
35.016,HR,242,2,12553308,g4/13mA/13mA,78,97,0,19
35.016,HR,242,3,13988818,g4/13mA/13mA,78,97,0,19
35.016,HR,243,0,15141784,g5/13mA/13mA,78,97,0,19
35.016,HR,243,1,14743401,g4/13mA/13mA,78,97,0,19
35.016,HR,243,2,12553539,g4/13mA/13mA,78,97,0,19
35.016,HR,243,3,13989297,g4/13mA/13mA,78,97,0,19
35.044,HR,244,0,15141945,g5/13mA/13mA,78,97,0,19
35.044,HR,244,1,14743239,g4/13mA/13mA,78,97,0,19
35.044,HR,244,2,12553685,g4/13mA/13mA,78,97,0,19
35.044,HR,244,3,13989160,g4/13mA/13mA,78,97,0,19
35.044,HR,245,0,15140675,g5/13mA/13mA,78,97,0,19
35.044,HR,245,1,14742256,g4/13mA/13mA,78,97,0,19
35.044,HR,245,2,12552906,g4/13mA/13mA,78,97,0,19
35.044,HR,245,3,13988223,g4/13mA/13mA,78,97,0,19
35.044,HR,246,0,15145905,g5/13mA/13mA,78,97,0,19
35.044,HR,246,1,14745506,g4/13mA/13mA,78,97,0,19
35.044,HR,246,2,12555790,g4/13mA/13mA,78,97,0,19
35.044,HR,246,3,13991149,g4/13mA/13mA,78,97,0,19
35.044,HR,247,0,15140400,g5/13mA/13mA,78,97,0,19
35.044,HR,247,1,14741940,g4/13mA/13mA,78,97,0,19
35.044,HR,247,2,12552608,g4/13mA/13mA,78,97,0,19
35.045,HR,247,3,13988290,g4/13mA/13mA,78,97,0,19
35.045,HR,248,0,15143490,g5/13mA/13mA,78,97,0,19
35.045,HR,248,1,14744185,g4/13mA/13mA,78,97,0,19
35.045,HR,248,2,12554844,g4/13mA/13mA,78,97,0,19
35.045,HR,248,3,13989766,g4/13mA/13mA,78,97,0,19
35.045,HR,249,0,15141826,g5/13mA/13mA,78,97,0,19
35.045,HR,249,1,14743178,g4/13mA/13mA,78,97,0,19
35.045,HR,249,2,12553753,g4/13mA/13mA,78,97,0,19
35.045,HR,249,3,13989143,g4/13mA/13mA,78,97,0,19
35.135,HR,250,0,15143413,g5/13mA/13mA,78,97,0,19
35.135,HR,250,1,14744014,g4/13mA/13mA,78,97,0,19
35.135,HR,250,2,12554110,g4/13mA/13mA,78,97,0,19
35.135,HR,250,3,13989826,g4/13mA/13mA,78,97,0,19
35.135,HR,251,0,15142558,g5/13mA/13mA,78,97,0,19
35.135,HR,251,1,14743485,g4/13mA/13mA,78,97,0,19
35.135,HR,251,2,12553896,g4/13mA/13mA,78,97,0,19
35.135,HR,251,3,13989416,g4/13mA/13mA,78,97,0,19
35.135,HR,252,0,15142107,g5/13mA/13mA,78,97,0,19
35.135,HR,252,1,14743195,g4/13mA/13mA,78,97,0,19
35.135,HR,252,2,12553556,g4/13mA/13mA,78,97,0,19
35.135,HR,252,3,13989082,g4/13mA/13mA,78,97,0,19
35.135,HR,253,0,15141203,g5/13mA/13mA,78,97,0,19
35.135,HR,253,1,14742965,g4/13mA/13mA,78,97,0,19
35.135,HR,253,2,12552959,g4/13mA/13mA,78,97,0,19
35.135,HR,253,3,13988863,g4/13mA/13mA,78,97,0,19
35.135,HR,254,0,15142065,g5/13mA/13mA,78,97,0,19
35.135,HR,254,1,14743186,g4/13mA/13mA,78,97,0,19
35.135,HR,254,2,12553787,g4/13mA/13mA,78,97,0,19
35.135,HR,254,3,13989108,g4/13mA/13mA,78,97,0,19
35.162,HR,255,0,15141604,g5/13mA/13mA,78,97,0,19
35.162,HR,255,1,14742922,g4/13mA/13mA,78,97,0,19
35.162,HR,255,2,12553701,g4/13mA/13mA,78,97,0,19
35.162,HR,255,3,13988905,g4/13mA/13mA,78,97,0,19
35.162,HR,0,0,15141297,g5/13mA/13mA,78,97,0,19
35.162,HR,0,1,14742743,g4/13mA/13mA,78,97,0,19
35.162,HR,0,2,12553154,g4/13mA/13mA,78,97,0,19
35.162,HR,0,3,13988761,g4/13mA/13mA,78,97,0,19
35.162,HR,1,0,15141262,g5/13mA/13mA,78,97,0,19
35.162,HR,1,1,14742624,g4/13mA/13mA,78,97,0,19
35.162,HR,1,2,12553376,g4/13mA/13mA,78,97,0,19
35.162,HR,1,3,13988981,g4/13mA/13mA,78,97,0,19
35.162,HR,2,0,15139710,g5/13mA/13mA,78,97,0,19
35.162,HR,2,1,14741541,g4/13mA/13mA,78,97,0,19
35.162,HR,2,2,12552481,g4/13mA/13mA,78,97,0,19
35.162,HR,2,3,13988257,g4/13mA/13mA,78,97,0,19
35.162,HR,3,0,15141341,g5/13mA/13mA,78,97,0,19
35.162,HR,3,1,14743014,g4/13mA/13mA,78,97,0,19
35.162,HR,3,2,12553222,g4/13mA/13mA,78,97,0,19
35.162,HR,3,3,13988734,g4/13mA/13mA,78,97,0,19
35.162,HR,4,0,15141631,g5/13mA/13mA,78,97,0,19
35.162,HR,4,1,14743077,g4/13mA/13mA,78,97,0,19
35.162,HR,4,2,12553572,g4/13mA/13mA,78,97,0,19
35.162,HR,4,3,13989067,g4/13mA/13mA,78,97,0,19
35.165,HRV,227,0,15141808,g5/13mA/13mA,78,97,0,19
35.165,HRV,227,1,14742795,g4/13mA/13mA,78,97,0,19
35.165,HRV,227,2,12553291,g4/13mA/13mA,78,97,0,19
35.165,HRV,227,3,13988743,g4/13mA/13mA,78,97,0,19
35.165,HRV,228,0,15142244,g5/13mA/13mA,78,97,0,19
35.165,HRV,228,1,14743562,g4/13mA/13mA,78,97,0,19
35.165,HRV,228,2,12553871,g4/13mA/13mA,78,97,0,19
35.165,HRV,228,3,13989571,g4/13mA/13mA,78,97,0,19
35.165,HRV,229,0,15141348,g5/13mA/13mA,78,97,0,19
35.165,HRV,229,1,14743059,g4/13mA/13mA,78,97,0,19
35.165,HRV,229,2,12553411,g4/13mA/13mA,78,97,0,19
35.165,HRV,229,3,13988733,g4/13mA/13mA,78,97,0,19
35.165,HRV,230,0,15142237,g5/13mA/13mA,78,97,0,19
35.165,HRV,230,1,14743239,g4/13mA/13mA,78,97,0,19
35.165,HRV,230,2,12554008,g4/13mA/13mA,78,97,0,19
35.165,HRV,230,3,13989484,g4/13mA/13mA,78,97,0,19
35.229,HRV,231,0,15140171,g5/13mA/13mA,78,97,0,19
35.229,HRV,231,1,14742460,g4/13mA/13mA,78,97,0,19
35.229,HRV,231,2,12552830,g4/13mA/13mA,78,97,0,19
35.229,HRV,231,3,13988641,g4/13mA/13mA,78,97,0,19
35.229,HRV,232,0,15141067,g5/13mA/13mA,78,97,0,19
35.229,HRV,232,1,14742505,g4/13mA/13mA,78,97,0,19
35.229,HRV,232,2,12553196,g4/13mA/13mA,78,97,0,19
35.229,HRV,232,3,13988700,g4/13mA/13mA,78,97,0,19
35.229,HRV,233,0,15141049,g5/13mA/13mA,78,97,0,19
35.229,HRV,233,1,14742750,g4/13mA/13mA,78,97,0,19
35.229,HRV,233,2,12553128,g4/13mA/13mA,78,97,0,19
35.229,HRV,233,3,13988570,g4/13mA/13mA,78,97,0,19
35.229,HRV,234,0,15141025,g5/13mA/13mA,78,97,0,19
35.229,HRV,234,1,14742460,g4/13mA/13mA,78,97,0,19
35.229,HRV,234,2,12553078,g4/13mA/13mA,78,97,0,19
35.229,HRV,234,3,13988768,g4/13mA/13mA,78,97,0,19
35.229,HRV,235,0,15142271,g5/13mA/13mA,78,97,0,19
35.229,HRV,235,1,14743048,g4/13mA/13mA,78,97,0,19
35.229,HRV,235,2,12553802,g4/13mA/13mA,78,97,0,19
35.229,HRV,235,3,13988938,g4/13mA/13mA,78,97,0,19
35.229,HRV,236,0,15142261,g5/13mA/13mA,78,97,0,19
35.229,HRV,236,1,14743161,g4/13mA/13mA,78,97,0,19
35.229,HRV,236,2,12553787,g4/13mA/13mA,78,97,0,19
35.229,HRV,236,3,13989203,g4/13mA/13mA,78,97,0,19
35.253,HRV,237,0,15140948,g5/13mA/13mA,78,97,0,19
35.253,HRV,237,1,14742682,g4/13mA/13mA,78,97,0,19
35.253,HRV,237,2,12553351,g4/13mA/13mA,78,97,0,19
35.253,HRV,237,3,13988889,g4/13mA/13mA,78,97,0,19
35.253,HRV,238,0,15141597,g5/13mA/13mA,78,97,0,19
35.253,HRV,238,1,14742743,g4/13mA/13mA,78,97,0,19
35.253,HRV,238,2,12553308,g4/13mA/13mA,78,97,0,19
35.253,HRV,238,3,13988777,g4/13mA/13mA,78,97,0,19
35.253,HRV,239,0,15140998,g5/13mA/13mA,78,97,0,19
35.253,HRV,239,1,14742283,g4/13mA/13mA,78,97,0,19
35.253,HRV,239,2,12552906,g4/13mA/13mA,78,97,0,19
35.253,HRV,239,3,13988495,g4/13mA/13mA,78,97,0,19
35.253,HRV,240,0,15141461,g5/13mA/13mA,78,97,0,19
35.253,HRV,240,1,14742922,g4/13mA/13mA,78,97,0,19
35.253,HRV,240,2,12553291,g4/13mA/13mA,78,97,0,19
35.253,HRV,240,3,13988803,g4/13mA/13mA,78,97,0,19
35.253,HRV,241,0,15141818,g5/13mA/13mA,78,97,0,19
35.253,HRV,241,1,14743221,g4/13mA/13mA,78,97,0,19
35.253,HRV,241,2,12553240,g4/13mA/13mA,78,97,0,19
35.253,HRV,241,3,13988923,g4/13mA/13mA,78,97,0,19
35.253,HRV,242,0,15141604,g5/13mA/13mA,78,97,0,19
35.253,HRV,242,1,14742384,g4/13mA/13mA,78,97,0,19
35.254,HRV,242,2,12553308,g4/13mA/13mA,78,97,0,19
35.254,HRV,242,3,13988818,g4/13mA/13mA,78,97,0,19
35.315,HRV,243,0,15141784,g5/13mA/13mA,78,97,0,19
35.315,HRV,243,1,14743401,g4/13mA/13mA,78,97,0,19
35.315,HRV,243,2,12553539,g4/13mA/13mA,78,97,0,19
35.315,HRV,243,3,13989297,g4/13mA/13mA,78,97,0,19
35.315,HRV,244,0,15141945,g5/13mA/13mA,78,97,0,19
35.315,HRV,244,1,14743239,g4/13mA/13mA,78,97,0,19
35.315,HRV,244,2,12553685,g4/13mA/13mA,78,97,0,19
35.315,HRV,244,3,13989160,g4/13mA/13mA,78,97,0,19
35.315,HRV,245,0,15140675,g5/13mA/13mA,78,97,0,19
35.315,HRV,245,1,14742256,g4/13mA/13mA,78,97,0,19
35.315,HRV,245,2,12552906,g4/13mA/13mA,78,97,0,19
35.315,HRV,245,3,13988223,g4/13mA/13mA,78,97,0,19
35.315,HRV,246,0,15145905,g5/13mA/13mA,78,97,0,19
35.315,HRV,246,1,14745506,g4/13mA/13mA,78,97,0,19
35.315,HRV,246,2,12555790,g4/13mA/13mA,78,97,0,19
35.315,HRV,246,3,13991149,g4/13mA/13mA,78,97,0,19
35.315,HRV,247,0,15140400,g5/13mA/13mA,78,97,0,19
35.315,HRV,247,1,14741940,g4/13mA/13mA,78,97,0,19
35.315,HRV,247,2,12552608,g4/13mA/13mA,78,97,0,19
35.315,HRV,247,3,13988290,g4/13mA/13mA,78,97,0,19
35.315,HRV,248,0,15143490,g5/13mA/13mA,78,97,0,19
35.315,HRV,248,1,14744185,g4/13mA/13mA,78,97,0,19
35.315,HRV,248,2,12554844,g4/13mA/13mA,78,97,0,19
35.315,HRV,248,3,13989766,g4/13mA/13mA,78,97,0,19
35.344,HRV,249,0,15141826,g5/13mA/13mA,78,97,0,19
35.344,HRV,249,1,14743178,g4/13mA/13mA,78,97,0,19
35.344,HRV,249,2,12553753,g4/13mA/13mA,78,97,0,19
35.344,HRV,249,3,13989143,g4/13mA/13mA,78,97,0,19
35.344,HRV,250,0,15143413,g5/13mA/13mA,78,97,0,19
35.344,HRV,250,1,14744014,g4/13mA/13mA,78,97,0,19
35.344,HRV,250,2,12554110,g4/13mA/13mA,78,97,0,19
35.344,HRV,250,3,13989826,g4/13mA/13mA,78,97,0,19
35.344,HRV,251,0,15142558,g5/13mA/13mA,78,97,0,19
35.344,HRV,251,1,14743485,g4/13mA/13mA,78,97,0,19
35.344,HRV,251,2,12553896,g4/13mA/13mA,78,97,0,19
35.344,HRV,251,3,13989416,g4/13mA/13mA,78,97,0,19
35.344,HRV,252,0,15142107,g5/13mA/13mA,78,97,0,19
35.344,HRV,252,1,14743195,g4/13mA/13mA,78,97,0,19
35.344,HRV,252,2,12553556,g4/13mA/13mA,78,97,0,19
35.344,HRV,252,3,13989082,g4/13mA/13mA,78,97,0,19
35.344,HRV,253,0,15141203,g5/13mA/13mA,78,97,0,19
35.344,HRV,253,1,14742965,g4/13mA/13mA,78,97,0,19
35.344,HRV,253,2,12552959,g4/13mA/13mA,78,97,0,19
35.344,HRV,253,3,13988863,g4/13mA/13mA,78,97,0,19
35.376,HRV,254,0,15142065,g5/13mA/13mA,78,97,0,19
35.376,HRV,254,1,14743186,g4/13mA/13mA,78,97,0,19
35.376,HRV,254,2,12553787,g4/13mA/13mA,78,97,0,19
35.376,HRV,254,3,13989108,g4/13mA/13mA,78,97,0,19
35.376,HRV,255,0,15141604,g5/13mA/13mA,78,97,0,19
35.376,HRV,255,1,14742922,g4/13mA/13mA,78,97,0,19
35.376,HRV,255,2,12553701,g4/13mA/13mA,78,97,0,19
35.376,HRV,255,3,13988905,g4/13mA/13mA,78,97,0,19
35.376,HRV,0,0,15141297,g5/13mA/13mA,78,97,0,19
35.376,HRV,0,1,14742743,g4/13mA/13mA,78,97,0,19
35.376,HRV,0,2,12553154,g4/13mA/13mA,78,97,0,19
35.376,HRV,0,3,13988761,g4/13mA/13mA,78,97,0,19
35.376,HRV,1,0,15141262,g5/13mA/13mA,78,97,0,19
35.376,HRV,1,1,14742624,g4/13mA/13mA,78,97,0,19
35.376,HRV,1,2,12553376,g4/13mA/13mA,78,97,0,19
35.376,HRV,1,3,13988981,g4/13mA/13mA,78,97,0,19
35.376,HRV,2,0,15139710,g5/13mA/13mA,78,97,0,19
35.376,HRV,2,1,14741541,g4/13mA/13mA,78,97,0,19
35.376,HRV,2,2,12552481,g4/13mA/13mA,78,97,0,19
35.376,HRV,2,3,13988257,g4/13mA/13mA,78,97,0,19
35.376,HRV,3,0,15141341,g5/13mA/13mA,78,97,0,19
35.376,HRV,3,1,14743014,g4/13mA/13mA,78,97,0,19
35.376,HRV,3,2,12553222,g4/13mA/13mA,78,97,0,19
35.376,HRV,3,3,13988734,g4/13mA/13mA,78,97,0,19
35.462,HRV,4,0,15141631,g5/13mA/13mA,78,97,0,19
35.462,HRV,4,1,14743077,g4/13mA/13mA,78,97,0,19
35.462,HRV,4,2,12553572,g4/13mA/13mA,78,97,0,19
35.462,HRV,4,3,13989067,g4/13mA/13mA,78,97,0,19
35.466,SPO2,227,0,12975522,g1/60mA/0mA,78,97,0,19
35.466,SPO2,227,1,12229608,g1/25mA/0mA,78,97,0,19
35.466,SPO2,228,0,12976257,g1/60mA/0mA,78,97,0,19
35.466,SPO2,228,1,12229996,g1/25mA/0mA,78,97,0,19
35.466,SPO2,229,0,12975410,g1/60mA/0mA,78,97,0,19
35.466,SPO2,229,1,12229502,g1/25mA/0mA,78,97,0,19
35.466,SPO2,230,0,12976397,g1/60mA/0mA,78,97,0,19
35.466,SPO2,230,1,12230120,g1/25mA/0mA,78,97,0,19
35.466,SPO2,231,0,12975350,g1/60mA/0mA,78,97,0,19
35.466,SPO2,231,1,12229993,g1/25mA/0mA,78,97,0,19
35.466,SPO2,232,0,12975263,g1/60mA/0mA,78,97,0,19
35.466,SPO2,232,1,12229716,g1/25mA/0mA,78,97,0,19
35.947,SPO2,233,0,12975539,g1/60mA/0mA,78,97,0,19
35.947,SPO2,233,1,12229805,g1/25mA/0mA,78,97,0,19
35.947,SPO2,234,0,12975382,g1/60mA/0mA,78,97,0,19
35.947,SPO2,234,1,12229840,g1/25mA/0mA,78,97,0,19
35.947,SPO2,235,0,12976517,g1/60mA/0mA,78,97,0,19
35.947,SPO2,235,1,12230279,g1/25mA/0mA,78,97,0,19
35.947,SPO2,236,0,12976205,g1/60mA/0mA,78,97,0,19
35.947,SPO2,236,1,12230104,g1/25mA/0mA,78,97,0,19
35.947,SPO2,237,0,12976081,g1/60mA/0mA,78,97,0,19
35.947,SPO2,237,1,12230212,g1/25mA/0mA,78,97,0,19
35.947,SPO2,238,0,12975929,g1/60mA/0mA,78,97,0,19
35.947,SPO2,238,1,12230077,g1/25mA/0mA,78,97,0,19
35.947,SPO2,239,0,12975439,g1/60mA/0mA,78,97,0,19
35.947,SPO2,239,1,12229793,g1/25mA/0mA,78,97,0,19
35.947,SPO2,240,0,12975675,g1/60mA/0mA,78,97,0,19
35.947,SPO2,240,1,12229817,g1/25mA/0mA,78,97,0,19
35.975,SPO2,241,0,12976037,g1/60mA/0mA,78,97,0,19
35.975,SPO2,241,1,12230239,g1/25mA/0mA,78,97,0,19
35.975,SPO2,242,0,12976074,g1/60mA/0mA,78,97,0,19
35.975,SPO2,242,1,12230109,g1/25mA/0mA,78,97,0,19
35.975,SPO2,243,0,12976069,g1/60mA/0mA,78,97,0,19
35.975,SPO2,243,1,12230063,g1/25mA/0mA,78,97,0,19
35.975,SPO2,244,0,12976662,g1/60mA/0mA,78,97,0,19
35.975,SPO2,244,1,12230498,g1/25mA/0mA,78,97,0,19
35.975,SPO2,245,0,12975301,g1/60mA/0mA,78,97,0,19
35.975,SPO2,245,1,12229865,g1/25mA/0mA,78,97,0,19
35.975,SPO2,246,0,12979359,g1/60mA/0mA,78,97,0,19
35.975,SPO2,246,1,12231850,g1/25mA/0mA,78,97,0,19
35.975,SPO2,247,0,12974918,g1/60mA/0mA,78,97,0,19
35.975,SPO2,247,1,12229419,g1/25mA/0mA,78,97,0,19
36.033,SPO2,248,0,12977393,g1/60mA/0mA,78,97,0,19
36.033,SPO2,248,1,12230576,g1/25mA/0mA,78,97,0,19
36.033,SPO2,249,0,12975816,g1/60mA/0mA,78,97,0,19
36.033,SPO2,249,1,12229583,g1/25mA/0mA,78,97,0,19
36.033,SPO2,250,0,12976831,g1/60mA/0mA,78,97,0,19
36.033,SPO2,250,1,12230353,g1/25mA/0mA,78,97,0,19
36.033,SPO2,251,0,12976707,g1/60mA/0mA,78,97,0,19
36.033,SPO2,251,1,12230527,g1/25mA/0mA,78,97,0,19
36.033,SPO2,252,0,12976403,g1/60mA/0mA,78,97,0,19
36.033,SPO2,252,1,12230328,g1/25mA/0mA,78,97,0,19
36.033,SPO2,253,0,12975574,g1/60mA/0mA,78,97,0,19
36.033,SPO2,253,1,12229759,g1/25mA/0mA,78,97,0,19
36.064,SPO2,254,0,12976521,g1/60mA/0mA,78,97,0,19
36.064,SPO2,254,1,12230333,g1/25mA/0mA,78,97,0,19
36.064,SPO2,255,0,12976037,g1/60mA/0mA,78,97,0,19
36.064,SPO2,255,1,12229885,g1/25mA/0mA,78,97,0,19
36.064,SPO2,0,0,12975997,g1/60mA/0mA,78,97,0,19
36.064,SPO2,0,1,12230092,g1/25mA/0mA,78,97,0,19
36.064,SPO2,1,0,12975704,g1/60mA/0mA,78,97,0,19
36.064,SPO2,1,1,12229739,g1/25mA/0mA,78,97,0,19
36.064,SPO2,2,0,12974764,g1/60mA/0mA,78,97,0,19
36.064,SPO2,2,1,12229663,g1/25mA/0mA,78,97,0,19
36.064,SPO2,3,0,12975282,g1/60mA/0mA,78,97,0,19
36.064,SPO2,3,1,12229461,g1/25mA/0mA,78,97,0,19
36.064,SPO2,4,0,12975917,g1/60mA/0mA,78,97,0,19
36.064,SPO2,4,1,12229984,g1/25mA/0mA,78,97,0,19
36.094,HR,5,0,15140547,g5/13mA/13mA,78,97,0,19
36.094,HR,5,1,14741992,g4/13mA/13mA,78,97,0,19
36.094,HR,5,2,12552815,g4/13mA/13mA,78,97,0,19
36.094,HR,5,3,13988264,g4/13mA/13mA,78,97,0,19
36.095,HR,6,0,15140051,g5/13mA/13mA,78,97,0,19
36.095,HR,6,1,14742043,g4/13mA/13mA,78,97,0,19
36.095,HR,6,2,12552533,g4/13mA/13mA,78,97,0,19
36.095,HR,6,3,13988213,g4/13mA/13mA,78,97,0,19
36.095,HR,7,0,15143029,g5/13mA/13mA,78,97,0,19
36.095,HR,7,1,14744278,g4/13mA/13mA,78,97,0,19
36.095,HR,7,2,12554307,g4/13mA/13mA,78,97,0,19
36.095,HR,7,3,13989518,g4/13mA/13mA,78,97,0,19
36.095,HR,8,0,15140060,g5/13mA/13mA,78,97,0,19
36.095,HR,8,1,14741692,g4/13mA/13mA,78,97,0,19
36.095,HR,8,2,12552789,g4/13mA/13mA,78,97,0,19
36.095,HR,8,3,13988163,g4/13mA/13mA,78,97,0,19
36.095,HR,9,0,15142441,g5/13mA/13mA,78,97,0,19
36.095,HR,9,1,14743570,g4/13mA/13mA,78,97,0,19
36.095,HR,9,2,12553964,g4/13mA/13mA,78,97,0,19
36.095,HR,9,3,13989262,g4/13mA/13mA,78,97,0,19
36.095,HR,10,0,15141511,g5/13mA/13mA,78,97,0,19
36.095,HR,10,1,14742717,g4/13mA/13mA,78,97,0,19
36.095,HR,10,2,12553504,g4/13mA/13mA,78,97,0,19
36.095,HR,10,3,13988853,g4/13mA/13mA,78,97,0,19
36.124,HR,11,0,15141699,g5/13mA/13mA,78,97,0,19
36.124,HR,11,1,14743059,g4/13mA/13mA,78,97,0,19
36.124,HR,11,2,12553565,g4/13mA/13mA,78,97,0,19
36.124,HR,11,3,13989322,g4/13mA/13mA,78,97,0,19
36.124,HR,12,0,15142757,g5/13mA/13mA,78,97,0,19
36.124,HR,12,1,14743665,g4/13mA/13mA,78,97,0,19
36.124,HR,12,2,12553760,g4/13mA/13mA,78,97,0,19
36.124,HR,12,3,13989348,g4/13mA/13mA,78,97,0,19
36.124,HR,13,0,15141297,g5/13mA/13mA,78,97,0,19
36.124,HR,13,1,14742624,g4/13mA/13mA,78,97,0,19
36.124,HR,13,2,12553360,g4/13mA/13mA,78,97,0,19
36.124,HR,13,3,13988656,g4/13mA/13mA,78,97,0,19
36.124,HR,14,0,15141357,g5/13mA/13mA,78,97,0,19
36.124,HR,14,1,14743330,g4/13mA/13mA,78,97,0,19
36.124,HR,14,2,12553548,g4/13mA/13mA,78,97,0,19
36.124,HR,14,3,13988991,g4/13mA/13mA,78,97,0,19
36.124,HR,15,0,15141706,g5/13mA/13mA,78,97,0,19
36.124,HR,15,1,14742795,g4/13mA/13mA,78,97,0,19
36.124,HR,15,2,12553291,g4/13mA/13mA,78,97,0,19
36.124,HR,15,3,13989135,g4/13mA/13mA,78,97,0,19
36.124,HR,16,0,15142517,g5/13mA/13mA,78,97,0,19
36.124,HR,16,1,14743623,g4/13mA/13mA,78,97,0,19
36.124,HR,16,2,12553972,g4/13mA/13mA,78,97,0,19
36.124,HR,16,3,13989699,g4/13mA/13mA,78,97,0,19
36.215,HR,17,0,15140317,g5/13mA/13mA,78,97,0,19
36.215,HR,17,1,14742248,g4/13mA/13mA,78,97,0,19
36.215,HR,17,2,12553094,g4/13mA/13mA,78,97,0,19
36.215,HR,17,3,13988325,g4/13mA/13mA,78,97,0,19
36.215,HR,18,0,15142133,g5/13mA/13mA,78,97,0,19
36.215,HR,18,1,14743305,g4/13mA/13mA,78,97,0,19
36.215,HR,18,2,12553572,g4/13mA/13mA,78,97,0,19
36.215,HR,18,3,13989322,g4/13mA/13mA,78,97,0,19
36.215,HR,19,0,15141365,g5/13mA/13mA,78,97,0,19
36.215,HR,19,1,14742743,g4/13mA/13mA,78,97,0,19
36.215,HR,19,2,12553214,g4/13mA/13mA,78,97,0,19
36.215,HR,19,3,13988768,g4/13mA/13mA,78,97,0,19
36.215,HR,20,0,15141706,g5/13mA/13mA,78,97,0,19
36.215,HR,20,1,14742930,g4/13mA/13mA,78,97,0,19
36.215,HR,20,2,12553513,g4/13mA/13mA,78,97,0,19
36.215,HR,20,3,13989228,g4/13mA/13mA,78,97,0,19
36.215,HR,21,0,15141016,g5/13mA/13mA,78,98,0,19
36.215,HR,21,1,14742633,g4/13mA/13mA,78,98,0,19
36.215,HR,21,2,12553139,g4/13mA/13mA,78,98,0,19
36.215,HR,21,3,13988698,g4/13mA/13mA,78,98,0,19
36.244,HR,22,0,15141492,g5/13mA/13mA,78,98,0,19
36.244,HR,22,1,14742700,g4/13mA/13mA,78,98,0,19
36.244,HR,22,2,12553146,g4/13mA/13mA,78,98,0,19
36.244,HR,22,3,13988913,g4/13mA/13mA,78,98,0,19
36.244,HR,23,0,15141536,g5/13mA/13mA,78,98,0,19
36.244,HR,23,1,14742803,g4/13mA/13mA,78,98,0,19
36.244,HR,23,2,12553444,g4/13mA/13mA,78,98,0,19
36.244,HR,23,3,13989118,g4/13mA/13mA,78,98,0,19
36.244,HR,24,0,15142686,g5/13mA/13mA,78,98,0,19
36.244,HR,24,1,14743485,g4/13mA/13mA,78,98,0,19
36.244,HR,24,2,12554001,g4/13mA/13mA,78,98,0,19
36.244,HR,24,3,13989391,g4/13mA/13mA,78,98,0,19
36.244,HR,25,0,15141511,g5/13mA/13mA,78,98,0,19
36.244,HR,25,1,14742785,g4/13mA/13mA,78,98,0,19
36.244,HR,25,2,12553327,g4/13mA/13mA,78,98,0,19
36.244,HR,25,3,13988896,g4/13mA/13mA,78,98,0,19
36.244,HR,26,0,15141688,g5/13mA/13mA,78,98,0,19
36.244,HR,26,1,14743032,g4/13mA/13mA,78,98,0,19
36.244,HR,26,2,12553539,g4/13mA/13mA,78,98,0,19
36.244,HR,26,3,13989117,g4/13mA/13mA,78,98,0,19
36.244,HR,27,0,15141365,g5/13mA/13mA,78,98,0,19
36.244,HR,27,1,14743186,g4/13mA/13mA,78,98,0,19
36.244,HR,27,2,12553708,g4/13mA/13mA,78,98,0,19
36.244,HR,27,3,13989221,g4/13mA/13mA,78,98,0,19
36.245,HR,28,0,15140938,g5/13mA/13mA,78,98,0,19
36.245,HR,28,1,14742614,g4/13mA/13mA,78,98,0,19
36.245,HR,28,2,12553293,g4/13mA/13mA,78,98,0,19
36.245,HR,28,3,13988528,g4/13mA/13mA,78,98,0,19
36.245,HR,29,0,15142287,g5/13mA/13mA,78,98,0,19
36.245,HR,29,1,14743688,g4/13mA/13mA,78,98,0,19
36.245,HR,29,2,12553726,g4/13mA/13mA,78,98,0,19
36.245,HR,29,3,13989400,g4/13mA/13mA,78,98,0,19
36.245,HR,30,0,15139326,g5/13mA/13mA,78,98,0,19
36.245,HR,30,1,14741685,g4/13mA/13mA,78,98,0,19
36.245,HR,30,2,12552386,g4/13mA/13mA,78,98,0,19
36.245,HR,30,3,13987770,g4/13mA/13mA,78,98,0,19
36.245,HR,31,0,15141826,g5/13mA/13mA,78,98,0,19
36.245,HR,31,1,14743127,g4/13mA/13mA,78,98,0,19
36.245,HR,31,2,12553769,g4/13mA/13mA,78,98,0,19
36.245,HR,31,3,13988988,g4/13mA/13mA,78,98,0,19
36.245,HR,32,0,15140784,g5/13mA/13mA,78,98,0,19
36.245,HR,32,1,14742231,g4/13mA/13mA,78,98,0,19
36.245,HR,32,2,12553001,g4/13mA/13mA,78,98,0,19
36.245,HR,32,3,13988555,g4/13mA/13mA,78,98,0,19
36.245,HR,33,0,15143883,g5/13mA/13mA,78,98,0,19
36.245,HR,33,1,14744354,g4/13mA/13mA,78,98,0,19
36.245,HR,33,2,12554742,g4/13mA/13mA,78,98,0,19
36.245,HR,33,3,13990245,g4/13mA/13mA,78,98,0,19
36.338,HR,34,0,15140256,g5/13mA/13mA,78,98,0,19
36.338,HR,34,1,14742043,g4/13mA/13mA,78,98,0,19
36.338,HR,34,2,12552601,g4/13mA/13mA,78,98,0,19
36.338,HR,34,3,13988248,g4/13mA/13mA,78,98,0,19
36.338,HR,35,0,15141639,g5/13mA/13mA,78,98,0,19
36.338,HR,35,1,14743330,g4/13mA/13mA,78,98,0,19
36.338,HR,35,2,12553521,g4/13mA/13mA,78,98,0,19
36.338,HR,35,3,13989365,g4/13mA/13mA,78,98,0,19
36.338,HR,36,0,15141511,g5/13mA/13mA,78,98,0,19
36.338,HR,36,1,14743119,g4/13mA/13mA,78,98,0,19
36.338,HR,36,2,12553189,g4/13mA/13mA,78,98,0,19
36.338,HR,36,3,13988827,g4/13mA/13mA,78,98,0,19
36.338,HR,37,0,15142330,g5/13mA/13mA,78,98,0,19
36.338,HR,37,1,14743612,g4/13mA/13mA,78,98,0,19
36.338,HR,37,2,12553572,g4/13mA/13mA,78,98,0,19
36.338,HR,37,3,13989545,g4/13mA/13mA,78,98,0,19
36.338,HR,38,0,15143559,g5/13mA/13mA,78,98,0,19
36.338,HR,38,1,14743970,g4/13mA/13mA,78,98,0,19
36.338,HR,38,2,12554367,g4/13mA/13mA,78,98,0,19
36.338,HR,38,3,13989997,g4/13mA/13mA,78,98,0,19
36.338,HRV,5,0,15140547,g5/13mA/13mA,78,98,0,19
36.338,HRV,5,1,14741992,g4/13mA/13mA,78,98,0,19
36.338,HRV,5,2,12552815,g4/13mA/13mA,78,98,0,19
36.338,HRV,5,3,13988264,g4/13mA/13mA,78,98,0,19
36.338,HRV,6,0,15140051,g5/13mA/13mA,78,98,0,19
36.338,HRV,6,1,14742043,g4/13mA/13mA,78,98,0,19
36.338,HRV,6,2,12552533,g4/13mA/13mA,78,98,0,19
36.338,HRV,6,3,13988213,g4/13mA/13mA,78,98,0,19
36.338,HRV,7,0,15143029,g5/13mA/13mA,78,98,0,19
36.338,HRV,7,1,14744278,g4/13mA/13mA,78,98,0,19
36.338,HRV,7,2,12554307,g4/13mA/13mA,78,98,0,19
36.338,HRV,7,3,13989518,g4/13mA/13mA,78,98,0,19
36.338,HRV,8,0,15140060,g5/13mA/13mA,78,98,0,19
36.338,HRV,8,1,14741692,g4/13mA/13mA,78,98,0,19
36.338,HRV,8,2,12552789,g4/13mA/13mA,78,98,0,19
36.338,HRV,8,3,13988163,g4/13mA/13mA,78,98,0,19
36.338,HRV,9,0,15142441,g5/13mA/13mA,78,98,0,19
36.338,HRV,9,1,14743570,g4/13mA/13mA,78,98,0,19
36.338,HRV,9,2,12553964,g4/13mA/13mA,78,98,0,19
36.338,HRV,9,3,13989262,g4/13mA/13mA,78,98,0,19
36.338,HRV,10,0,15141511,g5/13mA/13mA,78,98,0,19
36.338,HRV,10,1,14742717,g4/13mA/13mA,78,98,0,19
36.338,HRV,10,2,12553504,g4/13mA/13mA,78,98,0,19
36.338,HRV,10,3,13988853,g4/13mA/13mA,78,98,0,19
36.366,HRV,11,0,15141699,g5/13mA/13mA,78,98,0,19
36.366,HRV,11,1,14743059,g4/13mA/13mA,78,98,0,19
36.366,HRV,11,2,12553565,g4/13mA/13mA,78,98,0,19
36.366,HRV,11,3,13989322,g4/13mA/13mA,78,98,0,19
36.366,HRV,12,0,15142757,g5/13mA/13mA,78,98,0,19
36.366,HRV,12,1,14743665,g4/13mA/13mA,78,98,0,19
36.366,HRV,12,2,12553760,g4/13mA/13mA,78,98,0,19
36.366,HRV,12,3,13989348,g4/13mA/13mA,78,98,0,19
36.366,HRV,13,0,15141297,g5/13mA/13mA,78,98,0,19
36.366,HRV,13,1,14742624,g4/13mA/13mA,78,98,0,19
36.366,HRV,13,2,12553360,g4/13mA/13mA,78,98,0,19
36.366,HRV,13,3,13988656,g4/13mA/13mA,78,98,0,19
36.366,HRV,14,0,15141357,g5/13mA/13mA,78,98,0,19
36.366,HRV,14,1,14743330,g4/13mA/13mA,78,98,0,19
36.366,HRV,14,2,12553548,g4/13mA/13mA,78,98,0,19
36.366,HRV,14,3,13988991,g4/13mA/13mA,78,98,0,19
36.366,HRV,15,0,15141706,g5/13mA/13mA,78,98,0,19
36.366,HRV,15,1,14742795,g4/13mA/13mA,78,98,0,19
36.366,HRV,15,2,12553291,g4/13mA/13mA,78,98,0,19
36.366,HRV,15,3,13989135,g4/13mA/13mA,78,98,0,19
36.366,HRV,16,0,15142517,g5/13mA/13mA,78,98,0,19
36.366,HRV,16,1,14743623,g4/13mA/13mA,78,98,0,19
36.366,HRV,16,2,12553972,g4/13mA/13mA,78,98,0,19
36.366,HRV,16,3,13989699,g4/13mA/13mA,78,98,0,19
36.424,HRV,17,0,15140317,g5/13mA/13mA,78,98,0,19
36.424,HRV,17,1,14742248,g4/13mA/13mA,78,98,0,19
36.424,HRV,17,2,12553094,g4/13mA/13mA,78,98,0,19
36.424,HRV,17,3,13988325,g4/13mA/13mA,78,98,0,19
36.424,HRV,18,0,15142133,g5/13mA/13mA,78,98,0,19
36.424,HRV,18,1,14743305,g4/13mA/13mA,78,98,0,19
36.424,HRV,18,2,12553572,g4/13mA/13mA,78,98,0,19
36.424,HRV,18,3,13989322,g4/13mA/13mA,78,98,0,19
36.424,HRV,19,0,15141365,g5/13mA/13mA,78,98,0,19
36.424,HRV,19,1,14742743,g4/13mA/13mA,78,98,0,19
36.424,HRV,19,2,12553214,g4/13mA/13mA,78,98,0,19
36.424,HRV,19,3,13988768,g4/13mA/13mA,78,98,0,19
36.424,HRV,20,0,15141706,g5/13mA/13mA,78,98,0,19
36.424,HRV,20,1,14742930,g4/13mA/13mA,78,98,0,19
36.424,HRV,20,2,12553513,g4/13mA/13mA,78,98,0,19
36.424,HRV,20,3,13989228,g4/13mA/13mA,78,98,0,19
36.424,HRV,21,0,15141016,g5/13mA/13mA,78,98,0,19
36.424,HRV,21,1,14742633,g4/13mA/13mA,78,98,0,19
36.424,HRV,21,2,12553139,g4/13mA/13mA,78,98,0,19
36.424,HRV,21,3,13988698,g4/13mA/13mA,78,98,0,19
36.456,HRV,22,0,15141492,g5/13mA/13mA,78,98,0,19
36.456,HRV,22,1,14742700,g4/13mA/13mA,78,98,0,19
36.456,HRV,22,2,12553146,g4/13mA/13mA,78,98,0,19
36.456,HRV,22,3,13988913,g4/13mA/13mA,78,98,0,19
36.456,HRV,23,0,15141536,g5/13mA/13mA,78,98,0,19
36.456,HRV,23,1,14742803,g4/13mA/13mA,78,98,0,19
36.456,HRV,23,2,12553444,g4/13mA/13mA,78,98,0,19
36.456,HRV,23,3,13989118,g4/13mA/13mA,78,98,0,19
36.456,HRV,24,0,15142686,g5/13mA/13mA,78,98,0,19
36.456,HRV,24,1,14743485,g4/13mA/13mA,78,98,0,19
36.456,HRV,24,2,12554001,g4/13mA/13mA,78,98,0,19
36.456,HRV,24,3,13989391,g4/13mA/13mA,78,98,0,19
36.456,HRV,25,0,15141511,g5/13mA/13mA,78,98,0,19
36.456,HRV,25,1,14742785,g4/13mA/13mA,78,98,0,19
36.456,HRV,25,2,12553327,g4/13mA/13mA,78,98,0,19
36.456,HRV,25,3,13988896,g4/13mA/13mA,78,98,0,19
36.456,HRV,26,0,15141688,g5/13mA/13mA,78,98,0,19
36.456,HRV,26,1,14743032,g4/13mA/13mA,78,98,0,19
36.456,HRV,26,2,12553539,g4/13mA/13mA,78,98,0,19
36.456,HRV,26,3,13989117,g4/13mA/13mA,78,98,0,19
36.456,HRV,27,0,15141365,g5/13mA/13mA,78,98,0,19
36.456,HRV,27,1,14743186,g4/13mA/13mA,78,98,0,19
36.456,HRV,27,2,12553708,g4/13mA/13mA,78,98,0,19
36.456,HRV,27,3,13989221,g4/13mA/13mA,78,98,0,19
36.484,HRV,28,0,15140938,g5/13mA/13mA,78,98,0,19
36.484,HRV,28,1,14742614,g4/13mA/13mA,78,98,0,19
36.484,HRV,28,2,12553293,g4/13mA/13mA,78,98,0,19
36.484,HRV,28,3,13988528,g4/13mA/13mA,78,98,0,19
36.484,HRV,29,0,15142287,g5/13mA/13mA,78,98,0,19
36.484,HRV,29,1,14743688,g4/13mA/13mA,78,98,0,19
36.484,HRV,29,2,12553726,g4/13mA/13mA,78,98,0,19
36.484,HRV,29,3,13989400,g4/13mA/13mA,78,98,0,19
36.484,HRV,30,0,15139326,g5/13mA/13mA,78,98,0,19
36.484,HRV,30,1,14741685,g4/13mA/13mA,78,98,0,19
36.484,HRV,30,2,12552386,g4/13mA/13mA,78,98,0,19
36.484,HRV,30,3,13987770,g4/13mA/13mA,78,98,0,19
36.484,HRV,31,0,15141826,g5/13mA/13mA,78,98,0,19
36.484,HRV,31,1,14743127,g4/13mA/13mA,78,98,0,19
36.484,HRV,31,2,12553769,g4/13mA/13mA,78,98,0,19
36.484,HRV,31,3,13988988,g4/13mA/13mA,78,98,0,19
36.484,HRV,32,0,15140784,g5/13mA/13mA,78,98,0,19
36.484,HRV,32,1,14742231,g4/13mA/13mA,78,98,0,19
36.484,HRV,32,2,12553001,g4/13mA/13mA,78,98,0,19
36.484,HRV,32,3,13988555,g4/13mA/13mA,78,98,0,19
36.484,HRV,33,0,15143883,g5/13mA/13mA,78,98,0,19
36.484,HRV,33,1,14744354,g4/13mA/13mA,78,98,0,19
36.484,HRV,33,2,12554742,g4/13mA/13mA,78,98,0,19
36.484,HRV,33,3,13990245,g4/13mA/13mA,78,98,0,19
36.544,HRV,34,0,15140256,g5/13mA/13mA,78,98,0,19
36.544,HRV,34,1,14742043,g4/13mA/13mA,78,98,0,19
36.544,HRV,34,2,12552601,g4/13mA/13mA,78,98,0,19
36.544,HRV,34,3,13988248,g4/13mA/13mA,78,98,0,19
36.544,HRV,35,0,15141639,g5/13mA/13mA,78,98,0,19
36.544,HRV,35,1,14743330,g4/13mA/13mA,78,98,0,19
36.544,HRV,35,2,12553521,g4/13mA/13mA,78,98,0,19
36.544,HRV,35,3,13989365,g4/13mA/13mA,78,98,0,19
36.544,HRV,36,0,15141511,g5/13mA/13mA,78,98,0,19
36.544,HRV,36,1,14743119,g4/13mA/13mA,78,98,0,19
36.544,HRV,36,2,12553189,g4/13mA/13mA,78,98,0,19
36.544,HRV,36,3,13988827,g4/13mA/13mA,78,98,0,19
36.544,HRV,37,0,15142330,g5/13mA/13mA,78,98,0,19
36.544,HRV,37,1,14743612,g4/13mA/13mA,78,98,0,19
36.544,HRV,37,2,12553572,g4/13mA/13mA,78,98,0,19
36.544,HRV,37,3,13989545,g4/13mA/13mA,78,98,0,19
36.544,HRV,38,0,15143559,g5/13mA/13mA,78,98,0,19
36.544,HRV,38,1,14743970,g4/13mA/13mA,78,98,0,19
36.544,HRV,38,2,12554367,g4/13mA/13mA,78,98,0,19
36.544,HRV,38,3,13989997,g4/13mA/13mA,78,98,0,19
36.575,SPO2,5,0,12975260,g1/60mA/0mA,78,98,0,19
36.575,SPO2,5,1,12229654,g1/25mA/0mA,78,98,0,19
36.575,SPO2,6,0,12975143,g1/60mA/0mA,78,98,0,19
36.575,SPO2,6,1,12229747,g1/25mA/0mA,78,98,0,19
36.575,SPO2,7,0,12976879,g1/60mA/0mA,78,98,0,19
36.575,SPO2,7,1,12230498,g1/25mA/0mA,78,98,0,19
36.575,SPO2,8,0,12974880,g1/60mA/0mA,78,98,0,19
36.575,SPO2,8,1,12229688,g1/25mA/0mA,78,98,0,19
36.575,SPO2,9,0,12976681,g1/60mA/0mA,78,98,0,19
36.575,SPO2,9,1,12230521,g1/25mA/0mA,78,98,0,19
36.575,SPO2,10,0,12975940,g1/60mA/0mA,78,98,0,19
36.575,SPO2,10,1,12230007,g1/25mA/0mA,78,98,0,19
36.575,SPO2,11,0,12976278,g1/60mA/0mA,78,98,0,19
36.575,SPO2,11,1,12230333,g1/25mA/0mA,78,98,0,19
36.633,SPO2,12,0,12976484,g1/60mA/0mA,78,98,0,19
36.633,SPO2,12,1,12230167,g1/25mA/0mA,78,98,0,19
36.633,SPO2,13,0,12975864,g1/60mA/0mA,78,98,0,19
36.633,SPO2,13,1,12229903,g1/25mA/0mA,78,98,0,19
36.633,SPO2,14,0,12976131,g1/60mA/0mA,78,98,0,19
36.633,SPO2,14,1,12230245,g1/25mA/0mA,78,98,0,19
36.633,SPO2,15,0,12976076,g1/60mA/0mA,78,98,0,19
36.633,SPO2,15,1,12230042,g1/25mA/0mA,78,98,0,19
36.633,SPO2,16,0,12976788,g1/60mA/0mA,78,98,0,19
36.633,SPO2,16,1,12230470,g1/25mA/0mA,78,98,0,19
36.633,SPO2,17,0,12974932,g1/60mA/0mA,78,98,0,19
36.633,SPO2,17,1,12229484,g1/25mA/0mA,78,98,0,19
36.633,SPO2,18,0,12976258,g1/60mA/0mA,78,98,0,19
36.633,SPO2,18,1,12230133,g1/25mA/0mA,78,98,0,19
36.633,SPO2,19,0,12976007,g1/60mA/0mA,78,98,0,19
36.633,SPO2,19,1,12230107,g1/25mA/0mA,78,98,0,19
36.696,SPO2,20,0,12976157,g1/60mA/0mA,78,98,0,19
36.696,SPO2,20,1,12230128,g1/25mA/0mA,78,98,0,19
36.696,SPO2,21,0,12975683,g1/60mA/0mA,78,98,0,18
36.696,SPO2,21,1,12229996,g1/25mA/0mA,78,98,0,18
36.696,SPO2,22,0,12975689,g1/60mA/0mA,78,98,0,18
36.696,SPO2,22,1,12229934,g1/25mA/0mA,78,98,0,18
36.696,SPO2,23,0,12975911,g1/60mA/0mA,78,98,0,18
36.696,SPO2,23,1,12230024,g1/25mA/0mA,78,98,0,18
36.696,SPO2,24,0,12976386,g1/60mA/0mA,78,98,0,18
36.696,SPO2,24,1,12230116,g1/25mA/0mA,78,98,0,18
36.696,SPO2,25,0,12976234,g1/60mA/0mA,78,98,0,18
36.696,SPO2,25,1,12230177,g1/25mA/0mA,78,98,0,18
36.696,SPO2,26,0,12975774,g1/60mA/0mA,78,98,0,18
36.696,SPO2,26,1,12229754,g1/25mA/0mA,78,98,0,18
36.696,SPO2,27,0,12976365,g1/60mA/0mA,78,98,0,18
36.696,SPO2,27,1,12230342,g1/25mA/0mA,78,98,0,18
36.696,SPO2,28,0,12975350,g1/60mA/0mA,78,98,0,18
36.696,SPO2,28,1,12229681,g1/25mA/0mA,78,98,0,18
36.696,SPO2,29,0,12976583,g1/60mA/0mA,78,98,0,18
36.696,SPO2,29,1,12230283,g1/25mA/0mA,78,98,0,18
36.696,SPO2,30,0,12974396,g1/60mA/0mA,78,98,0,18
36.696,SPO2,30,1,12229385,g1/25mA/0mA,78,98,0,18
36.696,SPO2,31,0,12975962,g1/60mA/0mA,78,98,0,18
36.696,SPO2,31,1,12229843,g1/25mA/0mA,78,98,0,18
36.696,SPO2,32,0,12975858,g1/60mA/0mA,78,98,0,18
36.696,SPO2,32,1,12230057,g1/25mA/0mA,78,98,0,18
36.696,SPO2,33,0,12977307,g1/60mA/0mA,78,98,0,18
36.696,SPO2,33,1,12230664,g1/25mA/0mA,78,98,0,18
36.724,SPO2,34,0,12975291,g1/60mA/0mA,78,98,0,18
36.724,SPO2,34,1,12229814,g1/25mA/0mA,78,98,0,18
36.724,SPO2,35,0,12975988,g1/60mA/0mA,78,98,0,18
36.724,SPO2,35,1,12230035,g1/25mA/0mA,78,98,0,18
36.724,SPO2,36,0,12975906,g1/60mA/0mA,78,98,0,18
36.724,SPO2,36,1,12230014,g1/25mA/0mA,78,98,0,18
36.724,SPO2,37,0,12976174,g1/60mA/0mA,78,98,0,18
36.724,SPO2,37,1,12230167,g1/25mA/0mA,78,98,0,18
36.724,SPO2,38,0,12977286,g1/60mA/0mA,78,98,0,18
36.724,SPO2,38,1,12230618,g1/25mA/0mA,78,98,0,18
37.627,HR,39,0,15142527,g5/13mA/13mA,78,98,0,18
37.627,HR,39,1,14743263,g4/13mA/13mA,78,98,0,18
37.627,HR,39,2,12553787,g4/13mA/13mA,78,98,0,18
37.627,HR,39,3,13989484,g4/13mA/13mA,78,98,0,18
37.627,HR,40,0,15142014,g5/13mA/13mA,78,98,0,18
37.627,HR,40,1,14743161,g4/13mA/13mA,78,98,0,18
37.627,HR,40,2,12553376,g4/13mA/13mA,78,98,0,18
37.627,HR,40,3,13989040,g4/13mA/13mA,78,98,0,18
37.627,HR,41,0,15141058,g5/13mA/13mA,78,98,0,18
37.627,HR,41,1,14742564,g4/13mA/13mA,78,98,0,18
37.627,HR,41,2,12553087,g4/13mA/13mA,78,98,0,18
37.627,HR,41,3,13988981,g4/13mA/13mA,78,98,0,18
37.627,HR,42,0,15141007,g5/13mA/13mA,78,98,0,18
37.627,HR,42,1,14742888,g4/13mA/13mA,78,98,0,18
37.627,HR,42,2,12553546,g4/13mA/13mA,78,98,0,18
37.627,HR,42,3,13989050,g4/13mA/13mA,78,98,0,18
37.627,HR,43,0,15142482,g5/13mA/13mA,78,98,0,18
37.627,HR,43,1,14743801,g4/13mA/13mA,78,98,0,18
37.627,HR,43,2,12553896,g4/13mA/13mA,78,98,0,18
37.627,HR,43,3,13989526,g4/13mA/13mA,78,98,0,18
37.627,HR,44,0,15141588,g5/13mA/13mA,78,98,0,18
37.627,HR,44,1,14742795,g4/13mA/13mA,78,98,0,18
37.627,HR,44,2,12553488,g4/13mA/13mA,78,98,0,18
37.627,HR,44,3,13988988,g4/13mA/13mA,78,98,0,18
37.654,HR,45,0,15142109,g5/13mA/13mA,78,98,0,18
37.654,HR,45,1,14743041,g4/13mA/13mA,78,98,0,18
37.654,HR,45,2,12553369,g4/13mA/13mA,78,98,0,18
37.654,HR,45,3,13988886,g4/13mA/13mA,78,98,0,18
37.654,HR,46,0,15141723,g5/13mA/13mA,77,98,0,18
37.654,HR,46,1,14743152,g4/13mA/13mA,77,98,0,18
37.654,HR,46,2,12553546,g4/13mA/13mA,77,98,0,18
37.654,HR,46,3,13988785,g4/13mA/13mA,77,98,0,18
37.654,HR,47,0,15140998,g5/13mA/13mA,77,98,0,18
37.654,HR,47,1,14742821,g4/13mA/13mA,77,98,0,18
37.654,HR,47,2,12552830,g4/13mA/13mA,77,98,0,18
37.654,HR,47,3,13988998,g4/13mA/13mA,77,98,0,18
37.654,HR,48,0,15141077,g5/13mA/13mA,77,98,0,18
37.654,HR,48,1,14742948,g4/13mA/13mA,77,98,0,18
37.654,HR,48,2,12553163,g4/13mA/13mA,77,98,0,18
37.654,HR,48,3,13988827,g4/13mA/13mA,77,98,0,18
37.654,HR,49,0,15140554,g5/13mA/13mA,77,98,0,18
37.654,HR,49,1,14742667,g4/13mA/13mA,77,98,0,18
37.654,HR,49,2,12552728,g4/13mA/13mA,77,98,0,18
37.654,HR,49,3,13988059,g4/13mA/13mA,77,98,0,18
37.716,HR,50,0,15142125,g5/13mA/13mA,77,98,0,18
37.716,HR,50,1,14743236,g4/13mA/13mA,77,98,0,18
37.716,HR,50,2,12553837,g4/13mA/13mA,77,98,0,18
37.716,HR,50,3,13989289,g4/13mA/13mA,77,98,0,18
37.716,HR,51,0,15143744,g5/13mA/13mA,77,98,0,18
37.716,HR,51,1,14744535,g4/13mA/13mA,77,98,0,18
37.716,HR,51,2,12554868,g4/13mA/13mA,77,98,0,18
37.716,HR,51,3,13990270,g4/13mA/13mA,77,98,0,18
37.716,HR,52,0,15141135,g5/13mA/13mA,77,98,0,18
37.716,HR,52,1,14742777,g4/13mA/13mA,77,98,0,18
37.716,HR,52,2,12553376,g4/13mA/13mA,77,98,0,18
37.716,HR,52,3,13988818,g4/13mA/13mA,77,98,0,18
37.716,HR,53,0,15143046,g5/13mA/13mA,77,98,0,18
37.716,HR,53,1,14743860,g4/13mA/13mA,77,98,0,18
37.716,HR,53,2,12554272,g4/13mA/13mA,77,98,0,18
37.716,HR,53,3,13989688,g4/13mA/13mA,77,98,0,18
37.716,HR,54,0,15141885,g5/13mA/13mA,77,98,0,18
37.716,HR,54,1,14743443,g4/13mA/13mA,77,98,0,18
37.716,HR,54,2,12553462,g4/13mA/13mA,77,98,0,18
37.716,HR,54,3,13988923,g4/13mA/13mA,77,98,0,18
37.716,HR,55,0,15141144,g5/13mA/13mA,77,98,0,18
37.716,HR,55,1,14742871,g4/13mA/13mA,77,98,0,18
37.716,HR,55,2,12553222,g4/13mA/13mA,77,98,0,18
37.716,HR,55,3,13988853,g4/13mA/13mA,77,98,0,18
37.745,HR,56,0,15141691,g5/13mA/13mA,77,98,0,18
37.745,HR,56,1,14742972,g4/13mA/13mA,77,98,0,18
37.745,HR,56,2,12553418,g4/13mA/13mA,77,98,0,18
37.745,HR,56,3,13988845,g4/13mA/13mA,77,98,0,18
37.745,HR,57,0,15143148,g5/13mA/13mA,77,98,0,18
37.745,HR,57,1,14743784,g4/13mA/13mA,77,98,0,18
37.745,HR,57,2,12554239,g4/13mA/13mA,77,98,0,18
37.745,HR,57,3,13989468,g4/13mA/13mA,77,98,0,18
37.745,HR,58,0,15142654,g5/13mA/13mA,77,98,0,18
37.745,HR,58,1,14743706,g4/13mA/13mA,77,98,0,18
37.745,HR,58,2,12554001,g4/13mA/13mA,77,98,0,18
37.745,HR,58,3,13989654,g4/13mA/13mA,77,98,0,18
37.745,HR,59,0,15140468,g5/13mA/13mA,77,98,0,18
37.745,HR,59,1,14742445,g4/13mA/13mA,77,98,0,18
37.745,HR,59,2,12552830,g4/13mA/13mA,77,98,0,18
37.745,HR,59,3,13988299,g4/13mA/13mA,77,98,0,18
37.745,HR,60,0,15142312,g5/13mA/13mA,77,98,0,18
37.745,HR,60,1,14743323,g4/13mA/13mA,77,98,0,18
37.745,HR,60,2,12553735,g4/13mA/13mA,77,98,0,18
37.745,HR,60,3,13989289,g4/13mA/13mA,77,98,0,18
37.745,HR,61,0,15140487,g5/13mA/13mA,77,98,0,18
37.745,HR,61,1,14742700,g4/13mA/13mA,77,98,0,18
37.745,HR,61,2,12553173,g4/13mA/13mA,77,98,0,18
37.745,HR,61,3,13988803,g4/13mA/13mA,77,98,0,18
37.836,HR,62,0,15141861,g5/13mA/13mA,77,98,0,18
37.836,HR,62,1,14743221,g4/13mA/13mA,77,98,0,18
37.836,HR,62,2,12553497,g4/13mA/13mA,77,98,0,18
37.836,HR,62,3,13989135,g4/13mA/13mA,77,98,0,18
37.836,HR,63,0,15142125,g5/13mA/13mA,77,98,0,18
37.836,HR,63,1,14743398,g4/13mA/13mA,77,98,0,18
37.836,HR,63,2,12553539,g4/13mA/13mA,77,98,0,18
37.836,HR,63,3,13989348,g4/13mA/13mA,77,98,0,18
37.836,HR,64,0,15141597,g5/13mA/13mA,77,98,0,18
37.836,HR,64,1,14742965,g4/13mA/13mA,77,98,0,18
37.836,HR,64,2,12553411,g4/13mA/13mA,77,98,0,18
37.836,HR,64,3,13988777,g4/13mA/13mA,77,98,0,18
37.836,HR,65,0,15142636,g5/13mA/13mA,77,98,0,18
37.837,HR,65,1,14743468,g4/13mA/13mA,77,98,0,18
37.837,HR,65,2,12554076,g4/13mA/13mA,77,98,0,18
37.837,HR,65,3,13989732,g4/13mA/13mA,77,98,0,18
37.837,HR,66,0,15140957,g5/13mA/13mA,77,98,0,18
37.837,HR,66,1,14742486,g4/13mA/13mA,77,98,0,18
37.837,HR,66,2,12553001,g4/13mA/13mA,77,98,0,18
37.837,HR,66,3,13988614,g4/13mA/13mA,77,98,0,18
37.837,HR,67,0,15141654,g5/13mA/13mA,77,98,0,18
37.837,HR,67,1,14742682,g4/13mA/13mA,77,98,0,18
37.837,HR,67,2,12553034,g4/13mA/13mA,77,98,0,18
37.837,HR,67,3,13988520,g4/13mA/13mA,77,98,0,18
37.866,HR,68,0,15141093,g5/13mA/13mA,77,98,0,18
37.866,HR,68,1,14742939,g4/13mA/13mA,77,98,0,18
37.866,HR,68,2,12553233,g4/13mA/13mA,77,98,0,18
37.866,HR,68,3,13989015,g4/13mA/13mA,77,98,0,18
37.866,HR,69,0,15141973,g5/13mA/13mA,77,98,0,18
37.866,HR,69,1,14743084,g4/13mA/13mA,77,98,0,18
37.866,HR,69,2,12553677,g4/13mA/13mA,77,98,0,18
37.866,HR,69,3,13988964,g4/13mA/13mA,77,98,0,18
37.866,HR,70,0,15142235,g5/13mA/13mA,77,98,0,18
37.866,HR,70,1,14743032,g4/13mA/13mA,77,98,0,18
37.866,HR,70,2,12553658,g4/13mA/13mA,77,98,0,18
37.866,HR,70,3,13989484,g4/13mA/13mA,77,98,0,18
37.866,HR,71,0,15140622,g5/13mA/13mA,77,98,0,18
37.866,HR,71,1,14742759,g4/13mA/13mA,77,98,0,18
37.866,HR,71,2,12552914,g4/13mA/13mA,77,98,0,18
37.866,HR,71,3,13988674,g4/13mA/13mA,77,98,0,18
37.866,HR,72,0,15143021,g5/13mA/13mA,77,98,0,18
37.866,HR,72,1,14743638,g4/13mA/13mA,77,98,0,18
37.866,HR,72,2,12553889,g4/13mA/13mA,77,98,0,18
37.866,HR,72,3,13989775,g4/13mA/13mA,77,98,0,18
37.892,HRV,39,0,15142527,g5/13mA/13mA,77,98,0,18
37.892,HRV,39,1,14743263,g4/13mA/13mA,77,98,0,18
37.892,HRV,39,2,12553787,g4/13mA/13mA,77,98,0,18
37.892,HRV,39,3,13989484,g4/13mA/13mA,77,98,0,18
37.892,HRV,40,0,15142014,g5/13mA/13mA,77,98,0,18
37.892,HRV,40,1,14743161,g4/13mA/13mA,77,98,0,18
37.892,HRV,40,2,12553376,g4/13mA/13mA,77,98,0,18
37.892,HRV,40,3,13989040,g4/13mA/13mA,77,98,0,18
37.892,HRV,41,0,15141058,g5/13mA/13mA,77,98,0,18
37.892,HRV,41,1,14742564,g4/13mA/13mA,77,98,0,18
37.892,HRV,41,2,12553087,g4/13mA/13mA,77,98,0,18
37.892,HRV,41,3,13988981,g4/13mA/13mA,77,98,0,18
37.892,HRV,42,0,15141007,g5/13mA/13mA,77,98,0,18
37.892,HRV,42,1,14742888,g4/13mA/13mA,77,98,0,18
37.892,HRV,42,2,12553546,g4/13mA/13mA,77,98,0,18
37.892,HRV,42,3,13989050,g4/13mA/13mA,77,98,0,18
37.892,HRV,43,0,15142482,g5/13mA/13mA,77,98,0,18
37.892,HRV,43,1,14743801,g4/13mA/13mA,77,98,0,18
37.892,HRV,43,2,12553896,g4/13mA/13mA,77,98,0,18
37.892,HRV,43,3,13989526,g4/13mA/13mA,77,98,0,18
37.892,HRV,44,0,15141588,g5/13mA/13mA,77,98,0,18
37.892,HRV,44,1,14742795,g4/13mA/13mA,77,98,0,18
37.892,HRV,44,2,12553488,g4/13mA/13mA,77,98,0,18
37.892,HRV,44,3,13988988,g4/13mA/13mA,77,98,0,18
37.926,HRV,45,0,15142109,g5/13mA/13mA,77,98,0,18
37.926,HRV,45,1,14743041,g4/13mA/13mA,77,98,0,18
37.926,HRV,45,2,12553369,g4/13mA/13mA,77,98,0,18
37.927,HRV,45,3,13988886,g4/13mA/13mA,77,98,0,18
37.927,HRV,46,0,15141723,g5/13mA/13mA,77,98,0,18
37.927,HRV,46,1,14743152,g4/13mA/13mA,77,98,0,18
37.927,HRV,46,2,12553546,g4/13mA/13mA,77,98,0,18
37.927,HRV,46,3,13988785,g4/13mA/13mA,77,98,0,18
37.927,HRV,47,0,15140998,g5/13mA/13mA,77,98,0,18
37.927,HRV,47,1,14742821,g4/13mA/13mA,77,98,0,18
37.927,HRV,47,2,12552830,g4/13mA/13mA,77,98,0,18
37.927,HRV,47,3,13988998,g4/13mA/13mA,77,98,0,18
37.927,HRV,48,0,15141077,g5/13mA/13mA,77,98,0,18
37.927,HRV,48,1,14742948,g4/13mA/13mA,77,98,0,18
37.927,HRV,48,2,12553163,g4/13mA/13mA,77,98,0,18
37.927,HRV,48,3,13988827,g4/13mA/13mA,77,98,0,18
37.927,HRV,49,0,15140554,g5/13mA/13mA,77,98,0,18
37.927,HRV,49,1,14742667,g4/13mA/13mA,77,98,0,18
37.927,HRV,49,2,12552728,g4/13mA/13mA,77,98,0,18
37.927,HRV,49,3,13988059,g4/13mA/13mA,77,98,0,18
37.955,HRV,50,0,15142125,g5/13mA/13mA,77,98,0,18
37.955,HRV,50,1,14743236,g4/13mA/13mA,77,98,0,18
37.955,HRV,50,2,12553837,g4/13mA/13mA,77,98,0,18
37.955,HRV,50,3,13989289,g4/13mA/13mA,77,98,0,18
37.955,HRV,51,0,15143744,g5/13mA/13mA,77,98,0,18
37.955,HRV,51,1,14744535,g4/13mA/13mA,77,98,0,18
37.955,HRV,51,2,12554868,g4/13mA/13mA,77,98,0,18
37.955,HRV,51,3,13990270,g4/13mA/13mA,77,98,0,18
37.955,HRV,52,0,15141135,g5/13mA/13mA,77,98,0,18
37.955,HRV,52,1,14742777,g4/13mA/13mA,77,98,0,18
37.955,HRV,52,2,12553376,g4/13mA/13mA,77,98,0,18
37.955,HRV,52,3,13988818,g4/13mA/13mA,77,98,0,18
37.955,HRV,53,0,15143046,g5/13mA/13mA,77,98,0,18
37.955,HRV,53,1,14743860,g4/13mA/13mA,77,98,0,18
37.955,HRV,53,2,12554272,g4/13mA/13mA,77,98,0,18
37.955,HRV,53,3,13989688,g4/13mA/13mA,77,98,0,18
37.955,HRV,54,0,15141885,g5/13mA/13mA,77,98,0,18
37.955,HRV,54,1,14743443,g4/13mA/13mA,77,98,0,18
37.955,HRV,54,2,12553462,g4/13mA/13mA,77,98,0,18
37.955,HRV,54,3,13988923,g4/13mA/13mA,77,98,0,18
37.955,HRV,55,0,15141144,g5/13mA/13mA,77,98,0,18
37.955,HRV,55,1,14742871,g4/13mA/13mA,77,98,0,18
37.955,HRV,55,2,12553222,g4/13mA/13mA,77,98,0,18
37.955,HRV,55,3,13988853,g4/13mA/13mA,77,98,0,18
37.984,HRV,56,0,15141691,g5/13mA/13mA,77,98,0,18
37.984,HRV,56,1,14742972,g4/13mA/13mA,77,98,0,18
37.984,HRV,56,2,12553418,g4/13mA/13mA,77,98,0,18
37.984,HRV,56,3,13988845,g4/13mA/13mA,77,98,0,18
37.984,HRV,57,0,15143148,g5/13mA/13mA,77,98,0,18
37.984,HRV,57,1,14743784,g4/13mA/13mA,77,98,0,18
37.984,HRV,57,2,12554239,g4/13mA/13mA,77,98,0,18
37.984,HRV,57,3,13989468,g4/13mA/13mA,77,98,0,18
37.984,HRV,58,0,15142654,g5/13mA/13mA,77,98,0,18
37.984,HRV,58,1,14743706,g4/13mA/13mA,77,98,0,18
37.984,HRV,58,2,12554001,g4/13mA/13mA,77,98,0,18
37.984,HRV,58,3,13989654,g4/13mA/13mA,77,98,0,18
37.984,HRV,59,0,15140468,g5/13mA/13mA,77,98,0,18
37.984,HRV,59,1,14742445,g4/13mA/13mA,77,98,0,18
37.984,HRV,59,2,12552830,g4/13mA/13mA,77,98,0,18
37.984,HRV,59,3,13988299,g4/13mA/13mA,77,98,0,18
37.984,HRV,60,0,15142312,g5/13mA/13mA,77,98,0,18
37.984,HRV,60,1,14743323,g4/13mA/13mA,77,98,0,18
37.984,HRV,60,2,12553735,g4/13mA/13mA,77,98,0,18
37.984,HRV,60,3,13989289,g4/13mA/13mA,77,98,0,18
37.984,HRV,61,0,15140487,g5/13mA/13mA,77,98,0,18
37.984,HRV,61,1,14742700,g4/13mA/13mA,77,98,0,18
37.984,HRV,61,2,12553173,g4/13mA/13mA,77,98,0,18
37.984,HRV,61,3,13988803,g4/13mA/13mA,77,98,0,18
38.046,HRV,62,0,15141861,g5/13mA/13mA,77,98,0,18
38.046,HRV,62,1,14743221,g4/13mA/13mA,77,98,0,18
38.046,HRV,62,2,12553497,g4/13mA/13mA,77,98,0,18
38.046,HRV,62,3,13989135,g4/13mA/13mA,77,98,0,18
38.046,HRV,63,0,15142125,g5/13mA/13mA,77,98,0,18
38.046,HRV,63,1,14743398,g4/13mA/13mA,77,98,0,18
38.046,HRV,63,2,12553539,g4/13mA/13mA,77,98,0,18
38.046,HRV,63,3,13989348,g4/13mA/13mA,77,98,0,18
38.046,HRV,64,0,15141597,g5/13mA/13mA,77,98,0,18
38.046,HRV,64,1,14742965,g4/13mA/13mA,77,98,0,18
38.046,HRV,64,2,12553411,g4/13mA/13mA,77,98,0,18
38.046,HRV,64,3,13988777,g4/13mA/13mA,77,98,0,18
38.046,HRV,65,0,15142636,g5/13mA/13mA,77,98,0,18
38.046,HRV,65,1,14743468,g4/13mA/13mA,77,98,0,18
38.046,HRV,65,2,12554076,g4/13mA/13mA,77,98,0,18
38.046,HRV,65,3,13989732,g4/13mA/13mA,77,98,0,18
38.046,HRV,66,0,15140957,g5/13mA/13mA,77,98,0,18
38.046,HRV,66,1,14742486,g4/13mA/13mA,77,98,0,18
38.046,HRV,66,2,12553001,g4/13mA/13mA,77,98,0,18
38.046,HRV,66,3,13988614,g4/13mA/13mA,77,98,0,18
38.046,HRV,67,0,15141654,g5/13mA/13mA,77,98,0,18
38.046,HRV,67,1,14742682,g4/13mA/13mA,77,98,0,18
38.046,HRV,67,2,12553034,g4/13mA/13mA,77,98,0,18
38.046,HRV,67,3,13988520,g4/13mA/13mA,77,98,0,18
38.075,HRV,68,0,15141093,g5/13mA/13mA,77,98,0,18
38.075,HRV,68,1,14742939,g4/13mA/13mA,77,98,0,18
38.075,HRV,68,2,12553233,g4/13mA/13mA,77,98,0,18
38.075,HRV,68,3,13989015,g4/13mA/13mA,77,98,0,18
38.075,HRV,69,0,15141973,g5/13mA/13mA,77,98,0,18
38.075,HRV,69,1,14743084,g4/13mA/13mA,77,98,0,18
38.075,HRV,69,2,12553677,g4/13mA/13mA,77,98,0,18
38.075,HRV,69,3,13988964,g4/13mA/13mA,77,98,0,18
38.075,HRV,70,0,15142235,g5/13mA/13mA,77,98,0,18
38.075,HRV,70,1,14743032,g4/13mA/13mA,77,98,0,18
38.075,HRV,70,2,12553658,g4/13mA/13mA,77,98,0,18
38.075,HRV,70,3,13989484,g4/13mA/13mA,77,98,0,18
38.075,HRV,71,0,15140622,g5/13mA/13mA,77,98,0,18
38.075,HRV,71,1,14742759,g4/13mA/13mA,77,98,0,18
38.075,HRV,71,2,12552914,g4/13mA/13mA,77,98,0,18
38.075,HRV,71,3,13988674,g4/13mA/13mA,77,98,0,18
38.075,HRV,72,0,15143021,g5/13mA/13mA,77,98,0,18
38.075,HRV,72,1,14743638,g4/13mA/13mA,77,98,0,18
38.075,HRV,72,2,12553889,g4/13mA/13mA,77,98,0,18
38.075,HRV,72,3,13989775,g4/13mA/13mA,77,98,0,18
38.135,SPO2,39,0,12976597,g1/60mA/0mA,77,98,0,18
38.135,SPO2,39,1,12230500,g1/25mA/0mA,77,98,0,18
38.135,SPO2,40,0,12975912,g1/60mA/0mA,77,98,0,18
38.135,SPO2,40,1,12229888,g1/25mA/0mA,77,98,0,18
38.135,SPO2,41,0,12975436,g1/60mA/0mA,77,98,0,18
38.135,SPO2,41,1,12229770,g1/25mA/0mA,77,98,0,18
38.135,SPO2,42,0,12975584,g1/60mA/0mA,77,98,0,18
38.135,SPO2,42,1,12229684,g1/25mA/0mA,77,98,0,18
38.135,SPO2,43,0,12976518,g1/60mA/0mA,77,98,0,18
38.135,SPO2,43,1,12230356,g1/25mA/0mA,77,98,0,18
38.135,SPO2,44,0,12975792,g1/60mA/0mA,77,98,0,18
38.135,SPO2,44,1,12230138,g1/25mA/0mA,77,98,0,18
38.135,SPO2,45,0,12976044,g1/60mA/0mA,77,98,0,18
38.135,SPO2,45,1,12230038,g1/25mA/0mA,77,98,0,18
38.165,SPO2,46,0,12976055,g1/60mA/0mA,77,98,0,18
38.165,SPO2,46,1,12230310,g1/25mA/0mA,77,98,0,18
38.165,SPO2,47,0,12975716,g1/60mA/0mA,77,98,0,18
38.165,SPO2,47,1,12229778,g1/25mA/0mA,77,98,0,18
38.165,SPO2,48,0,12975846,g1/60mA/0mA,77,98,0,18
38.165,SPO2,48,1,12230057,g1/25mA/0mA,77,98,0,18
38.165,SPO2,49,0,12974986,g1/60mA/0mA,77,98,0,18
38.165,SPO2,49,1,12229640,g1/25mA/0mA,77,98,0,18
38.165,SPO2,50,0,12976227,g1/60mA/0mA,77,98,0,18
38.165,SPO2,50,1,12230322,g1/25mA/0mA,77,98,0,18
38.165,SPO2,51,0,12978291,g1/60mA/0mA,77,98,0,18
38.165,SPO2,51,1,12231558,g1/25mA/0mA,77,98,0,18
38.194,SPO2,52,0,12975977,g1/60mA/0mA,77,98,0,18
38.194,SPO2,52,1,12230222,g1/25mA/0mA,77,98,0,18
38.194,SPO2,53,0,12976580,g1/60mA/0mA,77,98,0,18
38.194,SPO2,53,1,12230319,g1/25mA/0mA,77,98,0,18
38.194,SPO2,54,0,12976117,g1/60mA/0mA,77,98,0,18
38.194,SPO2,54,1,12230147,g1/25mA/0mA,77,98,0,18
38.194,SPO2,55,0,12975858,g1/60mA/0mA,77,98,0,18
38.194,SPO2,55,1,12230319,g1/25mA/0mA,77,98,0,18
38.194,SPO2,56,0,12975548,g1/60mA/0mA,77,98,0,18
38.194,SPO2,56,1,12229611,g1/25mA/0mA,77,98,0,18
38.194,SPO2,57,0,12977190,g1/60mA/0mA,77,98,0,18
38.194,SPO2,57,1,12230837,g1/25mA/0mA,77,98,0,18
38.194,SPO2,58,0,12976532,g1/60mA/0mA,77,98,0,18
38.194,SPO2,58,1,12230234,g1/25mA/0mA,77,98,0,18
38.646,SPO2,59,0,12975434,g1/60mA/0mA,77,98,0,18
38.646,SPO2,59,1,12229849,g1/25mA/0mA,77,98,0,18
38.646,SPO2,60,0,12976385,g1/60mA/0mA,77,98,0,18
38.646,SPO2,60,1,12230219,g1/25mA/0mA,77,98,0,18
38.646,SPO2,61,0,12975644,g1/60mA/0mA,77,98,0,18
38.646,SPO2,61,1,12229894,g1/25mA/0mA,77,98,0,18
38.646,SPO2,62,0,12976117,g1/60mA/0mA,77,98,0,18
38.646,SPO2,62,1,12230080,g1/25mA/0mA,77,98,0,18
38.646,SPO2,63,0,12976439,g1/60mA/0mA,77,98,0,18
38.646,SPO2,63,1,12230192,g1/25mA/0mA,77,98,0,18
38.646,SPO2,64,0,12976050,g1/60mA/0mA,77,98,0,18
38.646,SPO2,64,1,12230285,g1/25mA/0mA,77,98,0,18
38.646,SPO2,65,0,12976702,g1/60mA/0mA,77,98,0,18
38.646,SPO2,65,1,12230239,g1/25mA/0mA,77,98,0,18
38.646,SPO2,66,0,12975475,g1/60mA/0mA,77,98,0,18
38.646,SPO2,66,1,12229770,g1/25mA/0mA,77,98,0,18
38.738,SPO2,67,0,12975747,g1/60mA/0mA,77,98,0,18
38.738,SPO2,67,1,12229951,g1/25mA/0mA,77,98,0,18
38.738,SPO2,68,0,12975863,g1/60mA/0mA,77,98,0,18
38.738,SPO2,68,1,12230080,g1/25mA/0mA,77,98,0,18
38.738,SPO2,69,0,12976171,g1/60mA/0mA,77,98,0,18
38.738,SPO2,69,1,12230249,g1/25mA/0mA,77,98,0,18
38.738,SPO2,70,0,12976128,g1/60mA/0mA,77,98,0,18
38.738,SPO2,70,1,12230104,g1/25mA/0mA,77,98,0,18
38.738,SPO2,71,0,12974808,g1/60mA/0mA,77,98,0,19
38.738,SPO2,71,1,12228986,g1/25mA/0mA,77,98,0,19
38.738,SPO2,72,0,12976768,g1/60mA/0mA,77,98,0,19
38.738,SPO2,72,1,12230334,g1/25mA/0mA,77,98,0,19
38.758,HR,73,0,15143012,g5/13mA/13mA,77,98,0,19
38.758,HR,73,1,14743774,g4/13mA/13mA,77,98,0,19
38.758,HR,73,2,12553880,g4/13mA/13mA,77,98,0,19
38.758,HR,73,3,13989793,g4/13mA/13mA,77,98,0,19
38.758,HR,74,0,15141657,g5/13mA/13mA,77,98,0,19
38.758,HR,74,1,14742675,g4/13mA/13mA,77,98,0,19
38.758,HR,74,2,12553531,g4/13mA/13mA,77,98,0,19
38.758,HR,74,3,13989150,g4/13mA/13mA,77,98,0,19
38.758,HR,75,0,15142397,g5/13mA/13mA,77,98,0,19
38.758,HR,75,1,14743657,g4/13mA/13mA,77,98,0,19
38.758,HR,75,2,12553769,g4/13mA/13mA,77,98,0,19
38.758,HR,75,3,13989571,g4/13mA/13mA,77,98,0,19
38.758,HR,76,0,15141307,g5/13mA/13mA,77,98,0,19
38.758,HR,76,1,14742846,g4/13mA/13mA,77,98,0,19
38.758,HR,76,2,12553154,g4/13mA/13mA,77,98,0,19
38.758,HR,76,3,13988641,g4/13mA/13mA,77,98,0,19
38.758,HR,77,0,15142594,g5/13mA/13mA,77,98,0,19
38.758,HR,77,1,14743570,g4/13mA/13mA,77,98,0,19
38.758,HR,77,2,12554239,g4/13mA/13mA,77,98,0,19
38.758,HR,77,3,13989784,g4/13mA/13mA,77,98,0,19
38.763,HR,78,0,15141597,g5/13mA/13mA,77,98,0,19
38.763,HR,78,1,14742836,g4/13mA/13mA,77,98,0,19
38.763,HR,78,2,12553444,g4/13mA/13mA,77,98,0,19
38.763,HR,78,3,13988665,g4/13mA/13mA,77,98,0,19
38.763,HR,79,0,15142271,g5/13mA/13mA,77,98,0,19
38.763,HR,79,1,14743349,g4/13mA/13mA,77,98,0,19
38.763,HR,79,2,12553871,g4/13mA/13mA,77,98,0,19
38.763,HR,79,3,13989434,g4/13mA/13mA,77,98,0,19
38.763,HR,80,0,15141954,g5/13mA/13mA,77,98,0,19
38.763,HR,80,1,14742888,g4/13mA/13mA,77,98,0,19
38.763,HR,80,2,12553948,g4/13mA/13mA,77,98,0,19
38.763,HR,80,3,13988955,g4/13mA/13mA,77,98,0,19
38.763,HR,81,0,15142083,g5/13mA/13mA,77,98,0,19
38.763,HR,81,1,14743356,g4/13mA/13mA,77,98,0,19
38.763,HR,81,2,12553735,g4/13mA/13mA,77,98,0,19
38.763,HR,81,3,13989399,g4/13mA/13mA,77,98,0,19
38.763,HR,82,0,15142671,g5/13mA/13mA,77,98,0,19
38.763,HR,82,1,14743409,g4/13mA/13mA,77,98,0,19
38.763,HR,82,2,12553896,g4/13mA/13mA,77,98,0,19
38.763,HR,82,3,13989365,g4/13mA/13mA,77,98,0,19
38.763,HR,83,0,15142338,g5/13mA/13mA,77,98,0,19
38.763,HR,83,1,14743041,g4/13mA/13mA,77,98,0,19
38.763,HR,83,2,12553369,g4/13mA/13mA,77,98,0,19
38.763,HR,83,3,13989195,g4/13mA/13mA,77,98,0,19
38.824,HR,84,0,15143226,g5/13mA/13mA,77,98,0,19
38.824,HR,84,1,14743860,g4/13mA/13mA,77,98,0,19
38.824,HR,84,2,12554426,g4/13mA/13mA,77,98,0,19
38.824,HR,84,3,13989595,g4/13mA/13mA,77,98,0,19
38.824,HR,85,0,15140811,g5/13mA/13mA,77,98,0,19
38.824,HR,85,1,14742743,g4/13mA/13mA,77,98,0,19
38.824,HR,85,2,12553249,g4/13mA/13mA,77,98,0,19
38.824,HR,85,3,13988886,g4/13mA/13mA,77,98,0,19
38.824,HR,86,0,15143198,g5/13mA/13mA,77,98,0,19
38.824,HR,86,1,14743843,g4/13mA/13mA,77,98,0,19
38.824,HR,86,2,12554171,g4/13mA/13mA,77,98,0,19
38.824,HR,86,3,13989790,g4/13mA/13mA,77,98,0,19
38.824,HR,87,0,15140265,g5/13mA/13mA,77,98,0,19
38.824,HR,87,1,14742351,g4/13mA/13mA,77,98,0,19
38.824,HR,87,2,12553044,g4/13mA/13mA,77,98,0,19
38.824,HR,87,3,13988829,g4/13mA/13mA,77,98,0,19
38.824,HR,88,0,15142065,g5/13mA/13mA,77,98,0,19
38.824,HR,88,1,14743443,g4/13mA/13mA,77,98,0,19
38.824,HR,88,2,12553683,g4/13mA/13mA,77,98,0,19
38.824,HR,88,3,13989236,g4/13mA/13mA,77,98,0,19
38.824,HR,89,0,15141879,g5/13mA/13mA,77,98,0,19
38.824,HR,89,1,14743025,g4/13mA/13mA,77,98,0,19
38.824,HR,89,2,12553479,g4/13mA/13mA,77,98,0,19
38.824,HR,89,3,13989093,g4/13mA/13mA,77,98,0,19
38.854,HR,90,0,15141681,g5/13mA/13mA,77,98,0,19
38.854,HR,90,1,14742878,g4/13mA/13mA,77,98,0,19
38.854,HR,90,2,12553146,g4/13mA/13mA,77,98,0,19
38.854,HR,90,3,13988948,g4/13mA/13mA,77,98,0,19
38.854,HR,91,0,15142203,g5/13mA/13mA,77,98,0,19
38.854,HR,91,1,14743518,g4/13mA/13mA,77,98,0,19
38.854,HR,91,2,12553939,g4/13mA/13mA,77,98,0,19
38.854,HR,91,3,13989315,g4/13mA/13mA,77,98,0,19
38.854,HR,92,0,15141135,g5/13mA/13mA,77,98,0,19
38.854,HR,92,1,14742564,g4/13mA/13mA,77,98,0,19
38.854,HR,92,2,12553214,g4/13mA/13mA,77,98,0,19
38.854,HR,92,3,13988827,g4/13mA/13mA,77,98,0,19
38.854,HR,93,0,15142644,g5/13mA/13mA,77,98,0,19
38.854,HR,93,1,14743706,g4/13mA/13mA,77,98,0,19
38.854,HR,93,2,12554144,g4/13mA/13mA,77,98,0,19
38.854,HR,93,3,13989646,g4/13mA/13mA,77,98,0,19
38.854,HR,94,0,15142329,g5/13mA/13mA,77,98,0,19
38.854,HR,94,1,14742965,g4/13mA/13mA,77,98,0,19
38.854,HR,94,2,12554042,g4/13mA/13mA,77,98,0,19
38.854,HR,94,3,13989442,g4/13mA/13mA,77,98,0,19
38.854,HR,95,0,15141817,g5/13mA/13mA,77,98,0,19
38.854,HR,95,1,14743195,g4/13mA/13mA,77,98,0,19
38.854,HR,95,2,12553301,g4/13mA/13mA,77,98,0,19
38.854,HR,95,3,13989228,g4/13mA/13mA,77,98,0,19
38.884,HR,96,0,15142893,g5/13mA/13mA,77,98,0,19
38.884,HR,96,1,14744083,g4/13mA/13mA,77,98,0,19
38.884,HR,96,2,12554162,g4/13mA/13mA,77,98,0,19
38.884,HR,96,3,13989825,g4/13mA/13mA,77,98,0,19
38.884,HR,97,0,15140769,g5/13mA/13mA,77,98,0,19
38.884,HR,97,1,14742333,g4/13mA/13mA,77,98,0,19
38.884,HR,97,2,12552899,g4/13mA/13mA,77,98,0,19
38.884,HR,97,3,13988495,g4/13mA/13mA,77,98,0,19
38.884,HR,98,0,15143823,g5/13mA/13mA,77,98,0,19
38.884,HR,98,1,14743996,g4/13mA/13mA,77,98,0,19
38.884,HR,98,2,12554529,g4/13mA/13mA,77,98,0,19
38.884,HR,98,3,13990099,g4/13mA/13mA,77,98,0,19
38.884,HR,99,0,15141153,g5/13mA/13mA,77,98,0,19
38.884,HR,99,1,14742606,g4/13mA/13mA,77,98,0,19
38.884,HR,99,2,12553274,g4/13mA/13mA,77,98,0,19
38.884,HR,99,3,13988716,g4/13mA/13mA,77,98,0,19
38.884,HR,100,0,15142373,g5/13mA/13mA,77,98,0,19
38.884,HR,100,1,14743528,g4/13mA/13mA,77,98,0,19
38.884,HR,100,2,12553648,g4/13mA/13mA,77,98,0,19
38.884,HR,100,3,13989466,g4/13mA/13mA,77,98,0,19
38.944,HR,101,0,15140640,g5/13mA/13mA,77,98,0,19
38.944,HR,101,1,14742418,g4/13mA/13mA,77,98,0,19
38.944,HR,101,2,12552881,g4/13mA/13mA,77,98,0,19
38.944,HR,101,3,13988572,g4/13mA/13mA,77,98,0,19
38.944,HR,102,0,15144428,g5/13mA/13mA,77,98,0,19
38.944,HR,102,1,14744527,g4/13mA/13mA,77,98,0,19
38.944,HR,102,2,12554800,g4/13mA/13mA,77,98,0,19
38.944,HR,102,3,13990022,g4/13mA/13mA,77,98,0,19
38.944,HR,103,0,15141297,g5/13mA/13mA,77,98,0,19
38.944,HR,103,1,14742836,g4/13mA/13mA,77,98,0,19
38.944,HR,103,2,12553437,g4/13mA/13mA,77,98,0,19
38.944,HR,103,3,13988820,g4/13mA/13mA,77,98,0,19
38.944,HR,104,0,15142919,g5/13mA/13mA,77,98,0,19
38.944,HR,104,1,14743970,g4/13mA/13mA,77,98,0,19
38.944,HR,104,2,12554162,g4/13mA/13mA,77,98,0,19
38.944,HR,104,3,13989843,g4/13mA/13mA,77,98,0,19
38.944,HR,105,0,15141221,g5/13mA/13mA,77,98,0,19
38.944,HR,105,1,14742573,g4/13mA/13mA,77,98,0,19
38.944,HR,105,2,12553249,g4/13mA/13mA,77,98,0,19
38.944,HR,105,3,13988785,g4/13mA/13mA,77,98,0,19
38.944,HR,106,0,15140212,g5/13mA/13mA,77,98,0,19
38.944,HR,106,1,14742214,g4/13mA/13mA,77,98,0,19
38.944,HR,106,2,12552882,g4/13mA/13mA,77,98,0,19
38.944,HR,106,3,13988095,g4/13mA/13mA,77,98,0,19
38.974,HRV,73,0,15143012,g5/13mA/13mA,77,98,0,19
38.974,HRV,73,1,14743774,g4/13mA/13mA,77,98,0,19
38.974,HRV,73,2,12553880,g4/13mA/13mA,77,98,0,19
38.974,HRV,73,3,13989793,g4/13mA/13mA,77,98,0,19
38.974,HRV,74,0,15141657,g5/13mA/13mA,77,98,0,19
38.974,HRV,74,1,14742675,g4/13mA/13mA,77,98,0,19
38.974,HRV,74,2,12553531,g4/13mA/13mA,77,98,0,19
38.974,HRV,74,3,13989150,g4/13mA/13mA,77,98,0,19
38.974,HRV,75,0,15142397,g5/13mA/13mA,77,98,0,19
38.974,HRV,75,1,14743657,g4/13mA/13mA,77,98,0,19
38.974,HRV,75,2,12553769,g4/13mA/13mA,77,98,0,19
38.974,HRV,75,3,13989571,g4/13mA/13mA,77,98,0,19
38.974,HRV,76,0,15141307,g5/13mA/13mA,77,98,0,19
38.974,HRV,76,1,14742846,g4/13mA/13mA,77,98,0,19
38.974,HRV,76,2,12553154,g4/13mA/13mA,77,98,0,19
38.974,HRV,76,3,13988641,g4/13mA/13mA,77,98,0,19
38.974,HRV,77,0,15142594,g5/13mA/13mA,77,98,0,19
38.974,HRV,77,1,14743570,g4/13mA/13mA,77,98,0,19
38.974,HRV,77,2,12554239,g4/13mA/13mA,77,98,0,19
38.974,HRV,77,3,13989784,g4/13mA/13mA,77,98,0,19
39.034,HRV,78,0,15141597,g5/13mA/13mA,77,98,0,19
39.034,HRV,78,1,14742836,g4/13mA/13mA,77,98,0,19
39.034,HRV,78,2,12553444,g4/13mA/13mA,77,98,0,19
39.034,HRV,78,3,13988665,g4/13mA/13mA,77,98,0,19
39.034,HRV,79,0,15142271,g5/13mA/13mA,77,98,0,19
39.034,HRV,79,1,14743349,g4/13mA/13mA,77,98,0,19
39.034,HRV,79,2,12553871,g4/13mA/13mA,77,98,0,19
39.034,HRV,79,3,13989434,g4/13mA/13mA,77,98,0,19
39.034,HRV,80,0,15141954,g5/13mA/13mA,77,98,0,19
39.034,HRV,80,1,14742888,g4/13mA/13mA,77,98,0,19
39.034,HRV,80,2,12553948,g4/13mA/13mA,77,98,0,19
39.034,HRV,80,3,13988955,g4/13mA/13mA,77,98,0,19
39.034,HRV,81,0,15142083,g5/13mA/13mA,77,98,0,19
39.034,HRV,81,1,14743356,g4/13mA/13mA,77,98,0,19
39.034,HRV,81,2,12553735,g4/13mA/13mA,77,98,0,19
39.034,HRV,81,3,13989399,g4/13mA/13mA,77,98,0,19
39.034,HRV,82,0,15142671,g5/13mA/13mA,77,98,0,19
39.034,HRV,82,1,14743409,g4/13mA/13mA,77,98,0,19
39.034,HRV,82,2,12553896,g4/13mA/13mA,77,98,0,19
39.035,HRV,82,3,13989365,g4/13mA/13mA,77,98,0,19
39.035,HRV,83,0,15142338,g5/13mA/13mA,77,98,0,19
39.035,HRV,83,1,14743041,g4/13mA/13mA,77,98,0,19
39.035,HRV,83,2,12553369,g4/13mA/13mA,77,98,0,19
39.035,HRV,83,3,13989195,g4/13mA/13mA,77,98,0,19
39.065,HRV,84,0,15143226,g5/13mA/13mA,77,98,0,19
39.065,HRV,84,1,14743860,g4/13mA/13mA,77,98,0,19
39.065,HRV,84,2,12554426,g4/13mA/13mA,77,98,0,19
39.066,HRV,84,3,13989595,g4/13mA/13mA,77,98,0,19
39.066,HRV,85,0,15140811,g5/13mA/13mA,77,98,0,19
39.066,HRV,85,1,14742743,g4/13mA/13mA,77,98,0,19
39.066,HRV,85,2,12553249,g4/13mA/13mA,77,98,0,19
39.066,HRV,85,3,13988886,g4/13mA/13mA,77,98,0,19
39.066,HRV,86,0,15143198,g5/13mA/13mA,77,98,0,19
39.066,HRV,86,1,14743843,g4/13mA/13mA,77,98,0,19
39.066,HRV,86,2,12554171,g4/13mA/13mA,77,98,0,19
39.066,HRV,86,3,13989790,g4/13mA/13mA,77,98,0,19
39.066,HRV,87,0,15140265,g5/13mA/13mA,77,98,0,19
39.066,HRV,87,1,14742351,g4/13mA/13mA,77,98,0,19
39.066,HRV,87,2,12553044,g4/13mA/13mA,77,98,0,19
39.066,HRV,87,3,13988829,g4/13mA/13mA,77,98,0,19
39.066,HRV,88,0,15142065,g5/13mA/13mA,77,98,0,19
39.066,HRV,88,1,14743443,g4/13mA/13mA,77,98,0,19
39.066,HRV,88,2,12553683,g4/13mA/13mA,77,98,0,19
39.066,HRV,88,3,13989236,g4/13mA/13mA,77,98,0,19
39.066,HRV,89,0,15141879,g5/13mA/13mA,77,98,0,19
39.066,HRV,89,1,14743025,g4/13mA/13mA,77,98,0,19
39.066,HRV,89,2,12553479,g4/13mA/13mA,77,98,0,19
39.066,HRV,89,3,13989093,g4/13mA/13mA,77,98,0,19
39.121,HRV,90,0,15141681,g5/13mA/13mA,77,98,0,19
39.121,HRV,90,1,14742878,g4/13mA/13mA,77,98,0,19
39.121,HRV,90,2,12553146,g4/13mA/13mA,77,98,0,19
39.121,HRV,90,3,13988948,g4/13mA/13mA,77,98,0,19
39.121,HRV,91,0,15142203,g5/13mA/13mA,77,98,0,19
39.121,HRV,91,1,14743518,g4/13mA/13mA,77,98,0,19
39.121,HRV,91,2,12553939,g4/13mA/13mA,77,98,0,19
39.121,HRV,91,3,13989315,g4/13mA/13mA,77,98,0,19
39.121,HRV,92,0,15141135,g5/13mA/13mA,77,98,0,19
39.121,HRV,92,1,14742564,g4/13mA/13mA,77,98,0,19
39.121,HRV,92,2,12553214,g4/13mA/13mA,77,98,0,19
39.121,HRV,92,3,13988827,g4/13mA/13mA,77,98,0,19
39.121,HRV,93,0,15142644,g5/13mA/13mA,77,98,0,19
39.121,HRV,93,1,14743706,g4/13mA/13mA,77,98,0,19
39.121,HRV,93,2,12554144,g4/13mA/13mA,77,98,0,19
39.121,HRV,93,3,13989646,g4/13mA/13mA,77,98,0,19
39.121,HRV,94,0,15142329,g5/13mA/13mA,77,98,0,19
39.121,HRV,94,1,14742965,g4/13mA/13mA,77,98,0,19
39.121,HRV,94,2,12554042,g4/13mA/13mA,77,98,0,19
39.121,HRV,94,3,13989442,g4/13mA/13mA,77,98,0,19
39.121,HRV,95,0,15141817,g5/13mA/13mA,77,98,0,19
39.121,HRV,95,1,14743195,g4/13mA/13mA,77,98,0,19
39.121,HRV,95,2,12553301,g4/13mA/13mA,77,98,0,19
39.121,HRV,95,3,13989228,g4/13mA/13mA,77,98,0,19
39.156,HRV,96,0,15142893,g5/13mA/13mA,77,98,0,19
39.156,HRV,96,1,14744083,g4/13mA/13mA,77,98,0,19
39.156,HRV,96,2,12554162,g4/13mA/13mA,77,98,0,19
39.156,HRV,96,3,13989825,g4/13mA/13mA,77,98,0,19
39.156,HRV,97,0,15140769,g5/13mA/13mA,77,98,0,19
39.156,HRV,97,1,14742333,g4/13mA/13mA,77,98,0,19
39.156,HRV,97,2,12552899,g4/13mA/13mA,77,98,0,19
39.156,HRV,97,3,13988495,g4/13mA/13mA,77,98,0,19
39.156,HRV,98,0,15143823,g5/13mA/13mA,77,98,0,19
39.156,HRV,98,1,14743996,g4/13mA/13mA,77,98,0,19
39.156,HRV,98,2,12554529,g4/13mA/13mA,77,98,0,19
39.156,HRV,98,3,13990099,g4/13mA/13mA,77,98,0,19
39.156,HRV,99,0,15141153,g5/13mA/13mA,77,98,0,19
39.156,HRV,99,1,14742606,g4/13mA/13mA,77,98,0,19
39.156,HRV,99,2,12553274,g4/13mA/13mA,77,98,0,19
39.156,HRV,99,3,13988716,g4/13mA/13mA,77,98,0,19
39.156,HRV,100,0,15142373,g5/13mA/13mA,77,98,0,19
39.156,HRV,100,1,14743528,g4/13mA/13mA,77,98,0,19
39.156,HRV,100,2,12553648,g4/13mA/13mA,77,98,0,19
39.156,HRV,100,3,13989466,g4/13mA/13mA,77,98,0,19
39.216,HRV,101,0,15140640,g5/13mA/13mA,77,98,0,19
39.216,HRV,101,1,14742418,g4/13mA/13mA,77,98,0,19
39.216,HRV,101,2,12552881,g4/13mA/13mA,77,98,0,19
39.216,HRV,101,3,13988572,g4/13mA/13mA,77,98,0,19
39.216,HRV,102,0,15144428,g5/13mA/13mA,77,98,0,19
39.216,HRV,102,1,14744527,g4/13mA/13mA,77,98,0,19
39.216,HRV,102,2,12554800,g4/13mA/13mA,77,98,0,19
39.216,HRV,102,3,13990022,g4/13mA/13mA,77,98,0,19
39.216,HRV,103,0,15141297,g5/13mA/13mA,77,98,0,19
39.216,HRV,103,1,14742836,g4/13mA/13mA,77,98,0,19
39.216,HRV,103,2,12553437,g4/13mA/13mA,77,98,0,19
39.216,HRV,103,3,13988820,g4/13mA/13mA,77,98,0,19
39.216,HRV,104,0,15142919,g5/13mA/13mA,77,98,0,19
39.216,HRV,104,1,14743970,g4/13mA/13mA,77,98,0,19
39.216,HRV,104,2,12554162,g4/13mA/13mA,77,98,0,19
39.216,HRV,104,3,13989843,g4/13mA/13mA,77,98,0,19
39.216,HRV,105,0,15141221,g5/13mA/13mA,77,98,0,19
39.216,HRV,105,1,14742573,g4/13mA/13mA,77,98,0,19
39.216,HRV,105,2,12553249,g4/13mA/13mA,77,98,0,19
39.216,HRV,105,3,13988785,g4/13mA/13mA,77,98,0,19
39.216,HRV,106,0,15140212,g5/13mA/13mA,77,98,0,19
39.216,HRV,106,1,14742214,g4/13mA/13mA,77,98,0,19
39.216,HRV,106,2,12552882,g4/13mA/13mA,77,98,0,19
39.216,HRV,106,3,13988095,g4/13mA/13mA,77,98,0,19
39.240,SPO2,73,0,12977056,g1/60mA/0mA,77,98,0,19
39.240,SPO2,73,1,12230527,g1/25mA/0mA,77,98,0,19
39.240,SPO2,74,0,12976041,g1/60mA/0mA,77,98,0,19
39.240,SPO2,74,1,12230153,g1/25mA/0mA,77,98,0,19
39.240,SPO2,75,0,12976896,g1/60mA/0mA,77,98,0,19
39.240,SPO2,75,1,12230588,g1/25mA/0mA,77,98,0,19
39.240,SPO2,76,0,12975410,g1/60mA/0mA,77,98,0,19
39.240,SPO2,76,1,12229551,g1/25mA/0mA,77,98,0,19
39.240,SPO2,77,0,12976964,g1/60mA/0mA,77,98,0,19
39.240,SPO2,77,1,12230697,g1/25mA/0mA,77,98,0,19
39.240,SPO2,78,0,12975937,g1/60mA/0mA,77,98,0,19
39.240,SPO2,78,1,12230104,g1/25mA/0mA,77,98,0,19
39.240,SPO2,79,0,12976349,g1/60mA/0mA,77,98,0,19
39.240,SPO2,79,1,12230246,g1/25mA/0mA,77,98,0,19
39.274,SPO2,80,0,12976211,g1/60mA/0mA,77,98,0,19
39.274,SPO2,80,1,12230473,g1/25mA/0mA,77,98,0,19
39.274,SPO2,81,0,12976300,g1/60mA/0mA,77,98,0,19
39.274,SPO2,81,1,12230294,g1/25mA/0mA,77,98,0,19
39.274,SPO2,82,0,12976037,g1/60mA/0mA,77,98,0,19
39.274,SPO2,82,1,12229980,g1/25mA/0mA,77,98,0,19
39.274,SPO2,83,0,12976535,g1/60mA/0mA,77,98,0,19
39.274,SPO2,83,1,12230376,g1/25mA/0mA,77,98,0,19
39.274,SPO2,84,0,12977219,g1/60mA/0mA,77,98,0,19
39.274,SPO2,84,1,12230684,g1/25mA/0mA,77,98,0,19
39.274,SPO2,85,0,12975925,g1/60mA/0mA,77,98,0,19
39.274,SPO2,85,1,12230086,g1/25mA/0mA,77,98,0,19
39.274,SPO2,86,0,12977249,g1/60mA/0mA,77,98,0,19
39.274,SPO2,86,1,12230533,g1/25mA/0mA,77,98,0,19
39.274,SPO2,87,0,12975593,g1/60mA/0mA,77,98,0,19
39.274,SPO2,87,1,12229918,g1/25mA/0mA,77,98,0,19
39.333,SPO2,88,0,12976487,g1/60mA/0mA,77,98,0,19
39.333,SPO2,88,1,12230334,g1/25mA/0mA,77,98,0,19
39.333,SPO2,89,0,12976214,g1/60mA/0mA,77,98,0,19
39.333,SPO2,89,1,12230370,g1/25mA/0mA,77,98,0,19
39.333,SPO2,90,0,12975920,g1/60mA/0mA,77,98,0,19
39.333,SPO2,90,1,12230107,g1/25mA/0mA,77,98,0,19
39.333,SPO2,91,0,12976762,g1/60mA/0mA,77,98,0,19
39.333,SPO2,91,1,12230421,g1/25mA/0mA,77,98,0,19
39.333,SPO2,92,0,12975658,g1/60mA/0mA,77,98,0,19
39.333,SPO2,92,1,12230051,g1/25mA/0mA,77,98,0,19
39.333,SPO2,93,0,12976757,g1/60mA/0mA,77,98,0,19
39.333,SPO2,93,1,12230441,g1/25mA/0mA,77,98,0,19
39.333,SPO2,94,0,12976448,g1/60mA/0mA,77,98,0,19
39.333,SPO2,94,1,12230419,g1/25mA/0mA,77,98,0,19
39.367,SPO2,95,0,12975822,g1/60mA/0mA,77,98,0,19
39.367,SPO2,95,1,12229931,g1/25mA/0mA,77,98,0,19
39.367,SPO2,96,0,12976623,g1/60mA/0mA,77,98,0,19
39.367,SPO2,96,1,12230030,g1/25mA/0mA,77,98,0,19
39.367,SPO2,97,0,12975433,g1/60mA/0mA,77,98,0,19
39.367,SPO2,97,1,12229699,g1/25mA/0mA,77,98,0,19
39.367,SPO2,98,0,12977537,g1/60mA/0mA,77,98,0,19
39.367,SPO2,98,1,12230939,g1/25mA/0mA,77,98,0,19
39.367,SPO2,99,0,12975342,g1/60mA/0mA,77,98,0,19
39.367,SPO2,99,1,12229874,g1/25mA/0mA,77,98,0,19
39.367,SPO2,100,0,12976434,g1/60mA/0mA,77,98,0,19
39.367,SPO2,100,1,12230249,g1/25mA/0mA,77,98,0,19
39.396,SPO2,101,0,12975424,g1/60mA/0mA,77,98,0,19
39.396,SPO2,101,1,12230037,g1/25mA/0mA,77,98,0,19
39.396,SPO2,102,0,12977061,g1/60mA/0mA,77,98,0,19
39.396,SPO2,102,1,12230390,g1/25mA/0mA,77,98,0,19
39.396,SPO2,103,0,12976098,g1/60mA/0mA,77,98,0,19
39.396,SPO2,103,1,12230384,g1/25mA/0mA,77,98,0,19
39.396,SPO2,104,0,12977056,g1/60mA/0mA,77,98,0,19
39.396,SPO2,104,1,12230538,g1/25mA/0mA,77,98,0,19
39.396,SPO2,105,0,12976112,g1/60mA/0mA,77,98,0,19
39.396,SPO2,105,1,12230419,g1/25mA/0mA,77,98,0,19
39.396,SPO2,106,0,12975193,g1/60mA/0mA,77,98,0,19
39.396,SPO2,106,1,12229818,g1/25mA/0mA,77,98,0,19
40.024,HR,107,0,15142075,g5/13mA/13mA,77,98,0,19
40.024,HR,107,1,14743459,g4/13mA/13mA,77,98,0,19
40.024,HR,107,2,12554017,g4/13mA/13mA,77,98,0,19
40.024,HR,107,3,13989365,g4/13mA/13mA,77,98,0,19
40.024,HR,108,0,15141911,g5/13mA/13mA,77,98,0,19
40.024,HR,108,1,14742735,g4/13mA/13mA,77,98,0,19
40.024,HR,108,2,12553497,g4/13mA/13mA,77,98,0,19
40.024,HR,108,3,13989084,g4/13mA/13mA,77,98,0,19
40.024,HR,109,0,15142338,g5/13mA/13mA,77,98,0,19
40.024,HR,109,1,14743228,g4/13mA/13mA,77,98,0,19
40.024,HR,109,2,12553651,g4/13mA/13mA,77,98,0,19
40.024,HR,109,3,13989118,g4/13mA/13mA,77,98,0,19
40.024,HR,110,0,15142048,g5/13mA/13mA,77,98,0,19
40.024,HR,110,1,14742990,g4/13mA/13mA,77,98,0,19
40.024,HR,110,2,12553828,g4/13mA/13mA,77,98,0,19
40.024,HR,110,3,13988863,g4/13mA/13mA,77,98,0,19
40.024,HR,111,0,15141843,g5/13mA/13mA,77,98,0,19
40.024,HR,111,1,14743296,g4/13mA/13mA,77,98,0,19
40.024,HR,111,2,12553342,g4/13mA/13mA,77,98,0,19
40.024,HR,111,3,13989015,g4/13mA/13mA,77,98,0,19
40.024,HR,112,0,15145137,g5/13mA/13mA,77,98,0,19
40.024,HR,112,1,14744850,g4/13mA/13mA,77,98,0,19
40.025,HR,112,2,12555193,g4/13mA/13mA,77,98,0,19
40.025,HR,112,3,13990483,g4/13mA/13mA,77,98,0,19
40.085,HR,113,0,15142083,g5/13mA/13mA,77,98,0,19
40.085,HR,113,1,14743349,g4/13mA/13mA,77,98,0,19
40.085,HR,113,2,12553606,g4/13mA/13mA,77,98,0,19
40.085,HR,113,3,13988931,g4/13mA/13mA,77,98,0,19
40.085,HR,114,0,15142629,g5/13mA/13mA,77,98,0,19
40.085,HR,114,1,14743152,g4/13mA/13mA,77,98,0,19
40.085,HR,114,2,12553828,g4/13mA/13mA,77,98,0,19
40.085,HR,114,3,13989372,g4/13mA/13mA,77,98,0,19
40.085,HR,115,0,15142671,g5/13mA/13mA,77,98,0,19
40.085,HR,115,1,14743612,g4/13mA/13mA,77,98,0,19
40.085,HR,115,2,12554247,g4/13mA/13mA,77,98,0,19
40.085,HR,115,3,13989749,g4/13mA/13mA,77,98,0,19
40.085,HR,116,0,15140973,g5/13mA/13mA,77,98,0,19
40.085,HR,116,1,14742520,g4/13mA/13mA,77,98,0,19
40.085,HR,116,2,12553231,g4/13mA/13mA,77,98,0,19
40.085,HR,116,3,13988743,g4/13mA/13mA,77,98,0,19
40.085,HR,117,0,15141963,g5/13mA/13mA,77,98,0,19
40.085,HR,117,1,14742957,g4/13mA/13mA,77,98,0,19
40.085,HR,117,2,12553658,g4/13mA/13mA,77,98,0,19
40.085,HR,117,3,13988964,g4/13mA/13mA,77,98,0,19
40.085,HR,118,0,15141366,g5/13mA/13mA,77,98,0,19
40.085,HR,118,1,14742887,g4/13mA/13mA,77,98,0,19
40.085,HR,118,2,12553293,g4/13mA/13mA,77,98,0,19
40.085,HR,118,3,13988777,g4/13mA/13mA,77,98,0,19
40.114,HR,119,0,15140973,g5/13mA/13mA,77,98,0,19
40.114,HR,119,1,14742750,g4/13mA/13mA,77,98,0,19
40.114,HR,119,2,12553479,g4/13mA/13mA,77,98,0,19
40.114,HR,119,3,13988750,g4/13mA/13mA,77,98,0,19
40.114,HR,120,0,15140973,g5/13mA/13mA,77,98,0,19
40.114,HR,120,1,14742445,g4/13mA/13mA,77,98,0,19
40.114,HR,120,2,12552992,g4/13mA/13mA,77,98,0,19
40.114,HR,120,3,13988623,g4/13mA/13mA,77,98,0,19
40.114,HR,121,0,15142518,g5/13mA/13mA,77,97,0,19
40.114,HR,121,1,14743374,g4/13mA/13mA,77,97,0,19
40.114,HR,121,2,12553975,g4/13mA/13mA,77,97,0,19
40.114,HR,121,3,13989451,g4/13mA/13mA,77,97,0,19
40.114,HR,122,0,15142636,g5/13mA/13mA,77,97,0,19
40.114,HR,122,1,14743435,g4/13mA/13mA,77,97,0,19
40.114,HR,122,2,12553624,g4/13mA/13mA,77,97,0,19
40.114,HR,122,3,13989492,g4/13mA/13mA,77,97,0,19
40.114,HR,123,0,15141332,g5/13mA/13mA,77,97,0,19
40.114,HR,123,1,14742667,g4/13mA/13mA,77,97,0,19
40.114,HR,123,2,12553207,g4/13mA/13mA,77,97,0,19
40.114,HR,123,3,13988700,g4/13mA/13mA,77,97,0,19
40.144,HR,124,0,15142261,g5/13mA/13mA,77,97,0,19
40.144,HR,124,1,14743586,g4/13mA/13mA,77,97,0,19
40.144,HR,124,2,12553957,g4/13mA/13mA,77,97,0,19
40.144,HR,124,3,13989775,g4/13mA/13mA,77,97,0,19
40.144,HR,125,0,15141706,g5/13mA/13mA,77,97,0,19
40.144,HR,125,1,14742912,g4/13mA/13mA,77,97,0,19
40.144,HR,125,2,12553531,g4/13mA/13mA,77,97,0,19
40.144,HR,125,3,13988810,g4/13mA/13mA,77,97,0,19
40.144,HR,126,0,15142158,g5/13mA/13mA,77,97,0,19
40.144,HR,126,1,14743323,g4/13mA/13mA,77,97,0,19
40.144,HR,126,2,12553692,g4/13mA/13mA,77,97,0,19
40.144,HR,126,3,13989195,g4/13mA/13mA,77,97,0,19
40.144,HR,127,0,15140573,g5/13mA/13mA,77,97,0,19
40.144,HR,127,1,14742034,g4/13mA/13mA,77,97,0,19
40.144,HR,127,2,12552669,g4/13mA/13mA,77,97,0,19
40.144,HR,127,3,13988264,g4/13mA/13mA,77,97,0,19
40.144,HR,128,0,15143156,g5/13mA/13mA,77,97,0,19
40.144,HR,128,1,14744185,g4/13mA/13mA,77,97,0,19
40.144,HR,128,2,12554272,g4/13mA/13mA,77,97,0,19
40.145,HR,128,3,13989578,g4/13mA/13mA,77,97,0,19
40.145,HR,129,0,15141477,g5/13mA/13mA,77,97,0,19
40.145,HR,129,1,14742555,g4/13mA/13mA,77,97,0,19
40.145,HR,129,2,12553358,g4/13mA/13mA,77,97,0,19
40.145,HR,129,3,13988665,g4/13mA/13mA,77,97,0,19
40.237,HR,130,0,15139907,g5/13mA/13mA,77,97,0,19
40.237,HR,130,1,14742118,g4/13mA/13mA,77,97,0,19
40.237,HR,130,2,12552779,g4/13mA/13mA,77,97,0,19
40.237,HR,130,3,13988374,g4/13mA/13mA,77,97,0,19
40.237,HR,131,0,15142312,g5/13mA/13mA,77,97,0,19
40.237,HR,131,1,14743032,g4/13mA/13mA,77,97,0,19
40.237,HR,131,2,12553735,g4/13mA/13mA,77,97,0,19
40.237,HR,131,3,13989416,g4/13mA/13mA,77,97,0,19
40.237,HR,132,0,15141153,g5/13mA/13mA,77,97,0,19
40.237,HR,132,1,14742693,g4/13mA/13mA,77,97,0,19
40.237,HR,132,2,12553556,g4/13mA/13mA,77,97,0,19
40.237,HR,132,3,13988709,g4/13mA/13mA,77,97,0,19
40.237,HR,133,0,15141357,g5/13mA/13mA,77,97,0,19
40.237,HR,133,1,14742708,g4/13mA/13mA,77,97,0,19
40.237,HR,133,2,12553154,g4/13mA/13mA,77,97,0,19
40.237,HR,133,3,13988528,g4/13mA/13mA,77,97,0,19
40.237,HR,134,0,15140008,g5/13mA/13mA,77,97,0,19
40.237,HR,134,1,14742034,g4/13mA/13mA,77,97,0,19
40.237,HR,134,2,12552660,g4/13mA/13mA,77,97,0,19
40.237,HR,134,3,13988434,g4/13mA/13mA,77,97,0,19
40.237,HR,135,0,15142764,g5/13mA/13mA,77,97,0,19
40.237,HR,135,1,14743681,g4/13mA/13mA,77,97,0,19
40.237,HR,135,2,12554137,g4/13mA/13mA,77,97,0,19
40.237,HR,135,3,13989714,g4/13mA/13mA,77,97,0,19
40.238,HR,136,0,15141307,g5/13mA/13mA,77,97,0,19
40.238,HR,136,1,14743051,g4/13mA/13mA,77,97,0,19
40.238,HR,136,2,12553317,g4/13mA/13mA,77,97,0,19
40.238,HR,136,3,13988734,g4/13mA/13mA,77,97,0,19
40.238,HR,137,0,15143626,g5/13mA/13mA,77,97,0,19
40.238,HR,137,1,14744049,g4/13mA/13mA,77,97,0,19
40.238,HR,137,2,12554290,g4/13mA/13mA,77,97,0,19
40.238,HR,137,3,13989817,g4/13mA/13mA,77,97,0,19
40.238,HR,138,0,15142347,g5/13mA/13mA,77,97,0,19
40.238,HR,138,1,14744041,g4/13mA/13mA,77,97,0,19
40.238,HR,138,2,12554324,g4/13mA/13mA,77,97,0,19
40.238,HR,138,3,13989646,g4/13mA/13mA,77,97,0,19
40.238,HR,139,0,15140358,g5/13mA/13mA,77,97,0,19
40.238,HR,139,1,14742366,g4/13mA/13mA,77,97,0,19
40.238,HR,139,2,12552916,g4/13mA/13mA,77,97,0,19
40.238,HR,139,3,13988393,g4/13mA/13mA,77,97,0,19
40.238,HR,140,0,15141894,g5/13mA/13mA,77,97,0,19
40.238,HR,140,1,14743144,g4/13mA/13mA,77,97,0,19
40.238,HR,140,2,12553590,g4/13mA/13mA,77,97,0,19
40.238,HR,140,3,13989007,g4/13mA/13mA,77,97,0,19
40.265,HRV,107,0,15142075,g5/13mA/13mA,77,97,0,19
40.265,HRV,107,1,14743459,g4/13mA/13mA,77,97,0,19
40.265,HRV,107,2,12554017,g4/13mA/13mA,77,97,0,19
40.265,HRV,107,3,13989365,g4/13mA/13mA,77,97,0,19
40.265,HRV,108,0,15141911,g5/13mA/13mA,77,97,0,19
40.265,HRV,108,1,14742735,g4/13mA/13mA,77,97,0,19
40.265,HRV,108,2,12553497,g4/13mA/13mA,77,97,0,19
40.265,HRV,108,3,13989084,g4/13mA/13mA,77,97,0,19
40.265,HRV,109,0,15142338,g5/13mA/13mA,77,97,0,19
40.265,HRV,109,1,14743228,g4/13mA/13mA,77,97,0,19
40.265,HRV,109,2,12553651,g4/13mA/13mA,77,97,0,19
40.265,HRV,109,3,13989118,g4/13mA/13mA,77,97,0,19
40.265,HRV,110,0,15142048,g5/13mA/13mA,77,97,0,19
40.265,HRV,110,1,14742990,g4/13mA/13mA,77,97,0,19
40.265,HRV,110,2,12553828,g4/13mA/13mA,77,97,0,19
40.265,HRV,110,3,13988863,g4/13mA/13mA,77,97,0,19
40.265,HRV,111,0,15141843,g5/13mA/13mA,77,97,0,19
40.265,HRV,111,1,14743296,g4/13mA/13mA,77,97,0,19
40.265,HRV,111,2,12553342,g4/13mA/13mA,77,97,0,19
40.265,HRV,111,3,13989015,g4/13mA/13mA,77,97,0,19
40.265,HRV,112,0,15145137,g5/13mA/13mA,77,97,0,19
40.265,HRV,112,1,14744850,g4/13mA/13mA,77,97,0,19
40.265,HRV,112,2,12555193,g4/13mA/13mA,77,97,0,19
40.265,HRV,112,3,13990483,g4/13mA/13mA,77,97,0,19
40.325,HRV,113,0,15142083,g5/13mA/13mA,77,97,0,19
40.325,HRV,113,1,14743349,g4/13mA/13mA,77,97,0,19
40.325,HRV,113,2,12553606,g4/13mA/13mA,77,97,0,19
40.325,HRV,113,3,13988931,g4/13mA/13mA,77,97,0,19
40.325,HRV,114,0,15142629,g5/13mA/13mA,77,97,0,19
40.325,HRV,114,1,14743152,g4/13mA/13mA,77,97,0,19
40.325,HRV,114,2,12553828,g4/13mA/13mA,77,97,0,19
40.325,HRV,114,3,13989372,g4/13mA/13mA,77,97,0,19
40.325,HRV,115,0,15142671,g5/13mA/13mA,77,97,0,19
40.325,HRV,115,1,14743612,g4/13mA/13mA,77,97,0,19
40.325,HRV,115,2,12554247,g4/13mA/13mA,77,97,0,19
40.325,HRV,115,3,13989749,g4/13mA/13mA,77,97,0,19
40.325,HRV,116,0,15140973,g5/13mA/13mA,77,97,0,19
40.325,HRV,116,1,14742520,g4/13mA/13mA,77,97,0,19
40.325,HRV,116,2,12553231,g4/13mA/13mA,77,97,0,19
40.325,HRV,116,3,13988743,g4/13mA/13mA,77,97,0,19
40.325,HRV,117,0,15141963,g5/13mA/13mA,77,97,0,19
40.325,HRV,117,1,14742957,g4/13mA/13mA,77,97,0,19
40.325,HRV,117,2,12553658,g4/13mA/13mA,77,97,0,19
40.325,HRV,117,3,13988964,g4/13mA/13mA,77,97,0,19
40.325,HRV,118,0,15141366,g5/13mA/13mA,77,97,0,19
40.325,HRV,118,1,14742887,g4/13mA/13mA,77,97,0,19
40.325,HRV,118,2,12553293,g4/13mA/13mA,77,97,0,19
40.325,HRV,118,3,13988777,g4/13mA/13mA,77,97,0,19
40.354,HRV,119,0,15140973,g5/13mA/13mA,77,97,0,19
40.354,HRV,119,1,14742750,g4/13mA/13mA,77,97,0,19
40.354,HRV,119,2,12553479,g4/13mA/13mA,77,97,0,19
40.354,HRV,119,3,13988750,g4/13mA/13mA,77,97,0,19
40.355,HRV,120,0,15140973,g5/13mA/13mA,77,97,0,19
40.355,HRV,120,1,14742445,g4/13mA/13mA,77,97,0,19
40.355,HRV,120,2,12552992,g4/13mA/13mA,77,97,0,19
40.355,HRV,120,3,13988623,g4/13mA/13mA,77,97,0,19
40.355,HRV,121,0,15142518,g5/13mA/13mA,77,97,0,19
40.355,HRV,121,1,14743374,g4/13mA/13mA,77,97,0,19
40.355,HRV,121,2,12553975,g4/13mA/13mA,77,97,0,19
40.355,HRV,121,3,13989451,g4/13mA/13mA,77,97,0,19
40.355,HRV,122,0,15142636,g5/13mA/13mA,77,97,0,19
40.355,HRV,122,1,14743435,g4/13mA/13mA,77,97,0,19
40.355,HRV,122,2,12553624,g4/13mA/13mA,77,97,0,19
40.355,HRV,122,3,13989492,g4/13mA/13mA,77,97,0,19
40.355,HRV,123,0,15141332,g5/13mA/13mA,77,97,0,19
40.355,HRV,123,1,14742667,g4/13mA/13mA,77,97,0,19
40.355,HRV,123,2,12553207,g4/13mA/13mA,77,97,0,19
40.355,HRV,123,3,13988700,g4/13mA/13mA,77,97,0,19
40.414,HRV,124,0,15142261,g5/13mA/13mA,77,97,0,19
40.414,HRV,124,1,14743586,g4/13mA/13mA,77,97,0,19
40.414,HRV,124,2,12553957,g4/13mA/13mA,77,97,0,19
40.414,HRV,124,3,13989775,g4/13mA/13mA,77,97,0,19
40.414,HRV,125,0,15141706,g5/13mA/13mA,77,97,0,19
40.414,HRV,125,1,14742912,g4/13mA/13mA,77,97,0,19
40.414,HRV,125,2,12553531,g4/13mA/13mA,77,97,0,19
40.414,HRV,125,3,13988810,g4/13mA/13mA,77,97,0,19
40.414,HRV,126,0,15142158,g5/13mA/13mA,77,97,0,19
40.414,HRV,126,1,14743323,g4/13mA/13mA,77,97,0,19
40.414,HRV,126,2,12553692,g4/13mA/13mA,77,97,0,19
40.414,HRV,126,3,13989195,g4/13mA/13mA,77,97,0,19
40.414,HRV,127,0,15140573,g5/13mA/13mA,77,97,0,19
40.414,HRV,127,1,14742034,g4/13mA/13mA,77,97,0,19
40.414,HRV,127,2,12552669,g4/13mA/13mA,77,97,0,19
40.414,HRV,127,3,13988264,g4/13mA/13mA,77,97,0,19
40.414,HRV,128,0,15143156,g5/13mA/13mA,77,97,0,19
40.414,HRV,128,1,14744185,g4/13mA/13mA,77,97,0,19
40.414,HRV,128,2,12554272,g4/13mA/13mA,77,97,0,19
40.414,HRV,128,3,13989578,g4/13mA/13mA,77,97,0,19
40.414,HRV,129,0,15141477,g5/13mA/13mA,77,97,0,19
40.414,HRV,129,1,14742555,g4/13mA/13mA,77,97,0,19
40.414,HRV,129,2,12553358,g4/13mA/13mA,77,97,0,19
40.414,HRV,129,3,13988665,g4/13mA/13mA,77,97,0,19
40.445,HRV,130,0,15139907,g5/13mA/13mA,77,97,0,19
40.445,HRV,130,1,14742118,g4/13mA/13mA,77,97,0,19
40.445,HRV,130,2,12552779,g4/13mA/13mA,77,97,0,19
40.445,HRV,130,3,13988374,g4/13mA/13mA,77,97,0,19
40.445,HRV,131,0,15142312,g5/13mA/13mA,77,97,0,19
40.445,HRV,131,1,14743032,g4/13mA/13mA,77,97,0,19
40.445,HRV,131,2,12553735,g4/13mA/13mA,77,97,0,19
40.445,HRV,131,3,13989416,g4/13mA/13mA,77,97,0,19
40.445,HRV,132,0,15141153,g5/13mA/13mA,77,97,0,19
40.445,HRV,132,1,14742693,g4/13mA/13mA,77,97,0,19
40.445,HRV,132,2,12553556,g4/13mA/13mA,77,97,0,19
40.446,HRV,132,3,13988709,g4/13mA/13mA,77,97,0,19
40.446,HRV,133,0,15141357,g5/13mA/13mA,77,97,0,19
40.446,HRV,133,1,14742708,g4/13mA/13mA,77,97,0,19
40.446,HRV,133,2,12553154,g4/13mA/13mA,77,97,0,19
40.446,HRV,133,3,13988528,g4/13mA/13mA,77,97,0,19
40.446,HRV,134,0,15140008,g5/13mA/13mA,77,97,0,19
40.446,HRV,134,1,14742034,g4/13mA/13mA,77,97,0,19
40.446,HRV,134,2,12552660,g4/13mA/13mA,77,97,0,19
40.446,HRV,134,3,13988434,g4/13mA/13mA,77,97,0,19
40.446,HRV,135,0,15142764,g5/13mA/13mA,77,97,0,19
40.446,HRV,135,1,14743681,g4/13mA/13mA,77,97,0,19
40.446,HRV,135,2,12554137,g4/13mA/13mA,77,97,0,19
40.446,HRV,135,3,13989714,g4/13mA/13mA,77,97,0,19
40.475,HRV,136,0,15141307,g5/13mA/13mA,77,97,0,19
40.475,HRV,136,1,14743051,g4/13mA/13mA,77,97,0,19
40.475,HRV,136,2,12553317,g4/13mA/13mA,77,97,0,19
40.475,HRV,136,3,13988734,g4/13mA/13mA,77,97,0,19
40.475,HRV,137,0,15143626,g5/13mA/13mA,77,97,0,19
40.475,HRV,137,1,14744049,g4/13mA/13mA,77,97,0,19
40.475,HRV,137,2,12554290,g4/13mA/13mA,77,97,0,19
40.475,HRV,137,3,13989817,g4/13mA/13mA,77,97,0,19
40.475,HRV,138,0,15142347,g5/13mA/13mA,77,97,0,19
40.475,HRV,138,1,14744041,g4/13mA/13mA,77,97,0,19
40.475,HRV,138,2,12554324,g4/13mA/13mA,77,97,0,19
40.475,HRV,138,3,13989646,g4/13mA/13mA,77,97,0,19
40.475,HRV,139,0,15140358,g5/13mA/13mA,77,97,0,19
40.475,HRV,139,1,14742366,g4/13mA/13mA,77,97,0,19
40.475,HRV,139,2,12552916,g4/13mA/13mA,77,97,0,19
40.475,HRV,139,3,13988393,g4/13mA/13mA,77,97,0,19
40.475,HRV,140,0,15141894,g5/13mA/13mA,77,97,0,19
40.475,HRV,140,1,14743144,g4/13mA/13mA,77,97,0,19
40.475,HRV,140,2,12553590,g4/13mA/13mA,77,97,0,19
40.475,HRV,140,3,13989007,g4/13mA/13mA,77,97,0,19
40.534,SPO2,107,0,12976359,g1/60mA/0mA,77,97,0,19
40.534,SPO2,107,1,12230280,g1/25mA/0mA,77,97,0,19
40.534,SPO2,108,0,12976325,g1/60mA/0mA,77,97,0,19
40.534,SPO2,108,1,12230310,g1/25mA/0mA,77,97,0,19
40.534,SPO2,109,0,12976059,g1/60mA/0mA,77,97,0,19
40.534,SPO2,109,1,12229886,g1/25mA/0mA,77,97,0,19
40.534,SPO2,110,0,12976560,g1/60mA/0mA,77,97,0,19
40.534,SPO2,110,1,12230540,g1/25mA/0mA,77,97,0,19
40.534,SPO2,111,0,12975988,g1/60mA/0mA,77,97,0,19
40.534,SPO2,111,1,12230053,g1/25mA/0mA,77,97,0,19
40.534,SPO2,112,0,12977796,g1/60mA/0mA,77,97,0,19
40.534,SPO2,112,1,12230636,g1/25mA/0mA,77,97,0,19
40.534,SPO2,113,0,12975952,g1/60mA/0mA,77,97,0,19
40.534,SPO2,113,1,12230068,g1/25mA/0mA,77,97,0,19
40.596,SPO2,114,0,12976801,g1/60mA/0mA,77,97,0,19
40.596,SPO2,114,1,12230824,g1/25mA/0mA,77,97,0,19
40.596,SPO2,115,0,12976813,g1/60mA/0mA,77,97,0,19
40.596,SPO2,115,1,12230401,g1/25mA/0mA,77,97,0,19
40.596,SPO2,116,0,12975371,g1/60mA/0mA,77,97,0,19
40.596,SPO2,116,1,12229716,g1/25mA/0mA,77,97,0,19
40.596,SPO2,117,0,12976475,g1/60mA/0mA,77,97,0,19
40.596,SPO2,117,1,12230522,g1/25mA/0mA,77,97,0,19
40.596,SPO2,118,0,12976257,g1/60mA/0mA,77,97,0,19
40.596,SPO2,118,1,12230345,g1/25mA/0mA,77,97,0,19
40.596,SPO2,119,0,12975254,g1/60mA/0mA,77,97,0,19
40.596,SPO2,119,1,12229799,g1/25mA/0mA,77,97,0,19
40.596,SPO2,120,0,12975512,g1/60mA/0mA,77,97,0,19
40.596,SPO2,120,1,12229772,g1/25mA/0mA,77,97,0,19
40.597,SPO2,121,0,12976733,g1/60mA/0mA,77,97,0,19
40.597,SPO2,121,1,12230372,g1/25mA/0mA,77,97,0,19
40.597,SPO2,122,0,12976569,g1/60mA/0mA,77,97,0,19
40.597,SPO2,122,1,12230518,g1/25mA/0mA,77,97,0,19
40.597,SPO2,123,0,12975860,g1/60mA/0mA,77,97,0,19
40.597,SPO2,123,1,12230252,g1/25mA/0mA,77,97,0,19
40.597,SPO2,124,0,12977106,g1/60mA/0mA,77,97,0,19
40.597,SPO2,124,1,12230975,g1/25mA/0mA,77,97,0,19
40.597,SPO2,125,0,12976104,g1/60mA/0mA,77,97,0,19
40.597,SPO2,125,1,12230197,g1/25mA/0mA,77,97,0,19
40.597,SPO2,126,0,12976488,g1/60mA/0mA,77,97,0,19
40.597,SPO2,126,1,12230310,g1/25mA/0mA,77,97,0,19
40.658,SPO2,127,0,12975217,g1/60mA/0mA,77,97,0,19
40.658,SPO2,127,1,12229800,g1/25mA/0mA,77,97,0,19
40.658,SPO2,128,0,12976797,g1/60mA/0mA,77,97,0,19
40.658,SPO2,128,1,12230510,g1/25mA/0mA,77,97,0,19
40.658,SPO2,129,0,12975816,g1/60mA/0mA,77,97,0,19
40.658,SPO2,129,1,12229893,g1/25mA/0mA,77,97,0,19
40.658,SPO2,130,0,12974829,g1/60mA/0mA,77,97,0,19
40.658,SPO2,130,1,12229382,g1/25mA/0mA,77,97,0,19
40.658,SPO2,131,0,12976506,g1/60mA/0mA,77,97,0,19
40.658,SPO2,131,1,12230339,g1/25mA/0mA,77,97,0,19
40.658,SPO2,132,0,12975364,g1/60mA/0mA,77,97,0,19
40.658,SPO2,132,1,12229687,g1/25mA/0mA,77,97,0,19
40.658,SPO2,133,0,12976081,g1/60mA/0mA,77,97,0,19
40.658,SPO2,133,1,12230437,g1/25mA/0mA,77,97,0,19
40.658,SPO2,134,0,12975354,g1/60mA/0mA,77,97,0,19
40.658,SPO2,134,1,12229918,g1/25mA/0mA,77,97,0,19
40.685,SPO2,135,0,12976653,g1/60mA/0mA,77,97,0,19
40.685,SPO2,135,1,12230333,g1/25mA/0mA,77,97,0,19
40.685,SPO2,136,0,12975453,g1/60mA/0mA,77,97,0,19
40.685,SPO2,136,1,12229681,g1/25mA/0mA,77,97,0,19
40.685,SPO2,137,0,12977187,g1/60mA/0mA,77,97,0,19
40.685,SPO2,137,1,12230678,g1/25mA/0mA,77,97,0,19
40.685,SPO2,138,0,12976601,g1/60mA/0mA,77,97,0,19
40.685,SPO2,138,1,12230422,g1/25mA/0mA,77,97,0,19
40.685,SPO2,139,0,12975078,g1/60mA/0mA,77,97,0,19
40.685,SPO2,139,1,12229679,g1/25mA/0mA,77,97,0,19
40.685,SPO2,140,0,12975819,g1/60mA/0mA,77,97,0,19
40.685,SPO2,140,1,12229861,g1/25mA/0mA,77,97,0,19
41.736,HR,141,0,15142449,g5/13mA/13mA,77,97,0,19
41.736,HR,141,1,14743630,g4/13mA/13mA,77,97,0,19
41.736,HR,141,2,12553922,g4/13mA/13mA,77,97,0,19
41.736,HR,141,3,13989424,g4/13mA/13mA,77,97,0,19
41.736,HR,142,0,15141756,g5/13mA/13mA,77,97,0,19
41.736,HR,142,1,14743075,g4/13mA/13mA,77,97,0,19
41.736,HR,142,2,12553624,g4/13mA/13mA,77,97,0,19
41.736,HR,142,3,13989195,g4/13mA/13mA,77,97,0,19
41.736,HR,143,0,15141093,g5/13mA/13mA,77,97,0,19
41.736,HR,143,1,14742265,g4/13mA/13mA,77,97,0,19
41.736,HR,143,2,12552976,g4/13mA/13mA,77,97,0,19
41.736,HR,143,3,13988538,g4/13mA/13mA,77,97,0,19
41.736,HR,144,0,15139240,g5/13mA/13mA,77,97,0,19
41.736,HR,144,1,14741311,g4/13mA/13mA,77,97,0,19
41.736,HR,144,2,12552319,g4/13mA/13mA,77,97,0,19
41.736,HR,144,3,13988009,g4/13mA/13mA,77,97,0,19
41.736,HR,145,0,15142467,g5/13mA/13mA,77,97,0,19
41.736,HR,145,1,14742965,g4/13mA/13mA,77,97,0,19
41.736,HR,145,2,12553896,g4/13mA/13mA,77,97,0,19
41.736,HR,145,3,13989245,g4/13mA/13mA,77,97,0,19
41.768,HR,146,0,15142158,g5/13mA/13mA,77,97,0,19
41.768,HR,146,1,14743032,g4/13mA/13mA,77,97,0,19
41.768,HR,146,2,12553358,g4/13mA/13mA,77,97,0,19
41.768,HR,146,3,13989100,g4/13mA/13mA,77,97,0,19
41.768,HR,147,0,15139703,g5/13mA/13mA,77,97,0,19
41.768,HR,147,1,14741907,g4/13mA/13mA,77,97,0,19
41.768,HR,147,2,12552039,g4/13mA/13mA,77,97,0,19
41.768,HR,147,3,13988035,g4/13mA/13mA,77,97,0,19
41.770,HR,148,0,15141706,g5/13mA/13mA,77,97,0,19
41.770,HR,148,1,14743246,g4/13mA/13mA,77,97,0,19
41.770,HR,148,2,12553376,g4/13mA/13mA,77,97,0,19
41.770,HR,148,3,13988946,g4/13mA/13mA,77,97,0,19
41.770,HR,149,0,15141681,g5/13mA/13mA,77,97,0,19
41.770,HR,149,1,14743299,g4/13mA/13mA,77,97,0,19
41.770,HR,149,2,12553548,g4/13mA/13mA,77,97,0,19
41.770,HR,149,3,13988871,g4/13mA/13mA,77,97,0,19
41.770,HR,150,0,15142185,g5/13mA/13mA,77,97,0,19
41.770,HR,150,1,14743306,g4/13mA/13mA,77,97,0,19
41.770,HR,150,2,12553855,g4/13mA/13mA,77,97,0,19
41.770,HR,150,3,13989280,g4/13mA/13mA,77,97,0,19
41.794,HR,151,0,15141604,g5/13mA/13mA,77,97,0,19
41.794,HR,151,1,14743178,g4/13mA/13mA,77,97,0,19
41.794,HR,151,2,12553556,g4/13mA/13mA,77,97,0,19
41.794,HR,151,3,13988854,g4/13mA/13mA,77,97,0,19
41.794,HR,152,0,15141775,g5/13mA/13mA,77,97,0,19
41.794,HR,152,1,14742905,g4/13mA/13mA,77,97,0,19
41.794,HR,152,2,12553403,g4/13mA/13mA,77,97,0,19
41.794,HR,152,3,13988871,g4/13mA/13mA,77,97,0,19
41.794,HR,153,0,15143174,g5/13mA/13mA,77,97,0,19
41.794,HR,153,1,14744278,g4/13mA/13mA,77,97,0,19
41.794,HR,153,2,12554604,g4/13mA/13mA,77,97,0,19
41.794,HR,153,3,13989876,g4/13mA/13mA,77,97,0,19
41.794,HR,154,0,15142107,g5/13mA/13mA,77,97,0,19
41.794,HR,154,1,14743017,g4/13mA/13mA,77,97,0,19
41.794,HR,154,2,12553479,g4/13mA/13mA,77,97,0,19
41.794,HR,154,3,13989246,g4/13mA/13mA,77,97,0,19
41.794,HR,155,0,15141571,g5/13mA/13mA,77,97,0,19
41.794,HR,155,1,14743391,g4/13mA/13mA,77,97,0,19
41.794,HR,155,2,12553615,g4/13mA/13mA,77,97,0,19
41.794,HR,155,3,13989502,g4/13mA/13mA,77,97,0,19
41.794,HR,156,0,15142422,g5/13mA/13mA,77,97,0,19
41.794,HR,156,1,14743461,g4/13mA/13mA,77,97,0,19
41.794,HR,156,2,12553957,g4/13mA/13mA,77,97,0,19
41.794,HR,156,3,13989416,g4/13mA/13mA,77,97,0,19
41.855,HR,157,0,15141560,g5/13mA/13mA,77,97,0,19
41.855,HR,157,1,14742957,g4/13mA/13mA,77,97,0,19
41.855,HR,157,2,12553267,g4/13mA/13mA,77,97,0,19
41.855,HR,157,3,13989186,g4/13mA/13mA,77,97,0,19
41.855,HR,158,0,15142261,g5/13mA/13mA,77,97,0,19
41.855,HR,158,1,14743356,g4/13mA/13mA,77,97,0,19
41.855,HR,158,2,12553701,g4/13mA/13mA,77,97,0,19
41.855,HR,158,3,13989245,g4/13mA/13mA,77,97,0,19
41.855,HR,159,0,15142125,g5/13mA/13mA,77,97,0,19
41.855,HR,159,1,14743221,g4/13mA/13mA,77,97,0,19
41.855,HR,159,2,12553471,g4/13mA/13mA,77,97,0,19
41.855,HR,159,3,13989255,g4/13mA/13mA,77,97,0,19
41.855,HR,160,0,15142329,g5/13mA/13mA,77,97,0,19
41.855,HR,160,1,14743681,g4/13mA/13mA,77,97,0,19
41.855,HR,160,2,12554069,g4/13mA/13mA,77,97,0,19
41.855,HR,160,3,13989955,g4/13mA/13mA,77,97,0,19
41.855,HR,161,0,15141178,g5/13mA/13mA,77,97,0,19
41.855,HR,161,1,14742836,g4/13mA/13mA,77,97,0,19
41.855,HR,161,2,12553087,g4/13mA/13mA,77,97,0,19
41.855,HR,161,3,13988860,g4/13mA/13mA,77,97,0,19
41.855,HR,162,0,15142816,g5/13mA/13mA,77,97,0,19
41.855,HR,162,1,14743647,g4/13mA/13mA,77,97,0,19
41.855,HR,162,2,12553907,g4/13mA/13mA,77,97,0,19
41.855,HR,162,3,13989793,g4/13mA/13mA,77,97,0,19
41.889,HR,163,0,15141706,g5/13mA/13mA,77,97,0,19
41.889,HR,163,1,14742871,g4/13mA/13mA,77,97,0,19
41.889,HR,163,2,12553411,g4/13mA/13mA,77,97,0,19
41.889,HR,163,3,13988886,g4/13mA/13mA,77,97,0,19
41.889,HR,164,0,15143420,g5/13mA/13mA,77,97,0,19
41.889,HR,164,1,14743750,g4/13mA/13mA,77,97,0,19
41.889,HR,164,2,12553948,g4/13mA/13mA,77,97,0,19
41.889,HR,164,3,13989535,g4/13mA/13mA,77,97,0,19
41.889,HR,165,0,15140982,g5/13mA/13mA,77,97,0,19
41.889,HR,165,1,14742453,g4/13mA/13mA,77,97,0,19
41.889,HR,165,2,12552976,g4/13mA/13mA,77,97,0,19
41.889,HR,165,3,13988758,g4/13mA/13mA,77,97,0,19
41.889,HR,166,0,15142320,g5/13mA/13mA,77,97,0,19
41.889,HR,166,1,14743528,g4/13mA/13mA,77,97,0,19
41.889,HR,166,2,12554367,g4/13mA/13mA,77,97,0,19
41.889,HR,166,3,13989852,g4/13mA/13mA,77,97,0,19
41.889,HR,167,0,15141775,g5/13mA/13mA,77,97,0,19
41.889,HR,167,1,14743273,g4/13mA/13mA,77,97,0,19
41.889,HR,167,2,12553437,g4/13mA/13mA,77,97,0,19
41.889,HR,167,3,13989143,g4/13mA/13mA,77,97,0,19
41.889,HR,168,0,15148301,g5/13mA/13mA,77,97,0,19
41.889,HR,168,1,14746070,g4/13mA/13mA,77,97,0,19
41.889,HR,168,2,12556762,g4/13mA/13mA,77,97,0,19
41.889,HR,168,3,13991872,g4/13mA/13mA,77,97,0,19
41.915,HR,169,0,15144983,g5/13mA/13mA,77,97,0,19
41.915,HR,169,1,14744850,g4/13mA/13mA,77,97,0,19
41.915,HR,169,2,12555304,g4/13mA/13mA,77,97,0,19
41.915,HR,169,3,13990516,g4/13mA/13mA,77,97,0,19
41.915,HR,170,0,15143166,g5/13mA/13mA,77,97,0,19
41.915,HR,170,1,14744237,g4/13mA/13mA,77,97,0,19
41.915,HR,170,2,12554307,g4/13mA/13mA,77,97,0,19
41.915,HR,170,3,13989868,g4/13mA/13mA,77,97,0,19
41.915,HR,171,0,15141971,g5/13mA/13mA,77,96,0,19
41.915,HR,171,1,14743059,g4/13mA/13mA,77,96,0,19
41.915,HR,171,2,12553376,g4/13mA/13mA,77,96,0,19
41.915,HR,171,3,13989049,g4/13mA/13mA,77,96,0,19
41.915,HR,172,0,15140828,g5/13mA/13mA,77,96,0,19
41.915,HR,172,1,14742359,g4/13mA/13mA,77,96,0,19
41.915,HR,172,2,12553128,g4/13mA/13mA,77,96,0,19
41.915,HR,172,3,13988913,g4/13mA/13mA,77,96,0,19
41.915,HR,173,0,15141989,g5/13mA/13mA,77,96,0,19
41.915,HR,173,1,14743503,g4/13mA/13mA,77,96,0,19
41.915,HR,173,2,12553565,g4/13mA/13mA,77,96,0,19
41.915,HR,173,3,13989203,g4/13mA/13mA,77,96,0,19
41.971,HR,174,0,15138525,g5/13mA/13mA,77,96,0,19
41.971,HR,174,1,14741054,g4/13mA/13mA,77,96,0,19
41.971,HR,174,2,12551772,g4/13mA/13mA,77,96,0,19
41.971,HR,174,3,13987677,g4/13mA/13mA,77,96,0,19
42.036,HRV,141,0,15142449,g5/13mA/13mA,77,96,0,19
42.036,HRV,141,1,14743630,g4/13mA/13mA,77,96,0,19
42.036,HRV,141,2,12553922,g4/13mA/13mA,77,96,0,19
42.036,HRV,141,3,13989424,g4/13mA/13mA,77,96,0,19
42.036,HRV,142,0,15141756,g5/13mA/13mA,77,96,0,19
42.036,HRV,142,1,14743075,g4/13mA/13mA,77,96,0,19
42.036,HRV,142,2,12553624,g4/13mA/13mA,77,96,0,19
42.036,HRV,142,3,13989195,g4/13mA/13mA,77,96,0,19
42.036,HRV,143,0,15141093,g5/13mA/13mA,77,96,0,19
42.036,HRV,143,1,14742265,g4/13mA/13mA,77,96,0,19
42.036,HRV,143,2,12552976,g4/13mA/13mA,77,96,0,19
42.036,HRV,143,3,13988538,g4/13mA/13mA,77,96,0,19
42.036,HRV,144,0,15139240,g5/13mA/13mA,77,96,0,19
42.036,HRV,144,1,14741311,g4/13mA/13mA,77,96,0,19
42.036,HRV,144,2,12552319,g4/13mA/13mA,77,96,0,19
42.036,HRV,144,3,13988009,g4/13mA/13mA,77,96,0,19
42.036,HRV,145,0,15142467,g5/13mA/13mA,77,96,0,19
42.036,HRV,145,1,14742965,g4/13mA/13mA,77,96,0,19
42.036,HRV,145,2,12553896,g4/13mA/13mA,77,96,0,19
42.036,HRV,145,3,13989245,g4/13mA/13mA,77,96,0,19
42.037,HRV,146,0,15142158,g5/13mA/13mA,77,96,0,19
42.037,HRV,146,1,14743032,g4/13mA/13mA,77,96,0,19
42.037,HRV,146,2,12553358,g4/13mA/13mA,77,96,0,19
42.037,HRV,146,3,13989100,g4/13mA/13mA,77,96,0,19
42.037,HRV,147,0,15139703,g5/13mA/13mA,77,96,0,19
42.037,HRV,147,1,14741907,g4/13mA/13mA,77,96,0,19
42.037,HRV,147,2,12552039,g4/13mA/13mA,77,96,0,19
42.037,HRV,147,3,13988035,g4/13mA/13mA,77,96,0,19
42.037,HRV,148,0,15141706,g5/13mA/13mA,77,96,0,19
42.037,HRV,148,1,14743246,g4/13mA/13mA,77,96,0,19
42.037,HRV,148,2,12553376,g4/13mA/13mA,77,96,0,19
42.037,HRV,148,3,13988946,g4/13mA/13mA,77,96,0,19
42.037,HRV,149,0,15141681,g5/13mA/13mA,77,96,0,19
42.037,HRV,149,1,14743299,g4/13mA/13mA,77,96,0,19
42.037,HRV,149,2,12553548,g4/13mA/13mA,77,96,0,19
42.037,HRV,149,3,13988871,g4/13mA/13mA,77,96,0,19
42.037,HRV,150,0,15142185,g5/13mA/13mA,77,96,0,19
42.037,HRV,150,1,14743306,g4/13mA/13mA,77,96,0,19
42.037,HRV,150,2,12553855,g4/13mA/13mA,77,96,0,19
42.037,HRV,150,3,13989280,g4/13mA/13mA,77,96,0,19
42.095,HRV,151,0,15141604,g5/13mA/13mA,77,96,0,19
42.095,HRV,151,1,14743178,g4/13mA/13mA,77,96,0,19
42.095,HRV,151,2,12553556,g4/13mA/13mA,77,96,0,19
42.095,HRV,151,3,13988854,g4/13mA/13mA,77,96,0,19
42.095,HRV,152,0,15141775,g5/13mA/13mA,77,96,0,19
42.095,HRV,152,1,14742905,g4/13mA/13mA,77,96,0,19
42.095,HRV,152,2,12553403,g4/13mA/13mA,77,96,0,19
42.095,HRV,152,3,13988871,g4/13mA/13mA,77,96,0,19
42.095,HRV,153,0,15143174,g5/13mA/13mA,77,96,0,19
42.095,HRV,153,1,14744278,g4/13mA/13mA,77,96,0,19
42.095,HRV,153,2,12554604,g4/13mA/13mA,77,96,0,19
42.095,HRV,153,3,13989876,g4/13mA/13mA,77,96,0,19
42.095,HRV,154,0,15142107,g5/13mA/13mA,77,96,0,19
42.095,HRV,154,1,14743017,g4/13mA/13mA,77,96,0,19
42.095,HRV,154,2,12553479,g4/13mA/13mA,77,96,0,19
42.095,HRV,154,3,13989246,g4/13mA/13mA,77,96,0,19
42.095,HRV,155,0,15141571,g5/13mA/13mA,77,96,0,19
42.095,HRV,155,1,14743391,g4/13mA/13mA,77,96,0,19
42.095,HRV,155,2,12553615,g4/13mA/13mA,77,96,0,19
42.095,HRV,155,3,13989502,g4/13mA/13mA,77,96,0,19
42.095,HRV,156,0,15142422,g5/13mA/13mA,77,96,0,19
42.095,HRV,156,1,14743461,g4/13mA/13mA,77,96,0,19
42.095,HRV,156,2,12553957,g4/13mA/13mA,77,96,0,19
42.095,HRV,156,3,13989416,g4/13mA/13mA,77,96,0,19
42.124,HRV,157,0,15141560,g5/13mA/13mA,77,96,0,19
42.124,HRV,157,1,14742957,g4/13mA/13mA,77,96,0,19
42.124,HRV,157,2,12553267,g4/13mA/13mA,77,96,0,19
42.124,HRV,157,3,13989186,g4/13mA/13mA,77,96,0,19
42.124,HRV,158,0,15142261,g5/13mA/13mA,77,96,0,19
42.124,HRV,158,1,14743356,g4/13mA/13mA,77,96,0,19
42.124,HRV,158,2,12553701,g4/13mA/13mA,77,96,0,19
42.124,HRV,158,3,13989245,g4/13mA/13mA,77,96,0,19
42.124,HRV,159,0,15142125,g5/13mA/13mA,77,96,0,19
42.124,HRV,159,1,14743221,g4/13mA/13mA,77,96,0,19
42.124,HRV,159,2,12553471,g4/13mA/13mA,77,96,0,19
42.124,HRV,159,3,13989255,g4/13mA/13mA,77,96,0,19
42.124,HRV,160,0,15142329,g5/13mA/13mA,77,96,0,19
42.124,HRV,160,1,14743681,g4/13mA/13mA,77,96,0,19
42.124,HRV,160,2,12554069,g4/13mA/13mA,77,96,0,19
42.124,HRV,160,3,13989955,g4/13mA/13mA,77,96,0,19
42.124,HRV,161,0,15141178,g5/13mA/13mA,77,96,0,19
42.124,HRV,161,1,14742836,g4/13mA/13mA,77,96,0,19
42.124,HRV,161,2,12553087,g4/13mA/13mA,77,96,0,19
42.124,HRV,161,3,13988860,g4/13mA/13mA,77,96,0,19
42.124,HRV,162,0,15142816,g5/13mA/13mA,77,96,0,19
42.124,HRV,162,1,14743647,g4/13mA/13mA,77,96,0,19
42.124,HRV,162,2,12553907,g4/13mA/13mA,77,96,0,19
42.124,HRV,162,3,13989793,g4/13mA/13mA,77,96,0,19
42.184,HRV,163,0,15141706,g5/13mA/13mA,77,96,0,19
42.184,HRV,163,1,14742871,g4/13mA/13mA,77,96,0,19
42.184,HRV,163,2,12553411,g4/13mA/13mA,77,96,0,19
42.184,HRV,163,3,13988886,g4/13mA/13mA,77,96,0,19
42.184,HRV,164,0,15143420,g5/13mA/13mA,77,96,0,19
42.184,HRV,164,1,14743750,g4/13mA/13mA,77,96,0,19
42.184,HRV,164,2,12553948,g4/13mA/13mA,77,96,0,19
42.184,HRV,164,3,13989535,g4/13mA/13mA,77,96,0,19
42.184,HRV,165,0,15140982,g5/13mA/13mA,77,96,0,19
42.184,HRV,165,1,14742453,g4/13mA/13mA,77,96,0,19
42.184,HRV,165,2,12552976,g4/13mA/13mA,77,96,0,19
42.184,HRV,165,3,13988758,g4/13mA/13mA,77,96,0,19
42.184,HRV,166,0,15142320,g5/13mA/13mA,77,96,0,19
42.184,HRV,166,1,14743528,g4/13mA/13mA,77,96,0,19
42.184,HRV,166,2,12554367,g4/13mA/13mA,77,96,0,19
42.184,HRV,166,3,13989852,g4/13mA/13mA,77,96,0,19
42.185,HRV,167,0,15141775,g5/13mA/13mA,77,96,0,19
42.185,HRV,167,1,14743273,g4/13mA/13mA,77,96,0,19
42.185,HRV,167,2,12553437,g4/13mA/13mA,77,96,0,19
42.185,HRV,167,3,13989143,g4/13mA/13mA,77,96,0,19
42.185,HRV,168,0,15148301,g5/13mA/13mA,77,96,0,19
42.185,HRV,168,1,14746070,g4/13mA/13mA,77,96,0,19
42.185,HRV,168,2,12556762,g4/13mA/13mA,77,96,0,19
42.185,HRV,168,3,13991872,g4/13mA/13mA,77,96,0,19
42.214,HRV,169,0,15144983,g5/13mA/13mA,77,96,0,19
42.214,HRV,169,1,14744850,g4/13mA/13mA,77,96,0,19
42.214,HRV,169,2,12555304,g4/13mA/13mA,77,96,0,19
42.214,HRV,169,3,13990516,g4/13mA/13mA,77,96,0,19
42.214,HRV,170,0,15143166,g5/13mA/13mA,77,96,0,19
42.214,HRV,170,1,14744237,g4/13mA/13mA,77,96,0,19
42.214,HRV,170,2,12554307,g4/13mA/13mA,77,96,0,19
42.214,HRV,170,3,13989868,g4/13mA/13mA,77,96,0,19
42.214,HRV,171,0,15141971,g5/13mA/13mA,77,96,0,19
42.214,HRV,171,1,14743059,g4/13mA/13mA,77,96,0,19
42.214,HRV,171,2,12553376,g4/13mA/13mA,77,96,0,19
42.214,HRV,171,3,13989049,g4/13mA/13mA,77,96,0,19
42.214,HRV,172,0,15140828,g5/13mA/13mA,77,96,0,19
42.214,HRV,172,1,14742359,g4/13mA/13mA,77,96,0,19
42.214,HRV,172,2,12553128,g4/13mA/13mA,77,96,0,19
42.214,HRV,172,3,13988913,g4/13mA/13mA,77,96,0,19
42.214,HRV,173,0,15141989,g5/13mA/13mA,77,96,0,19
42.214,HRV,173,1,14743503,g4/13mA/13mA,77,96,0,19
42.214,HRV,173,2,12553565,g4/13mA/13mA,77,96,0,19
42.214,HRV,173,3,13989203,g4/13mA/13mA,77,96,0,19
42.272,HRV,174,0,15138525,g5/13mA/13mA,77,96,0,19
42.272,HRV,174,1,14741054,g4/13mA/13mA,77,96,0,19
42.272,HRV,174,2,12551772,g4/13mA/13mA,77,96,0,19
42.272,HRV,174,3,13987677,g4/13mA/13mA,77,96,0,19
42.724,SPO2,141,0,12976750,g1/60mA/0mA,77,96,0,19
42.724,SPO2,141,1,12230576,g1/25mA/0mA,77,96,0,19
42.724,SPO2,142,0,12976409,g1/60mA/0mA,77,96,0,19
42.724,SPO2,142,1,12230360,g1/25mA/0mA,77,96,0,19
42.724,SPO2,143,0,12976148,g1/60mA/0mA,77,96,0,19
42.724,SPO2,143,1,12230552,g1/25mA/0mA,77,96,0,19
42.724,SPO2,144,0,12974009,g1/60mA/0mA,77,96,0,19
42.724,SPO2,144,1,12229268,g1/25mA/0mA,77,96,0,19
42.724,SPO2,145,0,12976264,g1/60mA/0mA,77,96,0,19
42.724,SPO2,145,1,12230123,g1/25mA/0mA,77,96,0,19
42.724,SPO2,146,0,12976214,g1/60mA/0mA,77,96,0,19
42.724,SPO2,146,1,12230327,g1/25mA/0mA,77,96,0,19
42.788,SPO2,147,0,12974425,g1/60mA/0mA,77,96,0,19
42.788,SPO2,147,1,12229639,g1/25mA/0mA,77,96,0,19
42.788,SPO2,148,0,12976067,g1/60mA/0mA,77,96,0,19
42.788,SPO2,148,1,12230189,g1/25mA/0mA,77,96,0,19
42.788,SPO2,149,0,12975961,g1/60mA/0mA,77,96,0,19
42.788,SPO2,149,1,12230140,g1/25mA/0mA,77,96,0,19
42.788,SPO2,150,0,12976675,g1/60mA/0mA,77,96,0,19
42.788,SPO2,150,1,12230444,g1/25mA/0mA,77,96,0,19
42.788,SPO2,151,0,12976143,g1/60mA/0mA,77,96,0,19
42.788,SPO2,151,1,12230263,g1/25mA/0mA,77,96,0,19
42.789,SPO2,152,0,12975821,g1/60mA/0mA,77,96,0,19
42.789,SPO2,152,1,12229959,g1/25mA/0mA,77,96,0,19
42.789,SPO2,153,0,12977097,g1/60mA/0mA,77,96,0,19
42.789,SPO2,153,1,12230627,g1/25mA/0mA,77,96,0,19
42.789,SPO2,154,0,12976460,g1/60mA/0mA,77,96,0,19
42.789,SPO2,154,1,12230562,g1/25mA/0mA,77,96,0,19
42.812,SPO2,155,0,12976174,g1/60mA/0mA,77,96,0,19
42.812,SPO2,155,1,12230123,g1/25mA/0mA,77,96,0,19
42.812,SPO2,156,0,12976267,g1/60mA/0mA,77,96,0,19
42.812,SPO2,156,1,12230184,g1/25mA/0mA,77,96,0,19
42.812,SPO2,157,0,12976038,g1/60mA/0mA,77,96,0,19
42.812,SPO2,157,1,12230204,g1/25mA/0mA,77,96,0,19
42.812,SPO2,158,0,12976223,g1/60mA/0mA,77,96,0,19
42.812,SPO2,158,1,12230240,g1/25mA/0mA,77,96,0,19
42.812,SPO2,159,0,12976294,g1/60mA/0mA,77,96,0,19
42.812,SPO2,159,1,12230140,g1/25mA/0mA,77,96,0,19
42.812,SPO2,160,0,12976707,g1/60mA/0mA,77,96,0,19
42.812,SPO2,160,1,12230527,g1/25mA/0mA,77,96,0,19
42.812,SPO2,161,0,12975491,g1/60mA/0mA,77,96,0,19
42.812,SPO2,161,1,12229742,g1/25mA/0mA,77,96,0,19
42.847,SPO2,162,0,12976728,g1/60mA/0mA,77,96,0,19
42.847,SPO2,162,1,12230606,g1/25mA/0mA,77,96,0,19
42.847,SPO2,163,0,12975980,g1/60mA/0mA,77,96,0,19
42.847,SPO2,163,1,12230140,g1/25mA/0mA,77,96,0,19
42.847,SPO2,164,0,12976858,g1/60mA/0mA,77,96,0,19
42.847,SPO2,164,1,12230491,g1/25mA/0mA,77,96,0,19
42.847,SPO2,165,0,12975051,g1/60mA/0mA,77,96,0,19
42.847,SPO2,165,1,12229628,g1/25mA/0mA,77,96,0,19
42.847,SPO2,166,0,12977019,g1/60mA/0mA,77,96,0,19
42.847,SPO2,166,1,12230648,g1/25mA/0mA,77,96,0,19
42.847,SPO2,167,0,12976021,g1/60mA/0mA,77,96,0,19
42.847,SPO2,167,1,12230183,g1/25mA/0mA,77,96,0,19
42.847,SPO2,168,0,12977408,g1/60mA/0mA,77,96,0,19
42.847,SPO2,168,1,12228310,g1/25mA/0mA,77,96,0,19
42.847,SPO2,169,0,12978044,g1/60mA/0mA,77,96,0,19
42.847,SPO2,169,1,12231014,g1/25mA/0mA,77,96,0,19
42.876,SPO2,170,0,12976874,g1/60mA/0mA,77,96,0,19
42.876,SPO2,170,1,12230461,g1/25mA/0mA,77,96,0,19
42.876,SPO2,171,0,12976064,g1/60mA/0mA,77,96,0,19
42.876,SPO2,171,1,12230342,g1/25mA/0mA,77,96,0,19
42.876,SPO2,172,0,12975332,g1/60mA/0mA,77,96,0,19
42.876,SPO2,172,1,12229573,g1/25mA/0mA,77,96,0,19
42.876,SPO2,173,0,12975918,g1/60mA/0mA,77,96,0,19
42.876,SPO2,173,1,12230255,g1/25mA/0mA,77,96,0,19
42.876,SPO2,174,0,12973733,g1/60mA/0mA,77,96,0,19
42.876,SPO2,174,1,12229049,g1/25mA/0mA,77,96,0,19
42.935,HR,175,0,15140529,g5/13mA/13mA,77,96,0,19
42.935,HR,175,1,14742581,g4/13mA/13mA,77,96,0,19
42.935,HR,175,2,12552719,g4/13mA/13mA,77,96,0,19
42.935,HR,175,3,13988504,g4/13mA/13mA,77,96,0,19
42.935,HR,176,0,15142431,g5/13mA/13mA,77,96,0,19
42.935,HR,176,1,14743827,g4/13mA/13mA,77,96,0,19
42.935,HR,176,2,12553846,g4/13mA/13mA,77,96,0,19
42.935,HR,176,3,13989484,g4/13mA/13mA,77,96,0,19
42.935,HR,177,0,15142979,g5/13mA/13mA,77,96,0,19
42.935,HR,177,1,14743989,g4/13mA/13mA,77,96,0,19
42.935,HR,177,2,12554179,g4/13mA/13mA,77,96,0,19
42.935,HR,177,3,13989536,g4/13mA/13mA,77,96,0,19
42.935,HR,178,0,15141058,g5/13mA/13mA,77,96,0,19
42.935,HR,178,1,14742939,g4/13mA/13mA,77,96,0,19
42.935,HR,178,2,12553282,g4/13mA/13mA,77,96,0,19
42.935,HR,178,3,13988946,g4/13mA/13mA,77,96,0,19
42.935,HR,179,0,15140938,g5/13mA/13mA,77,96,0,19
42.935,HR,179,1,14742708,g4/13mA/13mA,77,96,0,19
42.935,HR,179,2,12553027,g4/13mA/13mA,77,96,0,19
42.935,HR,179,3,13988674,g4/13mA/13mA,77,96,0,19
42.935,HR,180,0,15142586,g5/13mA/13mA,77,96,0,19
42.935,HR,180,1,14743416,g4/13mA/13mA,77,96,0,19
42.936,HR,180,2,12553964,g4/13mA/13mA,77,96,0,19
42.936,HR,180,3,13989322,g4/13mA/13mA,77,96,0,19
42.968,HR,181,0,15137380,g5/13mA/13mA,77,96,0,19
42.968,HR,181,1,14740737,g4/13mA/13mA,77,96,0,19
42.968,HR,181,2,12551313,g4/13mA/13mA,77,96,0,19
42.968,HR,181,3,13986916,g4/13mA/13mA,77,96,0,19
42.968,HR,182,0,15142090,g5/13mA/13mA,77,96,0,19
42.968,HR,182,1,14742948,g4/13mA/13mA,77,96,0,19
42.968,HR,182,2,12553658,g4/13mA/13mA,77,96,0,19
42.968,HR,182,3,13989210,g4/13mA/13mA,77,96,0,19
42.968,HR,183,0,15140536,g5/13mA/13mA,77,96,0,19
42.968,HR,183,1,14742445,g4/13mA/13mA,77,96,0,19
42.968,HR,183,2,12552710,g4/13mA/13mA,77,96,0,19
42.968,HR,183,3,13988648,g4/13mA/13mA,77,96,0,19
42.968,HR,184,0,15141330,g5/13mA/13mA,77,96,0,19
42.968,HR,184,1,14742743,g4/13mA/13mA,77,96,0,19
42.968,HR,184,2,12553171,g4/13mA/13mA,77,96,0,19
42.968,HR,184,3,13988768,g4/13mA/13mA,77,96,0,19
42.968,HR,185,0,15142731,g5/13mA/13mA,77,96,0,19
42.968,HR,185,1,14743236,g4/13mA/13mA,77,96,0,19
42.968,HR,185,2,12554050,g4/13mA/13mA,77,96,0,19
42.968,HR,185,3,13989477,g4/13mA/13mA,77,96,0,19
42.968,HR,186,0,15142355,g5/13mA/13mA,77,96,0,19
42.968,HR,186,1,14743382,g4/13mA/13mA,77,96,0,19
42.968,HR,186,2,12553810,g4/13mA/13mA,77,96,0,19
42.968,HR,186,3,13989228,g4/13mA/13mA,77,96,0,19
42.995,HR,187,0,15143593,g5/13mA/13mA,77,96,0,19
42.995,HR,187,1,14744406,g4/13mA/13mA,77,96,0,19
42.995,HR,187,2,12554649,g4/13mA/13mA,77,96,0,19
42.995,HR,187,3,13989852,g4/13mA/13mA,77,96,0,19
42.995,HR,188,0,15140171,g5/13mA/13mA,77,96,0,19
42.995,HR,188,1,14742009,g4/13mA/13mA,77,96,0,19
42.995,HR,188,2,12552660,g4/13mA/13mA,77,96,0,19
42.995,HR,188,3,13988027,g4/13mA/13mA,77,96,0,19
42.995,HR,189,0,15142517,g5/13mA/13mA,77,96,0,19
42.995,HR,189,1,14743605,g4/13mA/13mA,77,96,0,19
42.995,HR,189,2,12553964,g4/13mA/13mA,77,96,0,19
42.995,HR,189,3,13989749,g4/13mA/13mA,77,96,0,19
42.995,HR,190,0,15142534,g5/13mA/13mA,77,96,0,19
42.995,HR,190,1,14743273,g4/13mA/13mA,77,96,0,19
42.995,HR,190,2,12553683,g4/13mA/13mA,77,96,0,19
42.996,HR,190,3,13989315,g4/13mA/13mA,77,96,0,19
42.996,HR,191,0,15141067,g5/13mA/13mA,77,96,0,19
42.996,HR,191,1,14742726,g4/13mA/13mA,77,96,0,19
42.996,HR,191,2,12553105,g4/13mA/13mA,77,96,0,19
42.996,HR,191,3,13989050,g4/13mA/13mA,77,96,0,19
42.996,HR,192,0,15140640,g5/13mA/13mA,77,96,0,19
42.996,HR,192,1,14742735,g4/13mA/13mA,77,96,0,19
42.996,HR,192,2,12552959,g4/13mA/13mA,77,96,0,19
42.996,HR,192,3,13988829,g4/13mA/13mA,77,96,0,19
43.057,HR,193,0,15141280,g5/13mA/13mA,77,96,0,19
43.057,HR,193,1,14742726,g4/13mA/13mA,77,96,0,19
43.057,HR,193,2,12553369,g4/13mA/13mA,77,96,0,19
43.057,HR,193,3,13988957,g4/13mA/13mA,77,96,0,19
43.057,HR,194,0,15141553,g5/13mA/13mA,77,96,0,19
43.057,HR,194,1,14743032,g4/13mA/13mA,77,96,0,19
43.057,HR,194,2,12553317,g4/13mA/13mA,77,96,0,19
43.057,HR,194,3,13989082,g4/13mA/13mA,77,96,0,19
43.057,HR,195,0,15140385,g5/13mA/13mA,77,96,0,19
43.057,HR,195,1,14742283,g4/13mA/13mA,77,96,0,19
43.057,HR,195,2,12552574,g4/13mA/13mA,77,96,0,19
43.057,HR,195,3,13988520,g4/13mA/13mA,77,96,0,19
43.057,HR,196,0,15141468,g5/13mA/13mA,77,96,0,19
43.057,HR,196,1,14742946,g4/13mA/13mA,77,96,0,19
43.057,HR,196,2,12553633,g4/13mA/13mA,77,96,0,19
43.057,HR,196,3,13988946,g4/13mA/13mA,77,96,0,19
43.057,HR,197,0,15141978,g5/13mA/13mA,77,96,0,19
43.057,HR,197,1,14743077,g4/13mA/13mA,77,96,0,19
43.057,HR,197,2,12553675,g4/13mA/13mA,77,96,0,19
43.057,HR,197,3,13989135,g4/13mA/13mA,77,96,0,19
43.085,HR,198,0,15141725,g5/13mA/13mA,77,96,0,19
43.085,HR,198,1,14743008,g4/13mA/13mA,77,96,0,19
43.085,HR,198,2,12553351,g4/13mA/13mA,77,96,0,19
43.085,HR,198,3,13989339,g4/13mA/13mA,77,96,0,19
43.085,HR,199,0,15141817,g5/13mA/13mA,77,96,0,19
43.085,HR,199,1,14742735,g4/13mA/13mA,77,96,0,19
43.085,HR,199,2,12553453,g4/13mA/13mA,77,96,0,19
43.085,HR,199,3,13989135,g4/13mA/13mA,77,96,0,19
43.085,HR,200,0,15140878,g5/13mA/13mA,77,96,0,19
43.085,HR,200,1,14742384,g4/13mA/13mA,77,96,0,19
43.085,HR,200,2,12553146,g4/13mA/13mA,77,96,0,19
43.085,HR,200,3,13988878,g4/13mA/13mA,77,96,0,19
43.085,HR,201,0,15142500,g5/13mA/13mA,77,96,0,19
43.085,HR,201,1,14743092,g4/13mA/13mA,77,96,0,19
43.085,HR,201,2,12553880,g4/13mA/13mA,77,96,0,19
43.085,HR,201,3,13989228,g4/13mA/13mA,77,96,0,19
43.085,HR,202,0,15142722,g5/13mA/13mA,77,96,0,19
43.085,HR,202,1,14743717,g4/13mA/13mA,77,96,0,19
43.085,HR,202,2,12554453,g4/13mA/13mA,77,96,0,19
43.085,HR,202,3,13989526,g4/13mA/13mA,77,96,0,19
43.085,HR,203,0,15143831,g5/13mA/13mA,77,96,0,19
43.085,HR,203,1,14744388,g4/13mA/13mA,77,96,0,19
43.085,HR,203,2,12554673,g4/13mA/13mA,77,96,0,19
43.085,HR,203,3,13990201,g4/13mA/13mA,77,96,0,19
43.143,HR,204,0,15142048,g5/13mA/13mA,77,96,0,19
43.143,HR,204,1,14743349,g4/13mA/13mA,77,96,0,19
43.143,HR,204,2,12553821,g4/13mA/13mA,77,96,0,19
43.143,HR,204,3,13989433,g4/13mA/13mA,77,96,0,19
43.143,HR,205,0,15142004,g5/13mA/13mA,77,96,0,19
43.143,HR,205,1,14743119,g4/13mA/13mA,77,96,0,19
43.143,HR,205,2,12553675,g4/13mA/13mA,77,96,0,19
43.143,HR,205,3,13989468,g4/13mA/13mA,77,96,0,19
43.143,HR,206,0,15141775,g5/13mA/13mA,77,96,0,19
43.143,HR,206,1,14742983,g4/13mA/13mA,77,96,0,19
43.143,HR,206,2,12553617,g4/13mA/13mA,77,96,0,19
43.143,HR,206,3,13988768,g4/13mA/13mA,77,96,0,19
43.143,HR,207,0,15142576,g5/13mA/13mA,77,96,0,19
43.143,HR,207,1,14743416,g4/13mA/13mA,77,96,0,19
43.143,HR,207,2,12553880,g4/13mA/13mA,77,96,0,19
43.143,HR,207,3,13989477,g4/13mA/13mA,77,96,0,19
43.143,HR,208,0,15141861,g5/13mA/13mA,77,96,0,19
43.143,HR,208,1,14743032,g4/13mA/13mA,77,96,0,19
43.143,HR,208,2,12553565,g4/13mA/13mA,77,96,0,19
43.143,HR,208,3,13988913,g4/13mA/13mA,77,96,0,19
43.174,HRV,175,0,15140529,g5/13mA/13mA,77,96,0,19
43.174,HRV,175,1,14742581,g4/13mA/13mA,77,96,0,19
43.174,HRV,175,2,12552719,g4/13mA/13mA,77,96,0,19
43.174,HRV,175,3,13988504,g4/13mA/13mA,77,96,0,19
43.174,HRV,176,0,15142431,g5/13mA/13mA,77,96,0,19
43.174,HRV,176,1,14743827,g4/13mA/13mA,77,96,0,19
43.174,HRV,176,2,12553846,g4/13mA/13mA,77,96,0,19
43.174,HRV,176,3,13989484,g4/13mA/13mA,77,96,0,19
43.174,HRV,177,0,15142979,g5/13mA/13mA,77,96,0,19
43.174,HRV,177,1,14743989,g4/13mA/13mA,77,96,0,19
43.174,HRV,177,2,12554179,g4/13mA/13mA,77,96,0,19
43.174,HRV,177,3,13989536,g4/13mA/13mA,77,96,0,19
43.174,HRV,178,0,15141058,g5/13mA/13mA,77,96,0,19
43.174,HRV,178,1,14742939,g4/13mA/13mA,77,96,0,19
43.174,HRV,178,2,12553282,g4/13mA/13mA,77,96,0,19
43.174,HRV,178,3,13988946,g4/13mA/13mA,77,96,0,19
43.174,HRV,179,0,15140938,g5/13mA/13mA,77,96,0,19
43.174,HRV,179,1,14742708,g4/13mA/13mA,77,96,0,19
43.174,HRV,179,2,12553027,g4/13mA/13mA,77,96,0,19
43.174,HRV,179,3,13988674,g4/13mA/13mA,77,96,0,19
43.174,HRV,180,0,15142586,g5/13mA/13mA,77,96,0,19
43.174,HRV,180,1,14743416,g4/13mA/13mA,77,96,0,19
43.174,HRV,180,2,12553964,g4/13mA/13mA,77,96,0,19
43.174,HRV,180,3,13989322,g4/13mA/13mA,77,96,0,19
43.233,HRV,181,0,15137380,g5/13mA/13mA,77,96,0,19
43.233,HRV,181,1,14740737,g4/13mA/13mA,77,96,0,19
43.233,HRV,181,2,12551313,g4/13mA/13mA,77,96,0,19
43.233,HRV,181,3,13986916,g4/13mA/13mA,77,96,0,19
43.233,HRV,182,0,15142090,g5/13mA/13mA,77,96,0,19
43.233,HRV,182,1,14742948,g4/13mA/13mA,77,96,0,19
43.233,HRV,182,2,12553658,g4/13mA/13mA,77,96,0,19
43.233,HRV,182,3,13989210,g4/13mA/13mA,77,96,0,19
43.233,HRV,183,0,15140536,g5/13mA/13mA,77,96,0,19
43.233,HRV,183,1,14742445,g4/13mA/13mA,77,96,0,19
43.233,HRV,183,2,12552710,g4/13mA/13mA,77,96,0,19
43.233,HRV,183,3,13988648,g4/13mA/13mA,77,96,0,19
43.233,HRV,184,0,15141330,g5/13mA/13mA,77,96,0,19
43.233,HRV,184,1,14742743,g4/13mA/13mA,77,96,0,19
43.233,HRV,184,2,12553171,g4/13mA/13mA,77,96,0,19
43.233,HRV,184,3,13988768,g4/13mA/13mA,77,96,0,19
43.233,HRV,185,0,15142731,g5/13mA/13mA,77,96,0,19
43.233,HRV,185,1,14743236,g4/13mA/13mA,77,96,0,19
43.233,HRV,185,2,12554050,g4/13mA/13mA,77,96,0,19
43.233,HRV,185,3,13989477,g4/13mA/13mA,77,96,0,19
43.233,HRV,186,0,15142355,g5/13mA/13mA,77,96,0,19
43.233,HRV,186,1,14743382,g4/13mA/13mA,77,96,0,19
43.233,HRV,186,2,12553810,g4/13mA/13mA,77,96,0,19
43.233,HRV,186,3,13989228,g4/13mA/13mA,77,96,0,19
43.264,HRV,187,0,15143593,g5/13mA/13mA,77,96,0,19
43.264,HRV,187,1,14744406,g4/13mA/13mA,77,96,0,19
43.264,HRV,187,2,12554649,g4/13mA/13mA,77,96,0,19
43.264,HRV,187,3,13989852,g4/13mA/13mA,77,96,0,19
43.264,HRV,188,0,15140171,g5/13mA/13mA,77,96,0,19
43.264,HRV,188,1,14742009,g4/13mA/13mA,77,96,0,19
43.264,HRV,188,2,12552660,g4/13mA/13mA,77,96,0,19
43.264,HRV,188,3,13988027,g4/13mA/13mA,77,96,0,19
43.264,HRV,189,0,15142517,g5/13mA/13mA,77,96,0,19
43.264,HRV,189,1,14743605,g4/13mA/13mA,77,96,0,19
43.264,HRV,189,2,12553964,g4/13mA/13mA,77,96,0,19
43.264,HRV,189,3,13989749,g4/13mA/13mA,77,96,0,19
43.264,HRV,190,0,15142534,g5/13mA/13mA,77,96,0,19
43.264,HRV,190,1,14743273,g4/13mA/13mA,77,96,0,19
43.264,HRV,190,2,12553683,g4/13mA/13mA,77,96,0,19
43.264,HRV,190,3,13989315,g4/13mA/13mA,77,96,0,19
43.264,HRV,191,0,15141067,g5/13mA/13mA,77,96,0,19
43.264,HRV,191,1,14742726,g4/13mA/13mA,77,96,0,19
43.264,HRV,191,2,12553105,g4/13mA/13mA,77,96,0,19
43.264,HRV,191,3,13989050,g4/13mA/13mA,77,96,0,19
43.264,HRV,192,0,15140640,g5/13mA/13mA,77,96,0,19
43.264,HRV,192,1,14742735,g4/13mA/13mA,77,96,0,19
43.264,HRV,192,2,12552959,g4/13mA/13mA,77,96,0,19
43.264,HRV,192,3,13988829,g4/13mA/13mA,77,96,0,19
43.295,HRV,193,0,15141280,g5/13mA/13mA,77,96,0,19
43.295,HRV,193,1,14742726,g4/13mA/13mA,77,96,0,19
43.295,HRV,193,2,12553369,g4/13mA/13mA,77,96,0,19
43.295,HRV,193,3,13988957,g4/13mA/13mA,77,96,0,19
43.295,HRV,194,0,15141553,g5/13mA/13mA,77,96,0,19
43.295,HRV,194,1,14743032,g4/13mA/13mA,77,96,0,19
43.295,HRV,194,2,12553317,g4/13mA/13mA,77,96,0,19
43.295,HRV,194,3,13989082,g4/13mA/13mA,77,96,0,19
43.295,HRV,195,0,15140385,g5/13mA/13mA,77,96,0,19
43.295,HRV,195,1,14742283,g4/13mA/13mA,77,96,0,19
43.295,HRV,195,2,12552574,g4/13mA/13mA,77,96,0,19
43.295,HRV,195,3,13988520,g4/13mA/13mA,77,96,0,19
43.295,HRV,196,0,15141468,g5/13mA/13mA,77,96,0,19
43.295,HRV,196,1,14742946,g4/13mA/13mA,77,96,0,19
43.295,HRV,196,2,12553633,g4/13mA/13mA,77,96,0,19
43.295,HRV,196,3,13988946,g4/13mA/13mA,77,96,0,19
43.295,HRV,197,0,15141978,g5/13mA/13mA,77,96,0,19
43.295,HRV,197,1,14743077,g4/13mA/13mA,77,96,0,19
43.295,HRV,197,2,12553675,g4/13mA/13mA,77,96,0,19
43.295,HRV,197,3,13989135,g4/13mA/13mA,77,96,0,19
43.324,HRV,198,0,15141725,g5/13mA/13mA,77,96,0,19
43.324,HRV,198,1,14743008,g4/13mA/13mA,77,96,0,19
43.324,HRV,198,2,12553351,g4/13mA/13mA,77,96,0,19
43.324,HRV,198,3,13989339,g4/13mA/13mA,77,96,0,19
43.324,HRV,199,0,15141817,g5/13mA/13mA,77,96,0,19
43.324,HRV,199,1,14742735,g4/13mA/13mA,77,96,0,19
43.324,HRV,199,2,12553453,g4/13mA/13mA,77,96,0,19
43.324,HRV,199,3,13989135,g4/13mA/13mA,77,96,0,19
43.324,HRV,200,0,15140878,g5/13mA/13mA,77,96,0,19
43.324,HRV,200,1,14742384,g4/13mA/13mA,77,96,0,19
43.324,HRV,200,2,12553146,g4/13mA/13mA,77,96,0,19
43.324,HRV,200,3,13988878,g4/13mA/13mA,77,96,0,19
43.324,HRV,201,0,15142500,g5/13mA/13mA,77,96,0,19
43.324,HRV,201,1,14743092,g4/13mA/13mA,77,96,0,19
43.324,HRV,201,2,12553880,g4/13mA/13mA,77,96,0,19
43.324,HRV,201,3,13989228,g4/13mA/13mA,77,96,0,19
43.324,HRV,202,0,15142722,g5/13mA/13mA,77,96,0,19
43.324,HRV,202,1,14743717,g4/13mA/13mA,77,96,0,19
43.324,HRV,202,2,12554453,g4/13mA/13mA,77,96,0,19
43.324,HRV,202,3,13989526,g4/13mA/13mA,77,96,0,19
43.324,HRV,203,0,15143831,g5/13mA/13mA,77,96,0,19
43.324,HRV,203,1,14744388,g4/13mA/13mA,77,96,0,19
43.324,HRV,203,2,12554673,g4/13mA/13mA,77,96,0,19
43.324,HRV,203,3,13990201,g4/13mA/13mA,77,96,0,19
43.385,HRV,204,0,15142048,g5/13mA/13mA,77,96,0,19
43.385,HRV,204,1,14743349,g4/13mA/13mA,77,96,0,19
43.385,HRV,204,2,12553821,g4/13mA/13mA,77,96,0,19
43.385,HRV,204,3,13989433,g4/13mA/13mA,77,96,0,19
43.385,HRV,205,0,15142004,g5/13mA/13mA,77,96,0,19
43.385,HRV,205,1,14743119,g4/13mA/13mA,77,96,0,19
43.385,HRV,205,2,12553675,g4/13mA/13mA,77,96,0,19
43.385,HRV,205,3,13989468,g4/13mA/13mA,77,96,0,19
43.385,HRV,206,0,15141775,g5/13mA/13mA,77,96,0,19
43.385,HRV,206,1,14742983,g4/13mA/13mA,77,96,0,19
43.385,HRV,206,2,12553617,g4/13mA/13mA,77,96,0,19
43.385,HRV,206,3,13988768,g4/13mA/13mA,77,96,0,19
43.385,HRV,207,0,15142576,g5/13mA/13mA,77,96,0,19
43.385,HRV,207,1,14743416,g4/13mA/13mA,77,96,0,19
43.385,HRV,207,2,12553880,g4/13mA/13mA,77,96,0,19
43.385,HRV,207,3,13989477,g4/13mA/13mA,77,96,0,19
43.385,HRV,208,0,15141861,g5/13mA/13mA,77,96,0,19
43.385,HRV,208,1,14743032,g4/13mA/13mA,77,96,0,19
43.385,HRV,208,2,12553565,g4/13mA/13mA,77,96,0,19
43.385,HRV,208,3,13988913,g4/13mA/13mA,77,96,0,19
43.415,SPO2,175,0,12976042,g1/60mA/0mA,77,96,0,19
43.415,SPO2,175,1,12230375,g1/25mA/0mA,77,96,0,19
43.415,SPO2,176,0,12976864,g1/60mA/0mA,77,96,0,19
43.415,SPO2,176,1,12230586,g1/25mA/0mA,77,96,0,19
43.415,SPO2,177,0,12977337,g1/60mA/0mA,77,96,0,19
43.415,SPO2,177,1,12230879,g1/25mA/0mA,77,96,0,19
43.415,SPO2,178,0,12975016,g1/60mA/0mA,77,96,0,19
43.415,SPO2,178,1,12229139,g1/25mA/0mA,77,96,0,19
43.415,SPO2,179,0,12975217,g1/60mA/0mA,77,96,0,19
43.415,SPO2,179,1,12229592,g1/25mA/0mA,77,96,0,19
43.415,SPO2,180,0,12977002,g1/60mA/0mA,77,96,0,19
43.415,SPO2,180,1,12230753,g1/25mA/0mA,77,96,0,19
43.415,SPO2,181,0,12972848,g1/60mA/0mA,77,96,0,19
43.415,SPO2,181,1,12228406,g1/25mA/0mA,77,96,0,19
43.476,SPO2,182,0,12976666,g1/60mA/0mA,77,96,0,19
43.476,SPO2,182,1,12230708,g1/25mA/0mA,77,96,0,19
43.476,SPO2,183,0,12976374,g1/60mA/0mA,77,96,0,19
43.476,SPO2,183,1,12230980,g1/25mA/0mA,77,96,0,19
43.476,SPO2,184,0,12975350,g1/60mA/0mA,77,96,0,19
43.476,SPO2,184,1,12229679,g1/25mA/0mA,77,96,0,19
43.476,SPO2,185,0,12976744,g1/60mA/0mA,77,96,0,19
43.476,SPO2,185,1,12230754,g1/25mA/0mA,77,96,0,19
43.476,SPO2,186,0,12976433,g1/60mA/0mA,77,96,0,19
43.476,SPO2,186,1,12230324,g1/25mA/0mA,77,96,0,19
43.476,SPO2,187,0,12976764,g1/60mA/0mA,77,96,0,19
43.476,SPO2,187,1,12230140,g1/25mA/0mA,77,96,0,19
43.476,SPO2,188,0,12975068,g1/60mA/0mA,77,96,0,19
43.476,SPO2,188,1,12229973,g1/25mA/0mA,77,96,0,19
43.476,SPO2,189,0,12976433,g1/60mA/0mA,77,96,0,19
43.476,SPO2,189,1,12230327,g1/25mA/0mA,77,96,0,19
43.537,SPO2,190,0,12976501,g1/60mA/0mA,77,96,0,19
43.537,SPO2,190,1,12230331,g1/25mA/0mA,77,96,0,19
43.537,SPO2,191,0,12975672,g1/60mA/0mA,77,96,0,19
43.537,SPO2,191,1,12229922,g1/25mA/0mA,77,96,0,19
43.537,SPO2,192,0,12975316,g1/60mA/0mA,77,96,0,19
43.537,SPO2,192,1,12229660,g1/25mA/0mA,77,96,0,19
43.537,SPO2,193,0,12975484,g1/60mA/0mA,77,96,0,19
43.537,SPO2,193,1,12229953,g1/25mA/0mA,77,96,0,19
43.537,SPO2,194,0,12975821,g1/60mA/0mA,77,96,0,19
43.537,SPO2,194,1,12230077,g1/25mA/0mA,77,96,0,19
43.537,SPO2,195,0,12975227,g1/60mA/0mA,77,96,0,19
43.537,SPO2,195,1,12229897,g1/25mA/0mA,77,96,0,19
43.539,SPO2,196,0,12975920,g1/60mA/0mA,77,96,0,6
43.539,SPO2,196,1,12230017,g1/25mA/0mA,77,96,0,6
43.539,SPO2,197,0,12976709,g1/60mA/0mA,77,96,0,6
43.539,SPO2,197,1,12230765,g1/25mA/0mA,77,96,0,6
43.539,SPO2,198,0,12975839,g1/60mA/0mA,77,96,0,6
43.539,SPO2,198,1,12229951,g1/25mA/0mA,77,96,0,6
43.539,SPO2,199,0,12976041,g1/60mA/0mA,77,96,0,6
43.539,SPO2,199,1,12230190,g1/25mA/0mA,77,96,0,6
43.539,SPO2,200,0,12975354,g1/60mA/0mA,77,96,0,6
43.539,SPO2,200,1,12229691,g1/25mA/0mA,77,96,0,6
43.539,SPO2,201,0,12976780,g1/60mA/0mA,77,96,0,6
43.539,SPO2,201,1,12230629,g1/25mA/0mA,77,96,0,6
43.594,SPO2,202,0,12977231,g1/60mA/0mA,77,96,0,6
43.594,SPO2,202,1,12230844,g1/25mA/0mA,77,96,0,6
43.594,SPO2,203,0,12977682,g1/60mA/0mA,77,96,0,6
43.594,SPO2,203,1,12230850,g1/25mA/0mA,77,96,0,6
43.594,SPO2,204,0,12976347,g1/60mA/0mA,77,96,0,6
43.594,SPO2,204,1,12230140,g1/25mA/0mA,77,96,0,6
43.594,SPO2,205,0,12976422,g1/60mA/0mA,77,96,0,6
43.594,SPO2,205,1,12230201,g1/25mA/0mA,77,96,0,6
43.594,SPO2,206,0,12976366,g1/60mA/0mA,77,96,0,6
43.594,SPO2,206,1,12230497,g1/25mA/0mA,77,96,0,6
43.594,SPO2,207,0,12976701,g1/60mA/0mA,77,96,0,6
43.594,SPO2,207,1,12230381,g1/25mA/0mA,77,96,0,6
43.594,SPO2,208,0,12976103,g1/60mA/0mA,77,96,0,6
43.594,SPO2,208,1,12230090,g1/25mA/0mA,77,96,0,6
44.078,HR,209,0,15141100,g5/13mA/13mA,77,96,0,6
44.078,HR,209,1,14742726,g4/13mA/13mA,77,96,0,6
44.078,HR,209,2,12552992,g4/13mA/13mA,77,96,0,6
44.078,HR,209,3,13988750,g4/13mA/13mA,77,96,0,6
44.078,HR,210,0,15142268,g5/13mA/13mA,77,96,0,6
44.078,HR,210,1,14743330,g4/13mA/13mA,77,96,0,6
44.078,HR,210,2,12553735,g4/13mA/13mA,77,96,0,6
44.078,HR,210,3,13989341,g4/13mA/13mA,77,96,0,6
44.078,HR,211,0,15141706,g5/13mA/13mA,77,96,0,6
44.078,HR,211,1,14743066,g4/13mA/13mA,77,96,0,6
44.078,HR,211,2,12553418,g4/13mA/13mA,77,96,0,6
44.078,HR,211,3,13989093,g4/13mA/13mA,77,96,0,6
44.078,HR,212,0,15141921,g5/13mA/13mA,77,96,0,6
44.078,HR,212,1,14743202,g4/13mA/13mA,77,96,0,6
44.078,HR,212,2,12553513,g4/13mA/13mA,77,96,0,6
44.078,HR,212,3,13989100,g4/13mA/13mA,77,96,0,6
44.078,HR,213,0,15142125,g5/13mA/13mA,77,96,0,6
44.078,HR,213,1,14743597,g4/13mA/13mA,77,96,0,6
44.078,HR,213,2,12553606,g4/13mA/13mA,77,96,0,6
44.078,HR,213,3,13989484,g4/13mA/13mA,77,96,0,6
44.078,HR,214,0,15140784,g5/13mA/13mA,77,96,0,6
44.078,HR,214,1,14742502,g4/13mA/13mA,77,96,0,6
44.078,HR,214,2,12553053,g4/13mA/13mA,77,96,0,6
44.078,HR,214,3,13988683,g4/13mA/13mA,77,96,0,6
44.137,HR,215,0,15142561,g5/13mA/13mA,77,96,0,6
44.137,HR,215,1,14743416,g4/13mA/13mA,77,96,0,6
44.137,HR,215,2,12553778,g4/13mA/13mA,77,96,0,6
44.137,HR,215,3,13989391,g4/13mA/13mA,77,96,0,6
44.137,HR,216,0,15141100,g5/13mA/13mA,77,96,0,6
44.137,HR,216,1,14742588,g4/13mA/13mA,77,96,0,6
44.137,HR,216,2,12553471,g4/13mA/13mA,77,96,0,6
44.137,HR,216,3,13988818,g4/13mA/13mA,77,96,0,6
44.137,HR,217,0,15142338,g5/13mA/13mA,77,96,0,6
44.137,HR,217,1,14743306,g4/13mA/13mA,77,96,0,6
44.138,HR,217,2,12553735,g4/13mA/13mA,77,96,0,6
44.138,HR,217,3,13989289,g4/13mA/13mA,77,96,0,6
44.138,HR,218,0,15142072,g5/13mA/13mA,77,96,0,6
44.138,HR,218,1,14743264,g4/13mA/13mA,77,96,0,6
44.138,HR,218,2,12553479,g4/13mA/13mA,77,96,0,6
44.138,HR,218,3,13989304,g4/13mA/13mA,77,96,0,6
44.138,HR,219,0,15141879,g5/13mA/13mA,77,96,0,6
44.138,HR,219,1,14743025,g4/13mA/13mA,77,96,0,6
44.138,HR,219,2,12553504,g4/13mA/13mA,77,96,0,6
44.138,HR,219,3,13989144,g4/13mA/13mA,77,96,0,6
44.138,HR,220,0,15141536,g5/13mA/13mA,77,96,0,6
44.138,HR,220,1,14742980,g4/13mA/13mA,77,96,0,6
44.138,HR,220,2,12553479,g4/13mA/13mA,77,96,0,6
44.138,HR,220,3,13989007,g4/13mA/13mA,77,96,0,6
44.162,HR,221,0,15142013,g5/13mA/13mA,77,95,0,6
44.162,HR,221,1,14742965,g4/13mA/13mA,77,95,0,6
44.162,HR,221,2,12553941,g4/13mA/13mA,77,95,0,6
44.162,HR,221,3,13989365,g4/13mA/13mA,77,95,0,6
44.162,HR,222,0,15142441,g5/13mA/13mA,77,95,0,6
44.162,HR,222,1,14743356,g4/13mA/13mA,77,95,0,6
44.162,HR,222,2,12553735,g4/13mA/13mA,77,95,0,6
44.162,HR,222,3,13989459,g4/13mA/13mA,77,95,0,6
44.162,HR,223,0,15141297,g5/13mA/13mA,77,95,0,6
44.162,HR,223,1,14742546,g4/13mA/13mA,77,95,0,6
44.162,HR,223,2,12553308,g4/13mA/13mA,77,95,0,6
44.162,HR,223,3,13988656,g4/13mA/13mA,77,95,0,6
44.162,HR,224,0,15142791,g5/13mA/13mA,77,95,0,6
44.162,HR,224,1,14743597,g4/13mA/13mA,77,95,0,6
44.162,HR,224,2,12553873,g4/13mA/13mA,77,95,0,6
44.162,HR,224,3,13989706,g4/13mA/13mA,77,95,0,6
44.162,HR,225,0,15141911,g5/13mA/13mA,77,95,0,6
44.162,HR,225,1,14743254,g4/13mA/13mA,77,95,0,6
44.162,HR,225,2,12553651,g4/13mA/13mA,77,95,0,6
44.162,HR,225,3,13989186,g4/13mA/13mA,77,95,0,6
44.197,HR,226,0,15141646,g5/13mA/13mA,77,95,0,6
44.197,HR,226,1,14743161,g4/13mA/13mA,77,95,0,6
44.197,HR,226,2,12553453,g4/13mA/13mA,77,95,0,6
44.197,HR,226,3,13989108,g4/13mA/13mA,77,95,0,6
44.197,HR,227,0,15142414,g5/13mA/13mA,77,95,0,6
44.197,HR,227,1,14743536,g4/13mA/13mA,77,95,0,6
44.197,HR,227,2,12553855,g4/13mA/13mA,77,95,0,6
44.197,HR,227,3,13989613,g4/13mA/13mA,77,95,0,6
44.197,HR,228,0,15140913,g5/13mA/13mA,77,95,0,6
44.197,HR,228,1,14742359,g4/13mA/13mA,77,95,0,6
44.197,HR,228,2,12553019,g4/13mA/13mA,77,95,0,6
44.197,HR,228,3,13988845,g4/13mA/13mA,77,95,0,6
44.197,HR,229,0,15142090,g5/13mA/13mA,77,95,0,6
44.197,HR,229,1,14743306,g4/13mA/13mA,77,95,0,6
44.197,HR,229,2,12553871,g4/13mA/13mA,77,95,0,6
44.197,HR,229,3,13989245,g4/13mA/13mA,77,95,0,6
44.197,HR,230,0,15141348,g5/13mA/13mA,77,95,0,6
44.197,HR,230,1,14742750,g4/13mA/13mA,77,95,0,6
44.197,HR,230,2,12553394,g4/13mA/13mA,77,95,0,6
44.197,HR,230,3,13989153,g4/13mA/13mA,77,95,0,6
44.197,HR,231,0,15141835,g5/13mA/13mA,77,95,0,6
44.197,HR,231,1,14742588,g4/13mA/13mA,77,95,0,6
44.197,HR,231,2,12553546,g4/13mA/13mA,77,95,0,6
44.197,HR,231,3,13989118,g4/13mA/13mA,77,95,0,6
44.225,HR,232,0,15141459,g5/13mA/13mA,77,95,0,6
44.225,HR,232,1,14742760,g4/13mA/13mA,77,95,0,6
44.225,HR,232,2,12553222,g4/13mA/13mA,77,95,0,6
44.225,HR,232,3,13989032,g4/13mA/13mA,77,95,0,6
44.225,HR,233,0,15142731,g5/13mA/13mA,77,95,0,6
44.225,HR,233,1,14743638,g4/13mA/13mA,77,95,0,6
44.225,HR,233,2,12553735,g4/13mA/13mA,77,95,0,6
44.225,HR,233,3,13989433,g4/13mA/13mA,77,95,0,6
44.225,HR,234,0,15141996,g5/13mA/13mA,77,95,0,6
44.225,HR,234,1,14742912,g4/13mA/13mA,77,95,0,6
44.225,HR,234,2,12553299,g4/13mA/13mA,77,95,0,6
44.226,HR,234,3,13988871,g4/13mA/13mA,77,95,0,6
44.226,HR,235,0,15141800,g5/13mA/13mA,77,95,0,6
44.226,HR,235,1,14742878,g4/13mA/13mA,77,95,0,6
44.226,HR,235,2,12553444,g4/13mA/13mA,77,95,0,6
44.226,HR,235,3,13988886,g4/13mA/13mA,77,95,0,6
44.226,HR,236,0,15142432,g5/13mA/13mA,77,95,0,6
44.226,HR,236,1,14743391,g4/13mA/13mA,77,95,0,6
44.226,HR,236,2,12553760,g4/13mA/13mA,77,95,0,6
44.226,HR,236,3,13989228,g4/13mA/13mA,77,95,0,6
44.226,HR,237,0,15139676,g5/13mA/13mA,77,95,0,6
44.226,HR,237,1,14741463,g4/13mA/13mA,77,95,0,6
44.226,HR,237,2,12552276,g4/13mA/13mA,77,95,0,6
44.226,HR,237,3,13987888,g4/13mA/13mA,77,95,0,6
44.255,HR,238,0,15153796,g5/13mA/13mA,77,95,0,6
44.255,HR,238,1,14750747,g4/13mA/13mA,77,95,0,6
44.255,HR,238,2,12560090,g4/13mA/13mA,77,95,0,6
44.255,HR,238,3,13994970,g4/13mA/13mA,77,95,0,6
44.255,HR,239,0,15144052,g5/13mA/13mA,77,95,0,6
44.255,HR,239,1,14744799,g4/13mA/13mA,77,95,0,6
44.255,HR,239,2,12554878,g4/13mA/13mA,77,95,0,6
44.255,HR,239,3,13990286,g4/13mA/13mA,77,95,0,6
44.255,HR,240,0,15139914,g5/13mA/13mA,77,95,0,6
44.255,HR,240,1,14741463,g4/13mA/13mA,77,95,0,6
44.255,HR,240,2,12552251,g4/13mA/13mA,77,95,0,6
44.255,HR,240,3,13987898,g4/13mA/13mA,77,95,0,6
44.255,HR,241,0,15148880,g5/13mA/13mA,77,95,0,6
44.255,HR,241,1,14747760,g4/13mA/13mA,77,95,0,6
44.255,HR,241,2,12557198,g4/13mA/13mA,77,95,0,6
44.255,HR,241,3,13993042,g4/13mA/13mA,77,95,0,6
44.255,HR,242,0,15140094,g5/13mA/13mA,77,95,0,6
44.255,HR,242,1,14742324,g4/13mA/13mA,77,95,0,6
44.255,HR,242,2,12552737,g4/13mA/13mA,77,95,0,6
44.255,HR,242,3,13988486,g4/13mA/13mA,77,95,0,6
44.315,HRV,209,0,15141100,g5/13mA/13mA,77,95,0,6
44.315,HRV,209,1,14742726,g4/13mA/13mA,77,95,0,6
44.315,HRV,209,2,12552992,g4/13mA/13mA,77,95,0,6
44.315,HRV,209,3,13988750,g4/13mA/13mA,77,95,0,6
44.315,HRV,210,0,15142268,g5/13mA/13mA,77,95,0,6
44.315,HRV,210,1,14743330,g4/13mA/13mA,77,95,0,6
44.315,HRV,210,2,12553735,g4/13mA/13mA,77,95,0,6
44.315,HRV,210,3,13989341,g4/13mA/13mA,77,95,0,6
44.315,HRV,211,0,15141706,g5/13mA/13mA,77,95,0,6
44.315,HRV,211,1,14743066,g4/13mA/13mA,77,95,0,6
44.315,HRV,211,2,12553418,g4/13mA/13mA,77,95,0,6
44.315,HRV,211,3,13989093,g4/13mA/13mA,77,95,0,6
44.315,HRV,212,0,15141921,g5/13mA/13mA,77,95,0,6
44.315,HRV,212,1,14743202,g4/13mA/13mA,77,95,0,6
44.315,HRV,212,2,12553513,g4/13mA/13mA,77,95,0,6
44.315,HRV,212,3,13989100,g4/13mA/13mA,77,95,0,6
44.315,HRV,213,0,15142125,g5/13mA/13mA,77,95,0,6
44.315,HRV,213,1,14743597,g4/13mA/13mA,77,95,0,6
44.315,HRV,213,2,12553606,g4/13mA/13mA,77,95,0,6
44.315,HRV,213,3,13989484,g4/13mA/13mA,77,95,0,6
44.315,HRV,214,0,15140784,g5/13mA/13mA,77,95,0,6
44.315,HRV,214,1,14742502,g4/13mA/13mA,77,95,0,6
44.315,HRV,214,2,12553053,g4/13mA/13mA,77,95,0,6
44.315,HRV,214,3,13988683,g4/13mA/13mA,77,95,0,6
44.344,HRV,215,0,15142561,g5/13mA/13mA,77,95,0,6
44.344,HRV,215,1,14743416,g4/13mA/13mA,77,95,0,6
44.344,HRV,215,2,12553778,g4/13mA/13mA,77,95,0,6
44.344,HRV,215,3,13989391,g4/13mA/13mA,77,95,0,6
44.344,HRV,216,0,15141100,g5/13mA/13mA,77,95,0,6
44.344,HRV,216,1,14742588,g4/13mA/13mA,77,95,0,6
44.344,HRV,216,2,12553471,g4/13mA/13mA,77,95,0,6
44.344,HRV,216,3,13988818,g4/13mA/13mA,77,95,0,6
44.344,HRV,217,0,15142338,g5/13mA/13mA,77,95,0,6
44.344,HRV,217,1,14743306,g4/13mA/13mA,77,95,0,6
44.344,HRV,217,2,12553735,g4/13mA/13mA,77,95,0,6
44.344,HRV,217,3,13989289,g4/13mA/13mA,77,95,0,6
44.344,HRV,218,0,15142072,g5/13mA/13mA,77,95,0,6
44.344,HRV,218,1,14743264,g4/13mA/13mA,77,95,0,6
44.344,HRV,218,2,12553479,g4/13mA/13mA,77,95,0,6
44.344,HRV,218,3,13989304,g4/13mA/13mA,77,95,0,6
44.344,HRV,219,0,15141879,g5/13mA/13mA,77,95,0,6
44.344,HRV,219,1,14743025,g4/13mA/13mA,77,95,0,6
44.344,HRV,219,2,12553504,g4/13mA/13mA,77,95,0,6
44.344,HRV,219,3,13989144,g4/13mA/13mA,77,95,0,6
44.344,HRV,220,0,15141536,g5/13mA/13mA,77,95,0,6
44.344,HRV,220,1,14742980,g4/13mA/13mA,77,95,0,6
44.344,HRV,220,2,12553479,g4/13mA/13mA,77,95,0,6
44.344,HRV,220,3,13989007,g4/13mA/13mA,77,95,0,6
44.437,HRV,221,0,15142013,g5/13mA/13mA,77,95,0,6
44.437,HRV,221,1,14742965,g4/13mA/13mA,77,95,0,6
44.437,HRV,221,2,12553941,g4/13mA/13mA,77,95,0,6
44.437,HRV,221,3,13989365,g4/13mA/13mA,77,95,0,6
44.437,HRV,222,0,15142441,g5/13mA/13mA,77,95,0,6
44.437,HRV,222,1,14743356,g4/13mA/13mA,77,95,0,6
44.437,HRV,222,2,12553735,g4/13mA/13mA,77,95,0,6
44.437,HRV,222,3,13989459,g4/13mA/13mA,77,95,0,6
44.437,HRV,223,0,15141297,g5/13mA/13mA,77,95,0,6
44.437,HRV,223,1,14742546,g4/13mA/13mA,77,95,0,6
44.437,HRV,223,2,12553308,g4/13mA/13mA,77,95,0,6
44.437,HRV,223,3,13988656,g4/13mA/13mA,77,95,0,6
44.437,HRV,224,0,15142791,g5/13mA/13mA,77,95,0,6
44.437,HRV,224,1,14743597,g4/13mA/13mA,77,95,0,6
44.437,HRV,224,2,12553873,g4/13mA/13mA,77,95,0,6
44.437,HRV,224,3,13989706,g4/13mA/13mA,77,95,0,6
44.437,HRV,225,0,15141911,g5/13mA/13mA,77,95,0,6
44.437,HRV,225,1,14743254,g4/13mA/13mA,77,95,0,6
44.437,HRV,225,2,12553651,g4/13mA/13mA,77,95,0,6
44.437,HRV,225,3,13989186,g4/13mA/13mA,77,95,0,6
44.465,HRV,226,0,15141646,g5/13mA/13mA,77,95,0,6
44.465,HRV,226,1,14743161,g4/13mA/13mA,77,95,0,6
44.465,HRV,226,2,12553453,g4/13mA/13mA,77,95,0,6
44.465,HRV,226,3,13989108,g4/13mA/13mA,77,95,0,6
44.465,HRV,227,0,15142414,g5/13mA/13mA,77,95,0,6
44.465,HRV,227,1,14743536,g4/13mA/13mA,77,95,0,6
44.465,HRV,227,2,12553855,g4/13mA/13mA,77,95,0,6
44.465,HRV,227,3,13989613,g4/13mA/13mA,77,95,0,6
44.465,HRV,228,0,15140913,g5/13mA/13mA,77,95,0,6
44.465,HRV,228,1,14742359,g4/13mA/13mA,77,95,0,6
44.465,HRV,228,2,12553019,g4/13mA/13mA,77,95,0,6
44.465,HRV,228,3,13988845,g4/13mA/13mA,77,95,0,6
44.465,HRV,229,0,15142090,g5/13mA/13mA,77,95,0,6
44.465,HRV,229,1,14743306,g4/13mA/13mA,77,95,0,6
44.465,HRV,229,2,12553871,g4/13mA/13mA,77,95,0,6
44.465,HRV,229,3,13989245,g4/13mA/13mA,77,95,0,6
44.465,HRV,230,0,15141348,g5/13mA/13mA,77,95,0,6
44.465,HRV,230,1,14742750,g4/13mA/13mA,77,95,0,6
44.465,HRV,230,2,12553394,g4/13mA/13mA,77,95,0,6
44.465,HRV,230,3,13989153,g4/13mA/13mA,77,95,0,6
44.465,HRV,231,0,15141835,g5/13mA/13mA,77,95,0,6
44.465,HRV,231,1,14742588,g4/13mA/13mA,77,95,0,6
44.465,HRV,231,2,12553546,g4/13mA/13mA,77,95,0,6
44.465,HRV,231,3,13989118,g4/13mA/13mA,77,95,0,6
44.466,HRV,232,0,15141459,g5/13mA/13mA,77,95,0,6
44.466,HRV,232,1,14742760,g4/13mA/13mA,77,95,0,6
44.466,HRV,232,2,12553222,g4/13mA/13mA,77,95,0,6
44.466,HRV,232,3,13989032,g4/13mA/13mA,77,95,0,6
44.466,HRV,233,0,15142731,g5/13mA/13mA,77,95,0,6
44.466,HRV,233,1,14743638,g4/13mA/13mA,77,95,0,6
44.466,HRV,233,2,12553735,g4/13mA/13mA,77,95,0,6
44.466,HRV,233,3,13989433,g4/13mA/13mA,77,95,0,6
44.466,HRV,234,0,15141996,g5/13mA/13mA,77,95,0,6
44.466,HRV,234,1,14742912,g4/13mA/13mA,77,95,0,6
44.466,HRV,234,2,12553299,g4/13mA/13mA,77,95,0,6
44.466,HRV,234,3,13988871,g4/13mA/13mA,77,95,0,6
44.466,HRV,235,0,15141800,g5/13mA/13mA,77,95,0,6
44.466,HRV,235,1,14742878,g4/13mA/13mA,77,95,0,6
44.466,HRV,235,2,12553444,g4/13mA/13mA,77,95,0,6
44.466,HRV,235,3,13988886,g4/13mA/13mA,77,95,0,6
44.466,HRV,236,0,15142432,g5/13mA/13mA,77,95,0,6
44.466,HRV,236,1,14743391,g4/13mA/13mA,77,95,0,6
44.466,HRV,236,2,12553760,g4/13mA/13mA,77,95,0,6
44.466,HRV,236,3,13989228,g4/13mA/13mA,77,95,0,6
44.466,HRV,237,0,15139676,g5/13mA/13mA,77,95,0,6
44.466,HRV,237,1,14741463,g4/13mA/13mA,77,95,0,6
44.466,HRV,237,2,12552276,g4/13mA/13mA,77,95,0,6
44.466,HRV,237,3,13987888,g4/13mA/13mA,77,95,0,6
44.524,HRV,238,0,15153796,g5/13mA/13mA,77,95,0,6
44.525,HRV,238,1,14750747,g4/13mA/13mA,77,95,0,6
44.525,HRV,238,2,12560090,g4/13mA/13mA,77,95,0,6
44.525,HRV,238,3,13994970,g4/13mA/13mA,77,95,0,6
44.525,HRV,239,0,15144052,g5/13mA/13mA,77,95,0,6
44.525,HRV,239,1,14744799,g4/13mA/13mA,77,95,0,6
44.525,HRV,239,2,12554878,g4/13mA/13mA,77,95,0,6
44.525,HRV,239,3,13990286,g4/13mA/13mA,77,95,0,6
44.525,HRV,240,0,15139914,g5/13mA/13mA,77,95,0,6
44.525,HRV,240,1,14741463,g4/13mA/13mA,77,95,0,6
44.525,HRV,240,2,12552251,g4/13mA/13mA,77,95,0,6
44.525,HRV,240,3,13987898,g4/13mA/13mA,77,95,0,6
44.525,HRV,241,0,15148880,g5/13mA/13mA,77,95,0,6
44.525,HRV,241,1,14747760,g4/13mA/13mA,77,95,0,6
44.525,HRV,241,2,12557198,g4/13mA/13mA,77,95,0,6
44.525,HRV,241,3,13993042,g4/13mA/13mA,77,95,0,6
44.525,HRV,242,0,15140094,g5/13mA/13mA,77,95,0,6
44.525,HRV,242,1,14742324,g4/13mA/13mA,77,95,0,6
44.525,HRV,242,2,12552737,g4/13mA/13mA,77,95,0,6
44.525,HRV,242,3,13988486,g4/13mA/13mA,77,95,0,6
44.555,SPO2,209,0,12975608,g1/60mA/0mA,77,95,0,6
44.555,SPO2,209,1,12229832,g1/25mA/0mA,77,95,0,6
44.555,SPO2,210,0,12976193,g1/60mA/0mA,77,95,0,6
44.555,SPO2,210,1,12230126,g1/25mA/0mA,77,95,0,6
44.555,SPO2,211,0,12976320,g1/60mA/0mA,77,95,0,6
44.555,SPO2,211,1,12230346,g1/25mA/0mA,77,95,0,6
44.555,SPO2,212,0,12975940,g1/60mA/0mA,77,95,0,6
44.555,SPO2,212,1,12229927,g1/25mA/0mA,77,95,0,6
44.555,SPO2,213,0,12976458,g1/60mA/0mA,77,95,0,6
44.555,SPO2,213,1,12230345,g1/25mA/0mA,77,95,0,6
44.555,SPO2,214,0,12975577,g1/60mA/0mA,77,95,0,6
44.555,SPO2,214,1,12229770,g1/25mA/0mA,77,95,0,6
44.555,SPO2,215,0,12976251,g1/60mA/0mA,77,95,0,6
44.555,SPO2,215,1,12230164,g1/25mA/0mA,77,95,0,6
44.585,SPO2,216,0,12975816,g1/60mA/0mA,77,95,0,6
44.585,SPO2,216,1,12229849,g1/25mA/0mA,77,95,0,6
44.585,SPO2,217,0,12975783,g1/60mA/0mA,77,95,0,6
44.585,SPO2,217,1,12230053,g1/25mA/0mA,77,95,0,6
44.585,SPO2,218,0,12976224,g1/60mA/0mA,77,95,0,6
44.585,SPO2,218,1,12230222,g1/25mA/0mA,77,95,0,6
44.585,SPO2,219,0,12976181,g1/60mA/0mA,77,95,0,6
44.585,SPO2,219,1,12230243,g1/25mA/0mA,77,95,0,6
44.585,SPO2,220,0,12975967,g1/60mA/0mA,77,95,0,6
44.585,SPO2,220,1,12230353,g1/25mA/0mA,77,95,0,6
44.585,SPO2,221,0,12976223,g1/60mA/0mA,77,95,0,6
44.585,SPO2,221,1,12230159,g1/25mA/0mA,77,95,0,6
44.647,SPO2,222,0,12976281,g1/60mA/0mA,77,95,0,6
44.647,SPO2,222,1,12230303,g1/25mA/0mA,77,95,0,6
44.647,SPO2,223,0,12975644,g1/60mA/0mA,77,95,0,6
44.647,SPO2,223,1,12229974,g1/25mA/0mA,77,95,0,6
44.647,SPO2,224,0,12976635,g1/60mA/0mA,77,95,0,6
44.647,SPO2,224,1,12230419,g1/25mA/0mA,77,95,0,6
44.647,SPO2,225,0,12976481,g1/60mA/0mA,77,95,0,6
44.647,SPO2,225,1,12230387,g1/25mA/0mA,77,95,0,6
44.647,SPO2,226,0,12976182,g1/60mA/0mA,77,95,0,6
44.647,SPO2,226,1,12230150,g1/25mA/0mA,77,95,0,6
44.647,SPO2,227,0,12976757,g1/60mA/0mA,77,95,0,6
44.647,SPO2,227,1,12230421,g1/25mA/0mA,77,95,0,6
44.647,SPO2,228,0,12975637,g1/60mA/0mA,77,95,0,6
44.647,SPO2,228,1,12229993,g1/25mA/0mA,77,95,0,6
44.735,SPO2,229,0,12976349,g1/60mA/0mA,77,95,0,6
44.735,SPO2,229,1,12230249,g1/25mA/0mA,77,95,0,6
44.735,SPO2,230,0,12976146,g1/60mA/0mA,77,95,0,6
44.735,SPO2,230,1,12230144,g1/25mA/0mA,77,95,0,6
44.735,SPO2,231,0,12975938,g1/60mA/0mA,77,95,0,6
44.735,SPO2,231,1,12230032,g1/25mA/0mA,77,95,0,6
44.735,SPO2,232,0,12975666,g1/60mA/0mA,77,95,0,6
44.735,SPO2,232,1,12230137,g1/25mA/0mA,77,95,0,6
44.735,SPO2,233,0,12976481,g1/60mA/0mA,77,95,0,6
44.735,SPO2,233,1,12230257,g1/25mA/0mA,77,95,0,6
44.735,SPO2,234,0,12976100,g1/60mA/0mA,77,95,0,6
44.735,SPO2,234,1,12230174,g1/25mA/0mA,77,95,0,6
44.735,SPO2,235,0,12975917,g1/60mA/0mA,77,95,0,6
44.735,SPO2,235,1,12229959,g1/25mA/0mA,77,95,0,6
44.735,SPO2,236,0,12976365,g1/60mA/0mA,77,95,0,6
44.735,SPO2,236,1,12230316,g1/25mA/0mA,77,95,0,6
44.765,SPO2,237,0,12974261,g1/60mA/0mA,77,95,0,6
44.765,SPO2,237,1,12228913,g1/25mA/0mA,77,95,0,6
44.765,SPO2,238,0,12985215,g1/60mA/0mA,77,95,0,6
44.765,SPO2,238,1,12235290,g1/25mA/0mA,77,95,0,6
44.765,SPO2,239,0,12976995,g1/60mA/0mA,77,95,0,6
44.765,SPO2,239,1,12230316,g1/25mA/0mA,77,95,0,6
44.765,SPO2,240,0,12974996,g1/60mA/0mA,77,95,0,6
44.765,SPO2,240,1,12229679,g1/25mA/0mA,77,95,0,6
44.765,SPO2,241,0,12980519,g1/60mA/0mA,77,95,0,6
44.765,SPO2,241,1,12232266,g1/25mA/0mA,77,95,0,6
44.765,SPO2,242,0,12974790,g1/60mA/0mA,77,95,0,6
44.765,SPO2,242,1,12229282,g1/25mA/0mA,77,95,0,6
45.845,HR,243,0,15141699,g5/13mA/13mA,77,95,0,6
45.845,HR,243,1,14743332,g4/13mA/13mA,77,95,0,6
45.845,HR,243,2,12553146,g4/13mA/13mA,77,95,0,6
45.845,HR,243,3,13989221,g4/13mA/13mA,77,95,0,6
45.845,HR,244,0,15142576,g5/13mA/13mA,77,95,0,6
45.845,HR,244,1,14744022,g4/13mA/13mA,77,95,0,6
45.845,HR,244,2,12554161,g4/13mA/13mA,77,95,0,6
45.845,HR,244,3,13989681,g4/13mA/13mA,77,95,0,6
45.845,HR,245,0,15139344,g5/13mA/13mA,77,95,0,6
45.845,HR,245,1,14741855,g4/13mA/13mA,77,95,0,6
45.845,HR,245,2,12552344,g4/13mA/13mA,77,95,0,6
45.845,HR,245,3,13988052,g4/13mA/13mA,77,95,0,6
45.845,HR,246,0,15145827,g5/13mA/13mA,77,95,0,6
45.845,HR,246,1,14745490,g4/13mA/13mA,77,95,0,6
45.845,HR,246,2,12555620,g4/13mA/13mA,77,95,0,6
45.845,HR,246,3,13991037,g4/13mA/13mA,77,95,0,6
45.845,HR,247,0,15137031,g5/13mA/13mA,77,95,0,6
45.845,HR,247,1,14740457,g4/13mA/13mA,77,95,0,6
45.845,HR,247,2,12551329,g4/13mA/13mA,77,95,0,6
45.845,HR,247,3,13987173,g4/13mA/13mA,77,95,0,6
45.877,HR,248,0,15141477,g5/13mA/13mA,77,95,0,6
45.877,HR,248,1,14742400,g4/13mA/13mA,77,95,0,6
45.877,HR,248,2,12553001,g4/13mA/13mA,77,95,0,6
45.877,HR,248,3,13988623,g4/13mA/13mA,77,95,0,6
45.877,HR,249,0,15141808,g5/13mA/13mA,77,95,0,6
45.877,HR,249,1,14743042,g4/13mA/13mA,77,95,0,6
45.877,HR,249,2,12553504,g4/13mA/13mA,77,95,0,6
45.877,HR,249,3,13989100,g4/13mA/13mA,77,95,0,6
45.877,HR,250,0,15141330,g5/13mA/13mA,77,95,0,6
45.877,HR,250,1,14742717,g4/13mA/13mA,77,95,0,6
45.877,HR,250,2,12553121,g4/13mA/13mA,77,95,0,6
45.877,HR,250,3,13989067,g4/13mA/13mA,77,95,0,6
45.877,HR,251,0,15140769,g5/13mA/13mA,77,95,0,6
45.877,HR,251,1,14742111,g4/13mA/13mA,77,95,0,6
45.877,HR,251,2,12552728,g4/13mA/13mA,77,95,0,6
45.877,HR,251,3,13988641,g4/13mA/13mA,77,95,0,6
45.877,HR,252,0,15142373,g5/13mA/13mA,77,95,0,6
45.877,HR,252,1,14743341,g4/13mA/13mA,77,95,0,6
45.877,HR,252,2,12553855,g4/13mA/13mA,77,95,0,6
45.877,HR,252,3,13989304,g4/13mA/13mA,77,95,0,6
45.877,HR,253,0,15141135,g5/13mA/13mA,77,95,0,6
45.877,HR,253,1,14742648,g4/13mA/13mA,77,95,0,6
45.877,HR,253,2,12553240,g4/13mA/13mA,77,95,0,6
45.877,HR,253,3,13988674,g4/13mA/13mA,77,95,0,6
45.935,HR,254,0,15140735,g5/13mA/13mA,77,95,0,6
45.935,HR,254,1,14742588,g4/13mA/13mA,77,95,0,6
45.935,HR,254,2,12553121,g4/13mA/13mA,77,95,0,6
45.935,HR,254,3,13988964,g4/13mA/13mA,77,95,0,6
45.935,HR,255,0,15141357,g5/13mA/13mA,77,95,0,6
45.935,HR,255,1,14742562,g4/13mA/13mA,77,95,0,6
45.935,HR,255,2,12553453,g4/13mA/13mA,77,95,0,6
45.935,HR,255,3,13988724,g4/13mA/13mA,77,95,0,6
45.935,HR,0,0,15141262,g5/13mA/13mA,77,95,0,6
45.935,HR,0,1,14743059,g4/13mA/13mA,77,95,0,6
45.935,HR,0,2,12553240,g4/13mA/13mA,77,95,0,6
45.935,HR,0,3,13989168,g4/13mA/13mA,77,95,0,6
45.935,HR,1,0,15142013,g5/13mA/13mA,77,95,0,6
45.935,HR,1,1,14743119,g4/13mA/13mA,77,95,0,6
45.935,HR,1,2,12553760,g4/13mA/13mA,77,95,0,6
45.935,HR,1,3,13989160,g4/13mA/13mA,77,95,0,6
45.935,HR,2,0,15141502,g5/13mA/13mA,77,95,0,6
45.935,HR,2,1,14742298,g4/13mA/13mA,77,95,0,6
45.935,HR,2,2,12553222,g4/13mA/13mA,77,95,0,6
45.935,HR,2,3,13988733,g4/13mA/13mA,77,95,0,6
45.935,HR,3,0,15141843,g5/13mA/13mA,77,95,0,6
45.935,HR,3,1,14742965,g4/13mA/13mA,77,95,0,6
45.935,HR,3,2,12553471,g4/13mA/13mA,77,95,0,6
45.935,HR,3,3,13989153,g4/13mA/13mA,77,95,0,6
45.965,HR,4,0,15141315,g5/13mA/13mA,77,95,0,6
45.965,HR,4,1,14742785,g4/13mA/13mA,77,95,0,6
45.965,HR,4,2,12553060,g4/13mA/13mA,77,95,0,6
45.965,HR,4,3,13989025,g4/13mA/13mA,77,95,0,6
45.965,HR,5,0,15142134,g5/13mA/13mA,77,95,0,6
45.965,HR,5,1,14743041,g4/13mA/13mA,77,95,0,6
45.965,HR,5,2,12553735,g4/13mA/13mA,77,95,0,6
45.965,HR,5,3,13988988,g4/13mA/13mA,77,95,0,6
45.965,HR,6,0,15141007,g5/13mA/13mA,77,95,0,6
45.965,HR,6,1,14742316,g4/13mA/13mA,77,95,0,6
45.965,HR,6,2,12553009,g4/13mA/13mA,77,95,0,6
45.965,HR,6,3,13988623,g4/13mA/13mA,77,95,0,6
45.965,HR,7,0,15141921,g5/13mA/13mA,77,95,0,6
45.965,HR,7,1,14743178,g4/13mA/13mA,77,95,0,6
45.965,HR,7,2,12553342,g4/13mA/13mA,77,95,0,6
45.965,HR,7,3,13989108,g4/13mA/13mA,77,95,0,6
45.965,HR,8,0,15141699,g5/13mA/13mA,77,95,0,6
45.965,HR,8,1,14742922,g4/13mA/13mA,77,95,0,6
45.965,HR,8,2,12553546,g4/13mA/13mA,77,95,0,6
45.965,HR,8,3,13989322,g4/13mA/13mA,77,95,0,6
45.965,HR,9,0,15141597,g5/13mA/13mA,77,95,0,6
45.965,HR,9,1,14742854,g4/13mA/13mA,77,95,0,6
45.965,HR,9,2,12553497,g4/13mA/13mA,77,95,0,6
45.965,HR,9,3,13989007,g4/13mA/13mA,77,95,0,6
46.057,HR,10,0,15142218,g5/13mA/13mA,77,95,0,6
46.057,HR,10,1,14742957,g4/13mA/13mA,77,95,0,6
46.057,HR,10,2,12553615,g4/13mA/13mA,77,95,0,6
46.057,HR,10,3,13988998,g4/13mA/13mA,77,95,0,6
46.057,HR,11,0,15140998,g5/13mA/13mA,77,95,0,6
46.057,HR,11,1,14742743,g4/13mA/13mA,77,95,0,6
46.057,HR,11,2,12553199,g4/13mA/13mA,77,95,0,6
46.057,HR,11,3,13988563,g4/13mA/13mA,77,95,0,6
46.057,HR,12,0,15140889,g5/13mA/13mA,77,95,0,6
46.057,HR,12,1,14742298,g4/13mA/13mA,77,95,0,6
46.057,HR,12,2,12553222,g4/13mA/13mA,77,95,0,6
46.057,HR,12,3,13988905,g4/13mA/13mA,77,95,0,6
46.057,HR,13,0,15142320,g5/13mA/13mA,77,95,0,6
46.057,HR,13,1,14743239,g4/13mA/13mA,77,95,0,6
46.057,HR,13,2,12553787,g4/13mA/13mA,77,95,0,6
46.057,HR,13,3,13989357,g4/13mA/13mA,77,95,0,6
46.057,HR,14,0,15141946,g5/13mA/13mA,77,95,0,6
46.057,HR,14,1,14743239,g4/13mA/13mA,77,95,0,6
46.057,HR,14,2,12553486,g4/13mA/13mA,77,95,0,6
46.057,HR,14,3,13989126,g4/13mA/13mA,77,95,0,6
46.058,HR,15,0,15141553,g5/13mA/13mA,77,95,0,6
46.058,HR,15,1,14742845,g4/13mA/13mA,77,95,0,6
46.058,HR,15,2,12553139,g4/13mA/13mA,77,95,0,6
46.058,HR,15,3,13988818,g4/13mA/13mA,77,95,0,6
46.058,HR,16,0,15141903,g5/13mA/13mA,77,95,0,6
46.058,HR,16,1,14743051,g4/13mA/13mA,77,95,0,6
46.058,HR,16,2,12553554,g4/13mA/13mA,77,95,0,6
46.058,HR,16,3,13989221,g4/13mA/13mA,77,95,0,6
46.058,HR,17,0,15140573,g5/13mA/13mA,77,95,0,6
46.058,HR,17,1,14742453,g4/13mA/13mA,77,95,0,6
46.058,HR,17,2,12553019,g4/13mA/13mA,77,95,0,6
46.058,HR,17,3,13988528,g4/13mA/13mA,77,95,0,6
46.058,HR,18,0,15141246,g5/13mA/13mA,77,95,0,6
46.058,HR,18,1,14742846,g4/13mA/13mA,77,95,0,6
46.058,HR,18,2,12553180,g4/13mA/13mA,77,95,0,6
46.058,HR,18,3,13988991,g4/13mA/13mA,77,95,0,6
46.058,HR,19,0,15141246,g5/13mA/13mA,77,95,0,6
46.058,HR,19,1,14742836,g4/13mA/13mA,77,95,0,6
46.058,HR,19,2,12553267,g4/13mA/13mA,77,95,0,6
46.058,HR,19,3,13988845,g4/13mA/13mA,77,95,0,6
46.081,HR,20,0,15140871,g5/13mA/13mA,77,95,0,6
46.081,HR,20,1,14742735,g4/13mA/13mA,77,95,0,6
46.081,HR,20,2,12552916,g4/13mA/13mA,77,95,0,6
46.081,HR,20,3,13988648,g4/13mA/13mA,77,95,0,6
46.114,HRV,243,0,15141699,g5/13mA/13mA,77,95,0,6
46.114,HRV,243,1,14743332,g4/13mA/13mA,77,95,0,6
46.114,HRV,243,2,12553146,g4/13mA/13mA,77,95,0,6
46.114,HRV,243,3,13989221,g4/13mA/13mA,77,95,0,6
46.114,HRV,244,0,15142576,g5/13mA/13mA,77,95,0,6
46.114,HRV,244,1,14744022,g4/13mA/13mA,77,95,0,6
46.114,HRV,244,2,12554161,g4/13mA/13mA,77,95,0,6
46.114,HRV,244,3,13989681,g4/13mA/13mA,77,95,0,6
46.114,HRV,245,0,15139344,g5/13mA/13mA,77,95,0,6
46.114,HRV,245,1,14741855,g4/13mA/13mA,77,95,0,6
46.114,HRV,245,2,12552344,g4/13mA/13mA,77,95,0,6
46.114,HRV,245,3,13988052,g4/13mA/13mA,77,95,0,6
46.114,HRV,246,0,15145827,g5/13mA/13mA,77,95,0,6
46.114,HRV,246,1,14745490,g4/13mA/13mA,77,95,0,6
46.114,HRV,246,2,12555620,g4/13mA/13mA,77,95,0,6
46.114,HRV,246,3,13991037,g4/13mA/13mA,77,95,0,6
46.177,HRV,247,0,15137031,g5/13mA/13mA,77,95,0,6
46.177,HRV,247,1,14740457,g4/13mA/13mA,77,95,0,6
46.177,HRV,247,2,12551329,g4/13mA/13mA,77,95,0,6
46.177,HRV,247,3,13987173,g4/13mA/13mA,77,95,0,6
46.177,HRV,248,0,15141477,g5/13mA/13mA,77,95,0,6
46.177,HRV,248,1,14742400,g4/13mA/13mA,77,95,0,6
46.177,HRV,248,2,12553001,g4/13mA/13mA,77,95,0,6
46.177,HRV,248,3,13988623,g4/13mA/13mA,77,95,0,6
46.177,HRV,249,0,15141808,g5/13mA/13mA,77,95,0,6
46.177,HRV,249,1,14743042,g4/13mA/13mA,77,95,0,6
46.177,HRV,249,2,12553504,g4/13mA/13mA,77,95,0,6
46.177,HRV,249,3,13989100,g4/13mA/13mA,77,95,0,6
46.177,HRV,250,0,15141330,g5/13mA/13mA,77,95,0,6
46.177,HRV,250,1,14742717,g4/13mA/13mA,77,95,0,6
46.177,HRV,250,2,12553121,g4/13mA/13mA,77,95,0,6
46.177,HRV,250,3,13989067,g4/13mA/13mA,77,95,0,6
46.177,HRV,251,0,15140769,g5/13mA/13mA,77,95,0,6
46.177,HRV,251,1,14742111,g4/13mA/13mA,77,95,0,6
46.177,HRV,251,2,12552728,g4/13mA/13mA,77,95,0,6
46.177,HRV,251,3,13988641,g4/13mA/13mA,77,95,0,6
46.177,HRV,252,0,15142373,g5/13mA/13mA,77,95,0,6
46.177,HRV,252,1,14743341,g4/13mA/13mA,77,95,0,6
46.177,HRV,252,2,12553855,g4/13mA/13mA,77,95,0,6
46.177,HRV,252,3,13989304,g4/13mA/13mA,77,95,0,6
46.237,HRV,253,0,15141135,g5/13mA/13mA,77,95,0,6
46.237,HRV,253,1,14742648,g4/13mA/13mA,77,95,0,6
46.237,HRV,253,2,12553240,g4/13mA/13mA,77,95,0,6
46.237,HRV,253,3,13988674,g4/13mA/13mA,77,95,0,6
46.237,HRV,254,0,15140735,g5/13mA/13mA,77,95,0,6
46.237,HRV,254,1,14742588,g4/13mA/13mA,77,95,0,6
46.237,HRV,254,2,12553121,g4/13mA/13mA,77,95,0,6
46.237,HRV,254,3,13988964,g4/13mA/13mA,77,95,0,6
46.237,HRV,255,0,15141357,g5/13mA/13mA,77,95,0,6
46.237,HRV,255,1,14742562,g4/13mA/13mA,77,95,0,6
46.237,HRV,255,2,12553453,g4/13mA/13mA,77,95,0,6
46.237,HRV,255,3,13988724,g4/13mA/13mA,77,95,0,6
46.237,HRV,0,0,15141262,g5/13mA/13mA,77,95,0,6
46.237,HRV,0,1,14743059,g4/13mA/13mA,77,95,0,6
46.237,HRV,0,2,12553240,g4/13mA/13mA,77,95,0,6
46.237,HRV,0,3,13989168,g4/13mA/13mA,77,95,0,6
46.237,HRV,1,0,15142013,g5/13mA/13mA,77,95,0,6
46.237,HRV,1,1,14743119,g4/13mA/13mA,77,95,0,6
46.237,HRV,1,2,12553760,g4/13mA/13mA,77,95,0,6
46.237,HRV,1,3,13989160,g4/13mA/13mA,77,95,0,6
46.237,HRV,2,0,15141502,g5/13mA/13mA,77,95,0,6
46.237,HRV,2,1,14742298,g4/13mA/13mA,77,95,0,6
46.237,HRV,2,2,12553222,g4/13mA/13mA,77,95,0,6
46.237,HRV,2,3,13988733,g4/13mA/13mA,77,95,0,6
46.261,HRV,3,0,15141843,g5/13mA/13mA,77,95,0,6
46.261,HRV,3,1,14742965,g4/13mA/13mA,77,95,0,6
46.261,HRV,3,2,12553471,g4/13mA/13mA,77,95,0,6
46.261,HRV,3,3,13989153,g4/13mA/13mA,77,95,0,6
46.261,HRV,4,0,15141315,g5/13mA/13mA,77,95,0,6
46.261,HRV,4,1,14742785,g4/13mA/13mA,77,95,0,6
46.261,HRV,4,2,12553060,g4/13mA/13mA,77,95,0,6
46.261,HRV,4,3,13989025,g4/13mA/13mA,77,95,0,6
46.261,HRV,5,0,15142134,g5/13mA/13mA,77,95,0,6
46.261,HRV,5,1,14743041,g4/13mA/13mA,77,95,0,6
46.261,HRV,5,2,12553735,g4/13mA/13mA,77,95,0,6
46.261,HRV,5,3,13988988,g4/13mA/13mA,77,95,0,6
46.261,HRV,6,0,15141007,g5/13mA/13mA,77,95,0,6
46.261,HRV,6,1,14742316,g4/13mA/13mA,77,95,0,6
46.261,HRV,6,2,12553009,g4/13mA/13mA,77,95,0,6
46.261,HRV,6,3,13988623,g4/13mA/13mA,77,95,0,6
46.261,HRV,7,0,15141921,g5/13mA/13mA,77,95,0,6
46.261,HRV,7,1,14743178,g4/13mA/13mA,77,95,0,6
46.261,HRV,7,2,12553342,g4/13mA/13mA,77,95,0,6
46.261,HRV,7,3,13989108,g4/13mA/13mA,77,95,0,6
46.261,HRV,8,0,15141699,g5/13mA/13mA,77,95,0,6
46.261,HRV,8,1,14742922,g4/13mA/13mA,77,95,0,6
46.261,HRV,8,2,12553546,g4/13mA/13mA,77,95,0,6
46.261,HRV,8,3,13989322,g4/13mA/13mA,77,95,0,6
46.297,HRV,9,0,15141597,g5/13mA/13mA,77,95,0,6
46.297,HRV,9,1,14742854,g4/13mA/13mA,77,95,0,6
46.297,HRV,9,2,12553497,g4/13mA/13mA,77,95,0,6
46.297,HRV,9,3,13989007,g4/13mA/13mA,77,95,0,6
46.297,HRV,10,0,15142218,g5/13mA/13mA,77,95,0,6
46.297,HRV,10,1,14742957,g4/13mA/13mA,77,95,0,6
46.297,HRV,10,2,12553615,g4/13mA/13mA,77,95,0,6
46.297,HRV,10,3,13988998,g4/13mA/13mA,77,95,0,6
46.297,HRV,11,0,15140998,g5/13mA/13mA,77,95,0,6
46.297,HRV,11,1,14742743,g4/13mA/13mA,77,95,0,6
46.297,HRV,11,2,12553199,g4/13mA/13mA,77,95,0,6
46.297,HRV,11,3,13988563,g4/13mA/13mA,77,95,0,6
46.297,HRV,12,0,15140889,g5/13mA/13mA,77,95,0,6
46.297,HRV,12,1,14742298,g4/13mA/13mA,77,95,0,6
46.297,HRV,12,2,12553222,g4/13mA/13mA,77,95,0,6
46.297,HRV,12,3,13988905,g4/13mA/13mA,77,95,0,6
46.297,HRV,13,0,15142320,g5/13mA/13mA,77,95,0,6
46.297,HRV,13,1,14743239,g4/13mA/13mA,77,95,0,6
46.297,HRV,13,2,12553787,g4/13mA/13mA,77,95,0,6
46.297,HRV,13,3,13989357,g4/13mA/13mA,77,95,0,6
46.297,HRV,14,0,15141946,g5/13mA/13mA,77,95,0,6
46.297,HRV,14,1,14743239,g4/13mA/13mA,77,95,0,6
46.297,HRV,14,2,12553486,g4/13mA/13mA,77,95,0,6
46.297,HRV,14,3,13989126,g4/13mA/13mA,77,95,0,6
46.325,HRV,15,0,15141553,g5/13mA/13mA,77,95,0,6
46.325,HRV,15,1,14742845,g4/13mA/13mA,77,95,0,6
46.325,HRV,15,2,12553139,g4/13mA/13mA,77,95,0,6
46.325,HRV,15,3,13988818,g4/13mA/13mA,77,95,0,6
46.325,HRV,16,0,15141903,g5/13mA/13mA,77,95,0,6
46.325,HRV,16,1,14743051,g4/13mA/13mA,77,95,0,6
46.325,HRV,16,2,12553554,g4/13mA/13mA,77,95,0,6
46.325,HRV,16,3,13989221,g4/13mA/13mA,77,95,0,6
46.325,HRV,17,0,15140573,g5/13mA/13mA,77,95,0,6
46.325,HRV,17,1,14742453,g4/13mA/13mA,77,95,0,6
46.325,HRV,17,2,12553019,g4/13mA/13mA,77,95,0,6
46.325,HRV,17,3,13988528,g4/13mA/13mA,77,95,0,6
46.325,HRV,18,0,15141246,g5/13mA/13mA,77,95,0,6
46.325,HRV,18,1,14742846,g4/13mA/13mA,77,95,0,6
46.325,HRV,18,2,12553180,g4/13mA/13mA,77,95,0,6
46.325,HRV,18,3,13988991,g4/13mA/13mA,77,95,0,6
46.325,HRV,19,0,15141246,g5/13mA/13mA,77,95,0,6
46.325,HRV,19,1,14742836,g4/13mA/13mA,77,95,0,6
46.325,HRV,19,2,12553267,g4/13mA/13mA,77,95,0,6
46.325,HRV,19,3,13988845,g4/13mA/13mA,77,95,0,6
46.831,HRV,20,0,15140871,g5/13mA/13mA,77,95,0,6
46.831,HRV,20,1,14742735,g4/13mA/13mA,77,95,0,6
46.831,HRV,20,2,12552916,g4/13mA/13mA,77,95,0,6
46.831,HRV,20,3,13988648,g4/13mA/13mA,77,95,0,6
46.865,SPO2,243,0,12976028,g1/60mA/0mA,77,95,0,6
46.865,SPO2,243,1,12230080,g1/25mA/0mA,77,95,0,6
46.865,SPO2,244,0,12976448,g1/60mA/0mA,77,95,0,6
46.865,SPO2,244,1,12230322,g1/25mA/0mA,77,95,0,6
46.865,SPO2,245,0,12974274,g1/60mA/0mA,77,95,0,6
46.865,SPO2,245,1,12228940,g1/25mA/0mA,77,95,0,6
46.865,SPO2,246,0,12978058,g1/60mA/0mA,77,95,0,8
46.865,SPO2,246,1,12230918,g1/25mA/0mA,77,95,0,8
46.865,SPO2,247,0,12972591,g1/60mA/0mA,77,95,0,8
46.865,SPO2,247,1,12228040,g1/25mA/0mA,77,95,0,8
46.865,SPO2,248,0,12975949,g1/60mA/0mA,77,95,0,8
46.865,SPO2,248,1,12230202,g1/25mA/0mA,77,95,0,8
46.923,SPO2,249,0,12975764,g1/60mA/0mA,77,95,0,8
46.923,SPO2,249,1,12229705,g1/25mA/0mA,77,95,0,8
46.923,SPO2,250,0,12976093,g1/60mA/0mA,77,95,0,8
46.923,SPO2,250,1,12230113,g1/25mA/0mA,77,95,0,8
46.923,SPO2,251,0,12975243,g1/60mA/0mA,77,95,0,8
46.923,SPO2,251,1,12229852,g1/25mA/0mA,77,95,0,8
46.923,SPO2,252,0,12976194,g1/60mA/0mA,77,95,0,8
46.923,SPO2,252,1,12230149,g1/25mA/0mA,77,95,0,8
46.923,SPO2,253,0,12975725,g1/60mA/0mA,77,95,0,8
46.923,SPO2,253,1,12230080,g1/25mA/0mA,77,95,0,8
46.923,SPO2,254,0,12975293,g1/60mA/0mA,77,95,0,8
46.923,SPO2,254,1,12229592,g1/25mA/0mA,77,95,0,8
46.923,SPO2,255,0,12975896,g1/60mA/0mA,77,95,0,8
46.923,SPO2,255,1,12230123,g1/25mA/0mA,77,95,0,8
46.923,SPO2,0,0,12975574,g1/60mA/0mA,77,95,0,8
46.923,SPO2,0,1,12229906,g1/25mA/0mA,77,95,0,8
46.955,SPO2,1,0,12976278,g1/60mA/0mA,77,95,0,8
46.955,SPO2,1,1,12230267,g1/25mA/0mA,77,95,0,8
46.955,SPO2,2,0,12975635,g1/60mA/0mA,77,95,0,8
46.955,SPO2,2,1,12229971,g1/25mA/0mA,77,95,0,8
46.955,SPO2,3,0,12975986,g1/60mA/0mA,77,95,0,8
46.955,SPO2,3,1,12229965,g1/25mA/0mA,77,95,0,8
46.955,SPO2,4,0,12975713,g1/60mA/0mA,77,95,0,8
46.955,SPO2,4,1,12230053,g1/25mA/0mA,77,95,0,8
46.955,SPO2,5,0,12976133,g1/60mA/0mA,77,95,0,8
46.955,SPO2,5,1,12230269,g1/25mA/0mA,77,95,0,8
46.955,SPO2,6,0,12975565,g1/60mA/0mA,77,95,0,8
46.955,SPO2,6,1,12229945,g1/25mA/0mA,77,95,0,8
46.955,SPO2,7,0,12975923,g1/60mA/0mA,77,95,0,8
46.955,SPO2,7,1,12229968,g1/25mA/0mA,77,95,0,8
46.984,SPO2,8,0,12976064,g1/60mA/0mA,77,95,0,8
46.984,SPO2,8,1,12230083,g1/25mA/0mA,77,95,0,8
46.984,SPO2,9,0,12976061,g1/60mA/0mA,77,95,0,8
46.984,SPO2,9,1,12230249,g1/25mA/0mA,77,95,0,8
46.984,SPO2,10,0,12976363,g1/60mA/0mA,77,95,0,8
46.984,SPO2,10,1,12230346,g1/25mA/0mA,77,95,0,8
46.984,SPO2,11,0,12975521,g1/60mA/0mA,77,95,0,8
46.984,SPO2,11,1,12229893,g1/25mA/0mA,77,95,0,8
46.984,SPO2,12,0,12975323,g1/60mA/0mA,77,95,0,8
46.984,SPO2,12,1,12229777,g1/25mA/0mA,77,95,0,8
46.984,SPO2,13,0,12976405,g1/60mA/0mA,77,95,0,8
46.984,SPO2,13,1,12230360,g1/25mA/0mA,77,95,0,8
46.984,SPO2,14,0,12976145,g1/60mA/0mA,77,95,0,8
46.984,SPO2,14,1,12230313,g1/25mA/0mA,77,95,0,8
47.044,SPO2,15,0,12975660,g1/60mA/0mA,77,95,0,18
47.044,SPO2,15,1,12229983,g1/25mA/0mA,77,95,0,18
47.044,SPO2,16,0,12975977,g1/60mA/0mA,77,95,0,18
47.044,SPO2,16,1,12230018,g1/25mA/0mA,77,95,0,18
47.044,SPO2,17,0,12975442,g1/60mA/0mA,77,95,0,18
47.044,SPO2,17,1,12229891,g1/25mA/0mA,77,95,0,18
47.044,SPO2,18,0,12975349,g1/60mA/0mA,77,95,0,18
47.044,SPO2,18,1,12229749,g1/25mA/0mA,77,95,0,18
47.044,SPO2,19,0,12975522,g1/60mA/0mA,77,95,0,18
47.044,SPO2,19,1,12229855,g1/25mA/0mA,77,95,0,18
47.044,SPO2,20,0,12975568,g1/60mA/0mA,77,95,0,18
47.044,SPO2,20,1,12229968,g1/25mA/0mA,77,95,0,18
47.075,HR,21,0,15141954,g5/13mA/13mA,77,95,0,18
47.075,HR,21,1,14743110,g4/13mA/13mA,77,95,0,18
47.075,HR,21,2,12553291,g4/13mA/13mA,77,95,0,18
47.075,HR,21,3,13989195,g4/13mA/13mA,77,95,0,18
47.076,HR,22,0,15141861,g5/13mA/13mA,77,95,0,18
47.076,HR,22,1,14742946,g4/13mA/13mA,77,95,0,18
47.076,HR,22,2,12553548,g4/13mA/13mA,77,95,0,18
47.076,HR,22,3,13989195,g4/13mA/13mA,77,95,0,18
47.076,HR,23,0,15140317,g5/13mA/13mA,77,95,0,18
47.076,HR,23,1,14742188,g4/13mA/13mA,77,95,0,18
47.076,HR,23,2,12552567,g4/13mA/13mA,77,95,0,18
47.076,HR,23,3,13988264,g4/13mA/13mA,77,95,0,18
47.076,HR,24,0,15142696,g5/13mA/13mA,77,95,0,18
47.076,HR,24,1,14743691,g4/13mA/13mA,77,95,0,18
47.076,HR,24,2,12553931,g4/13mA/13mA,77,95,0,18
47.076,HR,24,3,13989843,g4/13mA/13mA,77,95,0,18
47.076,HR,25,0,15141322,g5/13mA/13mA,77,95,0,18
47.076,HR,25,1,14742486,g4/13mA/13mA,77,95,0,18
47.076,HR,25,2,12553324,g4/13mA/13mA,77,95,0,18
47.076,HR,25,3,13988863,g4/13mA/13mA,77,95,0,18
47.076,HR,26,0,15146432,g5/13mA/13mA,77,95,0,18
47.076,HR,26,1,14746222,g4/13mA/13mA,77,95,0,18
47.076,HR,26,2,12556328,g4/13mA/13mA,77,95,0,18
47.076,HR,26,3,13991906,g4/13mA/13mA,77,95,0,18
47.133,HR,27,0,15139258,g5/13mA/13mA,77,95,0,18
47.133,HR,27,1,14741541,g4/13mA/13mA,77,95,0,18
47.133,HR,27,2,12552268,g4/13mA/13mA,77,95,0,18
47.133,HR,27,3,13987897,g4/13mA/13mA,77,95,0,18
47.133,HR,28,0,15143294,g5/13mA/13mA,77,95,0,18
47.133,HR,28,1,14743936,g4/13mA/13mA,77,95,0,18
47.133,HR,28,2,12554426,g4/13mA/13mA,77,95,0,18
47.133,HR,28,3,13990192,g4/13mA/13mA,77,95,0,18
47.133,HR,29,0,15140418,g5/13mA/13mA,77,95,0,18
47.133,HR,29,1,14742283,g4/13mA/13mA,77,95,0,18
47.133,HR,29,2,12552721,g4/13mA/13mA,77,95,0,18
47.133,HR,29,3,13988343,g4/13mA/13mA,77,95,0,18
47.133,HR,30,0,15142125,g5/13mA/13mA,77,95,0,18
47.133,HR,30,1,14743597,g4/13mA/13mA,77,95,0,18
47.133,HR,30,2,12553982,g4/13mA/13mA,77,95,0,18
47.133,HR,30,3,13989236,g4/13mA/13mA,77,95,0,18
47.133,HR,31,0,15141416,g5/13mA/13mA,77,95,0,18
47.133,HR,31,1,14742641,g4/13mA/13mA,77,95,0,18
47.133,HR,31,2,12553112,g4/13mA/13mA,77,95,0,18
47.133,HR,31,3,13988792,g4/13mA/13mA,77,95,0,18
47.133,HR,32,0,15142048,g5/13mA/13mA,77,95,0,18
47.133,HR,32,1,14743518,g4/13mA/13mA,77,95,0,18
47.133,HR,32,2,12553708,g4/13mA/13mA,77,95,0,18
47.133,HR,32,3,13989442,g4/13mA/13mA,77,95,0,18
47.165,HR,33,0,15141025,g5/13mA/13mA,77,95,0,18
47.165,HR,33,1,14742657,g4/13mA/13mA,77,95,0,18
47.165,HR,33,2,12553317,g4/13mA/13mA,77,95,0,18
47.165,HR,33,3,13988750,g4/13mA/13mA,77,95,0,18
47.165,HR,34,0,15141339,g5/13mA/13mA,77,95,0,18
47.165,HR,34,1,14743092,g4/13mA/13mA,77,95,0,18
47.165,HR,34,2,12553231,g4/13mA/13mA,77,95,0,18
47.165,HR,34,3,13989025,g4/13mA/13mA,77,95,0,18
47.165,HR,35,0,15142134,g5/13mA/13mA,77,95,0,18
47.165,HR,35,1,14743356,g4/13mA/13mA,77,95,0,18
47.165,HR,35,2,12554119,g4/13mA/13mA,77,95,0,18
47.165,HR,35,3,13989492,g4/13mA/13mA,77,95,0,18
47.165,HR,36,0,15141536,g5/13mA/13mA,77,95,0,18
47.165,HR,36,1,14742990,g4/13mA/13mA,77,95,0,18
47.165,HR,36,2,12553214,g4/13mA/13mA,77,95,0,18
47.165,HR,36,3,13988896,g4/13mA/13mA,77,95,0,18
47.165,HR,37,0,15141604,g5/13mA/13mA,77,95,0,18
47.165,HR,37,1,14743075,g4/13mA/13mA,77,95,0,18
47.165,HR,37,2,12553582,g4/13mA/13mA,77,95,0,18
47.165,HR,37,3,13989212,g4/13mA/13mA,77,95,0,18
47.165,HR,38,0,15142671,g5/13mA/13mA,77,95,0,18
47.165,HR,38,1,14743570,g4/13mA/13mA,77,95,0,18
47.165,HR,38,2,12553999,g4/13mA/13mA,77,95,0,18
47.165,HR,38,3,13989654,g4/13mA/13mA,77,95,0,18
47.195,HR,39,0,15143021,g5/13mA/13mA,77,95,0,18
47.195,HR,39,1,14743759,g4/13mA/13mA,77,95,0,18
47.195,HR,39,2,12553941,g4/13mA/13mA,77,95,0,18
47.195,HR,39,3,13989571,g4/13mA/13mA,77,95,0,18
47.195,HR,40,0,15141126,g5/13mA/13mA,77,95,0,18
47.195,HR,40,1,14743017,g4/13mA/13mA,77,95,0,18
47.195,HR,40,2,12553267,g4/13mA/13mA,77,95,0,18
47.195,HR,40,3,13988998,g4/13mA/13mA,77,95,0,18
47.195,HR,41,0,15141553,g5/13mA/13mA,77,95,0,18
47.195,HR,41,1,14742871,g4/13mA/13mA,77,95,0,18
47.195,HR,41,2,12553403,g4/13mA/13mA,77,95,0,18
47.195,HR,41,3,13988845,g4/13mA/13mA,77,95,0,18
47.195,HR,42,0,15142944,g5/13mA/13mA,77,95,0,18
47.195,HR,42,1,14743425,g4/13mA/13mA,77,95,0,18
47.195,HR,42,2,12554128,g4/13mA/13mA,77,95,0,18
47.195,HR,42,3,13989578,g4/13mA/13mA,77,95,0,18
47.195,HR,43,0,15141255,g5/13mA/13mA,77,95,0,18
47.195,HR,43,1,14742316,g4/13mA/13mA,77,95,0,18
47.195,HR,43,2,12552719,g4/13mA/13mA,77,95,0,18
47.195,HR,43,3,13988709,g4/13mA/13mA,77,95,0,18
47.224,HR,44,0,15141681,g5/13mA/13mA,77,95,0,18
47.224,HR,44,1,14743161,g4/13mA/13mA,77,95,0,18
47.224,HR,44,2,12553264,g4/13mA/13mA,77,95,0,18
47.224,HR,44,3,13989203,g4/13mA/13mA,77,95,0,18
47.224,HR,45,0,15141597,g5/13mA/13mA,77,95,0,18
47.224,HR,45,1,14742957,g4/13mA/13mA,77,95,0,18
47.224,HR,45,2,12553581,g4/13mA/13mA,77,95,0,18
47.224,HR,45,3,13989160,g4/13mA/13mA,77,95,0,18
47.224,HR,46,0,15141178,g5/13mA/13mA,77,95,0,18
47.224,HR,46,1,14742555,g4/13mA/13mA,77,95,0,18
47.224,HR,46,2,12553240,g4/13mA/13mA,77,95,0,18
47.224,HR,46,3,13988700,g4/13mA/13mA,77,95,0,18
47.224,HR,47,0,15142858,g5/13mA/13mA,77,95,0,18
47.224,HR,47,1,14743432,g4/13mA/13mA,77,95,0,18
47.224,HR,47,2,12553821,g4/13mA/13mA,77,95,0,18
47.224,HR,47,3,13989595,g4/13mA/13mA,77,95,0,18
47.224,HR,48,0,15141365,g5/13mA/13mA,77,95,0,18
47.224,HR,48,1,14742623,g4/13mA/13mA,77,95,0,18
47.224,HR,48,2,12553342,g4/13mA/13mA,77,95,0,18
47.224,HR,48,3,13988709,g4/13mA/13mA,77,95,0,18
47.224,HR,49,0,15141297,g5/13mA/13mA,77,95,0,18
47.224,HR,49,1,14742896,g4/13mA/13mA,77,95,0,18
47.224,HR,49,2,12553267,g4/13mA/13mA,77,95,0,18
47.224,HR,49,3,13989228,g4/13mA/13mA,77,95,0,18
47.283,HR,50,0,15141391,g5/13mA/13mA,77,95,0,18
47.283,HR,50,1,14743007,g4/13mA/13mA,77,95,0,18
47.283,HR,50,2,12553428,g4/13mA/13mA,77,95,0,18
47.283,HR,50,3,13988743,g4/13mA/13mA,77,95,0,18
47.283,HR,51,0,15140938,g5/13mA/13mA,77,95,0,18
47.283,HR,51,1,14742777,g4/13mA/13mA,77,95,0,18
47.283,HR,51,2,12553034,g4/13mA/13mA,77,95,0,18
47.283,HR,51,3,13988648,g4/13mA/13mA,77,95,0,18
47.283,HR,52,0,15141793,g5/13mA/13mA,77,95,0,18
47.283,HR,52,1,14743195,g4/13mA/13mA,77,95,0,18
47.283,HR,52,2,12553411,g4/13mA/13mA,77,95,0,18
47.283,HR,52,3,13989058,g4/13mA/13mA,77,95,0,18
47.283,HR,53,0,15141262,g5/13mA/13mA,77,95,0,18
47.283,HR,53,1,14742965,g4/13mA/13mA,77,95,0,18
47.283,HR,53,2,12553128,g4/13mA/13mA,77,95,0,18
47.283,HR,53,3,13988948,g4/13mA/13mA,77,95,0,18
47.283,HR,54,0,15140657,g5/13mA/13mA,77,95,0,18
47.283,HR,54,1,14742777,g4/13mA/13mA,77,95,0,18
47.283,HR,54,2,12552967,g4/13mA/13mA,77,95,0,18
47.283,HR,54,3,13988792,g4/13mA/13mA,77,95,0,18
47.317,HRV,21,0,15141954,g5/13mA/13mA,77,95,0,18
47.317,HRV,21,1,14743110,g4/13mA/13mA,77,95,0,18
47.317,HRV,21,2,12553291,g4/13mA/13mA,77,95,0,18
47.317,HRV,21,3,13989195,g4/13mA/13mA,77,95,0,18
47.317,HRV,22,0,15141861,g5/13mA/13mA,77,95,0,18
47.317,HRV,22,1,14742946,g4/13mA/13mA,77,95,0,18
47.317,HRV,22,2,12553548,g4/13mA/13mA,77,95,0,18
47.317,HRV,22,3,13989195,g4/13mA/13mA,77,95,0,18
47.317,HRV,23,0,15140317,g5/13mA/13mA,77,95,0,18
47.317,HRV,23,1,14742188,g4/13mA/13mA,77,95,0,18
47.317,HRV,23,2,12552567,g4/13mA/13mA,77,95,0,18
47.317,HRV,23,3,13988264,g4/13mA/13mA,77,95,0,18
47.317,HRV,24,0,15142696,g5/13mA/13mA,77,95,0,18
47.317,HRV,24,1,14743691,g4/13mA/13mA,77,95,0,18
47.317,HRV,24,2,12553931,g4/13mA/13mA,77,95,0,18
47.317,HRV,24,3,13989843,g4/13mA/13mA,77,95,0,18
47.317,HRV,25,0,15141322,g5/13mA/13mA,77,95,0,18
47.317,HRV,25,1,14742486,g4/13mA/13mA,77,95,0,18
47.317,HRV,25,2,12553324,g4/13mA/13mA,77,95,0,18
47.317,HRV,25,3,13988863,g4/13mA/13mA,77,95,0,18
47.317,HRV,26,0,15146432,g5/13mA/13mA,77,95,0,18
47.317,HRV,26,1,14746222,g4/13mA/13mA,77,95,0,18
47.317,HRV,26,2,12556328,g4/13mA/13mA,77,95,0,18
47.317,HRV,26,3,13991906,g4/13mA/13mA,77,95,0,18
47.345,HRV,27,0,15139258,g5/13mA/13mA,77,95,0,18
47.345,HRV,27,1,14741541,g4/13mA/13mA,77,95,0,18
47.345,HRV,27,2,12552268,g4/13mA/13mA,77,95,0,18
47.345,HRV,27,3,13987897,g4/13mA/13mA,77,95,0,18
47.346,HRV,28,0,15143294,g5/13mA/13mA,77,95,0,18
47.346,HRV,28,1,14743936,g4/13mA/13mA,77,95,0,18
47.346,HRV,28,2,12554426,g4/13mA/13mA,77,95,0,18
47.346,HRV,28,3,13990192,g4/13mA/13mA,77,95,0,18
47.346,HRV,29,0,15140418,g5/13mA/13mA,77,95,0,18
47.346,HRV,29,1,14742283,g4/13mA/13mA,77,95,0,18
47.346,HRV,29,2,12552721,g4/13mA/13mA,77,95,0,18
47.346,HRV,29,3,13988343,g4/13mA/13mA,77,95,0,18
47.346,HRV,30,0,15142125,g5/13mA/13mA,77,95,0,18
47.346,HRV,30,1,14743597,g4/13mA/13mA,77,95,0,18
47.346,HRV,30,2,12553982,g4/13mA/13mA,77,95,0,18
47.346,HRV,30,3,13989236,g4/13mA/13mA,77,95,0,18
47.346,HRV,31,0,15141416,g5/13mA/13mA,77,95,0,18
47.346,HRV,31,1,14742641,g4/13mA/13mA,77,95,0,18
47.346,HRV,31,2,12553112,g4/13mA/13mA,77,95,0,18
47.346,HRV,31,3,13988792,g4/13mA/13mA,77,95,0,18
47.346,HRV,32,0,15142048,g5/13mA/13mA,77,95,0,18
47.346,HRV,32,1,14743518,g4/13mA/13mA,77,95,0,18
47.346,HRV,32,2,12553708,g4/13mA/13mA,77,95,0,18
47.346,HRV,32,3,13989442,g4/13mA/13mA,77,95,0,18
47.440,HRV,33,0,15141025,g5/13mA/13mA,77,95,0,18
47.440,HRV,33,1,14742657,g4/13mA/13mA,77,95,0,18
47.440,HRV,33,2,12553317,g4/13mA/13mA,77,95,0,18
47.440,HRV,33,3,13988750,g4/13mA/13mA,77,95,0,18
47.440,HRV,34,0,15141339,g5/13mA/13mA,77,95,0,18
47.440,HRV,34,1,14743092,g4/13mA/13mA,77,95,0,18
47.440,HRV,34,2,12553231,g4/13mA/13mA,77,95,0,18
47.440,HRV,34,3,13989025,g4/13mA/13mA,77,95,0,18
47.440,HRV,35,0,15142134,g5/13mA/13mA,77,95,0,18
47.440,HRV,35,1,14743356,g4/13mA/13mA,77,95,0,18
47.440,HRV,35,2,12554119,g4/13mA/13mA,77,95,0,18
47.440,HRV,35,3,13989492,g4/13mA/13mA,77,95,0,18
47.440,HRV,36,0,15141536,g5/13mA/13mA,77,95,0,18
47.440,HRV,36,1,14742990,g4/13mA/13mA,77,95,0,18
47.440,HRV,36,2,12553214,g4/13mA/13mA,77,95,0,18
47.440,HRV,36,3,13988896,g4/13mA/13mA,77,95,0,18
47.440,HRV,37,0,15141604,g5/13mA/13mA,77,95,0,18
47.440,HRV,37,1,14743075,g4/13mA/13mA,77,95,0,18
47.440,HRV,37,2,12553582,g4/13mA/13mA,77,95,0,18
47.440,HRV,37,3,13989212,g4/13mA/13mA,77,95,0,18
47.440,HRV,38,0,15142671,g5/13mA/13mA,77,95,0,18
47.440,HRV,38,1,14743570,g4/13mA/13mA,77,95,0,18
47.440,HRV,38,2,12553999,g4/13mA/13mA,77,95,0,18
47.440,HRV,38,3,13989654,g4/13mA/13mA,77,95,0,18
47.463,HRV,39,0,15143021,g5/13mA/13mA,77,95,0,18
47.463,HRV,39,1,14743759,g4/13mA/13mA,77,95,0,18
47.463,HRV,39,2,12553941,g4/13mA/13mA,77,95,0,18
47.463,HRV,39,3,13989571,g4/13mA/13mA,77,95,0,18
47.463,HRV,40,0,15141126,g5/13mA/13mA,77,95,0,18
47.463,HRV,40,1,14743017,g4/13mA/13mA,77,95,0,18
47.463,HRV,40,2,12553267,g4/13mA/13mA,77,95,0,18
47.463,HRV,40,3,13988998,g4/13mA/13mA,77,95,0,18
47.463,HRV,41,0,15141553,g5/13mA/13mA,77,95,0,18
47.463,HRV,41,1,14742871,g4/13mA/13mA,77,95,0,18
47.463,HRV,41,2,12553403,g4/13mA/13mA,77,95,0,18
47.463,HRV,41,3,13988845,g4/13mA/13mA,77,95,0,18
47.463,HRV,42,0,15142944,g5/13mA/13mA,77,95,0,18
47.463,HRV,42,1,14743425,g4/13mA/13mA,77,95,0,18
47.463,HRV,42,2,12554128,g4/13mA/13mA,77,95,0,18
47.463,HRV,42,3,13989578,g4/13mA/13mA,77,95,0,18
47.463,HRV,43,0,15141255,g5/13mA/13mA,77,95,0,18
47.463,HRV,43,1,14742316,g4/13mA/13mA,77,95,0,18
47.463,HRV,43,2,12552719,g4/13mA/13mA,77,95,0,18
47.463,HRV,43,3,13988709,g4/13mA/13mA,77,95,0,18
47.466,HRV,44,0,15141681,g5/13mA/13mA,77,95,0,18
47.466,HRV,44,1,14743161,g4/13mA/13mA,77,95,0,18
47.466,HRV,44,2,12553264,g4/13mA/13mA,77,95,0,18
47.466,HRV,44,3,13989203,g4/13mA/13mA,77,95,0,18
47.466,HRV,45,0,15141597,g5/13mA/13mA,77,95,0,18
47.466,HRV,45,1,14742957,g4/13mA/13mA,77,95,0,18
47.466,HRV,45,2,12553581,g4/13mA/13mA,77,95,0,18
47.466,HRV,45,3,13989160,g4/13mA/13mA,77,95,0,18
47.466,HRV,46,0,15141178,g5/13mA/13mA,77,95,0,18
47.466,HRV,46,1,14742555,g4/13mA/13mA,77,95,0,18
47.466,HRV,46,2,12553240,g4/13mA/13mA,77,95,0,18
47.466,HRV,46,3,13988700,g4/13mA/13mA,77,95,0,18
47.466,HRV,47,0,15142858,g5/13mA/13mA,77,95,0,18
47.466,HRV,47,1,14743432,g4/13mA/13mA,77,95,0,18
47.466,HRV,47,2,12553821,g4/13mA/13mA,77,95,0,18
47.467,HRV,47,3,13989595,g4/13mA/13mA,77,95,0,18
47.467,HRV,48,0,15141365,g5/13mA/13mA,77,95,0,18
47.467,HRV,48,1,14742623,g4/13mA/13mA,77,95,0,18
47.467,HRV,48,2,12553342,g4/13mA/13mA,77,95,0,18
47.467,HRV,48,3,13988709,g4/13mA/13mA,77,95,0,18
47.467,HRV,49,0,15141297,g5/13mA/13mA,77,95,0,18
47.467,HRV,49,1,14742896,g4/13mA/13mA,77,95,0,18
47.467,HRV,49,2,12553267,g4/13mA/13mA,77,95,0,18
47.467,HRV,49,3,13989228,g4/13mA/13mA,77,95,0,18
47.524,HRV,50,0,15141391,g5/13mA/13mA,77,95,0,18
47.524,HRV,50,1,14743007,g4/13mA/13mA,77,95,0,18
47.524,HRV,50,2,12553428,g4/13mA/13mA,77,95,0,18
47.524,HRV,50,3,13988743,g4/13mA/13mA,77,95,0,18
47.524,HRV,51,0,15140938,g5/13mA/13mA,77,95,0,18
47.524,HRV,51,1,14742777,g4/13mA/13mA,77,95,0,18
47.524,HRV,51,2,12553034,g4/13mA/13mA,77,95,0,18
47.524,HRV,51,3,13988648,g4/13mA/13mA,77,95,0,18
47.524,HRV,52,0,15141793,g5/13mA/13mA,77,95,0,18
47.524,HRV,52,1,14743195,g4/13mA/13mA,77,95,0,18
47.524,HRV,52,2,12553411,g4/13mA/13mA,77,95,0,18
47.524,HRV,52,3,13989058,g4/13mA/13mA,77,95,0,18
47.524,HRV,53,0,15141262,g5/13mA/13mA,77,95,0,18
47.524,HRV,53,1,14742965,g4/13mA/13mA,77,95,0,18
47.524,HRV,53,2,12553128,g4/13mA/13mA,77,95,0,18
47.524,HRV,53,3,13988948,g4/13mA/13mA,77,95,0,18
47.524,HRV,54,0,15140657,g5/13mA/13mA,77,95,0,18
47.524,HRV,54,1,14742777,g4/13mA/13mA,77,95,0,18
47.524,HRV,54,2,12552967,g4/13mA/13mA,77,95,0,18
47.524,HRV,54,3,13988792,g4/13mA/13mA,77,95,0,18
47.555,SPO2,21,0,12975943,g1/60mA/0mA,77,95,0,18
47.555,SPO2,21,1,12229942,g1/25mA/0mA,77,95,0,18
47.555,SPO2,22,0,12975821,g1/60mA/0mA,77,95,0,18
47.555,SPO2,22,1,12229871,g1/25mA/0mA,77,95,0,18
47.555,SPO2,23,0,12974890,g1/60mA/0mA,77,95,0,18
47.555,SPO2,23,1,12229602,g1/25mA/0mA,77,95,0,18
47.555,SPO2,24,0,12976744,g1/60mA/0mA,77,95,0,18
47.555,SPO2,24,1,12230527,g1/25mA/0mA,77,95,0,18
47.555,SPO2,25,0,12975829,g1/60mA/0mA,77,95,0,18
47.555,SPO2,25,1,12230044,g1/25mA/0mA,77,95,0,18
47.555,SPO2,26,0,12979253,g1/60mA/0mA,77,95,0,18
47.555,SPO2,26,1,12231635,g1/25mA/0mA,77,95,0,18
47.555,SPO2,27,0,12974769,g1/60mA/0mA,77,95,0,18
47.556,SPO2,27,1,12229586,g1/25mA/0mA,77,95,0,18
47.616,SPO2,28,0,12977025,g1/60mA/0mA,77,95,0,18
47.616,SPO2,28,1,12230571,g1/25mA/0mA,77,95,0,18
47.616,SPO2,29,0,12975274,g1/60mA/0mA,77,95,0,18
47.616,SPO2,29,1,12229828,g1/25mA/0mA,77,95,0,18
47.616,SPO2,30,0,12976300,g1/60mA/0mA,77,95,0,18
47.616,SPO2,30,1,12230393,g1/25mA/0mA,77,95,0,18
47.616,SPO2,31,0,12976143,g1/60mA/0mA,77,95,0,18
47.616,SPO2,31,1,12230286,g1/25mA/0mA,77,95,0,18
47.616,SPO2,32,0,12975957,g1/60mA/0mA,77,95,0,18
47.616,SPO2,32,1,12229794,g1/25mA/0mA,77,95,0,18
47.616,SPO2,33,0,12975740,g1/60mA/0mA,77,95,0,18
47.616,SPO2,33,1,12230053,g1/25mA/0mA,77,95,0,18
47.616,SPO2,34,0,12976100,g1/60mA/0mA,77,95,0,18
47.616,SPO2,34,1,12230297,g1/25mA/0mA,77,95,0,18
47.616,SPO2,35,0,12976403,g1/60mA/0mA,77,95,0,18
47.616,SPO2,35,1,12230230,g1/25mA/0mA,77,95,0,18
47.646,SPO2,36,0,12976272,g1/60mA/0mA,77,95,0,18
47.646,SPO2,36,1,12230384,g1/25mA/0mA,77,95,0,18
47.646,SPO2,37,0,12976118,g1/60mA/0mA,77,95,0,18
47.646,SPO2,37,1,12230216,g1/25mA/0mA,77,95,0,18
47.646,SPO2,38,0,12976597,g1/60mA/0mA,77,95,0,18
47.646,SPO2,38,1,12230341,g1/25mA/0mA,77,95,0,18
47.646,SPO2,39,0,12976563,g1/60mA/0mA,77,95,0,18
47.646,SPO2,39,1,12230370,g1/25mA/0mA,77,95,0,18
47.646,SPO2,40,0,12975747,g1/60mA/0mA,77,95,0,18
47.646,SPO2,40,1,12229945,g1/25mA/0mA,77,95,0,18
47.646,SPO2,41,0,12975797,g1/60mA/0mA,77,95,0,18
47.646,SPO2,41,1,12230098,g1/25mA/0mA,77,95,0,18
47.675,SPO2,42,0,12976597,g1/60mA/0mA,77,95,0,18
47.675,SPO2,42,1,12230173,g1/25mA/0mA,77,95,0,18
47.675,SPO2,43,0,12975258,g1/60mA/0mA,77,95,0,18
47.675,SPO2,43,1,12229855,g1/25mA/0mA,77,95,0,18
47.675,SPO2,44,0,12975815,g1/60mA/0mA,77,95,0,18
47.675,SPO2,44,1,12230098,g1/25mA/0mA,77,95,0,18
47.675,SPO2,45,0,12975955,g1/60mA/0mA,77,95,0,18
47.675,SPO2,45,1,12230107,g1/25mA/0mA,77,95,0,18
47.675,SPO2,46,0,12975313,g1/60mA/0mA,77,95,0,18
47.675,SPO2,46,1,12229744,g1/25mA/0mA,77,95,0,18
47.676,SPO2,47,0,12976761,g1/60mA/0mA,77,95,0,18
47.676,SPO2,47,1,12230421,g1/25mA/0mA,77,95,0,18
47.676,SPO2,48,0,12975740,g1/60mA/0mA,77,95,0,18
47.676,SPO2,48,1,12230107,g1/25mA/0mA,77,95,0,18
47.676,SPO2,49,0,12975881,g1/60mA/0mA,77,95,0,18
47.676,SPO2,49,1,12230080,g1/25mA/0mA,77,95,0,18
48.125,SPO2,50,0,12975961,g1/60mA/0mA,77,95,0,18
48.125,SPO2,50,1,12230161,g1/25mA/0mA,77,95,0,18
48.125,SPO2,51,0,12975367,g1/60mA/0mA,77,95,0,18
48.125,SPO2,51,1,12229747,g1/25mA/0mA,77,95,0,18
48.125,SPO2,52,0,12975995,g1/60mA/0mA,77,95,0,18
48.125,SPO2,52,1,12229874,g1/25mA/0mA,77,95,0,18
48.125,SPO2,53,0,12975416,g1/60mA/0mA,77,95,0,18
48.125,SPO2,53,1,12229783,g1/25mA/0mA,77,95,0,18
48.125,SPO2,54,0,12975750,g1/60mA/0mA,77,95,0,18
48.125,SPO2,54,1,12230029,g1/25mA/0mA,77,95,0,18
48.157,HR,55,0,15141613,g5/13mA/13mA,77,95,0,18
48.157,HR,55,1,14742845,g4/13mA/13mA,77,95,0,18
48.157,HR,55,2,12553189,g4/13mA/13mA,77,95,0,18
48.157,HR,55,3,13989049,g4/13mA/13mA,77,95,0,18
48.157,HR,56,0,15141588,g5/13mA/13mA,77,95,0,18
48.157,HR,56,1,14743426,g4/13mA/13mA,77,95,0,18
48.157,HR,56,2,12553486,g4/13mA/13mA,77,95,0,18
48.157,HR,56,3,13989245,g4/13mA/13mA,77,95,0,18
48.157,HR,57,0,15141553,g5/13mA/13mA,77,95,0,18
48.157,HR,57,1,14743041,g4/13mA/13mA,77,95,0,18
48.157,HR,57,2,12553293,g4/13mA/13mA,77,95,0,18
48.157,HR,57,3,13989093,g4/13mA/13mA,77,95,0,18
48.157,HR,58,0,15142057,g5/13mA/13mA,77,95,0,18
48.157,HR,58,1,14742863,g4/13mA/13mA,77,95,0,18
48.157,HR,58,2,12553428,g4/13mA/13mA,77,95,0,18
48.157,HR,58,3,13989289,g4/13mA/13mA,77,95,0,18
48.157,HR,59,0,15141492,g5/13mA/13mA,77,95,0,18
48.157,HR,59,1,14742768,g4/13mA/13mA,77,95,0,18
48.157,HR,59,2,12553249,g4/13mA/13mA,77,95,0,18
48.157,HR,59,3,13988596,g4/13mA/13mA,77,95,0,18
48.157,HR,60,0,15140708,g5/13mA/13mA,77,95,0,18
48.157,HR,60,1,14742478,g4/13mA/13mA,77,95,0,18
48.157,HR,60,2,12553019,g4/13mA/13mA,77,95,0,18
48.157,HR,60,3,13988803,g4/13mA/13mA,77,95,0,18
48.217,HR,61,0,15141307,g5/13mA/13mA,77,95,0,18
48.217,HR,61,1,14743032,g4/13mA/13mA,77,95,0,18
48.217,HR,61,2,12553504,g4/13mA/13mA,77,95,0,18
48.217,HR,61,3,13988931,g4/13mA/13mA,77,95,0,18
48.217,HR,62,0,15140512,g5/13mA/13mA,77,95,0,18
48.217,HR,62,1,14742069,g4/13mA/13mA,77,95,0,18
48.217,HR,62,2,12552899,g4/13mA/13mA,77,95,0,18
48.217,HR,62,3,13988309,g4/13mA/13mA,77,95,0,18
48.217,HR,63,0,15141691,g5/13mA/13mA,77,95,0,18
48.217,HR,63,1,14742896,g4/13mA/13mA,77,95,0,18
48.217,HR,63,2,12553648,g4/13mA/13mA,77,95,0,18
48.217,HR,63,3,13989143,g4/13mA/13mA,77,95,0,18
48.217,HR,64,0,15141255,g5/13mA/13mA,77,95,0,18
48.217,HR,64,1,14742972,g4/13mA/13mA,77,95,0,18
48.217,HR,64,2,12553342,g4/13mA/13mA,77,95,0,18
48.217,HR,64,3,13988853,g4/13mA/13mA,77,95,0,18
48.217,HR,65,0,15141297,g5/13mA/13mA,78,95,0,18
48.217,HR,65,1,14742785,g4/13mA/13mA,78,95,0,18
48.217,HR,65,2,12553293,g4/13mA/13mA,78,95,0,18
48.217,HR,65,3,13988572,g4/13mA/13mA,78,95,0,18
48.245,HR,66,0,15139865,g5/13mA/13mA,78,95,0,18
48.245,HR,66,1,14741940,g4/13mA/13mA,78,95,0,18
48.245,HR,66,2,12552617,g4/13mA/13mA,78,95,0,18
48.245,HR,66,3,13988223,g4/13mA/13mA,78,95,0,18
48.245,HR,67,0,15142098,g5/13mA/13mA,78,95,0,18
48.245,HR,67,1,14743134,g4/13mA/13mA,78,95,0,18
48.245,HR,67,2,12553802,g4/13mA/13mA,78,95,0,18
48.245,HR,67,3,13989270,g4/13mA/13mA,78,95,0,18
48.245,HR,68,0,15140298,g5/13mA/13mA,78,95,0,18
48.245,HR,68,1,14742393,g4/13mA/13mA,78,95,0,18
48.245,HR,68,2,12553180,g4/13mA/13mA,78,95,0,18
48.245,HR,68,3,13988648,g4/13mA/13mA,78,95,0,18
48.245,HR,69,0,15141289,g5/13mA/13mA,78,95,0,18
48.245,HR,69,1,14742606,g4/13mA/13mA,78,95,0,18
48.245,HR,69,2,12553411,g4/13mA/13mA,78,95,0,18
48.246,HR,69,3,13988998,g4/13mA/13mA,78,95,0,18
48.246,HR,70,0,15141578,g5/13mA/13mA,78,95,0,18
48.246,HR,70,1,14742828,g4/13mA/13mA,78,95,0,18
48.246,HR,70,2,12553437,g4/13mA/13mA,78,95,0,18
48.246,HR,70,3,13989221,g4/13mA/13mA,78,95,0,18
48.246,HR,71,0,15141016,g5/13mA/13mA,78,95,0,18
48.246,HR,71,1,14742341,g4/13mA/13mA,78,95,0,18
48.246,HR,71,2,12553019,g4/13mA/13mA,78,95,0,18
48.246,HR,71,3,13988528,g4/13mA/13mA,78,95,0,18
48.275,HR,72,0,15141673,g5/13mA/13mA,78,95,0,18
48.275,HR,72,1,14742946,g4/13mA/13mA,78,95,0,18
48.275,HR,72,2,12553233,g4/13mA/13mA,78,95,0,18
48.275,HR,72,3,13988836,g4/13mA/13mA,78,95,0,18
48.275,HR,73,0,15141289,g5/13mA/13mA,78,95,0,18
48.275,HR,73,1,14743195,g4/13mA/13mA,78,95,0,18
48.275,HR,73,2,12553581,g4/13mA/13mA,78,95,0,18
48.275,HR,73,3,13988768,g4/13mA/13mA,78,95,0,18
48.275,HR,74,0,15141322,g5/13mA/13mA,78,95,0,18
48.275,HR,74,1,14743041,g4/13mA/13mA,78,95,0,18
48.275,HR,74,2,12553403,g4/13mA/13mA,78,95,0,18
48.275,HR,74,3,13989150,g4/13mA/13mA,78,95,0,18
48.275,HR,75,0,15140793,g5/13mA/13mA,78,95,0,18
48.275,HR,75,1,14742273,g4/13mA/13mA,78,95,0,18
48.275,HR,75,2,12553094,g4/13mA/13mA,78,95,0,18
48.275,HR,75,3,13988426,g4/13mA/13mA,78,95,0,18
48.275,HR,76,0,15142116,g5/13mA/13mA,78,95,0,18
48.275,HR,76,1,14743228,g4/13mA/13mA,78,95,0,18
48.275,HR,76,2,12553760,g4/13mA/13mA,78,95,0,18
48.275,HR,76,3,13989168,g4/13mA/13mA,78,95,0,18
48.275,HR,77,0,15140844,g5/13mA/13mA,78,95,0,18
48.275,HR,77,1,14742682,g4/13mA/13mA,78,95,0,18
48.275,HR,77,2,12553282,g4/13mA/13mA,78,95,0,18
48.275,HR,77,3,13988648,g4/13mA/13mA,78,95,0,18
48.337,HR,78,0,15142203,g5/13mA/13mA,78,95,0,18
48.337,HR,78,1,14743364,g4/13mA/13mA,78,95,0,18
48.337,HR,78,2,12553658,g4/13mA/13mA,78,95,0,18
48.337,HR,78,3,13989236,g4/13mA/13mA,78,95,0,18
48.337,HR,79,0,15141058,g5/13mA/13mA,78,95,0,18
48.337,HR,79,1,14743092,g4/13mA/13mA,78,95,0,18
48.337,HR,79,2,12553274,g4/13mA/13mA,78,95,0,18
48.337,HR,79,3,13988981,g4/13mA/13mA,78,95,0,18
48.337,HR,80,0,15141186,g5/13mA/13mA,78,95,0,18
48.337,HR,80,1,14742648,g4/13mA/13mA,78,95,0,18
48.337,HR,80,2,12553233,g4/13mA/13mA,78,95,0,18
48.337,HR,80,3,13988734,g4/13mA/13mA,78,95,0,18
48.337,HR,81,0,15142023,g5/13mA/13mA,78,95,0,18
48.337,HR,81,1,14743236,g4/13mA/13mA,78,95,0,18
48.337,HR,81,2,12553692,g4/13mA/13mA,78,95,0,18
48.337,HR,81,3,13989255,g4/13mA/13mA,78,95,0,18
48.337,HR,82,0,15141160,g5/13mA/13mA,78,95,0,18
48.337,HR,82,1,14742735,g4/13mA/13mA,78,95,0,18
48.337,HR,82,2,12553308,g4/13mA/13mA,78,95,0,18
48.337,HR,82,3,13988743,g4/13mA/13mA,78,95,0,18
48.337,HR,83,0,15141723,g5/13mA/13mA,78,95,0,18
48.337,HR,83,1,14742990,g4/13mA/13mA,78,95,0,18
48.337,HR,83,2,12553428,g4/13mA/13mA,78,95,0,18
48.337,HR,83,3,13989032,g4/13mA/13mA,78,95,0,18
48.366,HR,84,0,15141989,g5/13mA/13mA,78,95,0,18
48.366,HR,84,1,14743213,g4/13mA/13mA,78,95,0,18
48.366,HR,84,2,12553539,g4/13mA/13mA,78,95,0,18
48.366,HR,84,3,13989195,g4/13mA/13mA,78,95,0,18
48.366,HR,85,0,15141100,g5/13mA/13mA,78,95,0,18
48.366,HR,85,1,14742777,g4/13mA/13mA,78,95,0,18
48.366,HR,85,2,12553256,g4/13mA/13mA,78,95,0,18
48.366,HR,85,3,13988931,g4/13mA/13mA,78,95,0,18
48.366,HR,86,0,15140982,g5/13mA/13mA,78,95,0,18
48.366,HR,86,1,14742750,g4/13mA/13mA,78,95,0,18
48.366,HR,86,2,12553308,g4/13mA/13mA,78,95,0,18
48.366,HR,86,3,13988596,g4/13mA/13mA,78,95,0,18
48.366,HR,87,0,15140878,g5/13mA/13mA,78,95,0,18
48.366,HR,87,1,14742708,g4/13mA/13mA,78,95,0,18
48.366,HR,87,2,12553308,g4/13mA/13mA,78,95,0,18
48.366,HR,87,3,13988829,g4/13mA/13mA,78,95,0,18
48.366,HR,88,0,15141400,g5/13mA/13mA,78,95,0,18
48.366,HR,88,1,14742863,g4/13mA/13mA,78,95,0,18
48.366,HR,88,2,12553222,g4/13mA/13mA,78,95,0,18
48.366,HR,88,3,13988777,g4/13mA/13mA,78,95,0,18
48.427,HRV,55,0,15141613,g5/13mA/13mA,78,95,0,18
48.427,HRV,55,1,14742845,g4/13mA/13mA,78,95,0,18
48.427,HRV,55,2,12553189,g4/13mA/13mA,78,95,0,18
48.427,HRV,55,3,13989049,g4/13mA/13mA,78,95,0,18
48.427,HRV,56,0,15141588,g5/13mA/13mA,78,95,0,18
48.427,HRV,56,1,14743426,g4/13mA/13mA,78,95,0,18
48.427,HRV,56,2,12553486,g4/13mA/13mA,78,95,0,18
48.427,HRV,56,3,13989245,g4/13mA/13mA,78,95,0,18
48.427,HRV,57,0,15141553,g5/13mA/13mA,78,95,0,18
48.427,HRV,57,1,14743041,g4/13mA/13mA,78,95,0,18
48.427,HRV,57,2,12553293,g4/13mA/13mA,78,95,0,18
48.427,HRV,57,3,13989093,g4/13mA/13mA,78,95,0,18
48.427,HRV,58,0,15142057,g5/13mA/13mA,78,95,0,18
48.427,HRV,58,1,14742863,g4/13mA/13mA,78,95,0,18
48.427,HRV,58,2,12553428,g4/13mA/13mA,78,95,0,18
48.427,HRV,58,3,13989289,g4/13mA/13mA,78,95,0,18
48.427,HRV,59,0,15141492,g5/13mA/13mA,78,95,0,18
48.427,HRV,59,1,14742768,g4/13mA/13mA,78,95,0,18
48.427,HRV,59,2,12553249,g4/13mA/13mA,78,95,0,18
48.427,HRV,59,3,13988596,g4/13mA/13mA,78,95,0,18
48.427,HRV,60,0,15140708,g5/13mA/13mA,78,95,0,18
48.427,HRV,60,1,14742478,g4/13mA/13mA,78,95,0,18
48.427,HRV,60,2,12553019,g4/13mA/13mA,78,95,0,18
48.427,HRV,60,3,13988803,g4/13mA/13mA,78,95,0,18
48.455,HRV,61,0,15141307,g5/13mA/13mA,78,95,0,18
48.455,HRV,61,1,14743032,g4/13mA/13mA,78,95,0,18
48.455,HRV,61,2,12553504,g4/13mA/13mA,78,95,0,18
48.455,HRV,61,3,13988931,g4/13mA/13mA,78,95,0,18
48.455,HRV,62,0,15140512,g5/13mA/13mA,78,95,0,18
48.455,HRV,62,1,14742069,g4/13mA/13mA,78,95,0,18
48.455,HRV,62,2,12552899,g4/13mA/13mA,78,95,0,18
48.455,HRV,62,3,13988309,g4/13mA/13mA,78,95,0,18
48.455,HRV,63,0,15141691,g5/13mA/13mA,78,95,0,18
48.455,HRV,63,1,14742896,g4/13mA/13mA,78,95,0,18
48.455,HRV,63,2,12553648,g4/13mA/13mA,78,95,0,18
48.455,HRV,63,3,13989143,g4/13mA/13mA,78,95,0,18
48.455,HRV,64,0,15141255,g5/13mA/13mA,78,95,0,18
48.455,HRV,64,1,14742972,g4/13mA/13mA,78,95,0,18
48.455,HRV,64,2,12553342,g4/13mA/13mA,78,95,0,18
48.455,HRV,64,3,13988853,g4/13mA/13mA,78,95,0,18
48.455,HRV,65,0,15141297,g5/13mA/13mA,78,95,0,18
48.455,HRV,65,1,14742785,g4/13mA/13mA,78,95,0,18
48.455,HRV,65,2,12553293,g4/13mA/13mA,78,95,0,18
48.455,HRV,65,3,13988572,g4/13mA/13mA,78,95,0,18
48.485,HRV,66,0,15139865,g5/13mA/13mA,78,95,0,18
48.485,HRV,66,1,14741940,g4/13mA/13mA,78,95,0,18
48.485,HRV,66,2,12552617,g4/13mA/13mA,78,95,0,18
48.485,HRV,66,3,13988223,g4/13mA/13mA,78,95,0,18
48.485,HRV,67,0,15142098,g5/13mA/13mA,78,95,0,18
48.485,HRV,67,1,14743134,g4/13mA/13mA,78,95,0,18
48.485,HRV,67,2,12553802,g4/13mA/13mA,78,95,0,18
48.485,HRV,67,3,13989270,g4/13mA/13mA,78,95,0,18
48.485,HRV,68,0,15140298,g5/13mA/13mA,78,95,0,18
48.485,HRV,68,1,14742393,g4/13mA/13mA,78,95,0,18
48.485,HRV,68,2,12553180,g4/13mA/13mA,78,95,0,18
48.485,HRV,68,3,13988648,g4/13mA/13mA,78,95,0,18
48.485,HRV,69,0,15141289,g5/13mA/13mA,78,95,0,18
48.485,HRV,69,1,14742606,g4/13mA/13mA,78,95,0,18
48.485,HRV,69,2,12553411,g4/13mA/13mA,78,95,0,18
48.485,HRV,69,3,13988998,g4/13mA/13mA,78,95,0,18
48.485,HRV,70,0,15141578,g5/13mA/13mA,78,95,0,18
48.485,HRV,70,1,14742828,g4/13mA/13mA,78,95,0,18
48.485,HRV,70,2,12553437,g4/13mA/13mA,78,95,0,18
48.485,HRV,70,3,13989221,g4/13mA/13mA,78,95,0,18
48.485,HRV,71,0,15141016,g5/13mA/13mA,78,95,0,18
48.485,HRV,71,1,14742341,g4/13mA/13mA,78,95,0,18
48.485,HRV,71,2,12553019,g4/13mA/13mA,78,95,0,18
48.485,HRV,71,3,13988528,g4/13mA/13mA,78,95,0,18
48.546,HRV,72,0,15141673,g5/13mA/13mA,78,95,0,18
48.546,HRV,72,1,14742946,g4/13mA/13mA,78,95,0,18
48.546,HRV,72,2,12553233,g4/13mA/13mA,78,95,0,18
48.546,HRV,72,3,13988836,g4/13mA/13mA,78,95,0,18
48.546,HRV,73,0,15141289,g5/13mA/13mA,78,95,0,18
48.546,HRV,73,1,14743195,g4/13mA/13mA,78,95,0,18
48.546,HRV,73,2,12553581,g4/13mA/13mA,78,95,0,18
48.546,HRV,73,3,13988768,g4/13mA/13mA,78,95,0,18
48.546,HRV,74,0,15141322,g5/13mA/13mA,78,95,0,18
48.546,HRV,74,1,14743041,g4/13mA/13mA,78,95,0,18
48.546,HRV,74,2,12553403,g4/13mA/13mA,78,95,0,18
48.546,HRV,74,3,13989150,g4/13mA/13mA,78,95,0,18
48.546,HRV,75,0,15140793,g5/13mA/13mA,78,95,0,18
48.546,HRV,75,1,14742273,g4/13mA/13mA,78,95,0,18
48.546,HRV,75,2,12553094,g4/13mA/13mA,78,95,0,18
48.546,HRV,75,3,13988426,g4/13mA/13mA,78,95,0,18
48.546,HRV,76,0,15142116,g5/13mA/13mA,78,95,0,18
48.546,HRV,76,1,14743228,g4/13mA/13mA,78,95,0,18
48.546,HRV,76,2,12553760,g4/13mA/13mA,78,95,0,18
48.546,HRV,76,3,13989168,g4/13mA/13mA,78,95,0,18
48.546,HRV,77,0,15140844,g5/13mA/13mA,78,95,0,18
48.546,HRV,77,1,14742682,g4/13mA/13mA,78,95,0,18
48.546,HRV,77,2,12553282,g4/13mA/13mA,78,95,0,18
48.546,HRV,77,3,13988648,g4/13mA/13mA,78,95,0,18
48.603,HRV,78,0,15142203,g5/13mA/13mA,78,95,0,18
48.603,HRV,78,1,14743364,g4/13mA/13mA,78,95,0,18
48.603,HRV,78,2,12553658,g4/13mA/13mA,78,95,0,18
48.603,HRV,78,3,13989236,g4/13mA/13mA,78,95,0,18
48.603,HRV,79,0,15141058,g5/13mA/13mA,78,95,0,18
48.603,HRV,79,1,14743092,g4/13mA/13mA,78,95,0,18
48.603,HRV,79,2,12553274,g4/13mA/13mA,78,95,0,18
48.603,HRV,79,3,13988981,g4/13mA/13mA,78,95,0,18
48.603,HRV,80,0,15141186,g5/13mA/13mA,78,95,0,18
48.603,HRV,80,1,14742648,g4/13mA/13mA,78,95,0,18
48.603,HRV,80,2,12553233,g4/13mA/13mA,78,95,0,18
48.603,HRV,80,3,13988734,g4/13mA/13mA,78,95,0,18
48.603,HRV,81,0,15142023,g5/13mA/13mA,78,95,0,18
48.603,HRV,81,1,14743236,g4/13mA/13mA,78,95,0,18
48.603,HRV,81,2,12553692,g4/13mA/13mA,78,95,0,18
48.603,HRV,81,3,13989255,g4/13mA/13mA,78,95,0,18
48.603,HRV,82,0,15141160,g5/13mA/13mA,78,95,0,18
48.603,HRV,82,1,14742735,g4/13mA/13mA,78,95,0,18
48.603,HRV,82,2,12553308,g4/13mA/13mA,78,95,0,18
48.603,HRV,82,3,13988743,g4/13mA/13mA,78,95,0,18
48.603,HRV,83,0,15141723,g5/13mA/13mA,78,95,0,18
48.603,HRV,83,1,14742990,g4/13mA/13mA,78,95,0,18
48.603,HRV,83,2,12553428,g4/13mA/13mA,78,95,0,18
48.603,HRV,83,3,13989032,g4/13mA/13mA,78,95,0,18
48.634,HRV,84,0,15141989,g5/13mA/13mA,78,95,0,18
48.634,HRV,84,1,14743213,g4/13mA/13mA,78,95,0,18
48.634,HRV,84,2,12553539,g4/13mA/13mA,78,95,0,18
48.634,HRV,84,3,13989195,g4/13mA/13mA,78,95,0,18
48.634,HRV,85,0,15141100,g5/13mA/13mA,78,95,0,18
48.634,HRV,85,1,14742777,g4/13mA/13mA,78,95,0,18
48.634,HRV,85,2,12553256,g4/13mA/13mA,78,95,0,18
48.634,HRV,85,3,13988931,g4/13mA/13mA,78,95,0,18
48.634,HRV,86,0,15140982,g5/13mA/13mA,78,95,0,18
48.634,HRV,86,1,14742750,g4/13mA/13mA,78,95,0,18
48.634,HRV,86,2,12553308,g4/13mA/13mA,78,95,0,18
48.634,HRV,86,3,13988596,g4/13mA/13mA,78,95,0,18
48.634,HRV,87,0,15140878,g5/13mA/13mA,78,95,0,18
48.634,HRV,87,1,14742708,g4/13mA/13mA,78,95,0,18
48.634,HRV,87,2,12553308,g4/13mA/13mA,78,95,0,18
48.634,HRV,87,3,13988829,g4/13mA/13mA,78,95,0,18
48.634,HRV,88,0,15141400,g5/13mA/13mA,78,95,0,18
48.634,HRV,88,1,14742863,g4/13mA/13mA,78,95,0,18
48.634,HRV,88,2,12553222,g4/13mA/13mA,78,95,0,18
48.634,HRV,88,3,13988777,g4/13mA/13mA,78,95,0,18
48.665,SPO2,55,0,12975830,g1/60mA/0mA,78,95,0,18
48.665,SPO2,55,1,12229885,g1/25mA/0mA,78,95,0,18
48.665,SPO2,56,0,12976188,g1/60mA/0mA,78,95,0,18
48.665,SPO2,56,1,12230167,g1/25mA/0mA,78,95,0,18
48.665,SPO2,57,0,12975709,g1/60mA/0mA,78,95,0,18
48.665,SPO2,57,1,12229959,g1/25mA/0mA,78,95,0,18
48.665,SPO2,58,0,12976281,g1/60mA/0mA,78,95,0,18
48.665,SPO2,58,1,12230013,g1/25mA/0mA,78,95,0,18
48.665,SPO2,59,0,12976019,g1/60mA/0mA,78,95,0,18
48.665,SPO2,59,1,12230174,g1/25mA/0mA,78,95,0,18
48.665,SPO2,60,0,12975301,g1/60mA/0mA,78,95,0,18
48.665,SPO2,60,1,12229693,g1/25mA/0mA,78,95,0,18
48.665,SPO2,61,0,12976103,g1/60mA/0mA,78,95,0,18
48.665,SPO2,61,1,12230057,g1/25mA/0mA,78,95,0,18
48.695,SPO2,62,0,12975072,g1/60mA/0mA,78,95,0,18
48.695,SPO2,62,1,12229673,g1/25mA/0mA,78,95,0,18
48.695,SPO2,63,0,12976186,g1/60mA/0mA,78,95,0,18
48.695,SPO2,63,1,12230273,g1/25mA/0mA,78,95,0,18
48.695,SPO2,64,0,12975541,g1/60mA/0mA,78,95,0,18
48.695,SPO2,64,1,12229818,g1/25mA/0mA,78,95,0,18
48.695,SPO2,65,0,12975764,g1/60mA/0mA,78,95,0,19
48.695,SPO2,65,1,12229928,g1/25mA/0mA,78,95,0,19
48.695,SPO2,66,0,12975170,g1/60mA/0mA,78,95,0,19
48.695,SPO2,66,1,12229832,g1/25mA/0mA,78,95,0,19
48.695,SPO2,67,0,12976133,g1/60mA/0mA,78,95,0,19
48.695,SPO2,67,1,12230273,g1/25mA/0mA,78,95,0,19
48.724,SPO2,68,0,12975381,g1/60mA/0mA,78,95,0,19
48.724,SPO2,68,1,12229897,g1/25mA/0mA,78,95,0,19
48.724,SPO2,69,0,12975875,g1/60mA/0mA,78,95,0,19
48.724,SPO2,69,1,12230047,g1/25mA/0mA,78,95,0,19
48.724,SPO2,70,0,12976064,g1/60mA/0mA,78,95,0,19
48.724,SPO2,70,1,12230207,g1/25mA/0mA,78,95,0,19
48.724,SPO2,71,0,12975458,g1/60mA/0mA,78,95,0,19
48.724,SPO2,71,1,12229749,g1/25mA/0mA,78,95,0,19
48.724,SPO2,72,0,12976325,g1/60mA/0mA,78,95,0,19
48.724,SPO2,72,1,12230230,g1/25mA/0mA,78,95,0,19
48.724,SPO2,73,0,12976055,g1/60mA/0mA,78,95,0,19
48.724,SPO2,73,1,12230131,g1/25mA/0mA,78,95,0,19
48.724,SPO2,74,0,12975839,g1/60mA/0mA,78,95,0,19
48.724,SPO2,74,1,12230060,g1/25mA/0mA,78,95,0,19
48.787,SPO2,75,0,12975158,g1/60mA/0mA,78,95,0,19
48.787,SPO2,75,1,12229660,g1/25mA/0mA,78,95,0,19
48.787,SPO2,76,0,12976398,g1/60mA/0mA,78,95,0,19
48.787,SPO2,76,1,12230366,g1/25mA/0mA,78,95,0,19
48.787,SPO2,77,0,12975447,g1/60mA/0mA,78,95,0,19
48.787,SPO2,77,1,12229823,g1/25mA/0mA,78,95,0,19
48.787,SPO2,78,0,12976406,g1/60mA/0mA,78,95,0,19
48.787,SPO2,78,1,12230452,g1/25mA/0mA,78,95,0,19
48.787,SPO2,79,0,12976171,g1/60mA/0mA,78,95,0,19
48.787,SPO2,79,1,12230224,g1/25mA/0mA,78,95,0,19
48.787,SPO2,80,0,12975434,g1/60mA/0mA,78,95,0,19
48.787,SPO2,80,1,12229883,g1/25mA/0mA,78,95,0,19
48.787,SPO2,81,0,12976439,g1/60mA/0mA,78,95,0,19
48.787,SPO2,81,1,12230187,g1/25mA/0mA,78,95,0,19
48.787,SPO2,82,0,12975971,g1/60mA/0mA,78,95,0,19
48.787,SPO2,82,1,12230184,g1/25mA/0mA,78,95,0,19
48.815,SPO2,83,0,12975807,g1/60mA/0mA,78,95,0,19
48.815,SPO2,83,1,12229960,g1/25mA/0mA,78,95,0,19
48.815,SPO2,84,0,12976277,g1/60mA/0mA,78,95,0,19
48.815,SPO2,84,1,12230366,g1/25mA/0mA,78,95,0,19
48.815,SPO2,85,0,12975665,g1/60mA/0mA,78,95,0,19
48.815,SPO2,85,1,12229946,g1/25mA/0mA,78,95,0,19
48.815,SPO2,86,0,12975680,g1/60mA/0mA,78,95,0,19
48.815,SPO2,86,1,12229994,g1/25mA/0mA,78,95,0,19
48.815,SPO2,87,0,12975647,g1/60mA/0mA,78,95,0,19
48.815,SPO2,87,1,12230060,g1/25mA/0mA,78,95,0,19
48.815,SPO2,88,0,12975734,g1/60mA/0mA,78,95,0,19
48.815,SPO2,88,1,12230013,g1/25mA/0mA,78,95,0,19
49.867,HR,89,0,15141646,g5/13mA/13mA,78,95,0,19
49.867,HR,89,1,14743264,g4/13mA/13mA,78,95,0,19
49.867,HR,89,2,12553615,g4/13mA/13mA,78,95,0,19
49.867,HR,89,3,13989016,g4/13mA/13mA,78,95,0,19
49.867,HR,90,0,15140878,g5/13mA/13mA,78,96,0,19
49.867,HR,90,1,14742471,g4/13mA/13mA,78,96,0,19
49.867,HR,90,2,12553196,g4/13mA/13mA,78,96,0,19
49.867,HR,90,3,13988845,g4/13mA/13mA,78,96,0,19
49.867,HR,91,0,15140844,g5/13mA/13mA,78,96,0,19
49.867,HR,91,1,14742810,g4/13mA/13mA,78,96,0,19
49.867,HR,91,2,12553411,g4/13mA/13mA,78,96,0,19
49.867,HR,91,3,13988863,g4/13mA/13mA,78,96,0,19
49.867,HR,92,0,15142391,g5/13mA/13mA,78,96,0,19
49.867,HR,92,1,14743239,g4/13mA/13mA,78,96,0,19
49.867,HR,92,2,12553522,g4/13mA/13mA,78,96,0,19
49.867,HR,92,3,13989178,g4/13mA/13mA,78,96,0,19
49.867,HR,93,0,15141434,g5/13mA/13mA,78,96,0,19
49.867,HR,93,1,14742871,g4/13mA/13mA,78,96,0,19
49.867,HR,93,2,12553426,g4/13mA/13mA,78,96,0,19
49.867,HR,93,3,13989245,g4/13mA/13mA,78,96,0,19
49.895,HR,94,0,15140855,g5/13mA/13mA,78,96,0,19
49.895,HR,94,1,14742359,g4/13mA/13mA,78,96,0,19
49.895,HR,94,2,12553010,g4/13mA/13mA,78,96,0,19
49.895,HR,94,3,13988537,g4/13mA/13mA,78,96,0,19
49.895,HR,95,0,15141545,g5/13mA/13mA,78,96,0,19
49.895,HR,95,1,14743084,g4/13mA/13mA,78,96,0,19
49.895,HR,95,2,12553497,g4/13mA/13mA,78,96,0,19
49.895,HR,95,3,13989365,g4/13mA/13mA,78,96,0,19
49.895,HR,96,0,15140358,g5/13mA/13mA,78,96,0,19
49.895,HR,96,1,14742486,g4/13mA/13mA,78,96,0,19
49.895,HR,96,2,12552669,g4/13mA/13mA,78,96,0,19
49.895,HR,96,3,13988332,g4/13mA/13mA,78,96,0,19
49.895,HR,97,0,15142425,g5/13mA/13mA,78,96,0,19
49.895,HR,97,1,14743494,g4/13mA/13mA,78,96,0,19
49.895,HR,97,2,12553889,g4/13mA/13mA,78,96,0,19
49.895,HR,97,3,13989330,g4/13mA/13mA,78,96,0,19
49.895,HR,98,0,15141375,g5/13mA/13mA,78,96,0,19
49.895,HR,98,1,14742921,g4/13mA/13mA,78,96,0,19
49.895,HR,98,2,12553692,g4/13mA/13mA,78,96,0,19
49.895,HR,98,3,13989168,g4/13mA/13mA,78,96,0,19
49.895,HR,99,0,15141749,g5/13mA/13mA,78,96,0,19
49.895,HR,99,1,14742538,g4/13mA/13mA,78,96,0,19
49.895,HR,99,2,12553196,g4/13mA/13mA,78,96,0,19
49.895,HR,99,3,13988716,g4/13mA/13mA,78,96,0,19
49.954,HR,100,0,15141168,g5/13mA/13mA,78,96,0,19
49.954,HR,100,1,14742708,g4/13mA/13mA,78,96,0,19
49.954,HR,100,2,12553069,g4/13mA/13mA,78,96,0,19
49.954,HR,100,3,13988955,g4/13mA/13mA,78,96,0,19
49.954,HR,101,0,15141007,g5/13mA/13mA,78,96,0,19
49.954,HR,101,1,14742486,g4/13mA/13mA,78,96,0,19
49.954,HR,101,2,12552891,g4/13mA/13mA,78,96,0,19
49.954,HR,101,3,13988538,g4/13mA/13mA,78,96,0,19
49.954,HR,102,0,15141714,g5/13mA/13mA,78,96,0,19
49.954,HR,102,1,14743171,g4/13mA/13mA,78,96,0,19
49.954,HR,102,2,12553199,g4/13mA/13mA,78,96,0,19
49.954,HR,102,3,13989015,g4/13mA/13mA,78,96,0,19
49.954,HR,103,0,15142482,g5/13mA/13mA,78,96,0,19
49.954,HR,103,1,14743134,g4/13mA/13mA,78,96,0,19
49.954,HR,103,2,12553948,g4/13mA/13mA,78,96,0,19
49.954,HR,103,3,13989195,g4/13mA/13mA,78,96,0,19
49.954,HR,104,0,15141118,g5/13mA/13mA,78,96,0,19
49.954,HR,104,1,14743264,g4/13mA/13mA,78,96,0,19
49.954,HR,104,2,12553369,g4/13mA/13mA,78,96,0,19
49.954,HR,104,3,13989058,g4/13mA/13mA,78,96,0,19
49.954,HR,105,0,15140837,g5/13mA/13mA,78,96,0,19
49.954,HR,105,1,14742785,g4/13mA/13mA,78,96,0,19
49.954,HR,105,2,12552950,g4/13mA/13mA,78,96,0,19
49.954,HR,105,3,13988674,g4/13mA/13mA,78,96,0,19
49.985,HR,106,0,15142551,g5/13mA/13mA,78,96,0,19
49.985,HR,106,1,14743443,g4/13mA/13mA,78,96,0,19
49.985,HR,106,2,12553967,g4/13mA/13mA,78,96,0,19
49.985,HR,106,3,13989315,g4/13mA/13mA,78,96,0,19
49.985,HR,107,0,15141366,g5/13mA/13mA,78,96,0,19
49.985,HR,107,1,14742768,g4/13mA/13mA,78,96,0,19
49.985,HR,107,2,12553351,g4/13mA/13mA,78,96,0,19
49.985,HR,107,3,13989150,g4/13mA/13mA,78,96,0,19
49.985,HR,108,0,15139796,g5/13mA/13mA,78,96,0,19
49.985,HR,108,1,14742196,g4/13mA/13mA,78,96,0,19
49.985,HR,108,2,12552830,g4/13mA/13mA,78,96,0,19
49.985,HR,108,3,13988239,g4/13mA/13mA,78,96,0,19
49.985,HR,109,0,15142030,g5/13mA/13mA,78,96,0,19
49.985,HR,109,1,14743161,g4/13mA/13mA,78,96,0,19
49.985,HR,109,2,12553701,g4/13mA/13mA,78,96,0,19
49.985,HR,109,3,13989168,g4/13mA/13mA,78,96,0,19
49.985,HR,110,0,15141058,g5/13mA/13mA,78,96,0,19
49.985,HR,110,1,14742682,g4/13mA/13mA,78,96,0,19
49.985,HR,110,2,12553351,g4/13mA/13mA,78,96,0,19
49.985,HR,110,3,13988452,g4/13mA/13mA,78,96,0,19
49.985,HR,111,0,15141989,g5/13mA/13mA,78,96,0,19
49.985,HR,111,1,14743119,g4/13mA/13mA,78,96,0,19
49.985,HR,111,2,12553701,g4/13mA/13mA,78,96,0,19
49.985,HR,111,3,13989100,g4/13mA/13mA,78,96,0,19
50.047,HR,112,0,15142398,g5/13mA/13mA,78,96,0,19
50.047,HR,112,1,14743273,g4/13mA/13mA,78,96,0,19
50.047,HR,112,2,12554085,g4/13mA/13mA,78,96,0,19
50.047,HR,112,3,13989613,g4/13mA/13mA,78,96,0,19
50.047,HR,113,0,15140351,g5/13mA/13mA,78,96,0,19
50.047,HR,113,1,14742291,g4/13mA/13mA,78,96,0,19
50.047,HR,113,2,12552728,g4/13mA/13mA,78,96,0,19
50.047,HR,113,3,13988614,g4/13mA/13mA,78,96,0,19
50.047,HR,114,0,15141879,g5/13mA/13mA,78,96,0,19
50.047,HR,114,1,14742980,g4/13mA/13mA,78,96,0,19
50.047,HR,114,2,12553264,g4/13mA/13mA,78,96,0,19
50.047,HR,114,3,13989007,g4/13mA/13mA,78,96,0,19
50.047,HR,115,0,15141205,g5/13mA/13mA,78,96,0,19
50.047,HR,115,1,14742726,g4/13mA/13mA,78,96,0,19
50.047,HR,115,2,12553299,g4/13mA/13mA,78,96,0,19
50.047,HR,115,3,13988531,g4/13mA/13mA,78,96,0,19
50.047,HR,116,0,15142287,g5/13mA/13mA,78,96,0,19
50.047,HR,116,1,14742998,g4/13mA/13mA,78,96,0,19
50.047,HR,116,2,12553648,g4/13mA/13mA,78,96,0,19
50.047,HR,116,3,13989262,g4/13mA/13mA,78,96,0,19
50.074,HR,117,0,15141963,g5/13mA/13mA,78,96,0,19
50.074,HR,117,1,14742854,g4/13mA/13mA,78,96,0,19
50.074,HR,117,2,12553462,g4/13mA/13mA,78,96,0,19
50.074,HR,117,3,13989280,g4/13mA/13mA,78,96,0,19
50.074,HR,118,0,15141586,g5/13mA/13mA,78,96,0,19
50.074,HR,118,1,14743101,g4/13mA/13mA,78,96,0,19
50.074,HR,118,2,12553308,g4/13mA/13mA,78,96,0,19
50.074,HR,118,3,13989153,g4/13mA/13mA,78,96,0,19
50.074,HR,119,0,15141186,g5/13mA/13mA,78,96,0,19
50.074,HR,119,1,14742735,g4/13mA/13mA,78,96,0,19
50.074,HR,119,2,12553078,g4/13mA/13mA,78,96,0,19
50.074,HR,119,3,13988777,g4/13mA/13mA,78,96,0,19
50.074,HR,120,0,15142364,g5/13mA/13mA,78,96,0,19
50.074,HR,120,1,14743612,g4/13mA/13mA,78,96,0,19
50.074,HR,120,2,12554069,g4/13mA/13mA,78,96,0,19
50.074,HR,120,3,13989688,g4/13mA/13mA,78,96,0,19
50.074,HR,121,0,15141391,g5/13mA/13mA,78,96,0,19
50.074,HR,121,1,14742753,g4/13mA/13mA,78,96,0,19
50.074,HR,121,2,12553615,g4/13mA/13mA,78,96,0,19
50.074,HR,121,3,13988982,g4/13mA/13mA,78,96,0,19
50.074,HR,122,0,15141766,g5/13mA/13mA,78,96,0,19
50.074,HR,122,1,14742915,g4/13mA/13mA,78,96,0,19
50.074,HR,122,2,12553711,g4/13mA/13mA,78,96,0,19
50.074,HR,122,3,13989160,g4/13mA/13mA,78,96,0,19
50.134,HRV,89,0,15141646,g5/13mA/13mA,78,96,0,19
50.134,HRV,89,1,14743264,g4/13mA/13mA,78,96,0,19
50.134,HRV,89,2,12553615,g4/13mA/13mA,78,96,0,19
50.134,HRV,89,3,13989016,g4/13mA/13mA,78,96,0,19
50.134,HRV,90,0,15140878,g5/13mA/13mA,78,96,0,19
50.134,HRV,90,1,14742471,g4/13mA/13mA,78,96,0,19
50.134,HRV,90,2,12553196,g4/13mA/13mA,78,96,0,19
50.134,HRV,90,3,13988845,g4/13mA/13mA,78,96,0,19
50.134,HRV,91,0,15140844,g5/13mA/13mA,78,96,0,19
50.134,HRV,91,1,14742810,g4/13mA/13mA,78,96,0,19
50.134,HRV,91,2,12553411,g4/13mA/13mA,78,96,0,19
50.134,HRV,91,3,13988863,g4/13mA/13mA,78,96,0,19
50.134,HRV,92,0,15142391,g5/13mA/13mA,78,96,0,19
50.134,HRV,92,1,14743239,g4/13mA/13mA,78,96,0,19
50.134,HRV,92,2,12553522,g4/13mA/13mA,78,96,0,19
50.134,HRV,92,3,13989178,g4/13mA/13mA,78,96,0,19
50.134,HRV,93,0,15141434,g5/13mA/13mA,78,96,0,19
50.134,HRV,93,1,14742871,g4/13mA/13mA,78,96,0,19
50.134,HRV,93,2,12553426,g4/13mA/13mA,78,96,0,19
50.134,HRV,93,3,13989245,g4/13mA/13mA,78,96,0,19
50.165,HRV,94,0,15140855,g5/13mA/13mA,78,96,0,19
50.166,HRV,94,1,14742359,g4/13mA/13mA,78,96,0,19
50.166,HRV,94,2,12553010,g4/13mA/13mA,78,96,0,19
50.166,HRV,94,3,13988537,g4/13mA/13mA,78,96,0,19
50.166,HRV,95,0,15141545,g5/13mA/13mA,78,96,0,19
50.166,HRV,95,1,14743084,g4/13mA/13mA,78,96,0,19
50.166,HRV,95,2,12553497,g4/13mA/13mA,78,96,0,19
50.166,HRV,95,3,13989365,g4/13mA/13mA,78,96,0,19
50.166,HRV,96,0,15140358,g5/13mA/13mA,78,96,0,19
50.166,HRV,96,1,14742486,g4/13mA/13mA,78,96,0,19
50.166,HRV,96,2,12552669,g4/13mA/13mA,78,96,0,19
50.166,HRV,96,3,13988332,g4/13mA/13mA,78,96,0,19
50.166,HRV,97,0,15142425,g5/13mA/13mA,78,96,0,19
50.166,HRV,97,1,14743494,g4/13mA/13mA,78,96,0,19
50.166,HRV,97,2,12553889,g4/13mA/13mA,78,96,0,19
50.166,HRV,97,3,13989330,g4/13mA/13mA,78,96,0,19
50.166,HRV,98,0,15141375,g5/13mA/13mA,78,96,0,19
50.166,HRV,98,1,14742921,g4/13mA/13mA,78,96,0,19
50.166,HRV,98,2,12553692,g4/13mA/13mA,78,96,0,19
50.166,HRV,98,3,13989168,g4/13mA/13mA,78,96,0,19
50.166,HRV,99,0,15141749,g5/13mA/13mA,78,96,0,19
50.166,HRV,99,1,14742538,g4/13mA/13mA,78,96,0,19
50.166,HRV,99,2,12553196,g4/13mA/13mA,78,96,0,19
50.166,HRV,99,3,13988716,g4/13mA/13mA,78,96,0,19
50.194,HRV,100,0,15141168,g5/13mA/13mA,78,96,0,19
50.194,HRV,100,1,14742708,g4/13mA/13mA,78,96,0,19
50.194,HRV,100,2,12553069,g4/13mA/13mA,78,96,0,19
50.194,HRV,100,3,13988955,g4/13mA/13mA,78,96,0,19
50.194,HRV,101,0,15141007,g5/13mA/13mA,78,96,0,19
50.194,HRV,101,1,14742486,g4/13mA/13mA,78,96,0,19
50.194,HRV,101,2,12552891,g4/13mA/13mA,78,96,0,19
50.194,HRV,101,3,13988538,g4/13mA/13mA,78,96,0,19
50.194,HRV,102,0,15141714,g5/13mA/13mA,78,96,0,19
50.194,HRV,102,1,14743171,g4/13mA/13mA,78,96,0,19
50.194,HRV,102,2,12553199,g4/13mA/13mA,78,96,0,19
50.194,HRV,102,3,13989015,g4/13mA/13mA,78,96,0,19
50.194,HRV,103,0,15142482,g5/13mA/13mA,78,96,0,19
50.194,HRV,103,1,14743134,g4/13mA/13mA,78,96,0,19
50.194,HRV,103,2,12553948,g4/13mA/13mA,78,96,0,19
50.194,HRV,103,3,13989195,g4/13mA/13mA,78,96,0,19
50.194,HRV,104,0,15141118,g5/13mA/13mA,78,96,0,19
50.194,HRV,104,1,14743264,g4/13mA/13mA,78,96,0,19
50.194,HRV,104,2,12553369,g4/13mA/13mA,78,96,0,19
50.194,HRV,104,3,13989058,g4/13mA/13mA,78,96,0,19
50.194,HRV,105,0,15140837,g5/13mA/13mA,78,96,0,19
50.194,HRV,105,1,14742785,g4/13mA/13mA,78,96,0,19
50.194,HRV,105,2,12552950,g4/13mA/13mA,78,96,0,19
50.194,HRV,105,3,13988674,g4/13mA/13mA,78,96,0,19
50.283,HRV,106,0,15142551,g5/13mA/13mA,78,96,0,19
50.283,HRV,106,1,14743443,g4/13mA/13mA,78,96,0,19
50.283,HRV,106,2,12553967,g4/13mA/13mA,78,96,0,19
50.283,HRV,106,3,13989315,g4/13mA/13mA,78,96,0,19
50.283,HRV,107,0,15141366,g5/13mA/13mA,78,96,0,19
50.283,HRV,107,1,14742768,g4/13mA/13mA,78,96,0,19
50.283,HRV,107,2,12553351,g4/13mA/13mA,78,96,0,19
50.283,HRV,107,3,13989150,g4/13mA/13mA,78,96,0,19
50.283,HRV,108,0,15139796,g5/13mA/13mA,78,96,0,19
50.283,HRV,108,1,14742196,g4/13mA/13mA,78,96,0,19
50.283,HRV,108,2,12552830,g4/13mA/13mA,78,96,0,19
50.283,HRV,108,3,13988239,g4/13mA/13mA,78,96,0,19
50.283,HRV,109,0,15142030,g5/13mA/13mA,78,96,0,19
50.283,HRV,109,1,14743161,g4/13mA/13mA,78,96,0,19
50.283,HRV,109,2,12553701,g4/13mA/13mA,78,96,0,19
50.283,HRV,109,3,13989168,g4/13mA/13mA,78,96,0,19
50.283,HRV,110,0,15141058,g5/13mA/13mA,78,96,0,19
50.283,HRV,110,1,14742682,g4/13mA/13mA,78,96,0,19
50.283,HRV,110,2,12553351,g4/13mA/13mA,78,96,0,19
50.283,HRV,110,3,13988452,g4/13mA/13mA,78,96,0,19
50.283,HRV,111,0,15141989,g5/13mA/13mA,78,96,0,19
50.283,HRV,111,1,14743119,g4/13mA/13mA,78,96,0,19
50.283,HRV,111,2,12553701,g4/13mA/13mA,78,96,0,19
50.283,HRV,111,3,13989100,g4/13mA/13mA,78,96,0,19
50.343,HRV,112,0,15142398,g5/13mA/13mA,78,96,0,19
50.343,HRV,112,1,14743273,g4/13mA/13mA,78,96,0,19
50.343,HRV,112,2,12554085,g4/13mA/13mA,78,96,0,19
50.343,HRV,112,3,13989613,g4/13mA/13mA,78,96,0,19
50.343,HRV,113,0,15140351,g5/13mA/13mA,78,96,0,19
50.343,HRV,113,1,14742291,g4/13mA/13mA,78,96,0,19
50.343,HRV,113,2,12552728,g4/13mA/13mA,78,96,0,19
50.343,HRV,113,3,13988614,g4/13mA/13mA,78,96,0,19
50.343,HRV,114,0,15141879,g5/13mA/13mA,78,96,0,19
50.343,HRV,114,1,14742980,g4/13mA/13mA,78,96,0,19
50.343,HRV,114,2,12553264,g4/13mA/13mA,78,96,0,19
50.343,HRV,114,3,13989007,g4/13mA/13mA,78,96,0,19
50.343,HRV,115,0,15141205,g5/13mA/13mA,78,96,0,19
50.343,HRV,115,1,14742726,g4/13mA/13mA,78,96,0,19
50.343,HRV,115,2,12553299,g4/13mA/13mA,78,96,0,19
50.343,HRV,115,3,13988531,g4/13mA/13mA,78,96,0,19
50.343,HRV,116,0,15142287,g5/13mA/13mA,78,96,0,19
50.343,HRV,116,1,14742998,g4/13mA/13mA,78,96,0,19
50.343,HRV,116,2,12553648,g4/13mA/13mA,78,96,0,19
50.343,HRV,116,3,13989262,g4/13mA/13mA,78,96,0,19
50.377,HRV,117,0,15141963,g5/13mA/13mA,78,96,0,19
50.377,HRV,117,1,14742854,g4/13mA/13mA,78,96,0,19
50.377,HRV,117,2,12553462,g4/13mA/13mA,78,96,0,19
50.377,HRV,117,3,13989280,g4/13mA/13mA,78,96,0,19
50.377,HRV,118,0,15141586,g5/13mA/13mA,78,96,0,19
50.377,HRV,118,1,14743101,g4/13mA/13mA,78,96,0,19
50.377,HRV,118,2,12553308,g4/13mA/13mA,78,96,0,19
50.377,HRV,118,3,13989153,g4/13mA/13mA,78,96,0,19
50.377,HRV,119,0,15141186,g5/13mA/13mA,78,96,0,19
50.377,HRV,119,1,14742735,g4/13mA/13mA,78,96,0,19
50.377,HRV,119,2,12553078,g4/13mA/13mA,78,96,0,19
50.377,HRV,119,3,13988777,g4/13mA/13mA,78,96,0,19
50.377,HRV,120,0,15142364,g5/13mA/13mA,78,96,0,19
50.377,HRV,120,1,14743612,g4/13mA/13mA,78,96,0,19
50.377,HRV,120,2,12554069,g4/13mA/13mA,78,96,0,19
50.377,HRV,120,3,13989688,g4/13mA/13mA,78,96,0,19
50.377,HRV,121,0,15141391,g5/13mA/13mA,78,96,0,19
50.377,HRV,121,1,14742753,g4/13mA/13mA,78,96,0,19
50.377,HRV,121,2,12553615,g4/13mA/13mA,78,96,0,19
50.377,HRV,121,3,13988982,g4/13mA/13mA,78,96,0,19
50.377,HRV,122,0,15141766,g5/13mA/13mA,78,96,0,19
50.377,HRV,122,1,14742915,g4/13mA/13mA,78,96,0,19
50.377,HRV,122,2,12553711,g4/13mA/13mA,78,96,0,19
50.377,HRV,122,3,13989160,g4/13mA/13mA,78,96,0,19
50.404,SPO2,89,0,12976013,g1/60mA/0mA,78,96,0,19
50.404,SPO2,89,1,12230216,g1/25mA/0mA,78,96,0,19
50.404,SPO2,90,0,12975602,g1/60mA/0mA,78,96,0,19
50.404,SPO2,90,1,12229922,g1/25mA/0mA,78,96,0,19
50.404,SPO2,91,0,12975771,g1/60mA/0mA,78,96,0,19
50.404,SPO2,91,1,12229835,g1/25mA/0mA,78,96,0,19
50.405,SPO2,92,0,12976037,g1/60mA/0mA,78,96,0,19
50.405,SPO2,92,1,12230001,g1/25mA/0mA,78,96,0,19
50.405,SPO2,93,0,12975949,g1/60mA/0mA,78,96,0,19
50.405,SPO2,93,1,12230192,g1/25mA/0mA,78,96,0,19
50.405,SPO2,94,0,12975234,g1/60mA/0mA,78,96,0,19
50.405,SPO2,94,1,12229730,g1/25mA/0mA,78,96,0,19
50.406,SPO2,95,0,12976481,g1/60mA/0mA,78,96,0,19
50.406,SPO2,95,1,12230375,g1/25mA/0mA,78,96,0,19
50.406,SPO2,96,0,12974861,g1/60mA/0mA,78,96,0,19
50.406,SPO2,96,1,12229539,g1/25mA/0mA,78,96,0,19
50.406,SPO2,97,0,12976344,g1/60mA/0mA,78,96,0,19
50.406,SPO2,97,1,12230085,g1/25mA/0mA,78,96,0,19
50.406,SPO2,98,0,12976287,g1/60mA/0mA,78,96,0,19
50.406,SPO2,98,1,12230413,g1/25mA/0mA,78,96,0,19
50.406,SPO2,99,0,12975457,g1/60mA/0mA,78,96,0,19
50.406,SPO2,99,1,12229861,g1/25mA/0mA,78,96,0,19
50.406,SPO2,100,0,12975709,g1/60mA/0mA,78,96,0,19
50.406,SPO2,100,1,12229865,g1/25mA/0mA,78,96,0,19
50.406,SPO2,101,0,12975620,g1/60mA/0mA,78,96,0,19
50.406,SPO2,101,1,12230041,g1/25mA/0mA,78,96,0,19
50.406,SPO2,102,0,12976118,g1/60mA/0mA,78,96,0,19
50.406,SPO2,102,1,12230167,g1/25mA/0mA,78,96,0,19
50.857,SPO2,103,0,12976436,g1/60mA/0mA,78,96,0,19
50.857,SPO2,103,1,12230276,g1/25mA/0mA,78,96,0,19
50.857,SPO2,104,0,12975692,g1/60mA/0mA,78,96,0,19
50.857,SPO2,104,1,12229823,g1/25mA/0mA,78,96,0,19
50.857,SPO2,105,0,12975458,g1/60mA/0mA,78,96,0,19
50.857,SPO2,105,1,12229942,g1/25mA/0mA,78,96,0,19
50.857,SPO2,106,0,12976200,g1/60mA/0mA,78,96,0,19
50.857,SPO2,106,1,12230110,g1/25mA/0mA,78,96,0,19
50.857,SPO2,107,0,12976061,g1/60mA/0mA,78,96,0,19
50.857,SPO2,107,1,12230086,g1/25mA/0mA,78,96,0,19
50.857,SPO2,108,0,12975107,g1/60mA/0mA,78,96,0,19
50.857,SPO2,108,1,12229729,g1/25mA/0mA,78,96,0,19
50.857,SPO2,109,0,12976294,g1/60mA/0mA,78,96,0,19
50.858,SPO2,109,1,12230190,g1/25mA/0mA,78,96,0,19
50.885,SPO2,110,0,12975707,g1/60mA/0mA,78,96,0,19
50.885,SPO2,110,1,12229959,g1/25mA/0mA,78,96,0,19
50.885,SPO2,111,0,12975967,g1/60mA/0mA,78,96,0,19
50.885,SPO2,111,1,12229898,g1/25mA/0mA,78,96,0,19
50.885,SPO2,112,0,12976710,g1/60mA/0mA,78,96,0,19
50.885,SPO2,112,1,12230334,g1/25mA/0mA,78,96,0,19
50.885,SPO2,113,0,12975206,g1/60mA/0mA,78,96,0,19
50.885,SPO2,113,1,12229735,g1/25mA/0mA,78,96,0,19
50.885,SPO2,114,0,12975971,g1/60mA/0mA,78,96,0,19
50.885,SPO2,114,1,12230053,g1/25mA/0mA,78,96,0,19
50.885,SPO2,115,0,12975855,g1/60mA/0mA,78,96,0,19
50.885,SPO2,115,1,12230011,g1/25mA/0mA,78,96,0,19
50.977,SPO2,116,0,12976084,g1/60mA/0mA,78,96,0,19
50.977,SPO2,116,1,12230162,g1/25mA/0mA,78,96,0,19
50.977,SPO2,117,0,12976278,g1/60mA/0mA,78,96,0,19
50.977,SPO2,117,1,12230089,g1/25mA/0mA,78,96,0,19
50.977,SPO2,118,0,12975773,g1/60mA/0mA,78,96,0,19
50.977,SPO2,118,1,12230029,g1/25mA/0mA,78,96,0,19
50.977,SPO2,119,0,12975477,g1/60mA/0mA,78,96,0,19
50.977,SPO2,119,1,12229777,g1/25mA/0mA,78,96,0,19
50.977,SPO2,120,0,12976689,g1/60mA/0mA,78,96,0,19
50.977,SPO2,120,1,12230399,g1/25mA/0mA,78,96,0,19
50.977,SPO2,121,0,12975834,g1/60mA/0mA,78,96,0,19
50.977,SPO2,121,1,12229891,g1/25mA/0mA,78,96,0,19
50.977,SPO2,122,0,12976041,g1/60mA/0mA,78,96,0,19
50.977,SPO2,122,1,12230113,g1/25mA/0mA,78,96,0,19
51.002,HR,123,0,15140717,g5/13mA/13mA,78,96,0,19
51.002,HR,123,1,14742445,g4/13mA/13mA,78,96,0,19
51.002,HR,123,2,12553154,g4/13mA/13mA,78,96,0,19
51.003,HR,123,3,13988803,g4/13mA/13mA,78,96,0,19
51.003,HR,124,0,15145503,g5/13mA/13mA,78,96,0,19
51.003,HR,124,1,14745864,g4/13mA/13mA,78,96,0,19
51.003,HR,124,2,12556140,g4/13mA/13mA,78,96,0,19
51.003,HR,124,3,13991259,g4/13mA/13mA,78,96,0,19
51.003,HR,125,0,15140179,g5/13mA/13mA,78,96,0,19
51.003,HR,125,1,14742009,g4/13mA/13mA,78,96,0,19
51.003,HR,125,2,12552514,g4/13mA/13mA,78,96,0,19
51.003,HR,125,3,13988366,g4/13mA/13mA,78,96,0,19
51.003,HR,126,0,15139985,g5/13mA/13mA,78,96,0,19
51.003,HR,126,1,14741940,g4/13mA/13mA,78,96,0,19
51.003,HR,126,2,12552601,g4/13mA/13mA,78,96,0,19
51.003,HR,126,3,13988393,g4/13mA/13mA,78,96,0,19
51.003,HR,127,0,15139899,g5/13mA/13mA,78,96,0,19
51.003,HR,127,1,14742223,g4/13mA/13mA,78,96,0,19
51.003,HR,127,2,12552643,g4/13mA/13mA,78,96,0,19
51.003,HR,127,3,13988495,g4/13mA/13mA,78,96,0,19
51.003,HR,128,0,15142833,g5/13mA/13mA,78,96,0,19
51.003,HR,128,1,14743263,g4/13mA/13mA,78,96,0,19
51.003,HR,128,2,12553726,g4/13mA/13mA,78,96,0,19
51.003,HR,128,3,13989502,g4/13mA/13mA,78,96,0,19
51.005,HR,129,0,15142629,g5/13mA/13mA,78,96,0,19
51.005,HR,129,1,14743801,g4/13mA/13mA,78,96,0,19
51.005,HR,129,2,12554212,g4/13mA/13mA,78,96,0,19
51.005,HR,129,3,13989348,g4/13mA/13mA,78,96,0,19
51.005,HR,130,0,15141108,g5/13mA/13mA,78,96,0,19
51.005,HR,130,1,14742596,g4/13mA/13mA,78,96,0,19
51.005,HR,130,2,12553301,g4/13mA/13mA,78,96,0,19
51.005,HR,130,3,13988614,g4/13mA/13mA,78,96,0,19
51.005,HR,131,0,15142329,g5/13mA/13mA,78,96,0,19
51.005,HR,131,1,14743263,g4/13mA/13mA,78,96,0,19
51.005,HR,131,2,12553677,g4/13mA/13mA,78,96,0,19
51.005,HR,131,3,13989262,g4/13mA/13mA,78,96,0,19
51.005,HR,132,0,15141484,g5/13mA/13mA,78,96,0,19
51.005,HR,132,1,14743007,g4/13mA/13mA,78,96,0,19
51.005,HR,132,2,12553444,g4/13mA/13mA,78,96,0,19
51.005,HR,132,3,13989382,g4/13mA/13mA,78,96,0,19
51.005,HR,133,0,15142072,g5/13mA/13mA,78,96,0,19
51.005,HR,133,1,14742965,g4/13mA/13mA,78,96,0,19
51.005,HR,133,2,12553633,g4/13mA/13mA,78,96,0,19
51.005,HR,133,3,13988818,g4/13mA/13mA,78,96,0,19
51.005,HR,134,0,15142585,g5/13mA/13mA,78,96,0,19
51.005,HR,134,1,14743527,g4/13mA/13mA,78,96,0,19
51.005,HR,134,2,12553862,g4/13mA/13mA,78,96,0,19
51.005,HR,134,3,13989895,g4/13mA/13mA,78,96,0,19
51.097,HR,135,0,15142133,g5/13mA/13mA,78,96,0,19
51.097,HR,135,1,14743306,g4/13mA/13mA,78,96,0,19
51.097,HR,135,2,12553837,g4/13mA/13mA,78,96,0,19
51.097,HR,135,3,13989228,g4/13mA/13mA,78,96,0,19
51.097,HR,136,0,15142679,g5/13mA/13mA,78,96,0,19
51.097,HR,136,1,14743171,g4/13mA/13mA,78,96,0,19
51.097,HR,136,2,12553948,g4/13mA/13mA,78,96,0,19
51.097,HR,136,3,13989304,g4/13mA/13mA,78,96,0,19
51.097,HR,137,0,15141502,g5/13mA/13mA,78,96,0,19
51.097,HR,137,1,14743025,g4/13mA/13mA,78,96,0,19
51.097,HR,137,2,12553471,g4/13mA/13mA,78,96,0,19
51.097,HR,137,3,13989289,g4/13mA/13mA,78,96,0,19
51.097,HR,138,0,15142338,g5/13mA/13mA,78,96,0,19
51.097,HR,138,1,14743493,g4/13mA/13mA,78,96,0,19
51.097,HR,138,2,12553837,g4/13mA/13mA,78,96,0,19
51.097,HR,138,3,13989246,g4/13mA/13mA,78,96,0,19
51.097,HR,139,0,15141673,g5/13mA/13mA,78,96,0,19
51.097,HR,139,1,14743110,g4/13mA/13mA,78,96,0,19
51.097,HR,139,2,12553624,g4/13mA/13mA,78,96,0,19
51.097,HR,139,3,13988938,g4/13mA/13mA,78,96,0,19
51.123,HR,140,0,15142971,g5/13mA/13mA,78,97,0,19
51.123,HR,140,1,14743630,g4/13mA/13mA,78,97,0,19
51.123,HR,140,2,12554205,g4/13mA/13mA,78,97,0,19
51.123,HR,140,3,13989895,g4/13mA/13mA,78,97,0,19
51.123,HR,141,0,15142576,g5/13mA/13mA,78,97,0,19
51.123,HR,141,1,14742990,g4/13mA/13mA,78,97,0,19
51.123,HR,141,2,12553880,g4/13mA/13mA,78,97,0,19
51.123,HR,141,3,13989375,g4/13mA/13mA,78,97,0,19
51.123,HR,142,0,15141571,g5/13mA/13mA,78,97,0,19
51.123,HR,142,1,14742785,g4/13mA/13mA,78,97,0,19
51.123,HR,142,2,12553207,g4/13mA/13mA,78,97,0,19
51.123,HR,142,3,13988991,g4/13mA/13mA,78,97,0,19
51.123,HR,143,0,15142953,g5/13mA/13mA,78,97,0,19
51.123,HR,143,1,14743647,g4/13mA/13mA,78,97,0,19
51.123,HR,143,2,12553982,g4/13mA/13mA,78,97,0,19
51.123,HR,143,3,13989646,g4/13mA/13mA,78,97,0,19
51.123,HR,144,0,15141424,g5/13mA/13mA,78,97,0,19
51.123,HR,144,1,14742717,g4/13mA/13mA,78,97,0,19
51.123,HR,144,2,12553291,g4/13mA/13mA,78,97,0,19
51.123,HR,144,3,13988700,g4/13mA/13mA,78,97,0,19
51.155,HR,145,0,15141868,g5/13mA/13mA,78,97,0,19
51.155,HR,145,1,14743306,g4/13mA/13mA,78,97,0,19
51.155,HR,145,2,12553411,g4/13mA/13mA,78,97,0,19
51.155,HR,145,3,13988938,g4/13mA/13mA,78,97,0,19
51.155,HR,146,0,15141903,g5/13mA/13mA,78,97,0,19
51.155,HR,146,1,14742957,g4/13mA/13mA,78,97,0,19
51.155,HR,146,2,12553369,g4/13mA/13mA,78,97,0,19
51.155,HR,146,3,13989082,g4/13mA/13mA,78,97,0,19
51.155,HR,147,0,15141366,g5/13mA/13mA,78,97,0,19
51.155,HR,147,1,14742998,g4/13mA/13mA,78,97,0,19
51.155,HR,147,2,12553565,g4/13mA/13mA,78,97,0,19
51.155,HR,147,3,13989280,g4/13mA/13mA,78,97,0,19
51.155,HR,148,0,15141936,g5/13mA/13mA,78,97,0,19
51.155,HR,148,1,14743699,g4/13mA/13mA,78,97,0,19
51.155,HR,148,2,12553462,g4/13mA/13mA,78,97,0,19
51.155,HR,148,3,13989339,g4/13mA/13mA,78,97,0,19
51.155,HR,149,0,15141322,g5/13mA/13mA,78,97,0,19
51.155,HR,149,1,14743101,g4/13mA/13mA,78,97,0,19
51.155,HR,149,2,12553308,g4/13mA/13mA,78,97,0,19
51.155,HR,149,3,13989118,g4/13mA/13mA,78,97,0,19
51.155,HR,150,0,15142329,g5/13mA/13mA,78,97,0,19
51.155,HR,150,1,14743638,g4/13mA/13mA,78,97,0,19
51.155,HR,150,2,12553708,g4/13mA/13mA,78,97,0,19
51.155,HR,150,3,13989501,g4/13mA/13mA,78,97,0,19
51.185,HR,151,0,15141477,g5/13mA/13mA,78,97,0,19
51.185,HR,151,1,14742520,g4/13mA/13mA,78,97,0,19
51.185,HR,151,2,12553256,g4/13mA/13mA,78,97,0,19
51.185,HR,151,3,13988913,g4/13mA/13mA,78,97,0,19
51.185,HR,152,0,15142474,g5/13mA/13mA,78,97,0,19
51.185,HR,152,1,14743545,g4/13mA/13mA,78,97,0,19
51.185,HR,152,2,12553802,g4/13mA/13mA,78,97,0,19
51.185,HR,152,3,13989553,g4/13mA/13mA,78,97,0,19
51.185,HR,153,0,15141492,g5/13mA/13mA,78,97,0,19
51.185,HR,153,1,14742983,g4/13mA/13mA,78,97,0,19
51.185,HR,153,2,12553317,g4/13mA/13mA,78,97,0,19
51.185,HR,153,3,13988913,g4/13mA/13mA,78,97,0,19
51.185,HR,154,0,15141868,g5/13mA/13mA,78,97,0,19
51.185,HR,154,1,14742946,g4/13mA/13mA,78,97,0,19
51.185,HR,154,2,12553565,g4/13mA/13mA,78,97,0,19
51.185,HR,154,3,13989297,g4/13mA/13mA,78,97,0,19
51.185,HR,155,0,15142244,g5/13mA/13mA,78,97,0,19
51.185,HR,155,1,14743323,g4/13mA/13mA,78,97,0,19
51.185,HR,155,2,12553708,g4/13mA/13mA,78,97,0,19
51.186,HR,155,3,13989228,g4/13mA/13mA,78,97,0,19
51.186,HR,156,0,15142287,g5/13mA/13mA,78,97,0,19
51.186,HR,156,1,14743597,g4/13mA/13mA,78,97,0,19
51.186,HR,156,2,12553821,g4/13mA/13mA,78,97,0,19
51.186,HR,156,3,13989468,g4/13mA/13mA,78,97,0,19
51.250,HRV,123,0,15140717,g5/13mA/13mA,78,97,0,19
51.250,HRV,123,1,14742445,g4/13mA/13mA,78,97,0,19
51.250,HRV,123,2,12553154,g4/13mA/13mA,78,97,0,19
51.250,HRV,123,3,13988803,g4/13mA/13mA,78,97,0,19
51.250,HRV,124,0,15145503,g5/13mA/13mA,78,97,0,19
51.250,HRV,124,1,14745864,g4/13mA/13mA,78,97,0,19
51.250,HRV,124,2,12556140,g4/13mA/13mA,78,97,0,19
51.250,HRV,124,3,13991259,g4/13mA/13mA,78,97,0,19
51.250,HRV,125,0,15140179,g5/13mA/13mA,78,97,0,19
51.250,HRV,125,1,14742009,g4/13mA/13mA,78,97,0,19
51.250,HRV,125,2,12552514,g4/13mA/13mA,78,97,0,19
51.250,HRV,125,3,13988366,g4/13mA/13mA,78,97,0,19
51.250,HRV,126,0,15139985,g5/13mA/13mA,78,97,0,19
51.250,HRV,126,1,14741940,g4/13mA/13mA,78,97,0,19
51.250,HRV,126,2,12552601,g4/13mA/13mA,78,97,0,19
51.250,HRV,126,3,13988393,g4/13mA/13mA,78,97,0,19
51.250,HRV,127,0,15139899,g5/13mA/13mA,78,97,0,19
51.250,HRV,127,1,14742223,g4/13mA/13mA,78,97,0,19
51.250,HRV,127,2,12552643,g4/13mA/13mA,78,97,0,19
51.250,HRV,127,3,13988495,g4/13mA/13mA,78,97,0,19
51.250,HRV,128,0,15142833,g5/13mA/13mA,78,97,0,19
51.250,HRV,128,1,14743263,g4/13mA/13mA,78,97,0,19
51.250,HRV,128,2,12553726,g4/13mA/13mA,78,97,0,19
51.250,HRV,128,3,13989502,g4/13mA/13mA,78,97,0,19
51.274,HRV,129,0,15142629,g5/13mA/13mA,78,97,0,19
51.274,HRV,129,1,14743801,g4/13mA/13mA,78,97,0,19
51.274,HRV,129,2,12554212,g4/13mA/13mA,78,97,0,19
51.274,HRV,129,3,13989348,g4/13mA/13mA,78,97,0,19
51.274,HRV,130,0,15141108,g5/13mA/13mA,78,97,0,19
51.274,HRV,130,1,14742596,g4/13mA/13mA,78,97,0,19
51.275,HRV,130,2,12553301,g4/13mA/13mA,78,97,0,19
51.275,HRV,130,3,13988614,g4/13mA/13mA,78,97,0,19
51.275,HRV,131,0,15142329,g5/13mA/13mA,78,97,0,19
51.275,HRV,131,1,14743263,g4/13mA/13mA,78,97,0,19
51.275,HRV,131,2,12553677,g4/13mA/13mA,78,97,0,19
51.275,HRV,131,3,13989262,g4/13mA/13mA,78,97,0,19
51.275,HRV,132,0,15141484,g5/13mA/13mA,78,97,0,19
51.275,HRV,132,1,14743007,g4/13mA/13mA,78,97,0,19
51.275,HRV,132,2,12553444,g4/13mA/13mA,78,97,0,19
51.275,HRV,132,3,13989382,g4/13mA/13mA,78,97,0,19
51.275,HRV,133,0,15142072,g5/13mA/13mA,78,97,0,19
51.275,HRV,133,1,14742965,g4/13mA/13mA,78,97,0,19
51.275,HRV,133,2,12553633,g4/13mA/13mA,78,97,0,19
51.275,HRV,133,3,13988818,g4/13mA/13mA,78,97,0,19
51.275,HRV,134,0,15142585,g5/13mA/13mA,78,97,0,19
51.275,HRV,134,1,14743527,g4/13mA/13mA,78,97,0,19
51.275,HRV,134,2,12553862,g4/13mA/13mA,78,97,0,19
51.275,HRV,134,3,13989895,g4/13mA/13mA,78,97,0,19
51.305,HRV,135,0,15142133,g5/13mA/13mA,78,97,0,19
51.305,HRV,135,1,14743306,g4/13mA/13mA,78,97,0,19
51.305,HRV,135,2,12553837,g4/13mA/13mA,78,97,0,19
51.305,HRV,135,3,13989228,g4/13mA/13mA,78,97,0,19
51.305,HRV,136,0,15142679,g5/13mA/13mA,78,97,0,19
51.305,HRV,136,1,14743171,g4/13mA/13mA,78,97,0,19
51.305,HRV,136,2,12553948,g4/13mA/13mA,78,97,0,19
51.305,HRV,136,3,13989304,g4/13mA/13mA,78,97,0,19
51.305,HRV,137,0,15141502,g5/13mA/13mA,78,97,0,19
51.305,HRV,137,1,14743025,g4/13mA/13mA,78,97,0,19
51.305,HRV,137,2,12553471,g4/13mA/13mA,78,97,0,19
51.305,HRV,137,3,13989289,g4/13mA/13mA,78,97,0,19
51.305,HRV,138,0,15142338,g5/13mA/13mA,78,97,0,19
51.305,HRV,138,1,14743493,g4/13mA/13mA,78,97,0,19
51.305,HRV,138,2,12553837,g4/13mA/13mA,78,97,0,19
51.305,HRV,138,3,13989246,g4/13mA/13mA,78,97,0,19
51.305,HRV,139,0,15141673,g5/13mA/13mA,78,97,0,19
51.305,HRV,139,1,14743110,g4/13mA/13mA,78,97,0,19
51.305,HRV,139,2,12553624,g4/13mA/13mA,78,97,0,19
51.305,HRV,139,3,13988938,g4/13mA/13mA,78,97,0,19
51.336,HRV,140,0,15142971,g5/13mA/13mA,78,97,0,19
51.336,HRV,140,1,14743630,g4/13mA/13mA,78,97,0,19
51.336,HRV,140,2,12554205,g4/13mA/13mA,78,97,0,19
51.336,HRV,140,3,13989895,g4/13mA/13mA,78,97,0,19
51.336,HRV,141,0,15142576,g5/13mA/13mA,78,97,0,19
51.336,HRV,141,1,14742990,g4/13mA/13mA,78,97,0,19
51.336,HRV,141,2,12553880,g4/13mA/13mA,78,97,0,19
51.336,HRV,141,3,13989375,g4/13mA/13mA,78,97,0,19
51.336,HRV,142,0,15141571,g5/13mA/13mA,78,97,0,19
51.336,HRV,142,1,14742785,g4/13mA/13mA,78,97,0,19
51.336,HRV,142,2,12553207,g4/13mA/13mA,78,97,0,19
51.336,HRV,142,3,13988991,g4/13mA/13mA,78,97,0,19
51.336,HRV,143,0,15142953,g5/13mA/13mA,78,97,0,19
51.336,HRV,143,1,14743647,g4/13mA/13mA,78,97,0,19
51.336,HRV,143,2,12553982,g4/13mA/13mA,78,97,0,19
51.336,HRV,143,3,13989646,g4/13mA/13mA,78,97,0,19
51.336,HRV,144,0,15141424,g5/13mA/13mA,78,97,0,19
51.336,HRV,144,1,14742717,g4/13mA/13mA,78,97,0,19
51.336,HRV,144,2,12553291,g4/13mA/13mA,78,97,0,19
51.336,HRV,144,3,13988700,g4/13mA/13mA,78,97,0,19
51.396,HRV,145,0,15141868,g5/13mA/13mA,78,97,0,19
51.396,HRV,145,1,14743306,g4/13mA/13mA,78,97,0,19
51.396,HRV,145,2,12553411,g4/13mA/13mA,78,97,0,19
51.396,HRV,145,3,13988938,g4/13mA/13mA,78,97,0,19
51.396,HRV,146,0,15141903,g5/13mA/13mA,78,97,0,19
51.396,HRV,146,1,14742957,g4/13mA/13mA,78,97,0,19
51.396,HRV,146,2,12553369,g4/13mA/13mA,78,97,0,19
51.396,HRV,146,3,13989082,g4/13mA/13mA,78,97,0,19
51.396,HRV,147,0,15141366,g5/13mA/13mA,78,97,0,19
51.396,HRV,147,1,14742998,g4/13mA/13mA,78,97,0,19
51.396,HRV,147,2,12553565,g4/13mA/13mA,78,97,0,19
51.396,HRV,147,3,13989280,g4/13mA/13mA,78,97,0,19
51.396,HRV,148,0,15141936,g5/13mA/13mA,78,97,0,19
51.396,HRV,148,1,14743699,g4/13mA/13mA,78,97,0,19
51.396,HRV,148,2,12553462,g4/13mA/13mA,78,97,0,19
51.396,HRV,148,3,13989339,g4/13mA/13mA,78,97,0,19
51.396,HRV,149,0,15141322,g5/13mA/13mA,78,97,0,19
51.396,HRV,149,1,14743101,g4/13mA/13mA,78,97,0,19
51.396,HRV,149,2,12553308,g4/13mA/13mA,78,97,0,19
51.396,HRV,149,3,13989118,g4/13mA/13mA,78,97,0,19
51.396,HRV,150,0,15142329,g5/13mA/13mA,78,97,0,19
51.396,HRV,150,1,14743638,g4/13mA/13mA,78,97,0,19
51.396,HRV,150,2,12553708,g4/13mA/13mA,78,97,0,19
51.396,HRV,150,3,13989501,g4/13mA/13mA,78,97,0,19
51.426,HRV,151,0,15141477,g5/13mA/13mA,78,97,0,19
51.426,HRV,151,1,14742520,g4/13mA/13mA,78,97,0,19
51.426,HRV,151,2,12553256,g4/13mA/13mA,78,97,0,19
51.426,HRV,151,3,13988913,g4/13mA/13mA,78,97,0,19
51.426,HRV,152,0,15142474,g5/13mA/13mA,78,97,0,19
51.426,HRV,152,1,14743545,g4/13mA/13mA,78,97,0,19
51.426,HRV,152,2,12553802,g4/13mA/13mA,78,97,0,19
51.426,HRV,152,3,13989553,g4/13mA/13mA,78,97,0,19
51.426,HRV,153,0,15141492,g5/13mA/13mA,78,97,0,19
51.426,HRV,153,1,14742983,g4/13mA/13mA,78,97,0,19
51.426,HRV,153,2,12553317,g4/13mA/13mA,78,97,0,19
51.426,HRV,153,3,13988913,g4/13mA/13mA,78,97,0,19
51.426,HRV,154,0,15141868,g5/13mA/13mA,78,97,0,19
51.426,HRV,154,1,14742946,g4/13mA/13mA,78,97,0,19
51.426,HRV,154,2,12553565,g4/13mA/13mA,78,97,0,19
51.426,HRV,154,3,13989297,g4/13mA/13mA,78,97,0,19
51.426,HRV,155,0,15142244,g5/13mA/13mA,78,97,0,19
51.426,HRV,155,1,14743323,g4/13mA/13mA,78,97,0,19
51.426,HRV,155,2,12553708,g4/13mA/13mA,78,97,0,19
51.426,HRV,155,3,13989228,g4/13mA/13mA,78,97,0,19
51.426,HRV,156,0,15142287,g5/13mA/13mA,78,97,0,19
51.426,HRV,156,1,14743597,g4/13mA/13mA,78,97,0,19
51.426,HRV,156,2,12553821,g4/13mA/13mA,78,97,0,19
51.426,HRV,156,3,13989468,g4/13mA/13mA,78,97,0,19
51.455,SPO2,123,0,12975388,g1/60mA/0mA,78,97,0,19
51.455,SPO2,123,1,12229682,g1/25mA/0mA,78,97,0,19
51.455,SPO2,124,0,12979407,g1/60mA/0mA,78,97,0,19
51.455,SPO2,124,1,12232285,g1/25mA/0mA,78,97,0,19
51.455,SPO2,125,0,12974927,g1/60mA/0mA,78,97,0,19
51.455,SPO2,125,1,12229628,g1/25mA/0mA,78,97,0,19
51.455,SPO2,126,0,12974941,g1/60mA/0mA,78,97,0,19
51.455,SPO2,126,1,12229556,g1/25mA/0mA,78,97,0,19
51.455,SPO2,127,0,12974948,g1/60mA/0mA,78,97,0,19
51.455,SPO2,127,1,12229604,g1/25mA/0mA,78,97,0,19
51.455,SPO2,128,0,12976356,g1/60mA/0mA,78,97,0,19
51.455,SPO2,128,1,12230246,g1/25mA/0mA,78,97,0,19
51.455,SPO2,129,0,12976792,g1/60mA/0mA,78,97,0,19
51.455,SPO2,129,1,12230548,g1/25mA/0mA,78,97,0,19
51.546,SPO2,130,0,12975617,g1/60mA/0mA,78,97,0,19
51.546,SPO2,130,1,12229803,g1/25mA/0mA,78,97,0,19
51.546,SPO2,131,0,12976347,g1/60mA/0mA,78,97,0,19
51.546,SPO2,131,1,12230310,g1/25mA/0mA,78,97,0,19
51.546,SPO2,132,0,12976026,g1/60mA/0mA,78,97,0,19
51.546,SPO2,132,1,12230233,g1/25mA/0mA,78,97,0,19
51.546,SPO2,133,0,12976194,g1/60mA/0mA,78,97,0,19
51.546,SPO2,133,1,12230455,g1/25mA/0mA,78,97,0,19
51.546,SPO2,134,0,12976773,g1/60mA/0mA,78,97,0,19
51.546,SPO2,134,1,12230538,g1/25mA/0mA,78,97,0,19
51.546,SPO2,135,0,12976127,g1/60mA/0mA,78,97,0,19
51.546,SPO2,135,1,12230089,g1/25mA/0mA,78,97,0,19
51.546,SPO2,136,0,12976416,g1/60mA/0mA,78,97,0,19
51.546,SPO2,136,1,12230404,g1/25mA/0mA,78,97,0,19
51.546,SPO2,137,0,12975858,g1/60mA/0mA,78,97,0,19
51.546,SPO2,137,1,12230246,g1/25mA/0mA,78,97,0,19
51.572,SPO2,138,0,12976682,g1/60mA/0mA,78,97,0,19
51.572,SPO2,138,1,12230642,g1/25mA/0mA,78,97,0,19
51.572,SPO2,139,0,12975925,g1/60mA/0mA,78,97,0,19
51.572,SPO2,139,1,12230125,g1/25mA/0mA,78,97,0,19
51.572,SPO2,140,0,12976584,g1/60mA/0mA,78,97,0,19
51.572,SPO2,140,1,12230233,g1/25mA/0mA,78,97,0,19
51.572,SPO2,141,0,12976335,g1/60mA/0mA,78,97,0,19
51.572,SPO2,141,1,12230331,g1/25mA/0mA,78,97,0,19
51.572,SPO2,142,0,12975497,g1/60mA/0mA,78,97,0,19
51.572,SPO2,142,1,12229813,g1/25mA/0mA,78,97,0,19
51.572,SPO2,143,0,12976757,g1/60mA/0mA,78,97,0,19
51.572,SPO2,143,1,12230504,g1/25mA/0mA,78,97,0,19
51.575,SPO2,144,0,12975517,g1/60mA/0mA,78,97,0,19
51.575,SPO2,144,1,12229840,g1/25mA/0mA,78,97,0,19
51.575,SPO2,145,0,12975938,g1/60mA/0mA,78,97,0,19
51.575,SPO2,145,1,12229906,g1/25mA/0mA,78,97,0,19
51.575,SPO2,146,0,12976128,g1/60mA/0mA,78,97,0,19
51.575,SPO2,146,1,12230331,g1/25mA/0mA,78,97,0,19
51.575,SPO2,147,0,12975884,g1/60mA/0mA,78,97,0,19
51.575,SPO2,147,1,12230078,g1/25mA/0mA,78,97,0,19
51.575,SPO2,148,0,12976217,g1/60mA/0mA,78,97,0,19
51.575,SPO2,148,1,12230167,g1/25mA/0mA,78,97,0,19
51.575,SPO2,149,0,12976137,g1/60mA/0mA,78,97,0,19
51.575,SPO2,149,1,12230207,g1/25mA/0mA,78,97,0,19
51.575,SPO2,150,0,12976347,g1/60mA/0mA,78,97,0,19
51.575,SPO2,150,1,12230204,g1/25mA/0mA,78,97,0,19
51.575,SPO2,151,0,12975556,g1/60mA/0mA,78,97,0,19
51.575,SPO2,151,1,12229965,g1/25mA/0mA,78,97,0,19
51.635,SPO2,152,0,12976522,g1/60mA/0mA,78,97,0,19
51.635,SPO2,152,1,12230280,g1/25mA/0mA,78,97,0,19
51.635,SPO2,153,0,12975860,g1/60mA/0mA,78,97,0,19
51.635,SPO2,153,1,12230014,g1/25mA/0mA,78,97,0,19
51.635,SPO2,154,0,12976128,g1/60mA/0mA,78,97,0,19
51.635,SPO2,154,1,12230098,g1/25mA/0mA,78,97,0,19
51.635,SPO2,155,0,12976405,g1/60mA/0mA,78,97,0,19
51.635,SPO2,155,1,12230393,g1/25mA/0mA,78,97,0,19
51.635,SPO2,156,0,12976050,g1/60mA/0mA,78,97,0,19
51.635,SPO2,156,1,12230001,g1/25mA/0mA,78,97,0,19
52.565,HR,157,0,15142422,g5/13mA/13mA,78,97,0,19
52.565,HR,157,1,14743409,g4/13mA/13mA,78,97,0,19
52.565,HR,157,2,12553896,g4/13mA/13mA,78,97,0,19
52.565,HR,157,3,13989442,g4/13mA/13mA,78,97,0,19
52.565,HR,158,0,15141032,g5/13mA/13mA,78,97,0,19
52.565,HR,158,1,14742682,g4/13mA/13mA,78,97,0,19
52.565,HR,158,2,12553299,g4/13mA/13mA,78,97,0,19
52.565,HR,158,3,13988878,g4/13mA/13mA,78,97,0,19
52.565,HR,159,0,15141912,g5/13mA/13mA,78,97,0,19
52.565,HR,159,1,14743127,g4/13mA/13mA,78,97,0,19
52.565,HR,159,2,12553581,g4/13mA/13mA,78,97,0,19
52.565,HR,159,3,13989304,g4/13mA/13mA,78,97,0,19
52.565,HR,160,0,15143005,g5/13mA/13mA,78,97,0,19
52.565,HR,160,1,14743792,g4/13mA/13mA,78,97,0,19
52.565,HR,160,2,12554092,g4/13mA/13mA,78,97,0,19
52.565,HR,160,3,13989639,g4/13mA/13mA,78,97,0,19
52.565,HR,161,0,15142038,g5/13mA/13mA,78,97,0,19
52.565,HR,161,1,14743638,g4/13mA/13mA,78,97,0,19
52.565,HR,161,2,12553896,g4/13mA/13mA,78,97,0,19
52.565,HR,161,3,13989409,g4/13mA/13mA,78,97,0,19
52.566,HR,162,0,15141664,g5/13mA/13mA,78,97,0,19
52.566,HR,162,1,14742641,g4/13mA/13mA,78,97,0,19
52.566,HR,162,2,12553444,g4/13mA/13mA,78,97,0,19
52.566,HR,162,3,13988957,g4/13mA/13mA,78,97,0,19
52.624,HR,163,0,15142143,g5/13mA/13mA,78,97,0,19
52.624,HR,163,1,14743323,g4/13mA/13mA,78,97,0,19
52.624,HR,163,2,12553651,g4/13mA/13mA,78,97,0,19
52.624,HR,163,3,13989365,g4/13mA/13mA,78,97,0,19
52.624,HR,164,0,15142482,g5/13mA/13mA,78,97,0,19
52.624,HR,164,1,14743314,g4/13mA/13mA,78,97,0,19
52.624,HR,164,2,12553640,g4/13mA/13mA,78,97,0,19
52.624,HR,164,3,13989691,g4/13mA/13mA,78,97,0,19
52.624,HR,165,0,15141597,g5/13mA/13mA,78,96,0,19
52.624,HR,165,1,14742905,g4/13mA/13mA,78,96,0,19
52.624,HR,165,2,12553327,g4/13mA/13mA,78,96,0,19
52.624,HR,165,3,13989100,g4/13mA/13mA,78,96,0,19
52.624,HR,166,0,15143012,g5/13mA/13mA,78,96,0,19
52.624,HR,166,1,14743902,g4/13mA/13mA,78,96,0,19
52.624,HR,166,2,12554186,g4/13mA/13mA,78,96,0,19
52.624,HR,166,3,13989937,g4/13mA/13mA,78,96,0,19
52.624,HR,167,0,15141221,g5/13mA/13mA,78,96,0,19
52.624,HR,167,1,14742896,g4/13mA/13mA,78,96,0,19
52.624,HR,167,2,12553240,g4/13mA/13mA,78,96,0,19
52.624,HR,167,3,13988818,g4/13mA/13mA,78,96,0,19
52.654,HR,168,0,15141894,g5/13mA/13mA,78,96,0,19
52.654,HR,168,1,14742845,g4/13mA/13mA,78,96,0,19
52.654,HR,168,2,12553308,g4/13mA/13mA,78,96,0,19
52.654,HR,168,3,13989118,g4/13mA/13mA,78,96,0,19
52.654,HR,169,0,15142211,g5/13mA/13mA,78,96,0,19
52.654,HR,169,1,14743476,g4/13mA/13mA,78,96,0,19
52.654,HR,169,2,12553479,g4/13mA/13mA,78,96,0,19
52.654,HR,169,3,13989135,g4/13mA/13mA,78,96,0,19
52.654,HR,170,0,15141255,g5/13mA/13mA,78,96,0,19
52.654,HR,170,1,14742606,g4/13mA/13mA,78,96,0,19
52.654,HR,170,2,12553222,g4/13mA/13mA,78,96,0,19
52.654,HR,170,3,13989067,g4/13mA/13mA,78,96,0,19
52.654,HR,171,0,15141818,g5/13mA/13mA,78,96,0,19
52.654,HR,171,1,14743137,g4/13mA/13mA,78,96,0,19
52.654,HR,171,2,12553462,g4/13mA/13mA,78,96,0,19
52.654,HR,171,3,13989135,g4/13mA/13mA,78,96,0,19
52.654,HR,172,0,15141784,g5/13mA/13mA,78,96,0,19
52.654,HR,172,1,14743236,g4/13mA/13mA,78,96,0,19
52.654,HR,172,2,12553708,g4/13mA/13mA,78,96,0,19
52.654,HR,172,3,13989236,g4/13mA/13mA,78,96,0,19
52.654,HR,173,0,15141307,g5/13mA/13mA,78,96,0,19
52.654,HR,173,1,14743084,g4/13mA/13mA,78,96,0,19
52.654,HR,173,2,12553282,g4/13mA/13mA,78,96,0,19
52.654,HR,173,3,13989015,g4/13mA/13mA,78,96,0,19
52.684,HR,174,0,15141597,g5/13mA/13mA,78,96,0,19
52.684,HR,174,1,14743007,g4/13mA/13mA,78,96,0,19
52.684,HR,174,2,12553497,g4/13mA/13mA,78,96,0,19
52.684,HR,174,3,13988988,g4/13mA/13mA,78,96,0,19
52.684,HR,175,0,15142109,g5/13mA/13mA,78,96,0,19
52.684,HR,175,1,14743561,g4/13mA/13mA,78,96,0,19
52.684,HR,175,2,12553931,g4/13mA/13mA,78,96,0,19
52.684,HR,175,3,13989195,g4/13mA/13mA,78,96,0,19
52.684,HR,176,0,15140931,g5/13mA/13mA,78,96,0,19
52.684,HR,176,1,14742564,g4/13mA/13mA,78,96,0,19
52.684,HR,176,2,12553094,g4/13mA/13mA,78,96,0,19
52.684,HR,176,3,13988964,g4/13mA/13mA,78,96,0,19
52.684,HR,177,0,15142338,g5/13mA/13mA,78,96,0,19
52.684,HR,177,1,14743435,g4/13mA/13mA,78,96,0,19
52.684,HR,177,2,12554008,g4/13mA/13mA,78,96,0,19
52.684,HR,177,3,13989459,g4/13mA/13mA,78,96,0,19
52.684,HR,178,0,15141058,g5/13mA/13mA,78,96,0,19
52.684,HR,178,1,14742641,g4/13mA/13mA,78,96,0,19
52.684,HR,178,2,12553053,g4/13mA/13mA,78,96,0,19
52.684,HR,178,3,13988853,g4/13mA/13mA,78,96,0,19
52.684,HR,179,0,15142388,g5/13mA/13mA,78,96,0,19
52.684,HR,179,1,14743536,g4/13mA/13mA,78,96,0,19
52.684,HR,179,2,12554119,g4/13mA/13mA,78,96,0,19
52.684,HR,179,3,13989484,g4/13mA/13mA,78,96,0,19
52.745,HR,180,0,15142098,g5/13mA/13mA,78,96,0,19
52.745,HR,180,1,14743409,g4/13mA/13mA,78,96,0,19
52.745,HR,180,2,12553531,g4/13mA/13mA,78,96,0,19
52.745,HR,180,3,13989578,g4/13mA/13mA,78,96,0,19
52.745,HR,181,0,15141714,g5/13mA/13mA,78,96,0,19
52.745,HR,181,1,14743077,g4/13mA/13mA,78,96,0,19
52.745,HR,181,2,12553624,g4/13mA/13mA,78,96,0,19
52.745,HR,181,3,13989477,g4/13mA/13mA,78,96,0,19
52.745,HR,182,0,15141246,g5/13mA/13mA,78,96,0,19
52.745,HR,182,1,14743246,g4/13mA/13mA,78,96,0,19
52.745,HR,182,2,12553582,g4/13mA/13mA,78,96,0,19
52.745,HR,182,3,13989185,g4/13mA/13mA,78,96,0,19
52.745,HR,183,0,15142271,g5/13mA/13mA,78,96,0,19
52.745,HR,183,1,14743579,g4/13mA/13mA,78,96,0,19
52.745,HR,183,2,12553907,g4/13mA/13mA,78,96,0,19
52.745,HR,183,3,13989800,g4/13mA/13mA,78,96,0,19
52.745,HR,184,0,15142757,g5/13mA/13mA,78,96,0,19
52.745,HR,184,1,14743887,g4/13mA/13mA,78,96,0,19
52.745,HR,184,2,12553812,g4/13mA/13mA,78,96,0,19
52.745,HR,184,3,13989502,g4/13mA/13mA,78,96,0,19
52.745,HR,185,0,15141067,g5/13mA/13mA,78,96,0,19
52.745,HR,185,1,14742948,g4/13mA/13mA,78,96,0,19
52.745,HR,185,2,12553180,g4/13mA/13mA,78,96,0,19
52.745,HR,185,3,13988913,g4/13mA/13mA,78,96,0,19
52.774,HR,186,0,15142235,g5/13mA/13mA,78,96,0,19
52.774,HR,186,1,14743246,g4/13mA/13mA,78,96,0,19
52.774,HR,186,2,12553486,g4/13mA/13mA,78,96,0,19
52.774,HR,186,3,13989195,g4/13mA/13mA,78,96,0,19
52.774,HR,187,0,15142764,g5/13mA/13mA,78,96,0,19
52.774,HR,187,1,14743382,g4/13mA/13mA,78,96,0,19
52.774,HR,187,2,12553889,g4/13mA/13mA,78,96,0,19
52.774,HR,187,3,13989221,g4/13mA/13mA,78,96,0,19
52.774,HR,188,0,15141631,g5/13mA/13mA,78,96,0,19
52.774,HR,188,1,14743084,g4/13mA/13mA,78,96,0,19
52.774,HR,188,2,12553428,g4/13mA/13mA,78,96,0,19
52.774,HR,188,3,13988878,g4/13mA/13mA,78,96,0,19
52.774,HR,189,0,15141843,g5/13mA/13mA,78,96,0,19
52.774,HR,189,1,14742957,g4/13mA/13mA,78,96,0,19
52.774,HR,189,2,12553677,g4/13mA/13mA,78,96,0,19
52.774,HR,189,3,13989289,g4/13mA/13mA,78,96,0,19
52.774,HR,190,0,15142185,g5/13mA/13mA,79,96,0,19
52.774,HR,190,1,14743732,g4/13mA/13mA,79,96,0,19
52.774,HR,190,2,12553795,g4/13mA/13mA,79,96,0,19
52.774,HR,190,3,13989451,g4/13mA/13mA,79,96,0,19
52.807,HRV,157,0,15142422,g5/13mA/13mA,79,96,0,19
52.807,HRV,157,1,14743409,g4/13mA/13mA,79,96,0,19
52.807,HRV,157,2,12553896,g4/13mA/13mA,79,96,0,19
52.807,HRV,157,3,13989442,g4/13mA/13mA,79,96,0,19
52.807,HRV,158,0,15141032,g5/13mA/13mA,79,96,0,19
52.807,HRV,158,1,14742682,g4/13mA/13mA,79,96,0,19
52.807,HRV,158,2,12553299,g4/13mA/13mA,79,96,0,19
52.807,HRV,158,3,13988878,g4/13mA/13mA,79,96,0,19
52.807,HRV,159,0,15141912,g5/13mA/13mA,79,96,0,19
52.807,HRV,159,1,14743127,g4/13mA/13mA,79,96,0,19
52.807,HRV,159,2,12553581,g4/13mA/13mA,79,96,0,19
52.807,HRV,159,3,13989304,g4/13mA/13mA,79,96,0,19
52.807,HRV,160,0,15143005,g5/13mA/13mA,79,96,0,19
52.807,HRV,160,1,14743792,g4/13mA/13mA,79,96,0,19
52.807,HRV,160,2,12554092,g4/13mA/13mA,79,96,0,19
52.807,HRV,160,3,13989639,g4/13mA/13mA,79,96,0,19
52.807,HRV,161,0,15142038,g5/13mA/13mA,79,96,0,19
52.807,HRV,161,1,14743638,g4/13mA/13mA,79,96,0,19
52.807,HRV,161,2,12553896,g4/13mA/13mA,79,96,0,19
52.807,HRV,161,3,13989409,g4/13mA/13mA,79,96,0,19
52.807,HRV,162,0,15141664,g5/13mA/13mA,79,96,0,19
52.807,HRV,162,1,14742641,g4/13mA/13mA,79,96,0,19
52.807,HRV,162,2,12553444,g4/13mA/13mA,79,96,0,19
52.807,HRV,162,3,13988957,g4/13mA/13mA,79,96,0,19
52.865,HRV,163,0,15142143,g5/13mA/13mA,79,96,0,19
52.865,HRV,163,1,14743323,g4/13mA/13mA,79,96,0,19
52.865,HRV,163,2,12553651,g4/13mA/13mA,79,96,0,19
52.865,HRV,163,3,13989365,g4/13mA/13mA,79,96,0,19
52.865,HRV,164,0,15142482,g5/13mA/13mA,79,96,0,19
52.865,HRV,164,1,14743314,g4/13mA/13mA,79,96,0,19
52.865,HRV,164,2,12553640,g4/13mA/13mA,79,96,0,19
52.865,HRV,164,3,13989691,g4/13mA/13mA,79,96,0,19
52.865,HRV,165,0,15141597,g5/13mA/13mA,79,96,0,19
52.865,HRV,165,1,14742905,g4/13mA/13mA,79,96,0,19
52.865,HRV,165,2,12553327,g4/13mA/13mA,79,96,0,19
52.865,HRV,165,3,13989100,g4/13mA/13mA,79,96,0,19
52.865,HRV,166,0,15143012,g5/13mA/13mA,79,96,0,19
52.865,HRV,166,1,14743902,g4/13mA/13mA,79,96,0,19
52.865,HRV,166,2,12554186,g4/13mA/13mA,79,96,0,19
52.865,HRV,166,3,13989937,g4/13mA/13mA,79,96,0,19
52.865,HRV,167,0,15141221,g5/13mA/13mA,79,96,0,19
52.865,HRV,167,1,14742896,g4/13mA/13mA,79,96,0,19
52.865,HRV,167,2,12553240,g4/13mA/13mA,79,96,0,19
52.865,HRV,167,3,13988818,g4/13mA/13mA,79,96,0,19
52.929,HRV,168,0,15141894,g5/13mA/13mA,79,96,0,19
52.929,HRV,168,1,14742845,g4/13mA/13mA,79,96,0,19
52.929,HRV,168,2,12553308,g4/13mA/13mA,79,96,0,19
52.929,HRV,168,3,13989118,g4/13mA/13mA,79,96,0,19
52.929,HRV,169,0,15142211,g5/13mA/13mA,79,96,0,19
52.929,HRV,169,1,14743476,g4/13mA/13mA,79,96,0,19
52.929,HRV,169,2,12553479,g4/13mA/13mA,79,96,0,19
52.929,HRV,169,3,13989135,g4/13mA/13mA,79,96,0,19
52.929,HRV,170,0,15141255,g5/13mA/13mA,79,96,0,19
52.929,HRV,170,1,14742606,g4/13mA/13mA,79,96,0,19
52.929,HRV,170,2,12553222,g4/13mA/13mA,79,96,0,19
52.929,HRV,170,3,13989067,g4/13mA/13mA,79,96,0,19
52.929,HRV,171,0,15141818,g5/13mA/13mA,79,96,0,19
52.929,HRV,171,1,14743137,g4/13mA/13mA,79,96,0,19
52.929,HRV,171,2,12553462,g4/13mA/13mA,79,96,0,19
52.929,HRV,171,3,13989135,g4/13mA/13mA,79,96,0,19
52.929,HRV,172,0,15141784,g5/13mA/13mA,79,96,0,19
52.929,HRV,172,1,14743236,g4/13mA/13mA,79,96,0,19
52.929,HRV,172,2,12553708,g4/13mA/13mA,79,96,0,19
52.929,HRV,172,3,13989236,g4/13mA/13mA,79,96,0,19
52.929,HRV,173,0,15141307,g5/13mA/13mA,79,96,0,19
52.929,HRV,173,1,14743084,g4/13mA/13mA,79,96,0,19
52.929,HRV,173,2,12553282,g4/13mA/13mA,79,96,0,19
52.929,HRV,173,3,13989015,g4/13mA/13mA,79,96,0,19
52.950,HRV,174,0,15141597,g5/13mA/13mA,79,96,0,19
52.950,HRV,174,1,14743007,g4/13mA/13mA,79,96,0,19
52.950,HRV,174,2,12553497,g4/13mA/13mA,79,96,0,19
52.950,HRV,174,3,13988988,g4/13mA/13mA,79,96,0,19
52.950,HRV,175,0,15142109,g5/13mA/13mA,79,96,0,19
52.950,HRV,175,1,14743561,g4/13mA/13mA,79,96,0,19
52.950,HRV,175,2,12553931,g4/13mA/13mA,79,96,0,19
52.950,HRV,175,3,13989195,g4/13mA/13mA,79,96,0,19
52.950,HRV,176,0,15140931,g5/13mA/13mA,79,96,0,19
52.950,HRV,176,1,14742564,g4/13mA/13mA,79,96,0,19
52.950,HRV,176,2,12553094,g4/13mA/13mA,79,96,0,19
52.950,HRV,176,3,13988964,g4/13mA/13mA,79,96,0,19
52.950,HRV,177,0,15142338,g5/13mA/13mA,79,96,0,19
52.950,HRV,177,1,14743435,g4/13mA/13mA,79,96,0,19
52.950,HRV,177,2,12554008,g4/13mA/13mA,79,96,0,19
52.950,HRV,177,3,13989459,g4/13mA/13mA,79,96,0,19
52.950,HRV,178,0,15141058,g5/13mA/13mA,79,96,0,19
52.950,HRV,178,1,14742641,g4/13mA/13mA,79,96,0,19
52.950,HRV,178,2,12553053,g4/13mA/13mA,79,96,0,19
52.950,HRV,178,3,13988853,g4/13mA/13mA,79,96,0,19
52.950,HRV,179,0,15142388,g5/13mA/13mA,79,96,0,19
52.950,HRV,179,1,14743536,g4/13mA/13mA,79,96,0,19
52.950,HRV,179,2,12554119,g4/13mA/13mA,79,96,0,19
52.950,HRV,179,3,13989484,g4/13mA/13mA,79,96,0,19
52.984,HRV,180,0,15142098,g5/13mA/13mA,79,96,0,19
52.984,HRV,180,1,14743409,g4/13mA/13mA,79,96,0,19
52.984,HRV,180,2,12553531,g4/13mA/13mA,79,96,0,19
52.984,HRV,180,3,13989578,g4/13mA/13mA,79,96,0,19
52.984,HRV,181,0,15141714,g5/13mA/13mA,79,96,0,19
52.984,HRV,181,1,14743077,g4/13mA/13mA,79,96,0,19
52.984,HRV,181,2,12553624,g4/13mA/13mA,79,96,0,19
52.984,HRV,181,3,13989477,g4/13mA/13mA,79,96,0,19
52.984,HRV,182,0,15141246,g5/13mA/13mA,79,96,0,19
52.984,HRV,182,1,14743246,g4/13mA/13mA,79,96,0,19
52.984,HRV,182,2,12553582,g4/13mA/13mA,79,96,0,19
52.984,HRV,182,3,13989185,g4/13mA/13mA,79,96,0,19
52.984,HRV,183,0,15142271,g5/13mA/13mA,79,96,0,19
52.984,HRV,183,1,14743579,g4/13mA/13mA,79,96,0,19
52.984,HRV,183,2,12553907,g4/13mA/13mA,79,96,0,19
52.984,HRV,183,3,13989800,g4/13mA/13mA,79,96,0,19
52.984,HRV,184,0,15142757,g5/13mA/13mA,79,96,0,19
52.984,HRV,184,1,14743887,g4/13mA/13mA,79,96,0,19
52.984,HRV,184,2,12553812,g4/13mA/13mA,79,96,0,19
52.984,HRV,184,3,13989502,g4/13mA/13mA,79,96,0,19
52.984,HRV,185,0,15141067,g5/13mA/13mA,79,96,0,19
52.984,HRV,185,1,14742948,g4/13mA/13mA,79,96,0,19
52.985,HRV,185,2,12553180,g4/13mA/13mA,79,96,0,19
52.985,HRV,185,3,13988913,g4/13mA/13mA,79,96,0,19
53.045,HRV,186,0,15142235,g5/13mA/13mA,79,96,0,19
53.045,HRV,186,1,14743246,g4/13mA/13mA,79,96,0,19
53.045,HRV,186,2,12553486,g4/13mA/13mA,79,96,0,19
53.045,HRV,186,3,13989195,g4/13mA/13mA,79,96,0,19
53.045,HRV,187,0,15142764,g5/13mA/13mA,79,96,0,19
53.045,HRV,187,1,14743382,g4/13mA/13mA,79,96,0,19
53.045,HRV,187,2,12553889,g4/13mA/13mA,79,96,0,19
53.045,HRV,187,3,13989221,g4/13mA/13mA,79,96,0,19
53.045,HRV,188,0,15141631,g5/13mA/13mA,79,96,0,19
53.045,HRV,188,1,14743084,g4/13mA/13mA,79,96,0,19
53.045,HRV,188,2,12553428,g4/13mA/13mA,79,96,0,19
53.045,HRV,188,3,13988878,g4/13mA/13mA,79,96,0,19
53.045,HRV,189,0,15141843,g5/13mA/13mA,79,96,0,19
53.045,HRV,189,1,14742957,g4/13mA/13mA,79,96,0,19
53.045,HRV,189,2,12553677,g4/13mA/13mA,79,96,0,19
53.045,HRV,189,3,13989289,g4/13mA/13mA,79,96,0,19
53.045,HRV,190,0,15142185,g5/13mA/13mA,79,96,0,19
53.045,HRV,190,1,14743732,g4/13mA/13mA,79,96,0,19
53.045,HRV,190,2,12553795,g4/13mA/13mA,79,96,0,19
53.045,HRV,190,3,13989451,g4/13mA/13mA,79,96,0,19
53.071,SPO2,157,0,12976325,g1/60mA/0mA,79,96,0,19
53.071,SPO2,157,1,12230257,g1/25mA/0mA,79,96,0,19
53.071,SPO2,158,0,12975707,g1/60mA/0mA,79,96,0,19
53.071,SPO2,158,1,12230032,g1/25mA/0mA,79,96,0,19
53.071,SPO2,159,0,12976094,g1/60mA/0mA,79,96,0,19
53.071,SPO2,159,1,12230143,g1/25mA/0mA,79,96,0,19
53.071,SPO2,160,0,12976911,g1/60mA/0mA,79,96,0,19
53.071,SPO2,160,1,12230639,g1/25mA/0mA,79,96,0,19
53.071,SPO2,161,0,12976124,g1/60mA/0mA,79,96,0,19
53.071,SPO2,161,1,12229965,g1/25mA/0mA,79,96,0,19
53.071,SPO2,162,0,12975995,g1/60mA/0mA,79,96,0,19
53.071,SPO2,162,1,12230162,g1/25mA/0mA,79,96,0,19
53.071,SPO2,163,0,12976270,g1/60mA/0mA,79,96,0,19
53.071,SPO2,163,1,12230246,g1/25mA/0mA,79,96,0,19
53.132,SPO2,164,0,12976481,g1/60mA/0mA,79,96,0,19
53.132,SPO2,164,1,12230425,g1/25mA/0mA,79,96,0,19
53.132,SPO2,165,0,12975624,g1/60mA/0mA,79,96,0,19
53.132,SPO2,165,1,12229879,g1/25mA/0mA,79,96,0,19
53.132,SPO2,166,0,12976692,g1/60mA/0mA,79,96,0,19
53.132,SPO2,166,1,12230346,g1/25mA/0mA,79,96,0,19
53.133,SPO2,167,0,12975872,g1/60mA/0mA,79,96,0,19
53.133,SPO2,167,1,12230204,g1/25mA/0mA,79,96,0,19
53.133,SPO2,168,0,12975997,g1/60mA/0mA,79,96,0,19
53.133,SPO2,168,1,12230097,g1/25mA/0mA,79,96,0,19
53.133,SPO2,169,0,12976233,g1/60mA/0mA,79,96,0,19
53.133,SPO2,169,1,12230283,g1/25mA/0mA,79,96,0,19
53.136,SPO2,170,0,12975878,g1/60mA/0mA,79,96,0,19
53.136,SPO2,170,1,12230125,g1/25mA/0mA,79,96,0,19
53.136,SPO2,171,0,12976026,g1/60mA/0mA,79,96,0,19
53.136,SPO2,171,1,12230065,g1/25mA/0mA,79,96,0,19
53.136,SPO2,172,0,12976059,g1/60mA/0mA,79,96,0,19
53.136,SPO2,172,1,12230243,g1/25mA/0mA,79,96,0,19
53.136,SPO2,173,0,12976179,g1/60mA/0mA,79,96,0,19
53.136,SPO2,173,1,12230189,g1/25mA/0mA,79,96,0,19
53.136,SPO2,174,0,12975980,g1/60mA/0mA,79,96,0,19
53.136,SPO2,174,1,12230041,g1/25mA/0mA,79,96,0,19
53.136,SPO2,175,0,12976472,g1/60mA/0mA,79,96,0,19
53.136,SPO2,175,1,12230294,g1/25mA/0mA,79,96,0,19
53.136,SPO2,176,0,12975482,g1/60mA/0mA,79,96,0,19
53.136,SPO2,176,1,12229908,g1/25mA/0mA,79,96,0,19
53.588,SPO2,177,0,12976536,g1/60mA/0mA,79,96,0,19
53.588,SPO2,177,1,12230449,g1/25mA/0mA,79,96,0,19
53.588,SPO2,178,0,12975978,g1/60mA/0mA,79,96,0,19
53.588,SPO2,178,1,12230204,g1/25mA/0mA,79,96,0,19
53.588,SPO2,179,0,12976517,g1/60mA/0mA,79,96,0,19
53.588,SPO2,179,1,12230393,g1/25mA/0mA,79,96,0,19
53.588,SPO2,180,0,12976275,g1/60mA/0mA,79,96,0,19
53.588,SPO2,180,1,12230419,g1/25mA/0mA,79,96,0,19
53.588,SPO2,181,0,12976188,g1/60mA/0mA,79,96,0,19
53.588,SPO2,181,1,12230257,g1/25mA/0mA,79,96,0,19
53.588,SPO2,182,0,12976061,g1/60mA/0mA,79,96,0,19
53.588,SPO2,182,1,12230354,g1/25mA/0mA,79,96,0,19
53.588,SPO2,183,0,12977009,g1/60mA/0mA,79,96,0,19
53.588,SPO2,183,1,12230688,g1/25mA/0mA,79,96,0,19
53.588,SPO2,184,0,12976445,g1/60mA/0mA,79,96,0,19
53.588,SPO2,184,1,12230219,g1/25mA/0mA,79,96,0,19
53.677,SPO2,185,0,12975707,g1/60mA/0mA,79,96,0,19
53.677,SPO2,185,1,12230103,g1/25mA/0mA,79,96,0,19
53.677,SPO2,186,0,12976654,g1/60mA/0mA,79,96,0,19
53.677,SPO2,186,1,12230663,g1/25mA/0mA,79,96,0,19
53.677,SPO2,187,0,12976638,g1/60mA/0mA,79,96,0,19
53.677,SPO2,187,1,12230396,g1/25mA/0mA,79,96,0,19
53.677,SPO2,188,0,12975829,g1/60mA/0mA,79,96,0,19
53.677,SPO2,188,1,12229983,g1/25mA/0mA,79,96,0,19
53.677,SPO2,189,0,12976371,g1/60mA/0mA,79,96,0,19
53.677,SPO2,189,1,12230408,g1/25mA/0mA,79,96,0,19
53.677,SPO2,190,0,12976363,g1/60mA/0mA,79,96,0,19
53.677,SPO2,190,1,12230283,g1/25mA/0mA,79,96,0,19
53.704,HR,191,0,15142432,g5/13mA/13mA,79,96,0,19
53.704,HR,191,1,14743476,g4/13mA/13mA,79,96,0,19
53.704,HR,191,2,12553777,g4/13mA/13mA,79,96,0,19
53.704,HR,191,3,13989382,g4/13mA/13mA,79,96,0,19
53.704,HR,192,0,15141631,g5/13mA/13mA,79,96,0,19
53.704,HR,192,1,14742912,g4/13mA/13mA,79,96,0,19
53.704,HR,192,2,12553351,g4/13mA/13mA,79,96,0,19
53.704,HR,192,3,13988896,g4/13mA/13mA,79,96,0,19
53.704,HR,193,0,15142211,g5/13mA/13mA,79,96,0,19
53.704,HR,193,1,14743459,g4/13mA/13mA,79,96,0,19
53.704,HR,193,2,12554007,g4/13mA/13mA,79,96,0,19
53.704,HR,193,3,13989075,g4/13mA/13mA,79,96,0,19
53.704,HR,194,0,15141868,g5/13mA/13mA,79,96,0,19
53.704,HR,194,1,14742648,g4/13mA/13mA,79,96,0,19
53.704,HR,194,2,12553112,g4/13mA/13mA,79,96,0,19
53.704,HR,194,3,13988845,g4/13mA/13mA,79,96,0,19
53.704,HR,195,0,15142603,g5/13mA/13mA,79,96,0,19
53.704,HR,195,1,14743476,g4/13mA/13mA,79,96,0,19
53.704,HR,195,2,12553701,g4/13mA/13mA,79,96,0,19
53.704,HR,195,3,13989262,g4/13mA/13mA,79,96,0,19
53.704,HR,196,0,15142176,g5/13mA/13mA,79,96,0,19
53.704,HR,196,1,14743485,g4/13mA/13mA,79,96,0,19
53.704,HR,196,2,12553787,g4/13mA/13mA,79,96,0,19
53.704,HR,196,3,13989553,g4/13mA/13mA,79,96,0,19
53.706,HR,197,0,15142030,g5/13mA/13mA,79,96,0,19
53.706,HR,197,1,14743134,g4/13mA/13mA,79,96,0,19
53.706,HR,197,2,12553633,g4/13mA/13mA,79,96,0,19
53.706,HR,197,3,13989195,g4/13mA/13mA,79,96,0,19
53.706,HR,198,0,15142261,g5/13mA/13mA,79,96,0,19
53.706,HR,198,1,14743367,g4/13mA/13mA,79,96,0,19
53.706,HR,198,2,12553760,g4/13mA/13mA,79,96,0,19
53.706,HR,198,3,13989289,g4/13mA/13mA,79,96,0,19
53.706,HR,199,0,15142295,g5/13mA/13mA,79,96,0,19
53.706,HR,199,1,14743314,g4/13mA/13mA,79,96,0,19
53.706,HR,199,2,12553982,g4/13mA/13mA,79,96,0,19
53.706,HR,199,3,13989255,g4/13mA/13mA,79,96,0,19
53.706,HR,200,0,15142877,g5/13mA/13mA,79,96,0,19
53.706,HR,200,1,14743597,g4/13mA/13mA,79,96,0,19
53.706,HR,200,2,12554024,g4/13mA/13mA,79,96,0,19
53.706,HR,200,3,13989749,g4/13mA/13mA,79,96,0,19
53.706,HR,201,0,15141492,g5/13mA/13mA,79,96,0,19
53.706,HR,201,1,14742912,g4/13mA/13mA,79,96,0,19
53.706,HR,201,2,12553274,g4/13mA/13mA,79,96,0,19
53.706,HR,201,3,13988829,g4/13mA/13mA,79,96,0,19
53.706,HR,202,0,15142543,g5/13mA/13mA,79,96,0,19
53.706,HR,202,1,14743552,g4/13mA/13mA,79,96,0,19
53.706,HR,202,2,12553658,g4/13mA/13mA,79,96,0,19
53.706,HR,202,3,13989007,g4/13mA/13mA,79,96,0,19
53.768,HR,203,0,15142373,g5/13mA/13mA,79,96,0,19
53.768,HR,203,1,14743461,g4/13mA/13mA,79,96,0,19
53.768,HR,203,2,12553846,g4/13mA/13mA,79,96,0,19
53.768,HR,203,3,13989628,g4/13mA/13mA,79,96,0,19
53.768,HR,204,0,15142330,g5/13mA/13mA,79,96,0,19
53.768,HR,204,1,14743341,g4/13mA/13mA,79,96,0,19
53.768,HR,204,2,12553393,g4/13mA/13mA,79,96,0,19
53.768,HR,204,3,13989604,g4/13mA/13mA,79,96,0,19
53.768,HR,205,0,15142500,g5/13mA/13mA,79,96,0,19
53.768,HR,205,1,14743570,g4/13mA/13mA,79,96,0,19
53.768,HR,205,2,12553581,g4/13mA/13mA,79,96,0,19
53.768,HR,205,3,13989067,g4/13mA/13mA,79,96,0,19
53.768,HR,206,0,15142090,g5/13mA/13mA,79,96,0,19
53.768,HR,206,1,14742863,g4/13mA/13mA,79,96,0,19
53.768,HR,206,2,12553240,g4/13mA/13mA,79,96,0,19
53.768,HR,206,3,13989100,g4/13mA/13mA,79,96,0,19
53.768,HR,207,0,15141501,g5/13mA/13mA,79,96,0,19
53.768,HR,207,1,14742828,g4/13mA/13mA,79,96,0,19
53.768,HR,207,2,12553546,g4/13mA/13mA,79,96,0,19
53.768,HR,207,3,13988931,g4/13mA/13mA,79,96,0,19
53.768,HR,208,0,15141409,g5/13mA/13mA,79,96,0,19
53.768,HR,208,1,14743110,g4/13mA/13mA,79,96,0,19
53.768,HR,208,2,12553428,g4/13mA/13mA,79,96,0,19
53.768,HR,208,3,13989160,g4/13mA/13mA,79,96,0,19
53.795,HR,209,0,15142414,g5/13mA/13mA,79,96,0,19
53.795,HR,209,1,14743552,g4/13mA/13mA,79,96,0,19
53.795,HR,209,2,12553812,g4/13mA/13mA,79,96,0,19
53.795,HR,209,3,13989382,g4/13mA/13mA,79,96,0,19
53.795,HR,210,0,15141315,g5/13mA/13mA,79,96,0,19
53.795,HR,210,1,14742888,g4/13mA/13mA,79,96,0,19
53.795,HR,210,2,12553301,g4/13mA/13mA,79,96,0,19
53.795,HR,210,3,13988998,g4/13mA/13mA,79,96,0,19
53.795,HR,211,0,15142500,g5/13mA/13mA,79,96,0,19
53.795,HR,211,1,14743213,g4/13mA/13mA,79,96,0,19
53.795,HR,211,2,12553539,g4/13mA/13mA,79,96,0,19
53.795,HR,211,3,13989262,g4/13mA/13mA,79,96,0,19
53.795,HR,212,0,15142193,g5/13mA/13mA,79,96,0,19
53.795,HR,212,1,14743401,g4/13mA/13mA,79,96,0,19
53.795,HR,212,2,12553658,g4/13mA/13mA,79,96,0,19
53.795,HR,212,3,13989409,g4/13mA/13mA,79,96,0,19
53.795,HR,213,0,15141886,g5/13mA/13mA,79,96,0,19
53.795,HR,213,1,14743171,g4/13mA/13mA,79,96,0,19
53.795,HR,213,2,12553692,g4/13mA/13mA,79,96,0,19
53.796,HR,213,3,13989108,g4/13mA/13mA,79,96,0,19
53.796,HR,214,0,15142057,g5/13mA/13mA,79,96,0,19
53.796,HR,214,1,14743171,g4/13mA/13mA,79,96,0,19
53.796,HR,214,2,12553726,g4/13mA/13mA,79,96,0,19
53.796,HR,214,3,13989212,g4/13mA/13mA,79,96,0,19
53.825,HR,215,0,15141366,g5/13mA/13mA,79,97,0,19
53.825,HR,215,1,14742853,g4/13mA/13mA,79,97,0,19
53.825,HR,215,2,12553351,g4/13mA/13mA,79,97,0,19
53.825,HR,215,3,13988913,g4/13mA/13mA,79,97,0,19
53.825,HR,216,0,15142731,g5/13mA/13mA,79,97,0,19
53.825,HR,216,1,14743561,g4/13mA/13mA,79,97,0,19
53.825,HR,216,2,12553904,g4/13mA/13mA,79,97,0,19
53.825,HR,216,3,13989424,g4/13mA/13mA,79,97,0,19
53.825,HR,217,0,15141706,g5/13mA/13mA,79,97,0,19
53.825,HR,217,1,14743134,g4/13mA/13mA,79,97,0,19
53.825,HR,217,2,12553342,g4/13mA/13mA,79,97,0,19
53.825,HR,217,3,13988973,g4/13mA/13mA,79,97,0,19
53.825,HR,218,0,15142151,g5/13mA/13mA,79,97,0,19
53.825,HR,218,1,14743281,g4/13mA/13mA,79,97,0,19
53.825,HR,218,2,12553539,g4/13mA/13mA,79,97,0,19
53.825,HR,218,3,13989262,g4/13mA/13mA,79,97,0,19
53.825,HR,219,0,15142271,g5/13mA/13mA,79,97,0,19
53.825,HR,219,1,14743485,g4/13mA/13mA,79,97,0,19
53.825,HR,219,2,12553880,g4/13mA/13mA,79,97,0,19
53.825,HR,219,3,13989297,g4/13mA/13mA,79,97,0,19
53.884,HR,220,0,15141783,g5/13mA/13mA,79,97,0,19
53.884,HR,220,1,14743178,g4/13mA/13mA,79,97,0,19
53.884,HR,220,2,12553426,g4/13mA/13mA,79,97,0,19
53.884,HR,220,3,13989468,g4/13mA/13mA,79,97,0,19
53.884,HR,221,0,15142791,g5/13mA/13mA,79,97,0,19
53.884,HR,221,1,14743425,g4/13mA/13mA,79,97,0,19
53.884,HR,221,2,12553862,g4/13mA/13mA,79,97,0,19
53.884,HR,221,3,13989459,g4/13mA/13mA,79,97,0,19
53.884,HR,222,0,15142731,g5/13mA/13mA,79,97,0,19
53.884,HR,222,1,14743552,g4/13mA/13mA,79,97,0,19
53.884,HR,222,2,12553599,g4/13mA/13mA,79,97,0,19
53.884,HR,222,3,13989382,g4/13mA/13mA,79,97,0,19
53.884,HR,223,0,15141484,g5/13mA/13mA,79,97,0,19
53.884,HR,223,1,14742878,g4/13mA/13mA,79,97,0,19
53.884,HR,223,2,12553539,g4/13mA/13mA,79,97,0,19
53.884,HR,223,3,13989262,g4/13mA/13mA,79,97,0,19
53.884,HR,224,0,15142030,g5/13mA/13mA,79,97,0,19
53.884,HR,224,1,14742930,g4/13mA/13mA,79,97,0,19
53.884,HR,224,2,12553462,g4/13mA/13mA,79,97,0,19
53.884,HR,224,3,13989015,g4/13mA/13mA,79,97,0,19
53.949,HRV,191,0,15142432,g5/13mA/13mA,79,97,0,19
53.949,HRV,191,1,14743476,g4/13mA/13mA,79,97,0,19
53.949,HRV,191,2,12553777,g4/13mA/13mA,79,97,0,19
53.949,HRV,191,3,13989382,g4/13mA/13mA,79,97,0,19
53.949,HRV,192,0,15141631,g5/13mA/13mA,79,97,0,19
53.949,HRV,192,1,14742912,g4/13mA/13mA,79,97,0,19
53.949,HRV,192,2,12553351,g4/13mA/13mA,79,97,0,19
53.949,HRV,192,3,13988896,g4/13mA/13mA,79,97,0,19
53.949,HRV,193,0,15142211,g5/13mA/13mA,79,97,0,19
53.949,HRV,193,1,14743459,g4/13mA/13mA,79,97,0,19
53.949,HRV,193,2,12554007,g4/13mA/13mA,79,97,0,19
53.949,HRV,193,3,13989075,g4/13mA/13mA,79,97,0,19
53.949,HRV,194,0,15141868,g5/13mA/13mA,79,97,0,19
53.949,HRV,194,1,14742648,g4/13mA/13mA,79,97,0,19
53.949,HRV,194,2,12553112,g4/13mA/13mA,79,97,0,19
53.949,HRV,194,3,13988845,g4/13mA/13mA,79,97,0,19
53.949,HRV,195,0,15142603,g5/13mA/13mA,79,97,0,19
53.949,HRV,195,1,14743476,g4/13mA/13mA,79,97,0,19
53.949,HRV,195,2,12553701,g4/13mA/13mA,79,97,0,19
53.949,HRV,195,3,13989262,g4/13mA/13mA,79,97,0,19
53.949,HRV,196,0,15142176,g5/13mA/13mA,79,97,0,19
53.949,HRV,196,1,14743485,g4/13mA/13mA,79,97,0,19
53.949,HRV,196,2,12553787,g4/13mA/13mA,79,97,0,19
53.949,HRV,196,3,13989553,g4/13mA/13mA,79,97,0,19
53.974,HRV,197,0,15142030,g5/13mA/13mA,79,97,0,19
53.974,HRV,197,1,14743134,g4/13mA/13mA,79,97,0,19
53.974,HRV,197,2,12553633,g4/13mA/13mA,79,97,0,19
53.974,HRV,197,3,13989195,g4/13mA/13mA,79,97,0,19
53.974,HRV,198,0,15142261,g5/13mA/13mA,79,97,0,19
53.974,HRV,198,1,14743367,g4/13mA/13mA,79,97,0,19
53.974,HRV,198,2,12553760,g4/13mA/13mA,79,97,0,19
53.974,HRV,198,3,13989289,g4/13mA/13mA,79,97,0,19
53.974,HRV,199,0,15142295,g5/13mA/13mA,79,97,0,19
53.974,HRV,199,1,14743314,g4/13mA/13mA,79,97,0,19
53.974,HRV,199,2,12553982,g4/13mA/13mA,79,97,0,19
53.974,HRV,199,3,13989255,g4/13mA/13mA,79,97,0,19
53.974,HRV,200,0,15142877,g5/13mA/13mA,79,97,0,19
53.974,HRV,200,1,14743597,g4/13mA/13mA,79,97,0,19
53.974,HRV,200,2,12554024,g4/13mA/13mA,79,97,0,19
53.974,HRV,200,3,13989749,g4/13mA/13mA,79,97,0,19
53.974,HRV,201,0,15141492,g5/13mA/13mA,79,97,0,19
53.974,HRV,201,1,14742912,g4/13mA/13mA,79,97,0,19
53.974,HRV,201,2,12553274,g4/13mA/13mA,79,97,0,19
53.974,HRV,201,3,13988829,g4/13mA/13mA,79,97,0,19
53.974,HRV,202,0,15142543,g5/13mA/13mA,79,97,0,19
53.974,HRV,202,1,14743552,g4/13mA/13mA,79,97,0,19
53.974,HRV,202,2,12553658,g4/13mA/13mA,79,97,0,19
53.974,HRV,202,3,13989007,g4/13mA/13mA,79,97,0,19
54.005,HRV,203,0,15142373,g5/13mA/13mA,79,97,0,19
54.005,HRV,203,1,14743461,g4/13mA/13mA,79,97,0,19
54.005,HRV,203,2,12553846,g4/13mA/13mA,79,97,0,19
54.005,HRV,203,3,13989628,g4/13mA/13mA,79,97,0,19
54.005,HRV,204,0,15142330,g5/13mA/13mA,79,97,0,19
54.005,HRV,204,1,14743341,g4/13mA/13mA,79,97,0,19
54.005,HRV,204,2,12553393,g4/13mA/13mA,79,97,0,19
54.005,HRV,204,3,13989604,g4/13mA/13mA,79,97,0,19
54.005,HRV,205,0,15142500,g5/13mA/13mA,79,97,0,19
54.005,HRV,205,1,14743570,g4/13mA/13mA,79,97,0,19
54.005,HRV,205,2,12553581,g4/13mA/13mA,79,97,0,19
54.005,HRV,205,3,13989067,g4/13mA/13mA,79,97,0,19
54.005,HRV,206,0,15142090,g5/13mA/13mA,79,97,0,19
54.005,HRV,206,1,14742863,g4/13mA/13mA,79,97,0,19
54.005,HRV,206,2,12553240,g4/13mA/13mA,79,97,0,19
54.005,HRV,206,3,13989100,g4/13mA/13mA,79,97,0,19
54.005,HRV,207,0,15141501,g5/13mA/13mA,79,97,0,19
54.005,HRV,207,1,14742828,g4/13mA/13mA,79,97,0,19
54.005,HRV,207,2,12553546,g4/13mA/13mA,79,97,0,19
54.005,HRV,207,3,13988931,g4/13mA/13mA,79,97,0,19
54.005,HRV,208,0,15141409,g5/13mA/13mA,79,97,0,19
54.005,HRV,208,1,14743110,g4/13mA/13mA,79,97,0,19
54.005,HRV,208,2,12553428,g4/13mA/13mA,79,97,0,19
54.005,HRV,208,3,13989160,g4/13mA/13mA,79,97,0,19
54.036,HRV,209,0,15142414,g5/13mA/13mA,79,97,0,19
54.036,HRV,209,1,14743552,g4/13mA/13mA,79,97,0,19
54.036,HRV,209,2,12553812,g4/13mA/13mA,79,97,0,19
54.036,HRV,209,3,13989382,g4/13mA/13mA,79,97,0,19
54.036,HRV,210,0,15141315,g5/13mA/13mA,79,97,0,19
54.036,HRV,210,1,14742888,g4/13mA/13mA,79,97,0,19
54.036,HRV,210,2,12553301,g4/13mA/13mA,79,97,0,19
54.036,HRV,210,3,13988998,g4/13mA/13mA,79,97,0,19
54.036,HRV,211,0,15142500,g5/13mA/13mA,79,97,0,19
54.036,HRV,211,1,14743213,g4/13mA/13mA,79,97,0,19
54.036,HRV,211,2,12553539,g4/13mA/13mA,79,97,0,19
54.036,HRV,211,3,13989262,g4/13mA/13mA,79,97,0,19
54.036,HRV,212,0,15142193,g5/13mA/13mA,79,97,0,19
54.036,HRV,212,1,14743401,g4/13mA/13mA,79,97,0,19
54.036,HRV,212,2,12553658,g4/13mA/13mA,79,97,0,19
54.036,HRV,212,3,13989409,g4/13mA/13mA,79,97,0,19
54.036,HRV,213,0,15141886,g5/13mA/13mA,79,97,0,19
54.036,HRV,213,1,14743171,g4/13mA/13mA,79,97,0,19
54.036,HRV,213,2,12553692,g4/13mA/13mA,79,97,0,19
54.036,HRV,213,3,13989108,g4/13mA/13mA,79,97,0,19
54.036,HRV,214,0,15142057,g5/13mA/13mA,79,97,0,19
54.036,HRV,214,1,14743171,g4/13mA/13mA,79,97,0,19
54.036,HRV,214,2,12553726,g4/13mA/13mA,79,97,0,19
54.036,HRV,214,3,13989212,g4/13mA/13mA,79,97,0,19
54.123,HRV,215,0,15141366,g5/13mA/13mA,79,97,0,19
54.123,HRV,215,1,14742853,g4/13mA/13mA,79,97,0,19
54.123,HRV,215,2,12553351,g4/13mA/13mA,79,97,0,19
54.123,HRV,215,3,13988913,g4/13mA/13mA,79,97,0,19
54.123,HRV,216,0,15142731,g5/13mA/13mA,79,97,0,19
54.123,HRV,216,1,14743561,g4/13mA/13mA,79,97,0,19
54.123,HRV,216,2,12553904,g4/13mA/13mA,79,97,0,19
54.123,HRV,216,3,13989424,g4/13mA/13mA,79,97,0,19
54.123,HRV,217,0,15141706,g5/13mA/13mA,79,97,0,19
54.123,HRV,217,1,14743134,g4/13mA/13mA,79,97,0,19
54.123,HRV,217,2,12553342,g4/13mA/13mA,79,97,0,19
54.123,HRV,217,3,13988973,g4/13mA/13mA,79,97,0,19
54.123,HRV,218,0,15142151,g5/13mA/13mA,79,97,0,19
54.123,HRV,218,1,14743281,g4/13mA/13mA,79,97,0,19
54.123,HRV,218,2,12553539,g4/13mA/13mA,79,97,0,19
54.123,HRV,218,3,13989262,g4/13mA/13mA,79,97,0,19
54.123,HRV,219,0,15142271,g5/13mA/13mA,79,97,0,19
54.123,HRV,219,1,14743485,g4/13mA/13mA,79,97,0,19
54.123,HRV,219,2,12553880,g4/13mA/13mA,79,97,0,19
54.123,HRV,219,3,13989297,g4/13mA/13mA,79,97,0,19
54.124,HRV,220,0,15141783,g5/13mA/13mA,79,97,0,19
54.124,HRV,220,1,14743178,g4/13mA/13mA,79,97,0,19
54.124,HRV,220,2,12553426,g4/13mA/13mA,79,97,0,19
54.124,HRV,220,3,13989468,g4/13mA/13mA,79,97,0,19
54.124,HRV,221,0,15142791,g5/13mA/13mA,79,97,0,19
54.124,HRV,221,1,14743425,g4/13mA/13mA,79,97,0,19
54.124,HRV,221,2,12553862,g4/13mA/13mA,79,97,0,19
54.124,HRV,221,3,13989459,g4/13mA/13mA,79,97,0,19
54.124,HRV,222,0,15142731,g5/13mA/13mA,79,97,0,19
54.124,HRV,222,1,14743552,g4/13mA/13mA,79,97,0,19
54.124,HRV,222,2,12553599,g4/13mA/13mA,79,97,0,19
54.124,HRV,222,3,13989382,g4/13mA/13mA,79,97,0,19
54.124,HRV,223,0,15141484,g5/13mA/13mA,79,97,0,19
54.124,HRV,223,1,14742878,g4/13mA/13mA,79,97,0,19
54.124,HRV,223,2,12553539,g4/13mA/13mA,79,97,0,19
54.124,HRV,223,3,13989262,g4/13mA/13mA,79,97,0,19
54.124,HRV,224,0,15142030,g5/13mA/13mA,79,97,0,19
54.124,HRV,224,1,14742930,g4/13mA/13mA,79,97,0,19
54.124,HRV,224,2,12553462,g4/13mA/13mA,79,97,0,19
54.124,HRV,224,3,13989015,g4/13mA/13mA,79,97,0,19
54.155,SPO2,191,0,12976306,g1/60mA/0mA,79,97,0,19
54.155,SPO2,191,1,12230309,g1/25mA/0mA,79,97,0,19
54.155,SPO2,192,0,12975992,g1/60mA/0mA,79,97,0,19
54.155,SPO2,192,1,12230100,g1/25mA/0mA,79,97,0,19
54.155,SPO2,193,0,12976214,g1/60mA/0mA,79,97,0,19
54.155,SPO2,193,1,12230149,g1/25mA/0mA,79,97,0,19
54.155,SPO2,194,0,12976001,g1/60mA/0mA,79,97,0,19
54.155,SPO2,194,1,12230137,g1/25mA/0mA,79,97,0,19
54.155,SPO2,195,0,12976501,g1/60mA/0mA,79,97,0,19
54.155,SPO2,195,1,12230270,g1/25mA/0mA,79,97,0,19
54.155,SPO2,196,0,12976699,g1/60mA/0mA,79,97,0,19
54.155,SPO2,196,1,12230627,g1/25mA/0mA,79,97,0,19
54.155,SPO2,197,0,12976067,g1/60mA/0mA,79,97,0,19
54.155,SPO2,197,1,12230202,g1/25mA/0mA,79,97,0,19
54.247,SPO2,198,0,12976330,g1/60mA/0mA,79,97,0,19
54.247,SPO2,198,1,12230263,g1/25mA/0mA,79,97,0,19
54.247,SPO2,199,0,12976081,g1/60mA/0mA,79,97,0,19
54.247,SPO2,199,1,12230104,g1/25mA/0mA,79,97,0,19
54.247,SPO2,200,0,12976710,g1/60mA/0mA,79,97,0,19
54.247,SPO2,200,1,12230404,g1/25mA/0mA,79,97,0,19
54.247,SPO2,201,0,12975973,g1/60mA/0mA,79,97,0,19
54.247,SPO2,201,1,12230171,g1/25mA/0mA,79,97,0,19
54.247,SPO2,202,0,12976436,g1/60mA/0mA,79,97,0,19
54.247,SPO2,202,1,12230273,g1/25mA/0mA,79,97,0,19
54.247,SPO2,203,0,12976601,g1/60mA/0mA,79,97,0,19
54.247,SPO2,203,1,12230487,g1/25mA/0mA,79,97,0,19
54.247,SPO2,204,0,12976138,g1/60mA/0mA,79,97,0,19
54.247,SPO2,204,1,12230126,g1/25mA/0mA,79,97,0,19
54.247,SPO2,205,0,12976320,g1/60mA/0mA,79,97,0,19
54.247,SPO2,205,1,12230227,g1/25mA/0mA,79,97,0,19
54.274,SPO2,206,0,12975911,g1/60mA/0mA,79,97,0,19
54.274,SPO2,206,1,12230113,g1/25mA/0mA,79,97,0,19
54.274,SPO2,207,0,12975997,g1/60mA/0mA,79,97,0,19
54.274,SPO2,207,1,12230134,g1/25mA/0mA,79,97,0,19
54.274,SPO2,208,0,12976277,g1/60mA/0mA,79,97,0,19
54.274,SPO2,208,1,12230366,g1/25mA/0mA,79,97,0,19
54.274,SPO2,209,0,12976524,g1/60mA/0mA,79,97,0,19
54.274,SPO2,209,1,12230393,g1/25mA/0mA,79,97,0,19
54.274,SPO2,210,0,12975754,g1/60mA/0mA,79,97,0,19
54.274,SPO2,210,1,12230086,g1/25mA/0mA,79,97,0,19
54.274,SPO2,211,0,12976044,g1/60mA/0mA,79,97,0,19
54.274,SPO2,211,1,12230212,g1/25mA/0mA,79,97,0,19
54.274,SPO2,212,0,12976439,g1/60mA/0mA,79,97,0,19
54.274,SPO2,212,1,12230408,g1/25mA/0mA,79,97,0,19
54.276,SPO2,213,0,12975923,g1/60mA/0mA,79,97,0,19
54.276,SPO2,213,1,12229900,g1/25mA/0mA,79,97,0,19
54.276,SPO2,214,0,12976308,g1/60mA/0mA,79,97,0,19
54.276,SPO2,214,1,12230276,g1/25mA/0mA,79,97,0,19
54.276,SPO2,215,0,12975783,g1/60mA/0mA,79,97,0,19
54.276,SPO2,215,1,12230058,g1/25mA/0mA,79,97,0,19
54.276,SPO2,216,0,12976465,g1/60mA/0mA,79,97,0,19
54.276,SPO2,216,1,12230159,g1/25mA/0mA,79,97,0,19
54.276,SPO2,217,0,12976100,g1/60mA/0mA,79,97,0,19
54.276,SPO2,217,1,12230419,g1/25mA/0mA,79,97,0,19
54.276,SPO2,218,0,12976293,g1/60mA/0mA,79,97,0,19
54.276,SPO2,218,1,12230233,g1/25mA/0mA,79,97,0,19
54.305,SPO2,219,0,12976484,g1/60mA/0mA,79,97,0,19
54.305,SPO2,219,1,12230365,g1/25mA/0mA,79,97,0,19
54.305,SPO2,220,0,12976091,g1/60mA/0mA,79,97,0,19
54.305,SPO2,220,1,12230257,g1/25mA/0mA,79,97,0,19
54.305,SPO2,221,0,12976494,g1/60mA/0mA,79,97,0,19
54.305,SPO2,221,1,12230288,g1/25mA/0mA,79,97,0,19
54.305,SPO2,222,0,12976472,g1/60mA/0mA,79,97,0,19
54.305,SPO2,222,1,12230540,g1/25mA/0mA,79,97,0,19
54.305,SPO2,223,0,12976242,g1/60mA/0mA,79,97,0,19
54.305,SPO2,223,1,12230252,g1/25mA/0mA,79,97,0,19
54.305,SPO2,224,0,12976019,g1/60mA/0mA,79,97,0,19
54.305,SPO2,224,1,12230369,g1/25mA/0mA,79,97,0,19
54.937,HR,225,0,15142594,g5/13mA/13mA,79,97,0,19
54.937,HR,225,1,14743895,g4/13mA/13mA,79,97,0,19
54.937,HR,225,2,12554186,g4/13mA/13mA,79,97,0,19
54.937,HR,225,3,13989604,g4/13mA/13mA,79,97,0,19
54.937,HR,226,0,15142636,g5/13mA/13mA,79,97,0,19
54.937,HR,226,1,14743545,g4/13mA/13mA,79,97,0,19
54.937,HR,226,2,12553777,g4/13mA/13mA,79,97,0,19
54.937,HR,226,3,13989477,g4/13mA/13mA,79,97,0,19
54.937,HR,227,0,15141835,g5/13mA/13mA,79,97,0,19
54.937,HR,227,1,14742878,g4/13mA/13mA,79,97,0,19
54.937,HR,227,2,12553531,g4/13mA/13mA,79,97,0,19
54.937,HR,227,3,13989168,g4/13mA/13mA,79,97,0,19
54.937,HR,228,0,15142014,g5/13mA/13mA,79,97,0,19
54.937,HR,228,1,14742965,g4/13mA/13mA,79,97,0,19
54.937,HR,228,2,12553437,g4/13mA/13mA,79,97,0,19
54.937,HR,228,3,13989040,g4/13mA/13mA,79,97,0,19
54.937,HR,229,0,15142185,g5/13mA/13mA,79,97,0,19
54.937,HR,229,1,14743323,g4/13mA/13mA,79,97,0,19
54.937,HR,229,2,12553606,g4/13mA/13mA,79,97,0,19
54.937,HR,229,3,13989195,g4/13mA/13mA,79,97,0,19
54.937,HR,230,0,15142193,g5/13mA/13mA,79,97,0,19
54.937,HR,230,1,14743435,g4/13mA/13mA,79,97,0,19
54.937,HR,230,2,12553651,g4/13mA/13mA,79,97,0,19
54.937,HR,230,3,13989382,g4/13mA/13mA,79,97,0,19
54.997,HR,231,0,15141416,g5/13mA/13mA,79,97,0,19
54.997,HR,231,1,14742998,g4/13mA/13mA,79,97,0,19
54.997,HR,231,2,12553531,g4/13mA/13mA,79,97,0,19
54.997,HR,231,3,13989221,g4/13mA/13mA,79,97,0,19
54.997,HR,232,0,15141126,g5/13mA/13mA,79,97,0,19
54.997,HR,232,1,14742777,g4/13mA/13mA,79,97,0,19
54.997,HR,232,2,12553189,g4/13mA/13mA,79,97,0,19
54.997,HR,232,3,13988546,g4/13mA/13mA,79,97,0,19
54.997,HR,233,0,15142840,g5/13mA/13mA,79,97,0,19
54.997,HR,233,1,14743691,g4/13mA/13mA,79,97,0,19
54.997,HR,233,2,12553804,g4/13mA/13mA,79,97,0,19
54.997,HR,233,3,13989714,g4/13mA/13mA,79,97,0,19
54.997,HR,234,0,15141843,g5/13mA/13mA,79,97,0,19
54.997,HR,234,1,14743152,g4/13mA/13mA,79,97,0,19
54.997,HR,234,2,12553565,g4/13mA/13mA,79,97,0,19
54.997,HR,234,3,13988988,g4/13mA/13mA,79,97,0,19
54.997,HR,235,0,15141852,g5/13mA/13mA,79,97,0,19
54.997,HR,235,1,14743007,g4/13mA/13mA,79,97,0,19
54.997,HR,235,2,12553683,g4/13mA/13mA,79,97,0,19
54.997,HR,235,3,13989433,g4/13mA/13mA,79,97,0,19
54.997,HR,236,0,15141741,g5/13mA/13mA,79,97,0,19
54.997,HR,236,1,14742965,g4/13mA/13mA,79,97,0,19
54.997,HR,236,2,12553317,g4/13mA/13mA,79,97,0,19
54.997,HR,236,3,13988845,g4/13mA/13mA,79,97,0,19
55.025,HR,237,0,15141571,g5/13mA/13mA,79,97,0,19
55.025,HR,237,1,14742623,g4/13mA/13mA,79,97,0,19
55.025,HR,237,2,12553403,g4/13mA/13mA,79,97,0,19
55.025,HR,237,3,13989111,g4/13mA/13mA,79,97,0,19
55.025,HR,238,0,15141451,g5/13mA/13mA,79,97,0,19
55.025,HR,238,1,14742845,g4/13mA/13mA,79,97,0,19
55.025,HR,238,2,12553351,g4/13mA/13mA,79,97,0,19
55.025,HR,238,3,13988938,g4/13mA/13mA,79,97,0,19
55.025,HR,239,0,15142704,g5/13mA/13mA,79,97,0,19
55.025,HR,239,1,14743869,g4/13mA/13mA,79,97,0,19
55.025,HR,239,2,12553931,g4/13mA/13mA,79,97,0,19
55.025,HR,239,3,13989511,g4/13mA/13mA,79,97,0,19
55.025,HR,240,0,15142107,g5/13mA/13mA,79,97,0,19
55.025,HR,240,1,14742957,g4/13mA/13mA,79,97,0,19
55.025,HR,240,2,12553488,g4/13mA/13mA,79,97,0,19
55.025,HR,240,3,13988973,g4/13mA/13mA,79,97,0,19
55.025,HR,241,0,15141075,g5/13mA/13mA,79,97,0,19
55.025,HR,241,1,14743143,g4/13mA/13mA,79,97,0,19
55.025,HR,241,2,12553282,g4/13mA/13mA,79,97,0,19
55.025,HR,241,3,13988803,g4/13mA/13mA,79,97,0,19
55.054,HR,242,0,15142373,g5/13mA/13mA,79,97,0,19
55.054,HR,242,1,14743672,g4/13mA/13mA,79,97,0,19
55.054,HR,242,2,12553802,g4/13mA/13mA,79,97,0,19
55.054,HR,242,3,13989178,g4/13mA/13mA,79,97,0,19
55.054,HR,243,0,15141477,g5/13mA/13mA,79,97,0,19
55.054,HR,243,1,14742845,g4/13mA/13mA,79,97,0,19
55.054,HR,243,2,12553360,g4/13mA/13mA,79,97,0,19
55.054,HR,243,3,13988836,g4/13mA/13mA,79,97,0,19
55.054,HR,244,0,15143201,g5/13mA/13mA,79,97,0,19
55.054,HR,244,1,14743741,g4/13mA/13mA,79,97,0,19
55.054,HR,244,2,12554137,g4/13mA/13mA,79,97,0,19
55.054,HR,244,3,13989955,g4/13mA/13mA,79,97,0,19
55.054,HR,245,0,15142211,g5/13mA/13mA,79,97,0,19
55.054,HR,245,1,14743323,g4/13mA/13mA,79,97,0,19
55.054,HR,245,2,12553453,g4/13mA/13mA,79,97,0,19
55.054,HR,245,3,13989273,g4/13mA/13mA,79,97,0,19
55.054,HR,246,0,15142731,g5/13mA/13mA,79,97,0,19
55.054,HR,246,1,14743612,g4/13mA/13mA,79,97,0,19
55.054,HR,246,2,12553948,g4/13mA/13mA,79,97,0,19
55.054,HR,246,3,13989723,g4/13mA/13mA,79,97,0,19
55.054,HR,247,0,15140973,g5/13mA/13mA,79,97,0,19
55.054,HR,247,1,14742546,g4/13mA/13mA,79,97,0,19
55.054,HR,247,2,12553207,g4/13mA/13mA,79,97,0,19
55.054,HR,247,3,13988555,g4/13mA/13mA,79,97,0,19
55.176,HR,248,0,15142467,g5/13mA/13mA,79,97,0,19
55.176,HR,248,1,14743239,g4/13mA/13mA,79,97,0,19
55.176,HR,248,2,12553692,g4/13mA/13mA,79,97,0,19
55.176,HR,248,3,13989212,g4/13mA/13mA,79,97,0,19
55.176,HR,249,0,15140828,g5/13mA/13mA,79,97,0,19
55.176,HR,249,1,14742828,g4/13mA/13mA,79,97,0,19
55.176,HR,249,2,12553105,g4/13mA/13mA,79,97,0,19
55.176,HR,249,3,13988803,g4/13mA/13mA,79,97,0,19
55.176,HR,250,0,15143166,g5/13mA/13mA,79,97,0,19
55.176,HR,250,1,14743954,g4/13mA/13mA,79,97,0,19
55.176,HR,250,2,12554179,g4/13mA/13mA,79,97,0,19
55.176,HR,250,3,13989681,g4/13mA/13mA,79,97,0,19
55.176,HR,251,0,15142551,g5/13mA/13mA,79,97,0,19
55.176,HR,251,1,14743025,g4/13mA/13mA,79,97,0,19
55.176,HR,251,2,12553504,g4/13mA/13mA,79,97,0,19
55.176,HR,251,3,13989382,g4/13mA/13mA,79,97,0,19
55.176,HR,252,0,15141775,g5/13mA/13mA,79,97,0,19
55.176,HR,252,1,14743059,g4/13mA/13mA,79,97,0,19
55.176,HR,252,2,12553403,g4/13mA/13mA,79,97,0,19
55.176,HR,252,3,13988991,g4/13mA/13mA,79,97,0,19
55.176,HR,253,0,15142083,g5/13mA/13mA,79,97,0,19
55.176,HR,253,1,14743273,g4/13mA/13mA,79,97,0,19
55.176,HR,253,2,12553708,g4/13mA/13mA,79,97,0,19
55.176,HR,253,3,13989255,g4/13mA/13mA,79,97,0,19
55.176,HR,254,0,15141366,g5/13mA/13mA,79,97,0,19
55.176,HR,254,1,14742795,g4/13mA/13mA,79,97,0,19
55.176,HR,254,2,12553437,g4/13mA/13mA,79,97,0,19
55.176,HR,254,3,13989067,g4/13mA/13mA,79,97,0,19
55.176,HR,255,0,15142534,g5/13mA/13mA,79,97,0,19
55.176,HR,255,1,14743843,g4/13mA/13mA,79,97,0,19
55.176,HR,255,2,12553964,g4/13mA/13mA,79,97,0,19
55.176,HR,255,3,13989578,g4/13mA/13mA,79,97,0,19
55.176,HR,0,0,15142644,g5/13mA/13mA,79,97,0,19
55.176,HR,0,1,14743724,g4/13mA/13mA,79,97,0,19
55.176,HR,0,2,12553907,g4/13mA/13mA,79,97,0,19
55.176,HR,0,3,13989613,g4/13mA/13mA,79,97,0,19
55.176,HR,1,0,15142534,g5/13mA/13mA,79,97,0,19
55.176,HR,1,1,14743382,g4/13mA/13mA,79,97,0,19
55.176,HR,1,2,12553778,g4/13mA/13mA,79,97,0,19
55.176,HR,1,3,13989511,g4/13mA/13mA,79,97,0,19
55.176,HR,2,0,15142722,g5/13mA/13mA,79,97,0,19
55.176,HR,2,1,14743246,g4/13mA/13mA,79,97,0,19
55.176,HR,2,2,12553658,g4/13mA/13mA,79,97,0,19
55.176,HR,2,3,13989372,g4/13mA/13mA,79,97,0,19
55.237,HRV,225,0,15142594,g5/13mA/13mA,79,97,0,19
55.237,HRV,225,1,14743895,g4/13mA/13mA,79,97,0,19
55.237,HRV,225,2,12554186,g4/13mA/13mA,79,97,0,19
55.237,HRV,225,3,13989604,g4/13mA/13mA,79,97,0,19
55.237,HRV,226,0,15142636,g5/13mA/13mA,79,97,0,19
55.237,HRV,226,1,14743545,g4/13mA/13mA,79,97,0,19
55.237,HRV,226,2,12553777,g4/13mA/13mA,79,97,0,19
55.237,HRV,226,3,13989477,g4/13mA/13mA,79,97,0,19
55.237,HRV,227,0,15141835,g5/13mA/13mA,79,97,0,19
55.237,HRV,227,1,14742878,g4/13mA/13mA,79,97,0,19
55.237,HRV,227,2,12553531,g4/13mA/13mA,79,97,0,19
55.237,HRV,227,3,13989168,g4/13mA/13mA,79,97,0,19
55.237,HRV,228,0,15142014,g5/13mA/13mA,79,97,0,19
55.237,HRV,228,1,14742965,g4/13mA/13mA,79,97,0,19
55.237,HRV,228,2,12553437,g4/13mA/13mA,79,97,0,19
55.237,HRV,228,3,13989040,g4/13mA/13mA,79,97,0,19
55.237,HRV,229,0,15142185,g5/13mA/13mA,79,97,0,19
55.237,HRV,229,1,14743323,g4/13mA/13mA,79,97,0,19
55.237,HRV,229,2,12553606,g4/13mA/13mA,79,97,0,19
55.237,HRV,229,3,13989195,g4/13mA/13mA,79,97,0,19
55.237,HRV,230,0,15142193,g5/13mA/13mA,79,97,0,19
55.237,HRV,230,1,14743435,g4/13mA/13mA,79,97,0,19
55.237,HRV,230,2,12553651,g4/13mA/13mA,79,97,0,19
55.237,HRV,230,3,13989382,g4/13mA/13mA,79,97,0,19
55.264,HRV,231,0,15141416,g5/13mA/13mA,79,97,0,19
55.264,HRV,231,1,14742998,g4/13mA/13mA,79,97,0,19
55.264,HRV,231,2,12553531,g4/13mA/13mA,79,97,0,19
55.264,HRV,231,3,13989221,g4/13mA/13mA,79,97,0,19
55.264,HRV,232,0,15141126,g5/13mA/13mA,79,97,0,19
55.264,HRV,232,1,14742777,g4/13mA/13mA,79,97,0,19
55.264,HRV,232,2,12553189,g4/13mA/13mA,79,97,0,19
55.264,HRV,232,3,13988546,g4/13mA/13mA,79,97,0,19
55.264,HRV,233,0,15142840,g5/13mA/13mA,79,97,0,19
55.264,HRV,233,1,14743691,g4/13mA/13mA,79,97,0,19
55.264,HRV,233,2,12553804,g4/13mA/13mA,79,97,0,19
55.264,HRV,233,3,13989714,g4/13mA/13mA,79,97,0,19
55.264,HRV,234,0,15141843,g5/13mA/13mA,79,97,0,19
55.264,HRV,234,1,14743152,g4/13mA/13mA,79,97,0,19
55.264,HRV,234,2,12553565,g4/13mA/13mA,79,97,0,19
55.264,HRV,234,3,13988988,g4/13mA/13mA,79,97,0,19
55.264,HRV,235,0,15141852,g5/13mA/13mA,79,97,0,19
55.264,HRV,235,1,14743007,g4/13mA/13mA,79,97,0,19
55.264,HRV,235,2,12553683,g4/13mA/13mA,79,97,0,19
55.264,HRV,235,3,13989433,g4/13mA/13mA,79,97,0,19
55.264,HRV,236,0,15141741,g5/13mA/13mA,79,97,0,19
55.264,HRV,236,1,14742965,g4/13mA/13mA,79,97,0,19
55.264,HRV,236,2,12553317,g4/13mA/13mA,79,97,0,19
55.264,HRV,236,3,13988845,g4/13mA/13mA,79,97,0,19
55.265,HRV,237,0,15141571,g5/13mA/13mA,79,97,0,19
55.265,HRV,237,1,14742623,g4/13mA/13mA,79,97,0,19
55.265,HRV,237,2,12553403,g4/13mA/13mA,79,97,0,19
55.265,HRV,237,3,13989111,g4/13mA/13mA,79,97,0,19
55.265,HRV,238,0,15141451,g5/13mA/13mA,79,97,0,19
55.265,HRV,238,1,14742845,g4/13mA/13mA,79,97,0,19
55.265,HRV,238,2,12553351,g4/13mA/13mA,79,97,0,19
55.265,HRV,238,3,13988938,g4/13mA/13mA,79,97,0,19
55.265,HRV,239,0,15142704,g5/13mA/13mA,79,97,0,19
55.265,HRV,239,1,14743869,g4/13mA/13mA,79,97,0,19
55.265,HRV,239,2,12553931,g4/13mA/13mA,79,97,0,19
55.265,HRV,239,3,13989511,g4/13mA/13mA,79,97,0,19
55.265,HRV,240,0,15142107,g5/13mA/13mA,79,97,0,19
55.265,HRV,240,1,14742957,g4/13mA/13mA,79,97,0,19
55.265,HRV,240,2,12553488,g4/13mA/13mA,79,97,0,19
55.265,HRV,240,3,13988973,g4/13mA/13mA,79,97,0,19
55.265,HRV,241,0,15141075,g5/13mA/13mA,79,97,0,19
55.265,HRV,241,1,14743143,g4/13mA/13mA,79,97,0,19
55.265,HRV,241,2,12553282,g4/13mA/13mA,79,97,0,19
55.265,HRV,241,3,13988803,g4/13mA/13mA,79,97,0,19
55.326,HRV,242,0,15142373,g5/13mA/13mA,79,97,0,19
55.326,HRV,242,1,14743672,g4/13mA/13mA,79,97,0,19
55.326,HRV,242,2,12553802,g4/13mA/13mA,79,97,0,19
55.326,HRV,242,3,13989178,g4/13mA/13mA,79,97,0,19
55.326,HRV,243,0,15141477,g5/13mA/13mA,79,97,0,19
55.326,HRV,243,1,14742845,g4/13mA/13mA,79,97,0,19
55.326,HRV,243,2,12553360,g4/13mA/13mA,79,97,0,19
55.326,HRV,243,3,13988836,g4/13mA/13mA,79,97,0,19
55.326,HRV,244,0,15143201,g5/13mA/13mA,79,97,0,19
55.326,HRV,244,1,14743741,g4/13mA/13mA,79,97,0,19
55.326,HRV,244,2,12554137,g4/13mA/13mA,79,97,0,19
55.326,HRV,244,3,13989955,g4/13mA/13mA,79,97,0,19
55.326,HRV,245,0,15142211,g5/13mA/13mA,79,97,0,19
55.326,HRV,245,1,14743323,g4/13mA/13mA,79,97,0,19
55.326,HRV,245,2,12553453,g4/13mA/13mA,79,97,0,19
55.326,HRV,245,3,13989273,g4/13mA/13mA,79,97,0,19
55.326,HRV,246,0,15142731,g5/13mA/13mA,79,97,0,19
55.326,HRV,246,1,14743612,g4/13mA/13mA,79,97,0,19
55.326,HRV,246,2,12553948,g4/13mA/13mA,79,97,0,19
55.326,HRV,246,3,13989723,g4/13mA/13mA,79,97,0,19
55.326,HRV,247,0,15140973,g5/13mA/13mA,79,97,0,19
55.326,HRV,247,1,14742546,g4/13mA/13mA,79,97,0,19
55.326,HRV,247,2,12553207,g4/13mA/13mA,79,97,0,19
55.326,HRV,247,3,13988555,g4/13mA/13mA,79,97,0,19
55.355,HRV,248,0,15142467,g5/13mA/13mA,79,97,0,19
55.355,HRV,248,1,14743239,g4/13mA/13mA,79,97,0,19
55.355,HRV,248,2,12553692,g4/13mA/13mA,79,97,0,19
55.355,HRV,248,3,13989212,g4/13mA/13mA,79,97,0,19
55.355,HRV,249,0,15140828,g5/13mA/13mA,79,97,0,19
55.355,HRV,249,1,14742828,g4/13mA/13mA,79,97,0,19
55.355,HRV,249,2,12553105,g4/13mA/13mA,79,97,0,19
55.355,HRV,249,3,13988803,g4/13mA/13mA,79,97,0,19
55.355,HRV,250,0,15143166,g5/13mA/13mA,79,97,0,19
55.355,HRV,250,1,14743954,g4/13mA/13mA,79,97,0,19
55.355,HRV,250,2,12554179,g4/13mA/13mA,79,97,0,19
55.355,HRV,250,3,13989681,g4/13mA/13mA,79,97,0,19
55.355,HRV,251,0,15142551,g5/13mA/13mA,79,97,0,19
55.355,HRV,251,1,14743025,g4/13mA/13mA,79,97,0,19
55.355,HRV,251,2,12553504,g4/13mA/13mA,79,97,0,19
55.355,HRV,251,3,13989382,g4/13mA/13mA,79,97,0,19
55.355,HRV,252,0,15141775,g5/13mA/13mA,79,97,0,19
55.355,HRV,252,1,14743059,g4/13mA/13mA,79,97,0,19
55.355,HRV,252,2,12553403,g4/13mA/13mA,79,97,0,19
55.355,HRV,252,3,13988991,g4/13mA/13mA,79,97,0,19
55.355,HRV,253,0,15142083,g5/13mA/13mA,79,97,0,19
55.355,HRV,253,1,14743273,g4/13mA/13mA,79,97,0,19
55.355,HRV,253,2,12553708,g4/13mA/13mA,79,97,0,19
55.355,HRV,253,3,13989255,g4/13mA/13mA,79,97,0,19
55.447,HRV,254,0,15141366,g5/13mA/13mA,79,97,0,19
55.447,HRV,254,1,14742795,g4/13mA/13mA,79,97,0,19
55.447,HRV,254,2,12553437,g4/13mA/13mA,79,97,0,19
55.447,HRV,254,3,13989067,g4/13mA/13mA,79,97,0,19
55.447,HRV,255,0,15142534,g5/13mA/13mA,79,97,0,19
55.447,HRV,255,1,14743843,g4/13mA/13mA,79,97,0,19
55.447,HRV,255,2,12553964,g4/13mA/13mA,79,97,0,19
55.447,HRV,255,3,13989578,g4/13mA/13mA,79,97,0,19
55.447,HRV,0,0,15142644,g5/13mA/13mA,79,97,0,19
55.447,HRV,0,1,14743724,g4/13mA/13mA,79,97,0,19
55.447,HRV,0,2,12553907,g4/13mA/13mA,79,97,0,19
55.447,HRV,0,3,13989613,g4/13mA/13mA,79,97,0,19
55.447,HRV,1,0,15142534,g5/13mA/13mA,79,97,0,19
55.447,HRV,1,1,14743382,g4/13mA/13mA,79,97,0,19
55.447,HRV,1,2,12553778,g4/13mA/13mA,79,97,0,19
55.447,HRV,1,3,13989511,g4/13mA/13mA,79,97,0,19
55.447,HRV,2,0,15142722,g5/13mA/13mA,79,97,0,19
55.447,HRV,2,1,14743246,g4/13mA/13mA,79,97,0,19
55.447,HRV,2,2,12553658,g4/13mA/13mA,79,97,0,19
55.447,HRV,2,3,13989372,g4/13mA/13mA,79,97,0,19
55.447,SPO2,225,0,12976719,g1/60mA/0mA,79,97,0,19
55.447,SPO2,225,1,12230404,g1/25mA/0mA,79,97,0,19
55.447,SPO2,226,0,12976641,g1/60mA/0mA,79,97,0,19
55.447,SPO2,226,1,12230487,g1/25mA/0mA,79,97,0,19
55.447,SPO2,227,0,12976008,g1/60mA/0mA,79,97,0,19
55.447,SPO2,227,1,12230119,g1/25mA/0mA,79,97,0,19
55.447,SPO2,228,0,12976179,g1/60mA/0mA,79,97,0,19
55.447,SPO2,228,1,12230116,g1/25mA/0mA,79,97,0,19
55.447,SPO2,229,0,12976122,g1/60mA/0mA,79,97,0,19
55.447,SPO2,229,1,12230177,g1/25mA/0mA,79,97,0,19
55.447,SPO2,230,0,12976264,g1/60mA/0mA,79,97,0,19
55.447,SPO2,230,1,12230085,g1/25mA/0mA,79,97,0,19
55.447,SPO2,231,0,12976056,g1/60mA/0mA,79,97,0,19
55.447,SPO2,231,1,12230212,g1/25mA/0mA,79,97,0,19
55.474,SPO2,232,0,12975578,g1/60mA/0mA,79,97,0,19
55.474,SPO2,232,1,12230037,g1/25mA/0mA,79,97,0,19
55.474,SPO2,233,0,12976666,g1/60mA/0mA,79,97,0,19
55.474,SPO2,233,1,12230452,g1/25mA/0mA,79,97,0,19
55.474,SPO2,234,0,12975920,g1/60mA/0mA,79,97,0,19
55.474,SPO2,234,1,12230173,g1/25mA/0mA,79,97,0,19
55.474,SPO2,235,0,12976227,g1/60mA/0mA,79,97,0,19
55.474,SPO2,235,1,12230359,g1/25mA/0mA,79,97,0,19
55.474,SPO2,236,0,12975756,g1/60mA/0mA,79,97,0,19
55.474,SPO2,236,1,12229946,g1/25mA/0mA,79,97,0,19
55.474,SPO2,237,0,12975944,g1/60mA/0mA,79,97,0,19
55.474,SPO2,237,1,12230109,g1/25mA/0mA,79,97,0,19
55.474,SPO2,238,0,12975804,g1/60mA/0mA,79,97,0,19
55.474,SPO2,238,1,12230030,g1/25mA/0mA,79,97,0,19
55.474,SPO2,239,0,12976707,g1/60mA/0mA,79,97,0,19
55.474,SPO2,239,1,12230422,g1/25mA/0mA,79,97,0,19
55.536,SPO2,240,0,12976223,g1/60mA/0mA,79,97,0,19
55.536,SPO2,240,1,12230390,g1/25mA/0mA,79,97,0,19
55.536,SPO2,241,0,12975797,g1/60mA/0mA,79,97,0,19
55.536,SPO2,241,1,12230066,g1/25mA/0mA,79,97,0,19
55.536,SPO2,242,0,12976675,g1/60mA/0mA,79,97,0,19
55.536,SPO2,242,1,12230548,g1/25mA/0mA,79,97,0,19
55.536,SPO2,243,0,12975764,g1/60mA/0mA,79,97,0,19
55.536,SPO2,243,1,12230080,g1/25mA/0mA,79,97,0,19
55.536,SPO2,244,0,12976979,g1/60mA/0mA,79,97,0,19
55.536,SPO2,244,1,12230481,g1/25mA/0mA,79,97,0,19
55.536,SPO2,245,0,12976251,g1/60mA/0mA,79,97,0,19
55.536,SPO2,245,1,12230183,g1/25mA/0mA,79,97,0,19
55.564,SPO2,246,0,12976303,g1/60mA/0mA,79,97,0,19
55.564,SPO2,246,1,12230197,g1/25mA/0mA,79,97,0,19
55.564,SPO2,247,0,12975686,g1/60mA/0mA,79,97,0,19
55.564,SPO2,247,1,12230044,g1/25mA/0mA,79,97,0,19
55.564,SPO2,248,0,12976206,g1/60mA/0mA,79,97,0,19
55.564,SPO2,248,1,12230097,g1/25mA/0mA,79,97,0,19
55.564,SPO2,249,0,12975580,g1/60mA/0mA,79,97,0,19
55.564,SPO2,249,1,12229928,g1/25mA/0mA,79,97,0,19
55.564,SPO2,250,0,12976798,g1/60mA/0mA,79,97,0,19
55.564,SPO2,250,1,12230614,g1/25mA/0mA,79,97,0,19
55.564,SPO2,251,0,12976542,g1/60mA/0mA,79,97,0,19
55.564,SPO2,251,1,12230382,g1/25mA/0mA,79,97,0,19
55.564,SPO2,252,0,12975850,g1/60mA/0mA,79,97,0,19
55.564,SPO2,252,1,12230137,g1/25mA/0mA,79,97,0,19
55.564,SPO2,253,0,12976181,g1/60mA/0mA,79,97,0,19
55.564,SPO2,253,1,12230252,g1/25mA/0mA,79,97,0,19
55.594,SPO2,254,0,12975872,g1/60mA/0mA,79,97,0,19
55.594,SPO2,254,1,12230204,g1/25mA/0mA,79,97,0,19
55.594,SPO2,255,0,12976403,g1/60mA/0mA,79,97,0,19
55.594,SPO2,255,1,12230291,g1/25mA/0mA,79,97,0,19
55.594,SPO2,0,0,12976954,g1/60mA/0mA,79,97,0,19
55.594,SPO2,0,1,12230664,g1/25mA/0mA,79,97,0,19
55.594,SPO2,1,0,12976131,g1/60mA/0mA,79,97,0,19
55.594,SPO2,1,1,12230161,g1/25mA/0mA,79,97,0,19
55.594,SPO2,2,0,12976419,g1/60mA/0mA,79,97,0,19
55.594,SPO2,2,1,12230341,g1/25mA/0mA,79,97,0,19
56.645,HR,3,0,15141502,g5/13mA/13mA,79,97,0,19
56.645,HR,3,1,14743281,g4/13mA/13mA,79,97,0,19
56.645,HR,3,2,12553599,g4/13mA/13mA,79,97,0,19
56.645,HR,3,3,13989084,g4/13mA/13mA,79,97,0,19
56.645,HR,4,0,15142840,g5/13mA/13mA,79,97,0,19
56.645,HR,4,1,14743119,g4/13mA/13mA,79,97,0,19
56.645,HR,4,2,12553692,g4/13mA/13mA,79,97,0,19
56.645,HR,4,3,13989322,g4/13mA/13mA,79,97,0,19
56.645,HR,5,0,15142090,g5/13mA/13mA,79,97,0,19
56.645,HR,5,1,14743273,g4/13mA/13mA,79,97,0,19
56.645,HR,5,2,12553521,g4/13mA/13mA,79,97,0,19
56.645,HR,5,3,13989050,g4/13mA/13mA,79,97,0,19
56.645,HR,6,0,15142679,g5/13mA/13mA,79,97,0,19
56.645,HR,6,1,14743605,g4/13mA/13mA,79,97,0,19
56.645,HR,6,2,12553922,g4/13mA/13mA,79,97,0,19
56.645,HR,6,3,13989526,g4/13mA/13mA,79,97,0,19
56.645,HR,7,0,15141536,g5/13mA/13mA,79,97,0,19
56.645,HR,7,1,14743007,g4/13mA/13mA,79,97,0,19
56.645,HR,7,2,12553479,g4/13mA/13mA,79,97,0,19
56.645,HR,7,3,13989040,g4/13mA/13mA,79,97,0,19
56.645,HR,8,0,15142644,g5/13mA/13mA,79,97,0,19
56.645,HR,8,1,14743186,g4/13mA/13mA,79,97,0,19
56.645,HR,8,2,12554076,g4/13mA/13mA,79,97,0,19
56.645,HR,8,3,13989255,g4/13mA/13mA,79,97,0,19
56.704,HR,9,0,15142302,g5/13mA/13mA,79,97,0,19
56.704,HR,9,1,14742972,g4/13mA/13mA,79,97,0,19
56.704,HR,9,2,12553726,g4/13mA/13mA,79,97,0,19
56.704,HR,9,3,13989144,g4/13mA/13mA,79,97,0,19
56.704,HR,10,0,15141759,g5/13mA/13mA,79,97,0,19
56.704,HR,10,1,14743246,g4/13mA/13mA,79,97,0,19
56.704,HR,10,2,12553640,g4/13mA/13mA,79,97,0,19
56.704,HR,10,3,13989075,g4/13mA/13mA,79,97,0,19
56.704,HR,11,0,15142200,g5/13mA/13mA,79,97,0,19
56.704,HR,11,1,14743059,g4/13mA/13mA,79,97,0,19
56.704,HR,11,2,12553606,g4/13mA/13mA,79,97,0,19
56.704,HR,11,3,13989178,g4/13mA/13mA,79,97,0,19
56.704,HR,12,0,15141578,g5/13mA/13mA,79,97,0,19
56.704,HR,12,1,14742896,g4/13mA/13mA,79,97,0,19
56.704,HR,12,2,12553282,g4/13mA/13mA,79,97,0,19
56.704,HR,12,3,13989040,g4/13mA/13mA,79,97,0,19
56.704,HR,13,0,15142968,g5/13mA/13mA,79,97,0,19
56.704,HR,13,1,14743827,g4/13mA/13mA,79,97,0,19
56.704,HR,13,2,12554085,g4/13mA/13mA,79,97,0,19
56.704,HR,13,3,13989545,g4/13mA/13mA,79,97,0,19
56.736,HR,14,0,15141639,g5/13mA/13mA,79,97,0,19
56.736,HR,14,1,14742922,g4/13mA/13mA,79,97,0,19
56.736,HR,14,2,12553624,g4/13mA/13mA,79,97,0,19
56.736,HR,14,3,13989160,g4/13mA/13mA,79,97,0,19
56.736,HR,15,0,15142023,g5/13mA/13mA,79,97,0,19
56.736,HR,15,1,14743299,g4/13mA/13mA,79,97,0,19
56.736,HR,15,2,12553855,g4/13mA/13mA,79,97,0,19
56.736,HR,15,3,13989289,g4/13mA/13mA,79,97,0,19
56.736,HR,16,0,15141793,g5/13mA/13mA,79,97,0,19
56.736,HR,16,1,14743101,g4/13mA/13mA,79,97,0,19
56.736,HR,16,2,12553444,g4/13mA/13mA,79,97,0,19
56.736,HR,16,3,13989280,g4/13mA/13mA,79,97,0,19
56.736,HR,17,0,15142338,g5/13mA/13mA,79,97,0,19
56.736,HR,17,1,14743741,g4/13mA/13mA,79,97,0,19
56.736,HR,17,2,12553675,g4/13mA/13mA,79,97,0,19
56.736,HR,17,3,13989195,g4/13mA/13mA,79,97,0,19
56.736,HR,18,0,15141160,g5/13mA/13mA,79,97,0,19
56.736,HR,18,1,14742803,g4/13mA/13mA,79,97,0,19
56.736,HR,18,2,12553053,g4/13mA/13mA,79,97,0,19
56.736,HR,18,3,13988871,g4/13mA/13mA,79,97,0,19
56.736,HR,19,0,15142355,g5/13mA/13mA,79,97,0,19
56.736,HR,19,1,14743503,g4/13mA/13mA,79,97,0,19
56.736,HR,19,2,12553787,g4/13mA/13mA,79,97,0,19
56.736,HR,19,3,13989553,g4/13mA/13mA,79,97,0,19
56.765,HR,20,0,15142976,g5/13mA/13mA,79,97,0,19
56.765,HR,20,1,14743586,g4/13mA/13mA,79,97,0,19
56.765,HR,20,2,12554137,g4/13mA/13mA,79,97,0,19
56.765,HR,20,3,13989732,g4/13mA/13mA,79,97,0,19
56.765,HR,21,0,15141459,g5/13mA/13mA,79,97,0,19
56.765,HR,21,1,14742905,g4/13mA/13mA,79,97,0,19
56.765,HR,21,2,12553444,g4/13mA/13mA,79,97,0,19
56.765,HR,21,3,13989195,g4/13mA/13mA,79,97,0,19
56.765,HR,22,0,15142193,g5/13mA/13mA,79,97,0,19
56.765,HR,22,1,14743732,g4/13mA/13mA,79,97,0,19
56.765,HR,22,2,12553828,g4/13mA/13mA,79,97,0,19
56.765,HR,22,3,13989732,g4/13mA/13mA,79,97,0,19
56.765,HR,23,0,15141178,g5/13mA/13mA,79,97,0,19
56.765,HR,23,1,14742795,g4/13mA/13mA,79,97,0,19
56.765,HR,23,2,12553053,g4/13mA/13mA,79,97,0,19
56.765,HR,23,3,13988955,g4/13mA/13mA,79,97,0,19
56.765,HR,24,0,15143106,g5/13mA/13mA,79,97,0,19
56.765,HR,24,1,14743579,g4/13mA/13mA,79,97,0,19
56.765,HR,24,2,12553964,g4/13mA/13mA,79,97,0,19
56.765,HR,24,3,13989654,g4/13mA/13mA,79,97,0,19
56.765,HR,25,0,15141563,g5/13mA/13mA,79,97,0,19
56.765,HR,25,1,14742972,g4/13mA/13mA,79,97,0,19
56.765,HR,25,2,12553546,g4/13mA/13mA,79,97,0,19
56.765,HR,25,3,13989075,g4/13mA/13mA,79,97,0,19
56.825,HR,26,0,15141903,g5/13mA/13mA,79,97,0,19
56.825,HR,26,1,14743127,g4/13mA/13mA,79,97,0,19
56.825,HR,26,2,12553701,g4/13mA/13mA,79,97,0,19
56.826,HR,26,3,13989108,g4/13mA/13mA,79,97,0,19
56.826,HR,27,0,15141759,g5/13mA/13mA,79,97,0,19
56.826,HR,27,1,14742750,g4/13mA/13mA,79,97,0,19
56.826,HR,27,2,12553497,g4/13mA/13mA,79,97,0,19
56.826,HR,27,3,13988886,g4/13mA/13mA,79,97,0,19
56.826,HR,28,0,15142593,g5/13mA/13mA,79,97,0,19
56.826,HR,28,1,14743213,g4/13mA/13mA,79,97,0,19
56.826,HR,28,2,12553606,g4/13mA/13mA,79,97,0,19
56.826,HR,28,3,13989118,g4/13mA/13mA,79,97,0,19
56.826,HR,29,0,15142380,g5/13mA/13mA,79,97,0,19
56.826,HR,29,1,14743665,g4/13mA/13mA,79,97,0,19
56.826,HR,29,2,12553795,g4/13mA/13mA,79,97,0,19
56.826,HR,29,3,13989639,g4/13mA/13mA,79,97,0,19
56.826,HR,30,0,15141588,g5/13mA/13mA,79,97,0,19
56.826,HR,30,1,14743202,g4/13mA/13mA,79,97,0,19
56.826,HR,30,2,12553418,g4/13mA/13mA,79,97,0,19
56.826,HR,30,3,13989186,g4/13mA/13mA,79,97,0,19
56.826,HR,31,0,15142414,g5/13mA/13mA,79,97,0,19
56.826,HR,31,1,14743409,g4/13mA/13mA,79,97,0,19
56.826,HR,31,2,12553701,g4/13mA/13mA,79,97,0,19
56.826,HR,31,3,13989416,g4/13mA/13mA,79,97,0,19
56.886,HR,32,0,15142133,g5/13mA/13mA,79,97,0,19
56.886,HR,32,1,14743059,g4/13mA/13mA,79,97,0,19
56.886,HR,32,2,12553522,g4/13mA/13mA,79,97,0,19
56.886,HR,32,3,13989177,g4/13mA/13mA,79,97,0,19
56.886,HR,33,0,15143080,g5/13mA/13mA,79,97,0,19
56.886,HR,33,1,14743784,g4/13mA/13mA,79,97,0,19
56.886,HR,33,2,12554059,g4/13mA/13mA,79,97,0,19
56.886,HR,33,3,13989639,g4/13mA/13mA,79,97,0,19
56.886,HR,34,0,15141808,g5/13mA/13mA,79,97,0,19
56.886,HR,34,1,14742853,g4/13mA/13mA,79,97,0,19
56.886,HR,34,2,12553692,g4/13mA/13mA,79,97,0,19
56.886,HR,34,3,13989160,g4/13mA/13mA,79,97,0,19
56.886,HR,35,0,15142048,g5/13mA/13mA,79,97,0,19
56.886,HR,35,1,14743254,g4/13mA/13mA,79,97,0,19
56.886,HR,35,2,12553862,g4/13mA/13mA,79,97,0,19
56.886,HR,35,3,13989459,g4/13mA/13mA,79,97,0,19
56.886,HR,36,0,15141759,g5/13mA/13mA,79,97,0,19
56.886,HR,36,1,14743195,g4/13mA/13mA,79,97,0,19
56.886,HR,36,2,12553479,g4/13mA/13mA,79,97,0,19
56.886,HR,36,3,13989084,g4/13mA/13mA,79,97,0,19
56.914,HRV,3,0,15141502,g5/13mA/13mA,79,97,0,19
56.914,HRV,3,1,14743281,g4/13mA/13mA,79,97,0,19
56.914,HRV,3,2,12553599,g4/13mA/13mA,79,97,0,19
56.914,HRV,3,3,13989084,g4/13mA/13mA,79,97,0,19
56.914,HRV,4,0,15142840,g5/13mA/13mA,79,97,0,19
56.914,HRV,4,1,14743119,g4/13mA/13mA,79,97,0,19
56.914,HRV,4,2,12553692,g4/13mA/13mA,79,97,0,19
56.914,HRV,4,3,13989322,g4/13mA/13mA,79,97,0,19
56.914,HRV,5,0,15142090,g5/13mA/13mA,79,97,0,19
56.914,HRV,5,1,14743273,g4/13mA/13mA,79,97,0,19
56.914,HRV,5,2,12553521,g4/13mA/13mA,79,97,0,19
56.914,HRV,5,3,13989050,g4/13mA/13mA,79,97,0,19
56.914,HRV,6,0,15142679,g5/13mA/13mA,79,97,0,19
56.914,HRV,6,1,14743605,g4/13mA/13mA,79,97,0,19
56.914,HRV,6,2,12553922,g4/13mA/13mA,79,97,0,19
56.914,HRV,6,3,13989526,g4/13mA/13mA,79,97,0,19
56.914,HRV,7,0,15141536,g5/13mA/13mA,79,97,0,19
56.914,HRV,7,1,14743007,g4/13mA/13mA,79,97,0,19
56.914,HRV,7,2,12553479,g4/13mA/13mA,79,97,0,19
56.914,HRV,7,3,13989040,g4/13mA/13mA,79,97,0,19
56.914,HRV,8,0,15142644,g5/13mA/13mA,79,97,0,19
56.914,HRV,8,1,14743186,g4/13mA/13mA,79,97,0,19
56.914,HRV,8,2,12554076,g4/13mA/13mA,79,97,0,19
56.914,HRV,8,3,13989255,g4/13mA/13mA,79,97,0,19
56.945,HRV,9,0,15142302,g5/13mA/13mA,79,97,0,19
56.945,HRV,9,1,14742972,g4/13mA/13mA,79,97,0,19
56.945,HRV,9,2,12553726,g4/13mA/13mA,79,97,0,19
56.945,HRV,9,3,13989144,g4/13mA/13mA,79,97,0,19
56.945,HRV,10,0,15141759,g5/13mA/13mA,79,97,0,19
56.945,HRV,10,1,14743246,g4/13mA/13mA,79,97,0,19
56.945,HRV,10,2,12553640,g4/13mA/13mA,79,97,0,19
56.945,HRV,10,3,13989075,g4/13mA/13mA,79,97,0,19
56.945,HRV,11,0,15142200,g5/13mA/13mA,79,97,0,19
56.945,HRV,11,1,14743059,g4/13mA/13mA,79,97,0,19
56.945,HRV,11,2,12553606,g4/13mA/13mA,79,97,0,19
56.945,HRV,11,3,13989178,g4/13mA/13mA,79,97,0,19
56.945,HRV,12,0,15141578,g5/13mA/13mA,79,97,0,19
56.945,HRV,12,1,14742896,g4/13mA/13mA,79,97,0,19
56.945,HRV,12,2,12553282,g4/13mA/13mA,79,97,0,19
56.945,HRV,12,3,13989040,g4/13mA/13mA,79,97,0,19
56.945,HRV,13,0,15142968,g5/13mA/13mA,79,97,0,19
56.945,HRV,13,1,14743827,g4/13mA/13mA,79,97,0,19
56.945,HRV,13,2,12554085,g4/13mA/13mA,79,97,0,19
56.945,HRV,13,3,13989545,g4/13mA/13mA,79,97,0,19
56.976,HRV,14,0,15141639,g5/13mA/13mA,79,97,0,19
56.976,HRV,14,1,14742922,g4/13mA/13mA,79,97,0,19
56.976,HRV,14,2,12553624,g4/13mA/13mA,79,97,0,19
56.976,HRV,14,3,13989160,g4/13mA/13mA,79,97,0,19
56.976,HRV,15,0,15142023,g5/13mA/13mA,79,97,0,19
56.976,HRV,15,1,14743299,g4/13mA/13mA,79,97,0,19
56.976,HRV,15,2,12553855,g4/13mA/13mA,79,97,0,19
56.976,HRV,15,3,13989289,g4/13mA/13mA,79,97,0,19
56.976,HRV,16,0,15141793,g5/13mA/13mA,79,97,0,19
56.976,HRV,16,1,14743101,g4/13mA/13mA,79,97,0,19
56.976,HRV,16,2,12553444,g4/13mA/13mA,79,97,0,19
56.976,HRV,16,3,13989280,g4/13mA/13mA,79,97,0,19
56.976,HRV,17,0,15142338,g5/13mA/13mA,79,97,0,19
56.976,HRV,17,1,14743741,g4/13mA/13mA,79,97,0,19
56.976,HRV,17,2,12553675,g4/13mA/13mA,79,97,0,19
56.976,HRV,17,3,13989195,g4/13mA/13mA,79,97,0,19
56.976,HRV,18,0,15141160,g5/13mA/13mA,79,97,0,19
56.976,HRV,18,1,14742803,g4/13mA/13mA,79,97,0,19
56.976,HRV,18,2,12553053,g4/13mA/13mA,79,97,0,19
56.976,HRV,18,3,13988871,g4/13mA/13mA,79,97,0,19
56.976,HRV,19,0,15142355,g5/13mA/13mA,79,97,0,19
56.976,HRV,19,1,14743503,g4/13mA/13mA,79,97,0,19
56.976,HRV,19,2,12553787,g4/13mA/13mA,79,97,0,19
56.976,HRV,19,3,13989553,g4/13mA/13mA,79,97,0,19
57.034,HRV,20,0,15142976,g5/13mA/13mA,79,97,0,19
57.034,HRV,20,1,14743586,g4/13mA/13mA,79,97,0,19
57.034,HRV,20,2,12554137,g4/13mA/13mA,79,97,0,19
57.034,HRV,20,3,13989732,g4/13mA/13mA,79,97,0,19
57.034,HRV,21,0,15141459,g5/13mA/13mA,79,97,0,19
57.034,HRV,21,1,14742905,g4/13mA/13mA,79,97,0,19
57.034,HRV,21,2,12553444,g4/13mA/13mA,79,97,0,19
57.034,HRV,21,3,13989195,g4/13mA/13mA,79,97,0,19
57.034,HRV,22,0,15142193,g5/13mA/13mA,79,97,0,19
57.034,HRV,22,1,14743732,g4/13mA/13mA,79,97,0,19
57.034,HRV,22,2,12553828,g4/13mA/13mA,79,97,0,19
57.034,HRV,22,3,13989732,g4/13mA/13mA,79,97,0,19
57.034,HRV,23,0,15141178,g5/13mA/13mA,79,97,0,19
57.034,HRV,23,1,14742795,g4/13mA/13mA,79,97,0,19
57.034,HRV,23,2,12553053,g4/13mA/13mA,79,97,0,19
57.034,HRV,23,3,13988955,g4/13mA/13mA,79,97,0,19
57.034,HRV,24,0,15143106,g5/13mA/13mA,79,97,0,19
57.034,HRV,24,1,14743579,g4/13mA/13mA,79,97,0,19
57.034,HRV,24,2,12553964,g4/13mA/13mA,79,97,0,19
57.034,HRV,24,3,13989654,g4/13mA/13mA,79,97,0,19
57.034,HRV,25,0,15141563,g5/13mA/13mA,79,97,0,19
57.034,HRV,25,1,14742972,g4/13mA/13mA,79,97,0,19
57.034,HRV,25,2,12553546,g4/13mA/13mA,79,97,0,19
57.034,HRV,25,3,13989075,g4/13mA/13mA,79,97,0,19
57.065,HRV,26,0,15141903,g5/13mA/13mA,79,97,0,19
57.065,HRV,26,1,14743127,g4/13mA/13mA,79,97,0,19
57.065,HRV,26,2,12553701,g4/13mA/13mA,79,97,0,19
57.065,HRV,26,3,13989108,g4/13mA/13mA,79,97,0,19
57.065,HRV,27,0,15141759,g5/13mA/13mA,79,97,0,19
57.065,HRV,27,1,14742750,g4/13mA/13mA,79,97,0,19
57.065,HRV,27,2,12553497,g4/13mA/13mA,79,97,0,19
57.065,HRV,27,3,13988886,g4/13mA/13mA,79,97,0,19
57.065,HRV,28,0,15142593,g5/13mA/13mA,79,97,0,19
57.065,HRV,28,1,14743213,g4/13mA/13mA,79,97,0,19
57.065,HRV,28,2,12553606,g4/13mA/13mA,79,97,0,19
57.065,HRV,28,3,13989118,g4/13mA/13mA,79,97,0,19
57.065,HRV,29,0,15142380,g5/13mA/13mA,79,97,0,19
57.065,HRV,29,1,14743665,g4/13mA/13mA,79,97,0,19
57.065,HRV,29,2,12553795,g4/13mA/13mA,79,97,0,19
57.065,HRV,29,3,13989639,g4/13mA/13mA,79,97,0,19
57.065,HRV,30,0,15141588,g5/13mA/13mA,79,97,0,19
57.065,HRV,30,1,14743202,g4/13mA/13mA,79,97,0,19
57.065,HRV,30,2,12553418,g4/13mA/13mA,79,97,0,19
57.065,HRV,30,3,13989186,g4/13mA/13mA,79,97,0,19
57.065,HRV,31,0,15142414,g5/13mA/13mA,79,97,0,19
57.065,HRV,31,1,14743409,g4/13mA/13mA,79,97,0,19
57.065,HRV,31,2,12553701,g4/13mA/13mA,79,97,0,19
57.065,HRV,31,3,13989416,g4/13mA/13mA,79,97,0,19
57.095,HRV,32,0,15142133,g5/13mA/13mA,79,97,0,19
57.095,HRV,32,1,14743059,g4/13mA/13mA,79,97,0,19
57.095,HRV,32,2,12553522,g4/13mA/13mA,79,97,0,19
57.095,HRV,32,3,13989177,g4/13mA/13mA,79,97,0,19
57.095,HRV,33,0,15143080,g5/13mA/13mA,79,97,0,19
57.095,HRV,33,1,14743784,g4/13mA/13mA,79,97,0,19
57.095,HRV,33,2,12554059,g4/13mA/13mA,79,97,0,19
57.095,HRV,33,3,13989639,g4/13mA/13mA,79,97,0,19
57.095,HRV,34,0,15141808,g5/13mA/13mA,79,97,0,19
57.095,HRV,34,1,14742853,g4/13mA/13mA,79,97,0,19
57.095,HRV,34,2,12553692,g4/13mA/13mA,79,97,0,19
57.095,HRV,34,3,13989160,g4/13mA/13mA,79,97,0,19
57.095,HRV,35,0,15142048,g5/13mA/13mA,79,97,0,19
57.095,HRV,35,1,14743254,g4/13mA/13mA,79,97,0,19
57.095,HRV,35,2,12553862,g4/13mA/13mA,79,97,0,19
57.095,HRV,35,3,13989459,g4/13mA/13mA,79,97,0,19
57.096,HRV,36,0,15141759,g5/13mA/13mA,79,97,0,19
57.096,HRV,36,1,14743195,g4/13mA/13mA,79,97,0,19
57.096,HRV,36,2,12553479,g4/13mA/13mA,79,97,0,19
57.096,HRV,36,3,13989084,g4/13mA/13mA,79,97,0,19
57.155,SPO2,3,0,12975918,g1/60mA/0mA,79,97,0,19
57.155,SPO2,3,1,12230085,g1/25mA/0mA,79,97,0,19
57.155,SPO2,4,0,12976481,g1/60mA/0mA,79,97,0,19
57.155,SPO2,4,1,12230369,g1/25mA/0mA,79,97,0,19
57.155,SPO2,5,0,12976042,g1/60mA/0mA,79,97,0,19
57.155,SPO2,5,1,12230293,g1/25mA/0mA,79,97,0,19
57.155,SPO2,6,0,12976488,g1/60mA/0mA,79,97,0,19
57.155,SPO2,6,1,12230270,g1/25mA/0mA,79,97,0,19
57.155,SPO2,7,0,12975824,g1/60mA/0mA,79,97,0,19
57.155,SPO2,7,1,12230020,g1/25mA/0mA,79,97,0,19
57.155,SPO2,8,0,12976385,g1/60mA/0mA,79,97,0,19
57.156,SPO2,8,1,12230324,g1/25mA/0mA,79,97,0,19
57.185,SPO2,9,0,12976496,g1/60mA/0mA,79,97,0,19
57.185,SPO2,9,1,12230322,g1/25mA/0mA,79,97,0,19
57.185,SPO2,10,0,12975836,g1/60mA/0mA,79,97,0,19
57.185,SPO2,10,1,12229852,g1/25mA/0mA,79,97,0,19
57.185,SPO2,11,0,12976570,g1/60mA/0mA,79,97,0,19
57.185,SPO2,11,1,12230545,g1/25mA/0mA,79,97,0,19
57.185,SPO2,12,0,12975798,g1/60mA/0mA,79,97,0,19
57.185,SPO2,12,1,12230119,g1/25mA/0mA,79,97,0,19
57.185,SPO2,13,0,12976625,g1/60mA/0mA,79,97,0,19
57.185,SPO2,13,1,12230345,g1/25mA/0mA,79,97,0,19
57.185,SPO2,14,0,12976007,g1/60mA/0mA,79,97,0,19
57.185,SPO2,14,1,12230257,g1/25mA/0mA,79,97,0,19
57.243,SPO2,15,0,12976253,g1/60mA/0mA,79,97,0,19
57.243,SPO2,15,1,12230280,g1/25mA/0mA,79,97,0,19
57.243,SPO2,16,0,12976371,g1/60mA/0mA,79,97,0,19
57.243,SPO2,16,1,12230432,g1/25mA/0mA,79,97,0,19
57.243,SPO2,17,0,12976148,g1/60mA/0mA,79,97,0,19
57.243,SPO2,17,1,12230229,g1/25mA/0mA,79,97,0,19
57.244,SPO2,18,0,12975512,g1/60mA/0mA,79,97,0,19
57.244,SPO2,18,1,12229897,g1/25mA/0mA,79,97,0,19
57.244,SPO2,19,0,12976565,g1/60mA/0mA,79,97,0,19
57.244,SPO2,19,1,12230470,g1/25mA/0mA,79,97,0,19
57.244,SPO2,20,0,12976925,g1/60mA/0mA,79,97,0,19
57.244,SPO2,20,1,12230711,g1/25mA/0mA,79,97,0,19
57.244,SPO2,21,0,12976037,g1/60mA/0mA,79,97,0,19
57.244,SPO2,21,1,12230212,g1/25mA/0mA,79,97,0,19
57.667,SPO2,22,0,12976340,g1/60mA/0mA,79,97,0,19
57.667,SPO2,22,1,12230286,g1/25mA/0mA,79,97,0,19
57.667,SPO2,23,0,12975830,g1/60mA/0mA,79,97,0,19
57.667,SPO2,23,1,12230020,g1/25mA/0mA,79,97,0,19
57.667,SPO2,24,0,12976682,g1/60mA/0mA,79,97,0,19
57.667,SPO2,24,1,12230416,g1/25mA/0mA,79,97,0,19
57.667,SPO2,25,0,12976152,g1/60mA/0mA,79,97,0,19
57.667,SPO2,25,1,12230303,g1/25mA/0mA,79,97,0,19
57.667,SPO2,26,0,12976110,g1/60mA/0mA,79,97,0,19
57.667,SPO2,26,1,12230207,g1/25mA/0mA,79,97,0,19
57.667,SPO2,27,0,12976002,g1/60mA/0mA,79,97,0,19
57.667,SPO2,27,1,12230183,g1/25mA/0mA,79,97,0,19
57.667,SPO2,28,0,12976436,g1/60mA/0mA,79,97,0,19
57.667,SPO2,28,1,12230267,g1/25mA/0mA,79,97,0,19
57.667,SPO2,29,0,12976659,g1/60mA/0mA,79,97,0,19
57.667,SPO2,29,1,12230428,g1/25mA/0mA,79,97,0,19
57.695,SPO2,30,0,12976097,g1/60mA/0mA,79,97,0,19
57.695,SPO2,30,1,12230114,g1/25mA/0mA,79,97,0,19
57.695,SPO2,31,0,12976551,g1/60mA/0mA,79,97,0,19
57.695,SPO2,31,1,12230581,g1/25mA/0mA,79,97,0,19
57.696,SPO2,32,0,12976079,g1/60mA/0mA,79,97,0,19
57.696,SPO2,32,1,12230131,g1/25mA/0mA,79,97,0,19
57.696,SPO2,33,0,12976614,g1/60mA/0mA,79,97,0,19
57.696,SPO2,33,1,12230356,g1/25mA/0mA,79,97,0,19
57.696,SPO2,34,0,12976330,g1/60mA/0mA,79,97,0,17
57.696,SPO2,34,1,12230428,g1/25mA/0mA,79,97,0,17
57.696,SPO2,35,0,12976308,g1/60mA/0mA,79,97,0,17
57.696,SPO2,35,1,12230258,g1/25mA/0mA,79,97,0,17
57.724,SPO2,36,0,12976124,g1/60mA/0mA,79,97,0,17
57.724,SPO2,36,1,12230210,g1/25mA/0mA,79,97,0,17
57.787,HR,37,0,15141835,g5/13mA/13mA,79,97,0,17
57.787,HR,37,1,14743161,g4/13mA/13mA,79,97,0,17
57.787,HR,37,2,12553513,g4/13mA/13mA,79,97,0,17
57.787,HR,37,3,13989409,g4/13mA/13mA,79,97,0,17
57.787,HR,38,0,15142014,g5/13mA/13mA,79,97,0,17
57.787,HR,38,1,14742743,g4/13mA/13mA,79,97,0,17
57.787,HR,38,2,12553522,g4/13mA/13mA,79,97,0,17
57.787,HR,38,3,13989280,g4/13mA/13mA,79,97,0,17
57.787,HR,39,0,15142125,g5/13mA/13mA,79,97,0,17
57.787,HR,39,1,14743391,g4/13mA/13mA,79,97,0,17
57.787,HR,39,2,12553522,g4/13mA/13mA,79,97,0,17
57.787,HR,39,3,13989270,g4/13mA/13mA,79,97,0,17
57.787,HR,40,0,15141409,g5/13mA/13mA,79,97,0,17
57.787,HR,40,1,14742795,g4/13mA/13mA,79,97,0,17
57.787,HR,40,2,12553358,g4/13mA/13mA,79,97,0,17
57.787,HR,40,3,13988913,g4/13mA/13mA,79,97,0,17
57.787,HR,41,0,15141973,g5/13mA/13mA,79,97,0,17
57.787,HR,41,1,14743084,g4/13mA/13mA,79,97,0,17
57.787,HR,41,2,12553369,g4/13mA/13mA,79,97,0,17
57.787,HR,41,3,13989178,g4/13mA/13mA,79,97,0,17
57.787,HR,42,0,15142568,g5/13mA/13mA,79,97,0,17
57.787,HR,42,1,14743654,g4/13mA/13mA,79,97,0,17
57.787,HR,42,2,12553948,g4/13mA/13mA,79,97,0,17
57.787,HR,42,3,13989545,g4/13mA/13mA,79,97,0,17
57.849,HR,43,0,15141228,g5/13mA/13mA,79,97,0,17
57.849,HR,43,1,14742735,g4/13mA/13mA,79,97,0,17
57.849,HR,43,2,12553128,g4/13mA/13mA,79,97,0,17
57.849,HR,43,3,13988895,g4/13mA/13mA,79,97,0,17
57.849,HR,44,0,15142057,g5/13mA/13mA,79,97,0,17
57.849,HR,44,1,14743041,g4/13mA/13mA,79,97,0,17
57.849,HR,44,2,12553753,g4/13mA/13mA,79,97,0,17
57.849,HR,44,3,13989236,g4/13mA/13mA,79,97,0,17
57.849,HR,45,0,15141850,g5/13mA/13mA,79,97,0,17
57.849,HR,45,1,14743186,g4/13mA/13mA,79,97,0,17
57.849,HR,45,2,12553599,g4/13mA/13mA,79,97,0,17
57.849,HR,45,3,13989416,g4/13mA/13mA,79,97,0,17
57.849,HR,46,0,15141118,g5/13mA/13mA,79,97,0,17
57.849,HR,46,1,14742505,g4/13mA/13mA,79,97,0,17
57.849,HR,46,2,12552891,g4/13mA/13mA,79,97,0,17
57.849,HR,46,3,13988743,g4/13mA/13mA,79,97,0,17
57.849,HR,47,0,15142833,g5/13mA/13mA,79,97,0,17
57.849,HR,47,1,14744056,g4/13mA/13mA,79,97,0,17
57.849,HR,47,2,12554179,g4/13mA/13mA,79,97,0,17
57.849,HR,47,3,13989613,g4/13mA/13mA,79,97,0,17
57.849,HR,48,0,15142090,g5/13mA/13mA,79,97,0,17
57.849,HR,48,1,14742821,g4/13mA/13mA,79,97,0,17
57.849,HR,48,2,12553233,g4/13mA/13mA,79,97,0,17
57.849,HR,48,3,13988803,g4/13mA/13mA,79,97,0,17
57.872,HR,49,0,15142235,g5/13mA/13mA,79,97,0,17
57.872,HR,49,1,14743025,g4/13mA/13mA,79,97,0,17
57.872,HR,49,2,12553795,g4/13mA/13mA,79,97,0,17
57.872,HR,49,3,13989245,g4/13mA/13mA,79,97,0,17
57.872,HR,50,0,15142038,g5/13mA/13mA,79,97,0,17
57.872,HR,50,1,14743246,g4/13mA/13mA,79,97,0,17
57.872,HR,50,2,12553411,g4/13mA/13mA,79,97,0,17
57.872,HR,50,3,13988981,g4/13mA/13mA,79,97,0,17
57.872,HR,51,0,15141341,g5/13mA/13mA,79,97,0,17
57.872,HR,51,1,14742930,g4/13mA/13mA,79,97,0,17
57.872,HR,51,2,12553369,g4/13mA/13mA,79,97,0,17
57.872,HR,51,3,13988863,g4/13mA/13mA,79,97,0,17
57.872,HR,52,0,15141595,g5/13mA/13mA,79,97,0,17
57.872,HR,52,1,14742760,g4/13mA/13mA,79,97,0,17
57.872,HR,52,2,12553078,g4/13mA/13mA,79,97,0,17
57.872,HR,52,3,13988795,g4/13mA/13mA,79,97,0,17
57.872,HR,53,0,15142407,g5/13mA/13mA,79,97,0,17
57.872,HR,53,1,14743435,g4/13mA/13mA,79,97,0,17
57.872,HR,53,2,12553708,g4/13mA/13mA,79,97,0,17
57.872,HR,53,3,13989315,g4/13mA/13mA,79,97,0,17
57.872,HR,54,0,15142090,g5/13mA/13mA,79,97,0,17
57.872,HR,54,1,14743349,g4/13mA/13mA,79,97,0,17
57.872,HR,54,2,12553719,g4/13mA/13mA,79,97,0,17
57.872,HR,54,3,13988964,g4/13mA/13mA,79,97,0,17
57.906,HR,55,0,15142072,g5/13mA/13mA,79,97,0,17
57.906,HR,55,1,14743263,g4/13mA/13mA,79,97,0,17
57.906,HR,55,2,12553939,g4/13mA/13mA,79,97,0,17
57.906,HR,55,3,13989168,g4/13mA/13mA,79,97,0,17
57.906,HR,56,0,15142629,g5/13mA/13mA,79,97,0,17
57.906,HR,56,1,14743195,g4/13mA/13mA,79,97,0,17
57.906,HR,56,2,12553889,g4/13mA/13mA,79,97,0,17
57.907,HR,56,3,13989613,g4/13mA/13mA,79,97,0,17
57.907,HR,57,0,15141357,g5/13mA/13mA,79,97,0,17
57.907,HR,57,1,14742648,g4/13mA/13mA,79,97,0,17
57.907,HR,57,2,12553163,g4/13mA/13mA,79,97,0,17
57.907,HR,57,3,13988955,g4/13mA/13mA,79,97,0,17
57.907,HR,58,0,15142456,g5/13mA/13mA,79,97,0,17
57.907,HR,58,1,14743503,g4/13mA/13mA,79,97,0,17
57.907,HR,58,2,12553719,g4/13mA/13mA,79,97,0,17
57.907,HR,58,3,13989406,g4/13mA/13mA,79,97,0,17
57.907,HR,59,0,15141861,g5/13mA/13mA,79,96,0,17
57.907,HR,59,1,14743228,g4/13mA/13mA,79,96,0,17
57.907,HR,59,2,12553222,g4/13mA/13mA,79,96,0,17
57.907,HR,59,3,13989040,g4/13mA/13mA,79,96,0,17
57.935,HR,60,0,15142398,g5/13mA/13mA,79,96,0,17
57.935,HR,60,1,14743612,g4/13mA/13mA,79,96,0,17
57.935,HR,60,2,12554119,g4/13mA/13mA,79,96,0,17
57.935,HR,60,3,13989723,g4/13mA/13mA,79,96,0,17
57.935,HR,61,0,15141946,g5/13mA/13mA,79,96,0,17
57.935,HR,61,1,14742998,g4/13mA/13mA,79,96,0,17
57.935,HR,61,2,12553488,g4/13mA/13mA,79,96,0,17
57.935,HR,61,3,13989016,g4/13mA/13mA,79,96,0,17
57.935,HR,62,0,15142030,g5/13mA/13mA,79,96,0,17
57.935,HR,62,1,14743367,g4/13mA/13mA,79,96,0,17
57.935,HR,62,2,12553666,g4/13mA/13mA,79,96,0,17
57.935,HR,62,3,13989315,g4/13mA/13mA,79,96,0,17
57.935,HR,63,0,15141468,g5/13mA/13mA,79,96,0,17
57.935,HR,63,1,14742667,g4/13mA/13mA,79,96,0,17
57.935,HR,63,2,12553264,g4/13mA/13mA,79,96,0,17
57.935,HR,63,3,13988946,g4/13mA/13mA,79,96,0,17
57.935,HR,64,0,15142261,g5/13mA/13mA,79,96,0,17
57.935,HR,64,1,14743101,g4/13mA/13mA,79,96,0,17
57.935,HR,64,2,12553418,g4/13mA/13mA,79,96,0,17
57.935,HR,64,3,13989212,g4/13mA/13mA,79,96,0,17
57.935,HR,65,0,15141759,g5/13mA/13mA,79,96,0,17
57.935,HR,65,1,14742912,g4/13mA/13mA,79,96,0,17
57.935,HR,65,2,12553173,g4/13mA/13mA,79,96,0,17
57.935,HR,65,3,13989032,g4/13mA/13mA,79,96,0,17
57.994,HR,66,0,15141203,g5/13mA/13mA,79,96,0,17
57.994,HR,66,1,14742614,g4/13mA/13mA,79,96,0,17
57.994,HR,66,2,12553351,g4/13mA/13mA,79,96,0,17
57.994,HR,66,3,13988623,g4/13mA/13mA,79,96,0,17
57.994,HR,67,0,15142517,g5/13mA/13mA,79,96,0,17
57.994,HR,67,1,14743545,g4/13mA/13mA,79,96,0,17
57.994,HR,67,2,12553889,g4/13mA/13mA,79,96,0,17
57.994,HR,67,3,13989749,g4/13mA/13mA,79,96,0,17
57.994,HR,68,0,15141365,g5/13mA/13mA,79,96,0,17
57.994,HR,68,1,14742641,g4/13mA/13mA,79,96,0,17
57.994,HR,68,2,12553204,g4/13mA/13mA,79,96,0,17
57.994,HR,68,3,13988886,g4/13mA/13mA,79,96,0,17
57.994,HR,69,0,15142422,g5/13mA/13mA,79,96,0,17
57.994,HR,69,1,14743623,g4/13mA/13mA,79,96,0,17
57.994,HR,69,2,12553795,g4/13mA/13mA,79,96,0,17
57.994,HR,69,3,13989495,g4/13mA/13mA,79,96,0,17
57.994,HR,70,0,15141212,g5/13mA/13mA,79,96,0,17
57.994,HR,70,1,14742957,g4/13mA/13mA,79,96,0,17
57.994,HR,70,2,12553231,g4/13mA/13mA,79,96,0,17
57.994,HR,70,3,13989203,g4/13mA/13mA,79,96,0,17
58.025,HRV,37,0,15141835,g5/13mA/13mA,79,96,0,17
58.025,HRV,37,1,14743161,g4/13mA/13mA,79,96,0,17
58.025,HRV,37,2,12553513,g4/13mA/13mA,79,96,0,17
58.025,HRV,37,3,13989409,g4/13mA/13mA,79,96,0,17
58.025,HRV,38,0,15142014,g5/13mA/13mA,79,96,0,17
58.025,HRV,38,1,14742743,g4/13mA/13mA,79,96,0,17
58.025,HRV,38,2,12553522,g4/13mA/13mA,79,96,0,17
58.025,HRV,38,3,13989280,g4/13mA/13mA,79,96,0,17
58.025,HRV,39,0,15142125,g5/13mA/13mA,79,96,0,17
58.025,HRV,39,1,14743391,g4/13mA/13mA,79,96,0,17
58.025,HRV,39,2,12553522,g4/13mA/13mA,79,96,0,17
58.025,HRV,39,3,13989270,g4/13mA/13mA,79,96,0,17
58.025,HRV,40,0,15141409,g5/13mA/13mA,79,96,0,17
58.025,HRV,40,1,14742795,g4/13mA/13mA,79,96,0,17
58.025,HRV,40,2,12553358,g4/13mA/13mA,79,96,0,17
58.025,HRV,40,3,13988913,g4/13mA/13mA,79,96,0,17
58.025,HRV,41,0,15141973,g5/13mA/13mA,79,96,0,17
58.025,HRV,41,1,14743084,g4/13mA/13mA,79,96,0,17
58.025,HRV,41,2,12553369,g4/13mA/13mA,79,96,0,17
58.025,HRV,41,3,13989178,g4/13mA/13mA,79,96,0,17
58.025,HRV,42,0,15142568,g5/13mA/13mA,79,96,0,17
58.025,HRV,42,1,14743654,g4/13mA/13mA,79,96,0,17
58.025,HRV,42,2,12553948,g4/13mA/13mA,79,96,0,17
58.025,HRV,42,3,13989545,g4/13mA/13mA,79,96,0,17
58.055,HRV,43,0,15141228,g5/13mA/13mA,79,96,0,17
58.055,HRV,43,1,14742735,g4/13mA/13mA,79,96,0,17
58.055,HRV,43,2,12553128,g4/13mA/13mA,79,96,0,17
58.055,HRV,43,3,13988895,g4/13mA/13mA,79,96,0,17
58.055,HRV,44,0,15142057,g5/13mA/13mA,79,96,0,17
58.055,HRV,44,1,14743041,g4/13mA/13mA,79,96,0,17
58.055,HRV,44,2,12553753,g4/13mA/13mA,79,96,0,17
58.055,HRV,44,3,13989236,g4/13mA/13mA,79,96,0,17
58.055,HRV,45,0,15141850,g5/13mA/13mA,79,96,0,17
58.055,HRV,45,1,14743186,g4/13mA/13mA,79,96,0,17
58.055,HRV,45,2,12553599,g4/13mA/13mA,79,96,0,17
58.055,HRV,45,3,13989416,g4/13mA/13mA,79,96,0,17
58.055,HRV,46,0,15141118,g5/13mA/13mA,79,96,0,17
58.055,HRV,46,1,14742505,g4/13mA/13mA,79,96,0,17
58.055,HRV,46,2,12552891,g4/13mA/13mA,79,96,0,17
58.055,HRV,46,3,13988743,g4/13mA/13mA,79,96,0,17
58.055,HRV,47,0,15142833,g5/13mA/13mA,79,96,0,17
58.055,HRV,47,1,14744056,g4/13mA/13mA,79,96,0,17
58.055,HRV,47,2,12554179,g4/13mA/13mA,79,96,0,17
58.055,HRV,47,3,13989613,g4/13mA/13mA,79,96,0,17
58.055,HRV,48,0,15142090,g5/13mA/13mA,79,96,0,17
58.055,HRV,48,1,14742821,g4/13mA/13mA,79,96,0,17
58.055,HRV,48,2,12553233,g4/13mA/13mA,79,96,0,17
58.055,HRV,48,3,13988803,g4/13mA/13mA,79,96,0,17
58.174,HRV,49,0,15142235,g5/13mA/13mA,79,96,0,17
58.174,HRV,49,1,14743025,g4/13mA/13mA,79,96,0,17
58.174,HRV,49,2,12553795,g4/13mA/13mA,79,96,0,17
58.174,HRV,49,3,13989245,g4/13mA/13mA,79,96,0,17
58.174,HRV,50,0,15142038,g5/13mA/13mA,79,96,0,17
58.174,HRV,50,1,14743246,g4/13mA/13mA,79,96,0,17
58.174,HRV,50,2,12553411,g4/13mA/13mA,79,96,0,17
58.174,HRV,50,3,13988981,g4/13mA/13mA,79,96,0,17
58.174,HRV,51,0,15141341,g5/13mA/13mA,79,96,0,17
58.174,HRV,51,1,14742930,g4/13mA/13mA,79,96,0,17
58.174,HRV,51,2,12553369,g4/13mA/13mA,79,96,0,17
58.174,HRV,51,3,13988863,g4/13mA/13mA,79,96,0,17
58.174,HRV,52,0,15141595,g5/13mA/13mA,79,96,0,17
58.174,HRV,52,1,14742760,g4/13mA/13mA,79,96,0,17
58.174,HRV,52,2,12553078,g4/13mA/13mA,79,96,0,17
58.174,HRV,52,3,13988795,g4/13mA/13mA,79,96,0,17
58.174,HRV,53,0,15142407,g5/13mA/13mA,79,96,0,17
58.174,HRV,53,1,14743435,g4/13mA/13mA,79,96,0,17
58.174,HRV,53,2,12553708,g4/13mA/13mA,79,96,0,17
58.174,HRV,53,3,13989315,g4/13mA/13mA,79,96,0,17
58.174,HRV,54,0,15142090,g5/13mA/13mA,79,96,0,17
58.174,HRV,54,1,14743349,g4/13mA/13mA,79,96,0,17
58.174,HRV,54,2,12553719,g4/13mA/13mA,79,96,0,17
58.174,HRV,54,3,13988964,g4/13mA/13mA,79,96,0,17
58.177,HRV,55,0,15142072,g5/13mA/13mA,79,96,0,17
58.177,HRV,55,1,14743263,g4/13mA/13mA,79,96,0,17
58.177,HRV,55,2,12553939,g4/13mA/13mA,79,96,0,17
58.177,HRV,55,3,13989168,g4/13mA/13mA,79,96,0,17
58.177,HRV,56,0,15142629,g5/13mA/13mA,79,96,0,17
58.177,HRV,56,1,14743195,g4/13mA/13mA,79,96,0,17
58.177,HRV,56,2,12553889,g4/13mA/13mA,79,96,0,17
58.177,HRV,56,3,13989613,g4/13mA/13mA,79,96,0,17
58.177,HRV,57,0,15141357,g5/13mA/13mA,79,96,0,17
58.177,HRV,57,1,14742648,g4/13mA/13mA,79,96,0,17
58.177,HRV,57,2,12553163,g4/13mA/13mA,79,96,0,17
58.177,HRV,57,3,13988955,g4/13mA/13mA,79,96,0,17
58.177,HRV,58,0,15142456,g5/13mA/13mA,79,96,0,17
58.177,HRV,58,1,14743503,g4/13mA/13mA,79,96,0,17
58.177,HRV,58,2,12553719,g4/13mA/13mA,79,96,0,17
58.177,HRV,58,3,13989406,g4/13mA/13mA,79,96,0,17
58.177,HRV,59,0,15141861,g5/13mA/13mA,79,96,0,17
58.177,HRV,59,1,14743228,g4/13mA/13mA,79,96,0,17
58.177,HRV,59,2,12553222,g4/13mA/13mA,79,96,0,17
58.177,HRV,59,3,13989040,g4/13mA/13mA,79,96,0,17
58.206,HRV,60,0,15142398,g5/13mA/13mA,79,96,0,17
58.206,HRV,60,1,14743612,g4/13mA/13mA,79,96,0,17
58.206,HRV,60,2,12554119,g4/13mA/13mA,79,96,0,17
58.206,HRV,60,3,13989723,g4/13mA/13mA,79,96,0,17
58.206,HRV,61,0,15141946,g5/13mA/13mA,79,96,0,17
58.206,HRV,61,1,14742998,g4/13mA/13mA,79,96,0,17
58.206,HRV,61,2,12553488,g4/13mA/13mA,79,96,0,17
58.206,HRV,61,3,13989016,g4/13mA/13mA,79,96,0,17
58.206,HRV,62,0,15142030,g5/13mA/13mA,79,96,0,17
58.206,HRV,62,1,14743367,g4/13mA/13mA,79,96,0,17
58.206,HRV,62,2,12553666,g4/13mA/13mA,79,96,0,17
58.206,HRV,62,3,13989315,g4/13mA/13mA,79,96,0,17
58.206,HRV,63,0,15141468,g5/13mA/13mA,79,96,0,17
58.206,HRV,63,1,14742667,g4/13mA/13mA,79,96,0,17
58.206,HRV,63,2,12553264,g4/13mA/13mA,79,96,0,17
58.206,HRV,63,3,13988946,g4/13mA/13mA,79,96,0,17
58.206,HRV,64,0,15142261,g5/13mA/13mA,79,96,0,17
58.206,HRV,64,1,14743101,g4/13mA/13mA,79,96,0,17
58.206,HRV,64,2,12553418,g4/13mA/13mA,79,96,0,17
58.206,HRV,64,3,13989212,g4/13mA/13mA,79,96,0,17
58.206,HRV,65,0,15141759,g5/13mA/13mA,79,96,0,17
58.206,HRV,65,1,14742912,g4/13mA/13mA,79,96,0,17
58.206,HRV,65,2,12553173,g4/13mA/13mA,79,96,0,17
58.206,HRV,65,3,13989032,g4/13mA/13mA,79,96,0,17
58.232,HRV,66,0,15141203,g5/13mA/13mA,79,96,0,17
58.232,HRV,66,1,14742614,g4/13mA/13mA,79,96,0,17
58.232,HRV,66,2,12553351,g4/13mA/13mA,79,96,0,17
58.232,HRV,66,3,13988623,g4/13mA/13mA,79,96,0,17
58.232,HRV,67,0,15142517,g5/13mA/13mA,79,96,0,17
58.232,HRV,67,1,14743545,g4/13mA/13mA,79,96,0,17
58.232,HRV,67,2,12553889,g4/13mA/13mA,79,96,0,17
58.232,HRV,67,3,13989749,g4/13mA/13mA,79,96,0,17
58.232,HRV,68,0,15141365,g5/13mA/13mA,79,96,0,17
58.232,HRV,68,1,14742641,g4/13mA/13mA,79,96,0,17
58.232,HRV,68,2,12553204,g4/13mA/13mA,79,96,0,17
58.232,HRV,68,3,13988886,g4/13mA/13mA,79,96,0,17
58.232,HRV,69,0,15142422,g5/13mA/13mA,79,96,0,17
58.232,HRV,69,1,14743623,g4/13mA/13mA,79,96,0,17
58.232,HRV,69,2,12553795,g4/13mA/13mA,79,96,0,17
58.232,HRV,69,3,13989495,g4/13mA/13mA,79,96,0,17
58.232,HRV,70,0,15141212,g5/13mA/13mA,79,96,0,17
58.232,HRV,70,1,14742957,g4/13mA/13mA,79,96,0,17
58.232,HRV,70,2,12553231,g4/13mA/13mA,79,96,0,17
58.232,HRV,70,3,13989203,g4/13mA/13mA,79,96,0,17
58.266,SPO2,37,0,12976140,g1/60mA/0mA,79,96,0,17
58.266,SPO2,37,1,12230195,g1/25mA/0mA,79,96,0,17
58.266,SPO2,38,0,12976306,g1/60mA/0mA,79,96,0,17
58.266,SPO2,38,1,12230187,g1/25mA/0mA,79,96,0,17
58.266,SPO2,39,0,12976181,g1/60mA/0mA,79,96,0,17
58.266,SPO2,39,1,12230229,g1/25mA/0mA,79,96,0,17
58.266,SPO2,40,0,12975967,g1/60mA/0mA,79,96,0,17
58.266,SPO2,40,1,12230153,g1/25mA/0mA,79,96,0,17
58.266,SPO2,41,0,12976167,g1/60mA/0mA,79,96,0,17
58.266,SPO2,41,1,12230178,g1/25mA/0mA,79,96,0,17
58.266,SPO2,42,0,12976487,g1/60mA/0mA,79,96,0,17
58.266,SPO2,42,1,12230207,g1/25mA/0mA,79,96,0,17
58.266,SPO2,43,0,12975457,g1/60mA/0mA,79,96,0,17
58.266,SPO2,43,1,12229900,g1/25mA/0mA,79,96,0,17
58.296,SPO2,44,0,12975937,g1/60mA/0mA,79,96,0,17
58.296,SPO2,44,1,12230071,g1/25mA/0mA,79,96,0,17
58.296,SPO2,45,0,12976350,g1/60mA/0mA,79,96,0,17
58.296,SPO2,45,1,12230470,g1/25mA/0mA,79,96,0,17
58.296,SPO2,46,0,12975439,g1/60mA/0mA,79,96,0,17
58.296,SPO2,46,1,12230057,g1/25mA/0mA,79,96,0,17
58.296,SPO2,47,0,12976939,g1/60mA/0mA,79,96,0,17
58.296,SPO2,47,1,12230667,g1/25mA/0mA,79,96,0,17
58.296,SPO2,48,0,12975804,g1/60mA/0mA,79,96,0,17
58.296,SPO2,48,1,12230075,g1/25mA/0mA,79,96,0,17
58.296,SPO2,49,0,12976193,g1/60mA/0mA,79,96,0,17
58.296,SPO2,49,1,12230207,g1/25mA/0mA,79,96,0,17
58.296,SPO2,50,0,12976157,g1/60mA/0mA,79,96,0,17
58.296,SPO2,50,1,12230187,g1/25mA/0mA,79,96,0,17
58.296,SPO2,51,0,12975824,g1/60mA/0mA,79,96,0,17
58.296,SPO2,51,1,12230027,g1/25mA/0mA,79,96,0,17
58.388,SPO2,52,0,12975157,g1/60mA/0mA,79,96,0,17
58.388,SPO2,52,1,12229563,g1/25mA/0mA,79,96,0,17
58.388,SPO2,53,0,12976836,g1/60mA/0mA,79,96,0,17
58.388,SPO2,53,1,12230744,g1/25mA/0mA,79,96,0,17
58.388,SPO2,54,0,12976635,g1/60mA/0mA,79,96,0,17
58.388,SPO2,54,1,12230444,g1/25mA/0mA,79,96,0,17
58.388,SPO2,55,0,12976258,g1/60mA/0mA,79,96,0,17
58.388,SPO2,55,1,12230341,g1/25mA/0mA,79,96,0,17
58.388,SPO2,56,0,12976764,g1/60mA/0mA,79,96,0,17
58.388,SPO2,56,1,12230491,g1/25mA/0mA,79,96,0,17
58.388,SPO2,57,0,12975533,g1/60mA/0mA,79,96,0,17
58.388,SPO2,57,1,12229946,g1/25mA/0mA,79,96,0,17
58.388,SPO2,58,0,12976618,g1/60mA/0mA,79,96,0,17
58.388,SPO2,58,1,12230372,g1/25mA/0mA,79,96,0,17
58.413,SPO2,59,0,12976031,g1/60mA/0mA,79,96,0,18
58.413,SPO2,59,1,12230178,g1/25mA/0mA,79,96,0,18
58.413,SPO2,60,0,12977007,g1/60mA/0mA,79,96,0,18
58.413,SPO2,60,1,12230642,g1/25mA/0mA,79,96,0,18
58.413,SPO2,61,0,12975911,g1/60mA/0mA,79,96,0,18
58.413,SPO2,61,1,12230044,g1/25mA/0mA,79,96,0,18
58.413,SPO2,62,0,12975935,g1/60mA/0mA,79,96,0,18
58.413,SPO2,62,1,12230086,g1/25mA/0mA,79,96,0,18
58.413,SPO2,63,0,12975797,g1/60mA/0mA,79,96,0,18
58.413,SPO2,63,1,12230173,g1/25mA/0mA,79,96,0,18
58.413,SPO2,64,0,12975920,g1/60mA/0mA,79,96,0,18
58.413,SPO2,64,1,12229984,g1/25mA/0mA,79,96,0,18
58.448,SPO2,65,0,12976022,g1/60mA/0mA,79,96,0,18
58.448,SPO2,65,1,12230195,g1/25mA/0mA,79,96,0,18
58.448,SPO2,66,0,12975518,g1/60mA/0mA,79,96,0,18
58.448,SPO2,66,1,12229994,g1/25mA/0mA,79,96,0,18
58.448,SPO2,67,0,12976611,g1/60mA/0mA,79,96,0,18
58.448,SPO2,67,1,12230428,g1/25mA/0mA,79,96,0,18
58.448,SPO2,68,0,12975642,g1/60mA/0mA,79,96,0,18
58.448,SPO2,68,1,12230116,g1/25mA/0mA,79,96,0,18
58.448,SPO2,69,0,12976264,g1/60mA/0mA,79,96,0,18
58.448,SPO2,69,1,12230209,g1/25mA/0mA,79,96,0,18
58.448,SPO2,70,0,12975780,g1/60mA/0mA,79,96,0,18
58.448,SPO2,70,1,12230125,g1/25mA/0mA,79,96,0,18
59.072,HR,71,0,15141894,g5/13mA/13mA,79,96,0,18
59.072,HR,71,1,14742828,g4/13mA/13mA,79,96,0,18
59.072,HR,71,2,12553335,g4/13mA/13mA,79,96,0,18
59.072,HR,71,3,13989015,g4/13mA/13mA,79,96,0,18
59.072,HR,72,0,15141586,g5/13mA/13mA,79,96,0,18
59.072,HR,72,1,14742803,g4/13mA/13mA,79,96,0,18
59.072,HR,72,2,12553418,g4/13mA/13mA,79,96,0,18
59.072,HR,72,3,13989153,g4/13mA/13mA,79,96,0,18
59.072,HR,73,0,15141586,g5/13mA/13mA,79,96,0,18
59.072,HR,73,1,14742896,g4/13mA/13mA,79,96,0,18
59.072,HR,73,2,12553453,g4/13mA/13mA,79,96,0,18
59.072,HR,73,3,13989330,g4/13mA/13mA,79,96,0,18
59.072,HR,74,0,15141597,g5/13mA/13mA,79,96,0,18
59.072,HR,74,1,14742983,g4/13mA/13mA,79,96,0,18
59.072,HR,74,2,12553342,g4/13mA/13mA,79,96,0,18
59.072,HR,74,3,13988871,g4/13mA/13mA,79,96,0,18
59.072,HR,75,0,15141783,g5/13mA/13mA,79,96,0,18
59.072,HR,75,1,14742896,g4/13mA/13mA,79,96,0,18
59.072,HR,75,2,12553385,g4/13mA/13mA,79,96,0,18
59.072,HR,75,3,13989255,g4/13mA/13mA,79,96,0,18
59.072,HR,76,0,15141818,g5/13mA/13mA,79,96,0,18
59.072,HR,76,1,14743341,g4/13mA/13mA,79,96,0,18
59.072,HR,76,2,12553719,g4/13mA/13mA,79,96,0,18
59.072,HR,76,3,13989025,g4/13mA/13mA,79,96,0,18
59.077,HR,77,0,15141077,g5/13mA/13mA,79,96,0,18
59.077,HR,77,1,14742520,g4/13mA/13mA,79,96,0,18
59.077,HR,77,2,12552789,g4/13mA/13mA,79,96,0,18
59.077,HR,77,3,13988641,g4/13mA/13mA,79,96,0,18
59.077,HR,78,0,15143243,g5/13mA/13mA,79,96,0,18
59.077,HR,78,1,14743852,g4/13mA/13mA,79,96,0,18
59.077,HR,78,2,12553871,g4/13mA/13mA,79,96,0,18
59.077,HR,78,3,13989775,g4/13mA/13mA,79,96,0,18
59.077,HR,79,0,15141434,g5/13mA/13mA,79,96,0,18
59.077,HR,79,1,14743144,g4/13mA/13mA,79,96,0,18
59.077,HR,79,2,12553581,g4/13mA/13mA,79,96,0,18
59.077,HR,79,3,13988871,g4/13mA/13mA,79,96,0,18
59.077,HR,80,0,15141434,g5/13mA/13mA,79,96,0,18
59.077,HR,80,1,14742648,g4/13mA/13mA,79,96,0,18
59.077,HR,80,2,12553231,g4/13mA/13mA,79,96,0,18
59.077,HR,80,3,13988863,g4/13mA/13mA,79,96,0,18
59.077,HR,81,0,15141936,g5/13mA/13mA,79,96,0,18
59.077,HR,81,1,14742726,g4/13mA/13mA,79,96,0,18
59.077,HR,81,2,12553444,g4/13mA/13mA,79,96,0,18
59.077,HR,81,3,13988795,g4/13mA/13mA,79,96,0,18
59.077,HR,82,0,15142193,g5/13mA/13mA,79,96,0,18
59.077,HR,82,1,14743127,g4/13mA/13mA,79,96,0,18
59.077,HR,82,2,12553719,g4/13mA/13mA,79,96,0,18
59.077,HR,82,3,13989477,g4/13mA/13mA,79,96,0,18
59.105,HR,83,0,15142500,g5/13mA/13mA,79,96,0,18
59.105,HR,83,1,14743017,g4/13mA/13mA,79,96,0,18
59.105,HR,83,2,12553692,g4/13mA/13mA,79,96,0,18
59.105,HR,83,3,13989511,g4/13mA/13mA,79,96,0,18
59.105,HR,84,0,15141894,g5/13mA/13mA,79,97,0,18
59.105,HR,84,1,14742939,g4/13mA/13mA,79,97,0,18
59.105,HR,84,2,12553342,g4/13mA/13mA,79,97,0,18
59.105,HR,84,3,13989067,g4/13mA/13mA,79,97,0,18
59.105,HR,85,0,15141808,g5/13mA/13mA,79,97,0,18
59.105,HR,85,1,14742658,g4/13mA/13mA,79,97,0,18
59.105,HR,85,2,12553462,g4/13mA/13mA,79,97,0,18
59.105,HR,85,3,13988931,g4/13mA/13mA,79,97,0,18
59.105,HR,86,0,15140487,g5/13mA/13mA,79,97,0,18
59.105,HR,86,1,14742836,g4/13mA/13mA,79,97,0,18
59.105,HR,86,2,12553010,g4/13mA/13mA,79,97,0,18
59.105,HR,86,3,13988596,g4/13mA/13mA,79,97,0,18
59.105,HR,87,0,15142798,g5/13mA/13mA,79,97,0,18
59.105,HR,87,1,14743459,g4/13mA/13mA,79,97,0,18
59.105,HR,87,2,12553760,g4/13mA/13mA,79,97,0,18
59.105,HR,87,3,13989477,g4/13mA/13mA,79,97,0,18
59.136,HR,88,0,15141484,g5/13mA/13mA,79,97,0,18
59.136,HR,88,1,14742836,g4/13mA/13mA,79,97,0,18
59.136,HR,88,2,12553146,g4/13mA/13mA,79,97,0,18
59.136,HR,88,3,13988905,g4/13mA/13mA,79,97,0,18
59.136,HR,89,0,15142133,g5/13mA/13mA,79,97,0,18
59.136,HR,89,1,14743017,g4/13mA/13mA,79,97,0,18
59.136,HR,89,2,12553742,g4/13mA/13mA,79,97,0,18
59.136,HR,89,3,13989135,g4/13mA/13mA,79,97,0,18
59.136,HR,90,0,15141759,g5/13mA/13mA,79,97,0,18
59.136,HR,90,1,14742538,g4/13mA/13mA,79,97,0,18
59.136,HR,90,2,12553121,g4/13mA/13mA,79,97,0,18
59.136,HR,90,3,13988614,g4/13mA/13mA,79,97,0,18
59.136,HR,91,0,15141688,g5/13mA/13mA,79,97,0,18
59.136,HR,91,1,14743134,g4/13mA/13mA,79,97,0,18
59.136,HR,91,2,12553308,g4/13mA/13mA,79,97,0,18
59.136,HR,91,3,13988845,g4/13mA/13mA,79,97,0,18
59.136,HR,92,0,15142169,g5/13mA/13mA,79,97,0,18
59.136,HR,92,1,14743314,g4/13mA/13mA,79,97,0,18
59.136,HR,92,2,12553486,g4/13mA/13mA,79,97,0,18
59.136,HR,92,3,13989160,g4/13mA/13mA,79,97,0,18
59.136,HR,93,0,15141971,g5/13mA/13mA,79,97,0,18
59.136,HR,93,1,14743281,g4/13mA/13mA,79,97,0,18
59.136,HR,93,2,12553539,g4/13mA/13mA,79,97,0,18
59.136,HR,93,3,13989280,g4/13mA/13mA,79,97,0,18
59.195,HR,94,0,15142143,g5/13mA/13mA,79,97,0,18
59.195,HR,94,1,14743032,g4/13mA/13mA,79,97,0,18
59.195,HR,94,2,12553640,g4/13mA/13mA,79,97,0,18
59.195,HR,94,3,13989135,g4/13mA/13mA,79,97,0,18
59.195,HR,95,0,15141468,g5/13mA/13mA,79,97,0,18
59.195,HR,95,1,14742531,g4/13mA/13mA,79,97,0,18
59.195,HR,95,2,12553554,g4/13mA/13mA,79,97,0,18
59.195,HR,95,3,13988957,g4/13mA/13mA,79,97,0,18
59.195,HR,96,0,15142500,g5/13mA/13mA,79,97,0,18
59.195,HR,96,1,14743391,g4/13mA/13mA,79,97,0,18
59.195,HR,96,2,12553828,g4/13mA/13mA,79,97,0,18
59.195,HR,96,3,13989391,g4/13mA/13mA,79,97,0,18
59.195,HR,97,0,15141980,g5/13mA/13mA,79,97,0,18
59.195,HR,97,1,14743084,g4/13mA/13mA,79,97,0,18
59.195,HR,97,2,12553385,g4/13mA/13mA,79,97,0,18
59.195,HR,97,3,13989270,g4/13mA/13mA,79,97,0,18
59.195,HR,98,0,15142098,g5/13mA/13mA,79,97,0,18
59.195,HR,98,1,14742965,g4/13mA/13mA,79,97,0,18
59.195,HR,98,2,12553394,g4/13mA/13mA,79,97,0,18
59.195,HR,98,3,13989075,g4/13mA/13mA,79,97,0,18
59.195,HR,99,0,15141571,g5/13mA/13mA,79,97,0,18
59.195,HR,99,1,14743127,g4/13mA/13mA,79,97,0,18
59.195,HR,99,2,12553556,g4/13mA/13mA,79,97,0,18
59.195,HR,99,3,13988957,g4/13mA/13mA,79,97,0,18
59.223,HR,100,0,15141025,g5/13mA/13mA,79,97,0,18
59.223,HR,100,1,14742436,g4/13mA/13mA,79,97,0,18
59.223,HR,100,2,12553249,g4/13mA/13mA,79,97,0,18
59.223,HR,100,3,13988768,g4/13mA/13mA,79,97,0,18
59.223,HR,101,0,15142653,g5/13mA/13mA,79,97,0,18
59.223,HR,101,1,14743792,g4/13mA/13mA,79,97,0,18
59.223,HR,101,2,12554144,g4/13mA/13mA,79,97,0,18
59.223,HR,101,3,13989571,g4/13mA/13mA,79,97,0,18
59.223,HR,102,0,15141484,g5/13mA/13mA,79,97,0,18
59.223,HR,102,1,14743032,g4/13mA/13mA,79,97,0,18
59.223,HR,102,2,12553546,g4/13mA/13mA,79,97,0,18
59.223,HR,102,3,13988810,g4/13mA/13mA,79,97,0,18
59.223,HR,103,0,15141843,g5/13mA/13mA,79,97,0,18
59.223,HR,103,1,14742965,g4/13mA/13mA,79,97,0,18
59.223,HR,103,2,12553539,g4/13mA/13mA,79,97,0,18
59.223,HR,103,3,13989168,g4/13mA/13mA,79,97,0,18
59.223,HR,104,0,15141759,g5/13mA/13mA,79,97,0,18
59.223,HR,104,1,14743228,g4/13mA/13mA,79,97,0,18
59.223,HR,104,2,12553207,g4/13mA/13mA,79,97,0,18
59.223,HR,104,3,13989203,g4/13mA/13mA,79,97,0,18
59.285,HRV,71,0,15141894,g5/13mA/13mA,79,97,0,18
59.285,HRV,71,1,14742828,g4/13mA/13mA,79,97,0,18
59.285,HRV,71,2,12553335,g4/13mA/13mA,79,97,0,18
59.285,HRV,71,3,13989015,g4/13mA/13mA,79,97,0,18
59.285,HRV,72,0,15141586,g5/13mA/13mA,79,97,0,18
59.285,HRV,72,1,14742803,g4/13mA/13mA,79,97,0,18
59.285,HRV,72,2,12553418,g4/13mA/13mA,79,97,0,18
59.285,HRV,72,3,13989153,g4/13mA/13mA,79,97,0,18
59.285,HRV,73,0,15141586,g5/13mA/13mA,79,97,0,18
59.285,HRV,73,1,14742896,g4/13mA/13mA,79,97,0,18
59.285,HRV,73,2,12553453,g4/13mA/13mA,79,97,0,18
59.285,HRV,73,3,13989330,g4/13mA/13mA,79,97,0,18
59.285,HRV,74,0,15141597,g5/13mA/13mA,79,97,0,18
59.285,HRV,74,1,14742983,g4/13mA/13mA,79,97,0,18
59.285,HRV,74,2,12553342,g4/13mA/13mA,79,97,0,18
59.285,HRV,74,3,13988871,g4/13mA/13mA,79,97,0,18
59.285,HRV,75,0,15141783,g5/13mA/13mA,79,97,0,18
59.285,HRV,75,1,14742896,g4/13mA/13mA,79,97,0,18
59.285,HRV,75,2,12553385,g4/13mA/13mA,79,97,0,18
59.285,HRV,75,3,13989255,g4/13mA/13mA,79,97,0,18
59.285,HRV,76,0,15141818,g5/13mA/13mA,79,97,0,18
59.285,HRV,76,1,14743341,g4/13mA/13mA,79,97,0,18
59.285,HRV,76,2,12553719,g4/13mA/13mA,79,97,0,18
59.285,HRV,76,3,13989025,g4/13mA/13mA,79,97,0,18
59.371,HRV,77,0,15141077,g5/13mA/13mA,79,97,0,18
59.371,HRV,77,1,14742520,g4/13mA/13mA,79,97,0,18
59.371,HRV,77,2,12552789,g4/13mA/13mA,79,97,0,18
59.371,HRV,77,3,13988641,g4/13mA/13mA,79,97,0,18
59.371,HRV,78,0,15143243,g5/13mA/13mA,79,97,0,18
59.371,HRV,78,1,14743852,g4/13mA/13mA,79,97,0,18
59.371,HRV,78,2,12553871,g4/13mA/13mA,79,97,0,18
59.371,HRV,78,3,13989775,g4/13mA/13mA,79,97,0,18
59.371,HRV,79,0,15141434,g5/13mA/13mA,79,97,0,18
59.371,HRV,79,1,14743144,g4/13mA/13mA,79,97,0,18
59.371,HRV,79,2,12553581,g4/13mA/13mA,79,97,0,18
59.371,HRV,79,3,13988871,g4/13mA/13mA,79,97,0,18
59.371,HRV,80,0,15141434,g5/13mA/13mA,79,97,0,18
59.372,HRV,80,1,14742648,g4/13mA/13mA,79,97,0,18
59.372,HRV,80,2,12553231,g4/13mA/13mA,79,97,0,18
59.372,HRV,80,3,13988863,g4/13mA/13mA,79,97,0,18
59.372,HRV,81,0,15141936,g5/13mA/13mA,79,97,0,18
59.372,HRV,81,1,14742726,g4/13mA/13mA,79,97,0,18
59.372,HRV,81,2,12553444,g4/13mA/13mA,79,97,0,18
59.372,HRV,81,3,13988795,g4/13mA/13mA,79,97,0,18
59.372,HRV,82,0,15142193,g5/13mA/13mA,79,97,0,18
59.372,HRV,82,1,14743127,g4/13mA/13mA,79,97,0,18
59.372,HRV,82,2,12553719,g4/13mA/13mA,79,97,0,18
59.372,HRV,82,3,13989477,g4/13mA/13mA,79,97,0,18
59.377,HRV,83,0,15142500,g5/13mA/13mA,79,97,0,18
59.377,HRV,83,1,14743017,g4/13mA/13mA,79,97,0,18
59.377,HRV,83,2,12553692,g4/13mA/13mA,79,97,0,18
59.377,HRV,83,3,13989511,g4/13mA/13mA,79,97,0,18
59.377,HRV,84,0,15141894,g5/13mA/13mA,79,97,0,18
59.377,HRV,84,1,14742939,g4/13mA/13mA,79,97,0,18
59.377,HRV,84,2,12553342,g4/13mA/13mA,79,97,0,18
59.377,HRV,84,3,13989067,g4/13mA/13mA,79,97,0,18
59.377,HRV,85,0,15141808,g5/13mA/13mA,79,97,0,18
59.377,HRV,85,1,14742658,g4/13mA/13mA,79,97,0,18
59.377,HRV,85,2,12553462,g4/13mA/13mA,79,97,0,18
59.377,HRV,85,3,13988931,g4/13mA/13mA,79,97,0,18
59.377,HRV,86,0,15140487,g5/13mA/13mA,79,97,0,18
59.377,HRV,86,1,14742836,g4/13mA/13mA,79,97,0,18
59.377,HRV,86,2,12553010,g4/13mA/13mA,79,97,0,18
59.377,HRV,86,3,13988596,g4/13mA/13mA,79,97,0,18
59.377,HRV,87,0,15142798,g5/13mA/13mA,79,97,0,18
59.377,HRV,87,1,14743459,g4/13mA/13mA,79,97,0,18
59.377,HRV,87,2,12553760,g4/13mA/13mA,79,97,0,18
59.377,HRV,87,3,13989477,g4/13mA/13mA,79,97,0,18
59.403,HRV,88,0,15141484,g5/13mA/13mA,79,97,0,18
59.403,HRV,88,1,14742836,g4/13mA/13mA,79,97,0,18
59.403,HRV,88,2,12553146,g4/13mA/13mA,79,97,0,18
59.403,HRV,88,3,13988905,g4/13mA/13mA,79,97,0,18
59.403,HRV,89,0,15142133,g5/13mA/13mA,79,97,0,18
59.403,HRV,89,1,14743017,g4/13mA/13mA,79,97,0,18
59.403,HRV,89,2,12553742,g4/13mA/13mA,79,97,0,18
59.403,HRV,89,3,13989135,g4/13mA/13mA,79,97,0,18
59.403,HRV,90,0,15141759,g5/13mA/13mA,79,97,0,18
59.403,HRV,90,1,14742538,g4/13mA/13mA,79,97,0,18
59.403,HRV,90,2,12553121,g4/13mA/13mA,79,97,0,18
59.403,HRV,90,3,13988614,g4/13mA/13mA,79,97,0,18
59.403,HRV,91,0,15141688,g5/13mA/13mA,79,97,0,18
59.403,HRV,91,1,14743134,g4/13mA/13mA,79,97,0,18
59.403,HRV,91,2,12553308,g4/13mA/13mA,79,97,0,18
59.403,HRV,91,3,13988845,g4/13mA/13mA,79,97,0,18
59.403,HRV,92,0,15142169,g5/13mA/13mA,79,97,0,18
59.403,HRV,92,1,14743314,g4/13mA/13mA,79,97,0,18
59.403,HRV,92,2,12553486,g4/13mA/13mA,79,97,0,18
59.403,HRV,92,3,13989160,g4/13mA/13mA,79,97,0,18
59.403,HRV,93,0,15141971,g5/13mA/13mA,79,97,0,18
59.403,HRV,93,1,14743281,g4/13mA/13mA,79,97,0,18
59.403,HRV,93,2,12553539,g4/13mA/13mA,79,97,0,18
59.403,HRV,93,3,13989280,g4/13mA/13mA,79,97,0,18
59.435,HRV,94,0,15142143,g5/13mA/13mA,79,97,0,18
59.435,HRV,94,1,14743032,g4/13mA/13mA,79,97,0,18
59.435,HRV,94,2,12553640,g4/13mA/13mA,79,97,0,18
59.435,HRV,94,3,13989135,g4/13mA/13mA,79,97,0,18
59.435,HRV,95,0,15141468,g5/13mA/13mA,79,97,0,18
59.435,HRV,95,1,14742531,g4/13mA/13mA,79,97,0,18
59.435,HRV,95,2,12553554,g4/13mA/13mA,79,97,0,18
59.435,HRV,95,3,13988957,g4/13mA/13mA,79,97,0,18
59.435,HRV,96,0,15142500,g5/13mA/13mA,79,97,0,18
59.435,HRV,96,1,14743391,g4/13mA/13mA,79,97,0,18
59.435,HRV,96,2,12553828,g4/13mA/13mA,79,97,0,18
59.435,HRV,96,3,13989391,g4/13mA/13mA,79,97,0,18
59.435,HRV,97,0,15141980,g5/13mA/13mA,79,97,0,18
59.435,HRV,97,1,14743084,g4/13mA/13mA,79,97,0,18
59.435,HRV,97,2,12553385,g4/13mA/13mA,79,97,0,18
59.435,HRV,97,3,13989270,g4/13mA/13mA,79,97,0,18
59.435,HRV,98,0,15142098,g5/13mA/13mA,79,97,0,18
59.435,HRV,98,1,14742965,g4/13mA/13mA,79,97,0,18
59.435,HRV,98,2,12553394,g4/13mA/13mA,79,97,0,18
59.435,HRV,98,3,13989075,g4/13mA/13mA,79,97,0,18
59.435,HRV,99,0,15141571,g5/13mA/13mA,79,97,0,18
59.435,HRV,99,1,14743127,g4/13mA/13mA,79,97,0,18
59.435,HRV,99,2,12553556,g4/13mA/13mA,79,97,0,18
59.435,HRV,99,3,13988957,g4/13mA/13mA,79,97,0,18
59.464,HRV,100,0,15141025,g5/13mA/13mA,79,97,0,18
59.465,HRV,100,1,14742436,g4/13mA/13mA,79,97,0,18
59.465,HRV,100,2,12553249,g4/13mA/13mA,79,97,0,18
59.465,HRV,100,3,13988768,g4/13mA/13mA,79,97,0,18
59.465,HRV,101,0,15142653,g5/13mA/13mA,79,97,0,18
59.465,HRV,101,1,14743792,g4/13mA/13mA,79,97,0,18
59.465,HRV,101,2,12554144,g4/13mA/13mA,79,97,0,18
59.465,HRV,101,3,13989571,g4/13mA/13mA,79,97,0,18
59.465,HRV,102,0,15141484,g5/13mA/13mA,79,97,0,18
59.465,HRV,102,1,14743032,g4/13mA/13mA,79,97,0,18
59.465,HRV,102,2,12553546,g4/13mA/13mA,79,97,0,18
59.465,HRV,102,3,13988810,g4/13mA/13mA,79,97,0,18
59.465,HRV,103,0,15141843,g5/13mA/13mA,79,97,0,18
59.465,HRV,103,1,14742965,g4/13mA/13mA,79,97,0,18
59.465,HRV,103,2,12553539,g4/13mA/13mA,79,97,0,18
59.465,HRV,103,3,13989168,g4/13mA/13mA,79,97,0,18
59.465,HRV,104,0,15141759,g5/13mA/13mA,79,97,0,18
59.465,HRV,104,1,14743228,g4/13mA/13mA,79,97,0,18
59.465,HRV,104,2,12553207,g4/13mA/13mA,79,97,0,18
59.465,HRV,104,3,13989203,g4/13mA/13mA,79,97,0,18
59.524,SPO2,71,0,12975968,g1/60mA/0mA,79,97,0,18
59.524,SPO2,71,1,12230080,g1/25mA/0mA,79,97,0,18
59.524,SPO2,72,0,12975810,g1/60mA/0mA,79,97,0,18
59.524,SPO2,72,1,12229990,g1/25mA/0mA,79,97,0,18
59.524,SPO2,73,0,12976007,g1/60mA/0mA,79,97,0,18
59.524,SPO2,73,1,12230239,g1/25mA/0mA,79,97,0,18
59.524,SPO2,74,0,12975997,g1/60mA/0mA,79,97,0,18
59.524,SPO2,74,1,12230243,g1/25mA/0mA,79,97,0,18
59.524,SPO2,75,0,12976121,g1/60mA/0mA,79,97,0,18
59.524,SPO2,75,1,12230037,g1/25mA/0mA,79,97,0,18
59.524,SPO2,76,0,12976397,g1/60mA/0mA,79,97,0,18
59.524,SPO2,76,1,12230276,g1/25mA/0mA,79,97,0,18
59.524,SPO2,77,0,12975451,g1/60mA/0mA,79,97,0,18
59.524,SPO2,77,1,12229968,g1/25mA/0mA,79,97,0,18
59.554,SPO2,78,0,12976699,g1/60mA/0mA,79,97,0,18
59.554,SPO2,78,1,12230473,g1/25mA/0mA,79,97,0,18
59.554,SPO2,79,0,12976176,g1/60mA/0mA,79,97,0,18
59.554,SPO2,79,1,12230190,g1/25mA/0mA,79,97,0,18
59.554,SPO2,80,0,12975733,g1/60mA/0mA,79,97,0,18
59.554,SPO2,80,1,12229974,g1/25mA/0mA,79,97,0,18
59.554,SPO2,81,0,12976031,g1/60mA/0mA,79,97,0,18
59.554,SPO2,81,1,12230156,g1/25mA/0mA,79,97,0,18
59.554,SPO2,82,0,12976233,g1/60mA/0mA,79,97,0,18
59.554,SPO2,82,1,12230162,g1/25mA/0mA,79,97,0,18
59.554,SPO2,83,0,12976505,g1/60mA/0mA,79,97,0,18
59.554,SPO2,83,1,12230407,g1/25mA/0mA,79,97,0,18
59.585,SPO2,84,0,12975774,g1/60mA/0mA,79,97,0,18
59.585,SPO2,84,1,12229956,g1/25mA/0mA,79,97,0,18
59.585,SPO2,85,0,12976109,g1/60mA/0mA,79,97,0,18
59.585,SPO2,85,1,12230173,g1/25mA/0mA,79,97,0,18
59.585,SPO2,86,0,12975422,g1/60mA/0mA,79,97,0,18
59.585,SPO2,86,1,12229805,g1/25mA/0mA,79,97,0,18
59.585,SPO2,87,0,12976623,g1/60mA/0mA,79,97,0,18
59.585,SPO2,87,1,12230473,g1/25mA/0mA,79,97,0,18
59.585,SPO2,88,0,12975890,g1/60mA/0mA,79,97,0,18
59.585,SPO2,88,1,12230058,g1/25mA/0mA,79,97,0,18
59.585,SPO2,89,0,12975926,g1/60mA/0mA,79,97,0,18
59.585,SPO2,89,1,12230075,g1/25mA/0mA,79,97,0,18
59.677,SPO2,90,0,12975895,g1/60mA/0mA,79,97,0,18
59.677,SPO2,90,1,12230260,g1/25mA/0mA,79,97,0,18
59.677,SPO2,91,0,12975863,g1/60mA/0mA,79,97,0,18
59.677,SPO2,91,1,12230041,g1/25mA/0mA,79,97,0,18
59.677,SPO2,92,0,12976293,g1/60mA/0mA,79,97,0,18
59.677,SPO2,92,1,12230249,g1/25mA/0mA,79,97,0,18
59.677,SPO2,93,0,12976194,g1/60mA/0mA,79,97,0,18
59.677,SPO2,93,1,12230227,g1/25mA/0mA,79,97,0,18
59.677,SPO2,94,0,12976140,g1/60mA/0mA,79,97,0,18
59.677,SPO2,94,1,12230107,g1/25mA/0mA,79,97,0,18
59.677,SPO2,95,0,12976041,g1/60mA/0mA,79,97,0,18
59.677,SPO2,95,1,12230156,g1/25mA/0mA,79,97,0,18
59.677,SPO2,96,0,12976185,g1/60mA/0mA,79,97,0,18
59.677,SPO2,96,1,12230092,g1/25mA/0mA,79,97,0,18
59.677,SPO2,97,0,12976217,g1/60mA/0mA,79,97,0,18
59.677,SPO2,97,1,12230291,g1/25mA/0mA,79,97,0,18
59.700,SPO2,98,0,12975867,g1/60mA/0mA,79,97,0,18
59.700,SPO2,98,1,12229993,g1/25mA/0mA,79,97,0,18
59.700,SPO2,99,0,12976248,g1/60mA/0mA,79,97,0,18
59.700,SPO2,99,1,12230328,g1/25mA/0mA,79,97,0,18
59.700,SPO2,100,0,12975654,g1/60mA/0mA,79,97,0,18
59.700,SPO2,100,1,12230011,g1/25mA/0mA,79,97,0,18
59.700,SPO2,101,0,12976857,g1/60mA/0mA,79,97,0,18
59.700,SPO2,101,1,12230464,g1/25mA/0mA,79,97,0,18
59.700,SPO2,102,0,12976004,g1/60mA/0mA,79,97,0,18
59.700,SPO2,102,1,12230065,g1/25mA/0mA,79,97,0,18
59.700,SPO2,103,0,12976047,g1/60mA/0mA,79,97,0,18
59.700,SPO2,103,1,12230008,g1/25mA/0mA,79,97,0,18
59.700,SPO2,104,0,12976100,g1/60mA/0mA,79,97,0,18
59.700,SPO2,104,1,12230168,g1/25mA/0mA,79,97,0,18
