t,func,frame_id,ch,rawdata,agc,hr_bpm,hr_conf,spo2_pct,spo2_conf
1.508,HR,191,0,10487697,g4/12mA/12mA,,,,
1.508,HR,191,1,13691181,g4/12mA/12mA,,,,
1.508,HR,191,2,11718388,g4/12mA/12mA,,,,
1.508,HR,191,3,13118888,g4/12mA/12mA,,,,
1.508,HR,192,0,10487295,g4/12mA/12mA,,,,
1.508,HR,192,1,13690192,g4/12mA/12mA,,,,
1.508,HR,192,2,11717970,g4/12mA/12mA,,,,
1.508,HR,192,3,13118282,g4/12mA/12mA,,,,
1.508,HR,193,0,10487117,g4/12mA/12mA,94,81,,
1.508,HR,193,1,13690141,g4/12mA/12mA,94,81,,
1.508,HR,193,2,11717527,g4/12mA/12mA,94,81,,
1.508,HR,193,3,13118189,g4/12mA/12mA,94,81,,
1.508,HR,194,0,10486887,g4/12mA/12mA,94,81,,
1.508,HR,194,1,13689399,g4/12mA/12mA,94,81,,
1.508,HR,194,2,11717006,g4/12mA/12mA,94,81,,
1.508,HR,194,3,13117719,g4/12mA/12mA,94,81,,
1.508,HR,195,0,10486681,g4/12mA/12mA,94,81,,
1.508,HR,195,1,13689125,g4/12mA/12mA,94,81,,
1.508,HR,195,2,11716980,g4/12mA/12mA,94,81,,
1.508,HR,195,3,13117454,g4/12mA/12mA,94,81,,
1.562,HR,196,0,10487125,g4/12mA/12mA,94,81,,
1.562,HR,196,1,13689772,g4/12mA/12mA,94,81,,
1.562,HR,196,2,11717715,g4/12mA/12mA,94,81,,
1.562,HR,196,3,13118111,g4/12mA/12mA,94,81,,
1.562,HR,197,0,10487362,g4/12mA/12mA,94,81,,
1.562,HR,197,1,13690261,g4/12mA/12mA,94,81,,
1.562,HR,197,2,11717605,g4/12mA/12mA,94,81,,
1.562,HR,197,3,13118094,g4/12mA/12mA,94,81,,
1.562,HR,198,0,10487108,g4/12mA/12mA,94,81,,
1.562,HR,198,1,13690013,g4/12mA/12mA,94,81,,
1.562,HR,198,2,11717458,g4/12mA/12mA,94,81,,
1.562,HR,198,3,13117771,g4/12mA/12mA,94,81,,
1.562,HR,199,0,10486936,g4/12mA/12mA,94,81,,
1.562,HR,199,1,13689749,g4/12mA/12mA,94,81,,
1.562,HR,199,2,11717212,g4/12mA/12mA,94,81,,
1.562,HR,199,3,13117744,g4/12mA/12mA,94,81,,
1.562,HR,200,0,10486017,g4/12mA/12mA,94,81,,
1.562,HR,200,1,13688272,g4/12mA/12mA,94,81,,
1.562,HR,200,2,11716061,g4/12mA/12mA,94,81,,
1.562,HR,200,3,13116362,g4/12mA/12mA,94,81,,
1.562,HR,201,0,10485317,g4/12mA/12mA,94,81,,
1.562,HR,201,1,13687118,g4/12mA/12mA,94,81,,
1.562,HR,201,2,11715368,g4/12mA/12mA,94,81,,
1.562,HR,201,3,13115611,g4/12mA/12mA,94,81,,
1.566,HR,202,0,10484488,g4/12mA/12mA,94,81,,
1.566,HR,202,1,13686121,g4/12mA/12mA,94,81,,
1.566,HR,202,2,11714329,g4/12mA/12mA,94,81,,
1.566,HR,202,3,13114426,g4/12mA/12mA,94,81,,
1.566,HR,203,0,10484112,g4/12mA/12mA,94,81,,
1.566,HR,203,1,13685465,g4/12mA/12mA,94,81,,
1.566,HR,203,2,11713783,g4/12mA/12mA,94,81,,
1.566,HR,203,3,13113931,g4/12mA/12mA,94,81,,
1.566,HR,204,0,10484310,g4/12mA/12mA,94,81,,
1.566,HR,204,1,13685694,g4/12mA/12mA,94,81,,
1.566,HR,204,2,11713945,g4/12mA/12mA,94,81,,
1.566,HR,204,3,13114051,g4/12mA/12mA,94,81,,
1.566,HR,205,0,10484267,g4/12mA/12mA,94,81,,
1.566,HR,205,1,13686045,g4/12mA/12mA,94,81,,
1.566,HR,205,2,11714378,g4/12mA/12mA,94,81,,
1.566,HR,205,3,13114273,g4/12mA/12mA,94,81,,
1.566,HR,206,0,10483472,g4/12mA/12mA,94,81,,
1.566,HR,206,1,13684338,g4/12mA/12mA,94,81,,
1.566,HR,206,2,11712929,g4/12mA/12mA,94,81,,
1.566,HR,206,3,13113181,g4/12mA/12mA,94,81,,
1.566,HR,207,0,10482101,g4/12mA/12mA,94,81,,
1.566,HR,207,1,13681566,g4/12mA/12mA,94,81,,
1.566,HR,207,2,11710548,g4/12mA/12mA,94,81,,
1.566,HR,207,3,13110827,g4/12mA/12mA,94,81,,
1.628,HR,208,0,10480846,g4/12mA/12mA,94,81,,
1.628,HR,208,1,13679921,g4/12mA/12mA,94,81,,
1.628,HR,208,2,11709023,g4/12mA/12mA,94,81,,
1.628,HR,208,3,13109411,g4/12mA/12mA,94,81,,
1.628,HR,209,0,10481383,g4/12mA/12mA,94,81,,
1.628,HR,209,1,13680593,g4/12mA/12mA,94,81,,
1.628,HR,209,2,11709916,g4/12mA/12mA,94,81,,
1.628,HR,209,3,13110152,g4/12mA/12mA,94,81,,
1.628,HR,210,0,10482475,g4/12mA/12mA,94,81,,
1.628,HR,210,1,13682742,g4/12mA/12mA,94,81,,
1.628,HR,210,2,11711716,g4/12mA/12mA,94,81,,
1.628,HR,210,3,13111524,g4/12mA/12mA,94,81,,
1.628,HR,211,0,10483253,g4/12mA/12mA,94,81,,
1.628,HR,211,1,13683597,g4/12mA/12mA,94,81,,
1.628,HR,211,2,11712289,g4/12mA/12mA,94,81,,
1.628,HR,211,3,13112183,g4/12mA/12mA,94,81,,
1.628,HR,212,0,10482707,g4/12mA/12mA,94,81,,
1.628,HR,212,1,13683118,g4/12mA/12mA,94,81,,
1.628,HR,212,2,11712050,g4/12mA/12mA,94,81,,
1.628,HR,212,3,13112097,g4/12mA/12mA,94,81,,
1.628,HR,213,0,10483738,g4/12mA/12mA,94,81,,
1.628,HR,213,1,13684971,g4/12mA/12mA,94,81,,
1.628,HR,213,2,11713278,g4/12mA/12mA,94,81,,
1.628,HR,213,3,13113301,g4/12mA/12mA,94,81,,
1.629,HR,214,0,10483055,g4/12mA/12mA,94,81,,
1.629,HR,214,1,13683845,g4/12mA/12mA,94,81,,
1.629,HR,214,2,11712392,g4/12mA/12mA,94,81,,
1.629,HR,214,3,13112251,g4/12mA/12mA,94,81,,
1.629,HR,215,0,10482441,g4/12mA/12mA,94,81,,
1.629,HR,215,1,13682358,g4/12mA/12mA,94,81,,
1.629,HR,215,2,11711342,g4/12mA/12mA,94,81,,
1.629,HR,215,3,13111320,g4/12mA/12mA,94,81,,
1.629,HR,216,0,10482424,g4/12mA/12mA,94,81,,
1.629,HR,216,1,13682257,g4/12mA/12mA,94,81,,
1.629,HR,216,2,11711061,g4/12mA/12mA,94,81,,
1.629,HR,216,3,13111568,g4/12mA/12mA,94,81,,
1.629,HR,217,0,10483370,g4/12mA/12mA,94,81,,
1.629,HR,217,1,13683845,g4/12mA/12mA,94,81,,
1.629,HR,217,2,11712570,g4/12mA/12mA,94,81,,
1.629,HR,217,3,13112821,g4/12mA/12mA,94,81,,
1.629,HR,218,0,10482202,g4/12mA/12mA,95,80,,
1.629,HR,218,1,13682283,g4/12mA/12mA,95,80,,
1.629,HR,218,2,11711112,g4/12mA/12mA,95,80,,
1.629,HR,218,3,13111320,g4/12mA/12mA,95,80,,
1.656,HRV,191,0,10487697,g4/12mA/12mA,95,80,,
1.656,HRV,191,1,13691181,g4/12mA/12mA,95,80,,
1.656,HRV,191,2,11718388,g4/12mA/12mA,95,80,,
1.656,HRV,191,3,13118888,g4/12mA/12mA,95,80,,
1.656,HRV,192,0,10487295,g4/12mA/12mA,95,80,,
1.656,HRV,192,1,13690192,g4/12mA/12mA,95,80,,
1.656,HRV,192,2,11717970,g4/12mA/12mA,95,80,,
1.656,HRV,192,3,13118282,g4/12mA/12mA,95,80,,
1.656,HRV,193,0,10487117,g4/12mA/12mA,95,80,,
1.656,HRV,193,1,13690141,g4/12mA/12mA,95,80,,
1.656,HRV,193,2,11717527,g4/12mA/12mA,95,80,,
1.656,HRV,193,3,13118189,g4/12mA/12mA,95,80,,
1.656,HRV,194,0,10486887,g4/12mA/12mA,95,80,,
1.656,HRV,194,1,13689399,g4/12mA/12mA,95,80,,
1.656,HRV,194,2,11717006,g4/12mA/12mA,95,80,,
1.656,HRV,194,3,13117719,g4/12mA/12mA,95,80,,
1.656,HRV,195,0,10486681,g4/12mA/12mA,95,80,,
1.656,HRV,195,1,13689125,g4/12mA/12mA,95,80,,
1.656,HRV,195,2,11716980,g4/12mA/12mA,95,80,,
1.656,HRV,195,3,13117454,g4/12mA/12mA,95,80,,
1.686,HRV,196,0,10487125,g4/12mA/12mA,95,80,,
1.686,HRV,196,1,13689772,g4/12mA/12mA,95,80,,
1.686,HRV,196,2,11717715,g4/12mA/12mA,95,80,,
1.686,HRV,196,3,13118111,g4/12mA/12mA,95,80,,
1.686,HRV,197,0,10487362,g4/12mA/12mA,95,80,,
1.686,HRV,197,1,13690261,g4/12mA/12mA,95,80,,
1.686,HRV,197,2,11717605,g4/12mA/12mA,95,80,,
1.686,HRV,197,3,13118094,g4/12mA/12mA,95,80,,
1.686,HRV,198,0,10487108,g4/12mA/12mA,95,80,,
1.686,HRV,198,1,13690013,g4/12mA/12mA,95,80,,
1.686,HRV,198,2,11717458,g4/12mA/12mA,95,80,,
1.686,HRV,198,3,13117771,g4/12mA/12mA,95,80,,
1.686,HRV,199,0,10486936,g4/12mA/12mA,95,80,,
1.686,HRV,199,1,13689749,g4/12mA/12mA,95,80,,
1.686,HRV,199,2,11717212,g4/12mA/12mA,95,80,,
1.686,HRV,199,3,13117744,g4/12mA/12mA,95,80,,
1.686,HRV,200,0,10486017,g4/12mA/12mA,95,80,,
1.686,HRV,200,1,13688272,g4/12mA/12mA,95,80,,
1.686,HRV,200,2,11716061,g4/12mA/12mA,95,80,,
1.686,HRV,200,3,13116362,g4/12mA/12mA,95,80,,
1.686,HRV,201,0,10485317,g4/12mA/12mA,95,80,,
1.686,HRV,201,1,13687118,g4/12mA/12mA,95,80,,
1.686,HRV,201,2,11715368,g4/12mA/12mA,95,80,,
1.686,HRV,201,3,13115611,g4/12mA/12mA,95,80,,
1.687,HRV,214,0,10483055,g4/12mA/12mA,95,80,,
1.687,HRV,214,1,13683845,g4/12mA/12mA,95,80,,
1.687,HRV,214,2,11712392,g4/12mA/12mA,95,80,,
1.687,HRV,214,3,13112251,g4/12mA/12mA,95,80,,
1.687,HRV,215,0,10482441,g4/12mA/12mA,95,80,,
1.687,HRV,215,1,13682358,g4/12mA/12mA,95,80,,
1.687,HRV,215,2,11711342,g4/12mA/12mA,95,80,,
1.687,HRV,215,3,13111320,g4/12mA/12mA,95,80,,
1.687,HRV,216,0,10482424,g4/12mA/12mA,95,80,,
1.687,HRV,216,1,13682257,g4/12mA/12mA,95,80,,
1.687,HRV,216,2,11711061,g4/12mA/12mA,95,80,,
1.687,HRV,216,3,13111568,g4/12mA/12mA,95,80,,
1.687,HRV,217,0,10483370,g4/12mA/12mA,95,80,,
1.687,HRV,217,1,13683845,g4/12mA/12mA,95,80,,
1.687,HRV,217,2,11712570,g4/12mA/12mA,95,80,,
1.687,HRV,217,3,13112821,g4/12mA/12mA,95,80,,
1.687,HRV,218,0,10482202,g4/12mA/12mA,95,80,,
1.687,HRV,218,1,13682283,g4/12mA/12mA,95,80,,
1.687,HRV,218,2,11711112,g4/12mA/12mA,95,80,,
1.687,HRV,218,3,13111320,g4/12mA/12mA,95,80,,
1.717,SPO2,191,0,13106220,g1/73mA/0mA,95,80,,
1.717,SPO2,191,1,13332922,g1/36mA/0mA,95,80,,
1.717,SPO2,192,0,13104906,g1/73mA/0mA,95,80,,
1.717,SPO2,192,1,13331952,g1/36mA/0mA,95,80,,
1.718,SPO2,193,0,13104954,g1/73mA/0mA,95,80,0,19
1.718,SPO2,193,1,13332169,g1/36mA/0mA,95,80,0,19
1.718,SPO2,194,0,13104602,g1/73mA/0mA,95,80,0,19
1.718,SPO2,194,1,13332357,g1/36mA/0mA,95,80,0,19
1.718,SPO2,195,0,13104323,g1/73mA/0mA,95,80,0,19
1.718,SPO2,195,1,13331931,g1/36mA/0mA,95,80,0,19
1.718,SPO2,196,0,13105151,g1/73mA/0mA,95,80,0,19
1.718,SPO2,196,1,13332531,g1/36mA/0mA,95,80,0,19
1.744,SPO2,205,0,13098377,g1/73mA/0mA,95,80,0,19
1.744,SPO2,205,1,13327152,g1/36mA/0mA,95,80,0,19
1.744,SPO2,206,0,13095935,g1/73mA/0mA,95,80,0,19
1.744,SPO2,206,1,13325655,g1/36mA/0mA,95,80,0,19
1.744,SPO2,207,0,13090277,g1/73mA/0mA,95,80,0,19
1.744,SPO2,207,1,13320560,g1/36mA/0mA,95,80,0,19
1.744,SPO2,208,0,13090471,g1/73mA/0mA,95,80,0,19
1.744,SPO2,208,1,13322848,g1/36mA/0mA,95,80,0,19
1.744,SPO2,209,0,13092059,g1/73mA/0mA,95,80,0,19
1.744,SPO2,209,1,13324092,g1/36mA/0mA,95,80,0,19
1.744,SPO2,210,0,13094453,g1/73mA/0mA,95,80,0,19
1.744,SPO2,210,1,13325397,g1/36mA/0mA,95,80,0,19
1.744,SPO2,211,0,13095452,g1/73mA/0mA,95,80,0,19
1.744,SPO2,211,1,13325773,g1/36mA/0mA,95,80,0,19
1.746,SPO2,218,0,13093717,g1/73mA/0mA,95,80,0,19
1.746,SPO2,218,1,13324693,g1/36mA/0mA,95,80,0,19
1.746,SPO2,219,0,13094915,g1/73mA/0mA,95,80,0,19
1.746,SPO2,219,1,13325462,g1/36mA/0mA,95,80,0,19
1.746,SPO2,220,0,13093950,g1/73mA/0mA,95,80,0,19
1.746,SPO2,220,1,13324697,g1/36mA/0mA,95,80,0,19
1.746,SPO2,221,0,13094652,g1/73mA/0mA,95,80,0,19
1.746,SPO2,221,1,13324719,g1/36mA/0mA,95,80,0,19
1.746,SPO2,222,0,13093698,g1/73mA/0mA,95,80,0,19
1.746,SPO2,222,1,13324502,g1/36mA/0mA,95,80,0,19
1.746,SPO2,223,0,13094102,g1/73mA/0mA,95,80,0,19
1.746,SPO2,223,1,13324784,g1/36mA/0mA,95,80,0,19
2.887,HR,224,0,10482475,g4/12mA/12mA,95,80,0,19
2.887,HR,224,1,13683042,g4/12mA/12mA,95,80,0,19
2.887,HR,224,2,11711743,g4/12mA/12mA,95,80,0,19
2.887,HR,224,3,13111626,g4/12mA/12mA,95,80,0,19
2.887,HR,225,0,10482168,g4/12mA/12mA,95,80,0,19
2.887,HR,225,1,13682223,g4/12mA/12mA,95,80,0,19
2.887,HR,225,2,11711078,g4/12mA/12mA,95,80,0,19
2.887,HR,225,3,13111287,g4/12mA/12mA,95,80,0,19
2.887,HR,226,0,10481520,g4/12mA/12mA,95,80,0,19
2.887,HR,226,1,13680780,g4/12mA/12mA,95,80,0,19
2.887,HR,226,2,11709994,g4/12mA/12mA,95,80,0,19
2.887,HR,226,3,13110244,g4/12mA/12mA,95,80,0,19
2.887,HR,227,0,10486178,g4/12mA/12mA,95,80,0,19
2.887,HR,227,1,13689432,g4/12mA/12mA,95,80,0,19
2.887,HR,227,2,11716983,g4/12mA/12mA,95,80,0,19
2.887,HR,227,3,13116559,g4/12mA/12mA,95,80,0,19
2.887,HR,228,0,10486495,g4/12mA/12mA,95,80,0,19
2.887,HR,228,1,13690728,g4/12mA/12mA,95,80,0,19
2.887,HR,228,2,11717851,g4/12mA/12mA,95,80,0,19
2.887,HR,228,3,13117258,g4/12mA/12mA,95,80,0,19
2.944,HR,229,0,10480863,g4/12mA/12mA,95,80,0,19
2.944,HR,229,1,13682350,g4/12mA/12mA,95,80,0,19
2.944,HR,229,2,11711565,g4/12mA/12mA,95,80,0,19
2.944,HR,229,3,13109641,g4/12mA/12mA,95,80,0,19
2.944,HR,230,0,10480941,g4/12mA/12mA,95,80,0,19
2.944,HR,230,1,13683297,g4/12mA/12mA,95,80,0,19
2.944,HR,230,2,11711632,g4/12mA/12mA,95,80,0,19
2.944,HR,230,3,13110203,g4/12mA/12mA,95,80,0,19
2.944,HR,231,0,10480682,g4/12mA/12mA,95,80,0,19
2.944,HR,231,1,13682641,g4/12mA/12mA,95,80,0,19
2.944,HR,231,2,11711418,g4/12mA/12mA,95,80,0,19
2.944,HR,231,3,13109829,g4/12mA/12mA,95,80,0,19
2.944,HR,232,0,10479039,g4/12mA/12mA,95,80,0,19
2.944,HR,232,1,13677549,g4/12mA/12mA,95,80,0,19
2.944,HR,232,2,11707750,g4/12mA/12mA,95,80,0,19
2.944,HR,232,3,13106610,g4/12mA/12mA,95,80,0,19
2.944,HR,233,0,10476486,g4/12mA/12mA,95,80,0,19
2.944,HR,233,1,13672055,g4/12mA/12mA,95,80,0,19
2.944,HR,233,2,11702086,g4/12mA/12mA,95,80,0,19
2.944,HR,233,3,13104505,g4/12mA/12mA,95,80,0,19
2.944,HR,234,0,10528528,g4/12mA/12mA,95,80,0,19
2.944,HR,234,1,13764106,g4/12mA/12mA,95,80,0,19
2.944,HR,234,2,11778757,g4/12mA/12mA,95,80,0,19
2.944,HR,234,3,13181388,g4/12mA/12mA,95,80,0,19
2.946,HR,235,0,10501994,g4/12mA/12mA,95,80,0,19
2.946,HR,235,1,13712550,g4/12mA/12mA,95,80,0,19
2.946,HR,235,2,11736696,g4/12mA/12mA,95,80,0,19
2.946,HR,235,3,13142545,g4/12mA/12mA,95,80,0,19
2.946,HR,236,0,10502516,g4/12mA/12mA,95,80,0,19
2.946,HR,236,1,13713158,g4/12mA/12mA,95,80,0,19
2.946,HR,236,2,11737422,g4/12mA/12mA,95,80,0,19
2.946,HR,236,3,13143628,g4/12mA/12mA,95,80,0,19
2.946,HR,237,0,10504444,g4/12mA/12mA,95,80,0,19
2.946,HR,237,1,13716647,g4/12mA/12mA,95,80,0,19
2.947,HR,237,2,11739957,g4/12mA/12mA,95,80,0,19
2.947,HR,237,3,13145933,g4/12mA/12mA,95,80,0,19
2.947,HR,238,0,10505014,g4/12mA/12mA,95,80,0,19
2.947,HR,238,1,13717286,g4/12mA/12mA,95,80,0,19
2.947,HR,238,2,11740910,g4/12mA/12mA,95,80,0,19
2.947,HR,238,3,13146649,g4/12mA/12mA,95,80,0,19
2.947,HR,239,0,10507258,g4/12mA/12mA,95,80,0,19
2.947,HR,239,1,13721765,g4/12mA/12mA,95,80,0,19
2.947,HR,239,2,11744419,g4/12mA/12mA,95,80,0,19
2.947,HR,239,3,13150044,g4/12mA/12mA,95,80,0,19
2.947,HR,240,0,10509307,g4/12mA/12mA,95,80,0,19
2.947,HR,240,1,13724725,g4/12mA/12mA,95,80,0,19
2.947,HR,240,2,11746901,g4/12mA/12mA,95,80,0,19
2.947,HR,240,3,13152100,g4/12mA/12mA,95,80,0,19
2.977,HR,241,0,10507446,g4/12mA/12mA,95,80,0,19
2.977,HR,241,1,13722200,g4/12mA/12mA,95,80,0,19
2.977,HR,241,2,11744419,g4/12mA/12mA,95,80,0,19
2.977,HR,241,3,13150189,g4/12mA/12mA,95,80,0,19
2.977,HR,242,0,10507266,g4/12mA/12mA,95,80,0,19
2.977,HR,242,1,13722020,g4/12mA/12mA,95,80,0,19
2.977,HR,242,2,11744145,g4/12mA/12mA,95,80,0,19
2.977,HR,242,3,13149778,g4/12mA/12mA,95,80,0,19
2.977,HR,243,0,10507285,g4/12mA/12mA,95,82,0,19
2.977,HR,243,1,13721775,g4/12mA/12mA,95,82,0,19
2.977,HR,243,2,11744128,g4/12mA/12mA,95,82,0,19
2.977,HR,243,3,13149805,g4/12mA/12mA,95,82,0,19
2.977,HR,244,0,10507164,g4/12mA/12mA,95,82,0,19
2.977,HR,244,1,13721383,g4/12mA/12mA,95,82,0,19
2.977,HR,244,2,11744171,g4/12mA/12mA,95,82,0,19
2.977,HR,244,3,13149616,g4/12mA/12mA,95,82,0,19
2.977,HR,245,0,10507428,g4/12mA/12mA,95,82,0,19
2.977,HR,245,1,13722566,g4/12mA/12mA,95,82,0,19
2.977,HR,245,2,11744639,g4/12mA/12mA,95,82,0,19
2.977,HR,245,3,13150232,g4/12mA/12mA,95,82,0,19
2.977,HR,246,0,10507472,g4/12mA/12mA,95,82,0,19
2.977,HR,246,1,13722397,g4/12mA/12mA,95,82,0,19
2.977,HR,246,2,11744837,g4/12mA/12mA,95,82,0,19
2.977,HR,246,3,13150324,g4/12mA/12mA,95,82,0,19
2.977,HR,247,0,10508019,g4/12mA/12mA,95,82,0,19
2.977,HR,247,1,13723021,g4/12mA/12mA,95,82,0,19
2.977,HR,247,2,11745304,g4/12mA/12mA,95,82,0,19
2.977,HR,247,3,13150974,g4/12mA/12mA,95,82,0,19
2.977,HR,248,0,10507251,g4/12mA/12mA,95,82,0,19
2.977,HR,248,1,13722320,g4/12mA/12mA,95,82,0,19
2.977,HR,248,2,11744460,g4/12mA/12mA,95,82,0,19
2.977,HR,248,3,13149737,g4/12mA/12mA,95,82,0,19
2.977,HR,249,0,10508094,g4/12mA/12mA,95,82,0,19
2.977,HR,249,1,13723334,g4/12mA/12mA,95,82,0,19
2.977,HR,249,2,11745698,g4/12mA/12mA,95,82,0,19
2.977,HR,249,3,13150717,g4/12mA/12mA,95,82,0,19
2.977,HR,250,0,10507285,g4/12mA/12mA,95,82,0,19
2.977,HR,250,1,13722388,g4/12mA/12mA,95,82,0,19
2.977,HR,250,2,11744547,g4/12mA/12mA,95,82,0,19
2.977,HR,250,3,13149940,g4/12mA/12mA,95,82,0,19
2.977,HR,251,0,10507974,g4/12mA/12mA,95,82,0,19
2.977,HR,251,1,13722686,g4/12mA/12mA,95,82,0,19
2.977,HR,251,2,11744981,g4/12mA/12mA,95,82,0,19
2.977,HR,251,3,13150708,g4/12mA/12mA,95,82,0,19
3.006,HRV,224,0,10482475,g4/12mA/12mA,95,82,0,19
3.006,HRV,224,1,13683042,g4/12mA/12mA,95,82,0,19
3.006,HRV,224,2,11711743,g4/12mA/12mA,95,82,0,19
3.006,HRV,224,3,13111626,g4/12mA/12mA,95,82,0,19
3.006,HRV,225,0,10482168,g4/12mA/12mA,95,82,0,19
3.006,HRV,225,1,13682223,g4/12mA/12mA,95,82,0,19
3.006,HRV,225,2,11711078,g4/12mA/12mA,95,82,0,19
3.006,HRV,225,3,13111287,g4/12mA/12mA,95,82,0,19
3.006,HRV,226,0,10481520,g4/12mA/12mA,95,82,0,19
3.006,HRV,226,1,13680780,g4/12mA/12mA,95,82,0,19
3.006,HRV,226,2,11709994,g4/12mA/12mA,95,82,0,19
3.006,HRV,226,3,13110244,g4/12mA/12mA,95,82,0,19
3.006,HRV,227,0,10486178,g4/12mA/12mA,95,82,0,19
3.006,HRV,227,1,13689432,g4/12mA/12mA,95,82,0,19
3.006,HRV,227,2,11716983,g4/12mA/12mA,95,82,0,19
3.006,HRV,227,3,13116559,g4/12mA/12mA,95,82,0,19
3.006,HRV,228,0,10486495,g4/12mA/12mA,95,82,0,19
3.006,HRV,228,1,13690728,g4/12mA/12mA,95,82,0,19
3.006,HRV,228,2,11717851,g4/12mA/12mA,95,82,0,19
3.006,HRV,228,3,13117258,g4/12mA/12mA,95,82,0,19
3.034,HRV,229,0,10480863,g4/12mA/12mA,95,82,0,19
3.034,HRV,229,1,13682350,g4/12mA/12mA,95,82,0,19
3.034,HRV,229,2,11711565,g4/12mA/12mA,95,82,0,19
3.034,HRV,229,3,13109641,g4/12mA/12mA,95,82,0,19
3.034,HRV,230,0,10480941,g4/12mA/12mA,95,82,0,19
3.034,HRV,230,1,13683297,g4/12mA/12mA,95,82,0,19
3.034,HRV,230,2,11711632,g4/12mA/12mA,95,82,0,19
3.034,HRV,230,3,13110203,g4/12mA/12mA,95,82,0,19
3.034,HRV,231,0,10480682,g4/12mA/12mA,95,82,0,19
3.034,HRV,231,1,13682641,g4/12mA/12mA,95,82,0,19
3.034,HRV,231,2,11711418,g4/12mA/12mA,95,82,0,19
3.034,HRV,231,3,13109829,g4/12mA/12mA,95,82,0,19
3.034,HRV,232,0,10479039,g4/12mA/12mA,95,82,0,19
3.034,HRV,232,1,13677549,g4/12mA/12mA,95,82,0,19
3.034,HRV,232,2,11707750,g4/12mA/12mA,95,82,0,19
3.034,HRV,232,3,13106610,g4/12mA/12mA,95,82,0,19
3.034,HRV,233,0,10476486,g4/12mA/12mA,95,82,0,19
3.034,HRV,233,1,13672055,g4/12mA/12mA,95,82,0,19
3.034,HRV,233,2,11702086,g4/12mA/12mA,95,82,0,19
3.034,HRV,233,3,13104505,g4/12mA/12mA,95,82,0,19
3.034,HRV,234,0,10528528,g4/12mA/12mA,95,82,0,19
3.034,HRV,234,1,13764106,g4/12mA/12mA,95,82,0,19
3.034,HRV,234,2,11778757,g4/12mA/12mA,95,82,0,19
3.034,HRV,234,3,13181388,g4/12mA/12mA,95,82,0,19
3.067,HRV,241,0,10526667,g4/12mA/12mA,95,82,0,19
3.067,HRV,241,1,13761581,g4/12mA/12mA,95,82,0,19
3.067,HRV,241,2,11776275,g4/12mA/12mA,95,82,0,19
3.067,HRV,241,3,13179477,g4/12mA/12mA,95,82,0,19
3.067,HRV,242,0,10526487,g4/12mA/12mA,95,82,0,19
3.067,HRV,242,1,13761401,g4/12mA/12mA,95,82,0,19
3.067,HRV,242,2,11776001,g4/12mA/12mA,95,82,0,19
3.067,HRV,242,3,13179066,g4/12mA/12mA,95,82,0,19
3.067,HRV,243,0,10526506,g4/12mA/12mA,95,82,0,19
3.067,HRV,243,1,13761156,g4/12mA/12mA,95,82,0,19
3.067,HRV,243,2,11775984,g4/12mA/12mA,95,82,0,19
3.067,HRV,243,3,13179093,g4/12mA/12mA,95,82,0,19
3.067,HRV,244,0,10526385,g4/12mA/12mA,95,82,0,19
3.067,HRV,244,1,13760764,g4/12mA/12mA,95,82,0,19
3.067,HRV,244,2,11776027,g4/12mA/12mA,95,82,0,19
3.067,HRV,244,3,13178904,g4/12mA/12mA,95,82,0,19
3.067,HRV,245,0,10526649,g4/12mA/12mA,95,82,0,19
3.067,HRV,245,1,13761947,g4/12mA/12mA,95,82,0,19
3.067,HRV,245,2,11776495,g4/12mA/12mA,95,82,0,19
3.067,HRV,245,3,13179520,g4/12mA/12mA,95,82,0,19
3.098,SPO2,224,0,13094073,g1/73mA/0mA,95,82,0,19
3.098,SPO2,224,1,13324590,g1/36mA/0mA,95,82,0,19
3.098,SPO2,225,0,13093232,g1/73mA/0mA,95,82,0,19
3.098,SPO2,225,1,13324006,g1/36mA/0mA,95,82,0,19
3.098,SPO2,226,0,13091493,g1/73mA/0mA,95,82,0,19
3.098,SPO2,226,1,13323036,g1/36mA/0mA,95,82,0,19
3.098,SPO2,227,0,13104114,g1/73mA/0mA,95,82,0,19
3.098,SPO2,227,1,13332453,g1/36mA/0mA,95,82,0,19
3.098,SPO2,228,0,13103476,g1/73mA/0mA,95,82,0,19
3.098,SPO2,228,1,13331601,g1/36mA/0mA,95,82,0,19
3.098,SPO2,229,0,13090035,g1/73mA/0mA,95,82,0,19
3.098,SPO2,229,1,13325184,g1/36mA/0mA,95,82,0,19
3.098,SPO2,230,0,13090073,g1/73mA/0mA,95,82,0,19
3.098,SPO2,230,1,13324919,g1/36mA/0mA,95,82,0,19
3.099,SPO2,231,0,13089495,g1/73mA/0mA,95,82,0,19
3.099,SPO2,231,1,13324395,g1/36mA/0mA,95,82,0,19
3.099,SPO2,232,0,13083096,g1/73mA/0mA,95,82,0,19
3.099,SPO2,232,1,13318538,g1/36mA/0mA,95,82,0,19
3.099,SPO2,233,0,13084098,g1/73mA/0mA,95,82,0,19
3.099,SPO2,233,1,13319566,g1/36mA/0mA,95,82,0,19
3.099,SPO2,234,0,13246359,g1/73mA/0mA,95,82,0,19
3.099,SPO2,234,1,13431288,g1/36mA/0mA,95,82,0,19
3.099,SPO2,235,0,13147906,g1/73mA/0mA,95,82,0,19
3.099,SPO2,235,1,13364970,g1/36mA/0mA,95,82,0,19
3.099,SPO2,236,0,13146019,g1/73mA/0mA,95,82,0,19
3.099,SPO2,236,1,13359941,g1/36mA/0mA,95,82,0,19
3.099,SPO2,237,0,13149707,g1/73mA/0mA,95,82,0,19
3.099,SPO2,237,1,13362937,g1/36mA/0mA,95,82,0,19
3.126,SPO2,252,0,13156867,g1/73mA/0mA,95,82,0,19
3.126,SPO2,252,1,13367522,g1/36mA/0mA,95,82,0,19
3.126,SPO2,253,0,13159021,g1/73mA/0mA,95,82,0,19
3.126,SPO2,253,1,13369216,g1/36mA/0mA,95,82,0,19
3.126,SPO2,254,0,13156851,g1/73mA/0mA,95,82,0,19
3.126,SPO2,254,1,13367766,g1/36mA/0mA,95,82,0,19
3.126,SPO2,255,0,13157883,g1/73mA/0mA,95,82,0,19
3.126,SPO2,255,1,13367799,g1/36mA/0mA,95,82,0,19
3.126,SPO2,0,0,13159269,g1/73mA/0mA,95,82,0,19
3.126,SPO2,0,1,13369044,g1/36mA/0mA,95,82,0,19
3.154,HR,2,0,10507992,g4/12mA/12mA,95,82,0,19
3.154,HR,2,1,13723003,g4/12mA/12mA,95,82,0,19
3.154,HR,2,2,11745578,g4/12mA/12mA,95,82,0,19
3.154,HR,2,3,13150982,g4/12mA/12mA,95,82,0,19
3.154,HR,3,0,10507872,g4/12mA/12mA,95,82,0,19
3.154,HR,3,1,13722746,g4/12mA/12mA,95,82,0,19
3.154,HR,3,2,11744596,g4/12mA/12mA,95,82,0,19
3.154,HR,3,3,13150324,g4/12mA/12mA,95,82,0,19
3.154,HR,4,0,10508309,g4/12mA/12mA,95,82,0,19
3.154,HR,4,1,13723865,g4/12mA/12mA,95,82,0,19
3.154,HR,4,2,11745851,g4/12mA/12mA,95,82,0,19
3.154,HR,4,3,13151630,g4/12mA/12mA,95,82,0,19
3.154,HR,5,0,10508369,g4/12mA/12mA,95,82,0,19
3.154,HR,5,1,13723361,g4/12mA/12mA,95,82,0,19
3.154,HR,5,2,11745595,g4/12mA/12mA,95,82,0,19
3.154,HR,5,3,13150913,g4/12mA/12mA,95,82,0,19
3.154,HR,6,0,10508983,g4/12mA/12mA,95,82,0,19
3.154,HR,6,1,13724410,g4/12mA/12mA,95,82,0,19
3.154,HR,6,2,11746594,g4/12mA/12mA,95,82,0,19
3.154,HR,6,3,13152193,g4/12mA/12mA,95,82,0,19
3.154,HR,7,0,10508598,g4/12mA/12mA,95,82,0,19
3.154,HR,7,1,13724316,g4/12mA/12mA,95,82,0,19
3.154,HR,7,2,11746483,g4/12mA/12mA,95,82,0,19
3.154,HR,7,3,13151931,g4/12mA/12mA,95,82,0,19
3.156,HRV,8,0,10525941,g4/12mA/12mA,95,82,0,19
3.157,HRV,8,1,13761163,g4/12mA/12mA,95,82,0,19
3.157,HRV,8,2,11775590,g4/12mA/12mA,95,82,0,19
3.157,HRV,8,3,13178588,g4/12mA/12mA,95,82,0,19
3.157,HRV,9,0,10526383,g4/12mA/12mA,95,82,0,19
3.157,HRV,9,1,13761545,g4/12mA/12mA,95,82,0,19
3.157,HRV,9,2,11775693,g4/12mA/12mA,95,82,0,19
3.157,HRV,9,3,13179057,g4/12mA/12mA,95,82,0,19
3.157,HRV,10,0,10526214,g4/12mA/12mA,95,82,0,19
3.157,HRV,10,1,13761436,g4/12mA/12mA,95,82,0,19
3.157,HRV,10,2,11775812,g4/12mA/12mA,95,82,0,19
3.157,HRV,10,3,13178562,g4/12mA/12mA,95,82,0,19
3.157,HRV,11,0,10526709,g4/12mA/12mA,95,82,0,19
3.157,HRV,11,1,13761742,g4/12mA/12mA,95,82,0,19
3.157,HRV,11,2,11776161,g4/12mA/12mA,95,82,0,19
3.157,HRV,11,3,13179390,g4/12mA/12mA,95,82,0,19
3.157,HRV,12,0,10526214,g4/12mA/12mA,95,82,0,19
3.157,HRV,12,1,13761256,g4/12mA/12mA,95,82,0,19
3.157,HRV,12,2,11775573,g4/12mA/12mA,95,82,0,19
3.157,HRV,12,3,13178742,g4/12mA/12mA,95,82,0,19
3.185,SPO2,1,0,13157326,g1/73mA/0mA,95,82,0,19
3.185,SPO2,1,1,13367743,g1/36mA/0mA,95,82,0,19
3.185,SPO2,2,0,13158031,g1/73mA/0mA,95,82,0,19
3.185,SPO2,2,1,13368393,g1/36mA/0mA,95,82,0,19
3.185,SPO2,3,0,13156984,g1/73mA/0mA,95,82,0,19
3.185,SPO2,3,1,13367646,g1/36mA/0mA,95,82,0,19
3.185,SPO2,4,0,13158663,g1/73mA/0mA,95,82,0,19
3.185,SPO2,4,1,13368821,g1/36mA/0mA,95,82,0,19
3.185,SPO2,5,0,13158420,g1/73mA/0mA,95,82,0,19
3.185,SPO2,5,1,13368687,g1/36mA/0mA,95,82,0,19
3.185,SPO2,6,0,13160125,g1/73mA/0mA,95,82,0,19
3.185,SPO2,6,1,13369768,g1/36mA/0mA,95,82,0,19
3.185,SPO2,7,0,13159878,g1/73mA/0mA,95,82,0,19
3.185,SPO2,7,1,13369704,g1/36mA/0mA,95,82,0,19
4.328,HR,13,0,10508316,g4/12mA/12mA,95,82,0,19
4.328,HR,13,1,13723361,g4/12mA/12mA,95,82,0,19
4.328,HR,13,2,11745793,g4/12mA/12mA,95,82,0,19
4.328,HR,13,3,13151153,g4/12mA/12mA,95,82,0,19
4.328,HR,14,0,10507872,g4/12mA/12mA,95,82,0,19
4.328,HR,14,1,13722969,g4/12mA/12mA,95,82,0,19
4.328,HR,14,2,11745109,g4/12mA/12mA,95,82,0,19
4.328,HR,14,3,13150742,g4/12mA/12mA,95,82,0,19
4.328,HR,15,0,10508053,g4/12mA/12mA,95,82,0,19
4.328,HR,15,1,13723447,g4/12mA/12mA,95,82,0,19
4.328,HR,15,2,11745492,g4/12mA/12mA,95,82,0,19
4.328,HR,15,3,13150905,g4/12mA/12mA,95,82,0,19
4.328,HR,16,0,10508521,g4/12mA/12mA,95,82,0,19
4.328,HR,16,1,13723940,g4/12mA/12mA,95,82,0,19
4.329,HR,16,2,11745953,g4/12mA/12mA,95,82,0,19
4.329,HR,16,3,13151545,g4/12mA/12mA,95,82,0,19
4.329,HR,17,0,10507770,g4/12mA/12mA,95,82,0,19
4.329,HR,17,1,13723003,g4/12mA/12mA,95,82,0,19
4.329,HR,17,2,11745255,g4/12mA/12mA,95,82,0,19
4.329,HR,17,3,13150742,g4/12mA/12mA,95,82,0,19
4.329,HR,18,0,10508479,g4/12mA/12mA,95,82,0,19
4.329,HR,18,1,13723736,g4/12mA/12mA,95,82,0,19
4.329,HR,18,2,11746125,g4/12mA/12mA,95,82,0,19
4.329,HR,18,3,13151563,g4/12mA/12mA,95,82,0,19
4.381,HR,19,0,10508180,g4/12mA/12mA,95,82,0,19
4.381,HR,19,1,13723292,g4/12mA/12mA,95,82,0,19
4.381,HR,19,2,11745715,g4/12mA/12mA,95,82,0,19
4.381,HR,19,3,13151042,g4/12mA/12mA,95,82,0,19
4.381,HR,20,0,10508436,g4/12mA/12mA,95,82,0,19
4.381,HR,20,1,13723812,g4/12mA/12mA,95,82,0,19
4.381,HR,20,2,11745937,g4/12mA/12mA,95,82,0,19
4.381,HR,20,3,13151273,g4/12mA/12mA,95,82,0,19
4.381,HR,21,0,10508350,g4/12mA/12mA,95,82,0,19
4.381,HR,21,1,13723326,g4/12mA/12mA,95,82,0,19
4.381,HR,21,2,11745603,g4/12mA/12mA,95,82,0,19
4.381,HR,21,3,13150982,g4/12mA/12mA,95,82,0,19
4.381,HR,22,0,10507277,g4/12mA/12mA,95,82,0,19
4.381,HR,22,1,13722227,g4/12mA/12mA,95,82,0,19
4.381,HR,22,2,11744392,g4/12mA/12mA,95,82,0,19
4.381,HR,22,3,13150068,g4/12mA/12mA,95,82,0,19
4.381,HR,23,0,10506208,g4/12mA/12mA,95,82,0,19
4.381,HR,23,1,13719914,g4/12mA/12mA,95,82,0,19
4.381,HR,23,2,11742908,g4/12mA/12mA,95,82,0,19
4.381,HR,23,3,13148371,g4/12mA/12mA,95,82,0,19
4.381,HR,24,0,10508223,g4/12mA/12mA,95,82,0,19
4.381,HR,24,1,13723633,g4/12mA/12mA,95,82,0,19
4.381,HR,24,2,11745741,g4/12mA/12mA,95,82,0,19
4.381,HR,24,3,13151118,g4/12mA/12mA,95,82,0,19
4.385,HR,25,0,10507258,g4/12mA/12mA,95,82,0,19
4.385,HR,25,1,13721996,g4/12mA/12mA,95,82,0,19
4.385,HR,25,2,11744076,g4/12mA/12mA,95,82,0,19
4.385,HR,25,3,13149770,g4/12mA/12mA,95,82,0,19
4.385,HR,26,0,10507925,g4/12mA/12mA,95,82,0,19
4.385,HR,26,1,13723301,g4/12mA/12mA,95,82,0,19
4.385,HR,26,2,11745424,g4/12mA/12mA,95,82,0,19
4.385,HR,26,3,13150863,g4/12mA/12mA,95,82,0,19
4.385,HR,27,0,10508580,g4/12mA/12mA,95,82,0,19
4.385,HR,27,1,13723982,g4/12mA/12mA,95,82,0,19
4.385,HR,27,2,11746031,g4/12mA/12mA,95,82,0,19
4.385,HR,27,3,13151604,g4/12mA/12mA,95,82,0,19
4.385,HR,28,0,10511968,g4/12mA/12mA,95,82,0,19
4.385,HR,28,1,13729547,g4/12mA/12mA,95,82,0,19
4.385,HR,28,2,11750867,g4/12mA/12mA,95,82,0,19
4.385,HR,28,3,13156101,g4/12mA/12mA,95,82,0,19
4.385,HR,29,0,10505782,g4/12mA/12mA,95,82,0,19
4.385,HR,29,1,13719343,g4/12mA/12mA,95,82,0,19
4.385,HR,29,2,11742303,g4/12mA/12mA,95,82,0,19
4.385,HR,29,3,13147835,g4/12mA/12mA,95,82,0,19
4.417,HR,30,0,10508810,g4/12mA/12mA,95,82,0,19
4.417,HR,30,1,13723890,g4/12mA/12mA,95,82,0,19
4.417,HR,30,2,11745902,g4/12mA/12mA,95,82,0,19
4.417,HR,30,3,13151408,g4/12mA/12mA,95,82,0,19
4.417,HR,31,0,10508547,g4/12mA/12mA,95,82,0,19
4.417,HR,31,1,13723676,g4/12mA/12mA,95,82,0,19
4.417,HR,31,2,11745876,g4/12mA/12mA,95,82,0,19
4.417,HR,31,3,13151435,g4/12mA/12mA,95,82,0,19
4.417,HR,32,0,10511190,g4/12mA/12mA,95,82,0,19
4.417,HR,32,1,13728191,g4/12mA/12mA,95,82,0,19
4.417,HR,32,2,11749443,g4/12mA/12mA,95,82,0,19
4.417,HR,32,3,13155051,g4/12mA/12mA,95,82,0,19
4.417,HR,33,0,10510116,g4/12mA/12mA,95,82,0,19
4.417,HR,33,1,13726485,g4/12mA/12mA,95,82,0,19
4.417,HR,33,2,11748231,g4/12mA/12mA,95,82,0,19
4.417,HR,33,3,13153798,g4/12mA/12mA,95,82,0,19
4.417,HR,34,0,10510986,g4/12mA/12mA,95,82,0,19
4.417,HR,34,1,13728087,g4/12mA/12mA,95,82,0,19
4.417,HR,34,2,11749605,g4/12mA/12mA,95,82,0,19
4.417,HR,34,3,13155230,g4/12mA/12mA,95,82,0,19
4.417,HR,35,0,10510910,g4/12mA/12mA,95,82,0,19
4.417,HR,35,1,13727465,g4/12mA/12mA,95,82,0,19
4.417,HR,35,2,11749247,g4/12mA/12mA,95,82,0,19
4.417,HR,35,3,13154515,g4/12mA/12mA,95,82,0,19
4.441,HR,36,0,10511457,g4/12mA/12mA,95,82,0,19
4.441,HR,36,1,13728437,g4/12mA/12mA,95,82,0,19
4.441,HR,36,2,11749743,g4/12mA/12mA,95,82,0,19
4.441,HR,36,3,13155196,g4/12mA/12mA,95,82,0,19
4.441,HR,37,0,10510900,g4/12mA/12mA,95,83,0,19
4.441,HR,37,1,13727976,g4/12mA/12mA,95,83,0,19
4.441,HR,37,2,11749401,g4/12mA/12mA,95,83,0,19
4.441,HR,37,3,13154805,g4/12mA/12mA,95,83,0,19
4.441,HR,38,0,10511645,g4/12mA/12mA,95,83,0,19
4.441,HR,38,1,13728368,g4/12mA/12mA,95,83,0,19
4.441,HR,38,2,11749921,g4/12mA/12mA,95,83,0,19
4.441,HR,38,3,13155538,g4/12mA/12mA,95,83,0,19
4.441,HR,39,0,10512037,g4/12mA/12mA,95,83,0,19
4.441,HR,39,1,13729502,g4/12mA/12mA,95,83,0,19
4.441,HR,39,2,11750817,g4/12mA/12mA,95,83,0,19
4.441,HR,39,3,13156443,g4/12mA/12mA,95,83,0,19
4.441,HR,40,0,10511943,g4/12mA/12mA,95,83,0,19
4.441,HR,40,1,13729478,g4/12mA/12mA,95,83,0,19
4.441,HR,40,2,11750799,g4/12mA/12mA,95,83,0,19
4.441,HR,40,3,13156297,g4/12mA/12mA,95,83,0,19
4.477,HRV,13,0,10508316,g4/12mA/12mA,95,83,0,19
4.477,HRV,13,1,13723361,g4/12mA/12mA,95,83,0,19
4.477,HRV,13,2,11745793,g4/12mA/12mA,95,83,0,19
4.477,HRV,13,3,13151153,g4/12mA/12mA,95,83,0,19
4.477,HRV,14,0,10507872,g4/12mA/12mA,95,83,0,19
4.477,HRV,14,1,13722969,g4/12mA/12mA,95,83,0,19
4.477,HRV,14,2,11745109,g4/12mA/12mA,95,83,0,19
4.477,HRV,14,3,13150742,g4/12mA/12mA,95,83,0,19
4.477,HRV,15,0,10508053,g4/12mA/12mA,95,83,0,19
4.477,HRV,15,1,13723447,g4/12mA/12mA,95,83,0,19
4.477,HRV,15,2,11745492,g4/12mA/12mA,95,83,0,19
4.477,HRV,15,3,13150905,g4/12mA/12mA,95,83,0,19
4.477,HRV,16,0,10508521,g4/12mA/12mA,95,83,0,19
4.477,HRV,16,1,13723940,g4/12mA/12mA,95,83,0,19
4.477,HRV,16,2,11745953,g4/12mA/12mA,95,83,0,19
4.477,HRV,16,3,13151545,g4/12mA/12mA,95,83,0,19
4.477,HRV,17,0,10507770,g4/12mA/12mA,95,83,0,19
4.477,HRV,17,1,13723003,g4/12mA/12mA,95,83,0,19
4.477,HRV,17,2,11745255,g4/12mA/12mA,95,83,0,19
4.477,HRV,17,3,13150742,g4/12mA/12mA,95,83,0,19
4.477,HRV,18,0,10508479,g4/12mA/12mA,95,83,0,19
4.477,HRV,18,1,13723736,g4/12mA/12mA,95,83,0,19
4.477,HRV,18,2,11746125,g4/12mA/12mA,95,83,0,19
4.477,HRV,18,3,13151563,g4/12mA/12mA,95,83,0,19
4.506,HRV,19,0,10508180,g4/12mA/12mA,95,83,0,19
4.506,HRV,19,1,13723292,g4/12mA/12mA,95,83,0,19
4.506,HRV,19,2,11745715,g4/12mA/12mA,95,83,0,19
4.506,HRV,19,3,13151042,g4/12mA/12mA,95,83,0,19
4.506,HRV,20,0,10508436,g4/12mA/12mA,95,83,0,19
4.506,HRV,20,1,13723812,g4/12mA/12mA,95,83,0,19
4.506,HRV,20,2,11745937,g4/12mA/12mA,95,83,0,19
4.506,HRV,20,3,13151273,g4/12mA/12mA,95,83,0,19
4.506,HRV,21,0,10508350,g4/12mA/12mA,95,83,0,19
4.506,HRV,21,1,13723326,g4/12mA/12mA,95,83,0,19
4.506,HRV,21,2,11745603,g4/12mA/12mA,95,83,0,19
4.506,HRV,21,3,13150982,g4/12mA/12mA,95,83,0,19
4.506,HRV,22,0,10507277,g4/12mA/12mA,95,83,0,19
4.506,HRV,22,1,13722227,g4/12mA/12mA,95,83,0,19
4.506,HRV,22,2,11744392,g4/12mA/12mA,95,83,0,19
4.506,HRV,22,3,13150068,g4/12mA/12mA,95,83,0,19
4.506,HRV,23,0,10506208,g4/12mA/12mA,95,83,0,19
4.506,HRV,23,1,13719914,g4/12mA/12mA,95,83,0,19
4.506,HRV,23,2,11742908,g4/12mA/12mA,95,83,0,19
4.506,HRV,23,3,13148371,g4/12mA/12mA,95,83,0,19
4.506,HRV,24,0,10508223,g4/12mA/12mA,95,83,0,19
4.506,HRV,24,1,13723633,g4/12mA/12mA,95,83,0,19
4.506,HRV,24,2,11745741,g4/12mA/12mA,95,83,0,19
4.506,HRV,24,3,13151118,g4/12mA/12mA,95,83,0,19
4.507,HRV,36,0,10511457,g4/12mA/12mA,95,83,0,19
4.507,HRV,36,1,13728437,g4/12mA/12mA,95,83,0,19
4.507,HRV,36,2,11749743,g4/12mA/12mA,95,83,0,19
4.507,HRV,36,3,13155196,g4/12mA/12mA,95,83,0,19
4.507,HRV,37,0,10510900,g4/12mA/12mA,95,83,0,19
4.507,HRV,37,1,13727976,g4/12mA/12mA,95,83,0,19
4.507,HRV,37,2,11749401,g4/12mA/12mA,95,83,0,19
4.507,HRV,37,3,13154805,g4/12mA/12mA,95,83,0,19
4.507,HRV,38,0,10511645,g4/12mA/12mA,95,83,0,19
4.507,HRV,38,1,13728368,g4/12mA/12mA,95,83,0,19
4.507,HRV,38,2,11749921,g4/12mA/12mA,95,83,0,19
4.507,HRV,38,3,13155538,g4/12mA/12mA,95,83,0,19
4.507,HRV,39,0,10512037,g4/12mA/12mA,95,83,0,19
4.507,HRV,39,1,13729502,g4/12mA/12mA,95,83,0,19
4.507,HRV,39,2,11750817,g4/12mA/12mA,95,83,0,19
4.507,HRV,39,3,13156443,g4/12mA/12mA,95,83,0,19
4.507,HRV,40,0,10511943,g4/12mA/12mA,95,83,0,19
4.507,HRV,40,1,13729478,g4/12mA/12mA,95,83,0,19
4.507,HRV,40,2,11750799,g4/12mA/12mA,95,83,0,19
4.507,HRV,40,3,13156297,g4/12mA/12mA,95,83,0,19
4.592,SPO2,13,0,13158190,g1/73mA/0mA,95,83,0,19
4.592,SPO2,13,1,13368549,g1/36mA/0mA,95,83,0,19
4.592,SPO2,14,0,13157382,g1/73mA/0mA,95,83,0,19
4.592,SPO2,14,1,13367989,g1/36mA/0mA,95,83,0,19
4.592,SPO2,15,0,13158356,g1/73mA/0mA,95,83,0,19
4.592,SPO2,15,1,13368606,g1/36mA/0mA,95,83,0,19
4.592,SPO2,16,0,13158923,g1/73mA/0mA,95,83,0,19
4.592,SPO2,16,1,13369048,g1/36mA/0mA,95,83,0,19
4.592,SPO2,17,0,13157725,g1/73mA/0mA,95,83,0,19
4.592,SPO2,17,1,13368364,g1/36mA/0mA,95,83,0,19
4.592,SPO2,18,0,13159511,g1/73mA/0mA,95,83,0,19
4.592,SPO2,18,1,13369923,g1/36mA/0mA,95,83,0,19
4.592,SPO2,19,0,13158342,g1/73mA/0mA,95,83,0,19
4.592,SPO2,19,1,13368907,g1/36mA/0mA,95,83,0,19
4.596,SPO2,27,0,13159485,g1/73mA/0mA,95,83,0,19
4.596,SPO2,27,1,13369710,g1/36mA/0mA,95,83,0,19
4.596,SPO2,28,0,13166937,g1/73mA/0mA,95,83,0,19
4.596,SPO2,28,1,13374541,g1/36mA/0mA,95,83,0,19
4.596,SPO2,29,0,13151726,g1/73mA/0mA,95,83,0,19
4.596,SPO2,29,1,13363586,g1/36mA/0mA,95,83,0,19
4.596,SPO2,30,0,13159173,g1/73mA/0mA,95,83,0,19
4.596,SPO2,30,1,13369594,g1/36mA/0mA,95,83,0,19
4.596,SPO2,31,0,13158985,g1/73mA/0mA,95,83,0,19
4.596,SPO2,31,1,13369261,g1/36mA/0mA,95,83,0,19
4.596,SPO2,32,0,13164781,g1/73mA/0mA,95,83,0,19
4.596,SPO2,32,1,13373155,g1/36mA/0mA,95,83,0,19
4.597,SPO2,33,0,13163328,g1/73mA/0mA,95,83,0,19
4.597,SPO2,33,1,13372488,g1/36mA/0mA,95,83,0,19
4.653,SPO2,40,0,13167013,g1/73mA/0mA,95,83,0,19
4.653,SPO2,40,1,13374674,g1/36mA/0mA,95,83,0,19
4.653,SPO2,41,0,13166085,g1/73mA/0mA,95,83,0,19
4.653,SPO2,41,1,13373667,g1/36mA/0mA,95,83,0,19
4.653,SPO2,42,0,13164082,g1/73mA/0mA,95,83,0,19
4.653,SPO2,42,1,13373124,g1/36mA/0mA,95,83,0,19
4.653,SPO2,43,0,13167392,g1/73mA/0mA,95,83,0,19
4.653,SPO2,43,1,13375539,g1/36mA/0mA,95,83,0,19
4.653,SPO2,44,0,13165708,g1/73mA/0mA,95,83,0,19
4.653,SPO2,44,1,13374365,g1/36mA/0mA,95,83,0,19
4.653,SPO2,45,0,13162181,g1/73mA/0mA,95,83,0,19
4.653,SPO2,45,1,13371317,g1/36mA/0mA,95,83,0,19
4.656,HR,47,0,10510466,g4/12mA/12mA,95,83,0,19
4.656,HR,47,1,13727200,g4/12mA/12mA,95,83,0,19
4.656,HR,47,2,11748685,g4/12mA/12mA,95,83,0,19
4.656,HR,47,3,13154266,g4/12mA/12mA,95,83,0,19
4.656,HR,48,0,10509656,g4/12mA/12mA,95,83,0,19
4.656,HR,48,1,13726030,g4/12mA/12mA,95,83,0,19
4.656,HR,48,2,11747386,g4/12mA/12mA,95,83,0,19
4.656,HR,48,3,13153140,g4/12mA/12mA,95,83,0,19
4.656,HR,49,0,10510475,g4/12mA/12mA,95,83,0,19
4.656,HR,49,1,13726723,g4/12mA/12mA,95,83,0,19
4.656,HR,49,2,11748795,g4/12mA/12mA,95,83,0,19
4.656,HR,49,3,13153702,g4/12mA/12mA,95,83,0,19
4.656,HR,50,0,10510561,g4/12mA/12mA,95,83,0,19
4.656,HR,50,1,13726952,g4/12mA/12mA,95,83,0,19
4.656,HR,50,2,11748795,g4/12mA/12mA,95,83,0,19
4.656,HR,50,3,13154122,g4/12mA/12mA,95,83,0,19
4.656,HR,51,0,10510048,g4/12mA/12mA,95,83,0,19
4.656,HR,51,1,13726423,g4/12mA/12mA,95,83,0,19
4.656,HR,51,2,11748060,g4/12mA/12mA,95,83,0,19
4.656,HR,51,3,13153728,g4/12mA/12mA,95,83,0,19
4.656,HR,52,0,10510320,g4/12mA/12mA,95,83,0,19
4.656,HR,52,1,13727097,g4/12mA/12mA,95,83,0,19
4.656,HR,52,2,11748520,g4/12mA/12mA,95,83,0,19
4.656,HR,52,3,13153934,g4/12mA/12mA,95,83,0,19
4.685,HRV,53,0,10511962,g4/12mA/12mA,95,83,0,19
4.685,HRV,53,1,13729197,g4/12mA/12mA,95,83,0,19
4.685,HRV,53,2,11750945,g4/12mA/12mA,95,83,0,19
4.685,HRV,53,3,13156407,g4/12mA/12mA,95,83,0,19
4.685,HRV,54,0,10511698,g4/12mA/12mA,95,83,0,19
4.685,HRV,54,1,13728839,g4/12mA/12mA,95,83,0,19
4.685,HRV,54,2,11750313,g4/12mA/12mA,95,83,0,19
4.685,HRV,54,3,13156118,g4/12mA/12mA,95,83,0,19
4.685,HRV,55,0,10512722,g4/12mA/12mA,95,83,0,19
4.685,HRV,55,1,13730689,g4/12mA/12mA,95,83,0,19
4.685,HRV,55,2,11752106,g4/12mA/12mA,95,83,0,19
4.685,HRV,55,3,13157790,g4/12mA/12mA,95,83,0,19
4.685,HRV,56,0,10512526,g4/12mA/12mA,95,83,0,19
4.685,HRV,56,1,13729837,g4/12mA/12mA,95,83,0,19
4.685,HRV,56,2,11751285,g4/12mA/12mA,95,83,0,19
4.685,HRV,56,3,13156807,g4/12mA/12mA,95,83,0,19
4.685,HRV,57,0,10512397,g4/12mA/12mA,95,83,0,19
4.685,HRV,57,1,13730400,g4/12mA/12mA,95,83,0,19
4.685,HRV,57,2,11751526,g4/12mA/12mA,95,83,0,19
4.685,HRV,57,3,13157142,g4/12mA/12mA,95,83,0,19
4.686,SPO2,46,0,13165652,g1/73mA/0mA,95,83,0,19
4.686,SPO2,46,1,13373199,g1/36mA/0mA,95,83,0,19
4.686,SPO2,47,0,13163392,g1/73mA/0mA,95,83,0,19
4.686,SPO2,47,1,13372174,g1/36mA/0mA,95,83,0,19
4.686,SPO2,48,0,13161989,g1/73mA/0mA,95,83,0,19
4.686,SPO2,48,1,13371223,g1/36mA/0mA,95,83,0,19
4.686,SPO2,49,0,13163857,g1/73mA/0mA,95,83,0,19
4.686,SPO2,49,1,13372959,g1/36mA/0mA,95,83,0,19
4.686,SPO2,50,0,13163525,g1/73mA/0mA,95,83,0,19
4.686,SPO2,50,1,13372198,g1/36mA/0mA,95,83,0,19
4.686,SPO2,51,0,13162092,g1/73mA/0mA,95,83,0,19
4.686,SPO2,51,1,13370802,g1/36mA/0mA,95,83,0,19
4.686,SPO2,52,0,13163191,g1/73mA/0mA,95,83,0,19
4.686,SPO2,52,1,13371916,g1/36mA/0mA,95,83,0,19
6.517,HR,58,0,10510287,g4/12mA/12mA,95,83,0,19
6.517,HR,58,1,13727020,g4/12mA/12mA,95,83,0,19
6.517,HR,58,2,11748342,g4/12mA/12mA,95,83,0,19
6.517,HR,58,3,13154037,g4/12mA/12mA,95,83,0,19
6.517,HR,59,0,10510252,g4/12mA/12mA,95,83,0,19
6.517,HR,59,1,13726433,g4/12mA/12mA,95,83,0,19
6.517,HR,59,2,11748136,g4/12mA/12mA,95,83,0,19
6.517,HR,59,3,13153713,g4/12mA/12mA,95,83,0,19
6.517,HR,60,0,10510414,g4/12mA/12mA,95,83,0,19
6.517,HR,60,1,13726602,g4/12mA/12mA,95,83,0,19
6.517,HR,60,2,11748069,g4/12mA/12mA,95,83,0,19
6.517,HR,60,3,13153762,g4/12mA/12mA,95,83,0,19
6.517,HR,61,0,10510390,g4/12mA/12mA,95,83,0,19
6.517,HR,61,1,13726874,g4/12mA/12mA,95,83,0,19
6.517,HR,61,2,11748513,g4/12mA/12mA,95,83,0,19
6.517,HR,61,3,13153668,g4/12mA/12mA,95,83,0,19
6.517,HR,62,0,10510365,g4/12mA/12mA,95,86,0,19
6.517,HR,62,1,13726987,g4/12mA/12mA,95,86,0,19
6.517,HR,62,2,11748497,g4/12mA/12mA,95,86,0,19
6.517,HR,62,3,13154062,g4/12mA/12mA,95,86,0,19
6.542,HR,63,0,10510425,g4/12mA/12mA,95,86,0,19
6.542,HR,63,1,13726783,g4/12mA/12mA,95,86,0,19
6.542,HR,63,2,11748274,g4/12mA/12mA,95,86,0,19
6.542,HR,63,3,13154029,g4/12mA/12mA,95,86,0,19
6.542,HR,64,0,10510414,g4/12mA/12mA,95,86,0,19
6.542,HR,64,1,13727020,g4/12mA/12mA,95,86,0,19
6.542,HR,64,2,11748683,g4/12mA/12mA,95,86,0,19
6.542,HR,64,3,13154301,g4/12mA/12mA,95,86,0,19
6.542,HR,65,0,10510629,g4/12mA/12mA,95,86,0,19
6.542,HR,65,1,13727028,g4/12mA/12mA,95,86,0,19
6.542,HR,65,2,11748709,g4/12mA/12mA,95,86,0,19
6.542,HR,65,3,13154462,g4/12mA/12mA,95,86,0,19
6.542,HR,66,0,10510843,g4/12mA/12mA,95,86,0,19
6.542,HR,66,1,13727593,g4/12mA/12mA,95,86,0,19
6.542,HR,66,2,11749213,g4/12mA/12mA,95,86,0,19
6.542,HR,66,3,13154719,g4/12mA/12mA,95,86,0,19
6.542,HR,67,0,10510143,g4/12mA/12mA,95,86,0,19
6.542,HR,67,1,13726900,g4/12mA/12mA,95,86,0,19
6.542,HR,67,2,11748351,g4/12mA/12mA,95,86,0,19
6.542,HR,67,3,13153969,g4/12mA/12mA,95,86,0,19
6.542,HR,68,0,10510372,g4/12mA/12mA,95,86,0,19
6.542,HR,68,1,13726935,g4/12mA/12mA,95,86,0,19
6.543,HR,68,2,11748428,g4/12mA/12mA,95,86,0,19
6.543,HR,68,3,13154062,g4/12mA/12mA,95,86,0,19
6.547,HR,69,0,10510466,g4/12mA/12mA,95,86,0,19
6.547,HR,69,1,13726876,g4/12mA/12mA,95,86,0,19
6.547,HR,69,2,11748778,g4/12mA/12mA,95,86,0,19
6.547,HR,69,3,13154157,g4/12mA/12mA,95,86,0,19
6.547,HR,70,0,10510323,g4/12mA/12mA,95,86,0,19
6.547,HR,70,1,13726850,g4/12mA/12mA,95,86,0,19
6.547,HR,70,2,11748531,g4/12mA/12mA,95,86,0,19
6.547,HR,70,3,13153908,g4/12mA/12mA,95,86,0,19
6.547,HR,71,0,10510365,g4/12mA/12mA,95,86,0,19
6.547,HR,71,1,13726840,g4/12mA/12mA,95,86,0,19
6.547,HR,71,2,11748479,g4/12mA/12mA,95,86,0,19
6.547,HR,71,3,13153958,g4/12mA/12mA,95,86,0,19
6.547,HR,72,0,10510270,g4/12mA/12mA,95,86,0,19
6.547,HR,72,1,13726688,g4/12mA/12mA,95,86,0,19
6.547,HR,72,2,11748359,g4/12mA/12mA,95,86,0,19
6.547,HR,72,3,13153840,g4/12mA/12mA,95,86,0,19
6.547,HR,73,0,10509997,g4/12mA/12mA,95,86,0,19
6.547,HR,73,1,13726492,g4/12mA/12mA,95,86,0,19
6.547,HR,73,2,11748162,g4/12mA/12mA,95,86,0,19
6.547,HR,73,3,13153551,g4/12mA/12mA,95,86,0,19
6.547,HR,74,0,10510323,g4/12mA/12mA,95,86,0,19
6.547,HR,74,1,13726730,g4/12mA/12mA,95,86,0,19
6.547,HR,74,2,11748411,g4/12mA/12mA,95,86,0,19
6.547,HR,74,3,13153601,g4/12mA/12mA,95,86,0,19
6.582,HR,75,0,10509220,g4/12mA/12mA,95,86,0,19
6.582,HR,75,1,13725656,g4/12mA/12mA,95,86,0,19
6.582,HR,75,2,11747379,g4/12mA/12mA,95,86,0,19
6.582,HR,75,3,13152415,g4/12mA/12mA,95,86,0,19
6.582,HR,76,0,10505116,g4/12mA/12mA,95,86,0,19
6.582,HR,76,1,13718386,g4/12mA/12mA,95,86,0,19
6.582,HR,76,2,11741723,g4/12mA/12mA,95,86,0,19
6.582,HR,76,3,13146853,g4/12mA/12mA,95,86,0,19
6.582,HR,77,0,10508941,g4/12mA/12mA,95,86,0,19
6.582,HR,77,1,13724497,g4/12mA/12mA,95,86,0,19
6.582,HR,77,2,11746652,g4/12mA/12mA,95,86,0,19
6.582,HR,77,3,13151740,g4/12mA/12mA,95,86,0,19
6.582,HR,78,0,10509706,g4/12mA/12mA,95,86,0,19
6.582,HR,78,1,13726364,g4/12mA/12mA,95,86,0,19
6.582,HR,78,2,11747899,g4/12mA/12mA,95,86,0,19
6.582,HR,78,3,13153201,g4/12mA/12mA,95,86,0,19
6.582,HR,79,0,10509025,g4/12mA/12mA,95,86,0,19
6.582,HR,79,1,13724904,g4/12mA/12mA,95,86,0,19
6.582,HR,79,2,11747311,g4/12mA/12mA,95,86,0,19
6.582,HR,79,3,13152022,g4/12mA/12mA,95,86,0,19
6.582,HR,80,0,10508521,g4/12mA/12mA,95,86,0,19
6.582,HR,80,1,13723752,g4/12mA/12mA,95,86,0,19
6.582,HR,80,2,11745954,g4/12mA/12mA,95,86,0,19
6.582,HR,80,3,13151461,g4/12mA/12mA,95,86,0,19
6.604,HR,81,0,10507805,g4/12mA/12mA,95,86,0,19
6.604,HR,81,1,13722994,g4/12mA/12mA,95,86,0,19
6.604,HR,81,2,11745143,g4/12mA/12mA,95,86,0,19
6.604,HR,81,3,13150546,g4/12mA/12mA,95,86,0,19
6.604,HR,82,0,10507856,g4/12mA/12mA,95,86,0,19
6.604,HR,82,1,13723070,g4/12mA/12mA,95,86,0,19
6.604,HR,82,2,11745467,g4/12mA/12mA,95,86,0,19
6.604,HR,82,3,13150675,g4/12mA/12mA,95,86,0,19
6.604,HR,83,0,10507865,g4/12mA/12mA,95,86,0,19
6.604,HR,83,1,13723105,g4/12mA/12mA,95,86,0,19
6.604,HR,83,2,11745280,g4/12mA/12mA,95,86,0,19
6.604,HR,83,3,13150538,g4/12mA/12mA,95,86,0,19
6.604,HR,84,0,10508147,g4/12mA/12mA,95,86,0,19
6.604,HR,84,1,13723710,g4/12mA/12mA,95,86,0,19
6.604,HR,84,2,11745851,g4/12mA/12mA,95,86,0,19
6.604,HR,84,3,13151239,g4/12mA/12mA,95,86,0,19
6.604,HR,85,0,10511669,g4/12mA/12mA,95,86,0,19
6.604,HR,85,1,13728865,g4/12mA/12mA,95,86,0,19
6.604,HR,85,2,11750448,g4/12mA/12mA,95,86,0,19
6.604,HR,85,3,13155565,g4/12mA/12mA,95,86,0,19
6.604,HR,86,0,10510644,g4/12mA/12mA,95,86,0,19
6.604,HR,86,1,13727431,g4/12mA/12mA,95,86,0,19
6.604,HR,86,2,11748965,g4/12mA/12mA,95,86,0,19
6.604,HR,86,3,13154079,g4/12mA/12mA,95,86,0,19
6.661,HRV,58,0,10510287,g4/12mA/12mA,95,86,0,19
6.661,HRV,58,1,13727020,g4/12mA/12mA,95,86,0,19
6.661,HRV,58,2,11748342,g4/12mA/12mA,95,86,0,19
6.661,HRV,58,3,13154037,g4/12mA/12mA,95,86,0,19
6.661,HRV,59,0,10510252,g4/12mA/12mA,95,86,0,19
6.661,HRV,59,1,13726433,g4/12mA/12mA,95,86,0,19
6.661,HRV,59,2,11748136,g4/12mA/12mA,95,86,0,19
6.661,HRV,59,3,13153713,g4/12mA/12mA,95,86,0,19
6.661,HRV,60,0,10510414,g4/12mA/12mA,95,86,0,19
6.661,HRV,60,1,13726602,g4/12mA/12mA,95,86,0,19
6.661,HRV,60,2,11748069,g4/12mA/12mA,95,86,0,19
6.661,HRV,60,3,13153762,g4/12mA/12mA,95,86,0,19
6.661,HRV,61,0,10510390,g4/12mA/12mA,95,86,0,19
6.661,HRV,61,1,13726874,g4/12mA/12mA,95,86,0,19
6.661,HRV,61,2,11748513,g4/12mA/12mA,95,86,0,19
6.661,HRV,61,3,13153668,g4/12mA/12mA,95,86,0,19
6.661,HRV,62,0,10510365,g4/12mA/12mA,95,86,0,19
6.661,HRV,62,1,13726987,g4/12mA/12mA,95,86,0,19
6.661,HRV,62,2,11748497,g4/12mA/12mA,95,86,0,19
6.661,HRV,62,3,13154062,g4/12mA/12mA,95,86,0,19
6.756,HRV,63,0,10510425,g4/12mA/12mA,95,86,0,19
6.757,HRV,63,1,13726783,g4/12mA/12mA,95,86,0,19
6.757,HRV,63,2,11748274,g4/12mA/12mA,95,86,0,19
6.757,HRV,63,3,13154029,g4/12mA/12mA,95,86,0,19
6.757,HRV,64,0,10510414,g4/12mA/12mA,95,86,0,19
6.757,HRV,64,1,13727020,g4/12mA/12mA,95,86,0,19
6.757,HRV,64,2,11748683,g4/12mA/12mA,95,86,0,19
6.757,HRV,64,3,13154301,g4/12mA/12mA,95,86,0,19
6.757,HRV,65,0,10510629,g4/12mA/12mA,95,86,0,19
6.757,HRV,65,1,13727028,g4/12mA/12mA,95,86,0,19
6.757,HRV,65,2,11748709,g4/12mA/12mA,95,86,0,19
6.757,HRV,65,3,13154462,g4/12mA/12mA,95,86,0,19
6.757,HRV,66,0,10510843,g4/12mA/12mA,95,86,0,19
6.757,HRV,66,1,13727593,g4/12mA/12mA,95,86,0,19
6.757,HRV,66,2,11749213,g4/12mA/12mA,95,86,0,19
6.757,HRV,66,3,13154719,g4/12mA/12mA,95,86,0,19
6.757,HRV,67,0,10510143,g4/12mA/12mA,95,86,0,19
6.757,HRV,67,1,13726900,g4/12mA/12mA,95,86,0,19
6.757,HRV,67,2,11748351,g4/12mA/12mA,95,86,0,19
6.757,HRV,67,3,13153969,g4/12mA/12mA,95,86,0,19
6.757,HRV,68,0,10510372,g4/12mA/12mA,95,86,0,19
6.757,HRV,68,1,13726935,g4/12mA/12mA,95,86,0,19
6.757,HRV,68,2,11748428,g4/12mA/12mA,95,86,0,19
6.757,HRV,68,3,13154062,g4/12mA/12mA,95,86,0,19
6.785,HRV,75,0,10509269,g4/12mA/12mA,95,86,0,19
6.785,HRV,75,1,13725861,g4/12mA/12mA,95,86,0,19
6.785,HRV,75,2,11747396,g4/12mA/12mA,95,86,0,19
6.785,HRV,75,3,13152876,g4/12mA/12mA,95,86,0,19
6.785,HRV,76,0,10505165,g4/12mA/12mA,95,86,0,19
6.785,HRV,76,1,13718591,g4/12mA/12mA,95,86,0,19
6.785,HRV,76,2,11741740,g4/12mA/12mA,95,86,0,19
6.785,HRV,76,3,13147314,g4/12mA/12mA,95,86,0,19
6.785,HRV,77,0,10508990,g4/12mA/12mA,95,86,0,19
6.785,HRV,77,1,13724702,g4/12mA/12mA,95,86,0,19
6.785,HRV,77,2,11746669,g4/12mA/12mA,95,86,0,19
6.785,HRV,77,3,13152201,g4/12mA/12mA,95,86,0,19
6.785,HRV,78,0,10509755,g4/12mA/12mA,95,86,0,19
6.785,HRV,78,1,13726569,g4/12mA/12mA,95,86,0,19
6.785,HRV,78,2,11747916,g4/12mA/12mA,95,86,0,19
6.785,HRV,78,3,13153662,g4/12mA/12mA,95,86,0,19
6.785,HRV,79,0,10509074,g4/12mA/12mA,95,86,0,19
6.785,HRV,79,1,13725109,g4/12mA/12mA,95,86,0,19
6.785,HRV,79,2,11747328,g4/12mA/12mA,95,86,0,19
6.785,HRV,79,3,13152483,g4/12mA/12mA,95,86,0,19
6.785,HRV,80,0,10508570,g4/12mA/12mA,95,86,0,19
6.785,HRV,80,1,13723957,g4/12mA/12mA,95,86,0,19
6.785,HRV,80,2,11745971,g4/12mA/12mA,95,86,0,19
6.785,HRV,80,3,13151922,g4/12mA/12mA,95,86,0,19
6.786,SPO2,58,0,13162692,g1/73mA/0mA,95,86,0,19
6.786,SPO2,58,1,13371849,g1/36mA/0mA,95,86,0,19
6.786,SPO2,59,0,13162205,g1/73mA/0mA,95,86,0,19
6.786,SPO2,59,1,13371126,g1/36mA/0mA,95,86,0,19
6.786,SPO2,60,0,13162690,g1/73mA/0mA,95,86,0,19
6.786,SPO2,60,1,13371321,g1/36mA/0mA,95,86,0,19
6.786,SPO2,61,0,13162667,g1/73mA/0mA,95,86,0,19
6.786,SPO2,61,1,13371471,g1/36mA/0mA,95,86,0,19
6.786,SPO2,62,0,13163074,g1/73mA/0mA,95,86,0,19
6.786,SPO2,62,1,13371828,g1/36mA/0mA,95,86,0,19
6.786,SPO2,63,0,13163134,g1/73mA/0mA,95,86,0,19
6.786,SPO2,63,1,13371873,g1/36mA/0mA,95,86,0,19
6.816,SPO2,72,0,13162983,g1/73mA/0mA,95,86,0,19
6.816,SPO2,72,1,13371967,g1/36mA/0mA,95,86,0,19
6.816,SPO2,73,0,13162460,g1/73mA/0mA,95,86,0,19
6.816,SPO2,73,1,13371430,g1/36mA/0mA,95,86,0,19
6.816,SPO2,74,0,13162791,g1/73mA/0mA,95,86,0,19
6.816,SPO2,74,1,13371749,g1/36mA/0mA,95,86,0,19
6.816,SPO2,75,0,13161016,g1/73mA/0mA,95,86,0,19
6.816,SPO2,75,1,13370449,g1/36mA/0mA,95,86,0,19
6.816,SPO2,76,0,13155577,g1/73mA/0mA,95,86,0,19
6.816,SPO2,76,1,13371030,g1/36mA/0mA,95,86,0,19
6.816,SPO2,77,0,13163018,g1/73mA/0mA,95,86,0,19
6.816,SPO2,77,1,13374106,g1/36mA/0mA,95,86,0,19
6.816,SPO2,78,0,13163031,g1/73mA/0mA,95,86,0,19
6.816,SPO2,78,1,13372216,g1/36mA/0mA,95,86,0,19
6.840,SPO2,86,0,13158790,g1/73mA/0mA,95,86,0,19
6.840,SPO2,86,1,13364941,g1/36mA/0mA,95,86,0,19
6.840,SPO2,87,0,13144368,g1/73mA/0mA,95,86,0,19
6.840,SPO2,87,1,13352316,g1/36mA/0mA,95,86,0,19
6.840,SPO2,88,0,13117759,g1/73mA/0mA,95,86,0,19
6.840,SPO2,88,1,13365342,g1/36mA/0mA,95,86,0,19
6.840,SPO2,89,0,13124229,g1/73mA/0mA,95,86,0,19
6.840,SPO2,89,1,13347356,g1/36mA/0mA,95,86,0,19
6.840,SPO2,90,0,13127275,g1/73mA/0mA,95,86,0,19
6.840,SPO2,90,1,13353054,g1/36mA/0mA,95,86,0,19
6.877,HR,97,0,10518818,g4/12mA/12mA,95,86,0,19
6.877,HR,97,1,13742234,g4/12mA/12mA,95,86,0,19
6.877,HR,97,2,11761455,g4/12mA/12mA,95,86,0,19
6.877,HR,97,3,13165707,g4/12mA/12mA,95,86,0,19
6.877,HR,98,0,10464619,g4/12mA/12mA,95,86,0,19
6.877,HR,98,1,13668762,g4/12mA/12mA,95,86,0,19
6.877,HR,98,2,11691662,g4/12mA/12mA,95,86,0,19
6.877,HR,98,3,13099698,g4/12mA/12mA,95,86,0,19
6.877,HR,99,0,10594568,g4/12mA/12mA,95,86,0,19
6.877,HR,99,1,13875936,g4/12mA/12mA,95,86,0,19
6.877,HR,99,2,11876389,g4/12mA/12mA,95,86,0,19
6.877,HR,99,3,13269018,g4/12mA/12mA,95,86,0,19
6.877,HR,100,0,10650830,g4/12mA/12mA,95,86,0,19
6.877,HR,100,1,13959045,g4/12mA/12mA,95,86,0,19
6.877,HR,100,2,11949545,g4/12mA/12mA,95,86,0,19
6.877,HR,100,3,13341876,g4/12mA/12mA,95,86,0,19
6.877,HR,101,0,10518963,g4/12mA/12mA,95,86,0,19
6.877,HR,101,1,13744741,g4/12mA/12mA,95,86,0,19
6.877,HR,101,2,11762752,g4/12mA/12mA,95,86,0,19
6.877,HR,101,3,13167489,g4/12mA/12mA,95,86,0,19
6.877,HR,102,0,10481265,g4/12mA/12mA,95,86,0,19
6.877,HR,102,1,13681184,g4/12mA/12mA,95,86,0,19
6.877,HR,102,2,11708699,g4/12mA/12mA,95,86,0,19
6.877,HR,102,3,13116352,g4/12mA/12mA,95,86,0,19
6.905,HR,103,0,10460636,g4/12mA/12mA,95,86,0,19
6.905,HR,103,1,13646818,g4/12mA/12mA,95,86,0,19
6.905,HR,103,2,11679120,g4/12mA/12mA,95,86,0,19
6.905,HR,103,3,13088525,g4/12mA/12mA,95,86,0,19
6.905,HR,104,0,10458153,g4/12mA/12mA,95,86,0,19
6.905,HR,104,1,13642406,g4/12mA/12mA,95,86,0,19
6.905,HR,104,2,11675349,g4/12mA/12mA,95,86,0,19
6.905,HR,104,3,13084813,g4/12mA/12mA,95,86,0,19
6.905,HR,105,0,10458570,g4/12mA/12mA,95,86,0,19
6.905,HR,105,1,13642613,g4/12mA/12mA,95,86,0,19
6.905,HR,105,2,11675536,g4/12mA/12mA,95,86,0,19
6.905,HR,105,3,13085197,g4/12mA/12mA,95,86,0,19
6.905,HR,106,0,10454937,g4/12mA/12mA,95,86,0,19
6.905,HR,106,1,13636819,g4/12mA/12mA,95,86,0,19
6.905,HR,106,2,11670792,g4/12mA/12mA,95,86,0,19
6.905,HR,106,3,13080428,g4/12mA/12mA,95,86,0,19
6.905,HR,107,0,10452633,g4/12mA/12mA,95,86,0,19
6.905,HR,107,1,13632810,g4/12mA/12mA,95,86,0,19
6.905,HR,107,2,11667004,g4/12mA/12mA,95,86,0,19
6.905,HR,107,3,13077247,g4/12mA/12mA,95,86,0,19
6.905,HR,108,0,10452922,g4/12mA/12mA,95,86,0,19
6.905,HR,108,1,13633074,g4/12mA/12mA,95,86,0,19
6.905,HR,108,2,11667655,g4/12mA/12mA,95,86,0,19
6.905,HR,108,3,13077732,g4/12mA/12mA,95,86,0,19
6.907,HRV,92,0,10428549,g4/12mA/12mA,95,86,0,19
6.907,HRV,92,1,13571027,g4/12mA/12mA,95,86,0,19
6.907,HRV,92,2,11620059,g4/12mA/12mA,95,86,0,19
6.907,HRV,92,3,13036552,g4/12mA/12mA,95,86,0,19
6.907,HRV,93,0,10474481,g4/12mA/12mA,95,86,0,19
6.907,HRV,93,1,13664776,g4/12mA/12mA,95,86,0,19
6.907,HRV,93,2,11697914,g4/12mA/12mA,95,86,0,19
6.907,HRV,93,3,13102507,g4/12mA/12mA,95,86,0,19
6.907,HRV,94,0,10495750,g4/12mA/12mA,95,86,0,19
6.907,HRV,94,1,13703934,g4/12mA/12mA,95,86,0,19
6.907,HRV,94,2,11728924,g4/12mA/12mA,95,86,0,19
6.907,HRV,94,3,13134347,g4/12mA/12mA,95,86,0,19
6.907,HRV,95,0,10494395,g4/12mA/12mA,95,86,0,19
6.907,HRV,95,1,13701000,g4/12mA/12mA,95,86,0,19
6.907,HRV,95,2,11726552,g4/12mA/12mA,95,86,0,19
6.907,HRV,95,3,13132418,g4/12mA/12mA,95,86,0,19
6.907,HRV,96,0,10498760,g4/12mA/12mA,95,86,0,19
6.907,HRV,96,1,13707270,g4/12mA/12mA,95,86,0,19
6.907,HRV,96,2,11731978,g4/12mA/12mA,95,86,0,19
6.907,HRV,96,3,13137743,g4/12mA/12mA,95,86,0,19
6.968,HRV,103,0,10460636,g4/12mA/12mA,95,86,0,19
6.968,HRV,103,1,13646818,g4/12mA/12mA,95,86,0,19
6.968,HRV,103,2,11679120,g4/12mA/12mA,95,86,0,19
6.968,HRV,103,3,13088525,g4/12mA/12mA,95,86,0,19
6.968,HRV,104,0,10458153,g4/12mA/12mA,95,86,0,19
6.968,HRV,104,1,13642406,g4/12mA/12mA,95,86,0,19
6.968,HRV,104,2,11675349,g4/12mA/12mA,95,86,0,19
6.968,HRV,104,3,13084813,g4/12mA/12mA,95,86,0,19
6.968,HRV,105,0,10458570,g4/12mA/12mA,95,86,0,19
6.968,HRV,105,1,13642613,g4/12mA/12mA,95,86,0,19
6.968,HRV,105,2,11675536,g4/12mA/12mA,95,86,0,19
6.968,HRV,105,3,13085197,g4/12mA/12mA,95,86,0,19
6.968,HRV,106,0,10454937,g4/12mA/12mA,95,86,0,19
6.968,HRV,106,1,13636819,g4/12mA/12mA,95,86,0,19
6.968,HRV,106,2,11670792,g4/12mA/12mA,95,86,0,19
6.968,HRV,106,3,13080428,g4/12mA/12mA,95,86,0,19
6.968,HRV,107,0,10452633,g4/12mA/12mA,95,86,0,19
6.968,HRV,107,1,13632810,g4/12mA/12mA,95,86,0,19
6.968,HRV,107,2,11667004,g4/12mA/12mA,95,86,0,19
6.968,HRV,107,3,13077247,g4/12mA/12mA,95,86,0,19
6.968,HRV,108,0,10452922,g4/12mA/12mA,95,86,0,19
6.968,HRV,108,1,13633074,g4/12mA/12mA,95,86,0,19
6.968,HRV,108,2,11667655,g4/12mA/12mA,95,86,0,19
6.968,HRV,108,3,13077732,g4/12mA/12mA,95,86,0,19
6.992,SPO2,91,0,13143275,g1/73mA/0mA,95,86,0,19
6.992,SPO2,91,1,13362790,g1/36mA/0mA,95,86,0,19
6.992,SPO2,92,0,12990562,g1/73mA/0mA,95,86,0,19
6.992,SPO2,92,1,13284220,g1/36mA/0mA,95,86,0,19
6.992,SPO2,93,0,13031315,g1/73mA/0mA,95,86,0,19
6.992,SPO2,93,1,13258090,g1/36mA/0mA,95,86,0,19
6.992,SPO2,94,0,13123438,g1/73mA/0mA,95,86,0,19
6.992,SPO2,94,1,13340089,g1/36mA/0mA,95,86,0,19
6.992,SPO2,95,0,13124535,g1/73mA/0mA,95,86,0,19
6.992,SPO2,95,1,13344726,g1/36mA/0mA,95,86,0,19
6.993,SPO2,96,0,13135417,g1/73mA/0mA,95,86,0,19
6.993,SPO2,96,1,13355446,g1/36mA/0mA,95,86,0,19
6.993,SPO2,97,0,13157566,g1/73mA/0mA,95,86,0,19
6.993,SPO2,97,1,13369279,g1/36mA/0mA,95,86,0,19
6.996,SPO2,105,0,13043208,g1/73mA/0mA,95,86,0,19
6.996,SPO2,105,1,13287427,g1/36mA/0mA,95,86,0,19
6.996,SPO2,106,0,13034588,g1/73mA/0mA,95,86,0,19
6.996,SPO2,106,1,13281802,g1/36mA/0mA,95,86,0,19
6.996,SPO2,107,0,13029070,g1/73mA/0mA,95,86,0,19
6.996,SPO2,107,1,13277861,g1/36mA/0mA,95,86,0,19
6.996,SPO2,108,0,13029221,g1/73mA/0mA,95,86,0,19
6.996,SPO2,108,1,13277402,g1/36mA/0mA,95,86,0,19
6.996,SPO2,109,0,13028640,g1/73mA/0mA,95,86,0,19
6.996,SPO2,109,1,13277234,g1/36mA/0mA,95,86,0,19
6.996,SPO2,110,0,13027822,g1/73mA/0mA,95,86,0,19
6.996,SPO2,110,1,13276950,g1/36mA/0mA,95,86,0,19
6.996,SPO2,111,0,13028861,g1/73mA/0mA,95,86,0,19
6.996,SPO2,111,1,13277443,g1/36mA/0mA,95,86,0,19
9.096,HR,112,0,10453418,g4/12mA/12mA,95,87,0,19
9.096,HR,112,1,13634012,g4/12mA/12mA,95,87,0,19
9.096,HR,112,2,11668303,g4/12mA/12mA,95,87,0,19
9.096,HR,112,3,13078425,g4/12mA/12mA,95,87,0,19
9.096,HR,113,0,10453513,g4/12mA/12mA,95,87,0,19
9.096,HR,113,1,13633579,g4/12mA/12mA,95,87,0,19
9.096,HR,113,2,11668208,g4/12mA/12mA,95,87,0,19
9.096,HR,113,3,13078305,g4/12mA/12mA,95,87,0,19
9.096,HR,114,0,10455372,g4/12mA/12mA,95,87,0,19
9.096,HR,114,1,13636776,g4/12mA/12mA,95,87,0,19
9.096,HR,114,2,11670486,g4/12mA/12mA,95,87,0,19
9.096,HR,114,3,13080684,g4/12mA/12mA,95,87,0,19
9.096,HR,115,0,10453606,g4/12mA/12mA,95,87,0,19
9.096,HR,115,1,13633416,g4/12mA/12mA,95,87,0,19
9.096,HR,115,2,11667927,g4/12mA/12mA,95,87,0,19
9.096,HR,115,3,13078296,g4/12mA/12mA,95,87,0,19
9.096,HR,116,0,10453528,g4/12mA/12mA,95,87,0,19
9.096,HR,116,1,13633800,g4/12mA/12mA,95,87,0,19
9.096,HR,116,2,11668131,g4/12mA/12mA,95,87,0,19
9.096,HR,116,3,13078500,g4/12mA/12mA,95,87,0,19
9.124,HR,117,0,10453980,g4/12mA/12mA,95,87,0,19
9.124,HR,117,1,13634660,g4/12mA/12mA,95,87,0,19
9.124,HR,117,2,11669011,g4/12mA/12mA,95,87,0,19
9.124,HR,117,3,13078910,g4/12mA/12mA,95,87,0,19
9.124,HR,118,0,10453657,g4/12mA/12mA,95,87,0,19
9.124,HR,118,1,13634090,g4/12mA/12mA,95,87,0,19
9.124,HR,118,2,11668420,g4/12mA/12mA,95,87,0,19
9.124,HR,118,3,13078807,g4/12mA/12mA,95,87,0,19
9.124,HR,119,0,10460362,g4/12mA/12mA,95,87,0,19
9.124,HR,119,1,13645684,g4/12mA/12mA,95,87,0,19
9.124,HR,119,2,11677994,g4/12mA/12mA,95,87,0,19
9.124,HR,119,3,13087877,g4/12mA/12mA,95,87,0,19
9.125,HR,120,0,10455132,g4/12mA/12mA,95,87,0,19
9.125,HR,120,1,13636512,g4/12mA/12mA,95,87,0,19
9.125,HR,120,2,11670562,g4/12mA/12mA,95,87,0,19
9.125,HR,120,3,13080718,g4/12mA/12mA,95,87,0,19
9.125,HR,121,0,10454375,g4/12mA/12mA,95,87,0,19
9.125,HR,121,1,13635250,g4/12mA/12mA,95,87,0,19
9.125,HR,121,2,11669293,g4/12mA/12mA,95,87,0,19
9.125,HR,121,3,13079729,g4/12mA/12mA,95,87,0,19
9.125,HR,122,0,10455235,g4/12mA/12mA,95,87,0,19
9.125,HR,122,1,13636478,g4/12mA/12mA,95,87,0,19
9.125,HR,122,2,11670486,g4/12mA/12mA,95,87,0,19
9.125,HR,122,3,13080462,g4/12mA/12mA,95,87,0,19
9.127,HR,123,0,10455755,g4/12mA/12mA,95,87,0,19
9.127,HR,123,1,13637443,g4/12mA/12mA,95,87,0,19
9.127,HR,123,2,11671152,g4/12mA/12mA,95,87,0,19
9.127,HR,123,3,13081274,g4/12mA/12mA,95,87,0,19
9.127,HR,124,0,10454835,g4/12mA/12mA,95,87,0,19
9.127,HR,124,1,13636069,g4/12mA/12mA,95,87,0,19
9.127,HR,124,2,11670186,g4/12mA/12mA,95,87,0,19
9.127,HR,124,3,13079780,g4/12mA/12mA,95,87,0,19
9.127,HR,125,0,10455022,g4/12mA/12mA,95,87,0,19
9.127,HR,125,1,13636257,g4/12mA/12mA,95,87,0,19
9.127,HR,125,2,11670528,g4/12mA/12mA,95,87,0,19
9.127,HR,125,3,13080624,g4/12mA/12mA,95,87,0,19
9.127,HR,126,0,10454228,g4/12mA/12mA,95,87,0,19
9.127,HR,126,1,13634721,g4/12mA/12mA,95,87,0,19
9.127,HR,126,2,11668823,g4/12mA/12mA,95,87,0,19
9.127,HR,126,3,13079046,g4/12mA/12mA,95,87,0,19
9.127,HR,127,0,10454186,g4/12mA/12mA,95,87,0,19
9.127,HR,127,1,13634927,g4/12mA/12mA,95,87,0,19
9.127,HR,127,2,11669291,g4/12mA/12mA,95,87,0,19
9.127,HR,127,3,13079472,g4/12mA/12mA,95,87,0,19
9.127,HR,128,0,10454502,g4/12mA/12mA,95,87,0,19
9.127,HR,128,1,13635575,g4/12mA/12mA,95,87,0,19
9.127,HR,128,2,11669523,g4/12mA/12mA,95,87,0,19
9.127,HR,128,3,13079849,g4/12mA/12mA,95,87,0,19
9.157,HR,129,0,10454885,g4/12mA/12mA,95,87,0,19
9.157,HR,129,1,13635890,g4/12mA/12mA,95,87,0,19
9.157,HR,129,2,11669880,g4/12mA/12mA,95,87,0,19
9.157,HR,129,3,13079882,g4/12mA/12mA,95,87,0,19
9.157,HR,130,0,10455098,g4/12mA/12mA,95,87,0,19
9.157,HR,130,1,13636076,g4/12mA/12mA,95,87,0,19
9.157,HR,130,2,11670186,g4/12mA/12mA,95,87,0,19
9.157,HR,130,3,13080037,g4/12mA/12mA,95,87,0,19
9.157,HR,131,0,10454390,g4/12mA/12mA,95,87,0,19
9.157,HR,131,1,13635582,g4/12mA/12mA,95,87,0,19
9.157,HR,131,2,11669940,g4/12mA/12mA,95,87,0,19
9.157,HR,131,3,13079917,g4/12mA/12mA,95,87,0,19
9.157,HR,132,0,10452966,g4/12mA/12mA,95,87,0,19
9.157,HR,132,1,13632913,g4/12mA/12mA,95,87,0,19
9.157,HR,132,2,11667287,g4/12mA/12mA,95,87,0,19
9.157,HR,132,3,13077725,g4/12mA/12mA,95,87,0,19
9.157,HR,133,0,10453897,g4/12mA/12mA,95,87,0,19
9.157,HR,133,1,13634389,g4/12mA/12mA,95,87,0,19
9.157,HR,133,2,11668465,g4/12mA/12mA,95,87,0,19
9.157,HR,133,3,13078722,g4/12mA/12mA,95,87,0,19
9.157,HR,134,0,10452990,g4/12mA/12mA,95,87,0,19
9.157,HR,134,1,13632981,g4/12mA/12mA,95,87,0,19
9.157,HR,134,2,11667560,g4/12mA/12mA,95,87,0,19
9.157,HR,134,3,13078030,g4/12mA/12mA,95,87,0,19
9.163,HR,135,0,10453999,g4/12mA/12mA,95,87,0,19
9.163,HR,135,1,13634807,g4/12mA/12mA,95,87,0,19
9.163,HR,135,2,11668558,g4/12mA/12mA,95,87,0,19
9.163,HR,135,3,13078876,g4/12mA/12mA,95,87,0,19
9.163,HR,136,0,10453648,g4/12mA/12mA,95,87,0,19
9.163,HR,136,1,13634516,g4/12mA/12mA,95,87,0,19
9.163,HR,136,2,11668909,g4/12mA/12mA,95,87,0,19
9.163,HR,136,3,13078876,g4/12mA/12mA,95,87,0,19
9.163,HR,137,0,10454059,g4/12mA/12mA,95,84,0,19
9.163,HR,137,1,13634602,g4/12mA/12mA,95,84,0,19
9.163,HR,137,2,11668566,g4/12mA/12mA,95,84,0,19
9.163,HR,137,3,13079080,g4/12mA/12mA,95,84,0,19
9.163,HR,138,0,10454084,g4/12mA/12mA,95,84,0,19
9.163,HR,138,1,13634277,g4/12mA/12mA,95,84,0,19
9.163,HR,138,2,11668830,g4/12mA/12mA,95,84,0,19
9.163,HR,138,3,13078953,g4/12mA/12mA,95,84,0,19
9.163,HR,139,0,10453742,g4/12mA/12mA,95,84,0,19
9.163,HR,139,1,13634132,g4/12mA/12mA,95,84,0,19
9.163,HR,139,2,11668336,g4/12mA/12mA,95,84,0,19
9.163,HR,139,3,13078775,g4/12mA/12mA,95,84,0,19
9.220,HRV,112,0,10453418,g4/12mA/12mA,95,84,0,19
9.220,HRV,112,1,13634012,g4/12mA/12mA,95,84,0,19
9.220,HRV,112,2,11668303,g4/12mA/12mA,95,84,0,19
9.220,HRV,112,3,13078425,g4/12mA/12mA,95,84,0,19
9.220,HRV,113,0,10453513,g4/12mA/12mA,95,84,0,19
9.220,HRV,113,1,13633579,g4/12mA/12mA,95,84,0,19
9.220,HRV,113,2,11668208,g4/12mA/12mA,95,84,0,19
9.220,HRV,113,3,13078305,g4/12mA/12mA,95,84,0,19
9.220,HRV,114,0,10455372,g4/12mA/12mA,95,84,0,19
9.220,HRV,114,1,13636776,g4/12mA/12mA,95,84,0,19
9.220,HRV,114,2,11670486,g4/12mA/12mA,95,84,0,19
9.220,HRV,114,3,13080684,g4/12mA/12mA,95,84,0,19
9.220,HRV,115,0,10453606,g4/12mA/12mA,95,84,0,19
9.220,HRV,115,1,13633416,g4/12mA/12mA,95,84,0,19
9.220,HRV,115,2,11667927,g4/12mA/12mA,95,84,0,19
9.220,HRV,115,3,13078296,g4/12mA/12mA,95,84,0,19
9.220,HRV,116,0,10453528,g4/12mA/12mA,95,84,0,19
9.220,HRV,116,1,13633800,g4/12mA/12mA,95,84,0,19
9.220,HRV,116,2,11668131,g4/12mA/12mA,95,84,0,19
9.220,HRV,116,3,13078500,g4/12mA/12mA,95,84,0,19
9.242,HRV,117,0,10453980,g4/12mA/12mA,95,84,0,19
9.242,HRV,117,1,13634660,g4/12mA/12mA,95,84,0,19
9.242,HRV,117,2,11669011,g4/12mA/12mA,95,84,0,19
9.242,HRV,117,3,13078910,g4/12mA/12mA,95,84,0,19
9.242,HRV,118,0,10453657,g4/12mA/12mA,95,84,0,19
9.242,HRV,118,1,13634090,g4/12mA/12mA,95,84,0,19
9.242,HRV,118,2,11668420,g4/12mA/12mA,95,84,0,19
9.242,HRV,118,3,13078807,g4/12mA/12mA,95,84,0,19
9.242,HRV,119,0,10460362,g4/12mA/12mA,95,84,0,19
9.242,HRV,119,1,13645684,g4/12mA/12mA,95,84,0,19
9.242,HRV,119,2,11677994,g4/12mA/12mA,95,84,0,19
9.242,HRV,119,3,13087877,g4/12mA/12mA,95,84,0,19
9.242,HRV,120,0,10455132,g4/12mA/12mA,95,84,0,19
9.242,HRV,120,1,13636512,g4/12mA/12mA,95,84,0,19
9.242,HRV,120,2,11670562,g4/12mA/12mA,95,84,0,19
9.242,HRV,120,3,13080718,g4/12mA/12mA,95,84,0,19
9.242,HRV,121,0,10454375,g4/12mA/12mA,95,84,0,19
9.242,HRV,121,1,13635250,g4/12mA/12mA,95,84,0,19
9.243,HRV,121,2,11669293,g4/12mA/12mA,95,84,0,19
9.243,HRV,121,3,13079729,g4/12mA/12mA,95,84,0,19
9.243,HRV,122,0,10455235,g4/12mA/12mA,95,84,0,19
9.243,HRV,122,1,13636478,g4/12mA/12mA,95,84,0,19
9.243,HRV,122,2,11670486,g4/12mA/12mA,95,84,0,19
9.243,HRV,122,3,13080462,g4/12mA/12mA,95,84,0,19
9.249,HRV,135,0,10453999,g4/12mA/12mA,95,84,0,19
9.249,HRV,135,1,13634807,g4/12mA/12mA,95,84,0,19
9.249,HRV,135,2,11668558,g4/12mA/12mA,95,84,0,19
9.249,HRV,135,3,13078876,g4/12mA/12mA,95,84,0,19
9.249,HRV,136,0,10453648,g4/12mA/12mA,95,84,0,19
9.249,HRV,136,1,13634516,g4/12mA/12mA,95,84,0,19
9.249,HRV,136,2,11668909,g4/12mA/12mA,95,84,0,19
9.249,HRV,136,3,13078876,g4/12mA/12mA,95,84,0,19
9.249,HRV,137,0,10454059,g4/12mA/12mA,95,84,0,19
9.249,HRV,137,1,13634602,g4/12mA/12mA,95,84,0,19
9.249,HRV,137,2,11668566,g4/12mA/12mA,95,84,0,19
9.249,HRV,137,3,13079080,g4/12mA/12mA,95,84,0,19
9.249,HRV,138,0,10454084,g4/12mA/12mA,95,84,0,19
9.249,HRV,138,1,13634277,g4/12mA/12mA,95,84,0,19
9.249,HRV,138,2,11668830,g4/12mA/12mA,95,84,0,19
9.249,HRV,138,3,13078953,g4/12mA/12mA,95,84,0,19
9.249,HRV,139,0,10453742,g4/12mA/12mA,95,84,0,19
9.249,HRV,139,1,13634132,g4/12mA/12mA,95,84,0,19
9.249,HRV,139,2,11668336,g4/12mA/12mA,95,84,0,19
9.249,HRV,139,3,13078775,g4/12mA/12mA,95,84,0,19
9.307,SPO2,112,0,13030556,g1/73mA/0mA,95,84,0,19
9.307,SPO2,112,1,13278675,g1/36mA/0mA,95,84,0,19
9.307,SPO2,113,0,13030320,g1/73mA/0mA,95,84,0,19
9.307,SPO2,113,1,13278410,g1/36mA/0mA,95,84,0,19
9.307,SPO2,114,0,13034219,g1/73mA/0mA,95,84,0,19
9.307,SPO2,114,1,13280989,g1/36mA/0mA,95,84,0,19
9.307,SPO2,115,0,13030530,g1/73mA/0mA,95,84,0,19
9.307,SPO2,115,1,13278866,g1/36mA/0mA,95,84,0,19
9.307,SPO2,116,0,13030626,g1/73mA/0mA,95,84,0,19
9.307,SPO2,116,1,13278928,g1/36mA/0mA,95,84,0,19
9.307,SPO2,117,0,13031977,g1/73mA/0mA,95,84,0,19
9.307,SPO2,117,1,13279667,g1/36mA/0mA,95,84,0,19
9.333,SPO2,125,0,13033719,g1/73mA/0mA,95,84,0,19
9.333,SPO2,125,1,13280347,g1/36mA/0mA,95,84,0,19
9.333,SPO2,126,0,13031715,g1/73mA/0mA,95,84,0,19
9.333,SPO2,126,1,13279612,g1/36mA/0mA,95,84,0,19
9.333,SPO2,127,0,13032282,g1/73mA/0mA,95,84,0,19
9.333,SPO2,127,1,13279844,g1/36mA/0mA,95,84,0,19
9.333,SPO2,128,0,13032851,g1/73mA/0mA,95,84,0,19
9.333,SPO2,128,1,13279805,g1/36mA/0mA,95,84,0,19
9.333,SPO2,129,0,13033191,g1/73mA/0mA,95,84,0,19
9.333,SPO2,129,1,13280461,g1/36mA/0mA,95,84,0,19
9.333,SPO2,130,0,13033390,g1/73mA/0mA,95,84,0,19
9.333,SPO2,130,1,13280240,g1/36mA/0mA,95,84,0,19
9.333,SPO2,131,0,13032994,g1/73mA/0mA,95,84,0,19
9.333,SPO2,131,1,13280051,g1/36mA/0mA,95,84,0,19
9.337,SPO2,138,0,13031188,g1/73mA/0mA,95,84,0,19
9.337,SPO2,138,1,13279061,g1/36mA/0mA,95,84,0,19
9.337,SPO2,139,0,13031050,g1/73mA/0mA,95,84,0,19
9.337,SPO2,139,1,13278928,g1/36mA/0mA,95,84,0,19
9.337,SPO2,140,0,13030824,g1/73mA/0mA,95,84,0,19
9.337,SPO2,140,1,13279130,g1/36mA/0mA,95,84,0,19
9.337,SPO2,141,0,13030664,g1/73mA/0mA,95,84,0,19
9.337,SPO2,141,1,13278813,g1/36mA/0mA,95,84,0,19
9.337,SPO2,142,0,13031825,g1/73mA/0mA,95,84,0,19
9.337,SPO2,142,1,13279489,g1/36mA/0mA,95,84,0,19
9.337,SPO2,143,0,13031284,g1/73mA/0mA,95,84,0,19
9.337,SPO2,143,1,13279061,g1/36mA/0mA,95,84,0,19
9.337,SPO2,144,0,13032629,g1/73mA/0mA,95,84,0,19
9.337,SPO2,144,1,13280264,g1/36mA/0mA,95,84,0,19
9.367,HR,152,0,10452812,g4/12mA/12mA,95,84,0,19
9.367,HR,152,1,13633185,g4/12mA/12mA,95,84,0,19
9.367,HR,152,2,11667313,g4/12mA/12mA,95,84,0,19
9.367,HR,152,3,13077973,g4/12mA/12mA,95,84,0,19
9.367,HR,153,0,10450636,g4/12mA/12mA,95,84,0,19
9.367,HR,153,1,13629499,g4/12mA/12mA,95,84,0,19
9.367,HR,153,2,11664283,g4/12mA/12mA,95,84,0,19
9.367,HR,153,3,13074901,g4/12mA/12mA,95,84,0,19
9.367,HR,154,0,10453715,g4/12mA/12mA,95,84,0,19
9.367,HR,154,1,13635103,g4/12mA/12mA,95,84,0,19
9.367,HR,154,2,11669034,g4/12mA/12mA,95,84,0,19
9.367,HR,154,3,13079252,g4/12mA/12mA,95,84,0,19
9.367,HR,155,0,10455746,g4/12mA/12mA,95,84,0,19
9.367,HR,155,1,13638082,g4/12mA/12mA,95,84,0,19
9.367,HR,155,2,11671484,g4/12mA/12mA,95,84,0,19
9.367,HR,155,3,13082109,g4/12mA/12mA,95,84,0,19
9.367,HR,156,0,10453135,g4/12mA/12mA,95,84,0,19
9.367,HR,156,1,13634142,g4/12mA/12mA,95,84,0,19
9.367,HR,156,2,11667934,g4/12mA/12mA,95,84,0,19
9.367,HR,156,3,13078670,g4/12mA/12mA,95,84,0,19
9.367,HR,157,0,10453835,g4/12mA/12mA,95,84,0,19
9.367,HR,157,1,13634781,g4/12mA/12mA,95,84,0,19
9.367,HR,157,2,11668762,g4/12mA/12mA,95,84,0,19
9.367,HR,157,3,13079337,g4/12mA/12mA,95,84,0,19
9.370,HR,163,0,10453504,g4/12mA/12mA,95,84,0,19
9.370,HR,163,1,13633903,g4/12mA/12mA,95,84,0,19
9.370,HR,163,2,11668191,g4/12mA/12mA,95,84,0,19
9.370,HR,163,3,13078578,g4/12mA/12mA,95,84,0,19
9.370,HR,164,0,10454374,g4/12mA/12mA,95,84,0,19
9.370,HR,164,1,13635317,g4/12mA/12mA,95,84,0,19
9.370,HR,164,2,11669461,g4/12mA/12mA,95,84,0,19
9.370,HR,164,3,13080156,g4/12mA/12mA,95,84,0,19
9.370,HR,165,0,10453793,g4/12mA/12mA,95,84,0,19
9.370,HR,165,1,13634618,g4/12mA/12mA,95,84,0,19
9.370,HR,165,2,11668958,g4/12mA/12mA,95,84,0,19
9.370,HR,165,3,13079379,g4/12mA/12mA,95,84,0,19
9.394,HRV,152,0,10452812,g4/12mA/12mA,95,84,0,19
9.394,HRV,152,1,13633185,g4/12mA/12mA,95,84,0,19
9.394,HRV,152,2,11667313,g4/12mA/12mA,95,84,0,19
9.394,HRV,152,3,13077973,g4/12mA/12mA,95,84,0,19
9.394,HRV,153,0,10450636,g4/12mA/12mA,95,84,0,19
9.394,HRV,153,1,13629499,g4/12mA/12mA,95,84,0,19
9.394,HRV,153,2,11664283,g4/12mA/12mA,95,84,0,19
9.394,HRV,153,3,13074901,g4/12mA/12mA,95,84,0,19
9.394,HRV,154,0,10453715,g4/12mA/12mA,95,84,0,19
9.394,HRV,154,1,13635103,g4/12mA/12mA,95,84,0,19
9.394,HRV,154,2,11669034,g4/12mA/12mA,95,84,0,19
9.394,HRV,154,3,13079252,g4/12mA/12mA,95,84,0,19
9.394,HRV,155,0,10455746,g4/12mA/12mA,95,84,0,19
9.394,HRV,155,1,13638082,g4/12mA/12mA,95,84,0,19
9.394,HRV,155,2,11671484,g4/12mA/12mA,95,84,0,19
9.394,HRV,155,3,13082109,g4/12mA/12mA,95,84,0,19
9.394,HRV,156,0,10453135,g4/12mA/12mA,95,84,0,19
9.394,HRV,156,1,13634142,g4/12mA/12mA,95,84,0,19
9.394,HRV,156,2,11667934,g4/12mA/12mA,95,84,0,19
9.394,HRV,156,3,13078670,g4/12mA/12mA,95,84,0,19
9.394,HRV,157,0,10453835,g4/12mA/12mA,95,84,0,19
9.394,HRV,157,1,13634781,g4/12mA/12mA,95,84,0,19
9.394,HRV,157,2,11668762,g4/12mA/12mA,95,84,0,19
9.394,HRV,157,3,13079337,g4/12mA/12mA,95,84,0,19
9.399,HRV,158,0,10454485,g4/12mA/12mA,95,84,0,19
9.399,HRV,158,1,13635112,g4/12mA/12mA,95,84,0,19
9.399,HRV,158,2,11669215,g4/12mA/12mA,95,84,0,19
9.399,HRV,158,3,13079268,g4/12mA/12mA,95,84,0,19
9.399,HRV,159,0,10452735,g4/12mA/12mA,95,84,0,19
9.399,HRV,159,1,13632784,g4/12mA/12mA,95,84,0,19
9.399,HRV,159,2,11667508,g4/12mA/12mA,95,84,0,19
9.399,HRV,159,3,13077842,g4/12mA/12mA,95,84,0,19
9.399,HRV,160,0,10453171,g4/12mA/12mA,95,84,0,19
9.399,HRV,160,1,13633511,g4/12mA/12mA,95,84,0,19
9.399,HRV,160,2,11668088,g4/12mA/12mA,95,84,0,19
9.399,HRV,160,3,13078143,g4/12mA/12mA,95,84,0,19
9.399,HRV,161,0,10453479,g4/12mA/12mA,95,84,0,19
9.399,HRV,161,1,13633791,g4/12mA/12mA,95,84,0,19
9.399,HRV,161,2,11668259,g4/12mA/12mA,95,84,0,19
9.399,HRV,161,3,13078380,g4/12mA/12mA,95,84,0,19
9.399,HRV,162,0,10453008,g4/12mA/12mA,95,84,0,19
9.399,HRV,162,1,13633195,g4/12mA/12mA,95,84,0,19
9.399,HRV,162,2,11667364,g4/12mA/12mA,95,84,0,19
9.399,HRV,162,3,13077750,g4/12mA/12mA,95,84,0,19
9.427,SPO2,152,0,13032338,g1/73mA/0mA,95,84,0,19
9.427,SPO2,152,1,13281478,g1/36mA/0mA,95,84,0,19
9.427,SPO2,153,0,13023102,g1/73mA/0mA,95,84,0,19
9.427,SPO2,153,1,13271746,g1/36mA/0mA,95,84,0,19
9.427,SPO2,154,0,13031648,g1/73mA/0mA,95,84,0,19
9.427,SPO2,154,1,13278040,g1/36mA/0mA,95,84,0,19
9.427,SPO2,155,0,13037110,g1/73mA/0mA,95,84,0,19
9.427,SPO2,155,1,13282560,g1/36mA/0mA,95,84,0,19
9.427,SPO2,156,0,13031846,g1/73mA/0mA,95,84,0,19
9.427,SPO2,156,1,13279764,g1/36mA/0mA,95,84,0,19
9.427,SPO2,157,0,13035796,g1/73mA/0mA,95,84,0,19
9.427,SPO2,157,1,13284796,g1/36mA/0mA,95,84,0,19
9.427,SPO2,158,0,13038946,g1/73mA/0mA,95,84,0,19
9.427,SPO2,158,1,13286204,g1/36mA/0mA,95,84,0,19
9.454,SPO2,159,0,13030008,g1/73mA/0mA,95,84,0,19
9.454,SPO2,159,1,13279165,g1/36mA/0mA,95,84,0,19
9.454,SPO2,160,0,13030777,g1/73mA/0mA,95,84,0,19
9.454,SPO2,160,1,13279404,g1/36mA/0mA,95,84,0,19
9.454,SPO2,161,0,13030649,g1/73mA/0mA,95,84,0,19
9.454,SPO2,161,1,13278601,g1/36mA/0mA,95,84,0,19
9.454,SPO2,162,0,13029519,g1/73mA/0mA,95,84,0,18
9.454,SPO2,162,1,13278194,g1/36mA/0mA,95,84,0,18
9.454,SPO2,163,0,13028424,g1/73mA/0mA,95,84,0,18
9.454,SPO2,163,1,13277402,g1/36mA/0mA,95,84,0,18
9.454,SPO2,164,0,13030578,g1/73mA/0mA,95,84,0,18
9.454,SPO2,164,1,13278602,g1/36mA/0mA,95,84,0,18
10.480,HR,166,0,10453008,g4/12mA/12mA,95,84,0,18
10.480,HR,166,1,13633040,g4/12mA/12mA,95,84,0,18
10.480,HR,166,2,11667525,g4/12mA/12mA,95,84,0,18
10.480,HR,166,3,13077562,g4/12mA/12mA,95,84,0,18
10.480,HR,167,0,10453144,g4/12mA/12mA,95,84,0,18
10.480,HR,167,1,13633040,g4/12mA/12mA,95,84,0,18
10.480,HR,167,2,11667381,g4/12mA/12mA,95,84,0,18
10.480,HR,167,3,13077623,g4/12mA/12mA,95,84,0,18
10.480,HR,168,0,10452761,g4/12mA/12mA,95,84,0,18
10.480,HR,168,1,13632810,g4/12mA/12mA,95,84,0,18
10.480,HR,168,2,11667287,g4/12mA/12mA,95,84,0,18
10.480,HR,168,3,13077484,g4/12mA/12mA,95,84,0,18
10.480,HR,169,0,10452538,g4/12mA/12mA,95,84,0,18
10.480,HR,169,1,13632325,g4/12mA/12mA,95,84,0,18
10.480,HR,169,2,11666877,g4/12mA/12mA,95,84,0,18
10.480,HR,169,3,13076685,g4/12mA/12mA,95,84,0,18
10.480,HR,170,0,10452599,g4/12mA/12mA,95,84,0,18
10.480,HR,170,1,13632163,g4/12mA/12mA,95,84,0,18
10.480,HR,170,2,11667109,g4/12mA/12mA,95,84,0,18
10.480,HR,170,3,13077025,g4/12mA/12mA,95,84,0,18
10.480,HR,171,0,10452181,g4/12mA/12mA,95,84,0,18
10.480,HR,171,1,13631538,g4/12mA/12mA,95,84,0,18
10.480,HR,171,2,11666553,g4/12mA/12mA,95,84,0,18
10.480,HR,171,3,13076580,g4/12mA/12mA,95,84,0,18
10.538,HR,172,0,10451807,g4/12mA/12mA,95,84,0,18
10.538,HR,172,1,13631538,g4/12mA/12mA,95,84,0,18
10.538,HR,172,2,11666153,g4/12mA/12mA,95,84,0,18
10.538,HR,172,3,13076249,g4/12mA/12mA,95,84,0,18
10.538,HR,173,0,10452105,g4/12mA/12mA,95,84,0,18
10.538,HR,173,1,13631904,g4/12mA/12mA,95,84,0,18
10.538,HR,173,2,11666613,g4/12mA/12mA,95,84,0,18
10.538,HR,173,3,13076802,g4/12mA/12mA,95,84,0,18
10.538,HR,174,0,10452198,g4/12mA/12mA,95,84,0,18
10.538,HR,174,1,13631386,g4/12mA/12mA,95,84,0,18
10.538,HR,174,2,11666176,g4/12mA/12mA,95,84,0,18
10.538,HR,174,3,13076437,g4/12mA/12mA,95,84,0,18
10.538,HR,175,0,10452557,g4/12mA/12mA,95,84,0,18
10.538,HR,175,1,13632476,g4/12mA/12mA,95,84,0,18
10.538,HR,175,2,11667064,g4/12mA/12mA,95,84,0,18
10.538,HR,175,3,13077162,g4/12mA/12mA,95,84,0,18
10.538,HR,176,0,10452708,g4/12mA/12mA,95,84,0,18
10.538,HR,176,1,13632366,g4/12mA/12mA,95,84,0,18
10.538,HR,176,2,11666895,g4/12mA/12mA,95,84,0,18
10.538,HR,176,3,13076855,g4/12mA/12mA,95,84,0,18
10.538,HR,177,0,10452207,g4/12mA/12mA,95,84,0,18
10.538,HR,177,1,13631990,g4/12mA/12mA,95,84,0,18
10.538,HR,177,2,11666638,g4/12mA/12mA,95,84,0,18
10.538,HR,177,3,13076651,g4/12mA/12mA,95,84,0,18
10.539,HR,178,0,10452684,g4/12mA/12mA,95,84,0,18
10.539,HR,178,1,13632716,g4/12mA/12mA,95,84,0,18
10.539,HR,178,2,11667083,g4/12mA/12mA,95,84,0,18
10.539,HR,178,3,13077400,g4/12mA/12mA,95,84,0,18
10.539,HR,179,0,10452455,g4/12mA/12mA,95,84,0,18
10.539,HR,179,1,13632102,g4/12mA/12mA,95,84,0,18
10.539,HR,179,2,11666877,g4/12mA/12mA,95,84,0,18
10.539,HR,179,3,13077025,g4/12mA/12mA,95,84,0,18
10.539,HR,180,0,10452497,g4/12mA/12mA,95,84,0,18
10.539,HR,180,1,13632366,g4/12mA/12mA,95,84,0,18
10.539,HR,180,2,11666868,g4/12mA/12mA,95,84,0,18
10.539,HR,180,3,13077280,g4/12mA/12mA,95,84,0,18
10.539,HR,181,0,10452677,g4/12mA/12mA,95,84,0,18
10.539,HR,181,1,13632469,g4/12mA/12mA,95,84,0,18
10.539,HR,181,2,11667049,g4/12mA/12mA,95,84,0,18
10.539,HR,181,3,13077307,g4/12mA/12mA,95,84,0,18
10.539,HR,182,0,10452744,g4/12mA/12mA,95,84,0,18
10.539,HR,182,1,13632656,g4/12mA/12mA,95,84,0,18
10.539,HR,182,2,11667381,g4/12mA/12mA,95,84,0,18
10.539,HR,182,3,13077307,g4/12mA/12mA,95,84,0,18
10.539,HR,183,0,10452616,g4/12mA/12mA,95,84,0,18
10.539,HR,183,1,13632197,g4/12mA/12mA,95,84,0,18
10.539,HR,183,2,11666937,g4/12mA/12mA,95,84,0,18
10.539,HR,183,3,13076991,g4/12mA/12mA,95,84,0,18
10.566,HR,184,0,10452282,g4/12mA/12mA,95,84,0,18
10.566,HR,184,1,13631829,g4/12mA/12mA,95,84,0,18
10.566,HR,184,2,11666416,g4/12mA/12mA,95,84,0,18
10.566,HR,184,3,13076598,g4/12mA/12mA,95,84,0,18
10.566,HR,185,0,10452078,g4/12mA/12mA,95,84,0,18
10.566,HR,185,1,13631975,g4/12mA/12mA,95,84,0,18
10.566,HR,185,2,11666289,g4/12mA/12mA,95,84,0,18
10.566,HR,185,3,13076334,g4/12mA/12mA,95,84,0,18
10.566,HR,186,0,10452010,g4/12mA/12mA,95,84,0,18
10.566,HR,186,1,13631368,g4/12mA/12mA,95,84,0,18
10.566,HR,186,2,11666084,g4/12mA/12mA,95,84,0,18
10.566,HR,186,3,13076112,g4/12mA/12mA,95,84,0,18
10.566,HR,187,0,10451661,g4/12mA/12mA,94,81,0,18
10.566,HR,187,1,13630933,g4/12mA/12mA,94,81,0,18
10.566,HR,187,2,11665802,g4/12mA/12mA,94,81,0,18
10.566,HR,187,3,13076043,g4/12mA/12mA,94,81,0,18
10.566,HR,188,0,10451848,g4/12mA/12mA,94,81,0,18
10.566,HR,188,1,13631097,g4/12mA/12mA,94,81,0,18
10.566,HR,188,2,11665675,g4/12mA/12mA,94,81,0,18
10.566,HR,188,3,13075958,g4/12mA/12mA,94,81,0,18
10.594,HR,189,0,10451736,g4/12mA/12mA,94,81,0,18
10.594,HR,189,1,13630974,g4/12mA/12mA,94,81,0,18
10.594,HR,189,2,11665402,g4/12mA/12mA,94,81,0,18
10.594,HR,189,3,13075899,g4/12mA/12mA,94,81,0,18
10.594,HR,190,0,10450900,g4/12mA/12mA,94,81,0,18
10.594,HR,190,1,13629602,g4/12mA/12mA,94,81,0,18
10.594,HR,190,2,11664599,g4/12mA/12mA,94,81,0,18
10.594,HR,190,3,13074772,g4/12mA/12mA,94,81,0,18
10.594,HR,191,0,10451371,g4/12mA/12mA,94,81,0,18
10.594,HR,191,1,13630318,g4/12mA/12mA,94,81,0,18
10.594,HR,191,2,11664898,g4/12mA/12mA,94,81,0,18
10.594,HR,191,3,13075335,g4/12mA/12mA,94,81,0,18
10.594,HR,192,0,10451182,g4/12mA/12mA,94,81,0,18
10.594,HR,192,1,13630292,g4/12mA/12mA,94,81,0,18
10.594,HR,192,2,11665000,g4/12mA/12mA,94,81,0,18
10.594,HR,192,3,13075370,g4/12mA/12mA,94,81,0,18
10.594,HR,193,0,10451635,g4/12mA/12mA,94,81,0,18
10.595,HR,193,1,13630906,g4/12mA/12mA,94,81,0,18
10.595,HR,193,2,11665615,g4/12mA/12mA,94,81,0,18
10.595,HR,193,3,13075813,g4/12mA/12mA,94,81,0,18
10.595,HR,194,0,10451148,g4/12mA/12mA,94,81,0,18
10.595,HR,194,1,13629995,g4/12mA/12mA,94,81,0,18
10.595,HR,194,2,11665110,g4/12mA/12mA,94,81,0,18
10.595,HR,194,3,13075224,g4/12mA/12mA,94,81,0,18
10.597,HRV,166,0,10453008,g4/12mA/12mA,94,81,0,18
10.597,HRV,166,1,13633040,g4/12mA/12mA,94,81,0,18
10.597,HRV,166,2,11667525,g4/12mA/12mA,94,81,0,18
10.597,HRV,166,3,13077562,g4/12mA/12mA,94,81,0,18
10.597,HRV,167,0,10453144,g4/12mA/12mA,94,81,0,18
10.597,HRV,167,1,13633040,g4/12mA/12mA,94,81,0,18
10.597,HRV,167,2,11667381,g4/12mA/12mA,94,81,0,18
10.597,HRV,167,3,13077623,g4/12mA/12mA,94,81,0,18
10.597,HRV,168,0,10452761,g4/12mA/12mA,94,81,0,18
10.597,HRV,168,1,13632810,g4/12mA/12mA,94,81,0,18
10.597,HRV,168,2,11667287,g4/12mA/12mA,94,81,0,18
10.597,HRV,168,3,13077484,g4/12mA/12mA,94,81,0,18
10.597,HRV,169,0,10452538,g4/12mA/12mA,94,81,0,18
10.597,HRV,169,1,13632325,g4/12mA/12mA,94,81,0,18
10.597,HRV,169,2,11666877,g4/12mA/12mA,94,81,0,18
10.597,HRV,169,3,13076685,g4/12mA/12mA,94,81,0,18
10.597,HRV,170,0,10452599,g4/12mA/12mA,94,81,0,18
10.597,HRV,170,1,13632163,g4/12mA/12mA,94,81,0,18
10.597,HRV,170,2,11667109,g4/12mA/12mA,94,81,0,18
10.597,HRV,170,3,13077025,g4/12mA/12mA,94,81,0,18
10.597,HRV,171,0,10452181,g4/12mA/12mA,94,81,0,18
10.597,HRV,171,1,13631538,g4/12mA/12mA,94,81,0,18
10.597,HRV,171,2,11666553,g4/12mA/12mA,94,81,0,18
10.597,HRV,171,3,13076580,g4/12mA/12mA,94,81,0,18
10.624,HRV,172,0,10451807,g4/12mA/12mA,94,81,0,18
10.624,HRV,172,1,13631538,g4/12mA/12mA,94,81,0,18
10.624,HRV,172,2,11666153,g4/12mA/12mA,94,81,0,18
10.624,HRV,172,3,13076249,g4/12mA/12mA,94,81,0,18
10.624,HRV,173,0,10452105,g4/12mA/12mA,94,81,0,18
10.624,HRV,173,1,13631904,g4/12mA/12mA,94,81,0,18
10.624,HRV,173,2,11666613,g4/12mA/12mA,94,81,0,18
10.624,HRV,173,3,13076802,g4/12mA/12mA,94,81,0,18
10.624,HRV,174,0,10452198,g4/12mA/12mA,94,81,0,18
10.624,HRV,174,1,13631386,g4/12mA/12mA,94,81,0,18
10.624,HRV,174,2,11666176,g4/12mA/12mA,94,81,0,18
10.624,HRV,174,3,13076437,g4/12mA/12mA,94,81,0,18
10.624,HRV,175,0,10452557,g4/12mA/12mA,94,81,0,18
10.624,HRV,175,1,13632476,g4/12mA/12mA,94,81,0,18
10.624,HRV,175,2,11667064,g4/12mA/12mA,94,81,0,18
10.624,HRV,175,3,13077162,g4/12mA/12mA,94,81,0,18
10.624,HRV,176,0,10452708,g4/12mA/12mA,94,81,0,18
10.624,HRV,176,1,13632366,g4/12mA/12mA,94,81,0,18
10.624,HRV,176,2,11666895,g4/12mA/12mA,94,81,0,18
10.624,HRV,176,3,13076855,g4/12mA/12mA,94,81,0,18
10.624,HRV,177,0,10452207,g4/12mA/12mA,94,81,0,18
10.624,HRV,177,1,13631990,g4/12mA/12mA,94,81,0,18
10.624,HRV,177,2,11666638,g4/12mA/12mA,94,81,0,18
10.624,HRV,177,3,13076651,g4/12mA/12mA,94,81,0,18
10.627,HRV,184,0,10451873,g4/12mA/12mA,94,81,0,18
10.627,HRV,184,1,13631622,g4/12mA/12mA,94,81,0,18
10.627,HRV,184,2,11666117,g4/12mA/12mA,94,81,0,18
10.627,HRV,184,3,13076258,g4/12mA/12mA,94,81,0,18
10.627,HRV,185,0,10451669,g4/12mA/12mA,94,81,0,18
10.627,HRV,185,1,13631768,g4/12mA/12mA,94,81,0,18
10.627,HRV,185,2,11665990,g4/12mA/12mA,94,81,0,18
10.627,HRV,185,3,13075994,g4/12mA/12mA,94,81,0,18
10.627,HRV,186,0,10451601,g4/12mA/12mA,94,81,0,18
10.627,HRV,186,1,13631161,g4/12mA/12mA,94,81,0,18
10.627,HRV,186,2,11665785,g4/12mA/12mA,94,81,0,18
10.627,HRV,186,3,13075772,g4/12mA/12mA,94,81,0,18
10.627,HRV,187,0,10451252,g4/12mA/12mA,94,81,0,18
10.627,HRV,187,1,13630726,g4/12mA/12mA,94,81,0,18
10.627,HRV,187,2,11665503,g4/12mA/12mA,94,81,0,18
10.627,HRV,187,3,13075703,g4/12mA/12mA,94,81,0,18
10.627,HRV,188,0,10451439,g4/12mA/12mA,94,81,0,18
10.627,HRV,188,1,13630890,g4/12mA/12mA,94,81,0,18
10.627,HRV,188,2,11665376,g4/12mA/12mA,94,81,0,18
10.627,HRV,188,3,13075618,g4/12mA/12mA,94,81,0,18
10.660,HRV,195,0,10452294,g4/12mA/12mA,94,81,0,18
10.660,HRV,195,1,13632033,g4/12mA/12mA,94,81,0,18
10.660,HRV,195,2,11666256,g4/12mA/12mA,94,81,0,18
10.660,HRV,195,3,13076284,g4/12mA/12mA,94,81,0,18
10.660,HRV,196,0,10452200,g4/12mA/12mA,94,81,0,18
10.660,HRV,196,1,13632136,g4/12mA/12mA,94,81,0,18
10.660,HRV,196,2,11666051,g4/12mA/12mA,94,81,0,18
10.660,HRV,196,3,13076557,g4/12mA/12mA,94,81,0,18
10.660,HRV,197,0,10452746,g4/12mA/12mA,94,81,0,18
10.660,HRV,197,1,13632990,g4/12mA/12mA,94,81,0,18
10.660,HRV,197,2,11667119,g4/12mA/12mA,94,81,0,18
10.660,HRV,197,3,13077053,g4/12mA/12mA,94,81,0,18
10.660,HRV,198,0,10456866,g4/12mA/12mA,94,81,0,18
10.660,HRV,198,1,13639958,g4/12mA/12mA,94,81,0,18
10.660,HRV,198,2,11672997,g4/12mA/12mA,94,81,0,18
10.660,HRV,198,3,13083016,g4/12mA/12mA,94,81,0,18
10.660,HRV,199,0,10453906,g4/12mA/12mA,94,81,0,18
10.660,HRV,199,1,13635043,g4/12mA/12mA,94,81,0,18
10.660,HRV,199,2,11668799,g4/12mA/12mA,94,81,0,18
10.660,HRV,199,3,13078699,g4/12mA/12mA,94,81,0,18
10.688,SPO2,166,0,13029075,g1/73mA/0mA,94,81,0,18
10.688,SPO2,166,1,13277685,g1/36mA/0mA,94,81,0,18
10.688,SPO2,167,0,13029236,g1/73mA/0mA,94,81,0,18
10.688,SPO2,167,1,13277511,g1/36mA/0mA,94,81,0,18
10.688,SPO2,168,0,13028616,g1/73mA/0mA,94,81,0,18
10.688,SPO2,168,1,13277181,g1/36mA/0mA,94,81,0,18
10.688,SPO2,169,0,13027613,g1/73mA/0mA,94,81,0,18
10.688,SPO2,169,1,13276308,g1/36mA/0mA,94,81,0,18
10.688,SPO2,170,0,13027822,g1/73mA/0mA,94,81,0,18
10.688,SPO2,170,1,13276446,g1/36mA/0mA,94,81,0,18
10.688,SPO2,171,0,13027380,g1/73mA/0mA,94,81,0,18
10.688,SPO2,171,1,13276321,g1/36mA/0mA,94,81,0,18
10.688,SPO2,172,0,13026805,g1/73mA/0mA,94,81,0,18
10.688,SPO2,172,1,13275901,g1/36mA/0mA,94,81,0,18
10.689,SPO2,187,0,13026521,g1/73mA/0mA,94,81,0,18
10.689,SPO2,187,1,13275842,g1/36mA/0mA,94,81,0,18
10.689,SPO2,188,0,13026259,g1/73mA/0mA,94,81,0,18
10.689,SPO2,188,1,13275395,g1/36mA/0mA,94,81,0,18
10.689,SPO2,189,0,13026041,g1/73mA/0mA,94,81,0,18
10.689,SPO2,189,1,13275413,g1/36mA/0mA,94,81,0,18
10.689,SPO2,190,0,13025681,g1/73mA/0mA,94,81,0,18
10.689,SPO2,190,1,13276209,g1/36mA/0mA,94,81,0,18
10.689,SPO2,191,0,13026070,g1/73mA/0mA,94,81,0,18
10.689,SPO2,191,1,13276277,g1/36mA/0mA,94,81,0,18
10.689,SPO2,192,0,13025602,g1/73mA/0mA,94,81,0,18
10.689,SPO2,192,1,13275655,g1/36mA/0mA,94,81,0,18
10.716,HR,200,0,10453291,g4/12mA/12mA,94,81,0,18
10.716,HR,200,1,13633919,g4/12mA/12mA,94,81,0,18
10.716,HR,200,2,11667841,g4/12mA/12mA,94,81,0,18
10.716,HR,200,3,13078032,g4/12mA/12mA,94,81,0,18
10.716,HR,201,0,10453725,g4/12mA/12mA,94,81,0,18
10.716,HR,201,1,13634073,g4/12mA/12mA,94,81,0,18
10.716,HR,201,2,11668498,g4/12mA/12mA,94,81,0,18
10.716,HR,201,3,13078707,g4/12mA/12mA,94,81,0,18
10.716,HR,202,0,10451293,g4/12mA/12mA,94,81,0,18
10.716,HR,202,1,13629866,g4/12mA/12mA,94,81,0,18
10.716,HR,202,2,11664702,g4/12mA/12mA,94,81,0,18
10.716,HR,202,3,13075130,g4/12mA/12mA,94,81,0,18
10.716,HR,203,0,10451235,g4/12mA/12mA,94,81,0,18
10.716,HR,203,1,13629883,g4/12mA/12mA,94,81,0,18
10.716,HR,203,2,11664984,g4/12mA/12mA,94,81,0,18
10.716,HR,203,3,13075206,g4/12mA/12mA,94,81,0,18
10.716,HR,204,0,10450953,g4/12mA/12mA,94,81,0,18
10.716,HR,204,1,13629773,g4/12mA/12mA,94,81,0,18
10.716,HR,204,2,11664677,g4/12mA/12mA,94,81,0,18
10.716,HR,204,3,13075096,g4/12mA/12mA,94,81,0,18
10.716,HR,205,0,10450765,g4/12mA/12mA,94,81,0,18
10.716,HR,205,1,13629849,g4/12mA/12mA,94,81,0,18
10.716,HR,205,2,11664489,g4/12mA/12mA,94,81,0,18
10.716,HR,205,3,13074849,g4/12mA/12mA,94,81,0,18
10.717,HR,206,0,10451661,g4/12mA/12mA,94,81,0,18
10.717,HR,206,1,13630661,g4/12mA/12mA,94,81,0,18
10.717,HR,206,2,11665547,g4/12mA/12mA,94,81,0,18
10.717,HR,206,3,13075624,g4/12mA/12mA,94,81,0,18
10.717,HR,207,0,10451838,g4/12mA/12mA,94,81,0,18
10.717,HR,207,1,13631504,g4/12mA/12mA,94,81,0,18
10.717,HR,207,2,11665905,g4/12mA/12mA,94,81,0,18
10.717,HR,207,3,13076146,g4/12mA/12mA,94,81,0,18
10.717,HR,208,0,10452052,g4/12mA/12mA,94,81,0,18
10.717,HR,208,1,13631581,g4/12mA/12mA,94,81,0,18
10.717,HR,208,2,11666529,g4/12mA/12mA,94,81,0,18
10.717,HR,208,3,13076403,g4/12mA/12mA,94,81,0,18
10.717,HR,209,0,10452096,g4/12mA/12mA,94,81,0,18
10.717,HR,209,1,13631676,g4/12mA/12mA,94,81,0,18
10.717,HR,209,2,11666093,g4/12mA/12mA,94,81,0,18
10.717,HR,209,3,13076180,g4/12mA/12mA,94,81,0,18
10.717,HR,210,0,10452071,g4/12mA/12mA,94,81,0,18
10.717,HR,210,1,13631606,g4/12mA/12mA,94,81,0,18
10.717,HR,210,2,11666168,g4/12mA/12mA,94,81,0,18
10.717,HR,210,3,13076103,g4/12mA/12mA,94,81,0,18
10.748,SPO2,199,0,13028172,g1/73mA/0mA,94,81,0,18
10.748,SPO2,199,1,13274690,g1/36mA/0mA,94,81,0,18
10.748,SPO2,200,0,13030367,g1/73mA/0mA,94,81,0,18
10.748,SPO2,200,1,13278796,g1/36mA/0mA,94,81,0,18
10.748,SPO2,201,0,13030440,g1/73mA/0mA,94,81,0,18
10.748,SPO2,201,1,13278013,g1/36mA/0mA,94,81,0,18
10.748,SPO2,202,0,13023106,g1/73mA/0mA,94,81,0,18
10.748,SPO2,202,1,13272163,g1/36mA/0mA,94,81,0,18
10.748,SPO2,203,0,13023430,g1/73mA/0mA,94,81,0,18
10.748,SPO2,203,1,13272827,g1/36mA/0mA,94,81,0,18
10.748,SPO2,204,0,13023817,g1/73mA/0mA,94,81,0,18
10.748,SPO2,204,1,13273854,g1/36mA/0mA,94,81,0,18
10.748,SPO2,205,0,13024558,g1/73mA/0mA,94,81,0,18
10.748,SPO2,205,1,13274704,g1/36mA/0mA,94,81,0,18
10.772,SPO2,206,0,13026317,g1/73mA/0mA,94,81,0,18
10.772,SPO2,206,1,13276356,g1/36mA/0mA,94,81,0,18
10.772,SPO2,207,0,13027193,g1/73mA/0mA,94,81,0,18
10.772,SPO2,207,1,13276374,g1/36mA/0mA,94,81,0,18
10.772,SPO2,208,0,13027608,g1/73mA/0mA,94,81,0,18
10.772,SPO2,208,1,13276798,g1/36mA/0mA,94,81,0,18
10.772,SPO2,209,0,13026518,g1/73mA/0mA,94,81,0,18
10.772,SPO2,209,1,13275775,g1/36mA/0mA,94,81,0,18
10.772,SPO2,210,0,13026757,g1/73mA/0mA,94,81,0,18
10.772,SPO2,210,1,13276132,g1/36mA/0mA,94,81,0,18
12.965,HR,211,0,10452078,g4/12mA/12mA,94,81,0,18
12.965,HR,211,1,13631300,g4/12mA/12mA,94,81,0,18
12.965,HR,211,2,11665922,g4/12mA/12mA,94,81,0,18
12.965,HR,211,3,13076079,g4/12mA/12mA,94,81,0,18
12.965,HR,212,0,10452052,g4/12mA/12mA,95,80,0,18
12.965,HR,212,1,13631914,g4/12mA/12mA,95,80,0,18
12.965,HR,212,2,11666596,g4/12mA/12mA,95,80,0,18
12.965,HR,212,3,13076700,g4/12mA/12mA,95,80,0,18
12.965,HR,213,0,10452335,g4/12mA/12mA,95,80,0,18
12.965,HR,213,1,13631914,g4/12mA/12mA,95,80,0,18
12.965,HR,213,2,11666315,g4/12mA/12mA,95,80,0,18
12.965,HR,213,3,13076308,g4/12mA/12mA,95,80,0,18
12.965,HR,214,0,10453024,g4/12mA/12mA,95,80,0,18
12.965,HR,214,1,13632682,g4/12mA/12mA,95,80,0,18
12.965,HR,214,2,11667493,g4/12mA/12mA,95,80,0,18
12.965,HR,214,3,13077562,g4/12mA/12mA,95,80,0,18
12.965,HR,215,0,10452572,g4/12mA/12mA,95,80,0,18
12.965,HR,215,1,13632246,g4/12mA/12mA,95,80,0,18
12.965,HR,215,2,11666793,g4/12mA/12mA,95,80,0,18
12.965,HR,215,3,13076889,g4/12mA/12mA,95,80,0,18
12.996,HR,216,0,10452411,g4/12mA/12mA,95,80,0,18
12.996,HR,216,1,13631914,g4/12mA/12mA,95,80,0,18
12.996,HR,216,2,11666416,g4/12mA/12mA,95,80,0,18
12.996,HR,216,3,13076598,g4/12mA/12mA,95,80,0,18
12.996,HR,217,0,10452462,g4/12mA/12mA,95,80,0,18
12.996,HR,217,1,13631777,g4/12mA/12mA,95,80,0,18
12.996,HR,217,2,11666706,g4/12mA/12mA,95,80,0,18
12.996,HR,217,3,13076751,g4/12mA/12mA,95,80,0,18
12.996,HR,218,0,10452377,g4/12mA/12mA,95,80,0,18
12.996,HR,218,1,13632197,g4/12mA/12mA,95,80,0,18
12.996,HR,218,2,11666766,g4/12mA/12mA,95,80,0,18
12.996,HR,218,3,13076769,g4/12mA/12mA,95,80,0,18
12.996,HR,219,0,10452949,g4/12mA/12mA,95,80,0,18
12.996,HR,219,1,13632724,g4/12mA/12mA,95,80,0,18
12.996,HR,219,2,11667057,g4/12mA/12mA,95,80,0,18
12.996,HR,219,3,13076889,g4/12mA/12mA,95,80,0,18
12.996,HR,220,0,10452966,g4/12mA/12mA,95,80,0,18
12.996,HR,220,1,13632803,g4/12mA/12mA,95,80,0,18
12.996,HR,220,2,11667467,g4/12mA/12mA,95,80,0,18
12.996,HR,220,3,13077194,g4/12mA/12mA,95,80,0,18
12.996,HR,221,0,10453367,g4/12mA/12mA,95,80,0,18
12.996,HR,221,1,13633748,g4/12mA/12mA,95,80,0,18
12.996,HR,221,2,11668081,g4/12mA/12mA,95,80,0,18
12.996,HR,221,3,13078134,g4/12mA/12mA,95,80,0,18
13.024,HR,222,0,10453085,g4/12mA/12mA,95,80,0,18
13.024,HR,222,1,13632716,g4/12mA/12mA,95,80,0,18
13.024,HR,222,2,11667211,g4/12mA/12mA,95,80,0,18
13.024,HR,222,3,13077427,g4/12mA/12mA,95,80,0,18
13.024,HR,223,0,10453085,g4/12mA/12mA,95,80,0,18
13.024,HR,223,1,13633066,g4/12mA/12mA,95,80,0,18
13.024,HR,223,2,11667457,g4/12mA/12mA,95,80,0,18
13.024,HR,223,3,13077774,g4/12mA/12mA,95,80,0,18
13.024,HR,224,0,10452222,g4/12mA/12mA,95,80,0,18
13.024,HR,224,1,13632136,g4/12mA/12mA,95,80,0,18
13.024,HR,224,2,11666426,g4/12mA/12mA,95,80,0,18
13.024,HR,224,3,13076709,g4/12mA/12mA,95,80,0,18
13.024,HR,225,0,10450799,g4/12mA/12mA,95,80,0,18
13.024,HR,225,1,13629210,g4/12mA/12mA,95,80,0,18
13.024,HR,225,2,11664225,g4/12mA/12mA,95,80,0,18
13.024,HR,225,3,13074227,g4/12mA/12mA,95,80,0,18
13.024,HR,226,0,10451848,g4/12mA/12mA,95,80,0,18
13.024,HR,226,1,13631121,g4/12mA/12mA,95,80,0,18
13.024,HR,226,2,11665837,g4/12mA/12mA,95,80,0,18
13.024,HR,226,3,13075838,g4/12mA/12mA,95,80,0,18
13.024,HR,227,0,10447190,g4/12mA/12mA,95,80,0,18
13.024,HR,227,1,13623562,g4/12mA/12mA,95,80,0,18
13.024,HR,227,2,11659318,g4/12mA/12mA,95,80,0,18
13.024,HR,227,3,13069577,g4/12mA/12mA,95,80,0,18
13.028,HR,228,0,10452907,g4/12mA/12mA,95,80,0,18
13.028,HR,228,1,13633323,g4/12mA/12mA,95,80,0,18
13.028,HR,228,2,11667500,g4/12mA/12mA,95,80,0,18
13.028,HR,228,3,13077375,g4/12mA/12mA,95,80,0,18
13.028,HR,229,0,10450124,g4/12mA/12mA,95,80,0,18
13.028,HR,229,1,13628519,g4/12mA/12mA,95,80,0,18
13.028,HR,229,2,11663832,g4/12mA/12mA,95,80,0,18
13.028,HR,229,3,13073544,g4/12mA/12mA,95,80,0,18
13.028,HR,230,0,10449672,g4/12mA/12mA,95,80,0,18
13.028,HR,230,1,13627854,g4/12mA/12mA,95,80,0,18
13.028,HR,230,2,11663252,g4/12mA/12mA,95,80,0,18
13.028,HR,230,3,13072878,g4/12mA/12mA,95,80,0,18
13.028,HR,231,0,10448589,g4/12mA/12mA,95,80,0,18
13.028,HR,231,1,13626062,g4/12mA/12mA,95,80,0,18
13.028,HR,231,2,11661510,g4/12mA/12mA,95,80,0,18
13.028,HR,231,3,13071087,g4/12mA/12mA,95,80,0,18
13.028,HR,232,0,10447812,g4/12mA/12mA,95,80,0,18
13.028,HR,232,1,13624697,g4/12mA/12mA,95,80,0,18
13.028,HR,232,2,11660248,g4/12mA/12mA,95,80,0,18
13.028,HR,232,3,13070558,g4/12mA/12mA,95,80,0,18
13.028,HR,233,0,10448136,g4/12mA/12mA,95,80,0,18
13.028,HR,233,1,13625422,g4/12mA/12mA,95,80,0,18
13.028,HR,233,2,11661032,g4/12mA/12mA,95,80,0,18
13.028,HR,233,3,13070985,g4/12mA/12mA,95,80,0,18
13.059,HR,234,0,10448708,g4/12mA/12mA,95,80,0,18
13.059,HR,234,1,13625994,g4/12mA/12mA,95,80,0,18
13.059,HR,234,2,11661742,g4/12mA/12mA,95,80,0,18
13.059,HR,234,3,13071487,g4/12mA/12mA,95,80,0,18
13.059,HR,235,0,10448539,g4/12mA/12mA,95,80,0,18
13.059,HR,235,1,13625457,g4/12mA/12mA,95,80,0,18
13.059,HR,235,2,11661264,g4/12mA/12mA,95,80,0,18
13.059,HR,235,3,13071308,g4/12mA/12mA,95,80,0,18
13.059,HR,236,0,10445467,g4/12mA/12mA,95,80,0,18
13.059,HR,236,1,13620653,g4/12mA/12mA,95,80,0,18
13.059,HR,236,2,11657016,g4/12mA/12mA,95,80,0,18
13.059,HR,236,3,13067238,g4/12mA/12mA,95,80,0,18
13.059,HR,237,0,10453178,g4/12mA/12mA,95,80,0,18
13.059,HR,237,1,13633127,g4/12mA/12mA,95,80,0,18
13.059,HR,237,2,11667961,g4/12mA/12mA,95,80,0,18
13.059,HR,237,3,13077453,g4/12mA/12mA,95,80,0,18
13.059,HR,238,0,10453853,g4/12mA/12mA,95,80,0,18
13.059,HR,238,1,13634585,g4/12mA/12mA,95,80,0,18
13.059,HR,238,2,11669130,g4/12mA/12mA,95,80,0,18
13.059,HR,238,3,13078979,g4/12mA/12mA,95,80,0,18
13.082,HR,239,0,10451405,g4/12mA/12mA,95,80,0,18
13.082,HR,239,1,13630710,g4/12mA/12mA,95,80,0,18
13.082,HR,239,2,11665562,g4/12mA/12mA,95,80,0,18
13.082,HR,239,3,13075020,g4/12mA/12mA,95,80,0,18
13.082,HR,240,0,10451984,g4/12mA/12mA,95,80,0,18
13.082,HR,240,1,13631880,g4/12mA/12mA,95,80,0,18
13.082,HR,240,2,11666553,g4/12mA/12mA,95,80,0,18
13.082,HR,240,3,13076043,g4/12mA/12mA,95,80,0,18
13.082,HR,241,0,10450919,g4/12mA/12mA,95,80,0,18
13.082,HR,241,1,13629663,g4/12mA/12mA,95,80,0,18
13.082,HR,241,2,11664659,g4/12mA/12mA,95,80,0,18
13.082,HR,241,3,13074687,g4/12mA/12mA,95,80,0,18
13.082,HR,242,0,10448948,g4/12mA/12mA,95,80,0,18
13.082,HR,242,1,13626948,g4/12mA/12mA,95,80,0,18
13.082,HR,242,2,11662278,g4/12mA/12mA,95,80,0,18
13.082,HR,242,3,13072434,g4/12mA/12mA,95,80,0,18
13.082,HR,243,0,10447311,g4/12mA/12mA,95,80,0,18
13.082,HR,243,1,13624023,g4/12mA/12mA,95,80,0,18
13.082,HR,243,2,11659651,g4/12mA/12mA,95,80,0,18
13.082,HR,243,3,13069458,g4/12mA/12mA,95,80,0,18
13.082,HR,244,0,10458681,g4/12mA/12mA,95,80,0,18
13.082,HR,244,1,13643175,g4/12mA/12mA,95,80,0,18
13.082,HR,244,2,11675725,g4/12mA/12mA,95,80,0,18
13.082,HR,244,3,13085572,g4/12mA/12mA,95,80,0,18
13.089,HRV,215,0,10453454,g4/12mA/12mA,95,80,0,18
13.089,HRV,215,1,13634607,g4/12mA/12mA,95,80,0,18
13.089,HRV,215,2,11668099,g4/12mA/12mA,95,80,0,18
13.089,HRV,215,3,13078026,g4/12mA/12mA,95,80,0,18
13.089,HRV,216,0,10453293,g4/12mA/12mA,95,80,0,18
13.089,HRV,216,1,13634275,g4/12mA/12mA,95,80,0,18
13.089,HRV,216,2,11667722,g4/12mA/12mA,95,80,0,18
13.089,HRV,216,3,13077735,g4/12mA/12mA,95,80,0,18
13.089,HRV,217,0,10453344,g4/12mA/12mA,95,80,0,18
13.089,HRV,217,1,13634138,g4/12mA/12mA,95,80,0,18
13.089,HRV,217,2,11668012,g4/12mA/12mA,95,80,0,18
13.089,HRV,217,3,13077888,g4/12mA/12mA,95,80,0,18
13.089,HRV,218,0,10453259,g4/12mA/12mA,95,80,0,18
13.089,HRV,218,1,13634558,g4/12mA/12mA,95,80,0,18
13.089,HRV,218,2,11668072,g4/12mA/12mA,95,80,0,18
13.089,HRV,218,3,13077906,g4/12mA/12mA,95,80,0,18
13.089,HRV,219,0,10453831,g4/12mA/12mA,95,80,0,18
13.089,HRV,219,1,13635085,g4/12mA/12mA,95,80,0,18
13.089,HRV,219,2,11668363,g4/12mA/12mA,95,80,0,18
13.089,HRV,219,3,13078026,g4/12mA/12mA,95,80,0,18
13.089,HRV,220,0,10453848,g4/12mA/12mA,95,80,0,18
13.089,HRV,220,1,13635164,g4/12mA/12mA,95,80,0,18
13.089,HRV,220,2,11668773,g4/12mA/12mA,95,80,0,18
13.089,HRV,220,3,13078331,g4/12mA/12mA,95,80,0,18
13.116,HRV,221,0,10453367,g4/12mA/12mA,95,80,0,18
13.116,HRV,221,1,13633748,g4/12mA/12mA,95,80,0,18
13.116,HRV,221,2,11668081,g4/12mA/12mA,95,80,0,18
13.116,HRV,221,3,13078134,g4/12mA/12mA,95,80,0,18
13.116,HRV,222,0,10453085,g4/12mA/12mA,95,80,0,18
13.116,HRV,222,1,13632716,g4/12mA/12mA,95,80,0,18
13.116,HRV,222,2,11667211,g4/12mA/12mA,95,80,0,18
13.116,HRV,222,3,13077427,g4/12mA/12mA,95,80,0,18
13.116,HRV,223,0,10453085,g4/12mA/12mA,95,80,0,18
13.116,HRV,223,1,13633066,g4/12mA/12mA,95,80,0,18
13.116,HRV,223,2,11667457,g4/12mA/12mA,95,80,0,18
13.116,HRV,223,3,13077774,g4/12mA/12mA,95,80,0,18
13.116,HRV,224,0,10452222,g4/12mA/12mA,95,80,0,18
13.116,HRV,224,1,13632136,g4/12mA/12mA,95,80,0,18
13.116,HRV,224,2,11666426,g4/12mA/12mA,95,80,0,18
13.116,HRV,224,3,13076709,g4/12mA/12mA,95,80,0,18
13.116,HRV,225,0,10450799,g4/12mA/12mA,95,80,0,18
13.116,HRV,225,1,13629210,g4/12mA/12mA,95,80,0,18
13.116,HRV,225,2,11664225,g4/12mA/12mA,95,80,0,18
13.116,HRV,225,3,13074227,g4/12mA/12mA,95,80,0,18
13.116,HRV,226,0,10451848,g4/12mA/12mA,95,80,0,18
13.116,HRV,226,1,13631121,g4/12mA/12mA,95,80,0,18
13.116,HRV,226,2,11665837,g4/12mA/12mA,95,80,0,18
13.116,HRV,226,3,13075838,g4/12mA/12mA,95,80,0,18
13.143,HRV,233,0,10448136,g4/12mA/12mA,95,80,0,18
13.143,HRV,233,1,13625422,g4/12mA/12mA,95,80,0,18
13.143,HRV,233,2,11661032,g4/12mA/12mA,95,80,0,18
13.143,HRV,233,3,13070985,g4/12mA/12mA,95,80,0,18
13.143,HRV,234,0,10448708,g4/12mA/12mA,95,80,0,18
13.143,HRV,234,1,13625994,g4/12mA/12mA,95,80,0,18
13.143,HRV,234,2,11661742,g4/12mA/12mA,95,80,0,18
13.143,HRV,234,3,13071487,g4/12mA/12mA,95,80,0,18
13.143,HRV,235,0,10448539,g4/12mA/12mA,95,80,0,18
13.143,HRV,235,1,13625457,g4/12mA/12mA,95,80,0,18
13.143,HRV,235,2,11661264,g4/12mA/12mA,95,80,0,18
13.143,HRV,235,3,13071308,g4/12mA/12mA,95,80,0,18
13.143,HRV,236,0,10445467,g4/12mA/12mA,95,80,0,18
13.143,HRV,236,1,13620653,g4/12mA/12mA,95,80,0,18
13.143,HRV,236,2,11657016,g4/12mA/12mA,95,80,0,18
13.143,HRV,236,3,13067238,g4/12mA/12mA,95,80,0,18
13.143,HRV,237,0,10453178,g4/12mA/12mA,95,80,0,18
13.143,HRV,237,1,13633127,g4/12mA/12mA,95,80,0,18
13.143,HRV,237,2,11667961,g4/12mA/12mA,95,80,0,18
13.143,HRV,237,3,13077453,g4/12mA/12mA,95,80,0,18
13.144,HRV,244,0,10458681,g4/12mA/12mA,95,80,0,18
13.144,HRV,244,1,13643175,g4/12mA/12mA,95,80,0,18
13.144,HRV,244,2,11675725,g4/12mA/12mA,95,80,0,18
13.144,HRV,244,3,13085572,g4/12mA/12mA,95,80,0,18
13.149,SPO2,211,0,13026720,g1/73mA/0mA,95,80,0,18
13.149,SPO2,211,1,13276015,g1/36mA/0mA,95,80,0,18
13.149,SPO2,212,0,13027759,g1/73mA/0mA,95,80,0,18
13.149,SPO2,212,1,13276900,g1/36mA/0mA,95,80,0,18
13.149,SPO2,213,0,13027738,g1/73mA/0mA,95,80,0,18
13.149,SPO2,213,1,13277212,g1/36mA/0mA,95,80,0,18
13.149,SPO2,214,0,13028968,g1/73mA/0mA,95,80,0,18
13.149,SPO2,214,1,13277378,g1/36mA/0mA,95,80,0,18
13.149,SPO2,215,0,13027941,g1/73mA/0mA,95,80,0,18
13.149,SPO2,215,1,13276750,g1/36mA/0mA,95,80,0,18
13.149,SPO2,216,0,13027131,g1/73mA/0mA,95,80,0,18
13.149,SPO2,216,1,13276093,g1/36mA/0mA,95,80,0,18
13.178,SPO2,232,0,13025811,g1/73mA/0mA,95,80,0,18
13.178,SPO2,232,1,13275365,g1/36mA/0mA,95,80,0,18
13.178,SPO2,233,0,13026759,g1/73mA/0mA,95,80,0,18
13.178,SPO2,233,1,13276356,g1/36mA/0mA,95,80,0,18
13.178,SPO2,234,0,13028251,g1/73mA/0mA,95,80,0,18
13.178,SPO2,234,1,13277252,g1/36mA/0mA,95,80,0,18
13.178,SPO2,235,0,13027658,g1/73mA/0mA,95,80,0,18
13.178,SPO2,235,1,13276865,g1/36mA/0mA,95,80,0,18
13.178,SPO2,236,0,13026369,g1/73mA/0mA,95,80,0,18
13.178,SPO2,236,1,13281268,g1/36mA/0mA,95,80,0,18
13.178,SPO2,237,0,13043916,g1/73mA/0mA,95,80,0,18
13.178,SPO2,237,1,13292331,g1/36mA/0mA,95,80,0,18
13.205,HR,245,0,10455389,g4/12mA/12mA,95,80,0,18
13.205,HR,245,1,13637570,g4/12mA/12mA,95,80,0,18
13.205,HR,245,2,11671503,g4/12mA/12mA,95,80,0,18
13.205,HR,245,3,13080932,g4/12mA/12mA,95,80,0,18
13.205,HR,246,0,10450987,g4/12mA/12mA,95,80,0,18
13.205,HR,246,1,13629840,g4/12mA/12mA,95,80,0,18
13.205,HR,246,2,11665188,g4/12mA/12mA,95,80,0,18
13.205,HR,246,3,13074772,g4/12mA/12mA,95,80,0,18
13.205,HR,247,0,10447293,g4/12mA/12mA,95,80,0,18
13.205,HR,247,1,13623588,g4/12mA/12mA,95,80,0,18
13.205,HR,247,2,11659378,g4/12mA/12mA,95,80,0,18
13.205,HR,247,3,13069746,g4/12mA/12mA,95,80,0,18
13.205,HR,248,0,10448342,g4/12mA/12mA,95,80,0,18
13.205,HR,248,1,13625652,g4/12mA/12mA,95,80,0,18
13.205,HR,248,2,11661168,g4/12mA/12mA,95,80,0,18
13.205,HR,248,3,13071172,g4/12mA/12mA,95,80,0,18
13.205,HR,249,0,10447413,g4/12mA/12mA,95,80,0,18
13.205,HR,249,1,13624083,g4/12mA/12mA,95,80,0,18
13.205,HR,249,2,11659771,g4/12mA/12mA,95,80,0,18
13.205,HR,249,3,13070013,g4/12mA/12mA,95,80,0,18
13.208,HR,250,0,10448299,g4/12mA/12mA,95,80,0,18
13.208,HR,250,1,13625480,g4/12mA/12mA,95,80,0,18
13.208,HR,250,2,11661103,g4/12mA/12mA,95,80,0,18
13.208,HR,250,3,13071181,g4/12mA/12mA,95,80,0,18
13.208,HR,251,0,10447915,g4/12mA/12mA,95,80,0,18
13.208,HR,251,1,13624858,g4/12mA/12mA,95,80,0,18
13.208,HR,251,2,11660487,g4/12mA/12mA,95,80,0,18
13.208,HR,251,3,13070713,g4/12mA/12mA,95,80,0,18
13.208,HR,252,0,10447609,g4/12mA/12mA,95,80,0,18
13.208,HR,252,1,13624843,g4/12mA/12mA,95,80,0,18
13.208,HR,252,2,11660421,g4/12mA/12mA,95,80,0,18
13.208,HR,252,3,13070217,g4/12mA/12mA,95,80,0,18
13.208,HR,253,0,10448290,g4/12mA/12mA,95,80,0,18
13.208,HR,253,1,13625412,g4/12mA/12mA,95,80,0,18
13.208,HR,253,2,11661025,g4/12mA/12mA,95,80,0,18
13.208,HR,253,3,13071248,g4/12mA/12mA,95,80,0,18
13.208,HR,254,0,10448094,g4/12mA/12mA,95,80,0,18
13.208,HR,254,1,13625295,g4/12mA/12mA,95,80,0,18
13.209,HR,254,2,11661001,g4/12mA/12mA,95,80,0,18
13.209,HR,254,3,13070747,g4/12mA/12mA,95,80,0,18
13.209,HR,255,0,10448463,g4/12mA/12mA,95,80,0,18
13.209,HR,255,1,13626130,g4/12mA/12mA,95,80,0,18
13.209,HR,255,2,11661357,g4/12mA/12mA,95,80,0,18
13.209,HR,255,3,13071215,g4/12mA/12mA,95,80,0,18
13.233,HR,6,0,10448488,g4/12mA/12mA,96,82,0,18
13.233,HR,6,1,13626668,g4/12mA/12mA,96,82,0,18
13.233,HR,6,2,11661477,g4/12mA/12mA,96,82,0,18
13.233,HR,6,3,13071487,g4/12mA/12mA,96,82,0,18
13.233,HR,7,0,10448498,g4/12mA/12mA,96,82,0,18
13.233,HR,7,1,13626523,g4/12mA/12mA,96,82,0,18
13.233,HR,7,2,11661586,g4/12mA/12mA,96,82,0,18
13.233,HR,7,3,13071479,g4/12mA/12mA,96,82,0,18
13.233,HR,8,0,10448463,g4/12mA/12mA,96,82,0,18
13.233,HR,8,1,13626105,g4/12mA/12mA,96,82,0,18
13.233,HR,8,2,11661689,g4/12mA/12mA,96,82,0,18
13.233,HR,8,3,13071404,g4/12mA/12mA,96,82,0,18
13.248,HRV,245,0,10455389,g4/12mA/12mA,96,82,0,18
13.248,HRV,245,1,13637570,g4/12mA/12mA,96,82,0,18
13.248,HRV,245,2,11671503,g4/12mA/12mA,96,82,0,18
13.248,HRV,245,3,13080932,g4/12mA/12mA,96,82,0,18
13.248,HRV,246,0,10450987,g4/12mA/12mA,96,82,0,18
13.248,HRV,246,1,13629840,g4/12mA/12mA,96,82,0,18
13.248,HRV,246,2,11665188,g4/12mA/12mA,96,82,0,18
13.248,HRV,246,3,13074772,g4/12mA/12mA,96,82,0,18
13.248,HRV,247,0,10447293,g4/12mA/12mA,96,82,0,18
13.248,HRV,247,1,13623588,g4/12mA/12mA,96,82,0,18
13.248,HRV,247,2,11659378,g4/12mA/12mA,96,82,0,18
13.248,HRV,247,3,13069746,g4/12mA/12mA,96,82,0,18
13.248,HRV,248,0,10448342,g4/12mA/12mA,96,82,0,18
13.248,HRV,248,1,13625652,g4/12mA/12mA,96,82,0,18
13.248,HRV,248,2,11661168,g4/12mA/12mA,96,82,0,18
13.248,HRV,248,3,13071172,g4/12mA/12mA,96,82,0,18
13.248,HRV,249,0,10447413,g4/12mA/12mA,96,82,0,18
13.248,HRV,249,1,13624083,g4/12mA/12mA,96,82,0,18
13.248,HRV,249,2,11659771,g4/12mA/12mA,96,82,0,18
13.248,HRV,249,3,13070013,g4/12mA/12mA,96,82,0,18
13.296,HRV,0,0,10448170,g4/12mA/12mA,96,82,0,18
13.296,HRV,0,1,13625106,g4/12mA/12mA,96,82,0,18
13.296,HRV,0,2,11661058,g4/12mA/12mA,96,82,0,18
13.296,HRV,0,3,13070883,g4/12mA/12mA,96,82,0,18
13.296,HRV,1,0,10448274,g4/12mA/12mA,96,82,0,18
13.296,HRV,1,1,13625593,g4/12mA/12mA,96,82,0,18
13.296,HRV,1,2,11661351,g4/12mA/12mA,96,82,0,18
13.296,HRV,1,3,13071267,g4/12mA/12mA,96,82,0,18
13.296,HRV,2,0,10448290,g4/12mA/12mA,96,82,0,18
13.296,HRV,2,1,13625738,g4/12mA/12mA,96,82,0,18
13.296,HRV,2,2,11661144,g4/12mA/12mA,96,82,0,18
13.296,HRV,2,3,13070806,g4/12mA/12mA,96,82,0,18
13.296,HRV,3,0,10448324,g4/12mA/12mA,96,82,0,18
13.296,HRV,3,1,13625661,g4/12mA/12mA,96,82,0,18
13.296,HRV,3,2,11661544,g4/12mA/12mA,96,82,0,18
13.296,HRV,3,3,13071368,g4/12mA/12mA,96,82,0,18
13.296,HRV,4,0,10447549,g4/12mA/12mA,96,82,0,18
13.296,HRV,4,1,13624278,g4/12mA/12mA,96,82,0,18
13.296,HRV,4,2,11660309,g4/12mA/12mA,96,82,0,18
13.296,HRV,4,3,13070106,g4/12mA/12mA,96,82,0,18
13.296,HRV,5,0,10447864,g4/12mA/12mA,96,82,0,18
13.296,HRV,5,1,13624560,g4/12mA/12mA,96,82,0,18
13.296,HRV,5,2,11660241,g4/12mA/12mA,96,82,0,18
13.296,HRV,5,3,13070310,g4/12mA/12mA,96,82,0,18
13.297,HRV,6,0,10447889,g4/12mA/12mA,96,82,0,18
13.297,HRV,6,1,13625098,g4/12mA/12mA,96,82,0,18
13.297,HRV,6,2,11660361,g4/12mA/12mA,96,82,0,18
13.297,HRV,6,3,13070582,g4/12mA/12mA,96,82,0,18
13.297,HRV,7,0,10447899,g4/12mA/12mA,96,82,0,18
13.297,HRV,7,1,13624953,g4/12mA/12mA,96,82,0,18
13.297,HRV,7,2,11660470,g4/12mA/12mA,96,82,0,18
13.297,HRV,7,3,13070574,g4/12mA/12mA,96,82,0,18
13.297,HRV,8,0,10447864,g4/12mA/12mA,96,82,0,18
13.297,HRV,8,1,13624535,g4/12mA/12mA,96,82,0,18
13.297,HRV,8,2,11660573,g4/12mA/12mA,96,82,0,18
13.297,HRV,8,3,13070499,g4/12mA/12mA,96,82,0,18
13.358,SPO2,251,0,13042939,g1/73mA/0mA,96,82,0,18
13.358,SPO2,251,1,13291311,g1/36mA/0mA,96,82,0,18
13.358,SPO2,252,0,13042509,g1/73mA/0mA,96,82,0,18
13.358,SPO2,252,1,13291116,g1/36mA/0mA,96,82,0,18
13.358,SPO2,253,0,13043944,g1/73mA/0mA,96,82,0,18
13.358,SPO2,253,1,13292297,g1/36mA/0mA,96,82,0,18
13.358,SPO2,254,0,13043670,g1/73mA/0mA,96,82,0,18
13.358,SPO2,254,1,13292237,g1/36mA/0mA,96,82,0,18
13.358,SPO2,255,0,13044133,g1/73mA/0mA,96,82,0,18
13.358,SPO2,255,1,13292388,g1/36mA/0mA,96,82,0,18
13.358,SPO2,0,0,13043563,g1/73mA/0mA,96,82,0,18
13.358,SPO2,0,1,13291918,g1/36mA/0mA,96,82,0,18
13.358,SPO2,1,0,13043841,g1/73mA/0mA,96,82,0,18
13.358,SPO2,1,1,13292157,g1/36mA/0mA,96,82,0,18
13.358,SPO2,2,0,13043756,g1/73mA/0mA,96,82,0,18
13.358,SPO2,2,1,13292011,g1/36mA/0mA,96,82,0,18
13.358,SPO2,3,0,13018593,g1/73mA/0mA,96,82,0,18
13.358,SPO2,3,1,13270068,g1/36mA/0mA,96,82,0,18
13.358,SPO2,4,0,13016861,g1/73mA/0mA,96,82,0,18
13.358,SPO2,4,1,13269127,g1/36mA/0mA,96,82,0,18
13.358,SPO2,5,0,13016700,g1/73mA/0mA,96,82,0,18
13.358,SPO2,5,1,13268883,g1/36mA/0mA,96,82,0,18
13.358,SPO2,6,0,13017187,g1/73mA/0mA,96,82,0,19
13.358,SPO2,6,1,13269229,g1/36mA/0mA,96,82,0,19
13.358,SPO2,7,0,13017196,g1/73mA/0mA,96,82,0,19
13.358,SPO2,7,1,13269434,g1/36mA/0mA,96,82,0,19
13.358,SPO2,8,0,13017227,g1/73mA/0mA,96,82,0,19
13.358,SPO2,8,1,13269465,g1/36mA/0mA,96,82,0,19
14.384,HR,9,0,10448204,g4/12mA/12mA,96,82,0,19
14.384,HR,9,1,13625046,g4/12mA/12mA,96,82,0,19
14.384,HR,9,2,11661016,g4/12mA/12mA,96,82,0,19
14.384,HR,9,3,13070951,g4/12mA/12mA,96,82,0,19
14.384,HR,10,0,10447872,g4/12mA/12mA,96,82,0,19
14.384,HR,10,1,13624757,g4/12mA/12mA,96,82,0,19
14.384,HR,10,2,11660512,g4/12mA/12mA,96,82,0,19
14.384,HR,10,3,13070303,g4/12mA/12mA,96,82,0,19
14.384,HR,11,0,10448546,g4/12mA/12mA,96,82,0,19
14.384,HR,11,1,13625762,g4/12mA/12mA,96,82,0,19
14.384,HR,11,2,11661495,g4/12mA/12mA,96,82,0,19
14.384,HR,11,3,13071650,g4/12mA/12mA,96,82,0,19
14.384,HR,12,0,10447940,g4/12mA/12mA,96,82,0,19
14.384,HR,12,1,13625201,g4/12mA/12mA,96,82,0,19
14.384,HR,12,2,11660734,g4/12mA/12mA,96,82,0,19
14.384,HR,12,3,13070754,g4/12mA/12mA,96,82,0,19
14.384,HR,13,0,10447744,g4/12mA/12mA,96,82,0,19
14.384,HR,13,1,13624782,g4/12mA/12mA,96,82,0,19
14.384,HR,13,2,11660385,g4/12mA/12mA,96,82,0,19
14.384,HR,13,3,13070336,g4/12mA/12mA,96,82,0,19
14.384,HR,14,0,10447821,g4/12mA/12mA,96,82,0,19
14.384,HR,14,1,13624637,g4/12mA/12mA,96,82,0,19
14.384,HR,14,2,11660343,g4/12mA/12mA,96,82,0,19
14.384,HR,14,3,13070456,g4/12mA/12mA,96,82,0,19
14.403,HR,15,0,10448001,g4/12mA/12mA,96,82,0,19
14.403,HR,15,1,13624834,g4/12mA/12mA,96,82,0,19
14.403,HR,15,2,11660616,g4/12mA/12mA,96,82,0,19
14.403,HR,15,3,13070472,g4/12mA/12mA,96,82,0,19
14.403,HR,16,0,10447719,g4/12mA/12mA,96,82,0,19
14.403,HR,16,1,13625020,g4/12mA/12mA,96,82,0,19
14.403,HR,16,2,11660554,g4/12mA/12mA,96,82,0,19
14.403,HR,16,3,13070310,g4/12mA/12mA,96,82,0,19
14.403,HR,17,0,10448512,g4/12mA/12mA,96,82,0,19
14.403,HR,17,1,13625762,g4/12mA/12mA,96,82,0,19
14.403,HR,17,2,11661230,g4/12mA/12mA,96,82,0,19
14.403,HR,17,3,13071181,g4/12mA/12mA,96,82,0,19
14.403,HR,18,0,10448256,g4/12mA/12mA,96,82,0,19
14.403,HR,18,1,13625404,g4/12mA/12mA,96,82,0,19
14.404,HR,18,2,11661144,g4/12mA/12mA,96,82,0,19
14.404,HR,18,3,13071164,g4/12mA/12mA,96,82,0,19
14.404,HR,19,0,10448061,g4/12mA/12mA,96,82,0,19
14.404,HR,19,1,13624926,g4/12mA/12mA,96,82,0,19
14.404,HR,19,2,11660896,g4/12mA/12mA,96,82,0,19
14.404,HR,19,3,13070438,g4/12mA/12mA,96,82,0,19
14.404,HR,20,0,10448240,g4/12mA/12mA,96,82,0,19
14.404,HR,20,1,13624884,g4/12mA/12mA,96,82,0,19
14.404,HR,20,2,11660975,g4/12mA/12mA,96,82,0,19
14.404,HR,20,3,13070593,g4/12mA/12mA,96,82,0,19
14.410,HR,21,0,10447582,g4/12mA/12mA,96,82,0,19
14.410,HR,21,1,13624869,g4/12mA/12mA,96,82,0,19
14.410,HR,21,2,11660445,g4/12mA/12mA,96,82,0,19
14.410,HR,21,3,13070259,g4/12mA/12mA,96,82,0,19
14.410,HR,22,0,10448419,g4/12mA/12mA,96,82,0,19
14.410,HR,22,1,13625908,g4/12mA/12mA,96,82,0,19
14.410,HR,22,2,11661358,g4/12mA/12mA,96,82,0,19
14.410,HR,22,3,13071027,g4/12mA/12mA,96,82,0,19
14.410,HR,23,0,10446644,g4/12mA/12mA,96,82,0,19
14.410,HR,23,1,13622862,g4/12mA/12mA,96,82,0,19
14.410,HR,23,2,11658704,g4/12mA/12mA,96,82,0,19
14.410,HR,23,3,13068903,g4/12mA/12mA,96,82,0,19
14.410,HR,24,0,10446747,g4/12mA/12mA,96,82,0,19
14.410,HR,24,1,13623195,g4/12mA/12mA,96,82,0,19
14.410,HR,24,2,11659251,g4/12mA/12mA,96,82,0,19
14.410,HR,24,3,13069167,g4/12mA/12mA,96,82,0,19
14.410,HR,25,0,10448231,g4/12mA/12mA,96,82,0,19
14.410,HR,25,1,13625473,g4/12mA/12mA,96,82,0,19
14.410,HR,25,2,11661171,g4/12mA/12mA,96,82,0,19
14.410,HR,25,3,13071062,g4/12mA/12mA,96,82,0,19
14.410,HR,26,0,10447906,g4/12mA/12mA,96,82,0,19
14.410,HR,26,1,13624740,g4/12mA/12mA,96,82,0,19
14.410,HR,26,2,11660248,g4/12mA/12mA,96,82,0,19
14.410,HR,26,3,13070156,g4/12mA/12mA,96,82,0,19
14.440,HR,27,0,10447872,g4/12mA/12mA,96,82,0,19
14.440,HR,27,1,13624799,g4/12mA/12mA,96,82,0,19
14.440,HR,27,2,11660607,g4/12mA/12mA,96,82,0,19
14.440,HR,27,3,13070353,g4/12mA/12mA,96,82,0,19
14.440,HR,28,0,10448494,g4/12mA/12mA,96,82,0,19
14.440,HR,28,1,13626214,g4/12mA/12mA,96,82,0,19
14.440,HR,28,2,11661716,g4/12mA/12mA,96,82,0,19
14.440,HR,28,3,13071419,g4/12mA/12mA,96,82,0,19
14.440,HR,29,0,10447387,g4/12mA/12mA,96,82,0,19
14.440,HR,29,1,13623997,g4/12mA/12mA,96,82,0,19
14.440,HR,29,2,11660035,g4/12mA/12mA,96,82,0,19
14.440,HR,29,3,13070028,g4/12mA/12mA,96,82,0,19
14.440,HR,30,0,10447787,g4/12mA/12mA,96,82,0,19
14.440,HR,30,1,13624398,g4/12mA/12mA,96,82,0,19
14.440,HR,30,2,11660719,g4/12mA/12mA,96,82,0,19
14.440,HR,30,3,13070363,g4/12mA/12mA,96,82,0,19
14.440,HR,31,0,10448061,g4/12mA/12mA,96,81,0,19
14.440,HR,31,1,13625268,g4/12mA/12mA,96,81,0,19
14.440,HR,31,2,11661153,g4/12mA/12mA,96,81,0,19
14.440,HR,31,3,13070958,g4/12mA/12mA,96,81,0,19
14.462,HR,32,0,10447957,g4/12mA/12mA,96,81,0,19
14.462,HR,32,1,13625354,g4/12mA/12mA,96,81,0,19
14.462,HR,32,2,11660760,g4/12mA/12mA,96,81,0,19
14.462,HR,32,3,13070634,g4/12mA/12mA,96,81,0,19
14.462,HR,33,0,10447839,g4/12mA/12mA,96,81,0,19
14.462,HR,33,1,13624722,g4/12mA/12mA,96,81,0,19
14.462,HR,33,2,11660615,g4/12mA/12mA,96,81,0,19
14.462,HR,33,3,13070276,g4/12mA/12mA,96,81,0,19
14.462,HR,34,0,10447992,g4/12mA/12mA,96,81,0,19
14.462,HR,34,1,13625430,g4/12mA/12mA,96,81,0,19
14.462,HR,34,2,11660975,g4/12mA/12mA,96,81,0,19
14.462,HR,34,3,13070806,g4/12mA/12mA,96,81,0,19
14.462,HR,35,0,10447778,g4/12mA/12mA,96,81,0,19
14.462,HR,35,1,13624587,g4/12mA/12mA,96,81,0,19
14.462,HR,35,2,11660282,g4/12mA/12mA,96,81,0,19
14.462,HR,35,3,13070183,g4/12mA/12mA,96,81,0,19
14.462,HR,36,0,10448076,g4/12mA/12mA,96,81,0,19
14.462,HR,36,1,13625796,g4/12mA/12mA,96,81,0,19
14.462,HR,36,2,11661332,g4/12mA/12mA,96,81,0,19
14.462,HR,36,3,13071078,g4/12mA/12mA,96,81,0,19
14.462,HR,37,0,10448478,g4/12mA/12mA,96,81,0,19
14.462,HR,37,1,13625593,g4/12mA/12mA,96,81,0,19
14.462,HR,37,2,11661178,g4/12mA/12mA,96,81,0,19
14.462,HR,37,3,13071157,g4/12mA/12mA,96,81,0,19
14.468,HR,38,0,10447906,g4/12mA/12mA,96,81,0,19
14.468,HR,38,1,13624398,g4/12mA/12mA,96,81,0,19
14.468,HR,38,2,11660445,g4/12mA/12mA,96,81,0,19
14.468,HR,38,3,13070328,g4/12mA/12mA,96,81,0,19
14.468,HR,39,0,10448351,g4/12mA/12mA,96,81,0,19
14.468,HR,39,1,13625576,g4/12mA/12mA,96,81,0,19
14.468,HR,39,2,11661058,g4/12mA/12mA,96,81,0,19
14.468,HR,39,3,13070839,g4/12mA/12mA,96,81,0,19
14.468,HR,40,0,10448154,g4/12mA/12mA,96,81,0,19
14.468,HR,40,1,13625156,g4/12mA/12mA,96,81,0,19
14.468,HR,40,2,11660871,g4/12mA/12mA,96,81,0,19
14.468,HR,40,3,13070806,g4/12mA/12mA,96,81,0,19
14.468,HR,41,0,10448042,g4/12mA/12mA,96,81,0,19
14.468,HR,41,1,13624704,g4/12mA/12mA,96,81,0,19
14.468,HR,41,2,11660983,g4/12mA/12mA,96,81,0,19
14.468,HR,41,3,13070713,g4/12mA/12mA,96,81,0,19
14.468,HR,42,0,10448121,g4/12mA/12mA,96,81,0,19
14.468,HR,42,1,13625166,g4/12mA/12mA,96,81,0,19
14.468,HR,42,2,11661050,g4/12mA/12mA,96,81,0,19
14.468,HR,42,3,13070600,g4/12mA/12mA,96,81,0,19
14.496,HRV,9,0,10448204,g4/12mA/12mA,96,81,0,19
14.496,HRV,9,1,13625046,g4/12mA/12mA,96,81,0,19
14.496,HRV,9,2,11661016,g4/12mA/12mA,96,81,0,19
14.496,HRV,9,3,13070951,g4/12mA/12mA,96,81,0,19
14.496,HRV,10,0,10447872,g4/12mA/12mA,96,81,0,19
14.496,HRV,10,1,13624757,g4/12mA/12mA,96,81,0,19
14.496,HRV,10,2,11660512,g4/12mA/12mA,96,81,0,19
14.496,HRV,10,3,13070303,g4/12mA/12mA,96,81,0,19
14.496,HRV,11,0,10448546,g4/12mA/12mA,96,81,0,19
14.496,HRV,11,1,13625762,g4/12mA/12mA,96,81,0,19
14.496,HRV,11,2,11661495,g4/12mA/12mA,96,81,0,19
14.496,HRV,11,3,13071650,g4/12mA/12mA,96,81,0,19
14.496,HRV,12,0,10447940,g4/12mA/12mA,96,81,0,19
14.496,HRV,12,1,13625201,g4/12mA/12mA,96,81,0,19
14.496,HRV,12,2,11660734,g4/12mA/12mA,96,81,0,19
14.496,HRV,12,3,13070754,g4/12mA/12mA,96,81,0,19
14.496,HRV,13,0,10447744,g4/12mA/12mA,96,81,0,19
14.496,HRV,13,1,13624782,g4/12mA/12mA,96,81,0,19
14.496,HRV,13,2,11660385,g4/12mA/12mA,96,81,0,19
14.496,HRV,13,3,13070336,g4/12mA/12mA,96,81,0,19
14.496,HRV,14,0,10447821,g4/12mA/12mA,96,81,0,19
14.496,HRV,14,1,13624637,g4/12mA/12mA,96,81,0,19
14.496,HRV,14,2,11660343,g4/12mA/12mA,96,81,0,19
14.496,HRV,14,3,13070456,g4/12mA/12mA,96,81,0,19
14.498,HRV,15,0,10448001,g4/12mA/12mA,96,81,0,19
14.498,HRV,15,1,13624834,g4/12mA/12mA,96,81,0,19
14.498,HRV,15,2,11660616,g4/12mA/12mA,96,81,0,19
14.498,HRV,15,3,13070472,g4/12mA/12mA,96,81,0,19
14.498,HRV,16,0,10447719,g4/12mA/12mA,96,81,0,19
14.498,HRV,16,1,13625020,g4/12mA/12mA,96,81,0,19
14.498,HRV,16,2,11660554,g4/12mA/12mA,96,81,0,19
14.498,HRV,16,3,13070310,g4/12mA/12mA,96,81,0,19
14.498,HRV,17,0,10448512,g4/12mA/12mA,96,81,0,19
14.498,HRV,17,1,13625762,g4/12mA/12mA,96,81,0,19
14.498,HRV,17,2,11661230,g4/12mA/12mA,96,81,0,19
14.498,HRV,17,3,13071181,g4/12mA/12mA,96,81,0,19
14.498,HRV,18,0,10448256,g4/12mA/12mA,96,81,0,19
14.498,HRV,18,1,13625404,g4/12mA/12mA,96,81,0,19
14.498,HRV,18,2,11661144,g4/12mA/12mA,96,81,0,19
14.498,HRV,18,3,13071164,g4/12mA/12mA,96,81,0,19
14.498,HRV,19,0,10448061,g4/12mA/12mA,96,81,0,19
14.498,HRV,19,1,13624926,g4/12mA/12mA,96,81,0,19
14.498,HRV,19,2,11660896,g4/12mA/12mA,96,81,0,19
14.498,HRV,19,3,13070438,g4/12mA/12mA,96,81,0,19
14.498,HRV,20,0,10448240,g4/12mA/12mA,96,81,0,19
14.498,HRV,20,1,13624884,g4/12mA/12mA,96,81,0,19
14.498,HRV,20,2,11660975,g4/12mA/12mA,96,81,0,19
14.498,HRV,20,3,13070593,g4/12mA/12mA,96,81,0,19
14.531,HRV,32,0,10447957,g4/12mA/12mA,96,81,0,19
14.531,HRV,32,1,13625354,g4/12mA/12mA,96,81,0,19
14.531,HRV,32,2,11660760,g4/12mA/12mA,96,81,0,19
14.531,HRV,32,3,13070634,g4/12mA/12mA,96,81,0,19
14.531,HRV,33,0,10447839,g4/12mA/12mA,96,81,0,19
14.531,HRV,33,1,13624722,g4/12mA/12mA,96,81,0,19
14.531,HRV,33,2,11660615,g4/12mA/12mA,96,81,0,19
14.531,HRV,33,3,13070276,g4/12mA/12mA,96,81,0,19
14.531,HRV,34,0,10447992,g4/12mA/12mA,96,81,0,19
14.531,HRV,34,1,13625430,g4/12mA/12mA,96,81,0,19
14.531,HRV,34,2,11660975,g4/12mA/12mA,96,81,0,19
14.531,HRV,34,3,13070806,g4/12mA/12mA,96,81,0,19
14.531,HRV,35,0,10447778,g4/12mA/12mA,96,81,0,19
14.531,HRV,35,1,13624587,g4/12mA/12mA,96,81,0,19
14.531,HRV,35,2,11660282,g4/12mA/12mA,96,81,0,19
14.531,HRV,35,3,13070183,g4/12mA/12mA,96,81,0,19
14.531,HRV,36,0,10448076,g4/12mA/12mA,96,81,0,19
14.531,HRV,36,1,13625796,g4/12mA/12mA,96,81,0,19
14.531,HRV,36,2,11661332,g4/12mA/12mA,96,81,0,19
14.531,HRV,36,3,13071078,g4/12mA/12mA,96,81,0,19
14.531,HRV,37,0,10448478,g4/12mA/12mA,96,81,0,19
14.531,HRV,37,1,13625593,g4/12mA/12mA,96,81,0,19
14.531,HRV,37,2,11661178,g4/12mA/12mA,96,81,0,19
14.531,HRV,37,3,13071157,g4/12mA/12mA,96,81,0,19
14.550,HRV,38,0,10447906,g4/12mA/12mA,96,81,0,19
14.550,HRV,38,1,13624398,g4/12mA/12mA,96,81,0,19
14.550,HRV,38,2,11660445,g4/12mA/12mA,96,81,0,19
14.550,HRV,38,3,13070328,g4/12mA/12mA,96,81,0,19
14.550,HRV,39,0,10448351,g4/12mA/12mA,96,81,0,19
14.550,HRV,39,1,13625576,g4/12mA/12mA,96,81,0,19
14.550,HRV,39,2,11661058,g4/12mA/12mA,96,81,0,19
14.550,HRV,39,3,13070839,g4/12mA/12mA,96,81,0,19
14.550,HRV,40,0,10448154,g4/12mA/12mA,96,81,0,19
14.550,HRV,40,1,13625156,g4/12mA/12mA,96,81,0,19
14.551,HRV,40,2,11660871,g4/12mA/12mA,96,81,0,19
14.551,HRV,40,3,13070806,g4/12mA/12mA,96,81,0,19
14.551,HRV,41,0,10448042,g4/12mA/12mA,96,81,0,19
14.551,HRV,41,1,13624704,g4/12mA/12mA,96,81,0,19
14.551,HRV,41,2,11660983,g4/12mA/12mA,96,81,0,19
14.551,HRV,41,3,13070713,g4/12mA/12mA,96,81,0,19
14.551,HRV,42,0,10448121,g4/12mA/12mA,96,81,0,19
14.551,HRV,42,1,13625166,g4/12mA/12mA,96,81,0,19
14.551,HRV,42,2,11661050,g4/12mA/12mA,96,81,0,19
14.551,HRV,42,3,13070600,g4/12mA/12mA,96,81,0,19
14.560,SPO2,16,0,13016660,g1/73mA/0mA,96,81,0,19
14.560,SPO2,16,1,13269036,g1/36mA/0mA,96,81,0,19
14.560,SPO2,17,0,13018259,g1/73mA/0mA,96,81,0,19
14.560,SPO2,17,1,13270399,g1/36mA/0mA,96,81,0,19
14.560,SPO2,18,0,13017938,g1/73mA/0mA,96,81,0,19
14.560,SPO2,18,1,13270086,g1/36mA/0mA,96,81,0,19
14.560,SPO2,19,0,13017030,g1/73mA/0mA,96,81,0,19
14.560,SPO2,19,1,13269391,g1/36mA/0mA,96,81,0,19
14.560,SPO2,20,0,13017331,g1/73mA/0mA,96,81,0,19
14.560,SPO2,20,1,13269780,g1/36mA/0mA,96,81,0,19
14.560,SPO2,21,0,13016360,g1/73mA/0mA,96,81,0,19
14.560,SPO2,21,1,13268736,g1/36mA/0mA,96,81,0,19
14.560,SPO2,22,0,13019041,g1/73mA/0mA,96,81,0,19
14.560,SPO2,22,1,13271466,g1/36mA/0mA,96,81,0,19
14.583,SPO2,30,0,13019877,g1/73mA/0mA,96,81,0,19
14.583,SPO2,30,1,13272099,g1/36mA/0mA,96,81,0,19
14.583,SPO2,31,0,13020744,g1/73mA/0mA,96,81,0,19
14.583,SPO2,31,1,13272768,g1/36mA/0mA,96,81,0,19
14.583,SPO2,32,0,13020754,g1/73mA/0mA,96,81,0,19
14.583,SPO2,32,1,13272723,g1/36mA/0mA,96,81,0,19
14.583,SPO2,33,0,13019816,g1/73mA/0mA,96,81,0,19
14.583,SPO2,33,1,13271998,g1/36mA/0mA,96,81,0,19
14.583,SPO2,34,0,13020265,g1/73mA/0mA,96,81,0,19
14.583,SPO2,34,1,13272418,g1/36mA/0mA,96,81,0,19
14.583,SPO2,35,0,13019625,g1/73mA/0mA,96,81,0,19
14.583,SPO2,35,1,13271782,g1/36mA/0mA,96,81,0,19
14.588,SPO2,36,0,13017998,g1/73mA/0mA,96,81,0,19
14.588,SPO2,36,1,13269698,g1/36mA/0mA,96,81,0,19
14.588,SPO2,37,0,13018149,g1/73mA/0mA,96,81,0,19
14.588,SPO2,37,1,13269866,g1/36mA/0mA,96,81,0,19
14.588,SPO2,38,0,13016829,g1/73mA/0mA,96,81,0,19
14.588,SPO2,38,1,13268895,g1/36mA/0mA,96,81,0,19
14.588,SPO2,39,0,13017851,g1/73mA/0mA,96,81,0,19
14.588,SPO2,39,1,13269369,g1/36mA/0mA,96,81,0,19
14.588,SPO2,40,0,13017733,g1/73mA/0mA,96,81,0,19
14.588,SPO2,40,1,13269763,g1/36mA/0mA,96,81,0,19
14.588,SPO2,41,0,13017260,g1/73mA/0mA,96,81,0,19
14.588,SPO2,41,1,13269139,g1/36mA/0mA,96,81,0,19
14.620,HR,49,0,10448403,g4/12mA/12mA,96,81,0,19
14.620,HR,49,1,13626250,g4/12mA/12mA,96,81,0,19
14.620,HR,49,2,11661280,g4/12mA/12mA,96,81,0,19
14.620,HR,49,3,13071155,g4/12mA/12mA,96,81,0,19
14.620,HR,50,0,10448452,g4/12mA/12mA,96,81,0,19
14.620,HR,50,1,13625670,g4/12mA/12mA,96,81,0,19
14.620,HR,50,2,11661510,g4/12mA/12mA,96,81,0,19
14.620,HR,50,3,13071170,g4/12mA/12mA,96,81,0,19
14.620,HR,51,0,10447849,g4/12mA/12mA,96,81,0,19
14.620,HR,51,1,13625261,g4/12mA/12mA,96,81,0,19
14.620,HR,51,2,11660812,g4/12mA/12mA,96,81,0,19
14.620,HR,51,3,13070505,g4/12mA/12mA,96,81,0,19
14.620,HR,52,0,10447439,g4/12mA/12mA,96,81,0,19
14.620,HR,52,1,13624714,g4/12mA/12mA,96,81,0,19
14.620,HR,52,2,11660051,g4/12mA/12mA,96,81,0,19
14.620,HR,52,3,13070121,g4/12mA/12mA,96,81,0,19
14.621,HRV,43,0,10447405,g4/12mA/12mA,96,81,0,19
14.621,HRV,43,1,13624090,g4/12mA/12mA,96,81,0,19
14.621,HRV,43,2,11660078,g4/12mA/12mA,96,81,0,19
14.621,HRV,43,3,13069858,g4/12mA/12mA,96,81,0,19
14.621,HRV,44,0,10447890,g4/12mA/12mA,96,81,0,19
14.621,HRV,44,1,13624944,g4/12mA/12mA,96,81,0,19
14.621,HRV,44,2,11660760,g4/12mA/12mA,96,81,0,19
14.621,HRV,44,3,13070763,g4/12mA/12mA,96,81,0,19
14.621,HRV,45,0,10447685,g4/12mA/12mA,96,81,0,19
14.621,HRV,45,1,13624270,g4/12mA/12mA,96,81,0,19
14.621,HRV,45,2,11660112,g4/12mA/12mA,96,81,0,19
14.621,HRV,45,3,13070141,g4/12mA/12mA,96,81,0,19
14.621,HRV,46,0,10447839,g4/12mA/12mA,96,81,0,19
14.621,HRV,46,1,13624809,g4/12mA/12mA,96,81,0,19
14.621,HRV,46,2,11660590,g4/12mA/12mA,96,81,0,19
14.621,HRV,46,3,13070447,g4/12mA/12mA,96,81,0,19
14.621,HRV,47,0,10447899,g4/12mA/12mA,96,81,0,19
14.621,HRV,47,1,13625122,g4/12mA/12mA,96,81,0,19
14.621,HRV,47,2,11660700,g4/12mA/12mA,96,81,0,19
14.621,HRV,47,3,13070438,g4/12mA/12mA,96,81,0,19
14.621,HRV,48,0,10447881,g4/12mA/12mA,96,81,0,19
14.621,HRV,48,1,13624542,g4/12mA/12mA,96,81,0,19
14.621,HRV,48,2,11660693,g4/12mA/12mA,96,81,0,19
14.621,HRV,48,3,13070354,g4/12mA/12mA,96,81,0,19
14.649,SPO2,42,0,13017496,g1/73mA/0mA,96,81,0,19
14.649,SPO2,42,1,13269482,g1/36mA/0mA,96,81,0,19
14.649,SPO2,43,0,13016475,g1/73mA/0mA,96,81,0,19
14.649,SPO2,43,1,13268865,g1/36mA/0mA,96,81,0,19
14.649,SPO2,44,0,13017263,g1/73mA/0mA,96,81,0,19
14.649,SPO2,44,1,13269162,g1/36mA/0mA,96,81,0,19
14.649,SPO2,45,0,13016166,g1/73mA/0mA,96,81,0,19
14.649,SPO2,45,1,13268512,g1/36mA/0mA,96,81,0,19
14.649,SPO2,46,0,13017385,g1/73mA/0mA,96,81,0,19
14.649,SPO2,46,1,13269689,g1/36mA/0mA,96,81,0,19
14.649,SPO2,47,0,13017529,g1/73mA/0mA,96,81,0,19
14.649,SPO2,47,1,13269800,g1/36mA/0mA,96,81,0,19
14.649,SPO2,48,0,13016868,g1/73mA/0mA,96,81,0,19
14.649,SPO2,48,1,13269067,g1/36mA/0mA,96,81,0,19
14.650,SPO2,49,0,13017907,g1/73mA/0mA,96,81,0,19
14.650,SPO2,49,1,13269647,g1/36mA/0mA,96,81,0,19
14.650,SPO2,50,0,13017070,g1/73mA/0mA,96,81,0,19
14.650,SPO2,50,1,13268775,g1/36mA/0mA,96,81,0,19
14.650,SPO2,51,0,13016348,g1/73mA/0mA,96,81,0,19
14.650,SPO2,51,1,13268589,g1/36mA/0mA,96,81,0,19
14.650,SPO2,52,0,13015517,g1/73mA/0mA,96,81,0,19
14.650,SPO2,52,1,13268076,g1/36mA/0mA,96,81,0,19
16.519,HR,53,0,10448144,g4/12mA/12mA,96,81,0,19
16.519,HR,53,1,13625183,g4/12mA/12mA,96,81,0,19
16.519,HR,53,2,11660871,g4/12mA/12mA,96,81,0,19
16.519,HR,53,3,13070917,g4/12mA/12mA,96,81,0,19
16.519,HR,54,0,10447932,g4/12mA/12mA,96,81,0,19
16.519,HR,54,1,13625371,g4/12mA/12mA,96,81,0,19
16.519,HR,54,2,11660998,g4/12mA/12mA,96,81,0,19
16.519,HR,54,3,13070668,g4/12mA/12mA,96,81,0,19
16.519,HR,55,0,10447326,g4/12mA/12mA,96,81,0,19
16.519,HR,55,1,13623913,g4/12mA/12mA,96,81,0,19
16.519,HR,55,2,11659702,g4/12mA/12mA,96,81,0,19
16.519,HR,55,3,13069772,g4/12mA/12mA,96,81,0,19
16.519,HR,56,0,10447181,g4/12mA/12mA,96,84,0,19
16.519,HR,56,1,13623273,g4/12mA/12mA,96,84,0,19
16.519,HR,56,2,11659522,g4/12mA/12mA,96,84,0,19
16.519,HR,56,3,13069433,g4/12mA/12mA,96,84,0,19
16.519,HR,57,0,10447489,g4/12mA/12mA,96,84,0,19
16.519,HR,57,1,13624252,g4/12mA/12mA,96,84,0,19
16.519,HR,57,2,11659916,g4/12mA/12mA,96,84,0,19
16.519,HR,57,3,13069636,g4/12mA/12mA,96,84,0,19
16.536,HR,58,0,10448076,g4/12mA/12mA,96,84,0,19
16.536,HR,58,1,13625028,g4/12mA/12mA,96,84,0,19
16.536,HR,58,2,11660683,g4/12mA/12mA,96,84,0,19
16.536,HR,58,3,13070951,g4/12mA/12mA,96,84,0,19
16.536,HR,59,0,10448776,g4/12mA/12mA,96,84,0,19
16.536,HR,59,1,13626284,g4/12mA/12mA,96,84,0,19
16.536,HR,59,2,11662090,g4/12mA/12mA,96,84,0,19
16.536,HR,59,3,13071693,g4/12mA/12mA,96,84,0,19
16.536,HR,60,0,10448844,g4/12mA/12mA,96,84,0,19
16.536,HR,60,1,13626165,g4/12mA/12mA,96,84,0,19
16.536,HR,60,2,11661886,g4/12mA/12mA,96,84,0,19
16.536,HR,60,3,13071590,g4/12mA/12mA,96,84,0,19
16.536,HR,61,0,10448129,g4/12mA/12mA,96,84,0,19
16.536,HR,61,1,13624901,g4/12mA/12mA,96,84,0,19
16.536,HR,61,2,11660462,g4/12mA/12mA,96,84,0,19
16.536,HR,61,3,13070627,g4/12mA/12mA,96,84,0,19
16.536,HR,62,0,10448718,g4/12mA/12mA,96,84,0,19
16.536,HR,62,1,13626029,g4/12mA/12mA,96,84,0,19
16.536,HR,62,2,11661630,g4/12mA/12mA,96,84,0,19
16.536,HR,62,3,13071274,g4/12mA/12mA,96,84,0,19
16.536,HR,63,0,10448931,g4/12mA/12mA,96,84,0,19
16.536,HR,63,1,13626514,g4/12mA/12mA,96,84,0,19
16.536,HR,63,2,11661946,g4/12mA/12mA,96,84,0,19
16.536,HR,63,3,13071923,g4/12mA/12mA,96,84,0,19
16.565,HR,64,0,10449237,g4/12mA/12mA,96,84,0,19
16.565,HR,64,1,13627043,g4/12mA/12mA,96,84,0,19
16.565,HR,64,2,11662398,g4/12mA/12mA,96,84,0,19
16.565,HR,64,3,13072314,g4/12mA/12mA,96,84,0,19
16.565,HR,65,0,10449263,g4/12mA/12mA,96,84,0,19
16.565,HR,65,1,13626839,g4/12mA/12mA,96,84,0,19
16.565,HR,65,2,11662509,g4/12mA/12mA,96,84,0,19
16.565,HR,65,3,13072419,g4/12mA/12mA,96,84,0,19
16.565,HR,66,0,10448563,g4/12mA/12mA,96,84,0,19
16.565,HR,66,1,13626165,g4/12mA/12mA,96,84,0,19
16.565,HR,66,2,11661683,g4/12mA/12mA,96,84,0,19
16.565,HR,66,3,13071923,g4/12mA/12mA,96,84,0,19
16.565,HR,67,0,10448999,g4/12mA/12mA,96,84,0,19
16.565,HR,67,1,13626403,g4/12mA/12mA,96,84,0,19
16.565,HR,67,2,11662160,g4/12mA/12mA,96,84,0,19
16.565,HR,67,3,13072026,g4/12mA/12mA,96,84,0,19
16.565,HR,68,0,10448649,g4/12mA/12mA,96,84,0,19
16.565,HR,68,1,13625950,g4/12mA/12mA,96,84,0,19
16.565,HR,68,2,11661401,g4/12mA/12mA,96,84,0,19
16.565,HR,68,3,13071436,g4/12mA/12mA,96,84,0,19
16.565,HR,69,0,10449237,g4/12mA/12mA,96,84,0,19
16.565,HR,69,1,13626523,g4/12mA/12mA,96,84,0,19
16.565,HR,69,2,11662176,g4/12mA/12mA,96,84,0,19
16.565,HR,69,3,13072144,g4/12mA/12mA,96,84,0,19
16.592,HR,70,0,10449544,g4/12mA/12mA,96,84,0,19
16.592,HR,70,1,13627205,g4/12mA/12mA,96,84,0,19
16.592,HR,70,2,11662832,g4/12mA/12mA,96,84,0,19
16.592,HR,70,3,13072570,g4/12mA/12mA,96,84,0,19
16.592,HR,71,0,10449503,g4/12mA/12mA,96,84,0,19
16.592,HR,71,1,13627494,g4/12mA/12mA,96,84,0,19
16.592,HR,71,2,11662706,g4/12mA/12mA,96,84,0,19
16.592,HR,71,3,13072649,g4/12mA/12mA,96,84,0,19
16.592,HR,72,0,10449254,g4/12mA/12mA,96,84,0,19
16.592,HR,72,1,13626855,g4/12mA/12mA,96,84,0,19
16.592,HR,72,2,11662330,g4/12mA/12mA,96,84,0,19
16.592,HR,72,3,13072061,g4/12mA/12mA,96,84,0,19
16.592,HR,73,0,10449476,g4/12mA/12mA,96,84,0,19
16.592,HR,73,1,13627452,g4/12mA/12mA,96,84,0,19
16.592,HR,73,2,11662824,g4/12mA/12mA,96,84,0,19
16.592,HR,73,3,13072717,g4/12mA/12mA,96,84,0,19
16.592,HR,74,0,10448316,g4/12mA/12mA,96,84,0,19
16.592,HR,74,1,13625619,g4/12mA/12mA,96,84,0,19
16.592,HR,74,2,11661213,g4/12mA/12mA,96,84,0,19
16.592,HR,74,3,13070873,g4/12mA/12mA,96,84,0,19
16.592,HR,75,0,10449137,g4/12mA/12mA,96,84,0,19
16.592,HR,75,1,13626940,g4/12mA/12mA,96,84,0,19
16.592,HR,75,2,11662252,g4/12mA/12mA,96,84,0,19
16.592,HR,75,3,13072042,g4/12mA/12mA,96,84,0,19
16.599,HR,76,0,10448803,g4/12mA/12mA,96,84,0,19
16.599,HR,76,1,13626214,g4/12mA/12mA,96,84,0,19
16.599,HR,76,2,11661683,g4/12mA/12mA,96,84,0,19
16.599,HR,76,3,13071674,g4/12mA/12mA,96,84,0,19
16.599,HR,77,0,10448878,g4/12mA/12mA,96,84,0,19
16.599,HR,77,1,13626549,g4/12mA/12mA,96,84,0,19
16.599,HR,77,2,11662090,g4/12mA/12mA,96,84,0,19
16.599,HR,77,3,13071862,g4/12mA/12mA,96,84,0,19
16.599,HR,78,0,10449383,g4/12mA/12mA,96,84,0,19
16.599,HR,78,1,13627223,g4/12mA/12mA,96,84,0,19
16.599,HR,78,2,11662741,g4/12mA/12mA,96,84,0,19
16.599,HR,78,3,13072580,g4/12mA/12mA,96,84,0,19
16.599,HR,79,0,10450195,g4/12mA/12mA,96,84,0,19
16.599,HR,79,1,13628468,g4/12mA/12mA,96,84,0,19
16.599,HR,79,2,11663652,g4/12mA/12mA,96,84,0,19
16.599,HR,79,3,13073544,g4/12mA/12mA,96,84,0,19
16.599,HR,80,0,10449537,g4/12mA/12mA,96,84,0,19
16.599,HR,80,1,13627317,g4/12mA/12mA,96,84,0,19
16.599,HR,80,2,11662681,g4/12mA/12mA,96,84,0,19
16.599,HR,80,3,13072607,g4/12mA/12mA,96,84,0,19
16.622,HR,81,0,10449383,g4/12mA/12mA,95,83,0,19
16.622,HR,81,1,13627342,g4/12mA/12mA,95,83,0,19
16.622,HR,81,2,11662681,g4/12mA/12mA,95,83,0,19
16.622,HR,81,3,13072375,g4/12mA/12mA,95,83,0,19
16.622,HR,82,0,10448683,g4/12mA/12mA,95,83,0,19
16.622,HR,82,1,13626011,g4/12mA/12mA,95,83,0,19
16.623,HR,82,2,11661837,g4/12mA/12mA,95,83,0,19
16.623,HR,82,3,13071650,g4/12mA/12mA,95,83,0,19
16.623,HR,83,0,10448760,g4/12mA/12mA,95,83,0,19
16.623,HR,83,1,13626447,g4/12mA/12mA,95,83,0,19
16.623,HR,83,2,11661936,g4/12mA/12mA,95,83,0,19
16.623,HR,83,3,13071497,g4/12mA/12mA,95,83,0,19
16.623,HR,84,0,10449051,g4/12mA/12mA,95,83,0,19
16.623,HR,84,1,13626327,g4/12mA/12mA,95,83,0,19
16.623,HR,84,2,11661741,g4/12mA/12mA,95,83,0,19
16.623,HR,84,3,13071701,g4/12mA/12mA,95,83,0,19
16.623,HR,85,0,10449296,g4/12mA/12mA,95,83,0,19
16.623,HR,85,1,13627505,g4/12mA/12mA,95,83,0,19
16.623,HR,85,2,11662663,g4/12mA/12mA,95,83,0,19
16.623,HR,85,3,13072638,g4/12mA/12mA,95,83,0,19
16.628,HRV,58,0,10448468,g4/12mA/12mA,95,83,0,19
16.628,HRV,58,1,13625318,g4/12mA/12mA,95,83,0,19
16.628,HRV,58,2,11661460,g4/12mA/12mA,95,83,0,19
16.628,HRV,58,3,13071669,g4/12mA/12mA,95,83,0,19
16.629,HRV,59,0,10449168,g4/12mA/12mA,95,83,0,19
16.629,HRV,59,1,13626574,g4/12mA/12mA,95,83,0,19
16.629,HRV,59,2,11662867,g4/12mA/12mA,95,83,0,19
16.629,HRV,59,3,13072411,g4/12mA/12mA,95,83,0,19
16.629,HRV,60,0,10449236,g4/12mA/12mA,95,83,0,19
16.629,HRV,60,1,13626455,g4/12mA/12mA,95,83,0,19
16.629,HRV,60,2,11662663,g4/12mA/12mA,95,83,0,19
16.629,HRV,60,3,13072308,g4/12mA/12mA,95,83,0,19
16.629,HRV,61,0,10448521,g4/12mA/12mA,95,83,0,19
16.629,HRV,61,1,13625191,g4/12mA/12mA,95,83,0,19
16.629,HRV,61,2,11661239,g4/12mA/12mA,95,83,0,19
16.629,HRV,61,3,13071345,g4/12mA/12mA,95,83,0,19
16.629,HRV,62,0,10449110,g4/12mA/12mA,95,83,0,19
16.629,HRV,62,1,13626319,g4/12mA/12mA,95,83,0,19
16.629,HRV,62,2,11662407,g4/12mA/12mA,95,83,0,19
16.629,HRV,62,3,13071992,g4/12mA/12mA,95,83,0,19
16.629,HRV,63,0,10449323,g4/12mA/12mA,95,83,0,19
16.629,HRV,63,1,13626804,g4/12mA/12mA,95,83,0,19
16.629,HRV,63,2,11662723,g4/12mA/12mA,95,83,0,19
16.629,HRV,63,3,13072641,g4/12mA/12mA,95,83,0,19
16.658,HRV,70,0,10449630,g4/12mA/12mA,95,83,0,19
16.658,HRV,70,1,13627486,g4/12mA/12mA,95,83,0,19
16.658,HRV,70,2,11663379,g4/12mA/12mA,95,83,0,19
16.658,HRV,70,3,13073067,g4/12mA/12mA,95,83,0,19
16.658,HRV,71,0,10449589,g4/12mA/12mA,95,83,0,19
16.658,HRV,71,1,13627775,g4/12mA/12mA,95,83,0,19
16.658,HRV,71,2,11663253,g4/12mA/12mA,95,83,0,19
16.658,HRV,71,3,13073146,g4/12mA/12mA,95,83,0,19
16.658,HRV,72,0,10449340,g4/12mA/12mA,95,83,0,19
16.658,HRV,72,1,13627136,g4/12mA/12mA,95,83,0,19
16.658,HRV,72,2,11662877,g4/12mA/12mA,95,83,0,19
16.658,HRV,72,3,13072558,g4/12mA/12mA,95,83,0,19
16.658,HRV,73,0,10449562,g4/12mA/12mA,95,83,0,19
16.658,HRV,73,1,13627733,g4/12mA/12mA,95,83,0,19
16.658,HRV,73,2,11663371,g4/12mA/12mA,95,83,0,19
16.658,HRV,73,3,13073214,g4/12mA/12mA,95,83,0,19
16.658,HRV,74,0,10448402,g4/12mA/12mA,95,83,0,19
16.658,HRV,74,1,13625900,g4/12mA/12mA,95,83,0,19
16.658,HRV,74,2,11661760,g4/12mA/12mA,95,83,0,19
16.658,HRV,74,3,13071370,g4/12mA/12mA,95,83,0,19
16.658,HRV,75,0,10449223,g4/12mA/12mA,95,83,0,19
16.658,HRV,75,1,13627221,g4/12mA/12mA,95,83,0,19
16.658,HRV,75,2,11662799,g4/12mA/12mA,95,83,0,19
16.658,HRV,75,3,13072539,g4/12mA/12mA,95,83,0,19
16.682,HRV,76,0,10448803,g4/12mA/12mA,95,83,0,19
16.682,HRV,76,1,13626214,g4/12mA/12mA,95,83,0,19
16.682,HRV,76,2,11661683,g4/12mA/12mA,95,83,0,19
16.682,HRV,76,3,13071674,g4/12mA/12mA,95,83,0,19
16.682,HRV,77,0,10448878,g4/12mA/12mA,95,83,0,19
16.682,HRV,77,1,13626549,g4/12mA/12mA,95,83,0,19
16.682,HRV,77,2,11662090,g4/12mA/12mA,95,83,0,19
16.682,HRV,77,3,13071862,g4/12mA/12mA,95,83,0,19
16.682,HRV,78,0,10449383,g4/12mA/12mA,95,83,0,19
16.682,HRV,78,1,13627223,g4/12mA/12mA,95,83,0,19
16.682,HRV,78,2,11662741,g4/12mA/12mA,95,83,0,19
16.682,HRV,78,3,13072580,g4/12mA/12mA,95,83,0,19
16.682,HRV,79,0,10450195,g4/12mA/12mA,95,83,0,19
16.682,HRV,79,1,13628468,g4/12mA/12mA,95,83,0,19
16.682,HRV,79,2,11663652,g4/12mA/12mA,95,83,0,19
16.682,HRV,79,3,13073544,g4/12mA/12mA,95,83,0,19
16.682,HRV,80,0,10449537,g4/12mA/12mA,95,83,0,19
16.682,HRV,80,1,13627317,g4/12mA/12mA,95,83,0,19
16.682,HRV,80,2,11662681,g4/12mA/12mA,95,83,0,19
16.682,HRV,80,3,13072607,g4/12mA/12mA,95,83,0,19
16.688,HRV,86,0,10449341,g4/12mA/12mA,95,83,0,19
16.688,HRV,86,1,13627137,g4/12mA/12mA,95,83,0,19
16.688,HRV,86,2,11662577,g4/12mA/12mA,95,83,0,19
16.688,HRV,86,3,13072341,g4/12mA/12mA,95,83,0,19
16.689,SPO2,53,0,13017557,g1/73mA/0mA,95,83,0,19
16.689,SPO2,53,1,13269885,g1/36mA/0mA,95,83,0,19
16.689,SPO2,54,0,13017799,g1/73mA/0mA,95,83,0,19
16.689,SPO2,54,1,13269849,g1/36mA/0mA,95,83,0,19
16.689,SPO2,55,0,13015359,g1/73mA/0mA,95,83,0,19
16.689,SPO2,55,1,13267822,g1/36mA/0mA,95,83,0,19
16.689,SPO2,56,0,13015325,g1/73mA/0mA,95,83,0,19
16.689,SPO2,56,1,13268429,g1/36mA/0mA,95,83,0,19
16.689,SPO2,57,0,13016129,g1/73mA/0mA,95,83,0,19
16.689,SPO2,57,1,13268928,g1/36mA/0mA,95,83,0,19
16.689,SPO2,58,0,13017462,g1/73mA/0mA,95,83,0,19
16.689,SPO2,58,1,13269655,g1/36mA/0mA,95,83,0,19
16.749,SPO2,67,0,13019714,g1/73mA/0mA,95,83,0,19
16.749,SPO2,67,1,13271167,g1/36mA/0mA,95,83,0,19
16.749,SPO2,68,0,13019114,g1/73mA/0mA,95,83,0,19
16.749,SPO2,68,1,13270905,g1/36mA/0mA,95,83,0,19
16.749,SPO2,69,0,13020071,g1/73mA/0mA,95,83,0,19
16.749,SPO2,69,1,13271341,g1/36mA/0mA,95,83,0,19
16.749,SPO2,70,0,13020567,g1/73mA/0mA,95,83,0,19
16.749,SPO2,70,1,13271890,g1/36mA/0mA,95,83,0,19
16.749,SPO2,71,0,13020772,g1/73mA/0mA,95,83,0,19
16.749,SPO2,71,1,13271712,g1/36mA/0mA,95,83,0,19
16.749,SPO2,72,0,13019974,g1/73mA/0mA,95,83,0,19
16.749,SPO2,72,1,13271001,g1/36mA/0mA,95,83,0,19
16.749,SPO2,73,0,13021034,g1/73mA/0mA,95,83,0,19
16.749,SPO2,73,1,13272094,g1/36mA/0mA,95,83,0,19
16.749,HR,87,0,10449306,g4/12mA/12mA,95,83,0,19
16.749,HR,87,1,13627212,g4/12mA/12mA,95,83,0,19
16.749,HR,87,2,11662467,g4/12mA/12mA,95,83,0,19
16.749,HR,87,3,13072333,g4/12mA/12mA,95,83,0,19
16.749,HR,88,0,10448742,g4/12mA/12mA,95,83,0,19
16.749,HR,88,1,13626284,g4/12mA/12mA,95,83,0,19
16.749,HR,88,2,11661741,g4/12mA/12mA,95,83,0,19
16.749,HR,88,3,13071539,g4/12mA/12mA,95,83,0,19
16.749,HR,89,0,10448769,g4/12mA/12mA,95,83,0,19
16.749,HR,89,1,13626259,g4/12mA/12mA,95,83,0,19
16.750,HR,89,2,11661997,g4/12mA/12mA,95,83,0,19
16.750,HR,89,3,13071813,g4/12mA/12mA,95,83,0,19
16.750,HR,90,0,10448742,g4/12mA/12mA,95,83,0,19
16.750,HR,90,1,13626062,g4/12mA/12mA,95,83,0,19
16.750,HR,90,2,11661886,g4/12mA/12mA,95,83,0,19
16.750,HR,90,3,13071463,g4/12mA/12mA,95,83,0,19
16.750,HR,91,0,10448957,g4/12mA/12mA,95,83,0,19
16.750,HR,91,1,13626284,g4/12mA/12mA,95,83,0,19
16.750,HR,91,2,11661955,g4/12mA/12mA,95,83,0,19
16.750,HR,91,3,13071760,g4/12mA/12mA,95,83,0,19
16.750,HR,92,0,10448572,g4/12mA/12mA,95,83,0,19
16.750,HR,92,1,13625950,g4/12mA/12mA,95,83,0,19
16.750,HR,92,2,11661741,g4/12mA/12mA,95,83,0,19
16.750,HR,92,3,13071625,g4/12mA/12mA,95,83,0,19
16.809,HR,93,0,10449451,g4/12mA/12mA,95,83,0,19
16.810,HR,93,1,13627546,g4/12mA/12mA,95,83,0,19
16.810,HR,93,2,11662775,g4/12mA/12mA,95,83,0,19
16.810,HR,93,3,13072878,g4/12mA/12mA,95,83,0,19
16.810,HR,94,0,10449008,g4/12mA/12mA,95,83,0,19
16.810,HR,94,1,13626763,g4/12mA/12mA,95,83,0,19
16.810,HR,94,2,11661921,g4/12mA/12mA,95,83,0,19
16.810,HR,94,3,13071940,g4/12mA/12mA,95,83,0,19
16.810,HR,95,0,10449229,g4/12mA/12mA,95,83,0,19
16.810,HR,95,1,13626702,g4/12mA/12mA,95,83,0,19
16.810,HR,95,2,11662263,g4/12mA/12mA,95,83,0,19
16.810,HR,95,3,13072110,g4/12mA/12mA,95,83,0,19
16.810,HR,96,0,10449468,g4/12mA/12mA,95,83,0,19
16.810,HR,96,1,13627366,g4/12mA/12mA,95,83,0,19
16.810,HR,96,2,11662824,g4/12mA/12mA,95,83,0,19
16.810,HR,96,3,13072536,g4/12mA/12mA,95,83,0,19
16.810,HR,97,0,10448776,g4/12mA/12mA,95,83,0,19
16.810,HR,97,1,13626523,g4/12mA/12mA,95,83,0,19
16.810,HR,97,2,11661868,g4/12mA/12mA,95,83,0,19
16.810,HR,97,3,13071896,g4/12mA/12mA,95,83,0,19
16.810,HR,98,0,10448667,g4/12mA/12mA,95,83,0,19
16.810,HR,98,1,13626327,g4/12mA/12mA,95,83,0,19
16.810,HR,98,2,11661665,g4/12mA/12mA,95,83,0,19
16.810,HR,98,3,13071556,g4/12mA/12mA,95,83,0,19
16.810,HR,105,0,10448267,g4/12mA/12mA,95,83,0,19
16.810,HR,105,1,13625553,g4/12mA/12mA,95,83,0,19
16.810,HR,105,2,11660966,g4/12mA/12mA,95,83,0,19
16.810,HR,105,3,13071025,g4/12mA/12mA,95,83,0,19
16.837,HRV,99,0,10448760,g4/12mA/12mA,95,83,0,19
16.837,HRV,99,1,13626183,g4/12mA/12mA,95,83,0,19
16.837,HRV,99,2,11661785,g4/12mA/12mA,95,83,0,19
16.837,HRV,99,3,13071599,g4/12mA/12mA,95,83,0,19
16.838,HRV,100,0,10448299,g4/12mA/12mA,95,83,0,19
16.838,HRV,100,1,13625235,g4/12mA/12mA,95,83,0,19
16.838,HRV,100,2,11660889,g4/12mA/12mA,95,83,0,19
16.838,HRV,100,3,13071104,g4/12mA/12mA,95,83,0,19
16.838,HRV,101,0,10449578,g4/12mA/12mA,95,83,0,19
16.838,HRV,101,1,13627257,g4/12mA/12mA,95,83,0,19
16.838,HRV,101,2,11662560,g4/12mA/12mA,95,83,0,19
16.838,HRV,101,3,13072299,g4/12mA/12mA,95,83,0,19
16.838,HRV,102,0,10449561,g4/12mA/12mA,95,83,0,19
16.838,HRV,102,1,13627350,g4/12mA/12mA,95,83,0,19
16.838,HRV,102,2,11663080,g4/12mA/12mA,95,83,0,19
16.838,HRV,102,3,13072657,g4/12mA/12mA,95,83,0,19
16.838,HRV,103,0,10450858,g4/12mA/12mA,95,83,0,19
16.838,HRV,103,1,13629756,g4/12mA/12mA,95,83,0,19
16.838,HRV,103,2,11664710,g4/12mA/12mA,95,83,0,19
16.838,HRV,103,3,13074242,g4/12mA/12mA,95,83,0,19
16.838,HRV,104,0,10450151,g4/12mA/12mA,95,83,0,19
16.838,HRV,104,1,13628466,g4/12mA/12mA,95,83,0,19
16.838,HRV,104,2,11663652,g4/12mA/12mA,95,83,0,19
16.838,HRV,104,3,13073639,g4/12mA/12mA,95,83,0,19
16.840,SPO2,86,0,13020362,g1/73mA/0mA,95,83,0,19
16.840,SPO2,86,1,13271533,g1/36mA/0mA,95,83,0,19
16.840,SPO2,87,0,13020309,g1/73mA/0mA,95,83,0,19
16.840,SPO2,87,1,13271233,g1/36mA/0mA,95,83,0,19
16.840,SPO2,88,0,13019298,g1/73mA/0mA,95,83,0,19
16.840,SPO2,88,1,13270720,g1/36mA/0mA,95,83,0,19
16.840,SPO2,89,0,13018867,g1/73mA/0mA,95,83,0,19
16.840,SPO2,89,1,13270272,g1/36mA/0mA,95,83,0,19
16.840,SPO2,90,0,13018572,g1/73mA/0mA,95,83,0,19
16.840,SPO2,90,1,13270198,g1/36mA/0mA,95,83,0,19
16.840,SPO2,91,0,13019450,g1/73mA/0mA,95,83,0,19
16.840,SPO2,91,1,13270957,g1/36mA/0mA,95,83,0,19
16.840,SPO2,92,0,13018675,g1/73mA/0mA,95,83,0,19
16.840,SPO2,92,1,13270362,g1/36mA/0mA,95,83,0,19
16.864,SPO2,101,0,13020657,g1/73mA/0mA,95,83,0,19
16.864,SPO2,101,1,13271827,g1/36mA/0mA,95,83,0,19
16.864,SPO2,102,0,13021014,g1/73mA/0mA,95,83,0,19
16.864,SPO2,102,1,13271858,g1/36mA/0mA,95,83,0,19
16.864,SPO2,103,0,13023285,g1/73mA/0mA,95,83,0,19
16.864,SPO2,103,1,13272844,g1/36mA/0mA,95,83,0,19
16.864,SPO2,104,0,13022059,g1/73mA/0mA,95,83,0,19
16.864,SPO2,104,1,13272259,g1/36mA/0mA,95,83,0,19
16.864,SPO2,105,0,13021067,g1/73mA/0mA,95,83,0,19
16.864,SPO2,105,1,13271941,g1/36mA/0mA,95,83,0,19
19.023,HR,106,0,10449665,g4/12mA/12mA,95,86,0,19
19.023,HR,106,1,13627674,g4/12mA/12mA,95,86,0,19
19.023,HR,106,2,11663337,g4/12mA/12mA,95,86,0,19
19.023,HR,106,3,13072939,g4/12mA/12mA,95,86,0,19
19.023,HR,107,0,10449725,g4/12mA/12mA,95,86,0,19
19.023,HR,107,1,13628238,g4/12mA/12mA,95,86,0,19
19.023,HR,107,2,11663397,g4/12mA/12mA,95,86,0,19
19.023,HR,107,3,13073118,g4/12mA/12mA,95,86,0,19
19.023,HR,108,0,10448852,g4/12mA/12mA,95,86,0,19
19.023,HR,108,1,13626207,g4/12mA/12mA,95,86,0,19
19.023,HR,108,2,11661785,g4/12mA/12mA,95,86,0,19
19.023,HR,108,3,13071872,g4/12mA/12mA,95,86,0,19
19.023,HR,109,0,10450117,g4/12mA/12mA,95,86,0,19
19.023,HR,109,1,13628706,g4/12mA/12mA,95,86,0,19
19.023,HR,109,2,11663712,g4/12mA/12mA,95,86,0,19
19.023,HR,109,3,13073365,g4/12mA/12mA,95,86,0,19
19.023,HR,110,0,10449680,g4/12mA/12mA,95,86,0,19
19.023,HR,110,1,13627667,g4/12mA/12mA,95,86,0,19
19.023,HR,110,2,11662961,g4/12mA/12mA,95,86,0,19
19.023,HR,110,3,13072871,g4/12mA/12mA,95,86,0,19
19.024,HR,111,0,10449101,g4/12mA/12mA,95,86,0,19
19.024,HR,111,1,13626472,g4/12mA/12mA,95,86,0,19
19.024,HR,111,2,11662006,g4/12mA/12mA,95,86,0,19
19.024,HR,111,3,13071865,g4/12mA/12mA,95,86,0,19
19.024,HR,112,0,10449947,g4/12mA/12mA,95,86,0,19
19.024,HR,112,1,13627871,g4/12mA/12mA,95,86,0,19
19.024,HR,112,2,11663355,g4/12mA/12mA,95,86,0,19
19.024,HR,112,3,13073270,g4/12mA/12mA,95,86,0,19
19.024,HR,113,0,10449503,g4/12mA/12mA,95,86,0,19
19.024,HR,113,1,13627487,g4/12mA/12mA,95,86,0,19
19.024,HR,113,2,11662987,g4/12mA/12mA,95,86,0,19
19.024,HR,113,3,13072631,g4/12mA/12mA,95,86,0,19
19.024,HR,114,0,10449263,g4/12mA/12mA,95,86,0,19
19.024,HR,114,1,13627359,g4/12mA/12mA,95,86,0,19
19.024,HR,114,2,11662587,g4/12mA/12mA,95,86,0,19
19.024,HR,114,3,13072769,g4/12mA/12mA,95,86,0,19
19.024,HR,115,0,10448333,g4/12mA/12mA,95,86,0,19
19.024,HR,115,1,13625738,g4/12mA/12mA,95,86,0,19
19.024,HR,115,2,11661247,g4/12mA/12mA,95,86,0,19
19.024,HR,115,3,13070890,g4/12mA/12mA,95,86,0,19
19.024,HR,116,0,10448614,g4/12mA/12mA,95,86,0,19
19.024,HR,116,1,13626180,g4/12mA/12mA,95,86,0,19
19.024,HR,116,2,11661826,g4/12mA/12mA,95,86,0,19
19.024,HR,116,3,13071667,g4/12mA/12mA,95,86,0,19
19.055,HR,117,0,10449330,g4/12mA/12mA,95,86,0,19
19.055,HR,117,1,13627230,g4/12mA/12mA,95,86,0,19
19.055,HR,117,2,11662688,g4/12mA/12mA,95,86,0,19
19.055,HR,117,3,13072580,g4/12mA/12mA,95,86,0,19
19.055,HR,118,0,10449170,g4/12mA/12mA,95,86,0,19
19.055,HR,118,1,13626831,g4/12mA/12mA,95,86,0,19
19.055,HR,118,2,11662219,g4/12mA/12mA,95,86,0,19
19.055,HR,118,3,13072103,g4/12mA/12mA,95,86,0,19
19.055,HR,119,0,10449706,g4/12mA/12mA,95,86,0,19
19.055,HR,119,1,13627871,g4/12mA/12mA,95,86,0,19
19.055,HR,119,2,11663125,g4/12mA/12mA,95,86,0,19
19.055,HR,119,3,13072991,g4/12mA/12mA,95,86,0,19
19.055,HR,120,0,10449401,g4/12mA/12mA,95,86,0,19
19.055,HR,120,1,13627230,g4/12mA/12mA,95,86,0,19
19.055,HR,120,2,11662440,g4/12mA/12mA,95,86,0,19
19.055,HR,120,3,13072563,g4/12mA/12mA,95,86,0,19
19.055,HR,121,0,10449442,g4/12mA/12mA,95,86,0,19
19.055,HR,121,1,13626948,g4/12mA/12mA,95,86,0,19
19.055,HR,121,2,11662245,g4/12mA/12mA,95,86,0,19
19.055,HR,121,3,13072307,g4/12mA/12mA,95,86,0,19
19.055,HR,122,0,10446856,g4/12mA/12mA,95,86,0,19
19.055,HR,122,1,13623213,g4/12mA/12mA,95,86,0,19
19.055,HR,122,2,11659310,g4/12mA/12mA,95,86,0,19
19.055,HR,122,3,13069048,g4/12mA/12mA,95,86,0,19
19.120,HR,123,0,10449161,g4/12mA/12mA,95,86,0,19
19.120,HR,123,1,13626591,g4/12mA/12mA,95,86,0,19
19.120,HR,123,2,11662305,g4/12mA/12mA,95,86,0,19
19.120,HR,123,3,13072178,g4/12mA/12mA,95,86,0,19
19.120,HR,124,0,10448862,g4/12mA/12mA,95,86,0,19
19.120,HR,124,1,13626855,g4/12mA/12mA,95,86,0,19
19.120,HR,124,2,11662287,g4/12mA/12mA,95,86,0,19
19.120,HR,124,3,13072204,g4/12mA/12mA,95,86,0,19
19.120,HR,125,0,10449341,g4/12mA/12mA,95,86,0,19
19.120,HR,125,1,13627257,g4/12mA/12mA,95,86,0,19
19.120,HR,125,2,11662604,g4/12mA/12mA,95,86,0,19
19.120,HR,125,3,13072273,g4/12mA/12mA,95,86,0,19
19.120,HR,126,0,10450211,g4/12mA/12mA,95,86,0,19
19.120,HR,126,1,13628699,g4/12mA/12mA,95,86,0,19
19.120,HR,126,2,11663831,g4/12mA/12mA,95,86,0,19
19.120,HR,126,3,13073561,g4/12mA/12mA,95,86,0,19
19.120,HR,127,0,10449690,g4/12mA/12mA,95,86,0,19
19.120,HR,127,1,13627546,g4/12mA/12mA,95,86,0,19
19.120,HR,127,2,11663073,g4/12mA/12mA,95,86,0,19
19.120,HR,127,3,13072673,g4/12mA/12mA,95,86,0,19
19.120,HR,128,0,10449493,g4/12mA/12mA,95,86,0,19
19.120,HR,128,1,13627460,g4/12mA/12mA,95,86,0,19
19.120,HR,128,2,11662602,g4/12mA/12mA,95,86,0,19
19.120,HR,128,3,13072307,g4/12mA/12mA,95,86,0,19
19.143,HR,129,0,10449510,g4/12mA/12mA,95,86,0,19
19.143,HR,129,1,13627307,g4/12mA/12mA,95,86,0,19
19.143,HR,129,2,11662527,g4/12mA/12mA,95,86,0,19
19.143,HR,129,3,13072477,g4/12mA/12mA,95,86,0,19
19.143,HR,130,0,10449929,g4/12mA/12mA,95,86,0,19
19.143,HR,130,1,13628468,g4/12mA/12mA,95,86,0,19
19.143,HR,130,2,11663482,g4/12mA/12mA,95,86,0,19
19.143,HR,130,3,13073093,g4/12mA/12mA,95,86,0,19
19.143,HR,131,0,10448946,g4/12mA/12mA,96,88,0,19
19.143,HR,131,1,13626556,g4/12mA/12mA,96,88,0,19
19.143,HR,131,2,11661716,g4/12mA/12mA,96,88,0,19
19.143,HR,131,3,13071847,g4/12mA/12mA,96,88,0,19
19.143,HR,132,0,10449051,g4/12mA/12mA,96,88,0,19
19.143,HR,132,1,13626624,g4/12mA/12mA,96,88,0,19
19.143,HR,132,2,11662236,g4/12mA/12mA,96,88,0,19
19.143,HR,132,3,13071862,g4/12mA/12mA,96,88,0,19
19.143,HR,133,0,10450286,g4/12mA/12mA,96,88,0,19
19.143,HR,133,1,13628612,g4/12mA/12mA,96,88,0,19
19.143,HR,133,2,11663652,g4/12mA/12mA,96,88,0,19
19.143,HR,133,3,13073629,g4/12mA/12mA,96,88,0,19
19.148,HRV,106,0,10449665,g4/12mA/12mA,96,88,0,19
19.148,HRV,106,1,13627674,g4/12mA/12mA,96,88,0,19
19.148,HRV,106,2,11663337,g4/12mA/12mA,96,88,0,19
19.148,HRV,106,3,13072939,g4/12mA/12mA,96,88,0,19
19.148,HRV,107,0,10449725,g4/12mA/12mA,96,88,0,19
19.148,HRV,107,1,13628238,g4/12mA/12mA,96,88,0,19
19.148,HRV,107,2,11663397,g4/12mA/12mA,96,88,0,19
19.148,HRV,107,3,13073118,g4/12mA/12mA,96,88,0,19
19.148,HRV,108,0,10448852,g4/12mA/12mA,96,88,0,19
19.148,HRV,108,1,13626207,g4/12mA/12mA,96,88,0,19
19.148,HRV,108,2,11661785,g4/12mA/12mA,96,88,0,19
19.148,HRV,108,3,13071872,g4/12mA/12mA,96,88,0,19
19.148,HRV,109,0,10450117,g4/12mA/12mA,96,88,0,19
19.148,HRV,109,1,13628706,g4/12mA/12mA,96,88,0,19
19.148,HRV,109,2,11663712,g4/12mA/12mA,96,88,0,19
19.148,HRV,109,3,13073365,g4/12mA/12mA,96,88,0,19
19.174,HRV,110,0,10449680,g4/12mA/12mA,96,88,0,19
19.174,HRV,110,1,13627667,g4/12mA/12mA,96,88,0,19
19.174,HRV,110,2,11662961,g4/12mA/12mA,96,88,0,19
19.174,HRV,110,3,13072871,g4/12mA/12mA,96,88,0,19
19.174,HRV,111,0,10449101,g4/12mA/12mA,96,88,0,19
19.174,HRV,111,1,13626472,g4/12mA/12mA,96,88,0,19
19.174,HRV,111,2,11662006,g4/12mA/12mA,96,88,0,19
19.174,HRV,111,3,13071865,g4/12mA/12mA,96,88,0,19
19.174,HRV,112,0,10449947,g4/12mA/12mA,96,88,0,19
19.174,HRV,112,1,13627871,g4/12mA/12mA,96,88,0,19
19.174,HRV,112,2,11663355,g4/12mA/12mA,96,88,0,19
19.174,HRV,112,3,13073270,g4/12mA/12mA,96,88,0,19
19.174,HRV,113,0,10449503,g4/12mA/12mA,96,88,0,19
19.174,HRV,113,1,13627487,g4/12mA/12mA,96,88,0,19
19.174,HRV,113,2,11662987,g4/12mA/12mA,96,88,0,19
19.174,HRV,113,3,13072631,g4/12mA/12mA,96,88,0,19
19.174,HRV,114,0,10449263,g4/12mA/12mA,96,88,0,19
19.174,HRV,114,1,13627359,g4/12mA/12mA,96,88,0,19
19.174,HRV,114,2,11662587,g4/12mA/12mA,96,88,0,19
19.174,HRV,114,3,13072769,g4/12mA/12mA,96,88,0,19
19.174,HRV,115,0,10448333,g4/12mA/12mA,96,88,0,19
19.174,HRV,115,1,13625738,g4/12mA/12mA,96,88,0,19
19.174,HRV,115,2,11661247,g4/12mA/12mA,96,88,0,19
19.174,HRV,115,3,13070890,g4/12mA/12mA,96,88,0,19
19.179,HRV,128,0,10449493,g4/12mA/12mA,96,88,0,19
19.179,HRV,128,1,13627460,g4/12mA/12mA,96,88,0,19
19.179,HRV,128,2,11662602,g4/12mA/12mA,96,88,0,19
19.179,HRV,128,3,13072307,g4/12mA/12mA,96,88,0,19
19.179,HRV,129,0,10449510,g4/12mA/12mA,96,88,0,19
19.179,HRV,129,1,13627307,g4/12mA/12mA,96,88,0,19
19.179,HRV,129,2,11662527,g4/12mA/12mA,96,88,0,19
19.179,HRV,129,3,13072477,g4/12mA/12mA,96,88,0,19
19.179,HRV,130,0,10449929,g4/12mA/12mA,96,88,0,19
19.179,HRV,130,1,13628468,g4/12mA/12mA,96,88,0,19
19.179,HRV,130,2,11663482,g4/12mA/12mA,96,88,0,19
19.179,HRV,130,3,13073093,g4/12mA/12mA,96,88,0,19
19.179,HRV,131,0,10448946,g4/12mA/12mA,96,88,0,19
19.179,HRV,131,1,13626556,g4/12mA/12mA,96,88,0,19
19.179,HRV,131,2,11661716,g4/12mA/12mA,96,88,0,19
19.179,HRV,131,3,13071847,g4/12mA/12mA,96,88,0,19
19.179,HRV,132,0,10449051,g4/12mA/12mA,96,88,0,19
19.179,HRV,132,1,13626624,g4/12mA/12mA,96,88,0,19
19.179,HRV,132,2,11662236,g4/12mA/12mA,96,88,0,19
19.179,HRV,132,3,13071862,g4/12mA/12mA,96,88,0,19
19.234,HRV,139,0,10449680,g4/12mA/12mA,96,88,0,19
19.234,HRV,139,1,13627607,g4/12mA/12mA,96,88,0,19
19.234,HRV,139,2,11662937,g4/12mA/12mA,96,88,0,19
19.234,HRV,139,3,13072973,g4/12mA/12mA,96,88,0,19
19.239,SPO2,106,0,13021034,g1/73mA/0mA,96,88,0,19
19.240,SPO2,106,1,13271925,g1/36mA/0mA,96,88,0,19
19.240,SPO2,107,0,13021203,g1/73mA/0mA,96,88,0,19
19.240,SPO2,107,1,13271627,g1/36mA/0mA,96,88,0,19
19.240,SPO2,108,0,13019100,g1/73mA/0mA,96,88,0,19
19.240,SPO2,108,1,13270613,g1/36mA/0mA,96,88,0,19
19.240,SPO2,109,0,13022383,g1/73mA/0mA,96,88,0,19
19.240,SPO2,109,1,13272631,g1/36mA/0mA,96,88,0,19
19.240,SPO2,110,0,13021132,g1/73mA/0mA,96,88,0,19
19.240,SPO2,110,1,13272254,g1/36mA/0mA,96,88,0,19
19.240,SPO2,111,0,13019731,g1/73mA/0mA,96,88,0,19
19.240,SPO2,111,1,13271323,g1/36mA/0mA,96,88,0,19
19.268,SPO2,127,0,13018250,g1/73mA/0mA,96,88,0,19
19.268,SPO2,127,1,13270301,g1/36mA/0mA,96,88,0,19
19.268,SPO2,128,0,13017716,g1/73mA/0mA,96,88,0,19
19.268,SPO2,128,1,13270189,g1/36mA/0mA,96,88,0,19
19.268,SPO2,129,0,13017713,g1/73mA/0mA,96,88,0,19
19.268,SPO2,129,1,13269841,g1/36mA/0mA,96,88,0,19
19.268,SPO2,130,0,13018828,g1/73mA/0mA,96,88,0,19
19.268,SPO2,130,1,13270705,g1/36mA/0mA,96,88,0,19
19.268,SPO2,131,0,13016384,g1/73mA/0mA,96,88,0,20
19.268,SPO2,131,1,13269061,g1/36mA/0mA,96,88,0,20
19.268,SPO2,132,0,13015419,g1/73mA/0mA,96,88,0,20
19.268,SPO2,132,1,13267152,g1/36mA/0mA,96,88,0,20
19.321,HR,140,0,10449826,g4/12mA/12mA,96,88,0,20
19.321,HR,140,1,13627623,g4/12mA/12mA,96,88,0,20
19.321,HR,140,2,11663055,g4/12mA/12mA,96,88,0,20
19.321,HR,140,3,13072776,g4/12mA/12mA,96,88,0,20
19.321,HR,141,0,13544954,g4/12mA/12mA,96,88,0,20
19.321,HR,141,1,13628510,g4/12mA/12mA,96,88,0,20
19.321,HR,141,2,11663765,g4/12mA/12mA,96,88,0,20
19.321,HR,141,3,13073451,g4/12mA/12mA,96,88,0,20
19.321,HR,142,0,13543191,g4/12mA/12mA,96,88,0,20
19.322,HR,142,1,13627366,g4/12mA/12mA,96,88,0,20
19.322,HR,142,2,11662817,g4/12mA/12mA,96,88,0,20
19.322,HR,142,3,13072563,g4/12mA/12mA,96,88,0,20
19.322,HR,143,0,13542457,g4/12mA/12mA,96,88,0,20
19.322,HR,143,1,13626831,g4/12mA/12mA,96,88,0,20
19.322,HR,143,2,11662185,g4/12mA/12mA,96,88,0,20
19.322,HR,143,3,13072061,g4/12mA/12mA,96,88,0,20
19.322,HR,144,0,13544853,g4/12mA/12mA,96,88,0,20
19.322,HR,144,1,13628203,g4/12mA/12mA,96,88,0,20
19.322,HR,144,2,11663584,g4/12mA/12mA,96,88,0,20
19.322,HR,144,3,13073313,g4/12mA/12mA,96,88,0,20
19.329,HR,151,0,13543293,g4/12mA/12mA,96,88,0,20
19.329,HR,151,1,13627460,g4/12mA/12mA,96,88,0,20
19.329,HR,151,2,11662884,g4/12mA/12mA,96,88,0,20
19.329,HR,151,3,13072529,g4/12mA/12mA,96,88,0,20
19.329,HR,152,0,13544136,g4/12mA/12mA,96,88,0,20
19.329,HR,152,1,13628323,g4/12mA/12mA,96,88,0,20
19.329,HR,152,2,11662928,g4/12mA/12mA,96,88,0,20
19.329,HR,152,3,13072920,g4/12mA/12mA,96,88,0,20
19.329,HR,153,0,13543403,g4/12mA/12mA,96,88,0,20
19.329,HR,153,1,13627419,g4/12mA/12mA,96,88,0,20
19.329,HR,153,2,11662911,g4/12mA/12mA,96,88,0,20
19.329,HR,153,3,13072631,g4/12mA/12mA,96,88,0,20
19.329,HR,154,0,13544212,g4/12mA/12mA,96,88,0,20
19.329,HR,154,1,13627810,g4/12mA/12mA,96,88,0,20
19.329,HR,154,2,11663115,g4/12mA/12mA,96,88,0,20
19.329,HR,154,3,13072964,g4/12mA/12mA,96,88,0,20
19.329,HR,155,0,13543718,g4/12mA/12mA,96,88,0,20
19.329,HR,155,1,13627760,g4/12mA/12mA,96,88,0,20
19.329,HR,155,2,11663115,g4/12mA/12mA,96,88,0,20
19.329,HR,155,3,13073085,g4/12mA/12mA,96,88,0,20
19.352,HR,156,0,13544000,g4/12mA/12mA,96,88,0,20
19.352,HR,156,1,13627674,g4/12mA/12mA,96,88,0,20
19.352,HR,156,2,11663192,g4/12mA/12mA,96,88,0,20
19.352,HR,156,3,13072998,g4/12mA/12mA,96,88,0,20
19.352,HR,157,0,13544281,g4/12mA/12mA,96,88,0,20
19.352,HR,157,1,13628145,g4/12mA/12mA,96,88,0,20
19.352,HR,157,2,11663636,g4/12mA/12mA,96,88,0,20
19.352,HR,157,3,13073040,g4/12mA/12mA,96,88,0,20
19.352,HR,158,0,13542754,g4/12mA/12mA,96,88,0,20
19.352,HR,158,1,13627084,g4/12mA/12mA,96,88,0,20
19.352,HR,158,2,11662467,g4/12mA/12mA,96,88,0,20
19.352,HR,158,3,13072324,g4/12mA/12mA,96,88,0,20
19.352,HR,159,0,13543060,g4/12mA/12mA,96,88,0,20
19.352,HR,159,1,13627223,g4/12mA/12mA,96,88,0,20
19.353,HR,159,2,11662482,g4/12mA/12mA,96,88,0,20
19.353,HR,159,3,13072341,g4/12mA/12mA,96,88,0,20
19.359,HRV,151,0,13543293,g4/12mA/12mA,96,88,0,20
19.359,HRV,151,1,13627460,g4/12mA/12mA,96,88,0,20
19.359,HRV,151,2,11662884,g4/12mA/12mA,96,88,0,20
19.359,HRV,151,3,13072529,g4/12mA/12mA,96,88,0,20
19.359,HRV,152,0,13544136,g4/12mA/12mA,96,88,0,20
19.359,HRV,152,1,13628323,g4/12mA/12mA,96,88,0,20
19.359,HRV,152,2,11662928,g4/12mA/12mA,96,88,0,20
19.359,HRV,152,3,13072920,g4/12mA/12mA,96,88,0,20
19.359,HRV,153,0,13543403,g4/12mA/12mA,96,88,0,20
19.359,HRV,153,1,13627419,g4/12mA/12mA,96,88,0,20
19.359,HRV,153,2,11662911,g4/12mA/12mA,96,88,0,20
19.359,HRV,153,3,13072631,g4/12mA/12mA,96,88,0,20
19.359,HRV,154,0,13544212,g4/12mA/12mA,96,88,0,20
19.359,HRV,154,1,13627810,g4/12mA/12mA,96,88,0,20
19.359,HRV,154,2,11663115,g4/12mA/12mA,96,88,0,20
19.359,HRV,154,3,13072964,g4/12mA/12mA,96,88,0,20
19.359,HRV,155,0,13543718,g4/12mA/12mA,96,88,0,20
19.359,HRV,155,1,13627760,g4/12mA/12mA,96,88,0,20
19.359,HRV,155,2,11663115,g4/12mA/12mA,96,88,0,20
19.359,HRV,155,3,13073085,g4/12mA/12mA,96,88,0,20
19.387,SPO2,139,0,13020645,g1/73mA/0mA,96,88,0,20
19.387,SPO2,139,1,13271386,g1/36mA/0mA,96,88,0,20
19.387,SPO2,140,0,13021390,g1/73mA/0mA,96,88,0,20
19.387,SPO2,140,1,13272321,g1/36mA/0mA,96,88,0,20
19.387,SPO2,141,0,13021683,g1/73mA/0mA,96,88,0,20
19.387,SPO2,141,1,13272268,g1/36mA/0mA,96,88,0,20
19.387,SPO2,142,0,13020830,g1/73mA/0mA,96,88,0,20
19.387,SPO2,142,1,13271906,g1/36mA/0mA,96,88,0,20
19.387,SPO2,143,0,13020344,g1/73mA/0mA,96,88,0,20
19.387,SPO2,143,1,13272218,g1/36mA/0mA,96,88,0,20
19.387,SPO2,144,0,13021845,g1/73mA/0mA,96,88,0,20
19.387,SPO2,144,1,13272703,g1/36mA/0mA,96,88,0,20
19.387,SPO2,145,0,13020249,g1/73mA/0mA,96,88,0,20
19.387,SPO2,145,1,13271483,g1/36mA/0mA,96,88,0,20
19.414,SPO2,146,0,13021706,g1/73mA/0mA,96,88,0,20
19.414,SPO2,146,1,13272812,g1/36mA/0mA,96,88,0,20
19.414,SPO2,147,0,13018771,g1/73mA/0mA,96,88,0,20
19.414,SPO2,147,1,13270216,g1/36mA/0mA,96,88,0,20
19.414,SPO2,148,0,13021473,g1/73mA/0mA,96,88,0,20
19.414,SPO2,148,1,13272304,g1/36mA/0mA,96,88,0,20
19.414,SPO2,149,0,13021832,g1/73mA/0mA,96,88,0,20
19.414,SPO2,149,1,13272494,g1/36mA/0mA,96,88,0,20
19.414,SPO2,150,0,13019688,g1/73mA/0mA,96,88,0,20
19.414,SPO2,150,1,13270948,g1/36mA/0mA,96,88,0,20
19.414,SPO2,151,0,13021254,g1/73mA/0mA,96,88,0,20
19.414,SPO2,151,1,13272602,g1/36mA/0mA,96,88,0,20
19.415,SPO2,152,0,13021011,g1/73mA/0mA,96,88,0,20
19.415,SPO2,152,1,13271877,g1/36mA/0mA,96,88,0,20
19.415,SPO2,153,0,13020748,g1/73mA/0mA,96,88,0,20
19.415,SPO2,153,1,13272081,g1/36mA/0mA,96,88,0,20
20.470,HR,160,0,13543403,g5/12mA/12mA,96,88,0,20
20.470,HR,160,1,13627572,g4/12mA/12mA,96,88,0,20
20.470,HR,160,2,11662926,g4/12mA/12mA,96,88,0,20
20.470,HR,160,3,13072367,g4/12mA/12mA,96,88,0,20
20.470,HR,161,0,13544606,g5/12mA/12mA,96,88,0,20
20.470,HR,161,1,13628372,g4/12mA/12mA,96,88,0,20
20.470,HR,161,2,11663739,g4/12mA/12mA,96,88,0,20
20.470,HR,161,3,13073603,g4/12mA/12mA,96,88,0,20
20.470,HR,162,0,13543813,g5/12mA/12mA,96,88,0,20
20.470,HR,162,1,13627785,g4/12mA/12mA,96,88,0,20
20.470,HR,162,2,11662911,g4/12mA/12mA,96,88,0,20
20.470,HR,162,3,13072803,g4/12mA/12mA,96,88,0,20
20.470,HR,163,0,13544160,g5/12mA/12mA,96,88,0,20
20.470,HR,163,1,13627991,g4/12mA/12mA,96,88,0,20
20.470,HR,163,2,11663286,g4/12mA/12mA,96,88,0,20
20.470,HR,163,3,13073015,g4/12mA/12mA,96,88,0,20
20.470,HR,164,0,13543173,g5/12mA/12mA,96,88,0,20
20.470,HR,164,1,13627291,g4/12mA/12mA,96,88,0,20
20.470,HR,164,2,11662808,g4/12mA/12mA,96,88,0,20
20.470,HR,164,3,13072443,g4/12mA/12mA,96,88,0,20
20.470,HR,165,0,13543813,g5/12mA/12mA,96,88,0,20
20.470,HR,165,1,13627751,g4/12mA/12mA,96,88,0,20
20.470,HR,165,2,11663031,g4/12mA/12mA,96,88,0,20
20.470,HR,165,3,13072844,g4/12mA/12mA,96,88,0,20
20.498,HR,166,0,13545090,g5/12mA/12mA,96,88,0,20
20.498,HR,166,1,13628417,g4/12mA/12mA,96,88,0,20
20.498,HR,166,2,11664037,g4/12mA/12mA,96,88,0,20
20.498,HR,166,3,13073629,g4/12mA/12mA,96,88,0,20
20.498,HR,167,0,13543625,g5/12mA/12mA,96,88,0,20
20.498,HR,167,1,13627803,g4/12mA/12mA,96,88,0,20
20.498,HR,167,2,11662858,g4/12mA/12mA,96,88,0,20
20.498,HR,167,3,13072827,g4/12mA/12mA,96,88,0,20
20.498,HR,168,0,13543097,g5/12mA/12mA,96,88,0,20
20.498,HR,168,1,13627366,g4/12mA/12mA,96,88,0,20
20.498,HR,168,2,11662884,g4/12mA/12mA,96,88,0,20
20.498,HR,168,3,13072604,g4/12mA/12mA,96,88,0,20
20.498,HR,169,0,13543029,g5/12mA/12mA,96,88,0,20
20.498,HR,169,1,13627102,g4/12mA/12mA,96,88,0,20
20.498,HR,169,2,11662697,g4/12mA/12mA,96,88,0,20
20.498,HR,169,3,13072638,g4/12mA/12mA,96,88,0,20
20.498,HR,170,0,13543922,g5/12mA/12mA,96,88,0,20
20.498,HR,170,1,13627786,g4/12mA/12mA,96,88,0,20
20.498,HR,170,2,11663235,g4/12mA/12mA,96,88,0,20
20.498,HR,170,3,13072947,g4/12mA/12mA,96,88,0,20
20.498,HR,171,0,13543070,g5/12mA/12mA,96,88,0,20
20.498,HR,171,1,13627384,g4/12mA/12mA,96,88,0,20
20.498,HR,171,2,11662799,g4/12mA/12mA,96,88,0,20
20.498,HR,171,3,13072657,g4/12mA/12mA,96,88,0,20
20.498,HR,172,0,13542549,g5/12mA/12mA,96,88,0,20
20.498,HR,172,1,13626787,g4/12mA/12mA,96,88,0,20
20.498,HR,172,2,11662417,g4/12mA/12mA,96,88,0,20
20.498,HR,172,3,13072163,g4/12mA/12mA,96,88,0,20
20.498,HR,173,0,13542747,g5/12mA/12mA,96,88,0,20
20.498,HR,173,1,13627043,g4/12mA/12mA,96,88,0,20
20.498,HR,173,2,11662748,g4/12mA/12mA,96,88,0,20
20.498,HR,173,3,13072299,g4/12mA/12mA,96,88,0,20
20.498,HR,174,0,13543094,g5/12mA/12mA,96,88,0,20
20.498,HR,174,1,13627494,g4/12mA/12mA,96,88,0,20
20.498,HR,174,2,11662739,g4/12mA/12mA,96,88,0,20
20.498,HR,174,3,13072623,g4/12mA/12mA,96,88,0,20
20.498,HR,175,0,13544427,g5/12mA/12mA,96,88,0,20
20.498,HR,175,1,13628203,g4/12mA/12mA,96,88,0,20
20.498,HR,175,2,11663482,g4/12mA/12mA,96,88,0,20
20.498,HR,175,3,13073500,g4/12mA/12mA,96,88,0,20
20.498,HR,176,0,13542933,g5/12mA/12mA,96,88,0,20
20.498,HR,176,1,13627102,g4/12mA/12mA,96,88,0,20
20.498,HR,176,2,11662500,g4/12mA/12mA,96,88,0,20
20.498,HR,176,3,13072460,g4/12mA/12mA,96,88,0,20
20.498,HR,177,0,13543036,g5/12mA/12mA,96,88,0,20
20.498,HR,177,1,13627248,g4/12mA/12mA,96,88,0,20
20.498,HR,177,2,11662604,g4/12mA/12mA,96,88,0,20
20.498,HR,177,3,13072664,g4/12mA/12mA,96,88,0,20
20.528,HR,178,0,13541833,g5/12mA/12mA,96,88,0,20
20.528,HR,178,1,13626480,g4/12mA/12mA,96,88,0,20
20.528,HR,178,2,11662006,g4/12mA/12mA,96,88,0,20
20.528,HR,178,3,13071708,g4/12mA/12mA,96,88,0,20
20.528,HR,179,0,13545237,g5/12mA/12mA,96,88,0,20
20.528,HR,179,1,13628468,g4/12mA/12mA,96,88,0,20
20.528,HR,179,2,11663601,g4/12mA/12mA,96,88,0,20
20.528,HR,179,3,13073578,g4/12mA/12mA,96,88,0,20
20.528,HR,180,0,13543837,g5/12mA/12mA,96,88,0,20
20.528,HR,180,1,13627667,g4/12mA/12mA,96,88,0,20
20.528,HR,180,2,11663208,g4/12mA/12mA,96,88,0,20
20.528,HR,180,3,13072691,g4/12mA/12mA,96,88,0,20
20.528,HR,181,0,13544069,g5/12mA/12mA,95,86,0,20
20.528,HR,181,1,13628092,g4/12mA/12mA,95,86,0,20
20.528,HR,181,2,11662978,g4/12mA/12mA,95,86,0,20
20.528,HR,181,3,13072998,g4/12mA/12mA,95,86,0,20
20.528,HR,182,0,13543411,g5/12mA/12mA,95,86,0,20
20.528,HR,182,1,13627291,g4/12mA/12mA,95,86,0,20
20.528,HR,182,2,11662790,g4/12mA/12mA,95,86,0,20
20.528,HR,182,3,13072732,g4/12mA/12mA,95,86,0,20
20.558,HR,183,0,13544510,g5/12mA/12mA,95,86,0,20
20.558,HR,183,1,13628100,g4/12mA/12mA,95,86,0,20
20.558,HR,183,2,11663439,g4/12mA/12mA,95,86,0,20
20.558,HR,183,3,13073184,g4/12mA/12mA,95,86,0,20
20.558,HR,184,0,13544743,g5/12mA/12mA,95,86,0,20
20.558,HR,184,1,13628409,g4/12mA/12mA,95,86,0,20
20.558,HR,184,2,11663669,g4/12mA/12mA,95,86,0,20
20.558,HR,184,3,13073466,g4/12mA/12mA,95,86,0,20
20.558,HR,185,0,13543556,g5/12mA/12mA,95,86,0,20
20.558,HR,185,1,13627614,g4/12mA/12mA,95,86,0,20
20.558,HR,185,2,11662971,g4/12mA/12mA,95,86,0,20
20.558,HR,185,3,13072776,g4/12mA/12mA,95,86,0,20
20.558,HR,186,0,13543768,g5/12mA/12mA,95,86,0,20
20.558,HR,186,1,13627674,g4/12mA/12mA,95,86,0,20
20.558,HR,186,2,11663159,g4/12mA/12mA,95,86,0,20
20.558,HR,186,3,13073066,g4/12mA/12mA,95,86,0,20
20.558,HR,187,0,13542720,g5/12mA/12mA,95,86,0,20
20.558,HR,187,1,13627069,g4/12mA/12mA,95,86,0,20
20.558,HR,187,2,11662433,g4/12mA/12mA,95,86,0,20
20.558,HR,187,3,13072341,g4/12mA/12mA,95,86,0,20
20.558,HR,188,0,13544563,g5/12mA/12mA,95,86,0,20
20.558,HR,188,1,13628118,g4/12mA/12mA,95,86,0,20
20.558,HR,188,2,11663498,g4/12mA/12mA,95,86,0,20
20.558,HR,188,3,13073160,g4/12mA/12mA,95,86,0,20
20.582,HRV,160,0,13543403,g5/12mA/12mA,95,86,0,20
20.582,HRV,160,1,13627572,g4/12mA/12mA,95,86,0,20
20.582,HRV,160,2,11662926,g4/12mA/12mA,95,86,0,20
20.582,HRV,160,3,13072367,g4/12mA/12mA,95,86,0,20
20.582,HRV,161,0,13544606,g5/12mA/12mA,95,86,0,20
20.582,HRV,161,1,13628372,g4/12mA/12mA,95,86,0,20
20.582,HRV,161,2,11663739,g4/12mA/12mA,95,86,0,20
20.582,HRV,161,3,13073603,g4/12mA/12mA,95,86,0,20
20.582,HRV,162,0,13543813,g5/12mA/12mA,95,86,0,20
20.582,HRV,162,1,13627785,g4/12mA/12mA,95,86,0,20
20.582,HRV,162,2,11662911,g4/12mA/12mA,95,86,0,20
20.582,HRV,162,3,13072803,g4/12mA/12mA,95,86,0,20
20.582,HRV,163,0,13544160,g5/12mA/12mA,95,86,0,20
20.582,HRV,163,1,13627991,g4/12mA/12mA,95,86,0,20
20.582,HRV,163,2,11663286,g4/12mA/12mA,95,86,0,20
20.582,HRV,163,3,13073015,g4/12mA/12mA,95,86,0,20
20.582,HRV,164,0,13543173,g5/12mA/12mA,95,86,0,20
20.582,HRV,164,1,13627291,g4/12mA/12mA,95,86,0,20
20.582,HRV,164,2,11662808,g4/12mA/12mA,95,86,0,20
20.582,HRV,164,3,13072443,g4/12mA/12mA,95,86,0,20
20.582,HRV,165,0,13543813,g5/12mA/12mA,95,86,0,20
20.582,HRV,165,1,13627751,g4/12mA/12mA,95,86,0,20
20.582,HRV,165,2,11663031,g4/12mA/12mA,95,86,0,20
20.582,HRV,165,3,13072844,g4/12mA/12mA,95,86,0,20
20.587,HRV,172,0,13542549,g5/12mA/12mA,95,86,0,20
20.587,HRV,172,1,13626787,g4/12mA/12mA,95,86,0,20
20.587,HRV,172,2,11662417,g4/12mA/12mA,95,86,0,20
20.587,HRV,172,3,13072163,g4/12mA/12mA,95,86,0,20
20.587,HRV,173,0,13542747,g5/12mA/12mA,95,86,0,20
20.587,HRV,173,1,13627043,g4/12mA/12mA,95,86,0,20
20.587,HRV,173,2,11662748,g4/12mA/12mA,95,86,0,20
20.587,HRV,173,3,13072299,g4/12mA/12mA,95,86,0,20
20.587,HRV,174,0,13543094,g5/12mA/12mA,95,86,0,20
20.587,HRV,174,1,13627494,g4/12mA/12mA,95,86,0,20
20.587,HRV,174,2,11662739,g4/12mA/12mA,95,86,0,20
20.587,HRV,174,3,13072623,g4/12mA/12mA,95,86,0,20
20.587,HRV,175,0,13544427,g5/12mA/12mA,95,86,0,20
20.587,HRV,175,1,13628203,g4/12mA/12mA,95,86,0,20
20.587,HRV,175,2,11663482,g4/12mA/12mA,95,86,0,20
20.587,HRV,175,3,13073500,g4/12mA/12mA,95,86,0,20
20.587,HRV,176,0,13542933,g5/12mA/12mA,95,86,0,20
20.587,HRV,176,1,13627102,g4/12mA/12mA,95,86,0,20
20.587,HRV,176,2,11662500,g4/12mA/12mA,95,86,0,20
20.587,HRV,176,3,13072460,g4/12mA/12mA,95,86,0,20
20.587,HRV,177,0,13543036,g5/12mA/12mA,95,86,0,20
20.587,HRV,177,1,13627248,g4/12mA/12mA,95,86,0,20
20.587,HRV,177,2,11662604,g4/12mA/12mA,95,86,0,20
20.587,HRV,177,3,13072664,g4/12mA/12mA,95,86,0,20
20.672,HRV,178,0,13541833,g5/12mA/12mA,95,86,0,20
20.672,HRV,178,1,13626480,g4/12mA/12mA,95,86,0,20
20.672,HRV,178,2,11662006,g4/12mA/12mA,95,86,0,20
20.672,HRV,178,3,13071708,g4/12mA/12mA,95,86,0,20
20.672,HRV,179,0,13545237,g5/12mA/12mA,95,86,0,20
20.673,HRV,179,1,13628468,g4/12mA/12mA,95,86,0,20
20.673,HRV,179,2,11663601,g4/12mA/12mA,95,86,0,20
20.673,HRV,179,3,13073578,g4/12mA/12mA,95,86,0,20
20.673,HRV,180,0,13543837,g5/12mA/12mA,95,86,0,20
20.673,HRV,180,1,13627667,g4/12mA/12mA,95,86,0,20
20.673,HRV,180,2,11663208,g4/12mA/12mA,95,86,0,20
20.673,HRV,180,3,13072691,g4/12mA/12mA,95,86,0,20
20.673,HRV,181,0,13544069,g5/12mA/12mA,95,86,0,20
20.673,HRV,181,1,13628092,g4/12mA/12mA,95,86,0,20
20.673,HRV,181,2,11662978,g4/12mA/12mA,95,86,0,20
20.673,HRV,181,3,13072998,g4/12mA/12mA,95,86,0,20
20.673,HRV,182,0,13543411,g5/12mA/12mA,95,86,0,20
20.673,HRV,182,1,13627291,g4/12mA/12mA,95,86,0,20
20.673,HRV,182,2,11662790,g4/12mA/12mA,95,86,0,20
20.673,HRV,182,3,13072732,g4/12mA/12mA,95,86,0,20
20.706,SPO2,160,0,13020991,g1/73mA/0mA,95,86,0,20
20.706,SPO2,160,1,13272147,g1/36mA/0mA,95,86,0,20
20.706,SPO2,161,0,13022194,g1/73mA/0mA,95,86,0,20
20.706,SPO2,161,1,13273063,g1/36mA/0mA,95,86,0,20
20.706,SPO2,162,0,13021039,g1/73mA/0mA,95,86,0,20
20.706,SPO2,162,1,13272016,g1/36mA/0mA,95,86,0,20
20.706,SPO2,163,0,13021351,g1/73mA/0mA,95,86,0,20
20.706,SPO2,163,1,13272194,g1/36mA/0mA,95,86,0,20
20.706,SPO2,164,0,13020670,g1/73mA/0mA,95,86,0,20
20.706,SPO2,164,1,13271798,g1/36mA/0mA,95,86,0,20
20.706,SPO2,165,0,13021246,g1/73mA/0mA,95,86,0,20
20.706,SPO2,165,1,13272364,g1/36mA/0mA,95,86,0,20
20.706,SPO2,166,0,13022253,g1/73mA/0mA,95,86,0,20
20.706,SPO2,166,1,13272885,g1/36mA/0mA,95,86,0,20
20.734,SPO2,175,0,13021523,g1/73mA/0mA,95,86,0,20
20.734,SPO2,175,1,13271936,g1/36mA/0mA,95,86,0,20
20.734,SPO2,176,0,13019959,g1/73mA/0mA,95,86,0,20
20.734,SPO2,176,1,13271320,g1/36mA/0mA,95,86,0,20
20.734,SPO2,177,0,13020289,g1/73mA/0mA,95,86,0,20
20.734,SPO2,177,1,13271517,g1/36mA/0mA,95,86,0,20
20.734,SPO2,178,0,13019562,g1/73mA/0mA,95,86,0,20
20.734,SPO2,178,1,13271409,g1/36mA/0mA,95,86,0,20
20.734,SPO2,179,0,13022586,g1/73mA/0mA,95,86,0,20
20.734,SPO2,179,1,13273357,g1/36mA/0mA,95,86,0,20
20.734,SPO2,180,0,13021029,g1/73mA/0mA,95,86,0,20
20.734,SPO2,180,1,13271920,g1/36mA/0mA,95,86,0,20
20.762,SPO2,181,0,13021327,g1/73mA/0mA,95,86,0,20
20.762,SPO2,181,1,13272233,g1/36mA/0mA,95,86,0,20
20.762,SPO2,182,0,13021069,g1/73mA/0mA,95,86,0,20
20.762,SPO2,182,1,13272100,g1/36mA/0mA,95,86,0,20
20.762,SPO2,183,0,13021554,g1/73mA/0mA,95,86,0,20
20.762,SPO2,183,1,13272556,g1/36mA/0mA,95,86,0,20
20.762,SPO2,184,0,13021563,g1/73mA/0mA,95,86,0,20
20.762,SPO2,184,1,13272203,g1/36mA/0mA,95,86,0,20
20.762,SPO2,185,0,13020022,g1/73mA/0mA,95,86,0,20
20.762,SPO2,185,1,13270694,g1/36mA/0mA,95,86,0,20
20.762,SPO2,186,0,13020714,g1/73mA/0mA,95,86,0,20
20.762,SPO2,186,1,13271471,g1/36mA/0mA,95,86,0,20
20.767,HR,200,0,13544351,g5/12mA/12mA,95,86,0,20
20.767,HR,200,1,13627784,g4/12mA/12mA,95,86,0,20
20.767,HR,200,2,11663318,g4/12mA/12mA,95,86,0,20
20.767,HR,200,3,13072997,g4/12mA/12mA,95,86,0,20
20.767,HR,201,0,13545775,g5/12mA/12mA,95,86,0,20
20.767,HR,201,1,13628928,g4/12mA/12mA,95,86,0,20
20.767,HR,201,2,11664537,g4/12mA/12mA,95,86,0,20
20.767,HR,201,3,13074022,g4/12mA/12mA,95,86,0,20
20.767,HR,202,0,13543719,g5/12mA/12mA,95,86,0,20
20.767,HR,202,1,13626924,g4/12mA/12mA,95,86,0,20
20.767,HR,202,2,11662730,g4/12mA/12mA,95,86,0,20
20.767,HR,202,3,13072381,g4/12mA/12mA,95,86,0,20
20.768,HR,203,0,13543898,g5/12mA/12mA,95,86,0,20
20.768,HR,203,1,13627607,g4/12mA/12mA,95,86,0,20
20.768,HR,203,2,11663378,g4/12mA/12mA,95,86,0,20
20.768,HR,203,3,13072340,g4/12mA/12mA,95,86,0,20
20.768,HR,204,0,13543871,g5/12mA/12mA,95,86,0,20
20.768,HR,204,1,13627666,g4/12mA/12mA,95,86,0,20
20.768,HR,204,2,11663291,g4/12mA/12mA,95,86,0,20
20.768,HR,204,3,13072904,g4/12mA/12mA,95,86,0,20
20.792,HRV,200,0,13543199,g5/12mA/12mA,95,86,0,20
20.792,HRV,200,1,13626957,g4/12mA/12mA,95,86,0,20
20.792,HRV,200,2,11662610,g4/12mA/12mA,95,86,0,20
20.792,HRV,200,3,13072569,g4/12mA/12mA,95,86,0,20
20.792,HRV,201,0,13544623,g5/12mA/12mA,95,86,0,20
20.792,HRV,201,1,13628101,g4/12mA/12mA,95,86,0,20
20.792,HRV,201,2,11663829,g4/12mA/12mA,95,86,0,20
20.792,HRV,201,3,13073594,g4/12mA/12mA,95,86,0,20
20.792,HRV,202,0,13542567,g5/12mA/12mA,95,86,0,20
20.792,HRV,202,1,13626097,g4/12mA/12mA,95,86,0,20
20.792,HRV,202,2,11662022,g4/12mA/12mA,95,86,0,20
20.792,HRV,202,3,13071953,g4/12mA/12mA,95,86,0,20
20.792,HRV,203,0,13542746,g5/12mA/12mA,95,86,0,20
20.792,HRV,203,1,13626780,g4/12mA/12mA,95,86,0,20
20.792,HRV,203,2,11662670,g4/12mA/12mA,95,86,0,20
20.792,HRV,203,3,13071912,g4/12mA/12mA,95,86,0,20
20.792,HRV,204,0,13542719,g5/12mA/12mA,95,86,0,20
20.792,HRV,204,1,13626839,g4/12mA/12mA,95,86,0,20
20.792,HRV,204,2,11662583,g4/12mA/12mA,95,86,0,20
20.792,HRV,204,3,13072476,g4/12mA/12mA,95,86,0,20
20.823,SPO2,200,0,13020820,g1/73mA/0mA,95,86,0,20
20.823,SPO2,200,1,13271781,g1/36mA/0mA,95,86,0,20
20.823,SPO2,201,0,13022045,g1/73mA/0mA,95,86,0,20
20.823,SPO2,201,1,13272652,g1/36mA/0mA,95,86,0,20
20.823,SPO2,202,0,13019760,g1/73mA/0mA,95,86,0,20
20.823,SPO2,202,1,13271041,g1/36mA/0mA,95,86,0,20
20.823,SPO2,203,0,13020351,g1/73mA/0mA,95,86,0,20
20.823,SPO2,203,1,13271717,g1/36mA/0mA,95,86,0,20
20.823,SPO2,204,0,13020241,g1/73mA/0mA,95,86,0,20
20.823,SPO2,204,1,13271221,g1/36mA/0mA,95,86,0,20
22.988,HR,205,0,13544291,g5/12mA/12mA,95,86,0,20
22.988,HR,205,1,13628357,g4/12mA/12mA,95,86,0,20
22.988,HR,205,2,11663508,g4/12mA/12mA,95,86,0,20
22.988,HR,205,3,13073348,g4/12mA/12mA,95,86,0,20
22.988,HR,206,0,13540774,g5/12mA/12mA,95,85,0,20
22.988,HR,206,1,13625764,g4/12mA/12mA,95,85,0,20
22.988,HR,206,2,11661273,g4/12mA/12mA,95,85,0,20
22.988,HR,206,3,13071350,g4/12mA/12mA,95,85,0,20
22.988,HR,207,0,13539588,g5/12mA/12mA,95,85,0,20
22.988,HR,207,1,13624987,g4/12mA/12mA,95,85,0,20
22.988,HR,207,2,11660990,g4/12mA/12mA,95,85,0,20
22.988,HR,207,3,13070574,g4/12mA/12mA,95,85,0,20
22.988,HR,208,0,13543914,g5/12mA/12mA,95,85,0,20
22.988,HR,208,1,13628100,g4/12mA/12mA,95,85,0,20
22.988,HR,208,2,11663191,g4/12mA/12mA,95,85,0,20
22.988,HR,208,3,13072810,g4/12mA/12mA,95,85,0,20
22.988,HR,209,0,13541338,g5/12mA/12mA,95,85,0,20
22.988,HR,209,1,13626309,g4/12mA/12mA,95,85,0,20
22.988,HR,209,2,11661792,g4/12mA/12mA,95,85,0,20
22.988,HR,209,3,13071711,g4/12mA/12mA,95,85,0,20
23.013,HR,210,0,13544076,g5/12mA/12mA,95,85,0,20
23.013,HR,210,1,13628203,g4/12mA/12mA,95,85,0,20
23.013,HR,210,2,11663422,g4/12mA/12mA,95,85,0,20
23.013,HR,210,3,13072905,g4/12mA/12mA,95,85,0,20
23.013,HR,211,0,13543010,g5/12mA/12mA,95,85,0,20
23.013,HR,211,1,13627298,g4/12mA/12mA,95,85,0,20
23.013,HR,211,2,11662443,g4/12mA/12mA,95,85,0,20
23.013,HR,211,3,13072163,g4/12mA/12mA,95,85,0,20
23.013,HR,212,0,13542148,g5/12mA/12mA,95,85,0,20
23.013,HR,212,1,13626530,g4/12mA/12mA,95,85,0,20
23.013,HR,212,2,11662109,g4/12mA/12mA,95,85,0,20
23.013,HR,212,3,13071871,g4/12mA/12mA,95,85,0,20
23.013,HR,213,0,13543180,g5/12mA/12mA,95,85,0,20
23.013,HR,213,1,13627589,g4/12mA/12mA,95,85,0,20
23.013,HR,213,2,11662919,g4/12mA/12mA,95,85,0,20
23.013,HR,213,3,13072947,g4/12mA/12mA,95,85,0,20
23.013,HR,214,0,13544665,g5/12mA/12mA,95,85,0,20
23.013,HR,214,1,13628170,g4/12mA/12mA,95,85,0,20
23.013,HR,214,2,11663566,g4/12mA/12mA,95,85,0,20
23.014,HR,214,3,13073228,g4/12mA/12mA,95,85,0,20
23.014,HR,215,0,13544221,g5/12mA/12mA,95,85,0,20
23.014,HR,215,1,13627965,g4/12mA/12mA,95,85,0,20
23.014,HR,215,2,11663310,g4/12mA/12mA,95,85,0,20
23.014,HR,215,3,13072920,g4/12mA/12mA,95,85,0,20
23.018,HR,216,0,13543940,g5/12mA/12mA,95,85,0,20
23.018,HR,216,1,13627735,g4/12mA/12mA,95,85,0,20
23.018,HR,216,2,11663192,g4/12mA/12mA,95,85,0,20
23.018,HR,216,3,13072991,g4/12mA/12mA,95,85,0,20
23.018,HR,217,0,13543036,g5/12mA/12mA,95,85,0,20
23.018,HR,217,1,13627069,g4/12mA/12mA,95,85,0,20
23.018,HR,217,2,11662577,g4/12mA/12mA,95,85,0,20
23.018,HR,217,3,13072333,g4/12mA/12mA,95,85,0,20
23.018,HR,218,0,13556224,g5/12mA/12mA,95,85,0,20
23.018,HR,218,1,13637006,g4/12mA/12mA,95,85,0,20
23.018,HR,218,2,11670887,g4/12mA/12mA,95,85,0,20
23.018,HR,218,3,13080131,g4/12mA/12mA,95,85,0,20
23.018,HR,219,0,13541978,g5/12mA/12mA,95,85,0,20
23.019,HR,219,1,13626763,g4/12mA/12mA,95,85,0,20
23.019,HR,219,2,11662023,g4/12mA/12mA,95,85,0,20
23.019,HR,219,3,13071684,g4/12mA/12mA,95,85,0,20
23.019,HR,220,0,13556728,g5/12mA/12mA,95,85,0,20
23.019,HR,220,1,13636708,g4/12mA/12mA,95,85,0,20
23.019,HR,220,2,11670477,g4/12mA/12mA,95,85,0,20
23.019,HR,220,3,13080207,g4/12mA/12mA,95,85,0,20
23.047,HR,221,0,13539470,g5/12mA/12mA,95,85,0,20
23.047,HR,221,1,13625106,g4/12mA/12mA,95,85,0,20
23.047,HR,221,2,11660650,g4/12mA/12mA,95,85,0,20
23.047,HR,221,3,13070174,g4/12mA/12mA,95,85,0,20
23.047,HR,222,0,13544255,g5/12mA/12mA,95,85,0,20
23.047,HR,222,1,13627998,g4/12mA/12mA,95,85,0,20
23.047,HR,222,2,11663355,g4/12mA/12mA,95,85,0,20
23.047,HR,222,3,13073040,g4/12mA/12mA,95,85,0,20
23.047,HR,223,0,13539249,g5/12mA/12mA,95,85,0,20
23.047,HR,223,1,13624517,g4/12mA/12mA,95,85,0,20
23.047,HR,223,2,11660343,g4/12mA/12mA,95,85,0,20
23.047,HR,223,3,13070303,g4/12mA/12mA,95,85,0,20
23.047,HR,224,0,13544690,g5/12mA/12mA,95,85,0,20
23.047,HR,224,1,13628629,g4/12mA/12mA,95,85,0,20
23.047,HR,224,2,11663694,g4/12mA/12mA,95,85,0,20
23.047,HR,224,3,13073561,g4/12mA/12mA,95,85,0,20
23.047,HR,225,0,13541637,g5/12mA/12mA,95,85,0,20
23.047,HR,225,1,13626719,g4/12mA/12mA,95,85,0,20
23.047,HR,225,2,11662032,g4/12mA/12mA,95,85,0,20
23.047,HR,225,3,13071805,g4/12mA/12mA,95,85,0,20
23.047,HR,226,0,13544803,g5/12mA/12mA,95,85,0,20
23.047,HR,226,1,13628391,g4/12mA/12mA,95,85,0,20
23.047,HR,226,2,11663866,g4/12mA/12mA,95,85,0,20
23.047,HR,226,3,13073382,g4/12mA/12mA,95,85,0,20
23.071,HR,227,0,13542047,g5/12mA/12mA,95,85,0,20
23.071,HR,227,1,13626601,g4/12mA/12mA,95,85,0,20
23.071,HR,227,2,11661981,g4/12mA/12mA,95,85,0,20
23.071,HR,227,3,13071923,g4/12mA/12mA,95,85,0,20
23.071,HR,228,0,13543964,g5/12mA/12mA,95,85,0,20
23.071,HR,228,1,13627896,g4/12mA/12mA,95,85,0,20
23.071,HR,228,2,11663268,g4/12mA/12mA,95,85,0,20
23.071,HR,228,3,13073262,g4/12mA/12mA,95,85,0,20
23.071,HR,229,0,13542029,g5/12mA/12mA,95,85,0,20
23.071,HR,229,1,13626549,g4/12mA/12mA,95,85,0,20
23.071,HR,229,2,11662203,g4/12mA/12mA,95,85,0,20
23.071,HR,229,3,13071693,g4/12mA/12mA,95,85,0,20
23.071,HR,230,0,13542849,g5/12mA/12mA,95,85,0,20
23.071,HR,230,1,13627239,g4/12mA/12mA,95,85,0,20
23.071,HR,230,2,11662646,g4/12mA/12mA,95,85,0,20
23.071,HR,230,3,13072502,g4/12mA/12mA,95,85,0,20
23.071,HR,231,0,13541373,g5/12mA/12mA,96,88,0,20
23.071,HR,231,1,13626369,g4/12mA/12mA,96,88,0,20
23.071,HR,231,2,11661852,g4/12mA/12mA,96,88,0,20
23.071,HR,231,3,13071752,g4/12mA/12mA,96,88,0,20
23.078,HR,232,0,13542412,g5/12mA/12mA,96,88,0,20
23.078,HR,232,1,13626796,g4/12mA/12mA,96,88,0,20
23.078,HR,232,2,11662391,g4/12mA/12mA,96,88,0,20
23.078,HR,232,3,13072016,g4/12mA/12mA,96,88,0,20
23.078,HR,233,0,13543360,g5/12mA/12mA,96,88,0,20
23.078,HR,233,1,13627656,g4/12mA/12mA,96,88,0,20
23.078,HR,233,2,11662801,g4/12mA/12mA,96,88,0,20
23.078,HR,233,3,13072818,g4/12mA/12mA,96,88,0,20
23.078,HR,234,0,13542002,g5/12mA/12mA,96,88,0,20
23.078,HR,234,1,13626923,g4/12mA/12mA,96,88,0,20
23.078,HR,234,2,11662391,g4/12mA/12mA,96,88,0,20
23.078,HR,234,3,13071760,g4/12mA/12mA,96,88,0,20
23.078,HR,235,0,13542909,g5/12mA/12mA,96,88,0,20
23.078,HR,235,1,13627257,g4/12mA/12mA,96,88,0,20
23.078,HR,235,2,11662681,g4/12mA/12mA,96,88,0,20
23.078,HR,235,3,13072451,g4/12mA/12mA,96,88,0,20
23.079,HR,236,0,13542907,g5/12mA/12mA,96,88,0,20
23.079,HR,236,1,13627494,g4/12mA/12mA,96,88,0,20
23.079,HR,236,2,11662560,g4/12mA/12mA,96,88,0,20
23.079,HR,236,3,13072382,g4/12mA/12mA,96,88,0,20
23.079,HR,237,0,13543146,g5/12mA/12mA,96,88,0,20
23.079,HR,237,1,13627445,g4/12mA/12mA,96,88,0,20
23.079,HR,237,2,11662731,g4/12mA/12mA,96,88,0,20
23.079,HR,237,3,13072460,g4/12mA/12mA,96,88,0,20
23.079,HR,238,0,13543583,g5/12mA/12mA,96,88,0,20
23.079,HR,238,1,13627656,g4/12mA/12mA,96,88,0,20
23.079,HR,238,2,11662961,g4/12mA/12mA,96,88,0,20
23.079,HR,238,3,13072563,g4/12mA/12mA,96,88,0,20
23.107,HRV,215,0,13544221,g5/12mA/12mA,96,88,0,20
23.107,HRV,215,1,13627965,g4/12mA/12mA,96,88,0,20
23.107,HRV,215,2,11663310,g4/12mA/12mA,96,88,0,20
23.107,HRV,215,3,13072920,g4/12mA/12mA,96,88,0,20
23.107,HRV,216,0,13543940,g5/12mA/12mA,96,88,0,20
23.107,HRV,216,1,13627735,g4/12mA/12mA,96,88,0,20
23.107,HRV,216,2,11663192,g4/12mA/12mA,96,88,0,20
23.107,HRV,216,3,13072991,g4/12mA/12mA,96,88,0,20
23.107,HRV,217,0,13543036,g5/12mA/12mA,96,88,0,20
23.107,HRV,217,1,13627069,g4/12mA/12mA,96,88,0,20
23.107,HRV,217,2,11662577,g4/12mA/12mA,96,88,0,20
23.107,HRV,217,3,13072333,g4/12mA/12mA,96,88,0,20
23.107,HRV,218,0,13556224,g5/12mA/12mA,96,88,0,20
23.107,HRV,218,1,13637006,g4/12mA/12mA,96,88,0,20
23.107,HRV,218,2,11670887,g4/12mA/12mA,96,88,0,20
23.107,HRV,218,3,13080131,g4/12mA/12mA,96,88,0,20
23.107,HRV,219,0,13541978,g5/12mA/12mA,96,88,0,20
23.107,HRV,219,1,13626763,g4/12mA/12mA,96,88,0,20
23.107,HRV,219,2,11662023,g4/12mA/12mA,96,88,0,20
23.107,HRV,219,3,13071684,g4/12mA/12mA,96,88,0,20
23.191,HRV,226,0,13544803,g5/12mA/12mA,96,88,0,20
23.191,HRV,226,1,13628391,g4/12mA/12mA,96,88,0,20
23.191,HRV,226,2,11663866,g4/12mA/12mA,96,88,0,20
23.191,HRV,226,3,13073382,g4/12mA/12mA,96,88,0,20
23.191,HRV,227,0,13542047,g5/12mA/12mA,96,88,0,20
23.191,HRV,227,1,13626601,g4/12mA/12mA,96,88,0,20
23.191,HRV,227,2,11661981,g4/12mA/12mA,96,88,0,20
23.191,HRV,227,3,13071923,g4/12mA/12mA,96,88,0,20
23.191,HRV,228,0,13543964,g5/12mA/12mA,96,88,0,20
23.191,HRV,228,1,13627896,g4/12mA/12mA,96,88,0,20
23.191,HRV,228,2,11663268,g4/12mA/12mA,96,88,0,20
23.191,HRV,228,3,13073262,g4/12mA/12mA,96,88,0,20
23.191,HRV,229,0,13542029,g5/12mA/12mA,96,88,0,20
23.191,HRV,229,1,13626549,g4/12mA/12mA,96,88,0,20
23.191,HRV,229,2,11662203,g4/12mA/12mA,96,88,0,20
23.191,HRV,229,3,13071693,g4/12mA/12mA,96,88,0,20
23.191,HRV,230,0,13542849,g5/12mA/12mA,96,88,0,20
23.191,HRV,230,1,13627239,g4/12mA/12mA,96,88,0,20
23.191,HRV,230,2,11662646,g4/12mA/12mA,96,88,0,20
23.191,HRV,230,3,13072502,g4/12mA/12mA,96,88,0,20
23.197,HRV,231,0,13541373,g5/12mA/12mA,96,88,0,20
23.197,HRV,231,1,13626369,g4/12mA/12mA,96,88,0,20
23.197,HRV,231,2,11661852,g4/12mA/12mA,96,88,0,20
23.197,HRV,231,3,13071752,g4/12mA/12mA,96,88,0,20
23.197,HRV,232,0,13542412,g5/12mA/12mA,96,88,0,20
23.197,HRV,232,1,13626796,g4/12mA/12mA,96,88,0,20
23.197,HRV,232,2,11662391,g4/12mA/12mA,96,88,0,20
23.197,HRV,232,3,13072016,g4/12mA/12mA,96,88,0,20
23.197,HRV,233,0,13543360,g5/12mA/12mA,96,88,0,20
23.197,HRV,233,1,13627656,g4/12mA/12mA,96,88,0,20
23.197,HRV,233,2,11662801,g4/12mA/12mA,96,88,0,20
23.197,HRV,233,3,13072818,g4/12mA/12mA,96,88,0,20
23.197,HRV,234,0,13542002,g5/12mA/12mA,96,88,0,20
23.197,HRV,234,1,13626923,g4/12mA/12mA,96,88,0,20
23.197,HRV,234,2,11662391,g4/12mA/12mA,96,88,0,20
23.197,HRV,234,3,13071760,g4/12mA/12mA,96,88,0,20
23.197,HRV,235,0,13542909,g5/12mA/12mA,96,88,0,20
23.197,HRV,235,1,13627257,g4/12mA/12mA,96,88,0,20
23.197,HRV,235,2,11662681,g4/12mA/12mA,96,88,0,20
23.197,HRV,235,3,13072451,g4/12mA/12mA,96,88,0,20
23.224,SPO2,205,0,13021559,g1/73mA/0mA,96,88,0,20
23.224,SPO2,205,1,13272611,g1/36mA/0mA,96,88,0,20
23.224,SPO2,206,0,13017811,g1/73mA/0mA,96,88,0,20
23.224,SPO2,206,1,13269760,g1/36mA/0mA,96,88,0,20
23.224,SPO2,207,0,13017442,g1/73mA/0mA,96,88,0,20
23.224,SPO2,207,1,13269717,g1/36mA/0mA,96,88,0,20
23.224,SPO2,208,0,13020655,g1/73mA/0mA,96,88,0,20
23.224,SPO2,208,1,13271575,g1/36mA/0mA,96,88,0,20
23.224,SPO2,209,0,13018894,g1/73mA/0mA,96,88,0,20
23.224,SPO2,209,1,13270771,g1/36mA/0mA,96,88,0,20
23.224,SPO2,210,0,13021260,g1/73mA/0mA,96,88,0,20
23.224,SPO2,210,1,13272130,g1/36mA/0mA,96,88,0,20
23.281,SPO2,211,0,13019897,g1/73mA/0mA,96,88,0,20
23.281,SPO2,211,1,13271524,g1/36mA/0mA,96,88,0,20
23.281,SPO2,212,0,13019508,g1/73mA/0mA,96,88,0,20
23.281,SPO2,212,1,13271234,g1/36mA/0mA,96,88,0,20
23.281,SPO2,213,0,13020769,g1/73mA/0mA,96,88,0,20
23.281,SPO2,213,1,13271660,g1/36mA/0mA,96,88,0,20
23.281,SPO2,214,0,13021641,g1/73mA/0mA,96,88,0,20
23.281,SPO2,214,1,13272283,g1/36mA/0mA,96,88,0,20
23.281,SPO2,215,0,13021112,g1/73mA/0mA,96,88,0,20
23.281,SPO2,215,1,13271790,g1/36mA/0mA,96,88,0,20
23.281,SPO2,216,0,13020919,g1/73mA/0mA,96,88,0,20
23.281,SPO2,216,1,13271969,g1/36mA/0mA,96,88,0,20
23.281,SPO2,217,0,13020211,g1/73mA/0mA,96,88,0,20
23.281,SPO2,217,1,13271521,g1/36mA/0mA,96,88,0,20
23.282,SPO2,218,0,13038699,g1/73mA/0mA,96,88,0,20
23.282,SPO2,218,1,13288333,g1/36mA/0mA,96,88,0,20
23.286,SPO2,232,0,13019527,g1/73mA/0mA,96,88,0,20
23.286,SPO2,232,1,13271054,g1/36mA/0mA,96,88,0,20
23.286,SPO2,233,0,13020382,g1/73mA/0mA,96,88,0,20
23.286,SPO2,233,1,13271548,g1/36mA/0mA,96,88,0,20
23.286,SPO2,234,0,13019254,g1/73mA/0mA,96,88,0,20
23.286,SPO2,234,1,13270888,g1/36mA/0mA,96,88,0,20
23.286,SPO2,235,0,13019855,g1/73mA/0mA,96,88,0,20
23.286,SPO2,235,1,13271122,g1/36mA/0mA,96,88,0,20
23.286,SPO2,236,0,13020092,g1/73mA/0mA,96,88,0,20
23.286,SPO2,236,1,13271236,g1/36mA/0mA,96,88,0,20
23.286,SPO2,237,0,13019992,g1/73mA/0mA,96,88,0,20
23.286,SPO2,237,1,13271273,g1/36mA/0mA,96,88,0,20
23.316,HR,239,0,13543735,g5/12mA/12mA,96,88,0,20
23.316,HR,239,1,13627803,g4/12mA/12mA,96,88,0,20
23.316,HR,239,2,11662902,g4/12mA/12mA,96,88,0,20
23.316,HR,239,3,13072818,g4/12mA/12mA,96,88,0,20
23.316,HR,240,0,13542063,g5/12mA/12mA,96,88,0,20
23.316,HR,240,1,13626898,g4/12mA/12mA,96,88,0,20
23.316,HR,240,2,11662364,g4/12mA/12mA,96,88,0,20
23.316,HR,240,3,13071727,g4/12mA/12mA,96,88,0,20
23.316,HR,241,0,13542729,g5/12mA/12mA,96,88,0,20
23.316,HR,241,1,13627350,g4/12mA/12mA,96,88,0,20
23.316,HR,241,2,11662757,g4/12mA/12mA,96,88,0,20
23.316,HR,241,3,13072246,g4/12mA/12mA,96,88,0,20
23.316,HR,242,0,13543454,g5/12mA/12mA,96,88,0,20
23.316,HR,242,1,13627505,g4/12mA/12mA,96,88,0,20
23.316,HR,242,2,11662962,g4/12mA/12mA,96,88,0,20
23.316,HR,242,3,13072657,g4/12mA/12mA,96,88,0,20
23.316,HR,243,0,13542242,g5/12mA/12mA,96,88,0,20
23.316,HR,243,1,13626914,g4/12mA/12mA,96,88,0,20
23.316,HR,243,2,11662143,g4/12mA/12mA,96,88,0,20
23.316,HR,243,3,13071957,g4/12mA/12mA,96,88,0,20
23.316,HR,244,0,13542284,g5/12mA/12mA,96,88,0,20
23.316,HR,244,1,13626975,g4/12mA/12mA,96,88,0,20
23.316,HR,244,2,11662553,g4/12mA/12mA,96,88,0,20
23.316,HR,244,3,13072008,g4/12mA/12mA,96,88,0,20
23.317,HR,0,0,13543043,g5/12mA/12mA,97,85,0,20
23.317,HR,0,1,13627793,g4/12mA/12mA,97,85,0,20
23.317,HR,0,2,11663023,g4/12mA/12mA,97,85,0,20
23.317,HR,0,3,13072504,g4/12mA/12mA,97,85,0,20
23.317,HR,1,0,13541474,g5/12mA/12mA,97,85,0,20
23.317,HR,1,1,13626916,g4/12mA/12mA,97,85,0,20
23.317,HR,1,2,11662279,g4/12mA/12mA,97,85,0,20
23.317,HR,1,3,13071820,g4/12mA/12mA,97,85,0,20
23.317,HR,2,0,13541108,g5/12mA/12mA,97,85,0,20
23.317,HR,2,1,13626728,g4/12mA/12mA,97,85,0,20
23.317,HR,2,2,11661879,g4/12mA/12mA,97,85,0,20
23.317,HR,2,3,13071796,g4/12mA/12mA,97,85,0,20
23.346,HRV,245,0,13541792,g5/12mA/12mA,97,85,0,20
23.346,HRV,245,1,13626284,g4/12mA/12mA,97,85,0,20
23.346,HRV,245,2,11661698,g4/12mA/12mA,97,85,0,20
23.346,HRV,245,3,13071615,g4/12mA/12mA,97,85,0,20
23.346,HRV,246,0,13542518,g5/12mA/12mA,97,85,0,20
23.346,HRV,246,1,13627121,g4/12mA/12mA,97,85,0,20
23.346,HRV,246,2,11662304,g4/12mA/12mA,97,85,0,20
23.346,HRV,246,3,13072349,g4/12mA/12mA,97,85,0,20
23.346,HRV,247,0,13543071,g5/12mA/12mA,97,85,0,20
23.346,HRV,247,1,13627325,g4/12mA/12mA,97,85,0,20
23.346,HRV,247,2,11662398,g4/12mA/12mA,97,85,0,20
23.346,HRV,247,3,13072426,g4/12mA/12mA,97,85,0,20
23.346,HRV,248,0,13543832,g5/12mA/12mA,97,85,0,20
23.346,HRV,248,1,13628051,g4/12mA/12mA,97,85,0,20
23.346,HRV,248,2,11662996,g4/12mA/12mA,97,85,0,20
23.346,HRV,248,3,13073227,g4/12mA/12mA,97,85,0,20
23.346,HRV,249,0,13543388,g5/12mA/12mA,97,85,0,20
23.346,HRV,249,1,13627803,g4/12mA/12mA,97,85,0,20
23.346,HRV,249,2,11662730,g4/12mA/12mA,97,85,0,20
23.346,HRV,249,3,13073134,g4/12mA/12mA,97,85,0,20
23.346,HRV,250,0,13543515,g5/12mA/12mA,97,85,0,20
23.346,HRV,250,1,13627666,g4/12mA/12mA,97,85,0,20
23.346,HRV,250,2,11662800,g4/12mA/12mA,97,85,0,20
23.346,HRV,250,3,13072937,g4/12mA/12mA,97,85,0,20
23.349,HRV,251,0,13542261,g5/12mA/12mA,97,85,0,20
23.349,HRV,251,1,13626624,g4/12mA/12mA,97,85,0,20
23.349,HRV,251,2,11662203,g4/12mA/12mA,97,85,0,20
23.349,HRV,251,3,13072042,g4/12mA/12mA,97,85,0,20
23.349,HRV,252,0,13542909,g5/12mA/12mA,97,85,0,20
23.349,HRV,252,1,13627180,g4/12mA/12mA,97,85,0,20
23.349,HRV,252,2,11662697,g4/12mA/12mA,97,85,0,20
23.349,HRV,252,3,13072487,g4/12mA/12mA,97,85,0,20
23.349,HRV,253,0,13543010,g5/12mA/12mA,97,85,0,20
23.349,HRV,253,1,13626966,g4/12mA/12mA,97,85,0,20
23.349,HRV,253,2,11662305,g4/12mA/12mA,97,85,0,20
23.349,HRV,253,3,13072324,g4/12mA/12mA,97,85,0,20
23.349,HRV,254,0,13541960,g5/12mA/12mA,97,85,0,20
23.349,HRV,254,1,13626744,g4/12mA/12mA,97,85,0,20
23.349,HRV,254,2,11661946,g4/12mA/12mA,97,85,0,20
23.349,HRV,254,3,13071607,g4/12mA/12mA,97,85,0,20
23.349,HRV,255,0,13543351,g5/12mA/12mA,97,85,0,20
23.349,HRV,255,1,13627102,g4/12mA/12mA,97,85,0,20
23.349,HRV,255,2,11662722,g4/12mA/12mA,97,85,0,20
23.349,HRV,255,3,13072468,g4/12mA/12mA,97,85,0,20
23.377,SPO2,238,0,13020097,g1/73mA/0mA,97,85,0,20
23.377,SPO2,238,1,13271072,g1/36mA/0mA,97,85,0,20
23.377,SPO2,239,0,13020525,g1/73mA/0mA,97,85,0,20
23.377,SPO2,239,1,13271712,g1/36mA/0mA,97,85,0,20
23.377,SPO2,240,0,13019133,g1/73mA/0mA,97,85,0,20
23.377,SPO2,240,1,13270641,g1/36mA/0mA,97,85,0,20
23.377,SPO2,241,0,13019897,g1/73mA/0mA,97,85,0,20
23.377,SPO2,241,1,13271354,g1/36mA/0mA,97,85,0,20
23.377,SPO2,242,0,13020319,g1/73mA/0mA,97,85,0,20
23.377,SPO2,242,1,13271341,g1/36mA/0mA,97,85,0,20
23.377,SPO2,243,0,13019227,g1/73mA/0mA,97,85,0,20
23.377,SPO2,243,1,13270735,g1/36mA/0mA,97,85,0,20
23.377,SPO2,244,0,13019407,g1/73mA/0mA,97,85,0,20
23.377,SPO2,244,1,13271061,g1/36mA/0mA,97,85,0,20
23.403,SPO2,245,0,13018653,g1/73mA/0mA,97,85,0,20
23.403,SPO2,245,1,13270620,g1/36mA/0mA,97,85,0,20
23.403,SPO2,246,0,13019327,g1/73mA/0mA,97,85,0,20
23.403,SPO2,246,1,13271008,g1/36mA/0mA,97,85,0,20
23.403,SPO2,247,0,13019593,g1/73mA/0mA,97,85,0,20
23.403,SPO2,247,1,13270958,g1/36mA/0mA,97,85,0,20
23.403,SPO2,248,0,13020492,g1/73mA/0mA,97,85,0,20
23.403,SPO2,248,1,13271702,g1/36mA/0mA,97,85,0,20
23.403,SPO2,249,0,13020055,g1/73mA/0mA,97,85,0,20
23.403,SPO2,249,1,13271288,g1/36mA/0mA,97,85,0,20
23.403,SPO2,250,0,13020148,g1/73mA/0mA,97,85,0,20
23.403,SPO2,250,1,13271455,g1/36mA/0mA,97,85,0,20
23.403,SPO2,251,0,13019541,g1/73mA/0mA,97,85,0,20
23.403,SPO2,251,1,13271095,g1/36mA/0mA,97,85,0,20
23.403,SPO2,252,0,13019792,g1/73mA/0mA,97,85,0,20
23.403,SPO2,252,1,13270984,g1/36mA/0mA,97,85,0,20
24.397,HR,3,0,13541884,g5/12mA/12mA,97,85,0,20
24.397,HR,3,1,13626146,g4/12mA/12mA,97,85,0,20
24.397,HR,3,2,11661894,g4/12mA/12mA,97,85,0,20
24.397,HR,3,3,13071444,g4/12mA/12mA,97,85,0,20
24.397,HR,4,0,13542465,g5/12mA/12mA,97,85,0,20
24.397,HR,4,1,13626907,g4/12mA/12mA,97,85,0,20
24.397,HR,4,2,11662510,g4/12mA/12mA,97,85,0,20
24.397,HR,4,3,13072050,g4/12mA/12mA,97,85,0,20
24.397,HR,5,0,13543914,g5/12mA/12mA,97,85,0,20
24.397,HR,5,1,13628143,g4/12mA/12mA,97,85,0,20
24.397,HR,5,2,11663645,g4/12mA/12mA,97,85,0,20
24.397,HR,5,3,13072896,g4/12mA/12mA,97,85,0,20
24.397,HR,6,0,13543343,g5/12mA/12mA,97,85,0,20
24.397,HR,6,1,13627546,g4/12mA/12mA,97,85,0,20
24.397,HR,6,2,11662961,g4/12mA/12mA,97,85,0,20
24.397,HR,6,3,13072735,g4/12mA/12mA,97,85,0,20
24.397,HR,7,0,13542371,g5/12mA/12mA,97,85,0,20
24.397,HR,7,1,13627215,g4/12mA/12mA,97,85,0,20
24.397,HR,7,2,11662347,g4/12mA/12mA,97,85,0,20
24.397,HR,7,3,13072453,g4/12mA/12mA,97,85,0,20
24.426,HR,8,0,13541305,g5/12mA/12mA,97,85,0,20
24.426,HR,8,1,13626225,g4/12mA/12mA,97,85,0,20
24.426,HR,8,2,11661612,g4/12mA/12mA,97,85,0,20
24.426,HR,8,3,13071556,g4/12mA/12mA,97,85,0,20
24.426,HR,9,0,13542890,g5/12mA/12mA,97,85,0,20
24.426,HR,9,1,13626948,g4/12mA/12mA,97,85,0,20
24.426,HR,9,2,11662628,g4/12mA/12mA,97,85,0,20
24.426,HR,9,3,13072222,g4/12mA/12mA,97,85,0,20
24.426,HR,10,0,13542796,g5/12mA/12mA,97,85,0,20
24.426,HR,10,1,13627248,g4/12mA/12mA,97,85,0,20
24.426,HR,10,2,11662628,g4/12mA/12mA,97,85,0,20
24.426,HR,10,3,13072178,g4/12mA/12mA,97,85,0,20
24.426,HR,11,0,13541945,g5/12mA/12mA,97,85,0,20
24.426,HR,11,1,13626609,g4/12mA/12mA,97,85,0,20
24.426,HR,11,2,11662185,g4/12mA/12mA,97,85,0,20
24.426,HR,11,3,13072144,g4/12mA/12mA,97,85,0,20
24.426,HR,12,0,13540903,g5/12mA/12mA,97,85,0,20
24.426,HR,12,1,13625584,g4/12mA/12mA,97,85,0,20
24.426,HR,12,2,11661358,g4/12mA/12mA,97,85,0,20
24.426,HR,12,3,13071087,g4/12mA/12mA,97,85,0,20
24.426,HR,13,0,13542967,g5/12mA/12mA,97,85,0,20
24.426,HR,13,1,13627435,g4/12mA/12mA,97,85,0,20
24.426,HR,13,2,11662560,g4/12mA/12mA,97,85,0,20
24.426,HR,13,3,13072094,g4/12mA/12mA,97,85,0,20
24.426,HR,14,0,13541927,g5/12mA/12mA,97,85,0,20
24.426,HR,14,1,13626719,g4/12mA/12mA,97,85,0,20
24.426,HR,14,2,11661981,g4/12mA/12mA,97,85,0,20
24.426,HR,14,3,13071906,g4/12mA/12mA,97,85,0,20
24.426,HR,15,0,13542295,g5/12mA/12mA,97,85,0,20
24.426,HR,15,1,13626710,g4/12mA/12mA,97,85,0,20
24.426,HR,15,2,11662151,g4/12mA/12mA,97,85,0,20
24.426,HR,15,3,13072084,g4/12mA/12mA,97,85,0,20
24.426,HR,16,0,13542976,g5/12mA/12mA,97,85,0,20
24.426,HR,16,1,13627223,g4/12mA/12mA,97,85,0,20
24.426,HR,16,2,11662801,g4/12mA/12mA,97,85,0,20
24.426,HR,16,3,13072400,g4/12mA/12mA,97,85,0,20
24.426,HR,17,0,13542907,g5/12mA/12mA,97,85,0,20
24.426,HR,17,1,13627087,g4/12mA/12mA,97,85,0,20
24.426,HR,17,2,11662433,g4/12mA/12mA,97,85,0,20
24.426,HR,17,3,13072222,g4/12mA/12mA,97,85,0,20
24.426,HR,18,0,13544093,g5/12mA/12mA,97,85,0,20
24.426,HR,18,1,13628152,g4/12mA/12mA,97,85,0,20
24.426,HR,18,2,11663252,g4/12mA/12mA,97,85,0,20
24.426,HR,18,3,13072939,g4/12mA/12mA,97,85,0,20
24.426,HR,19,0,13542054,g5/12mA/12mA,97,85,0,20
24.426,HR,19,1,13626839,g4/12mA/12mA,97,85,0,20
24.426,HR,19,2,11662347,g4/12mA/12mA,97,85,0,20
24.426,HR,19,3,13071949,g4/12mA/12mA,97,85,0,20
24.458,HR,20,0,13542669,g5/12mA/12mA,97,85,0,20
24.458,HR,20,1,13627248,g4/12mA/12mA,97,85,0,20
24.458,HR,20,2,11662406,g4/12mA/12mA,97,85,0,20
24.458,HR,20,3,13072314,g4/12mA/12mA,97,85,0,20
24.458,HR,21,0,13541561,g5/12mA/12mA,97,85,0,20
24.458,HR,21,1,13626139,g4/12mA/12mA,97,85,0,20
24.458,HR,21,2,11661819,g4/12mA/12mA,97,85,0,20
24.458,HR,21,3,13071650,g4/12mA/12mA,97,85,0,20
24.458,HR,22,0,13541824,g5/12mA/12mA,97,85,0,20
24.458,HR,22,1,13626787,g4/12mA/12mA,97,85,0,20
24.458,HR,22,2,11661962,g4/12mA/12mA,97,85,0,20
24.458,HR,22,3,13071565,g4/12mA/12mA,97,85,0,20
24.458,HR,23,0,13541858,g5/12mA/12mA,97,85,0,20
24.458,HR,23,1,13626564,g4/12mA/12mA,97,85,0,20
24.458,HR,23,2,11661946,g4/12mA/12mA,97,85,0,20
24.458,HR,23,3,13072016,g4/12mA/12mA,97,85,0,20
24.458,HR,24,0,13543880,g5/12mA/12mA,97,85,0,20
24.458,HR,24,1,13628025,g4/12mA/12mA,97,85,0,20
24.458,HR,24,2,11663321,g4/12mA/12mA,97,85,0,20
24.458,HR,24,3,13072954,g4/12mA/12mA,97,85,0,20
24.459,HR,25,0,13542841,g5/12mA/12mA,96,83,0,20
24.459,HR,25,1,13627273,g4/12mA/12mA,96,83,0,20
24.459,HR,25,2,11662467,g4/12mA/12mA,96,83,0,20
24.459,HR,25,3,13072400,g4/12mA/12mA,96,83,0,20
24.459,HR,26,0,13542635,g5/12mA/12mA,96,83,0,20
24.459,HR,26,1,13626763,g4/12mA/12mA,96,83,0,20
24.459,HR,26,2,11662349,g4/12mA/12mA,96,83,0,20
24.459,HR,26,3,13072016,g4/12mA/12mA,96,83,0,20
24.459,HR,27,0,13540570,g5/12mA/12mA,96,83,0,20
24.459,HR,27,1,13625857,g4/12mA/12mA,96,83,0,20
24.459,HR,27,2,11661255,g4/12mA/12mA,96,83,0,20
24.459,HR,27,3,13071061,g4/12mA/12mA,96,83,0,20
24.459,HR,28,0,13542830,g5/12mA/12mA,96,83,0,20
24.459,HR,28,1,13627162,g4/12mA/12mA,96,83,0,20
24.459,HR,28,2,11662628,g4/12mA/12mA,96,83,0,20
24.459,HR,28,3,13072187,g4/12mA/12mA,96,83,0,20
24.459,HR,29,0,13542242,g5/12mA/12mA,96,83,0,20
24.459,HR,29,1,13626055,g4/12mA/12mA,96,83,0,20
24.459,HR,29,2,11661905,g4/12mA/12mA,96,83,0,20
24.459,HR,29,3,13071769,g4/12mA/12mA,96,83,0,20
24.486,HR,36,0,13540399,g5/12mA/12mA,96,83,0,20
24.486,HR,36,1,13625559,g4/12mA/12mA,96,83,0,20
24.486,HR,36,2,11661589,g4/12mA/12mA,96,83,0,20
24.486,HR,36,3,13071138,g4/12mA/12mA,96,83,0,20
24.487,HRV,3,0,13541884,g5/12mA/12mA,96,83,0,20
24.487,HRV,3,1,13626146,g4/12mA/12mA,96,83,0,20
24.487,HRV,3,2,11661894,g4/12mA/12mA,96,83,0,20
24.487,HRV,3,3,13071444,g4/12mA/12mA,96,83,0,20
24.487,HRV,4,0,13542465,g5/12mA/12mA,96,83,0,20
24.487,HRV,4,1,13626907,g4/12mA/12mA,96,83,0,20
24.487,HRV,4,2,11662510,g4/12mA/12mA,96,83,0,20
24.487,HRV,4,3,13072050,g4/12mA/12mA,96,83,0,20
24.487,HRV,5,0,13543914,g5/12mA/12mA,96,83,0,20
24.487,HRV,5,1,13628143,g4/12mA/12mA,96,83,0,20
24.487,HRV,5,2,11663645,g4/12mA/12mA,96,83,0,20
24.487,HRV,5,3,13072896,g4/12mA/12mA,96,83,0,20
24.487,HRV,6,0,13543343,g5/12mA/12mA,96,83,0,20
24.487,HRV,6,1,13627546,g4/12mA/12mA,96,83,0,20
24.487,HRV,6,2,11662961,g4/12mA/12mA,96,83,0,20
24.487,HRV,6,3,13072735,g4/12mA/12mA,96,83,0,20
24.487,HRV,7,0,13542371,g5/12mA/12mA,96,83,0,20
24.487,HRV,7,1,13627215,g4/12mA/12mA,96,83,0,20
24.487,HRV,7,2,11662347,g4/12mA/12mA,96,83,0,20
24.487,HRV,7,3,13072453,g4/12mA/12mA,96,83,0,20
24.518,HRV,14,0,13541927,g5/12mA/12mA,96,83,0,20
24.518,HRV,14,1,13626719,g4/12mA/12mA,96,83,0,20
24.518,HRV,14,2,11661981,g4/12mA/12mA,96,83,0,20
24.518,HRV,14,3,13071906,g4/12mA/12mA,96,83,0,20
24.518,HRV,15,0,13542295,g5/12mA/12mA,96,83,0,20
24.518,HRV,15,1,13626710,g4/12mA/12mA,96,83,0,20
24.518,HRV,15,2,11662151,g4/12mA/12mA,96,83,0,20
24.518,HRV,15,3,13072084,g4/12mA/12mA,96,83,0,20
24.518,HRV,16,0,13542976,g5/12mA/12mA,96,83,0,20
24.518,HRV,16,1,13627223,g4/12mA/12mA,96,83,0,20
24.518,HRV,16,2,11662801,g4/12mA/12mA,96,83,0,20
24.518,HRV,16,3,13072400,g4/12mA/12mA,96,83,0,20
24.518,HRV,17,0,13542907,g5/12mA/12mA,96,83,0,20
24.518,HRV,17,1,13627087,g4/12mA/12mA,96,83,0,20
24.518,HRV,17,2,11662433,g4/12mA/12mA,96,83,0,20
24.518,HRV,17,3,13072222,g4/12mA/12mA,96,83,0,20
24.518,HRV,18,0,13544093,g5/12mA/12mA,96,83,0,20
24.518,HRV,18,1,13628152,g4/12mA/12mA,96,83,0,20
24.518,HRV,18,2,11663252,g4/12mA/12mA,96,83,0,20
24.518,HRV,18,3,13072939,g4/12mA/12mA,96,83,0,20
24.518,HRV,19,0,13542054,g5/12mA/12mA,96,83,0,20
24.518,HRV,19,1,13626839,g4/12mA/12mA,96,83,0,20
24.518,HRV,19,2,11662347,g4/12mA/12mA,96,83,0,20
24.518,HRV,19,3,13071949,g4/12mA/12mA,96,83,0,20
24.542,HRV,25,0,13542841,g5/12mA/12mA,96,83,0,20
24.542,HRV,25,1,13627273,g4/12mA/12mA,96,83,0,20
24.542,HRV,25,2,11662467,g4/12mA/12mA,96,83,0,20
24.542,HRV,25,3,13072400,g4/12mA/12mA,96,83,0,20
24.542,HRV,26,0,13542635,g5/12mA/12mA,96,83,0,20
24.542,HRV,26,1,13626763,g4/12mA/12mA,96,83,0,20
24.542,HRV,26,2,11662349,g4/12mA/12mA,96,83,0,20
24.542,HRV,26,3,13072016,g4/12mA/12mA,96,83,0,20
24.542,HRV,27,0,13540570,g5/12mA/12mA,96,83,0,20
24.542,HRV,27,1,13625857,g4/12mA/12mA,96,83,0,20
24.542,HRV,27,2,11661255,g4/12mA/12mA,96,83,0,20
24.542,HRV,27,3,13071061,g4/12mA/12mA,96,83,0,20
24.542,HRV,28,0,13542830,g5/12mA/12mA,96,83,0,20
24.542,HRV,28,1,13627162,g4/12mA/12mA,96,83,0,20
24.542,HRV,28,2,11662628,g4/12mA/12mA,96,83,0,20
24.542,HRV,28,3,13072187,g4/12mA/12mA,96,83,0,20
24.542,HRV,29,0,13542242,g5/12mA/12mA,96,83,0,20
24.542,HRV,29,1,13626055,g4/12mA/12mA,96,83,0,20
24.542,HRV,29,2,11661905,g4/12mA/12mA,96,83,0,20
24.542,HRV,29,3,13071769,g4/12mA/12mA,96,83,0,20
24.578,HRV,30,0,13541620,g5/12mA/12mA,96,83,0,20
24.578,HRV,30,1,13626669,g4/12mA/12mA,96,83,0,20
24.578,HRV,30,2,11662134,g4/12mA/12mA,96,83,0,20
24.578,HRV,30,3,13071573,g4/12mA/12mA,96,83,0,20
24.578,HRV,31,0,13542098,g5/12mA/12mA,96,83,0,20
24.578,HRV,31,1,13626787,g4/12mA/12mA,96,83,0,20
24.578,HRV,31,2,11661997,g4/12mA/12mA,96,83,0,20
24.578,HRV,31,3,13072042,g4/12mA/12mA,96,83,0,20
24.578,HRV,32,0,13543274,g5/12mA/12mA,96,83,0,20
24.578,HRV,32,1,13627478,g4/12mA/12mA,96,83,0,20
24.578,HRV,32,2,11662697,g4/12mA/12mA,96,83,0,20
24.578,HRV,32,3,13072478,g4/12mA/12mA,96,83,0,20
24.578,HRV,33,0,13543173,g5/12mA/12mA,96,83,0,20
24.578,HRV,33,1,13627452,g4/12mA/12mA,96,83,0,20
24.578,HRV,33,2,11662782,g4/12mA/12mA,96,83,0,20
24.578,HRV,33,3,13072521,g4/12mA/12mA,96,83,0,20
24.578,HRV,34,0,13541493,g5/12mA/12mA,96,83,0,20
24.579,HRV,34,1,13626052,g4/12mA/12mA,96,83,0,20
24.579,HRV,34,2,11661845,g4/12mA/12mA,96,83,0,20
24.579,HRV,34,3,13071447,g4/12mA/12mA,96,83,0,20
24.579,HRV,35,0,13541791,g5/12mA/12mA,96,83,0,20
24.579,HRV,35,1,13626669,g4/12mA/12mA,96,83,0,20
24.579,HRV,35,2,11662048,g4/12mA/12mA,96,83,0,20
24.579,HRV,35,3,13071899,g4/12mA/12mA,96,83,0,20
24.579,HRV,36,0,13540399,g5/12mA/12mA,96,83,0,20
24.579,HRV,36,1,13625559,g4/12mA/12mA,96,83,0,20
24.579,HRV,36,2,11661589,g4/12mA/12mA,96,83,0,20
24.579,HRV,36,3,13071138,g4/12mA/12mA,96,83,0,20
24.607,SPO2,10,0,13019124,g1/73mA/0mA,96,83,0,20
24.607,SPO2,10,1,13270062,g1/36mA/0mA,96,83,0,20
24.607,SPO2,11,0,13018775,g1/73mA/0mA,96,83,0,20
24.607,SPO2,11,1,13270238,g1/36mA/0mA,96,83,0,20
24.607,SPO2,12,0,13017381,g1/73mA/0mA,96,83,0,20
24.607,SPO2,12,1,13269263,g1/36mA/0mA,96,83,0,20
24.607,SPO2,13,0,13019508,g1/73mA/0mA,96,83,0,20
24.607,SPO2,13,1,13270618,g1/36mA/0mA,96,83,0,20
24.607,SPO2,14,0,13018399,g1/73mA/0mA,96,83,0,20
24.607,SPO2,14,1,13269875,g1/36mA/0mA,96,83,0,20
24.607,SPO2,15,0,13018985,g1/73mA/0mA,96,83,0,20
24.607,SPO2,15,1,13270205,g1/36mA/0mA,96,83,0,20
24.607,SPO2,16,0,13019300,g1/73mA/0mA,96,83,0,20
24.607,SPO2,16,1,13270513,g1/36mA/0mA,96,83,0,20
24.607,SPO2,17,0,13019325,g1/73mA/0mA,96,83,0,20
24.607,SPO2,17,1,13270690,g1/36mA/0mA,96,83,0,20
24.608,SPO2,31,0,13019699,g1/73mA/0mA,96,83,0,20
24.608,SPO2,31,1,13271391,g1/36mA/0mA,96,83,0,20
24.608,SPO2,32,0,13020578,g1/73mA/0mA,96,83,0,20
24.608,SPO2,32,1,13271833,g1/36mA/0mA,96,83,0,20
24.608,SPO2,33,0,13020454,g1/73mA/0mA,96,83,0,20
24.608,SPO2,33,1,13271926,g1/36mA/0mA,96,83,0,20
24.608,SPO2,34,0,13018699,g1/73mA/0mA,96,83,0,20
24.608,SPO2,34,1,13270568,g1/36mA/0mA,96,83,0,20
24.608,SPO2,35,0,13018787,g1/73mA/0mA,96,83,0,20
24.608,SPO2,35,1,13270488,g1/36mA/0mA,96,83,0,20
24.638,HRV,37,0,13540605,g5/12mA/12mA,96,83,0,20
24.638,HRV,37,1,13625738,g4/12mA/12mA,96,83,0,20
24.638,HRV,37,2,11661435,g4/12mA/12mA,96,83,0,20
24.638,HRV,37,3,13071301,g4/12mA/12mA,96,83,0,20
24.638,HRV,38,0,13544058,g5/12mA/12mA,96,83,0,20
24.638,HRV,38,1,13627785,g4/12mA/12mA,96,83,0,20
24.638,HRV,38,2,11663235,g4/12mA/12mA,96,83,0,20
24.638,HRV,38,3,13072920,g4/12mA/12mA,96,83,0,20
24.638,HRV,39,0,13543481,g5/12mA/12mA,96,83,0,20
24.638,HRV,39,1,13627649,g4/12mA/12mA,96,83,0,20
24.638,HRV,39,2,11663166,g4/12mA/12mA,96,83,0,20
24.638,HRV,39,3,13072674,g4/12mA/12mA,96,83,0,20
24.638,HRV,40,0,13540921,g5/12mA/12mA,96,83,0,20
24.638,HRV,40,1,13625773,g4/12mA/12mA,96,83,0,20
24.638,HRV,40,2,11661810,g4/12mA/12mA,96,83,0,20
24.638,HRV,40,3,13071162,g4/12mA/12mA,96,83,0,20
24.638,HRV,41,0,13542499,g5/12mA/12mA,96,83,0,20
24.638,HRV,41,1,13626822,g4/12mA/12mA,96,83,0,20
24.638,HRV,41,2,11662509,g4/12mA/12mA,96,83,0,20
24.638,HRV,41,3,13072178,g4/12mA/12mA,96,83,0,20
24.638,HRV,42,0,13542609,g5/12mA/12mA,96,83,0,20
24.638,HRV,42,1,13626839,g4/12mA/12mA,96,83,0,20
24.638,HRV,42,2,11662467,g4/12mA/12mA,96,83,0,20
24.638,HRV,42,3,13072069,g4/12mA/12mA,96,83,0,20
24.639,HRV,43,0,13541945,g5/12mA/12mA,96,83,0,20
24.639,HRV,43,1,13626729,g4/12mA/12mA,96,83,0,20
24.639,HRV,43,2,11662151,g4/12mA/12mA,96,83,0,20
24.639,HRV,43,3,13071949,g4/12mA/12mA,96,83,0,20
24.639,HRV,44,0,13542208,g5/12mA/12mA,96,83,0,20
24.639,HRV,44,1,13626701,g4/12mA/12mA,96,83,0,20
24.639,HRV,44,2,11662229,g4/12mA/12mA,96,83,0,20
24.639,HRV,44,3,13071805,g4/12mA/12mA,96,83,0,20
24.639,HRV,45,0,13541237,g5/12mA/12mA,96,83,0,20
24.639,HRV,45,1,13626514,g4/12mA/12mA,96,83,0,20
24.639,HRV,45,2,11661708,g4/12mA/12mA,96,83,0,20
24.639,HRV,45,3,13071478,g4/12mA/12mA,96,83,0,20
24.639,HRV,46,0,13540792,g5/12mA/12mA,96,83,0,20
24.639,HRV,46,1,13626027,g4/12mA/12mA,96,83,0,20
24.639,HRV,46,2,11661581,g4/12mA/12mA,96,83,0,20
24.639,HRV,46,3,13071138,g4/12mA/12mA,96,83,0,20
24.639,HRV,47,0,13539588,g5/12mA/12mA,96,83,0,20
24.639,HRV,47,1,13625013,g4/12mA/12mA,96,83,0,20
24.639,HRV,47,2,11660512,g4/12mA/12mA,96,83,0,20
24.639,HRV,47,3,13070225,g4/12mA/12mA,96,83,0,20
24.666,SPO2,43,0,13018527,g1/73mA/0mA,96,83,0,20
24.666,SPO2,43,1,13270225,g1/36mA/0mA,96,83,0,20
24.666,SPO2,44,0,13018414,g1/73mA/0mA,96,83,0,20
24.666,SPO2,44,1,13270106,g1/36mA/0mA,96,83,0,20
24.666,SPO2,45,0,13017413,g1/73mA/0mA,96,83,0,20
24.666,SPO2,45,1,13269235,g1/36mA/0mA,96,83,0,20
24.666,SPO2,46,0,13016921,g1/73mA/0mA,96,83,0,20
24.666,SPO2,46,1,13268852,g1/36mA/0mA,96,83,0,20
24.666,SPO2,47,0,13015801,g1/73mA/0mA,96,83,0,20
24.666,SPO2,47,1,13268438,g1/36mA/0mA,96,83,0,20
26.917,HR,48,0,13538959,g5/12mA/12mA,96,83,0,20
26.917,HR,48,1,13624500,g4/12mA/12mA,96,83,0,20
26.917,HR,48,2,11660095,g4/12mA/12mA,96,83,0,20
26.917,HR,48,3,13069790,g4/12mA/12mA,96,83,0,20
26.917,HR,49,0,13538089,g5/12mA/12mA,96,83,0,20
26.917,HR,49,1,13624185,g4/12mA/12mA,96,83,0,20
26.917,HR,49,2,11660343,g4/12mA/12mA,96,83,0,20
26.917,HR,49,3,13069738,g4/12mA/12mA,96,83,0,20
26.917,HR,50,0,13537875,g5/12mA/12mA,95,88,0,20
26.917,HR,50,1,13623861,g4/12mA/12mA,95,88,0,20
26.917,HR,50,2,11659694,g4/12mA/12mA,95,88,0,20
26.917,HR,50,3,13069245,g4/12mA/12mA,95,88,0,20
26.917,HR,51,0,13537840,g5/12mA/12mA,95,88,0,20
26.917,HR,51,1,13623861,g4/12mA/12mA,95,88,0,20
26.917,HR,51,2,11659891,g4/12mA/12mA,95,88,0,20
26.917,HR,51,3,13069577,g4/12mA/12mA,95,88,0,20
26.917,HR,52,0,13537626,g5/12mA/12mA,95,88,0,20
26.917,HR,52,1,13623623,g4/12mA/12mA,95,88,0,20
26.917,HR,52,2,11660035,g4/12mA/12mA,95,88,0,20
26.917,HR,52,3,13069176,g4/12mA/12mA,95,88,0,20
26.947,HR,53,0,13537524,g5/12mA/12mA,95,88,0,20
26.947,HR,53,1,13623741,g4/12mA/12mA,95,88,0,20
26.947,HR,53,2,11659898,g4/12mA/12mA,95,88,0,20
26.947,HR,53,3,13069142,g4/12mA/12mA,95,88,0,20
26.947,HR,54,0,13541065,g5/12mA/12mA,95,88,0,20
26.947,HR,54,1,13626350,g4/12mA/12mA,95,88,0,20
26.947,HR,54,2,11661708,g4/12mA/12mA,95,88,0,20
26.947,HR,54,3,13071316,g4/12mA/12mA,95,88,0,20
26.947,HR,55,0,13538684,g5/12mA/12mA,95,88,0,20
26.947,HR,55,1,13624611,g4/12mA/12mA,95,88,0,20
26.947,HR,55,2,11660554,g4/12mA/12mA,95,88,0,20
26.947,HR,55,3,13070062,g4/12mA/12mA,95,88,0,20
26.947,HR,56,0,13536304,g5/12mA/12mA,95,88,0,20
26.947,HR,56,1,13623024,g4/12mA/12mA,95,88,0,20
26.947,HR,56,2,11659138,g4/12mA/12mA,95,88,0,20
26.947,HR,56,3,13068774,g4/12mA/12mA,95,88,0,20
26.947,HR,57,0,13537149,g5/12mA/12mA,95,88,0,20
26.947,HR,57,1,13623879,g4/12mA/12mA,95,88,0,20
26.947,HR,57,2,11659907,g4/12mA/12mA,95,88,0,20
26.947,HR,57,3,13069422,g4/12mA/12mA,95,88,0,20
26.947,HR,58,0,13538062,g5/12mA/12mA,95,88,0,20
26.947,HR,58,1,13623937,g4/12mA/12mA,95,88,0,20
26.947,HR,58,2,11660061,g4/12mA/12mA,95,88,0,20
26.947,HR,58,3,13069457,g4/12mA/12mA,95,88,0,20
26.972,HR,59,0,13538115,g5/12mA/12mA,95,88,0,20
26.972,HR,59,1,13624527,g4/12mA/12mA,95,88,0,20
26.972,HR,59,2,11660042,g4/12mA/12mA,95,88,0,20
26.972,HR,59,3,13069848,g4/12mA/12mA,95,88,0,20
26.972,HR,60,0,13537720,g5/12mA/12mA,95,88,0,20
26.972,HR,60,1,13624075,g4/12mA/12mA,95,88,0,20
26.972,HR,60,2,11659993,g4/12mA/12mA,95,88,0,20
26.972,HR,60,3,13069535,g4/12mA/12mA,95,88,0,20
26.972,HR,61,0,13537705,g5/12mA/12mA,95,88,0,20
26.972,HR,61,1,13624023,g4/12mA/12mA,95,88,0,20
26.972,HR,61,2,11659797,g4/12mA/12mA,95,88,0,20
26.972,HR,61,3,13069542,g4/12mA/12mA,95,88,0,20
26.972,HR,62,0,13536775,g5/12mA/12mA,95,88,0,20
26.972,HR,62,1,13623417,g4/12mA/12mA,95,88,0,20
26.972,HR,62,2,11659198,g4/12mA/12mA,95,88,0,20
26.972,HR,62,3,13068962,g4/12mA/12mA,95,88,0,20
26.972,HR,63,0,13537243,g5/12mA/12mA,95,88,0,20
26.972,HR,63,1,13623708,g4/12mA/12mA,95,88,0,20
26.972,HR,63,2,11659653,g4/12mA/12mA,95,88,0,20
26.972,HR,63,3,13069134,g4/12mA/12mA,95,88,0,20
26.972,HR,64,0,13536534,g5/12mA/12mA,95,88,0,20
26.972,HR,64,1,13623588,g4/12mA/12mA,95,88,0,20
26.972,HR,64,2,11659514,g4/12mA/12mA,95,88,0,20
26.972,HR,64,3,13068852,g4/12mA/12mA,95,88,0,20
27.038,HR,65,0,13537064,g5/12mA/12mA,95,88,0,20
27.038,HR,65,1,13623581,g4/12mA/12mA,95,88,0,20
27.038,HR,65,2,11659720,g4/12mA/12mA,95,88,0,20
27.038,HR,65,3,13069192,g4/12mA/12mA,95,88,0,20
27.038,HR,66,0,13537705,g5/12mA/12mA,95,88,0,20
27.038,HR,66,1,13624167,g4/12mA/12mA,95,88,0,20
27.038,HR,66,2,11660010,g4/12mA/12mA,95,88,0,20
27.038,HR,66,3,13069679,g4/12mA/12mA,95,88,0,20
27.038,HR,67,0,13537762,g5/12mA/12mA,95,88,0,20
27.039,HR,67,1,13624006,g4/12mA/12mA,95,88,0,20
27.039,HR,67,2,11659823,g4/12mA/12mA,95,88,0,20
27.039,HR,67,3,13069517,g4/12mA/12mA,95,88,0,20
27.039,HR,68,0,13536031,g5/12mA/12mA,95,88,0,20
27.039,HR,68,1,13622624,g4/12mA/12mA,95,88,0,20
27.039,HR,68,2,11658663,g4/12mA/12mA,95,88,0,20
27.039,HR,68,3,13068458,g4/12mA/12mA,95,88,0,20
27.039,HR,69,0,13537696,g5/12mA/12mA,95,88,0,20
27.039,HR,69,1,13624090,g4/12mA/12mA,95,88,0,20
27.039,HR,69,2,11660027,g4/12mA/12mA,95,88,0,20
27.039,HR,69,3,13069697,g4/12mA/12mA,95,88,0,20
27.039,HR,70,0,13536824,g5/12mA/12mA,95,88,0,20
27.039,HR,70,1,13622931,g4/12mA/12mA,95,88,0,20
27.039,HR,70,2,11659336,g4/12mA/12mA,95,88,0,20
27.039,HR,70,3,13068945,g4/12mA/12mA,95,88,0,20
27.060,HR,71,0,13537498,g5/12mA/12mA,95,88,0,20
27.060,HR,71,1,13623921,g4/12mA/12mA,95,88,0,20
27.060,HR,71,2,11659762,g4/12mA/12mA,95,88,0,20
27.060,HR,71,3,13069526,g4/12mA/12mA,95,88,0,20
27.060,HR,72,0,13536850,g5/12mA/12mA,95,88,0,20
27.060,HR,72,1,13623375,g4/12mA/12mA,95,88,0,20
27.060,HR,72,2,11659454,g4/12mA/12mA,95,88,0,20
27.060,HR,72,3,13069030,g4/12mA/12mA,95,88,0,20
27.061,HR,73,0,13537226,g5/12mA/12mA,95,88,0,20
27.061,HR,73,1,13623588,g4/12mA/12mA,95,88,0,20
27.061,HR,73,2,11659668,g4/12mA/12mA,95,88,0,20
27.061,HR,73,3,13069287,g4/12mA/12mA,95,88,0,20
27.061,HR,74,0,13536688,g5/12mA/12mA,95,88,0,20
27.061,HR,74,1,13623928,g4/12mA/12mA,95,88,0,20
27.061,HR,74,2,11659651,g4/12mA/12mA,95,88,0,20
27.061,HR,74,3,13069090,g4/12mA/12mA,95,88,0,20
27.061,HR,75,0,13538669,g5/12mA/12mA,94,86,0,20
27.061,HR,75,1,13624628,g4/12mA/12mA,94,86,0,20
27.061,HR,75,2,11660436,g4/12mA/12mA,94,86,0,20
27.061,HR,75,3,13069953,g4/12mA/12mA,94,86,0,20
27.066,HR,76,0,13537942,g5/12mA/12mA,94,86,0,20
27.066,HR,76,1,13623903,g4/12mA/12mA,94,86,0,20
27.066,HR,76,2,11660061,g4/12mA/12mA,94,86,0,20
27.066,HR,76,3,13069704,g4/12mA/12mA,94,86,0,20
27.066,HR,77,0,13536484,g5/12mA/12mA,94,86,0,20
27.066,HR,77,1,13623051,g4/12mA/12mA,94,86,0,20
27.066,HR,77,2,11659122,g4/12mA/12mA,94,86,0,20
27.066,HR,77,3,13068699,g4/12mA/12mA,94,86,0,20
27.066,HR,78,0,13536646,g5/12mA/12mA,94,86,0,20
27.066,HR,78,1,13623084,g4/12mA/12mA,94,86,0,20
27.066,HR,78,2,11659378,g4/12mA/12mA,94,86,0,20
27.066,HR,78,3,13068928,g4/12mA/12mA,94,86,0,20
27.066,HR,79,0,13538796,g5/12mA/12mA,94,86,0,20
27.066,HR,79,1,13624757,g4/12mA/12mA,94,86,0,20
27.066,HR,79,2,11660667,g4/12mA/12mA,94,86,0,20
27.066,HR,79,3,13070190,g4/12mA/12mA,94,86,0,20
27.066,HR,80,0,13538251,g5/12mA/12mA,94,86,0,20
27.066,HR,80,1,13624775,g4/12mA/12mA,94,86,0,20
27.066,HR,80,2,11660376,g4/12mA/12mA,94,86,0,20
27.066,HR,80,3,13070190,g4/12mA/12mA,94,86,0,20
27.066,HR,81,0,13538277,g5/12mA/12mA,94,86,0,20
27.066,HR,81,1,13624057,g4/12mA/12mA,94,86,0,20
27.066,HR,81,2,11660275,g4/12mA/12mA,94,86,0,20
27.066,HR,81,3,13069799,g4/12mA/12mA,94,86,0,20
27.095,HRV,59,0,13538115,g5/12mA/12mA,94,86,0,20
27.095,HRV,59,1,13624527,g4/12mA/12mA,94,86,0,20
27.095,HRV,59,2,11660042,g4/12mA/12mA,94,86,0,20
27.095,HRV,59,3,13069848,g4/12mA/12mA,94,86,0,20
27.095,HRV,60,0,13537720,g5/12mA/12mA,94,86,0,20
27.095,HRV,60,1,13624075,g4/12mA/12mA,94,86,0,20
27.095,HRV,60,2,11659993,g4/12mA/12mA,94,86,0,20
27.095,HRV,60,3,13069535,g4/12mA/12mA,94,86,0,20
27.095,HRV,61,0,13537705,g5/12mA/12mA,94,86,0,20
27.095,HRV,61,1,13624023,g4/12mA/12mA,94,86,0,20
27.095,HRV,61,2,11659797,g4/12mA/12mA,94,86,0,20
27.095,HRV,61,3,13069542,g4/12mA/12mA,94,86,0,20
27.095,HRV,62,0,13536775,g5/12mA/12mA,94,86,0,20
27.095,HRV,62,1,13623417,g4/12mA/12mA,94,86,0,20
27.095,HRV,62,2,11659198,g4/12mA/12mA,94,86,0,20
27.095,HRV,62,3,13068962,g4/12mA/12mA,94,86,0,20
27.095,HRV,63,0,13537243,g5/12mA/12mA,94,86,0,20
27.095,HRV,63,1,13623708,g4/12mA/12mA,94,86,0,20
27.095,HRV,63,2,11659653,g4/12mA/12mA,94,86,0,20
27.095,HRV,63,3,13069134,g4/12mA/12mA,94,86,0,20
27.095,HRV,64,0,13536534,g5/12mA/12mA,94,86,0,20
27.095,HRV,64,1,13623588,g4/12mA/12mA,94,86,0,20
27.095,HRV,64,2,11659514,g4/12mA/12mA,94,86,0,20
27.095,HRV,64,3,13068852,g4/12mA/12mA,94,86,0,20
27.096,HRV,71,0,13537498,g5/12mA/12mA,94,86,0,20
27.096,HRV,71,1,13623921,g4/12mA/12mA,94,86,0,20
27.096,HRV,71,2,11659762,g4/12mA/12mA,94,86,0,20
27.096,HRV,71,3,13069526,g4/12mA/12mA,94,86,0,20
27.096,HRV,72,0,13536850,g5/12mA/12mA,94,86,0,20
27.096,HRV,72,1,13623375,g4/12mA/12mA,94,86,0,20
27.096,HRV,72,2,11659454,g4/12mA/12mA,94,86,0,20
27.096,HRV,72,3,13069030,g4/12mA/12mA,94,86,0,20
27.096,HRV,73,0,13537226,g5/12mA/12mA,94,86,0,20
27.096,HRV,73,1,13623588,g4/12mA/12mA,94,86,0,20
27.096,HRV,73,2,11659668,g4/12mA/12mA,94,86,0,20
27.096,HRV,73,3,13069287,g4/12mA/12mA,94,86,0,20
27.096,HRV,74,0,13536688,g5/12mA/12mA,94,86,0,20
27.096,HRV,74,1,13623928,g4/12mA/12mA,94,86,0,20
27.096,HRV,74,2,11659651,g4/12mA/12mA,94,86,0,20
27.096,HRV,74,3,13069090,g4/12mA/12mA,94,86,0,20
27.096,HRV,75,0,13538669,g5/12mA/12mA,94,86,0,20
27.096,HRV,75,1,13624628,g4/12mA/12mA,94,86,0,20
27.096,HRV,75,2,11660436,g4/12mA/12mA,94,86,0,20
27.096,HRV,75,3,13069953,g4/12mA/12mA,94,86,0,20
27.126,SPO2,48,0,13015966,g1/73mA/0mA,94,86,0,20
27.126,SPO2,48,1,13268776,g1/36mA/0mA,94,86,0,20
27.126,SPO2,49,0,13015500,g1/73mA/0mA,94,86,0,20
27.126,SPO2,49,1,13268385,g1/36mA/0mA,94,86,0,20
27.126,SPO2,50,0,13015065,g1/73mA/0mA,94,86,0,19
27.126,SPO2,50,1,13268249,g1/36mA/0mA,94,86,0,19
27.126,SPO2,51,0,13015319,g1/73mA/0mA,94,86,0,19
27.126,SPO2,51,1,13268423,g1/36mA/0mA,94,86,0,19
27.126,SPO2,52,0,13014738,g1/73mA/0mA,94,86,0,19
27.126,SPO2,52,1,13267389,g1/36mA/0mA,94,86,0,19
27.126,SPO2,53,0,13014972,g1/73mA/0mA,94,86,0,19
27.126,SPO2,53,1,13267960,g1/36mA/0mA,94,86,0,19
27.153,SPO2,54,0,13017567,g1/73mA/0mA,94,86,0,19
27.153,SPO2,54,1,13268967,g1/36mA/0mA,94,86,0,19
27.153,SPO2,55,0,13015185,g1/73mA/0mA,94,86,0,19
27.153,SPO2,55,1,13267402,g1/36mA/0mA,94,86,0,19
27.153,SPO2,56,0,13013752,g1/73mA/0mA,94,86,0,19
27.153,SPO2,56,1,13267053,g1/36mA/0mA,94,86,0,19
27.153,SPO2,57,0,13015155,g1/73mA/0mA,94,86,0,19
27.153,SPO2,57,1,13268213,g1/36mA/0mA,94,86,0,19
27.153,SPO2,58,0,13015522,g1/73mA/0mA,94,86,0,19
27.154,SPO2,58,1,13268547,g1/36mA/0mA,94,86,0,19
27.154,SPO2,59,0,13015863,g1/73mA/0mA,94,86,0,19
27.154,SPO2,59,1,13268802,g1/36mA/0mA,94,86,0,19
27.154,SPO2,60,0,13015062,g1/73mA/0mA,94,86,0,19
27.154,SPO2,60,1,13268039,g1/36mA/0mA,94,86,0,19
27.154,SPO2,61,0,13014998,g1/73mA/0mA,94,86,0,19
27.154,SPO2,61,1,13267606,g1/36mA/0mA,94,86,0,19
27.157,SPO2,75,0,13015729,g1/73mA/0mA,94,86,0,19
27.157,SPO2,75,1,13268151,g1/36mA/0mA,94,86,0,19
27.157,SPO2,76,0,13015201,g1/73mA/0mA,94,86,0,19
27.157,SPO2,76,1,13267786,g1/36mA/0mA,94,86,0,19
27.157,SPO2,77,0,13013541,g1/73mA/0mA,94,86,0,19
27.157,SPO2,77,1,13266705,g1/36mA/0mA,94,86,0,19
27.157,SPO2,78,0,13014264,g1/73mA/0mA,94,86,0,19
27.157,SPO2,78,1,13267699,g1/36mA/0mA,94,86,0,19
27.157,SPO2,79,0,13016458,g1/73mA/0mA,94,86,0,19
27.157,SPO2,79,1,13269082,g1/36mA/0mA,94,86,0,19
27.157,SPO2,80,0,13015605,g1/73mA/0mA,94,86,0,19
27.157,SPO2,80,1,13267920,g1/36mA/0mA,94,86,0,19
27.187,HR,88,0,13537508,g5/12mA/12mA,94,86,0,19
27.187,HR,88,1,13623470,g4/12mA/12mA,94,86,0,19
27.187,HR,88,2,11659764,g4/12mA/12mA,94,86,0,19
27.187,HR,88,3,13069084,g4/12mA/12mA,94,86,0,19
27.187,HR,89,0,13539941,g5/12mA/12mA,94,86,0,19
27.187,HR,89,1,13625031,g4/12mA/12mA,94,86,0,19
27.187,HR,89,2,11661240,g4/12mA/12mA,94,86,0,19
27.187,HR,89,3,13070398,g4/12mA/12mA,94,86,0,19
27.187,HR,90,0,13538781,g5/12mA/12mA,94,86,0,19
27.187,HR,90,1,13624136,g4/12mA/12mA,94,86,0,19
27.187,HR,90,2,11660122,g4/12mA/12mA,94,86,0,19
27.187,HR,90,3,13069604,g4/12mA/12mA,94,86,0,19
27.187,HR,91,0,13539285,g5/12mA/12mA,94,86,0,19
27.187,HR,91,1,13624638,g4/12mA/12mA,94,86,0,19
27.187,HR,91,2,11660983,g4/12mA/12mA,94,86,0,19
27.187,HR,91,3,13070251,g4/12mA/12mA,94,86,0,19
27.187,HR,92,0,13539880,g5/12mA/12mA,94,86,0,19
27.187,HR,92,1,13625056,g4/12mA/12mA,94,86,0,19
27.187,HR,92,2,11661085,g4/12mA/12mA,94,86,0,19
27.189,HR,92,3,13070304,g4/12mA/12mA,94,86,0,19
27.189,HR,93,0,13539700,g5/12mA/12mA,94,86,0,19
27.189,HR,93,1,13624768,g4/12mA/12mA,94,86,0,19
27.189,HR,93,2,11661135,g4/12mA/12mA,94,86,0,19
27.189,HR,93,3,13070525,g4/12mA/12mA,94,86,0,19
27.215,HR,94,0,13541432,g5/12mA/12mA,94,86,0,19
27.215,HR,94,1,13626455,g4/12mA/12mA,94,86,0,19
27.215,HR,94,2,11662109,g4/12mA/12mA,94,86,0,19
27.215,HR,94,3,13071607,g4/12mA/12mA,94,86,0,19
27.215,HR,95,0,13541090,g5/12mA/12mA,94,86,0,19
27.215,HR,95,1,13625968,g4/12mA/12mA,94,86,0,19
27.215,HR,95,2,11661792,g4/12mA/12mA,94,86,0,19
27.215,HR,95,3,13071181,g4/12mA/12mA,94,86,0,19
27.215,HR,96,0,13539964,g5/12mA/12mA,94,86,0,19
27.215,HR,96,1,13625303,g4/12mA/12mA,94,86,0,19
27.215,HR,96,2,11661118,g4/12mA/12mA,94,86,0,19
27.215,HR,96,3,13070516,g4/12mA/12mA,94,86,0,19
27.215,HR,97,0,13539742,g5/12mA/12mA,94,86,0,19
27.215,HR,97,1,13625464,g4/12mA/12mA,94,86,0,19
27.215,HR,97,2,11661273,g4/12mA/12mA,94,86,0,19
27.215,HR,97,3,13070754,g4/12mA/12mA,94,86,0,19
27.215,HR,98,0,13540724,g5/12mA/12mA,94,86,0,19
27.215,HR,98,1,13625781,g4/12mA/12mA,94,86,0,19
27.215,HR,98,2,11661461,g4/12mA/12mA,94,86,0,19
27.215,HR,98,3,13071071,g4/12mA/12mA,94,86,0,19
27.215,HR,99,0,13539155,g5/12mA/12mA,94,86,0,19
27.215,HR,99,1,13624994,g4/12mA/12mA,94,86,0,19
27.215,HR,99,2,11660650,g4/12mA/12mA,94,86,0,19
27.215,HR,99,3,13070174,g4/12mA/12mA,94,86,0,19
27.216,HRV,82,0,13537030,g5/12mA/12mA,94,86,0,19
27.216,HRV,82,1,13623623,g4/12mA/12mA,94,86,0,19
27.216,HRV,82,2,11659651,g4/12mA/12mA,94,86,0,19
27.216,HRV,82,3,13069305,g4/12mA/12mA,94,86,0,19
27.216,HRV,83,0,13537107,g5/12mA/12mA,94,86,0,19
27.216,HRV,83,1,13623544,g4/12mA/12mA,94,86,0,19
27.216,HRV,83,2,11659480,g4/12mA/12mA,94,86,0,19
27.216,HRV,83,3,13068996,g4/12mA/12mA,94,86,0,19
27.216,HRV,84,0,13537976,g5/12mA/12mA,94,86,0,19
27.216,HRV,84,1,13624090,g4/12mA/12mA,94,86,0,19
27.216,HRV,84,2,11660086,g4/12mA/12mA,94,86,0,19
27.216,HRV,84,3,13069697,g4/12mA/12mA,94,86,0,19
27.216,HRV,85,0,13538549,g5/12mA/12mA,94,86,0,19
27.216,HRV,85,1,13624391,g4/12mA/12mA,94,86,0,19
27.216,HRV,85,2,11660376,g4/12mA/12mA,94,86,0,19
27.216,HRV,85,3,13069901,g4/12mA/12mA,94,86,0,19
27.216,HRV,86,0,13538282,g5/12mA/12mA,94,86,0,19
27.216,HRV,86,1,13624492,g4/12mA/12mA,94,86,0,19
27.216,HRV,86,2,11660173,g4/12mA/12mA,94,86,0,19
27.216,HRV,86,3,13069602,g4/12mA/12mA,94,86,0,19
27.216,HRV,87,0,13539487,g5/12mA/12mA,94,86,0,19
27.216,HRV,87,1,13625156,g4/12mA/12mA,94,86,0,19
27.216,HRV,87,2,11660820,g4/12mA/12mA,94,86,0,19
27.216,HRV,87,3,13070514,g4/12mA/12mA,94,86,0,19
27.248,HRV,94,0,13541432,g5/12mA/12mA,94,86,0,19
27.248,HRV,94,1,13626455,g4/12mA/12mA,94,86,0,19
27.248,HRV,94,2,11662109,g4/12mA/12mA,94,86,0,19
27.248,HRV,94,3,13071607,g4/12mA/12mA,94,86,0,19
27.248,HRV,95,0,13541090,g5/12mA/12mA,94,86,0,19
27.248,HRV,95,1,13625968,g4/12mA/12mA,94,86,0,19
27.248,HRV,95,2,11661792,g4/12mA/12mA,94,86,0,19
27.248,HRV,95,3,13071181,g4/12mA/12mA,94,86,0,19
27.248,HRV,96,0,13539964,g5/12mA/12mA,94,86,0,19
27.248,HRV,96,1,13625303,g4/12mA/12mA,94,86,0,19
27.248,HRV,96,2,11661118,g4/12mA/12mA,94,86,0,19
27.248,HRV,96,3,13070516,g4/12mA/12mA,94,86,0,19
27.248,HRV,97,0,13539742,g5/12mA/12mA,94,86,0,19
27.248,HRV,97,1,13625464,g4/12mA/12mA,94,86,0,19
27.248,HRV,97,2,11661273,g4/12mA/12mA,94,86,0,19
27.248,HRV,97,3,13070754,g4/12mA/12mA,94,86,0,19
27.248,HRV,98,0,13540724,g5/12mA/12mA,94,86,0,19
27.248,HRV,98,1,13625781,g4/12mA/12mA,94,86,0,19
27.248,HRV,98,2,11661461,g4/12mA/12mA,94,86,0,19
27.248,HRV,98,3,13071071,g4/12mA/12mA,94,86,0,19
27.248,HRV,99,0,13539155,g5/12mA/12mA,94,86,0,19
27.248,HRV,99,1,13624994,g4/12mA/12mA,94,86,0,19
27.248,HRV,99,2,11660650,g4/12mA/12mA,94,86,0,19
27.248,HRV,99,3,13070174,g4/12mA/12mA,94,86,0,19
27.249,HRV,100,0,13539351,g5/12mA/12mA,94,86,0,19
27.249,HRV,100,1,13624953,g4/12mA/12mA,94,86,0,19
27.249,HRV,100,2,11660990,g4/12mA/12mA,94,86,0,19
27.249,HRV,100,3,13070421,g4/12mA/12mA,94,86,0,19
27.249,HRV,101,0,13540273,g5/12mA/12mA,94,86,0,19
27.249,HRV,101,1,13625806,g4/12mA/12mA,94,86,0,19
27.249,HRV,101,2,11661043,g4/12mA/12mA,94,86,0,19
27.249,HRV,101,3,13070856,g4/12mA/12mA,94,86,0,19
27.304,SPO2,88,0,13014393,g1/73mA/0mA,94,86,0,19
27.304,SPO2,88,1,13267231,g1/36mA/0mA,94,86,0,19
27.304,SPO2,89,0,13016491,g1/73mA/0mA,94,86,0,19
27.304,SPO2,89,1,13268366,g1/36mA/0mA,94,86,0,19
27.304,SPO2,90,0,13015712,g1/73mA/0mA,94,86,0,19
27.304,SPO2,90,1,13268065,g1/36mA/0mA,94,86,0,19
27.304,SPO2,91,0,13016112,g1/73mA/0mA,94,86,0,19
27.304,SPO2,91,1,13268377,g1/36mA/0mA,94,86,0,19
27.304,SPO2,92,0,13016924,g1/73mA/0mA,94,86,0,19
27.304,SPO2,92,1,13268996,g1/36mA/0mA,94,86,0,19
27.304,SPO2,93,0,13016436,g1/73mA/0mA,94,86,0,19
27.304,SPO2,93,1,13268609,g1/36mA/0mA,94,86,0,19
27.304,SPO2,94,0,13016955,g1/73mA/0mA,94,86,0,19
27.304,SPO2,94,1,13268767,g1/36mA/0mA,94,86,0,19
27.304,SPO2,95,0,13016317,g1/73mA/0mA,94,86,0,19
27.304,SPO2,95,1,13268165,g1/36mA/0mA,94,86,0,19
27.330,SPO2,96,0,13017088,g1/73mA/0mA,94,86,0,19
27.330,SPO2,96,1,13269315,g1/36mA/0mA,94,86,0,19
27.330,SPO2,97,0,13016952,g1/73mA/0mA,94,86,0,19
27.330,SPO2,97,1,13269346,g1/36mA/0mA,94,86,0,19
27.330,SPO2,98,0,13017712,g1/73mA/0mA,94,86,0,19
27.330,SPO2,98,1,13269597,g1/36mA/0mA,94,86,0,19
27.330,SPO2,99,0,13016159,g1/73mA/0mA,94,86,0,19
27.330,SPO2,99,1,13268779,g1/36mA/0mA,94,86,0,19
27.330,SPO2,100,0,13016800,g1/73mA/0mA,94,86,0,19
27.330,SPO2,100,1,13269489,g1/36mA/0mA,94,86,0,19
27.330,SPO2,101,0,13017649,g1/73mA/0mA,94,86,0,19
27.330,SPO2,101,1,13270047,g1/36mA/0mA,94,86,0,19
28.327,HR,102,0,13541603,g5/12mA/12mA,94,86,0,19
28.327,HR,102,1,13626787,g4/12mA/12mA,94,86,0,19
28.327,HR,102,2,11662219,g4/12mA/12mA,94,86,0,19
28.327,HR,102,3,13071769,g4/12mA/12mA,94,86,0,19
28.327,HR,103,0,13541005,g5/12mA/12mA,94,86,0,19
28.327,HR,103,1,13626002,g4/12mA/12mA,94,86,0,19
28.327,HR,103,2,11661417,g4/12mA/12mA,94,86,0,19
28.327,HR,103,3,13071131,g4/12mA/12mA,94,86,0,19
28.327,HR,104,0,13539597,g5/12mA/12mA,94,86,0,19
28.327,HR,104,1,13624782,g4/12mA/12mA,94,86,0,19
28.327,HR,104,2,11660812,g4/12mA/12mA,94,86,0,19
28.327,HR,104,3,13070447,g4/12mA/12mA,94,86,0,19
28.327,HR,105,0,13539563,g5/12mA/12mA,94,86,0,19
28.327,HR,105,1,13625430,g4/12mA/12mA,94,86,0,19
28.327,HR,105,2,11660889,g4/12mA/12mA,94,86,0,19
28.327,HR,105,3,13070618,g4/12mA/12mA,94,86,0,19
28.327,HR,106,0,13538974,g5/12mA/12mA,94,86,0,19
28.327,HR,106,1,13624670,g4/12mA/12mA,94,86,0,19
28.327,HR,106,2,11660461,g4/12mA/12mA,94,86,0,19
28.327,HR,106,3,13070208,g4/12mA/12mA,94,86,0,19
28.327,HR,107,0,13540374,g5/12mA/12mA,94,86,0,19
28.327,HR,107,1,13625491,g4/12mA/12mA,94,86,0,19
28.327,HR,107,2,11661341,g4/12mA/12mA,94,86,0,19
28.327,HR,107,3,13071138,g4/12mA/12mA,94,86,0,19
28.355,HR,108,0,13541347,g5/12mA/12mA,94,86,0,19
28.355,HR,108,1,13626259,g4/12mA/12mA,94,86,0,19
28.355,HR,108,2,11661894,g4/12mA/12mA,94,86,0,19
28.355,HR,108,3,13071633,g4/12mA/12mA,94,86,0,19
28.355,HR,109,0,13540767,g5/12mA/12mA,94,86,0,19
28.355,HR,109,1,13625891,g4/12mA/12mA,94,86,0,19
28.355,HR,109,2,11661638,g4/12mA/12mA,94,86,0,19
28.355,HR,109,3,13071113,g4/12mA/12mA,94,86,0,19
28.355,HR,110,0,13540014,g5/12mA/12mA,94,86,0,19
28.355,HR,110,1,13625193,g4/12mA/12mA,94,86,0,19
28.355,HR,110,2,11661408,g4/12mA/12mA,94,86,0,19
28.355,HR,110,3,13070935,g4/12mA/12mA,94,86,0,19
28.355,HR,111,0,13540528,g5/12mA/12mA,94,86,0,19
28.355,HR,111,1,13626155,g4/12mA/12mA,94,86,0,19
28.355,HR,111,2,11661699,g4/12mA/12mA,94,86,0,19
28.355,HR,111,3,13071087,g4/12mA/12mA,94,86,0,19
28.355,HR,112,0,13540733,g5/12mA/12mA,94,86,0,19
28.355,HR,112,1,13626037,g4/12mA/12mA,94,86,0,19
28.355,HR,112,2,11661366,g4/12mA/12mA,94,86,0,19
28.355,HR,112,3,13071113,g4/12mA/12mA,94,86,0,19
28.355,HR,113,0,13540936,g5/12mA/12mA,94,86,0,19
28.355,HR,113,1,13625559,g4/12mA/12mA,94,86,0,19
28.355,HR,113,2,11661487,g4/12mA/12mA,94,86,0,19
28.355,HR,113,3,13070985,g4/12mA/12mA,94,86,0,19
28.356,HR,114,0,13540876,g5/12mA/12mA,94,86,0,19
28.356,HR,114,1,13625943,g4/12mA/12mA,94,86,0,19
28.356,HR,114,2,11661649,g4/12mA/12mA,94,86,0,19
28.356,HR,114,3,13071078,g4/12mA/12mA,94,86,0,19
28.356,HR,115,0,13539120,g5/12mA/12mA,94,86,0,19
28.356,HR,115,1,13625217,g4/12mA/12mA,94,86,0,19
28.356,HR,115,2,11660658,g4/12mA/12mA,94,86,0,19
28.356,HR,115,3,13070226,g4/12mA/12mA,94,86,0,19
28.356,HR,116,0,13539453,g5/12mA/12mA,94,86,0,19
28.356,HR,116,1,13625148,g4/12mA/12mA,94,86,0,19
28.356,HR,116,2,11660836,g4/12mA/12mA,94,86,0,19
28.356,HR,116,3,13070431,g4/12mA/12mA,94,86,0,19
28.356,HR,117,0,13539648,g5/12mA/12mA,94,86,0,19
28.356,HR,117,1,13625576,g4/12mA/12mA,94,86,0,19
28.356,HR,117,2,11661129,g4/12mA/12mA,94,86,0,19
28.356,HR,117,3,13070593,g4/12mA/12mA,94,86,0,19
28.356,HR,118,0,13540774,g5/12mA/12mA,94,86,0,19
28.356,HR,118,1,13625764,g4/12mA/12mA,94,86,0,19
28.356,HR,118,2,11661596,g4/12mA/12mA,94,86,0,19
28.356,HR,118,3,13071172,g4/12mA/12mA,94,86,0,19
28.356,HR,119,0,13540792,g5/12mA/12mA,94,86,0,19
28.356,HR,119,1,13626259,g4/12mA/12mA,94,86,0,19
28.356,HR,119,2,11661706,g4/12mA/12mA,94,86,0,19
28.356,HR,119,3,13071248,g4/12mA/12mA,94,86,0,19
28.385,HR,120,0,13540665,g5/12mA/12mA,94,86,0,19
28.385,HR,120,1,13625968,g4/12mA/12mA,94,86,0,19
28.385,HR,120,2,11661537,g4/12mA/12mA,94,86,0,19
28.385,HR,120,3,13071095,g4/12mA/12mA,94,86,0,19
28.385,HR,121,0,13539427,g5/12mA/12mA,94,86,0,19
28.385,HR,121,1,13625038,g4/12mA/12mA,94,86,0,19
28.385,HR,121,2,11660889,g4/12mA/12mA,94,86,0,19
28.385,HR,121,3,13070387,g4/12mA/12mA,94,86,0,19
28.385,HR,122,0,13539547,g5/12mA/12mA,94,86,0,19
28.385,HR,122,1,13625251,g4/12mA/12mA,94,86,0,19
28.385,HR,122,2,11660975,g4/12mA/12mA,94,86,0,19
28.385,HR,122,3,13070310,g4/12mA/12mA,94,86,0,19
28.385,HR,123,0,13541347,g5/12mA/12mA,94,86,0,19
28.385,HR,123,1,13626549,g4/12mA/12mA,94,86,0,19
28.385,HR,123,2,11661955,g4/12mA/12mA,94,86,0,19
28.385,HR,123,3,13071505,g4/12mA/12mA,94,86,0,19
28.385,HR,124,0,13540843,g5/12mA/12mA,94,86,0,19
28.385,HR,124,1,13625796,g4/12mA/12mA,94,86,0,19
28.385,HR,124,2,11661656,g4/12mA/12mA,94,86,0,19
28.385,HR,124,3,13071206,g4/12mA/12mA,94,86,0,19
28.413,HR,125,0,13540552,g5/12mA/12mA,93,84,0,19
28.413,HR,125,1,13625943,g4/12mA/12mA,93,84,0,19
28.413,HR,125,2,11661683,g4/12mA/12mA,93,84,0,19
28.413,HR,125,3,13070890,g4/12mA/12mA,93,84,0,19
28.413,HR,126,0,13541133,g5/12mA/12mA,93,84,0,19
28.413,HR,126,1,13625848,g4/12mA/12mA,93,84,0,19
28.413,HR,126,2,11661521,g4/12mA/12mA,93,84,0,19
28.413,HR,126,3,13071155,g4/12mA/12mA,93,84,0,19
28.413,HR,127,0,13542712,g5/12mA/12mA,93,84,0,19
28.413,HR,127,1,13626701,g4/12mA/12mA,93,84,0,19
28.413,HR,127,2,11662560,g4/12mA/12mA,93,84,0,19
28.413,HR,127,3,13071983,g4/12mA/12mA,93,84,0,19
28.413,HR,128,0,13539973,g5/12mA/12mA,93,84,0,19
28.413,HR,128,1,13625524,g4/12mA/12mA,93,84,0,19
28.413,HR,128,2,11661477,g4/12mA/12mA,93,84,0,19
28.413,HR,128,3,13070788,g4/12mA/12mA,93,84,0,19
28.413,HR,129,0,13541398,g5/12mA/12mA,93,84,0,19
28.413,HR,129,1,13626376,g4/12mA/12mA,93,84,0,19
28.413,HR,129,2,11662066,g4/12mA/12mA,93,84,0,19
28.413,HR,129,3,13071157,g4/12mA/12mA,93,84,0,19
28.418,HR,130,0,13535503,g5/12mA/12mA,93,84,0,19
28.418,HR,130,1,13622410,g4/12mA/12mA,93,84,0,19
28.418,HR,130,2,11658780,g4/12mA/12mA,93,84,0,19
28.418,HR,130,3,13068408,g4/12mA/12mA,93,84,0,19
28.418,HR,131,0,13540212,g5/12mA/12mA,93,84,0,19
28.418,HR,131,1,13625687,g4/12mA/12mA,93,84,0,19
28.418,HR,131,2,11661348,g4/12mA/12mA,93,84,0,19
28.418,HR,131,3,13071155,g4/12mA/12mA,93,84,0,19
28.418,HR,132,0,13545604,g5/12mA/12mA,93,84,0,19
28.418,HR,132,1,13629245,g4/12mA/12mA,93,84,0,19
28.418,HR,132,2,11664310,g4/12mA/12mA,93,84,0,19
28.418,HR,132,3,13073894,g4/12mA/12mA,93,84,0,19
28.418,HR,133,0,13543880,g5/12mA/12mA,93,84,0,19
28.418,HR,133,1,13628304,g4/12mA/12mA,93,84,0,19
28.418,HR,133,2,11663448,g4/12mA/12mA,93,84,0,19
28.418,HR,133,3,13073025,g4/12mA/12mA,93,84,0,19
28.418,HR,134,0,13542925,g5/12mA/12mA,93,84,0,19
28.418,HR,134,1,13627505,g4/12mA/12mA,93,84,0,19
28.418,HR,134,2,11662901,g4/12mA/12mA,93,84,0,19
28.418,HR,134,3,13072008,g4/12mA/12mA,93,84,0,19
28.419,HR,135,0,13541313,g5/12mA/12mA,93,84,0,19
28.419,HR,135,1,13626172,g4/12mA/12mA,93,84,0,19
28.419,HR,135,2,11661690,g4/12mA/12mA,93,84,0,19
28.419,HR,135,3,13071240,g4/12mA/12mA,93,84,0,19
28.445,HRV,114,0,13540876,g5/12mA/12mA,93,84,0,19
28.445,HRV,114,1,13625943,g4/12mA/12mA,93,84,0,19
28.445,HRV,114,2,11661649,g4/12mA/12mA,93,84,0,19
28.445,HRV,114,3,13071078,g4/12mA/12mA,93,84,0,19
28.445,HRV,115,0,13539120,g5/12mA/12mA,93,84,0,19
28.445,HRV,115,1,13625217,g4/12mA/12mA,93,84,0,19
28.445,HRV,115,2,11660658,g4/12mA/12mA,93,84,0,19
28.445,HRV,115,3,13070226,g4/12mA/12mA,93,84,0,19
28.445,HRV,116,0,13539453,g5/12mA/12mA,93,84,0,19
28.445,HRV,116,1,13625148,g4/12mA/12mA,93,84,0,19
28.445,HRV,116,2,11660836,g4/12mA/12mA,93,84,0,19
28.445,HRV,116,3,13070431,g4/12mA/12mA,93,84,0,19
28.445,HRV,117,0,13539648,g5/12mA/12mA,93,84,0,19
28.445,HRV,117,1,13625576,g4/12mA/12mA,93,84,0,19
28.445,HRV,117,2,11661129,g4/12mA/12mA,93,84,0,19
28.445,HRV,117,3,13070593,g4/12mA/12mA,93,84,0,19
28.445,HRV,118,0,13540774,g5/12mA/12mA,93,84,0,19
28.445,HRV,118,1,13625764,g4/12mA/12mA,93,84,0,19
28.445,HRV,118,2,11661596,g4/12mA/12mA,93,84,0,19
28.445,HRV,118,3,13071172,g4/12mA/12mA,93,84,0,19
28.445,HRV,119,0,13540792,g5/12mA/12mA,93,84,0,19
28.445,HRV,119,1,13626259,g4/12mA/12mA,93,84,0,19
28.445,HRV,119,2,11661706,g4/12mA/12mA,93,84,0,19
28.445,HRV,119,3,13071248,g4/12mA/12mA,93,84,0,19
28.446,HRV,120,0,13540665,g5/12mA/12mA,93,84,0,19
28.446,HRV,120,1,13625968,g4/12mA/12mA,93,84,0,19
28.446,HRV,120,2,11661537,g4/12mA/12mA,93,84,0,19
28.446,HRV,120,3,13071095,g4/12mA/12mA,93,84,0,19
28.446,HRV,121,0,13539427,g5/12mA/12mA,93,84,0,19
28.446,HRV,121,1,13625038,g4/12mA/12mA,93,84,0,19
28.446,HRV,121,2,11660889,g4/12mA/12mA,93,84,0,19
28.446,HRV,121,3,13070387,g4/12mA/12mA,93,84,0,19
28.446,HRV,122,0,13539547,g5/12mA/12mA,93,84,0,19
28.446,HRV,122,1,13625251,g4/12mA/12mA,93,84,0,19
28.446,HRV,122,2,11660975,g4/12mA/12mA,93,84,0,19
28.446,HRV,122,3,13070310,g4/12mA/12mA,93,84,0,19
28.446,HRV,123,0,13541347,g5/12mA/12mA,93,84,0,19
28.446,HRV,123,1,13626549,g4/12mA/12mA,93,84,0,19
28.446,HRV,123,2,11661955,g4/12mA/12mA,93,84,0,19
28.446,HRV,123,3,13071505,g4/12mA/12mA,93,84,0,19
28.446,HRV,124,0,13540843,g5/12mA/12mA,93,84,0,19
28.446,HRV,124,1,13625796,g4/12mA/12mA,93,84,0,19
28.446,HRV,124,2,11661656,g4/12mA/12mA,93,84,0,19
28.446,HRV,124,3,13071206,g4/12mA/12mA,93,84,0,19
28.506,HRV,125,0,13540552,g5/12mA/12mA,93,84,0,19
28.506,HRV,125,1,13625943,g4/12mA/12mA,93,84,0,19
28.506,HRV,125,2,11661683,g4/12mA/12mA,93,84,0,19
28.506,HRV,125,3,13070890,g4/12mA/12mA,93,84,0,19
28.506,HRV,126,0,13541133,g5/12mA/12mA,93,84,0,19
28.506,HRV,126,1,13625848,g4/12mA/12mA,93,84,0,19
28.506,HRV,126,2,11661521,g4/12mA/12mA,93,84,0,19
28.506,HRV,126,3,13071155,g4/12mA/12mA,93,84,0,19
28.507,HRV,127,0,13542712,g5/12mA/12mA,93,84,0,19
28.507,HRV,127,1,13626701,g4/12mA/12mA,93,84,0,19
28.507,HRV,127,2,11662560,g4/12mA/12mA,93,84,0,19
28.507,HRV,127,3,13071983,g4/12mA/12mA,93,84,0,19
28.507,HRV,128,0,13539973,g5/12mA/12mA,93,84,0,19
28.507,HRV,128,1,13625524,g4/12mA/12mA,93,84,0,19
28.507,HRV,128,2,11661477,g4/12mA/12mA,93,84,0,19
28.507,HRV,128,3,13070788,g4/12mA/12mA,93,84,0,19
28.507,HRV,129,0,13541398,g5/12mA/12mA,93,84,0,19
28.507,HRV,129,1,13626376,g4/12mA/12mA,93,84,0,19
28.507,HRV,129,2,11662066,g4/12mA/12mA,93,84,0,19
28.507,HRV,129,3,13071157,g4/12mA/12mA,93,84,0,19
28.507,HRV,130,0,13535503,g5/12mA/12mA,93,84,0,19
28.507,HRV,130,1,13622410,g4/12mA/12mA,93,84,0,19
28.507,HRV,130,2,11658780,g4/12mA/12mA,93,84,0,19
28.507,HRV,130,3,13068408,g4/12mA/12mA,93,84,0,19
28.507,HRV,131,0,13540212,g5/12mA/12mA,93,84,0,19
28.507,HRV,131,1,13625687,g4/12mA/12mA,93,84,0,19
28.507,HRV,131,2,11661348,g4/12mA/12mA,93,84,0,19
28.507,HRV,131,3,13071155,g4/12mA/12mA,93,84,0,19
28.508,HRV,132,0,13545604,g5/12mA/12mA,93,84,0,19
28.508,HRV,132,1,13629245,g4/12mA/12mA,93,84,0,19
28.508,HRV,132,2,11664310,g4/12mA/12mA,93,84,0,19
28.508,HRV,132,3,13073894,g4/12mA/12mA,93,84,0,19
28.508,HRV,133,0,13543880,g5/12mA/12mA,93,84,0,19
28.508,HRV,133,1,13628304,g4/12mA/12mA,93,84,0,19
28.508,HRV,133,2,11663448,g4/12mA/12mA,93,84,0,19
28.508,HRV,133,3,13073025,g4/12mA/12mA,93,84,0,19
28.508,HRV,134,0,13542925,g5/12mA/12mA,93,84,0,19
28.508,HRV,134,1,13627505,g4/12mA/12mA,93,84,0,19
28.508,HRV,134,2,11662901,g4/12mA/12mA,93,84,0,19
28.508,HRV,134,3,13072008,g4/12mA/12mA,93,84,0,19
28.508,HRV,135,0,13541313,g5/12mA/12mA,93,84,0,19
28.508,HRV,135,1,13626172,g4/12mA/12mA,93,84,0,19
28.508,HRV,135,2,11661690,g4/12mA/12mA,93,84,0,19
28.508,HRV,135,3,13071240,g4/12mA/12mA,93,84,0,19
28.536,SPO2,117,0,13017314,g1/73mA/0mA,93,84,0,19
28.536,SPO2,117,1,13269970,g1/36mA/0mA,93,84,0,19
28.536,SPO2,118,0,13018093,g1/73mA/0mA,93,84,0,19
28.536,SPO2,118,1,13270210,g1/36mA/0mA,93,84,0,19
28.536,SPO2,119,0,13017703,g1/73mA/0mA,93,84,0,19
28.536,SPO2,119,1,13269642,g1/36mA/0mA,93,84,0,19
28.536,SPO2,120,0,13017253,g1/73mA/0mA,93,84,0,19
28.536,SPO2,120,1,13269146,g1/36mA/0mA,93,84,0,19
28.536,SPO2,121,0,13016481,g1/73mA/0mA,93,84,0,19
28.536,SPO2,121,1,13268952,g1/36mA/0mA,93,84,0,19
28.536,SPO2,122,0,13016597,g1/73mA/0mA,93,84,0,19
28.536,SPO2,122,1,13269152,g1/36mA/0mA,93,84,0,19
28.536,SPO2,123,0,13018725,g1/73mA/0mA,93,84,0,19
28.536,SPO2,123,1,13270712,g1/36mA/0mA,93,84,0,19
28.594,SPO2,124,0,13017508,g1/73mA/0mA,93,84,0,19
28.594,SPO2,124,1,13269717,g1/36mA/0mA,93,84,0,19
28.594,SPO2,125,0,13017626,g1/73mA/0mA,93,84,0,19
28.594,SPO2,125,1,13269715,g1/36mA/0mA,93,84,0,19
28.594,SPO2,126,0,13017791,g1/73mA/0mA,93,84,0,19
28.594,SPO2,126,1,13270107,g1/36mA/0mA,93,84,0,19
28.594,SPO2,127,0,13019534,g1/73mA/0mA,93,84,0,19
28.594,SPO2,127,1,13271279,g1/36mA/0mA,93,84,0,19
28.594,SPO2,128,0,13017520,g1/73mA/0mA,93,84,0,19
28.594,SPO2,128,1,13269826,g1/36mA/0mA,93,84,0,19
28.594,SPO2,129,0,13018222,g1/73mA/0mA,93,84,0,19
28.594,SPO2,129,1,13270000,g1/36mA/0mA,93,84,0,19
28.596,HR,142,0,13542992,g5/12mA/12mA,93,84,0,19
28.596,HR,142,1,13627084,g4/12mA/12mA,93,84,0,19
28.596,HR,142,2,11662508,g4/12mA/12mA,93,84,0,19
28.596,HR,142,3,13072085,g4/12mA/12mA,93,84,0,19
28.596,HR,143,0,13540375,g5/12mA/12mA,93,84,0,19
28.596,HR,143,1,13625653,g4/12mA/12mA,93,84,0,19
28.596,HR,143,2,11661024,g4/12mA/12mA,93,84,0,19
28.596,HR,143,3,13070916,g4/12mA/12mA,93,84,0,19
28.596,HR,144,0,13542277,g5/12mA/12mA,93,84,0,19
28.596,HR,144,1,13626335,g4/12mA/12mA,93,84,0,19
28.596,HR,144,2,11662107,g4/12mA/12mA,93,84,0,19
28.596,HR,144,3,13071863,g4/12mA/12mA,93,84,0,19
28.596,HR,145,0,13542812,g5/12mA/12mA,93,84,0,19
28.596,HR,145,1,13627197,g4/12mA/12mA,93,84,0,19
28.596,HR,145,2,11662405,g4/12mA/12mA,93,84,0,19
28.596,HR,145,3,13072025,g4/12mA/12mA,93,84,0,19
28.597,HRV,142,0,13542992,g5/12mA/12mA,93,84,0,19
28.597,HRV,142,1,13627084,g4/12mA/12mA,93,84,0,19
28.597,HRV,142,2,11662508,g4/12mA/12mA,93,84,0,19
28.597,HRV,142,3,13072085,g4/12mA/12mA,93,84,0,19
28.597,HRV,143,0,13540375,g5/12mA/12mA,93,84,0,19
28.597,HRV,143,1,13625653,g4/12mA/12mA,93,84,0,19
28.597,HRV,143,2,11661024,g4/12mA/12mA,93,84,0,19
28.597,HRV,143,3,13070916,g4/12mA/12mA,93,84,0,19
28.597,HRV,144,0,13542277,g5/12mA/12mA,93,84,0,19
28.597,HRV,144,1,13626335,g4/12mA/12mA,93,84,0,19
28.597,HRV,144,2,11662107,g4/12mA/12mA,93,84,0,19
28.597,HRV,144,3,13071863,g4/12mA/12mA,93,84,0,19
28.597,HRV,145,0,13542812,g5/12mA/12mA,93,84,0,19
28.597,HRV,145,1,13627197,g4/12mA/12mA,93,84,0,19
28.597,HRV,145,2,11662405,g4/12mA/12mA,93,84,0,19
28.597,HRV,145,3,13072025,g4/12mA/12mA,93,84,0,19
28.653,SPO2,135,0,13018353,g1/73mA/0mA,93,84,0,19
28.653,SPO2,135,1,13270422,g1/36mA/0mA,93,84,0,19
28.653,SPO2,136,0,13018164,g1/73mA/0mA,93,84,0,19
28.653,SPO2,136,1,13270252,g1/36mA/0mA,93,84,0,19
28.653,SPO2,137,0,13017358,g1/73mA/0mA,93,84,0,19
28.653,SPO2,137,1,13269751,g1/36mA/0mA,93,84,0,19
28.653,SPO2,138,0,13017933,g1/73mA/0mA,93,84,0,19
28.653,SPO2,138,1,13270202,g1/36mA/0mA,93,84,0,19
28.653,SPO2,139,0,13018245,g1/73mA/0mA,93,84,0,19
28.653,SPO2,139,1,13270332,g1/36mA/0mA,93,84,0,19
28.653,SPO2,140,0,13018836,g1/73mA/0mA,93,84,0,19
28.653,SPO2,140,1,13270908,g1/36mA/0mA,93,84,0,19
28.653,SPO2,141,0,13017806,g1/73mA/0mA,93,84,0,19
28.653,SPO2,141,1,13270167,g1/36mA/0mA,93,84,0,19
30.459,HR,146,0,13542311,g5/12mA/12mA,93,84,0,19
30.459,HR,146,1,13626684,g4/12mA/12mA,93,84,0,19
30.459,HR,146,2,11662323,g4/12mA/12mA,93,84,0,19
30.459,HR,146,3,13072069,g4/12mA/12mA,93,84,0,19
30.459,HR,147,0,13541457,g5/12mA/12mA,93,84,0,19
30.459,HR,147,1,13625994,g4/12mA/12mA,93,84,0,19
30.459,HR,147,2,11662057,g4/12mA/12mA,93,84,0,19
30.459,HR,147,3,13071301,g4/12mA/12mA,93,84,0,19
30.459,HR,148,0,13542259,g5/12mA/12mA,93,84,0,19
30.459,HR,148,1,13627019,g4/12mA/12mA,93,84,0,19
30.459,HR,148,2,11662628,g4/12mA/12mA,93,84,0,19
30.459,HR,148,3,13071932,g4/12mA/12mA,93,84,0,19
30.459,HR,149,0,13542191,g5/12mA/12mA,93,84,0,19
30.459,HR,149,1,13627016,g4/12mA/12mA,93,84,0,19
30.459,HR,149,2,11662458,g4/12mA/12mA,93,84,0,19
30.459,HR,149,3,13071735,g4/12mA/12mA,93,84,0,19
30.459,HR,150,0,13540774,g5/12mA/12mA,94,82,0,19
30.459,HR,150,1,13625669,g4/12mA/12mA,94,82,0,19
30.459,HR,150,2,11661537,g4/12mA/12mA,94,82,0,19
30.459,HR,150,3,13071003,g4/12mA/12mA,94,82,0,19
30.485,HR,151,0,13541911,g5/12mA/12mA,94,82,0,19
30.485,HR,151,1,13626651,g4/12mA/12mA,94,82,0,19
30.485,HR,151,2,11662006,g4/12mA/12mA,94,82,0,19
30.485,HR,151,3,13071752,g4/12mA/12mA,94,82,0,19
30.485,HR,152,0,13540348,g5/12mA/12mA,94,82,0,19
30.485,HR,152,1,13625755,g4/12mA/12mA,94,82,0,19
30.485,HR,152,2,11661461,g4/12mA/12mA,94,82,0,19
30.485,HR,152,3,13071172,g4/12mA/12mA,94,82,0,19
30.485,HR,153,0,13539418,g5/12mA/12mA,94,82,0,19
30.485,HR,153,1,13624876,g4/12mA/12mA,94,82,0,19
30.485,HR,153,2,11660829,g4/12mA/12mA,94,82,0,19
30.485,HR,153,3,13070421,g4/12mA/12mA,94,82,0,19
30.485,HR,154,0,13541331,g5/12mA/12mA,94,82,0,19
30.485,HR,154,1,13626667,g4/12mA/12mA,94,82,0,19
30.485,HR,154,2,11662032,g4/12mA/12mA,94,82,0,19
30.485,HR,154,3,13071505,g4/12mA/12mA,94,82,0,19
30.485,HR,155,0,13541697,g5/12mA/12mA,94,82,0,19
30.485,HR,155,1,13626387,g4/12mA/12mA,94,82,0,19
30.485,HR,155,2,11661988,g4/12mA/12mA,94,82,0,19
30.485,HR,155,3,13071350,g4/12mA/12mA,94,82,0,19
30.485,HR,156,0,13540876,g5/12mA/12mA,94,82,0,19
30.485,HR,156,1,13626352,g4/12mA/12mA,94,82,0,19
30.485,HR,156,2,11662065,g4/12mA/12mA,94,82,0,19
30.485,HR,156,3,13071376,g4/12mA/12mA,94,82,0,19
30.489,HR,157,0,13541338,g5/12mA/12mA,94,82,0,19
30.489,HR,157,1,13626309,g4/12mA/12mA,94,82,0,19
30.489,HR,157,2,11661861,g4/12mA/12mA,94,82,0,19
30.489,HR,157,3,13071488,g4/12mA/12mA,94,82,0,19
30.489,HR,158,0,13541738,g5/12mA/12mA,94,82,0,19
30.489,HR,158,1,13626429,g4/12mA/12mA,94,82,0,19
30.489,HR,158,2,11662015,g4/12mA/12mA,94,82,0,19
30.489,HR,158,3,13071556,g4/12mA/12mA,94,82,0,19
30.489,HR,159,0,13542071,g5/12mA/12mA,94,82,0,19
30.489,HR,159,1,13626420,g4/12mA/12mA,94,82,0,19
30.489,HR,159,2,11662126,g4/12mA/12mA,94,82,0,19
30.489,HR,159,3,13071608,g4/12mA/12mA,94,82,0,19
30.489,HR,160,0,13542898,g5/12mA/12mA,94,82,0,19
30.489,HR,160,1,13627521,g4/12mA/12mA,94,82,0,19
30.489,HR,160,2,11662961,g4/12mA/12mA,94,82,0,19
30.489,HR,160,3,13072468,g4/12mA/12mA,94,82,0,19
30.489,HR,161,0,13539640,g5/12mA/12mA,94,82,0,19
30.489,HR,161,1,13625166,g4/12mA/12mA,94,82,0,19
30.489,HR,161,2,11660998,g4/12mA/12mA,94,82,0,19
30.489,HR,161,3,13070686,g4/12mA/12mA,94,82,0,19
30.489,HR,162,0,13541543,g5/12mA/12mA,94,82,0,19
30.489,HR,162,1,13626684,g4/12mA/12mA,94,82,0,19
30.489,HR,162,2,11662116,g4/12mA/12mA,94,82,0,19
30.489,HR,162,3,13071847,g4/12mA/12mA,94,82,0,19
30.546,HR,163,0,13541662,g5/12mA/12mA,94,82,0,19
30.546,HR,163,1,13626907,g4/12mA/12mA,94,82,0,19
30.546,HR,163,2,11662066,g4/12mA/12mA,94,82,0,19
30.546,HR,163,3,13071565,g4/12mA/12mA,94,82,0,19
30.546,HR,164,0,13541594,g5/12mA/12mA,94,82,0,19
30.546,HR,164,1,13626266,g4/12mA/12mA,94,82,0,19
30.546,HR,164,2,11661946,g4/12mA/12mA,94,82,0,19
30.546,HR,164,3,13071470,g4/12mA/12mA,94,82,0,19
30.546,HR,165,0,13541644,g5/12mA/12mA,94,82,0,19
30.546,HR,165,1,13626556,g4/12mA/12mA,94,82,0,19
30.546,HR,165,2,11661988,g4/12mA/12mA,94,82,0,19
30.546,HR,165,3,13071282,g4/12mA/12mA,94,82,0,19
30.546,HR,166,0,13541389,g5/12mA/12mA,94,82,0,19
30.546,HR,166,1,13626352,g4/12mA/12mA,94,82,0,19
30.546,HR,166,2,11661826,g4/12mA/12mA,94,82,0,19
30.546,HR,166,3,13070976,g4/12mA/12mA,94,82,0,19
30.546,HR,167,0,13542251,g5/12mA/12mA,94,82,0,19
30.546,HR,167,1,13626880,g4/12mA/12mA,94,82,0,19
30.546,HR,167,2,11662236,g4/12mA/12mA,94,82,0,19
30.546,HR,167,3,13071711,g4/12mA/12mA,94,82,0,19
30.546,HR,168,0,13541671,g5/12mA/12mA,94,82,0,19
30.546,HR,168,1,13626933,g4/12mA/12mA,94,82,0,19
30.546,HR,168,2,11662048,g4/12mA/12mA,94,82,0,19
30.546,HR,168,3,13071693,g4/12mA/12mA,94,82,0,19
30.605,HR,169,0,13540827,g5/12mA/12mA,94,82,0,19
30.605,HR,169,1,13626157,g4/12mA/12mA,94,82,0,19
30.605,HR,169,2,11661562,g4/12mA/12mA,94,82,0,19
30.605,HR,169,3,13071068,g4/12mA/12mA,94,82,0,19
30.605,HR,170,0,13542729,g5/12mA/12mA,94,82,0,19
30.605,HR,170,1,13627205,g4/12mA/12mA,94,82,0,19
30.605,HR,170,2,11662569,g4/12mA/12mA,94,82,0,19
30.605,HR,170,3,13072170,g4/12mA/12mA,94,82,0,19
30.605,HR,171,0,13541278,g5/12mA/12mA,94,82,0,19
30.605,HR,171,1,13626624,g4/12mA/12mA,94,82,0,19
30.605,HR,171,2,11661928,g4/12mA/12mA,94,82,0,19
30.605,HR,171,3,13071419,g4/12mA/12mA,94,82,0,19
30.605,HR,172,0,13542694,g5/12mA/12mA,94,82,0,19
30.605,HR,172,1,13627034,g4/12mA/12mA,94,82,0,19
30.605,HR,172,2,11662731,g4/12mA/12mA,94,82,0,19
30.605,HR,172,3,13071949,g4/12mA/12mA,94,82,0,19
30.605,HR,173,0,13542063,g5/12mA/12mA,94,82,0,19
30.605,HR,173,1,13626710,g4/12mA/12mA,94,82,0,19
30.605,HR,173,2,11662252,g4/12mA/12mA,94,82,0,19
30.605,HR,173,3,13071770,g4/12mA/12mA,94,82,0,19
30.605,HR,174,0,13540929,g5/12mA/12mA,94,82,0,19
30.605,HR,174,1,13626165,g4/12mA/12mA,94,82,0,19
30.605,HR,174,2,11661792,g4/12mA/12mA,94,82,0,19
30.605,HR,174,3,13071199,g4/12mA/12mA,94,82,0,19
30.635,HR,175,0,13541048,g5/12mA/12mA,94,80,0,19
30.635,HR,175,1,13626027,g4/12mA/12mA,94,80,0,19
30.635,HR,175,2,11661792,g4/12mA/12mA,94,80,0,19
30.635,HR,175,3,13071335,g4/12mA/12mA,94,80,0,19
30.635,HR,176,0,13540161,g5/12mA/12mA,94,80,0,19
30.635,HR,176,1,13625533,g4/12mA/12mA,94,80,0,19
30.635,HR,176,2,11661307,g4/12mA/12mA,94,80,0,19
30.635,HR,176,3,13070600,g4/12mA/12mA,94,80,0,19
30.636,HR,177,0,13541483,g5/12mA/12mA,94,80,0,19
30.636,HR,177,1,13626361,g4/12mA/12mA,94,80,0,19
30.636,HR,177,2,11662134,g4/12mA/12mA,94,80,0,19
30.636,HR,177,3,13071674,g4/12mA/12mA,94,80,0,19
30.636,HR,178,0,13541320,g5/12mA/12mA,94,80,0,19
30.636,HR,178,1,13626447,g4/12mA/12mA,94,80,0,19
30.636,HR,178,2,11662116,g4/12mA/12mA,94,80,0,19
30.636,HR,178,3,13071419,g4/12mA/12mA,94,80,0,19
30.636,HR,179,0,13541030,g5/12mA/12mA,94,80,0,19
30.636,HR,179,1,13626155,g4/12mA/12mA,94,80,0,19
30.636,HR,179,2,11661708,g4/12mA/12mA,94,80,0,19
30.636,HR,179,3,13071248,g4/12mA/12mA,94,80,0,19
30.639,HRV,146,0,13542311,g5/12mA/12mA,94,80,0,19
30.639,HRV,146,1,13626684,g4/12mA/12mA,94,80,0,19
30.639,HRV,146,2,11662323,g4/12mA/12mA,94,80,0,19
30.639,HRV,146,3,13072069,g4/12mA/12mA,94,80,0,19
30.639,HRV,147,0,13541457,g5/12mA/12mA,94,80,0,19
30.639,HRV,147,1,13625994,g4/12mA/12mA,94,80,0,19
30.639,HRV,147,2,11662057,g4/12mA/12mA,94,80,0,19
30.639,HRV,147,3,13071301,g4/12mA/12mA,94,80,0,19
30.639,HRV,148,0,13542259,g5/12mA/12mA,94,80,0,19
30.639,HRV,148,1,13627019,g4/12mA/12mA,94,80,0,19
30.639,HRV,148,2,11662628,g4/12mA/12mA,94,80,0,19
30.639,HRV,148,3,13071932,g4/12mA/12mA,94,80,0,19
30.639,HRV,149,0,13542191,g5/12mA/12mA,94,80,0,19
30.639,HRV,149,1,13627016,g4/12mA/12mA,94,80,0,19
30.639,HRV,149,2,11662458,g4/12mA/12mA,94,80,0,19
30.639,HRV,149,3,13071735,g4/12mA/12mA,94,80,0,19
30.639,HRV,150,0,13540774,g5/12mA/12mA,94,80,0,19
30.639,HRV,150,1,13625669,g4/12mA/12mA,94,80,0,19
30.639,HRV,150,2,11661537,g4/12mA/12mA,94,80,0,19
30.639,HRV,150,3,13071003,g4/12mA/12mA,94,80,0,19
30.667,HRV,163,0,13540893,g5/12mA/12mA,94,80,0,19
30.667,HRV,163,1,13625892,g4/12mA/12mA,94,80,0,19
30.667,HRV,163,2,11661487,g4/12mA/12mA,94,80,0,19
30.667,HRV,163,3,13070721,g4/12mA/12mA,94,80,0,19
30.667,HRV,164,0,13540825,g5/12mA/12mA,94,80,0,19
30.667,HRV,164,1,13625251,g4/12mA/12mA,94,80,0,19
30.667,HRV,164,2,11661367,g4/12mA/12mA,94,80,0,19
30.667,HRV,164,3,13070626,g4/12mA/12mA,94,80,0,19
30.667,HRV,165,0,13540875,g5/12mA/12mA,94,80,0,19
30.667,HRV,165,1,13625541,g4/12mA/12mA,94,80,0,19
30.667,HRV,165,2,11661409,g4/12mA/12mA,94,80,0,19
30.667,HRV,165,3,13070438,g4/12mA/12mA,94,80,0,19
30.667,HRV,166,0,13540620,g5/12mA/12mA,94,80,0,19
30.667,HRV,166,1,13625337,g4/12mA/12mA,94,80,0,19
30.667,HRV,166,2,11661247,g4/12mA/12mA,94,80,0,19
30.667,HRV,166,3,13070132,g4/12mA/12mA,94,80,0,19
30.667,HRV,167,0,13541482,g5/12mA/12mA,94,80,0,19
30.667,HRV,167,1,13625865,g4/12mA/12mA,94,80,0,19
30.667,HRV,167,2,11661657,g4/12mA/12mA,94,80,0,19
30.667,HRV,167,3,13070867,g4/12mA/12mA,94,80,0,19
30.667,HRV,168,0,13540902,g5/12mA/12mA,94,80,0,19
30.667,HRV,168,1,13625918,g4/12mA/12mA,94,80,0,19
30.667,HRV,168,2,11661469,g4/12mA/12mA,94,80,0,19
30.667,HRV,168,3,13070849,g4/12mA/12mA,94,80,0,19
30.693,HRV,175,0,13541021,g5/12mA/12mA,94,80,0,19
30.693,HRV,175,1,13625780,g4/12mA/12mA,94,80,0,19
30.693,HRV,175,2,11661469,g4/12mA/12mA,94,80,0,19
30.693,HRV,175,3,13070985,g4/12mA/12mA,94,80,0,19
30.693,HRV,176,0,13540134,g5/12mA/12mA,94,80,0,19
30.693,HRV,176,1,13625286,g4/12mA/12mA,94,80,0,19
30.693,HRV,176,2,11660984,g4/12mA/12mA,94,80,0,19
30.693,HRV,176,3,13070250,g4/12mA/12mA,94,80,0,19
30.693,HRV,177,0,13541456,g5/12mA/12mA,94,80,0,19
30.693,HRV,177,1,13626114,g4/12mA/12mA,94,80,0,19
30.693,HRV,177,2,11661811,g4/12mA/12mA,94,80,0,19
30.693,HRV,177,3,13071324,g4/12mA/12mA,94,80,0,19
30.693,HRV,178,0,13541293,g5/12mA/12mA,94,80,0,19
30.693,HRV,178,1,13626200,g4/12mA/12mA,94,80,0,19
30.693,HRV,178,2,11661793,g4/12mA/12mA,94,80,0,19
30.693,HRV,178,3,13071069,g4/12mA/12mA,94,80,0,19
30.693,HRV,179,0,13541003,g5/12mA/12mA,94,80,0,19
30.693,HRV,179,1,13625908,g4/12mA/12mA,94,80,0,19
30.693,HRV,179,2,11661385,g4/12mA/12mA,94,80,0,19
30.693,HRV,179,3,13070898,g4/12mA/12mA,94,80,0,19
30.696,SPO2,152,0,13016849,g1/73mA/0mA,94,80,0,19
30.696,SPO2,152,1,13269737,g1/36mA/0mA,94,80,0,19
30.696,SPO2,153,0,13015875,g1/73mA/0mA,94,80,0,19
30.696,SPO2,153,1,13268857,g1/36mA/0mA,94,80,0,19
30.696,SPO2,154,0,13017761,g1/73mA/0mA,94,80,0,19
30.696,SPO2,154,1,13270306,g1/36mA/0mA,94,80,0,19
30.696,SPO2,155,0,13017641,g1/73mA/0mA,94,80,0,19
30.696,SPO2,155,1,13269972,g1/36mA/0mA,94,80,0,19
30.696,SPO2,156,0,13017528,g1/73mA/0mA,94,80,0,19
30.696,SPO2,156,1,13269938,g1/36mA/0mA,94,80,0,19
30.696,SPO2,157,0,13017843,g1/73mA/0mA,94,80,0,19
30.696,SPO2,157,1,13270369,g1/36mA/0mA,94,80,0,19
30.696,SPO2,158,0,13017739,g1/73mA/0mA,94,80,0,19
30.696,SPO2,158,1,13270008,g1/36mA/0mA,94,80,0,19
30.696,SPO2,159,0,13017803,g1/73mA/0mA,94,80,0,19
30.696,SPO2,159,1,13269938,g1/36mA/0mA,94,80,0,19
30.724,SPO2,160,0,13019948,g1/73mA/0mA,94,80,0,19
30.724,SPO2,160,1,13271558,g1/36mA/0mA,94,80,0,19
30.724,SPO2,161,0,13016933,g1/73mA/0mA,94,80,0,19
30.724,SPO2,161,1,13269298,g1/36mA/0mA,94,80,0,19
30.724,SPO2,162,0,13018614,g1/73mA/0mA,94,80,0,19
30.724,SPO2,162,1,13270545,g1/36mA/0mA,94,80,0,19
30.724,SPO2,163,0,13018644,g1/73mA/0mA,94,80,0,19
30.724,SPO2,163,1,13270798,g1/36mA/0mA,94,80,0,19
30.724,SPO2,164,0,13018687,g1/73mA/0mA,94,80,0,19
30.724,SPO2,164,1,13270617,g1/36mA/0mA,94,80,0,19
30.724,SPO2,165,0,13018808,g1/73mA/0mA,94,80,0,19
30.724,SPO2,165,1,13270627,g1/36mA/0mA,94,80,0,19
30.724,SPO2,166,0,13018413,g1/73mA/0mA,94,80,0,19
30.724,SPO2,166,1,13270482,g1/36mA/0mA,94,80,0,19
30.728,HR,180,0,13542242,g5/12mA/12mA,94,80,0,19
30.728,HR,180,1,13626966,g4/12mA/12mA,94,80,0,19
30.728,HR,180,2,11662731,g4/12mA/12mA,94,80,0,19
30.728,HR,180,3,13072016,g4/12mA/12mA,94,80,0,19
30.728,HR,181,0,13540783,g5/12mA/12mA,94,80,0,19
30.728,HR,181,1,13625968,g4/12mA/12mA,94,80,0,19
30.728,HR,181,2,11661605,g4/12mA/12mA,94,80,0,19
30.728,HR,181,3,13070976,g4/12mA/12mA,94,80,0,19
30.728,HR,182,0,13542063,g5/12mA/12mA,94,80,0,19
30.728,HR,182,1,13626855,g4/12mA/12mA,94,80,0,19
30.728,HR,182,2,11662467,g4/12mA/12mA,94,80,0,19
30.728,HR,182,3,13071779,g4/12mA/12mA,94,80,0,19
30.728,HR,183,0,13542114,g5/12mA/12mA,94,80,0,19
30.728,HR,183,1,13626940,g4/12mA/12mA,94,80,0,19
30.728,HR,183,2,11662236,g4/12mA/12mA,94,80,0,19
30.728,HR,183,3,13071701,g4/12mA/12mA,94,80,0,19
30.728,HR,184,0,13541227,g5/12mA/12mA,94,80,0,19
30.728,HR,184,1,13626052,g4/12mA/12mA,94,80,0,19
30.728,HR,184,2,11661767,g4/12mA/12mA,94,80,0,19
30.728,HR,184,3,13071240,g4/12mA/12mA,94,80,0,19
30.728,HR,185,0,13542292,g5/12mA/12mA,94,80,0,19
30.728,HR,185,1,13626496,g4/12mA/12mA,94,80,0,19
30.728,HR,185,2,11662125,g4/12mA/12mA,94,80,0,19
30.728,HR,185,3,13071643,g4/12mA/12mA,94,80,0,19
30.757,HR,192,0,13541271,g5/12mA/12mA,94,80,0,19
30.757,HR,192,1,13626319,g4/12mA/12mA,94,80,0,19
30.757,HR,192,2,11661826,g4/12mA/12mA,94,80,0,19
30.757,HR,192,3,13071087,g4/12mA/12mA,94,80,0,19
30.757,HR,193,0,13541994,g5/12mA/12mA,94,80,0,19
30.757,HR,193,1,13626695,g4/12mA/12mA,94,80,0,19
30.757,HR,193,2,11662169,g4/12mA/12mA,94,80,0,19
30.757,HR,193,3,13071881,g4/12mA/12mA,94,80,0,19
30.757,HR,194,0,13541987,g5/12mA/12mA,94,80,0,19
30.757,HR,194,1,13626598,g4/12mA/12mA,94,80,0,19
30.757,HR,194,2,11662193,g4/12mA/12mA,94,80,0,19
30.757,HR,194,3,13071548,g4/12mA/12mA,94,80,0,19
30.757,HR,195,0,13540620,g5/12mA/12mA,94,80,0,19
30.757,HR,195,1,13626070,g4/12mA/12mA,94,80,0,19
30.757,HR,195,2,11661826,g4/12mA/12mA,94,80,0,19
30.757,HR,195,3,13071240,g4/12mA/12mA,94,80,0,19
30.757,HR,196,0,13541867,g5/12mA/12mA,94,80,0,19
30.757,HR,196,1,13626642,g4/12mA/12mA,94,80,0,19
30.757,HR,196,2,11662424,g4/12mA/12mA,94,80,0,19
30.757,HR,196,3,13071556,g4/12mA/12mA,94,80,0,19
30.757,HR,197,0,13542430,g5/12mA/12mA,94,80,0,19
30.757,HR,197,1,13626828,g4/12mA/12mA,94,80,0,19
30.757,HR,197,2,11662433,g4/12mA/12mA,94,80,0,19
30.757,HR,197,3,13072008,g4/12mA/12mA,94,80,0,19
30.757,HR,198,0,13541176,g5/12mA/12mA,94,80,0,19
30.757,HR,198,1,13626369,g4/12mA/12mA,94,80,0,19
30.757,HR,198,2,11661845,g4/12mA/12mA,94,80,0,19
30.757,HR,198,3,13071248,g4/12mA/12mA,94,80,0,19
30.787,HRV,192,0,13541271,g5/12mA/12mA,94,80,0,19
30.787,HRV,192,1,13626319,g4/12mA/12mA,94,80,0,19
30.787,HRV,192,2,11661826,g4/12mA/12mA,94,80,0,19
30.787,HRV,192,3,13071087,g4/12mA/12mA,94,80,0,19
30.787,HRV,193,0,13541994,g5/12mA/12mA,94,80,0,19
30.787,HRV,193,1,13626695,g4/12mA/12mA,94,80,0,19
30.787,HRV,193,2,11662169,g4/12mA/12mA,94,80,0,19
30.787,HRV,193,3,13071881,g4/12mA/12mA,94,80,0,19
30.787,HRV,194,0,13541987,g5/12mA/12mA,94,80,0,19
30.787,HRV,194,1,13626598,g4/12mA/12mA,94,80,0,19
30.787,HRV,194,2,11662193,g4/12mA/12mA,94,80,0,19
30.787,HRV,194,3,13071548,g4/12mA/12mA,94,80,0,19
30.787,HRV,195,0,13540620,g5/12mA/12mA,94,80,0,19
30.787,HRV,195,1,13626070,g4/12mA/12mA,94,80,0,19
30.787,HRV,195,2,11661826,g4/12mA/12mA,94,80,0,19
30.787,HRV,195,3,13071240,g4/12mA/12mA,94,80,0,19
30.787,HRV,196,0,13541867,g5/12mA/12mA,94,80,0,19
30.787,HRV,196,1,13626642,g4/12mA/12mA,94,80,0,19
30.787,HRV,196,2,11662424,g4/12mA/12mA,94,80,0,19
30.787,HRV,196,3,13071556,g4/12mA/12mA,94,80,0,19
30.787,HRV,197,0,13542430,g5/12mA/12mA,94,80,0,19
30.787,HRV,197,1,13626828,g4/12mA/12mA,94,80,0,19
30.787,HRV,197,2,11662433,g4/12mA/12mA,94,80,0,19
30.787,HRV,197,3,13072008,g4/12mA/12mA,94,80,0,19
30.814,SPO2,179,0,13017738,g1/73mA/0mA,94,80,0,19
30.814,SPO2,179,1,13269751,g1/36mA/0mA,94,80,0,19
30.814,SPO2,180,0,13019188,g1/73mA/0mA,94,80,0,19
30.814,SPO2,180,1,13270788,g1/36mA/0mA,94,80,0,19
30.814,SPO2,181,0,13017836,g1/73mA/0mA,94,80,0,19
30.814,SPO2,181,1,13269947,g1/36mA/0mA,94,80,0,19
30.814,SPO2,182,0,13018651,g1/73mA/0mA,94,80,0,19
30.814,SPO2,182,1,13270362,g1/36mA/0mA,94,80,0,19
30.814,SPO2,183,0,13018833,g1/73mA/0mA,94,80,0,19
30.814,SPO2,183,1,13270788,g1/36mA/0mA,94,80,0,19
30.814,SPO2,184,0,13018094,g1/73mA/0mA,94,80,0,19
30.814,SPO2,184,1,13270190,g1/36mA/0mA,94,80,0,19
30.814,SPO2,185,0,13019281,g1/73mA/0mA,94,80,0,19
30.814,SPO2,185,1,13270998,g1/36mA/0mA,94,80,0,19
30.818,SPO2,186,0,13019263,g1/73mA/0mA,94,80,0,19
30.818,SPO2,186,1,13271102,g1/36mA/0mA,94,80,0,19
30.818,SPO2,187,0,13017673,g1/73mA/0mA,94,80,0,19
30.818,SPO2,187,1,13269856,g1/36mA/0mA,94,80,0,19
30.818,SPO2,188,0,13017520,g1/73mA/0mA,94,80,0,19
30.818,SPO2,188,1,13269526,g1/36mA/0mA,94,80,0,19
30.818,SPO2,189,0,13018787,g1/73mA/0mA,94,80,0,19
30.818,SPO2,189,1,13270545,g1/36mA/0mA,94,80,0,19
30.818,SPO2,190,0,13020261,g1/73mA/0mA,94,80,0,19
30.818,SPO2,190,1,13271330,g1/36mA/0mA,94,80,0,19
30.818,SPO2,191,0,13018522,g1/73mA/0mA,94,80,0,19
30.818,SPO2,191,1,13270230,g1/36mA/0mA,94,80,0,19
30.818,SPO2,192,0,13018025,g1/73mA/0mA,94,80,0,19
30.818,SPO2,192,1,13270168,g1/36mA/0mA,94,80,0,19
30.818,SPO2,193,0,13018482,g1/73mA/0mA,94,80,0,19
30.818,SPO2,193,1,13270174,g1/36mA/0mA,94,80,0,19
30.872,SPO2,194,0,13018961,g1/73mA/0mA,94,80,0,19
30.872,SPO2,194,1,13270521,g1/36mA/0mA,94,80,0,19
30.872,SPO2,195,0,13017874,g1/73mA/0mA,94,80,0,19
30.872,SPO2,195,1,13269938,g1/36mA/0mA,94,80,0,19
30.872,SPO2,196,0,13018644,g1/73mA/0mA,94,80,0,19
30.872,SPO2,196,1,13270698,g1/36mA/0mA,94,80,0,19
30.872,SPO2,197,0,13019065,g1/73mA/0mA,94,80,0,19
30.872,SPO2,197,1,13270833,g1/36mA/0mA,94,80,0,19
30.872,SPO2,198,0,13018093,g1/73mA/0mA,94,80,0,19
30.872,SPO2,198,1,13270201,g1/36mA/0mA,94,80,0,19
32.947,HR,199,0,13542729,g5/12mA/12mA,94,80,0,19
32.947,HR,199,1,13627359,g4/12mA/12mA,94,80,0,19
32.947,HR,199,2,11663063,g4/12mA/12mA,94,80,0,19
32.947,HR,199,3,13071949,g4/12mA/12mA,94,80,0,19
32.947,HR,200,0,13541099,g5/12mA/12mA,94,79,0,19
32.947,HR,200,1,13626214,g4/12mA/12mA,94,79,0,19
32.947,HR,200,2,11661894,g4/12mA/12mA,94,79,0,19
32.947,HR,200,3,13071470,g4/12mA/12mA,94,79,0,19
32.947,HR,201,0,13540800,g5/12mA/12mA,94,79,0,19
32.947,HR,201,1,13625898,g4/12mA/12mA,94,79,0,19
32.947,HR,201,2,11661706,g4/12mA/12mA,94,79,0,19
32.947,HR,201,3,13070771,g4/12mA/12mA,94,79,0,19
32.947,HR,202,0,13542268,g5/12mA/12mA,94,79,0,19
32.947,HR,202,1,13626923,g4/12mA/12mA,94,79,0,19
32.947,HR,202,2,11662245,g4/12mA/12mA,94,79,0,19
32.947,HR,202,3,13071779,g4/12mA/12mA,94,79,0,19
32.947,HR,203,0,13541294,g5/12mA/12mA,94,79,0,19
32.947,HR,203,1,13626582,g4/12mA/12mA,94,79,0,19
32.947,HR,203,2,11662134,g4/12mA/12mA,94,79,0,19
32.947,HR,203,3,13071410,g4/12mA/12mA,94,79,0,19
33.002,HR,204,0,13539973,g5/12mA/12mA,94,79,0,19
33.002,HR,204,1,13625576,g4/12mA/12mA,94,79,0,19
33.002,HR,204,2,11661111,g4/12mA/12mA,94,79,0,19
33.002,HR,204,3,13070285,g4/12mA/12mA,94,79,0,19
33.002,HR,205,0,13541875,g5/12mA/12mA,94,79,0,19
33.002,HR,205,1,13626376,g4/12mA/12mA,94,79,0,19
33.002,HR,205,2,11661742,g4/12mA/12mA,94,79,0,19
33.002,HR,205,3,13071385,g4/12mA/12mA,94,79,0,19
33.002,HR,206,0,13540980,g5/12mA/12mA,94,79,0,19
33.002,HR,206,1,13626343,g4/12mA/12mA,94,79,0,19
33.002,HR,206,2,11661555,g4/12mA/12mA,94,79,0,19
33.002,HR,206,3,13070966,g4/12mA/12mA,94,79,0,19
33.002,HR,207,0,13539050,g5/12mA/12mA,94,79,0,19
33.002,HR,207,1,13624824,g4/12mA/12mA,94,79,0,19
33.002,HR,207,2,11660624,g4/12mA/12mA,94,79,0,19
33.002,HR,207,3,13070183,g4/12mA/12mA,94,79,0,19
33.003,HR,208,0,13541534,g5/12mA/12mA,94,79,0,19
33.003,HR,208,1,13626591,g4/12mA/12mA,94,79,0,19
33.003,HR,208,2,11661946,g4/12mA/12mA,94,79,0,19
33.003,HR,208,3,13071436,g4/12mA/12mA,94,79,0,19
33.003,HR,209,0,13540074,g5/12mA/12mA,94,79,0,19
33.003,HR,209,1,13625208,g4/12mA/12mA,94,79,0,19
33.003,HR,209,2,11660896,g4/12mA/12mA,94,79,0,19
33.003,HR,209,3,13070404,g4/12mA/12mA,94,79,0,19
33.006,HR,210,0,13541211,g5/12mA/12mA,94,79,0,19
33.006,HR,210,1,13626146,g4/12mA/12mA,94,79,0,19
33.006,HR,210,2,11661879,g4/12mA/12mA,94,79,0,19
33.006,HR,210,3,13071224,g4/12mA/12mA,94,79,0,19
33.006,HR,211,0,13540680,g5/12mA/12mA,94,79,0,19
33.006,HR,211,1,13625950,g4/12mA/12mA,94,79,0,19
33.006,HR,211,2,11661905,g4/12mA/12mA,94,79,0,19
33.006,HR,211,3,13071206,g4/12mA/12mA,94,79,0,19
33.006,HR,212,0,13540834,g5/12mA/12mA,94,79,0,19
33.006,HR,212,1,13625644,g4/12mA/12mA,94,79,0,19
33.006,HR,212,2,11661759,g4/12mA/12mA,94,79,0,19
33.006,HR,212,3,13071087,g4/12mA/12mA,94,79,0,19
33.006,HR,213,0,13539478,g5/12mA/12mA,94,79,0,19
33.006,HR,213,1,13624663,g4/12mA/12mA,94,79,0,19
33.006,HR,213,2,11660564,g4/12mA/12mA,94,79,0,19
33.006,HR,213,3,13070036,g4/12mA/12mA,94,79,0,19
33.006,HR,214,0,13540698,g5/12mA/12mA,94,79,0,19
33.006,HR,214,1,13626011,g4/12mA/12mA,94,79,0,19
33.006,HR,214,2,11661589,g4/12mA/12mA,94,79,0,19
33.006,HR,214,3,13070754,g4/12mA/12mA,94,79,0,19
33.006,HR,215,0,13539973,g5/12mA/12mA,94,79,0,19
33.006,HR,215,1,13625644,g4/12mA/12mA,94,79,0,19
33.006,HR,215,2,11661383,g4/12mA/12mA,94,79,0,19
33.006,HR,215,3,13070737,g4/12mA/12mA,94,79,0,19
33.038,HR,216,0,13542114,g5/12mA/12mA,94,79,0,19
33.038,HR,216,1,13626907,g4/12mA/12mA,94,79,0,19
33.038,HR,216,2,11662380,g4/12mA/12mA,94,79,0,19
33.038,HR,216,3,13071881,g4/12mA/12mA,94,79,0,19
33.038,HR,217,0,13540656,g5/12mA/12mA,94,79,0,19
33.038,HR,217,1,13626052,g4/12mA/12mA,94,79,0,19
33.038,HR,217,2,11661562,g4/12mA/12mA,94,79,0,19
33.038,HR,217,3,13070909,g4/12mA/12mA,94,79,0,19
33.038,HR,218,0,13540631,g5/12mA/12mA,94,79,0,19
33.038,HR,218,1,13625626,g4/12mA/12mA,94,79,0,19
33.038,HR,218,2,11661348,g4/12mA/12mA,94,79,0,19
33.038,HR,218,3,13070747,g4/12mA/12mA,94,79,0,19
33.038,HR,219,0,13541083,g5/12mA/12mA,94,79,0,19
33.038,HR,219,1,13625642,g4/12mA/12mA,94,79,0,19
33.038,HR,219,2,11661435,g4/12mA/12mA,94,79,0,19
33.038,HR,219,3,13070890,g4/12mA/12mA,94,79,0,19
33.038,HR,220,0,13541229,g5/12mA/12mA,94,79,0,19
33.038,HR,220,1,13626062,g4/12mA/12mA,94,79,0,19
33.038,HR,220,2,11661826,g4/12mA/12mA,94,79,0,19
33.038,HR,220,3,13071155,g4/12mA/12mA,94,79,0,19
33.038,HR,221,0,13539640,g5/12mA/12mA,94,79,0,19
33.038,HR,221,1,13624817,g4/12mA/12mA,94,79,0,19
33.038,HR,221,2,11660787,g4/12mA/12mA,94,79,0,19
33.038,HR,221,3,13070039,g4/12mA/12mA,94,79,0,19
33.038,HR,222,0,13540074,g5/12mA/12mA,94,79,0,19
33.038,HR,222,1,13625328,g4/12mA/12mA,94,79,0,19
33.038,HR,222,2,11661332,g4/12mA/12mA,94,79,0,19
33.038,HR,222,3,13070815,g4/12mA/12mA,94,79,0,19
33.038,HR,223,0,13539904,g5/12mA/12mA,94,79,0,19
33.038,HR,223,1,13625687,g4/12mA/12mA,94,79,0,19
33.038,HR,223,2,11661069,g4/12mA/12mA,94,79,0,19
33.038,HR,223,3,13070525,g4/12mA/12mA,94,79,0,19
33.038,HR,224,0,13540947,g5/12mA/12mA,94,79,0,19
33.038,HR,224,1,13626248,g4/12mA/12mA,94,79,0,19
33.038,HR,224,2,11661649,g4/12mA/12mA,94,79,0,19
33.038,HR,224,3,13071240,g4/12mA/12mA,94,79,0,19
33.038,HR,225,0,13543369,g5/12mA/12mA,94,78,0,19
33.038,HR,225,1,13627667,g4/12mA/12mA,94,78,0,19
33.038,HR,225,2,11663098,g4/12mA/12mA,94,78,0,19
33.038,HR,225,3,13072255,g4/12mA/12mA,94,78,0,19
33.038,HR,226,0,13541960,g5/12mA/12mA,94,78,0,19
33.038,HR,226,1,13626505,g4/12mA/12mA,94,78,0,19
33.038,HR,226,2,11662151,g4/12mA/12mA,94,78,0,19
33.038,HR,226,3,13071515,g4/12mA/12mA,94,78,0,19
33.067,HRV,199,0,13542729,g5/12mA/12mA,94,78,0,19
33.067,HRV,199,1,13627359,g4/12mA/12mA,94,78,0,19
33.067,HRV,199,2,11663063,g4/12mA/12mA,94,78,0,19
33.067,HRV,199,3,13071949,g4/12mA/12mA,94,78,0,19
33.067,HRV,200,0,13541099,g5/12mA/12mA,94,78,0,19
33.067,HRV,200,1,13626214,g4/12mA/12mA,94,78,0,19
33.067,HRV,200,2,11661894,g4/12mA/12mA,94,78,0,19
33.067,HRV,200,3,13071470,g4/12mA/12mA,94,78,0,19
33.067,HRV,201,0,13540800,g5/12mA/12mA,94,78,0,19
33.067,HRV,201,1,13625898,g4/12mA/12mA,94,78,0,19
33.067,HRV,201,2,11661706,g4/12mA/12mA,94,78,0,19
33.068,HRV,201,3,13070771,g4/12mA/12mA,94,78,0,19
33.068,HRV,202,0,13542268,g5/12mA/12mA,94,78,0,19
33.068,HRV,202,1,13626923,g4/12mA/12mA,94,78,0,19
33.068,HRV,202,2,11662245,g4/12mA/12mA,94,78,0,19
33.068,HRV,202,3,13071779,g4/12mA/12mA,94,78,0,19
33.093,HRV,203,0,13541294,g5/12mA/12mA,94,78,0,19
33.093,HRV,203,1,13626582,g4/12mA/12mA,94,78,0,19
33.093,HRV,203,2,11662134,g4/12mA/12mA,94,78,0,19
33.093,HRV,203,3,13071410,g4/12mA/12mA,94,78,0,19
33.093,HRV,204,0,13539973,g5/12mA/12mA,94,78,0,19
33.093,HRV,204,1,13625576,g4/12mA/12mA,94,78,0,19
33.093,HRV,204,2,11661111,g4/12mA/12mA,94,78,0,19
33.093,HRV,204,3,13070285,g4/12mA/12mA,94,78,0,19
33.093,HRV,205,0,13541875,g5/12mA/12mA,94,78,0,19
33.093,HRV,205,1,13626376,g4/12mA/12mA,94,78,0,19
33.093,HRV,205,2,11661742,g4/12mA/12mA,94,78,0,19
33.093,HRV,205,3,13071385,g4/12mA/12mA,94,78,0,19
33.093,HRV,206,0,13540980,g5/12mA/12mA,94,78,0,19
33.093,HRV,206,1,13626343,g4/12mA/12mA,94,78,0,19
33.093,HRV,206,2,11661555,g4/12mA/12mA,94,78,0,19
33.093,HRV,206,3,13070966,g4/12mA/12mA,94,78,0,19
33.093,HRV,207,0,13539050,g5/12mA/12mA,94,78,0,19
33.093,HRV,207,1,13624824,g4/12mA/12mA,94,78,0,19
33.093,HRV,207,2,11660624,g4/12mA/12mA,94,78,0,19
33.093,HRV,207,3,13070183,g4/12mA/12mA,94,78,0,19
33.093,HRV,208,0,13541534,g5/12mA/12mA,94,78,0,19
33.093,HRV,208,1,13626591,g4/12mA/12mA,94,78,0,19
33.093,HRV,208,2,11661946,g4/12mA/12mA,94,78,0,19
33.093,HRV,208,3,13071436,g4/12mA/12mA,94,78,0,19
33.122,HRV,221,0,13539640,g5/12mA/12mA,94,78,0,19
33.122,HRV,221,1,13624817,g4/12mA/12mA,94,78,0,19
33.122,HRV,221,2,11660787,g4/12mA/12mA,94,78,0,19
33.122,HRV,221,3,13070039,g4/12mA/12mA,94,78,0,19
33.122,HRV,222,0,13540074,g5/12mA/12mA,94,78,0,19
33.122,HRV,222,1,13625328,g4/12mA/12mA,94,78,0,19
33.122,HRV,222,2,11661332,g4/12mA/12mA,94,78,0,19
33.122,HRV,222,3,13070815,g4/12mA/12mA,94,78,0,19
33.122,HRV,223,0,13539904,g5/12mA/12mA,94,78,0,19
33.122,HRV,223,1,13625687,g4/12mA/12mA,94,78,0,19
33.122,HRV,223,2,11661069,g4/12mA/12mA,94,78,0,19
33.122,HRV,223,3,13070525,g4/12mA/12mA,94,78,0,19
33.122,HRV,224,0,13540947,g5/12mA/12mA,94,78,0,19
33.122,HRV,224,1,13626248,g4/12mA/12mA,94,78,0,19
33.122,HRV,224,2,11661649,g4/12mA/12mA,94,78,0,19
33.122,HRV,224,3,13071240,g4/12mA/12mA,94,78,0,19
33.122,HRV,225,0,13543369,g5/12mA/12mA,94,78,0,19
33.122,HRV,225,1,13627667,g4/12mA/12mA,94,78,0,19
33.122,HRV,225,2,11663098,g4/12mA/12mA,94,78,0,19
33.122,HRV,225,3,13072255,g4/12mA/12mA,94,78,0,19
33.123,HRV,232,0,13543129,g5/12mA/12mA,94,78,0,19
33.123,HRV,232,1,13627785,g4/12mA/12mA,94,78,0,19
33.123,HRV,232,2,11662995,g4/12mA/12mA,94,78,0,19
33.123,HRV,232,3,13072434,g4/12mA/12mA,94,78,0,19
33.153,SPO2,199,0,13019787,g1/73mA/0mA,94,78,0,19
33.153,SPO2,199,1,13271185,g1/36mA/0mA,94,78,0,19
33.153,SPO2,200,0,13018392,g1/73mA/0mA,94,78,0,17
33.153,SPO2,200,1,13270299,g1/36mA/0mA,94,78,0,17
33.153,SPO2,201,0,13017805,g1/73mA/0mA,94,78,0,17
33.153,SPO2,201,1,13270054,g1/36mA/0mA,94,78,0,17
33.153,SPO2,202,0,13019152,g1/73mA/0mA,94,78,0,17
33.153,SPO2,202,1,13270822,g1/36mA/0mA,94,78,0,17
33.153,SPO2,203,0,13018200,g1/73mA/0mA,94,78,0,17
33.153,SPO2,203,1,13270005,g1/36mA/0mA,94,78,0,17
33.153,SPO2,204,0,13016688,g1/73mA/0mA,94,78,0,17
33.153,SPO2,204,1,13269207,g1/36mA/0mA,94,78,0,17
33.156,SPO2,213,0,13016265,g1/73mA/0mA,94,78,0,17
33.156,SPO2,213,1,13268913,g1/36mA/0mA,94,78,0,17
33.156,SPO2,214,0,13018065,g1/73mA/0mA,94,78,0,17
33.156,SPO2,214,1,13270658,g1/36mA/0mA,94,78,0,17
33.156,SPO2,215,0,13017319,g1/73mA/0mA,94,78,0,17
33.156,SPO2,215,1,13269849,g1/36mA/0mA,94,78,0,17
33.156,SPO2,216,0,13019085,g1/73mA/0mA,94,78,0,17
33.156,SPO2,216,1,13271001,g1/36mA/0mA,94,78,0,17
33.156,SPO2,217,0,13017650,g1/73mA/0mA,94,78,0,17
33.156,SPO2,217,1,13269970,g1/36mA/0mA,94,78,0,17
33.156,SPO2,218,0,13016878,g1/73mA/0mA,94,78,0,17
33.156,SPO2,218,1,13269300,g1/36mA/0mA,94,78,0,17
33.156,SPO2,219,0,13017613,g1/73mA/0mA,94,78,0,17
33.156,SPO2,219,1,13269724,g1/36mA/0mA,94,78,0,17
33.187,SPO2,226,0,13018045,g1/73mA/0mA,94,78,0,17
33.187,SPO2,226,1,13269671,g1/36mA/0mA,94,78,0,17
33.187,SPO2,227,0,13018515,g1/73mA/0mA,94,78,0,17
33.187,SPO2,227,1,13269777,g1/36mA/0mA,94,78,0,17
33.187,SPO2,228,0,13016247,g1/73mA/0mA,94,78,0,17
33.187,SPO2,228,1,13268787,g1/36mA/0mA,94,78,0,17
33.187,SPO2,229,0,13016868,g1/73mA/0mA,94,78,0,17
33.187,SPO2,229,1,13269796,g1/36mA/0mA,94,78,0,17
33.187,SPO2,230,0,13020830,g1/73mA/0mA,94,78,0,17
33.187,SPO2,230,1,13272413,g1/36mA/0mA,94,78,0,17
33.187,SPO2,231,0,13019637,g1/73mA/0mA,94,78,0,17
33.187,SPO2,231,1,13271335,g1/36mA/0mA,94,78,0,17
33.214,HR,233,0,13542446,g5/12mA/12mA,94,78,0,17
33.214,HR,233,1,13626933,g4/12mA/12mA,94,78,0,17
33.214,HR,233,2,11662535,g4/12mA/12mA,94,78,0,17
33.214,HR,233,3,13071779,g4/12mA/12mA,94,78,0,17
33.214,HR,234,0,13541867,g5/12mA/12mA,94,78,0,17
33.214,HR,234,1,13626471,g4/12mA/12mA,94,78,0,17
33.214,HR,234,2,11661928,g4/12mA/12mA,94,78,0,17
33.214,HR,234,3,13071350,g4/12mA/12mA,94,78,0,17
33.214,HR,235,0,13541287,g5/12mA/12mA,94,78,0,17
33.214,HR,235,1,13626284,g4/12mA/12mA,94,78,0,17
33.214,HR,235,2,11661981,g4/12mA/12mA,94,78,0,17
33.214,HR,235,3,13071395,g4/12mA/12mA,94,78,0,17
33.214,HR,236,0,13541662,g5/12mA/12mA,94,78,0,17
33.214,HR,236,1,13626387,g4/12mA/12mA,94,78,0,17
33.214,HR,236,2,11662210,g4/12mA/12mA,94,78,0,17
33.214,HR,236,3,13071301,g4/12mA/12mA,94,78,0,17
33.214,HR,237,0,13540401,g5/12mA/12mA,94,78,0,17
33.214,HR,237,1,13626079,g4/12mA/12mA,94,78,0,17
33.214,HR,237,2,11661886,g4/12mA/12mA,94,78,0,17
33.214,HR,237,3,13071078,g4/12mA/12mA,94,78,0,17
33.214,HR,238,0,13542080,g5/12mA/12mA,94,78,0,17
33.214,HR,238,1,13626933,g4/12mA/12mA,94,78,0,17
33.214,HR,238,2,11662357,g4/12mA/12mA,94,78,0,17
33.214,HR,238,3,13071711,g4/12mA/12mA,94,78,0,17
33.216,HR,250,0,13542447,g5/12mA/12mA,93,80,0,17
33.216,HR,250,1,13627173,g4/12mA/12mA,93,80,0,17
33.216,HR,250,2,11662560,g4/12mA/12mA,93,80,0,17
33.216,HR,250,3,13071668,g4/12mA/12mA,93,80,0,17
33.216,HR,251,0,13542958,g5/12mA/12mA,93,80,0,17
33.216,HR,251,1,13627650,g4/12mA/12mA,93,80,0,17
33.216,HR,251,2,11663029,g4/12mA/12mA,93,80,0,17
33.217,HR,251,3,13072358,g4/12mA/12mA,93,80,0,17
33.244,HRV,233,0,13542446,g5/12mA/12mA,93,80,0,17
33.244,HRV,233,1,13626933,g4/12mA/12mA,93,80,0,17
33.244,HRV,233,2,11662535,g4/12mA/12mA,93,80,0,17
33.244,HRV,233,3,13071779,g4/12mA/12mA,93,80,0,17
33.244,HRV,234,0,13541867,g5/12mA/12mA,93,80,0,17
33.244,HRV,234,1,13626471,g4/12mA/12mA,93,80,0,17
33.244,HRV,234,2,11661928,g4/12mA/12mA,93,80,0,17
33.244,HRV,234,3,13071350,g4/12mA/12mA,93,80,0,17
33.244,HRV,235,0,13541287,g5/12mA/12mA,93,80,0,17
33.244,HRV,235,1,13626284,g4/12mA/12mA,93,80,0,17
33.244,HRV,235,2,11661981,g4/12mA/12mA,93,80,0,17
33.244,HRV,235,3,13071395,g4/12mA/12mA,93,80,0,17
33.244,HRV,236,0,13541662,g5/12mA/12mA,93,80,0,17
33.244,HRV,236,1,13626387,g4/12mA/12mA,93,80,0,17
33.244,HRV,236,2,11662210,g4/12mA/12mA,93,80,0,17
33.244,HRV,236,3,13071301,g4/12mA/12mA,93,80,0,17
33.244,HRV,237,0,13540401,g5/12mA/12mA,93,80,0,17
33.244,HRV,237,1,13626079,g4/12mA/12mA,93,80,0,17
33.244,HRV,237,2,11661886,g4/12mA/12mA,93,80,0,17
33.244,HRV,237,3,13071078,g4/12mA/12mA,93,80,0,17
33.244,HRV,238,0,13542080,g5/12mA/12mA,93,80,0,17
33.244,HRV,238,1,13626933,g4/12mA/12mA,93,80,0,17
33.244,HRV,238,2,11662357,g4/12mA/12mA,93,80,0,17
33.244,HRV,238,3,13071711,g4/12mA/12mA,93,80,0,17
33.248,HRV,239,0,13541833,g5/12mA/12mA,93,80,0,17
33.248,HRV,239,1,13626478,g4/12mA/12mA,93,80,0,17
33.248,HRV,239,2,11662169,g4/12mA/12mA,93,80,0,17
33.248,HRV,239,3,13071531,g4/12mA/12mA,93,80,0,17
33.248,HRV,240,0,13542480,g5/12mA/12mA,93,80,0,17
33.248,HRV,240,1,13627366,g4/12mA/12mA,93,80,0,17
33.248,HRV,240,2,11662782,g4/12mA/12mA,93,80,0,17
33.248,HRV,240,3,13072154,g4/12mA/12mA,93,80,0,17
33.248,HRV,241,0,13543180,g5/12mA/12mA,93,80,0,17
33.248,HRV,241,1,13627264,g4/12mA/12mA,93,80,0,17
33.248,HRV,241,2,11662424,g4/12mA/12mA,93,80,0,17
33.248,HRV,241,3,13072178,g4/12mA/12mA,93,80,0,17
33.248,HRV,242,0,13540903,g5/12mA/12mA,93,80,0,17
33.248,HRV,242,1,13626037,g4/12mA/12mA,93,80,0,17
33.248,HRV,242,2,11661716,g4/12mA/12mA,93,80,0,17
33.248,HRV,242,3,13071164,g4/12mA/12mA,93,80,0,17
33.248,HRV,243,0,13540495,g5/12mA/12mA,93,80,0,17
33.248,HRV,243,1,13625687,g4/12mA/12mA,93,80,0,17
33.248,HRV,243,2,11661623,g4/12mA/12mA,93,80,0,17
33.248,HRV,243,3,13071027,g4/12mA/12mA,93,80,0,17
33.248,HRV,244,0,13541927,g5/12mA/12mA,93,80,0,17
33.248,HRV,244,1,13626601,g4/12mA/12mA,93,80,0,17
33.248,HRV,244,2,11662312,g4/12mA/12mA,93,80,0,17
33.248,HRV,244,3,13071583,g4/12mA/12mA,93,80,0,17
33.306,SPO2,232,0,13019807,g1/73mA/0mA,93,80,0,17
33.306,SPO2,232,1,13271122,g1/36mA/0mA,93,80,0,17
33.306,SPO2,233,0,13018808,g1/73mA/0mA,93,80,0,17
33.306,SPO2,233,1,13270362,g1/36mA/0mA,93,80,0,17
33.306,SPO2,234,0,13018300,g1/73mA/0mA,93,80,0,17
33.306,SPO2,234,1,13270123,g1/36mA/0mA,93,80,0,17
33.306,SPO2,235,0,13017743,g1/73mA/0mA,93,80,0,17
33.306,SPO2,235,1,13269613,g1/36mA/0mA,93,80,0,17
33.306,SPO2,236,0,13018188,g1/73mA/0mA,93,80,0,17
33.306,SPO2,236,1,13270192,g1/36mA/0mA,93,80,0,17
33.306,SPO2,237,0,13017408,g1/73mA/0mA,93,80,0,17
33.306,SPO2,237,1,13269542,g1/36mA/0mA,93,80,0,17
33.306,SPO2,238,0,13018861,g1/73mA/0mA,93,80,0,17
33.306,SPO2,238,1,13270942,g1/36mA/0mA,93,80,0,17
33.306,SPO2,239,0,13018695,g1/73mA/0mA,93,80,0,17
33.306,SPO2,239,1,13270684,g1/36mA/0mA,93,80,0,17
33.306,SPO2,240,0,13019531,g1/73mA/0mA,93,80,0,17
33.306,SPO2,240,1,13271213,g1/36mA/0mA,93,80,0,17
33.306,SPO2,241,0,13018989,g1/73mA/0mA,93,80,0,17
33.306,SPO2,241,1,13270432,g1/36mA/0mA,93,80,0,17
33.306,SPO2,242,0,13017688,g1/73mA/0mA,93,80,0,17
33.306,SPO2,242,1,13269856,g1/36mA/0mA,93,80,0,17
33.306,SPO2,243,0,13017472,g1/73mA/0mA,93,80,0,17
33.306,SPO2,243,1,13269553,g1/36mA/0mA,93,80,0,17
33.306,SPO2,244,0,13018464,g1/73mA/0mA,93,80,0,17
33.306,SPO2,244,1,13270510,g1/36mA/0mA,93,80,0,17
33.306,SPO2,245,0,13018185,g1/73mA/0mA,93,80,0,17
33.306,SPO2,245,1,13270437,g1/36mA/0mA,93,80,0,17
33.306,SPO2,246,0,13018286,g1/73mA/0mA,93,80,0,17
33.306,SPO2,246,1,13270464,g1/36mA/0mA,93,80,0,17
34.329,HR,252,0,13542566,g5/12mA/12mA,93,80,0,17
34.329,HR,252,1,13627359,g4/12mA/12mA,93,80,0,17
34.329,HR,252,2,11662688,g4/12mA/12mA,93,80,0,17
34.329,HR,252,3,13072118,g4/12mA/12mA,93,80,0,17
34.329,HR,253,0,13542114,g5/12mA/12mA,93,80,0,17
34.329,HR,253,1,13626684,g4/12mA/12mA,93,80,0,17
34.329,HR,253,2,11662338,g4/12mA/12mA,93,80,0,17
34.329,HR,253,3,13071820,g4/12mA/12mA,93,80,0,17
34.329,HR,254,0,13542114,g5/12mA/12mA,93,80,0,17
34.329,HR,254,1,13626549,g4/12mA/12mA,93,80,0,17
34.329,HR,254,2,11662278,g4/12mA/12mA,93,80,0,17
34.329,HR,254,3,13071693,g4/12mA/12mA,93,80,0,17
34.329,HR,255,0,13542072,g5/12mA/12mA,93,80,0,17
34.329,HR,255,1,13626864,g4/12mA/12mA,93,80,0,17
34.329,HR,255,2,11662474,g4/12mA/12mA,93,80,0,17
34.329,HR,255,3,13071854,g4/12mA/12mA,93,80,0,17
34.329,HR,0,0,13544110,g5/12mA/12mA,93,80,0,17
34.329,HR,0,1,13628075,g4/12mA/12mA,93,80,0,17
34.329,HR,0,2,11663415,g4/12mA/12mA,93,80,0,17
34.329,HR,0,3,13072871,g4/12mA/12mA,93,80,0,17
34.329,HR,1,0,13541757,g5/12mA/12mA,93,80,0,17
34.329,HR,1,1,13626523,g4/12mA/12mA,93,80,0,17
34.329,HR,1,2,11662210,g4/12mA/12mA,93,80,0,17
34.329,HR,1,3,13071282,g4/12mA/12mA,93,80,0,17
34.385,HR,2,0,13542242,g5/12mA/12mA,93,80,0,17
34.385,HR,2,1,13626907,g4/12mA/12mA,93,80,0,17
34.385,HR,2,2,11662467,g4/12mA/12mA,93,80,0,17
34.385,HR,2,3,13071760,g4/12mA/12mA,93,80,0,17
34.385,HR,3,0,13540297,g5/12mA/12mA,93,80,0,17
34.385,HR,3,1,13625712,g4/12mA/12mA,93,80,0,17
34.385,HR,3,2,11661160,g4/12mA/12mA,93,80,0,17
34.385,HR,3,3,13070763,g4/12mA/12mA,93,80,0,17
34.385,HR,4,0,13543086,g5/12mA/12mA,93,80,0,17
34.385,HR,4,1,13627215,g4/12mA/12mA,93,80,0,17
34.385,HR,4,2,11662824,g4/12mA/12mA,93,80,0,17
34.385,HR,4,3,13072118,g4/12mA/12mA,93,80,0,17
34.385,HR,5,0,13542423,g5/12mA/12mA,93,80,0,17
34.385,HR,5,1,13627095,g4/12mA/12mA,93,80,0,17
34.385,HR,5,2,11662764,g4/12mA/12mA,93,80,0,17
34.385,HR,5,3,13071881,g4/12mA/12mA,93,80,0,17
34.385,HR,6,0,13541169,g5/12mA/12mA,93,80,0,17
34.385,HR,6,1,13626155,g4/12mA/12mA,93,80,0,17
34.385,HR,6,2,11661921,g4/12mA/12mA,93,80,0,17
34.385,HR,6,3,13071199,g4/12mA/12mA,93,80,0,17
34.385,HR,7,0,13542643,g5/12mA/12mA,93,80,0,17
34.385,HR,7,1,13627060,g4/12mA/12mA,93,80,0,17
34.385,HR,7,2,11662587,g4/12mA/12mA,93,80,0,17
34.385,HR,7,3,13072008,g4/12mA/12mA,93,80,0,17
34.414,HR,8,0,13543027,g5/12mA/12mA,93,80,0,17
34.414,HR,8,1,13627562,g4/12mA/12mA,93,80,0,17
34.414,HR,8,2,11662997,g4/12mA/12mA,93,80,0,17
34.414,HR,8,3,13072316,g4/12mA/12mA,93,80,0,17
34.414,HR,9,0,13542430,g5/12mA/12mA,93,80,0,17
34.414,HR,9,1,13627087,g4/12mA/12mA,93,80,0,17
34.414,HR,9,2,11662527,g4/12mA/12mA,93,80,0,17
34.414,HR,9,3,13071711,g4/12mA/12mA,93,80,0,17
34.414,HR,10,0,13541423,g5/12mA/12mA,93,80,0,17
34.414,HR,10,1,13626403,g4/12mA/12mA,93,80,0,17
34.414,HR,10,2,11661759,g4/12mA/12mA,93,80,0,17
34.414,HR,10,3,13071240,g4/12mA/12mA,93,80,0,17
34.414,HR,11,0,13540108,g5/12mA/12mA,93,80,0,17
34.414,HR,11,1,13625551,g4/12mA/12mA,93,80,0,17
34.414,HR,11,2,11661417,g4/12mA/12mA,93,80,0,17
34.414,HR,11,3,13070702,g4/12mA/12mA,93,80,0,17
34.414,HR,12,0,13541211,g5/12mA/12mA,93,80,0,17
34.414,HR,12,1,13626217,g4/12mA/12mA,93,80,0,17
34.414,HR,12,2,11662015,g4/12mA/12mA,93,80,0,17
34.414,HR,12,3,13071308,g4/12mA/12mA,93,80,0,17
34.414,HR,13,0,13544641,g5/12mA/12mA,93,80,0,17
34.414,HR,13,1,13628372,g4/12mA/12mA,93,80,0,17
34.414,HR,13,2,11663796,g4/12mA/12mA,93,80,0,17
34.414,HR,13,3,13073289,g4/12mA/12mA,93,80,0,17
34.447,HR,14,0,13541816,g5/12mA/12mA,93,80,0,17
34.447,HR,14,1,13626864,g4/12mA/12mA,93,80,0,17
34.447,HR,14,2,11662083,g4/12mA/12mA,93,80,0,17
34.447,HR,14,3,13071650,g4/12mA/12mA,93,80,0,17
34.447,HR,15,0,13542378,g5/12mA/12mA,93,80,0,17
34.447,HR,15,1,13627095,g4/12mA/12mA,93,80,0,17
34.447,HR,15,2,11662799,g4/12mA/12mA,93,80,0,17
34.447,HR,15,3,13072110,g4/12mA/12mA,93,80,0,17
34.447,HR,16,0,13542439,g5/12mA/12mA,93,80,0,17
34.447,HR,16,1,13626993,g4/12mA/12mA,93,80,0,17
34.447,HR,16,2,11662380,g4/12mA/12mA,93,80,0,17
34.447,HR,16,3,13071667,g4/12mA/12mA,93,80,0,17
34.447,HR,17,0,13542744,g5/12mA/12mA,93,80,0,17
34.447,HR,17,1,13627205,g4/12mA/12mA,93,80,0,17
34.447,HR,17,2,11662655,g4/12mA/12mA,93,80,0,17
34.447,HR,17,3,13072042,g4/12mA/12mA,93,80,0,17
34.447,HR,18,0,13542148,g5/12mA/12mA,93,80,0,17
34.447,HR,18,1,13626975,g4/12mA/12mA,93,80,0,17
34.447,HR,18,2,11662424,g4/12mA/12mA,93,80,0,17
34.447,HR,18,3,13071590,g4/12mA/12mA,93,80,0,17
34.448,HR,19,0,13542499,g5/12mA/12mA,94,81,0,17
34.448,HR,19,1,13626958,g4/12mA/12mA,94,81,0,17
34.448,HR,19,2,11662610,g4/12mA/12mA,94,81,0,17
34.448,HR,19,3,13071599,g4/12mA/12mA,94,81,0,17
34.448,HR,20,0,13539494,g5/12mA/12mA,94,81,0,17
34.448,HR,20,1,13625020,g4/12mA/12mA,94,81,0,17
34.448,HR,20,2,11661067,g4/12mA/12mA,94,81,0,17
34.448,HR,20,3,13070149,g4/12mA/12mA,94,81,0,17
34.448,HR,21,0,13541576,g5/12mA/12mA,94,81,0,17
34.448,HR,21,1,13626549,g4/12mA/12mA,94,81,0,17
34.448,HR,21,2,11662203,g4/12mA/12mA,94,81,0,17
34.448,HR,21,3,13071813,g4/12mA/12mA,94,81,0,17
34.448,HR,22,0,13542175,g5/12mA/12mA,94,81,0,17
34.448,HR,22,1,13626862,g4/12mA/12mA,94,81,0,17
34.448,HR,22,2,11662270,g4/12mA/12mA,94,81,0,17
34.448,HR,22,3,13071616,g4/12mA/12mA,94,81,0,17
34.448,HR,23,0,13543165,g5/12mA/12mA,94,81,0,17
34.448,HR,23,1,13627539,g4/12mA/12mA,94,81,0,17
34.448,HR,23,2,11663098,g4/12mA/12mA,94,81,0,17
34.448,HR,23,3,13072468,g4/12mA/12mA,94,81,0,17
34.505,HRV,252,0,13542566,g5/12mA/12mA,94,81,0,17
34.505,HRV,252,1,13627359,g4/12mA/12mA,94,81,0,17
34.505,HRV,252,2,11662688,g4/12mA/12mA,94,81,0,17
34.505,HRV,252,3,13072118,g4/12mA/12mA,94,81,0,17
34.505,HRV,253,0,13542114,g5/12mA/12mA,94,81,0,17
34.505,HRV,253,1,13626684,g4/12mA/12mA,94,81,0,17
34.505,HRV,253,2,11662338,g4/12mA/12mA,94,81,0,17
34.505,HRV,253,3,13071820,g4/12mA/12mA,94,81,0,17
34.505,HRV,254,0,13542114,g5/12mA/12mA,94,81,0,17
34.505,HRV,254,1,13626549,g4/12mA/12mA,94,81,0,17
34.505,HRV,254,2,11662278,g4/12mA/12mA,94,81,0,17
34.505,HRV,254,3,13071693,g4/12mA/12mA,94,81,0,17
34.505,HRV,255,0,13542072,g5/12mA/12mA,94,81,0,17
34.505,HRV,255,1,13626864,g4/12mA/12mA,94,81,0,17
34.505,HRV,255,2,11662474,g4/12mA/12mA,94,81,0,17
34.505,HRV,255,3,13071854,g4/12mA/12mA,94,81,0,17
34.505,HRV,0,0,13544110,g5/12mA/12mA,94,81,0,17
34.505,HRV,0,1,13628075,g4/12mA/12mA,94,81,0,17
34.505,HRV,0,2,11663415,g4/12mA/12mA,94,81,0,17
34.505,HRV,0,3,13072871,g4/12mA/12mA,94,81,0,17
34.505,HRV,1,0,13541757,g5/12mA/12mA,94,81,0,17
34.505,HRV,1,1,13626523,g4/12mA/12mA,94,81,0,17
34.505,HRV,1,2,11662210,g4/12mA/12mA,94,81,0,17
34.505,HRV,1,3,13071282,g4/12mA/12mA,94,81,0,17
34.509,HRV,8,0,13543027,g5/12mA/12mA,94,81,0,17
34.509,HRV,8,1,13627562,g4/12mA/12mA,94,81,0,17
34.509,HRV,8,2,11662997,g4/12mA/12mA,94,81,0,17
34.509,HRV,8,3,13072316,g4/12mA/12mA,94,81,0,17
34.509,HRV,9,0,13542430,g5/12mA/12mA,94,81,0,17
34.509,HRV,9,1,13627087,g4/12mA/12mA,94,81,0,17
34.509,HRV,9,2,11662527,g4/12mA/12mA,94,81,0,17
34.509,HRV,9,3,13071711,g4/12mA/12mA,94,81,0,17
34.509,HRV,10,0,13541423,g5/12mA/12mA,94,81,0,17
34.509,HRV,10,1,13626403,g4/12mA/12mA,94,81,0,17
34.509,HRV,10,2,11661759,g4/12mA/12mA,94,81,0,17
34.509,HRV,10,3,13071240,g4/12mA/12mA,94,81,0,17
34.509,HRV,11,0,13540108,g5/12mA/12mA,94,81,0,17
34.509,HRV,11,1,13625551,g4/12mA/12mA,94,81,0,17
34.509,HRV,11,2,11661417,g4/12mA/12mA,94,81,0,17
34.509,HRV,11,3,13070702,g4/12mA/12mA,94,81,0,17
34.509,HRV,12,0,13541211,g5/12mA/12mA,94,81,0,17
34.509,HRV,12,1,13626217,g4/12mA/12mA,94,81,0,17
34.509,HRV,12,2,11662015,g4/12mA/12mA,94,81,0,17
34.509,HRV,12,3,13071308,g4/12mA/12mA,94,81,0,17
34.509,HRV,13,0,13544641,g5/12mA/12mA,94,81,0,17
34.509,HRV,13,1,13628372,g4/12mA/12mA,94,81,0,17
34.509,HRV,13,2,11663796,g4/12mA/12mA,94,81,0,17
34.509,HRV,13,3,13073289,g4/12mA/12mA,94,81,0,17
34.536,HRV,19,0,13542499,g5/12mA/12mA,94,81,0,17
34.536,HRV,19,1,13626958,g4/12mA/12mA,94,81,0,17
34.536,HRV,19,2,11662610,g4/12mA/12mA,94,81,0,17
34.536,HRV,19,3,13071599,g4/12mA/12mA,94,81,0,17
34.536,HRV,20,0,13539494,g5/12mA/12mA,94,81,0,17
34.536,HRV,20,1,13625020,g4/12mA/12mA,94,81,0,17
34.536,HRV,20,2,11661067,g4/12mA/12mA,94,81,0,17
34.536,HRV,20,3,13070149,g4/12mA/12mA,94,81,0,17
34.537,HRV,21,0,13541576,g5/12mA/12mA,94,81,0,17
34.537,HRV,21,1,13626549,g4/12mA/12mA,94,81,0,17
34.537,HRV,21,2,11662203,g4/12mA/12mA,94,81,0,17
34.537,HRV,21,3,13071813,g4/12mA/12mA,94,81,0,17
34.537,HRV,22,0,13542175,g5/12mA/12mA,94,81,0,17
34.537,HRV,22,1,13626862,g4/12mA/12mA,94,81,0,17
34.537,HRV,22,2,11662270,g4/12mA/12mA,94,81,0,17
34.537,HRV,22,3,13071616,g4/12mA/12mA,94,81,0,17
34.537,HRV,23,0,13543165,g5/12mA/12mA,94,81,0,17
34.537,HRV,23,1,13627539,g4/12mA/12mA,94,81,0,17
34.537,HRV,23,2,11663098,g4/12mA/12mA,94,81,0,17
34.537,HRV,23,3,13072468,g4/12mA/12mA,94,81,0,17
34.566,HRV,24,0,13540894,g5/12mA/12mA,94,81,0,17
34.566,HRV,24,1,13625893,g4/12mA/12mA,94,81,0,17
34.566,HRV,24,2,11661656,g4/12mA/12mA,94,81,0,17
34.566,HRV,24,3,13070780,g4/12mA/12mA,94,81,0,17
34.566,HRV,25,0,13540383,g5/12mA/12mA,94,81,0,17
34.566,HRV,25,1,13625626,g4/12mA/12mA,94,81,0,17
34.566,HRV,25,2,11661230,g4/12mA/12mA,94,81,0,17
34.566,HRV,25,3,13070642,g4/12mA/12mA,94,81,0,17
34.566,HRV,26,0,13539878,g5/12mA/12mA,94,81,0,17
34.566,HRV,26,1,13625073,g4/12mA/12mA,94,81,0,17
34.566,HRV,26,2,11660939,g4/12mA/12mA,94,81,0,17
34.566,HRV,26,3,13070558,g4/12mA/12mA,94,81,0,17
34.566,HRV,27,0,13541960,g5/12mA/12mA,94,81,0,17
34.566,HRV,27,1,13626225,g4/12mA/12mA,94,81,0,17
34.566,HRV,27,2,11661837,g4/12mA/12mA,94,81,0,17
34.566,HRV,27,3,13071454,g4/12mA/12mA,94,81,0,17
34.566,HRV,28,0,13540733,g5/12mA/12mA,94,81,0,17
34.566,HRV,28,1,13626079,g4/12mA/12mA,94,81,0,17
34.566,HRV,28,2,11661792,g4/12mA/12mA,94,81,0,17
34.566,HRV,28,3,13070924,g4/12mA/12mA,94,81,0,17
34.566,HRV,29,0,13543922,g5/12mA/12mA,94,81,0,17
34.566,HRV,29,1,13628041,g4/12mA/12mA,94,81,0,17
34.566,HRV,29,2,11663464,g4/12mA/12mA,94,81,0,17
34.566,HRV,29,3,13072502,g4/12mA/12mA,94,81,0,17
34.567,SPO2,11,0,13017465,g1/73mA/0mA,94,81,0,17
34.567,SPO2,11,1,13270154,g1/36mA/0mA,94,81,0,17
34.567,SPO2,12,0,13018374,g1/73mA/0mA,94,81,0,17
34.567,SPO2,12,1,13270447,g1/36mA/0mA,94,81,0,17
34.567,SPO2,13,0,13021508,g1/73mA/0mA,94,81,0,17
34.567,SPO2,13,1,13272728,g1/36mA/0mA,94,81,0,17
34.567,SPO2,14,0,13018464,g1/73mA/0mA,94,81,0,17
34.567,SPO2,14,1,13270340,g1/36mA/0mA,94,81,0,17
34.567,SPO2,15,0,13019449,g1/73mA/0mA,94,81,0,17
34.567,SPO2,15,1,13271186,g1/36mA/0mA,94,81,0,17
34.567,SPO2,16,0,13018834,g1/73mA/0mA,94,81,0,17
34.567,SPO2,16,1,13270534,g1/36mA/0mA,94,81,0,17
34.567,SPO2,17,0,13019617,g1/73mA/0mA,94,81,0,17
34.567,SPO2,17,1,13271356,g1/36mA/0mA,94,81,0,17
34.598,SPO2,24,0,13016946,g1/73mA/0mA,94,81,0,17
34.598,SPO2,24,1,13269385,g1/36mA/0mA,94,81,0,17
34.598,SPO2,25,0,13017166,g1/73mA/0mA,94,81,0,17
34.598,SPO2,25,1,13269760,g1/36mA/0mA,94,81,0,17
34.598,SPO2,26,0,13017069,g1/73mA/0mA,94,81,0,17
34.598,SPO2,26,1,13269817,g1/36mA/0mA,94,81,0,17
34.598,SPO2,27,0,13018351,g1/73mA/0mA,94,81,0,17
34.598,SPO2,27,1,13270620,g1/36mA/0mA,94,81,0,17
34.598,SPO2,28,0,13018229,g1/73mA/0mA,94,81,0,17
34.598,SPO2,28,1,13270723,g1/36mA/0mA,94,81,0,17
34.623,HR,30,0,13542890,g5/12mA/12mA,94,81,0,17
34.623,HR,30,1,13627528,g4/12mA/12mA,94,81,0,17
34.623,HR,30,2,11662824,g4/12mA/12mA,94,81,0,17
34.623,HR,30,3,13072094,g4/12mA/12mA,94,81,0,17
34.623,HR,31,0,13543079,g5/12mA/12mA,94,81,0,17
34.623,HR,31,1,13627614,g4/12mA/12mA,94,81,0,17
34.623,HR,31,2,11662884,g4/12mA/12mA,94,81,0,17
34.623,HR,31,3,13072153,g4/12mA/12mA,94,81,0,17
34.623,HR,32,0,13541748,g5/12mA/12mA,94,81,0,17
34.623,HR,32,1,13626403,g4/12mA/12mA,94,81,0,17
34.623,HR,32,2,11662065,g4/12mA/12mA,94,81,0,17
34.623,HR,32,3,13071342,g4/12mA/12mA,94,81,0,17
34.623,HR,33,0,13541483,g5/12mA/12mA,94,81,0,17
34.623,HR,33,1,13626855,g4/12mA/12mA,94,81,0,17
34.623,HR,33,2,11662380,g4/12mA/12mA,94,81,0,17
34.623,HR,33,3,13071487,g4/12mA/12mA,94,81,0,17
34.623,HR,34,0,13541014,g5/12mA/12mA,94,81,0,17
34.623,HR,34,1,13626198,g4/12mA/12mA,94,81,0,17
34.623,HR,34,2,11661964,g4/12mA/12mA,94,81,0,17
34.623,HR,34,3,13071027,g4/12mA/12mA,94,81,0,17
34.623,HR,35,0,13542200,g5/12mA/12mA,94,81,0,17
34.623,HR,35,1,13626856,g4/12mA/12mA,94,81,0,17
34.623,HR,35,2,11662305,g4/12mA/12mA,94,81,0,17
34.623,HR,35,3,13072035,g4/12mA/12mA,94,81,0,17
34.624,HRV,36,0,13543016,g5/12mA/12mA,94,81,0,17
34.624,HRV,36,1,13627504,g4/12mA/12mA,94,81,0,17
34.624,HRV,36,2,11663071,g4/12mA/12mA,94,81,0,17
34.624,HRV,36,3,13071571,g4/12mA/12mA,94,81,0,17
34.624,HRV,37,0,13542846,g5/12mA/12mA,94,81,0,17
34.624,HRV,37,1,13627904,g4/12mA/12mA,94,81,0,17
34.624,HRV,37,2,11663302,g4/12mA/12mA,94,81,0,17
34.624,HRV,37,3,13071749,g4/12mA/12mA,94,81,0,17
34.624,HRV,38,0,13544681,g5/12mA/12mA,94,81,0,17
34.624,HRV,38,1,13628442,g4/12mA/12mA,94,81,0,17
34.624,HRV,38,2,11663967,g4/12mA/12mA,94,81,0,17
34.624,HRV,38,3,13072671,g4/12mA/12mA,94,81,0,17
34.624,HRV,39,0,13543016,g5/12mA/12mA,94,81,0,17
34.624,HRV,39,1,13627399,g4/12mA/12mA,94,81,0,17
34.624,HRV,39,2,11663310,g4/12mA/12mA,94,81,0,17
34.624,HRV,39,3,13071768,g4/12mA/12mA,94,81,0,17
34.650,SPO2,29,0,13020429,g1/73mA/0mA,94,81,0,17
34.650,SPO2,29,1,13271839,g1/36mA/0mA,94,81,0,17
34.650,SPO2,30,0,13019555,g1/73mA/0mA,94,81,0,17
34.650,SPO2,30,1,13271167,g1/36mA/0mA,94,81,0,17
34.650,SPO2,31,0,13019431,g1/73mA/0mA,94,81,0,17
34.650,SPO2,31,1,13271185,g1/36mA/0mA,94,81,0,17
34.650,SPO2,32,0,13018210,g1/73mA/0mA,94,81,0,17
34.650,SPO2,32,1,13270184,g1/36mA/0mA,94,81,0,17
34.650,SPO2,33,0,13018540,g1/73mA/0mA,94,81,0,17
34.650,SPO2,33,1,13270588,g1/36mA/0mA,94,81,0,17
34.650,SPO2,34,0,13018094,g1/73mA/0mA,94,81,0,17
34.650,SPO2,34,1,13270611,g1/36mA/0mA,94,81,0,17
34.650,SPO2,35,0,13019026,g1/73mA/0mA,94,81,0,17
34.650,SPO2,35,1,13270797,g1/36mA/0mA,94,81,0,17
36.424,HR,40,0,13540800,g5/12mA/12mA,94,81,0,17
36.424,HR,40,1,13625746,g4/12mA/12mA,94,81,0,17
36.424,HR,40,2,11661341,g4/12mA/12mA,94,81,0,17
36.424,HR,40,3,13070702,g4/12mA/12mA,94,81,0,17
36.424,HR,41,0,13540680,g5/12mA/12mA,94,81,0,17
36.424,HR,41,1,13625830,g4/12mA/12mA,94,81,0,17
36.424,HR,41,2,11661408,g4/12mA/12mA,94,81,0,17
36.424,HR,41,3,13070839,g4/12mA/12mA,94,81,0,17
36.424,HR,42,0,13542405,g5/12mA/12mA,94,81,0,17
36.424,HR,42,1,13626813,g4/12mA/12mA,94,81,0,17
36.424,HR,42,2,11662349,g4/12mA/12mA,94,81,0,17
36.424,HR,42,3,13071633,g4/12mA/12mA,94,81,0,17
36.424,HR,43,0,13541748,g5/12mA/12mA,94,81,0,17
36.424,HR,43,1,13626447,g4/12mA/12mA,94,81,0,17
36.424,HR,43,2,11662380,g4/12mA/12mA,94,81,0,17
36.424,HR,43,3,13071659,g4/12mA/12mA,94,81,0,17
36.424,HR,44,0,13541893,g5/12mA/12mA,94,82,0,17
36.424,HR,44,1,13626496,g4/12mA/12mA,94,82,0,17
36.424,HR,44,2,11662278,g4/12mA/12mA,94,82,0,17
36.424,HR,44,3,13071342,g4/12mA/12mA,94,82,0,17
36.457,HR,45,0,13540809,g5/12mA/12mA,94,82,0,17
36.457,HR,45,1,13625882,g4/12mA/12mA,94,82,0,17
36.457,HR,45,2,11661649,g4/12mA/12mA,94,82,0,17
36.457,HR,45,3,13070856,g4/12mA/12mA,94,82,0,17
36.457,HR,46,0,13540980,g5/12mA/12mA,94,82,0,17
36.457,HR,46,1,13626455,g4/12mA/12mA,94,82,0,17
36.457,HR,46,2,11662023,g4/12mA/12mA,94,82,0,17
36.457,HR,46,3,13071326,g4/12mA/12mA,94,82,0,17
36.457,HR,47,0,13540963,g5/12mA/12mA,94,82,0,17
36.457,HR,47,1,13626037,g4/12mA/12mA,94,82,0,17
36.457,HR,47,2,11661589,g4/12mA/12mA,94,82,0,17
36.457,HR,47,3,13071122,g4/12mA/12mA,94,82,0,17
36.457,HR,48,0,13541968,g5/12mA/12mA,94,82,0,17
36.457,HR,48,1,13626541,g4/12mA/12mA,94,82,0,17
36.457,HR,48,2,11662151,g4/12mA/12mA,94,82,0,17
36.457,HR,48,3,13071794,g4/12mA/12mA,94,82,0,17
36.457,HR,49,0,13540688,g5/12mA/12mA,94,82,0,17
36.457,HR,49,1,13625644,g4/12mA/12mA,94,82,0,17
36.457,HR,49,2,11661570,g4/12mA/12mA,94,82,0,17
36.457,HR,49,3,13070651,g4/12mA/12mA,94,82,0,17
36.457,HR,50,0,13542660,g5/12mA/12mA,94,82,0,17
36.457,HR,50,1,13627027,g4/12mA/12mA,94,82,0,17
36.457,HR,50,2,11662911,g4/12mA/12mA,94,82,0,17
36.457,HR,50,3,13071991,g4/12mA/12mA,94,82,0,17
36.482,HR,51,0,13541833,g5/12mA/12mA,94,82,0,17
36.482,HR,51,1,13626898,g4/12mA/12mA,94,82,0,17
36.482,HR,51,2,11662349,g4/12mA/12mA,94,82,0,17
36.482,HR,51,3,13071881,g4/12mA/12mA,94,82,0,17
36.482,HR,52,0,13542550,g5/12mA/12mA,94,82,0,17
36.482,HR,52,1,13627060,g4/12mA/12mA,94,82,0,17
36.482,HR,52,2,11662320,g4/12mA/12mA,94,82,0,17
36.482,HR,52,3,13071915,g4/12mA/12mA,94,82,0,17
36.482,HR,53,0,13543454,g5/12mA/12mA,94,82,0,17
36.482,HR,53,1,13627983,g4/12mA/12mA,94,82,0,17
36.482,HR,53,2,11663252,g4/12mA/12mA,94,82,0,17
36.482,HR,53,3,13072844,g4/12mA/12mA,94,82,0,17
36.482,HR,54,0,13542277,g5/12mA/12mA,94,82,0,17
36.482,HR,54,1,13626948,g4/12mA/12mA,94,82,0,17
36.482,HR,54,2,11662330,g4/12mA/12mA,94,82,0,17
36.482,HR,54,3,13071667,g4/12mA/12mA,94,82,0,17
36.482,HR,55,0,13542472,g5/12mA/12mA,94,82,0,17
36.482,HR,55,1,13626880,g4/12mA/12mA,94,82,0,17
36.482,HR,55,2,11662577,g4/12mA/12mA,94,82,0,17
36.482,HR,55,3,13071701,g4/12mA/12mA,94,82,0,17
36.482,HR,56,0,13542020,g5/12mA/12mA,94,82,0,17
36.482,HR,56,1,13626480,g4/12mA/12mA,94,82,0,17
36.482,HR,56,2,11662203,g4/12mA/12mA,94,82,0,17
36.482,HR,56,3,13071488,g4/12mA/12mA,94,82,0,17
36.486,HR,57,0,13541202,g5/12mA/12mA,94,82,0,17
36.486,HR,57,1,13626309,g4/12mA/12mA,94,82,0,17
36.486,HR,57,2,11661774,g4/12mA/12mA,94,82,0,17
36.486,HR,57,3,13071248,g4/12mA/12mA,94,82,0,17
36.486,HR,58,0,13541449,g5/12mA/12mA,94,82,0,17
36.486,HR,58,1,13626180,g4/12mA/12mA,94,82,0,17
36.486,HR,58,2,11661852,g4/12mA/12mA,94,82,0,17
36.486,HR,58,3,13071240,g4/12mA/12mA,94,82,0,17
36.486,HR,59,0,13543086,g5/12mA/12mA,94,82,0,17
36.486,HR,59,1,13627555,g4/12mA/12mA,94,82,0,17
36.486,HR,59,2,11663073,g4/12mA/12mA,94,82,0,17
36.486,HR,59,3,13072246,g4/12mA/12mA,94,82,0,17
36.486,HR,60,0,13542925,g5/12mA/12mA,94,82,0,17
36.486,HR,60,1,13627215,g4/12mA/12mA,94,82,0,17
36.486,HR,60,2,11662911,g4/12mA/12mA,94,82,0,17
36.486,HR,60,3,13072299,g4/12mA/12mA,94,82,0,17
36.486,HR,61,0,13543274,g5/12mA/12mA,94,82,0,17
36.486,HR,61,1,13627727,g4/12mA/12mA,94,82,0,17
36.486,HR,61,2,11662893,g4/12mA/12mA,94,82,0,17
36.486,HR,61,3,13072204,g4/12mA/12mA,94,82,0,17
36.486,HR,62,0,13541500,g5/12mA/12mA,94,82,0,17
36.486,HR,62,1,13626259,g4/12mA/12mA,94,82,0,17
36.486,HR,62,2,11662185,g4/12mA/12mA,94,82,0,17
36.486,HR,62,3,13071429,g4/12mA/12mA,94,82,0,17
36.515,HR,63,0,13541782,g5/12mA/12mA,94,82,0,17
36.515,HR,63,1,13626496,g4/12mA/12mA,94,82,0,17
36.515,HR,63,2,11662134,g4/12mA/12mA,94,82,0,17
36.515,HR,63,3,13071633,g4/12mA/12mA,94,82,0,17
36.515,HR,64,0,13541294,g5/12mA/12mA,94,82,0,17
36.515,HR,64,1,13626361,g4/12mA/12mA,94,82,0,17
36.515,HR,64,2,11661792,g4/12mA/12mA,94,82,0,17
36.515,HR,64,3,13071172,g4/12mA/12mA,94,82,0,17
36.515,HR,65,0,13541509,g5/12mA/12mA,94,82,0,17
36.515,HR,65,1,13626455,g4/12mA/12mA,94,82,0,17
36.515,HR,65,2,11662041,g4/12mA/12mA,94,82,0,17
36.515,HR,65,3,13071505,g4/12mA/12mA,94,82,0,17
36.515,HR,66,0,13541362,g5/12mA/12mA,94,82,0,17
36.515,HR,66,1,13625805,g4/12mA/12mA,94,82,0,17
36.515,HR,66,2,11661690,g4/12mA/12mA,94,82,0,17
36.515,HR,66,3,13071267,g4/12mA/12mA,94,82,0,17
36.515,HR,67,0,13542550,g5/12mA/12mA,94,82,0,17
36.515,HR,67,1,13627332,g4/12mA/12mA,94,82,0,17
36.515,HR,67,2,11662646,g4/12mA/12mA,94,82,0,17
36.515,HR,67,3,13072118,g4/12mA/12mA,94,82,0,17
36.515,HR,68,0,13542412,g5/12mA/12mA,94,82,0,17
36.515,HR,68,1,13626933,g4/12mA/12mA,94,82,0,17
36.515,HR,68,2,11662252,g4/12mA/12mA,94,82,0,17
36.515,HR,68,3,13071923,g4/12mA/12mA,94,82,0,17
36.542,HR,69,0,13542898,g5/12mA/12mA,96,86,0,17
36.542,HR,69,1,13627144,g4/12mA/12mA,96,86,0,17
36.542,HR,69,2,11662808,g4/12mA/12mA,96,86,0,17
36.542,HR,69,3,13072163,g4/12mA/12mA,96,86,0,17
36.542,HR,70,0,13542849,g5/12mA/12mA,96,86,0,17
36.542,HR,70,1,13627129,g4/12mA/12mA,96,86,0,17
36.542,HR,70,2,11662877,g4/12mA/12mA,96,86,0,17
36.542,HR,70,3,13072189,g4/12mA/12mA,96,86,0,17
36.542,HR,71,0,13540570,g5/12mA/12mA,96,86,0,17
36.542,HR,71,1,13625814,g4/12mA/12mA,96,86,0,17
36.542,HR,71,2,11661537,g4/12mA/12mA,96,86,0,17
36.542,HR,71,3,13071053,g4/12mA/12mA,96,86,0,17
36.542,HR,72,0,13541193,g5/12mA/12mA,96,86,0,17
36.542,HR,72,1,13626121,g4/12mA/12mA,96,86,0,17
36.542,HR,72,2,11661861,g4/12mA/12mA,96,86,0,17
36.542,HR,72,3,13071044,g4/12mA/12mA,96,86,0,17
36.542,HR,73,0,13541268,g5/12mA/12mA,96,86,0,17
36.542,HR,73,1,13626309,g4/12mA/12mA,96,86,0,17
36.542,HR,73,2,11662116,g4/12mA/12mA,96,86,0,17
36.542,HR,73,3,13071395,g4/12mA/12mA,96,86,0,17
36.547,HRV,40,0,13540800,g5/12mA/12mA,96,86,0,17
36.547,HRV,40,1,13625746,g4/12mA/12mA,96,86,0,17
36.547,HRV,40,2,11661341,g4/12mA/12mA,96,86,0,17
36.547,HRV,40,3,13070702,g4/12mA/12mA,96,86,0,17
36.547,HRV,41,0,13540680,g5/12mA/12mA,96,86,0,17
36.547,HRV,41,1,13625830,g4/12mA/12mA,96,86,0,17
36.547,HRV,41,2,11661408,g4/12mA/12mA,96,86,0,17
36.547,HRV,41,3,13070839,g4/12mA/12mA,96,86,0,17
36.547,HRV,42,0,13542405,g5/12mA/12mA,96,86,0,17
36.547,HRV,42,1,13626813,g4/12mA/12mA,96,86,0,17
36.547,HRV,42,2,11662349,g4/12mA/12mA,96,86,0,17
36.547,HRV,42,3,13071633,g4/12mA/12mA,96,86,0,17
36.547,HRV,43,0,13541748,g5/12mA/12mA,96,86,0,17
36.547,HRV,43,1,13626447,g4/12mA/12mA,96,86,0,17
36.547,HRV,43,2,11662380,g4/12mA/12mA,96,86,0,17
36.547,HRV,43,3,13071659,g4/12mA/12mA,96,86,0,17
36.547,HRV,44,0,13541893,g5/12mA/12mA,96,86,0,17
36.547,HRV,44,1,13626496,g4/12mA/12mA,96,86,0,17
36.547,HRV,44,2,11662278,g4/12mA/12mA,96,86,0,17
36.547,HRV,44,3,13071342,g4/12mA/12mA,96,86,0,17
36.610,HRV,45,0,13540809,g5/12mA/12mA,96,86,0,17
36.610,HRV,45,1,13625882,g4/12mA/12mA,96,86,0,17
36.610,HRV,45,2,11661649,g4/12mA/12mA,96,86,0,17
36.610,HRV,45,3,13070856,g4/12mA/12mA,96,86,0,17
36.610,HRV,46,0,13540980,g5/12mA/12mA,96,86,0,17
36.610,HRV,46,1,13626455,g4/12mA/12mA,96,86,0,17
36.610,HRV,46,2,11662023,g4/12mA/12mA,96,86,0,17
36.610,HRV,46,3,13071326,g4/12mA/12mA,96,86,0,17
36.610,HRV,47,0,13540963,g5/12mA/12mA,96,86,0,17
36.610,HRV,47,1,13626037,g4/12mA/12mA,96,86,0,17
36.610,HRV,47,2,11661589,g4/12mA/12mA,96,86,0,17
36.610,HRV,47,3,13071122,g4/12mA/12mA,96,86,0,17
36.610,HRV,48,0,13541968,g5/12mA/12mA,96,86,0,17
36.610,HRV,48,1,13626541,g4/12mA/12mA,96,86,0,17
36.610,HRV,48,2,11662151,g4/12mA/12mA,96,86,0,17
36.610,HRV,48,3,13071794,g4/12mA/12mA,96,86,0,17
36.610,HRV,49,0,13540688,g5/12mA/12mA,96,86,0,17
36.610,HRV,49,1,13625644,g4/12mA/12mA,96,86,0,17
36.610,HRV,49,2,11661570,g4/12mA/12mA,96,86,0,17
36.610,HRV,49,3,13070651,g4/12mA/12mA,96,86,0,17
36.610,HRV,50,0,13542660,g5/12mA/12mA,96,86,0,17
36.610,HRV,50,1,13627027,g4/12mA/12mA,96,86,0,17
36.610,HRV,50,2,11662911,g4/12mA/12mA,96,86,0,17
36.610,HRV,50,3,13071991,g4/12mA/12mA,96,86,0,17
36.611,HRV,57,0,13541842,g5/12mA/12mA,96,86,0,17
36.611,HRV,57,1,13626856,g4/12mA/12mA,96,86,0,17
36.611,HRV,57,2,11662482,g4/12mA/12mA,96,86,0,17
36.611,HRV,57,3,13071751,g4/12mA/12mA,96,86,0,17
36.611,HRV,58,0,13542089,g5/12mA/12mA,96,86,0,17
36.611,HRV,58,1,13626727,g4/12mA/12mA,96,86,0,17
36.611,HRV,58,2,11662560,g4/12mA/12mA,96,86,0,17
36.611,HRV,58,3,13071743,g4/12mA/12mA,96,86,0,17
36.611,HRV,59,0,13543726,g5/12mA/12mA,96,86,0,17
36.611,HRV,59,1,13628102,g4/12mA/12mA,96,86,0,17
36.611,HRV,59,2,11663781,g4/12mA/12mA,96,86,0,17
36.611,HRV,59,3,13072749,g4/12mA/12mA,96,86,0,17
36.611,HRV,60,0,13543565,g5/12mA/12mA,96,86,0,17
36.611,HRV,60,1,13627762,g4/12mA/12mA,96,86,0,17
36.611,HRV,60,2,11663619,g4/12mA/12mA,96,86,0,17
36.611,HRV,60,3,13072802,g4/12mA/12mA,96,86,0,17
36.611,HRV,61,0,13543914,g5/12mA/12mA,96,86,0,17
36.611,HRV,61,1,13628274,g4/12mA/12mA,96,86,0,17
36.611,HRV,61,2,11663601,g4/12mA/12mA,96,86,0,17
36.611,HRV,61,3,13072707,g4/12mA/12mA,96,86,0,17
36.611,HRV,62,0,13542140,g5/12mA/12mA,96,86,0,17
36.611,HRV,62,1,13626806,g4/12mA/12mA,96,86,0,17
36.611,HRV,62,2,11662893,g4/12mA/12mA,96,86,0,17
36.611,HRV,62,3,13071932,g4/12mA/12mA,96,86,0,17
36.637,SPO2,40,0,13016982,g1/73mA/0mA,96,86,0,17
36.637,SPO2,40,1,13269490,g1/36mA/0mA,96,86,0,17
36.637,SPO2,41,0,13017691,g1/73mA/0mA,96,86,0,17
36.637,SPO2,41,1,13270192,g1/36mA/0mA,96,86,0,17
36.637,SPO2,42,0,13018888,g1/73mA/0mA,96,86,0,17
36.637,SPO2,42,1,13270955,g1/36mA/0mA,96,86,0,17
36.637,SPO2,43,0,13018484,g1/73mA/0mA,96,86,0,17
36.637,SPO2,43,1,13270442,g1/36mA/0mA,96,86,0,17
36.637,SPO2,44,0,13018540,g1/73mA/0mA,96,86,0,19
36.637,SPO2,44,1,13270545,g1/36mA/0mA,96,86,0,19
36.637,SPO2,45,0,13017309,g1/73mA/0mA,96,86,0,19
36.637,SPO2,45,1,13269613,g1/36mA/0mA,96,86,0,19
36.662,SPO2,46,0,13017859,g1/73mA/0mA,96,86,0,19
36.662,SPO2,46,1,13269874,g1/36mA/0mA,96,86,0,19
36.662,SPO2,47,0,13018068,g1/73mA/0mA,96,86,0,19
36.662,SPO2,47,1,13270311,g1/36mA/0mA,96,86,0,19
36.662,SPO2,48,0,13018629,g1/73mA/0mA,96,86,0,19
36.662,SPO2,48,1,13270747,g1/36mA/0mA,96,86,0,19
36.662,SPO2,49,0,13017490,g1/73mA/0mA,96,86,0,19
36.662,SPO2,49,1,13269904,g1/36mA/0mA,96,86,0,19
36.662,SPO2,50,0,13019251,g1/73mA/0mA,96,86,0,19
36.662,SPO2,50,1,13271221,g1/36mA/0mA,96,86,0,19
36.662,SPO2,51,0,13018737,g1/73mA/0mA,96,86,0,19
36.662,SPO2,51,1,13270906,g1/36mA/0mA,96,86,0,19
36.662,SPO2,52,0,13019243,g1/73mA/0mA,96,86,0,19
36.662,SPO2,52,1,13271219,g1/36mA/0mA,96,86,0,19
36.662,SPO2,53,0,13020134,g1/73mA/0mA,96,86,0,19
36.662,SPO2,53,1,13271807,g1/36mA/0mA,96,86,0,19
36.666,HR,74,0,13543549,g5/12mA/12mA,96,86,0,19
36.666,HR,74,1,13627803,g4/12mA/12mA,96,86,0,19
36.666,HR,74,2,11663355,g4/12mA/12mA,96,86,0,19
36.666,HR,74,3,13072375,g4/12mA/12mA,96,86,0,19
36.666,HR,75,0,13542472,g5/12mA/12mA,96,86,0,19
36.666,HR,75,1,13627212,g4/12mA/12mA,96,86,0,19
36.666,HR,75,2,11662715,g4/12mA/12mA,96,86,0,19
36.666,HR,75,3,13072076,g4/12mA/12mA,96,86,0,19
36.666,HR,76,0,13544341,g5/12mA/12mA,96,86,0,19
36.666,HR,76,1,13628134,g4/12mA/12mA,96,86,0,19
36.666,HR,76,2,11663464,g4/12mA/12mA,96,86,0,19
36.666,HR,76,3,13072725,g4/12mA/12mA,96,86,0,19
36.666,HR,77,0,13540537,g5/12mA/12mA,96,86,0,19
36.666,HR,77,1,13626044,g4/12mA/12mA,96,86,0,19
36.666,HR,77,2,11661544,g4/12mA/12mA,96,86,0,19
36.666,HR,77,3,13070695,g4/12mA/12mA,96,86,0,19
36.666,HR,78,0,13541833,g5/12mA/12mA,96,86,0,19
36.666,HR,78,1,13626839,g4/12mA/12mA,96,86,0,19
36.666,HR,78,2,11662176,g4/12mA/12mA,96,86,0,19
36.666,HR,78,3,13071735,g4/12mA/12mA,96,86,0,19
36.696,HR,79,0,13538259,g5/12mA/12mA,96,86,0,19
36.696,HR,79,1,13624483,g4/12mA/12mA,96,86,0,19
36.696,HR,79,2,11660505,g4/12mA/12mA,96,86,0,19
36.696,HR,79,3,13069621,g4/12mA/12mA,96,86,0,19
36.696,HR,80,0,13540733,g5/12mA/12mA,96,86,0,19
36.696,HR,80,1,13625848,g4/12mA/12mA,96,86,0,19
36.696,HR,80,2,11661623,g4/12mA/12mA,96,86,0,19
36.696,HR,80,3,13070883,g4/12mA/12mA,96,86,0,19
36.696,HR,81,0,13540058,g5/12mA/12mA,96,86,0,19
36.696,HR,81,1,13625704,g4/12mA/12mA,96,86,0,19
36.696,HR,81,2,11661477,g4/12mA/12mA,96,86,0,19
36.696,HR,81,3,13070788,g4/12mA/12mA,96,86,0,19
36.696,HR,82,0,13540691,g5/12mA/12mA,96,86,0,19
36.696,HR,82,1,13626002,g4/12mA/12mA,96,86,0,19
36.696,HR,82,2,11661442,g4/12mA/12mA,96,86,0,19
36.696,HR,82,3,13070883,g4/12mA/12mA,96,86,0,19
36.696,HR,83,0,13541927,g5/12mA/12mA,96,86,0,19
36.696,HR,83,1,13626907,g4/12mA/12mA,96,86,0,19
36.696,HR,83,2,11662364,g4/12mA/12mA,96,86,0,19
36.696,HR,83,3,13071301,g4/12mA/12mA,96,86,0,19
36.696,HR,84,0,13541953,g5/12mA/12mA,96,86,0,19
36.696,HR,84,1,13626846,g4/12mA/12mA,96,86,0,19
36.696,HR,84,2,11662160,g4/12mA/12mA,96,86,0,19
36.696,HR,84,3,13071335,g4/12mA/12mA,96,86,0,19
36.698,HRV,74,0,13543549,g5/12mA/12mA,96,86,0,19
36.698,HRV,74,1,13627803,g4/12mA/12mA,96,86,0,19
36.698,HRV,74,2,11663355,g4/12mA/12mA,96,86,0,19
36.698,HRV,74,3,13072375,g4/12mA/12mA,96,86,0,19
36.698,HRV,75,0,13542472,g5/12mA/12mA,96,86,0,19
36.698,HRV,75,1,13627212,g4/12mA/12mA,96,86,0,19
36.698,HRV,75,2,11662715,g4/12mA/12mA,96,86,0,19
36.698,HRV,75,3,13072076,g4/12mA/12mA,96,86,0,19
36.698,HRV,76,0,13544341,g5/12mA/12mA,96,86,0,19
36.698,HRV,76,1,13628134,g4/12mA/12mA,96,86,0,19
36.698,HRV,76,2,11663464,g4/12mA/12mA,96,86,0,19
36.698,HRV,76,3,13072725,g4/12mA/12mA,96,86,0,19
36.698,HRV,77,0,13540537,g5/12mA/12mA,96,86,0,19
36.698,HRV,77,1,13626044,g4/12mA/12mA,96,86,0,19
36.698,HRV,77,2,11661544,g4/12mA/12mA,96,86,0,19
36.698,HRV,77,3,13070695,g4/12mA/12mA,96,86,0,19
36.698,HRV,78,0,13541833,g5/12mA/12mA,96,86,0,19
36.698,HRV,78,1,13626839,g4/12mA/12mA,96,86,0,19
36.698,HRV,78,2,11662176,g4/12mA/12mA,96,86,0,19
36.698,HRV,78,3,13071735,g4/12mA/12mA,96,86,0,19
36.729,HRV,85,0,13541320,g5/12mA/12mA,96,86,0,19
36.729,HRV,85,1,13626437,g4/12mA/12mA,96,86,0,19
36.729,HRV,85,2,11662287,g4/12mA/12mA,96,86,0,19
36.729,HRV,85,3,13071463,g4/12mA/12mA,96,86,0,19
36.729,HRV,86,0,13541320,g5/12mA/12mA,96,86,0,19
36.729,HRV,86,1,13626225,g4/12mA/12mA,96,86,0,19
36.729,HRV,86,2,11662083,g4/12mA/12mA,96,86,0,19
36.729,HRV,86,3,13070822,g4/12mA/12mA,96,86,0,19
36.729,HRV,87,0,13541041,g5/12mA/12mA,96,86,0,19
36.729,HRV,87,1,13625788,g4/12mA/12mA,96,86,0,19
36.729,HRV,87,2,11661886,g4/12mA/12mA,96,86,0,19
36.730,HRV,87,3,13071061,g4/12mA/12mA,96,86,0,19
36.730,HRV,88,0,13541116,g5/12mA/12mA,96,86,0,19
36.730,HRV,88,1,13626394,g4/12mA/12mA,96,86,0,19
36.730,HRV,88,2,11662100,g4/12mA/12mA,96,86,0,19
36.730,HRV,88,3,13071078,g4/12mA/12mA,96,86,0,19
36.730,HRV,89,0,13542063,g5/12mA/12mA,96,86,0,19
36.730,HRV,89,1,13626444,g4/12mA/12mA,96,86,0,19
36.730,HRV,89,2,11662263,g4/12mA/12mA,96,86,0,19
36.730,HRV,89,3,13071087,g4/12mA/12mA,96,86,0,19
36.730,HRV,90,0,13542694,g5/12mA/12mA,96,86,0,19
36.730,HRV,90,1,13627009,g4/12mA/12mA,96,86,0,19
36.730,HRV,90,2,11662799,g4/12mA/12mA,96,86,0,19
36.730,HRV,90,3,13071862,g4/12mA/12mA,96,86,0,19
36.730,HRV,91,0,13541816,g5/12mA/12mA,96,86,0,19
36.730,HRV,91,1,13626710,g4/12mA/12mA,96,86,0,19
36.730,HRV,91,2,11662347,g4/12mA/12mA,96,86,0,19
36.730,HRV,91,3,13071539,g4/12mA/12mA,96,86,0,19
36.730,HRV,92,0,13544622,g5/12mA/12mA,96,86,0,19
36.730,HRV,92,1,13628537,g4/12mA/12mA,96,86,0,19
36.730,HRV,92,2,11663721,g4/12mA/12mA,96,86,0,19
36.730,HRV,92,3,13073127,g4/12mA/12mA,96,86,0,19
36.755,SPO2,80,0,13022081,g1/73mA/0mA,96,86,0,19
36.755,SPO2,80,1,13273020,g1/36mA/0mA,96,86,0,19
36.755,SPO2,81,0,13021887,g1/73mA/0mA,96,86,0,19
36.755,SPO2,81,1,13273020,g1/36mA/0mA,96,86,0,19
36.755,SPO2,82,0,13022390,g1/73mA/0mA,96,86,0,19
36.755,SPO2,82,1,13273451,g1/36mA/0mA,96,86,0,19
36.755,SPO2,83,0,13023758,g1/73mA/0mA,96,86,0,19
36.755,SPO2,83,1,13274258,g1/36mA/0mA,96,86,0,19
36.755,SPO2,84,0,13023394,g1/73mA/0mA,96,86,0,19
36.755,SPO2,84,1,13273901,g1/36mA/0mA,96,86,0,19
36.755,SPO2,85,0,13022887,g1/73mA/0mA,96,86,0,19
36.755,SPO2,85,1,13273584,g1/36mA/0mA,96,86,0,19
36.755,SPO2,86,0,13022532,g1/73mA/0mA,96,86,0,19
36.755,SPO2,86,1,13273255,g1/36mA/0mA,96,86,0,19
36.755,SPO2,87,0,13023037,g1/73mA/0mA,96,86,0,19
36.755,SPO2,87,1,13273952,g1/36mA/0mA,96,86,0,19
38.948,HR,93,0,13542013,g5/12mA/12mA,96,86,0,19
38.948,HR,93,1,13626591,g4/12mA/12mA,96,86,0,19
38.948,HR,93,2,11662270,g4/12mA/12mA,96,86,0,19
38.948,HR,93,3,13071470,g4/12mA/12mA,96,86,0,19
38.948,HR,94,0,13541671,g5/12mA/12mA,95,86,0,19
38.948,HR,94,1,13626889,g4/12mA/12mA,95,86,0,19
38.948,HR,94,2,11662126,g4/12mA/12mA,95,86,0,19
38.948,HR,94,3,13071727,g4/12mA/12mA,95,86,0,19
38.948,HR,95,0,13540331,g5/12mA/12mA,95,86,0,19
38.948,HR,95,1,13625721,g4/12mA/12mA,95,86,0,19
38.948,HR,95,2,11661426,g4/12mA/12mA,95,86,0,19
38.948,HR,95,3,13070763,g4/12mA/12mA,95,86,0,19
38.948,HR,96,0,13540168,g5/12mA/12mA,95,86,0,19
38.948,HR,96,1,13625430,g4/12mA/12mA,95,86,0,19
38.948,HR,96,2,11661461,g4/12mA/12mA,95,86,0,19
38.948,HR,96,3,13070644,g4/12mA/12mA,95,86,0,19
38.948,HR,97,0,13540025,g5/12mA/12mA,95,86,0,19
38.948,HR,97,1,13625422,g4/12mA/12mA,95,86,0,19
38.948,HR,97,2,11661264,g4/12mA/12mA,95,86,0,19
38.948,HR,97,3,13070506,g4/12mA/12mA,95,86,0,19
39.006,HR,98,0,13541474,g5/12mA/12mA,95,86,0,19
39.006,HR,98,1,13626352,g4/12mA/12mA,95,86,0,19
39.006,HR,98,2,11662057,g4/12mA/12mA,95,86,0,19
39.006,HR,98,3,13071319,g4/12mA/12mA,95,86,0,19
39.006,HR,99,0,13540740,g5/12mA/12mA,95,86,0,19
39.006,HR,99,1,13625687,g4/12mA/12mA,95,86,0,19
39.006,HR,99,2,11661256,g4/12mA/12mA,95,86,0,19
39.006,HR,99,3,13070771,g4/12mA/12mA,95,86,0,19
39.006,HR,100,0,13540623,g5/12mA/12mA,95,86,0,19
39.006,HR,100,1,13626097,g4/12mA/12mA,95,86,0,19
39.006,HR,100,2,11661792,g4/12mA/12mA,95,86,0,19
39.006,HR,100,3,13071113,g4/12mA/12mA,95,86,0,19
39.006,HR,101,0,13542778,g5/12mA/12mA,95,86,0,19
39.006,HR,101,1,13627009,g4/12mA/12mA,95,86,0,19
39.006,HR,101,2,11662628,g4/12mA/12mA,95,86,0,19
39.006,HR,101,3,13071906,g4/12mA/12mA,95,86,0,19
39.006,HR,102,0,13542242,g5/12mA/12mA,95,86,0,19
39.006,HR,102,1,13627162,g4/12mA/12mA,95,86,0,19
39.006,HR,102,2,11662595,g4/12mA/12mA,95,86,0,19
39.006,HR,102,3,13072076,g4/12mA/12mA,95,86,0,19
39.006,HR,103,0,13539273,g5/12mA/12mA,95,86,0,19
39.006,HR,103,1,13625310,g4/12mA/12mA,95,86,0,19
39.006,HR,103,2,11661230,g4/12mA/12mA,95,86,0,19
39.006,HR,103,3,13070276,g4/12mA/12mA,95,86,0,19
39.033,HR,104,0,13540680,g5/12mA/12mA,95,86,0,19
39.033,HR,104,1,13625943,g4/12mA/12mA,95,86,0,19
39.033,HR,104,2,11661741,g4/12mA/12mA,95,86,0,19
39.033,HR,104,3,13070917,g4/12mA/12mA,95,86,0,19
39.033,HR,105,0,13541449,g5/12mA/12mA,95,86,0,19
39.033,HR,105,1,13626190,g4/12mA/12mA,95,86,0,19
39.033,HR,105,2,11661972,g4/12mA/12mA,95,86,0,19
39.033,HR,105,3,13071267,g4/12mA/12mA,95,86,0,19
39.033,HR,106,0,13542925,g5/12mA/12mA,95,86,0,19
39.033,HR,106,1,13627649,g4/12mA/12mA,95,86,0,19
39.033,HR,106,2,11663038,g4/12mA/12mA,95,86,0,19
39.033,HR,106,3,13071865,g4/12mA/12mA,95,86,0,19
39.033,HR,107,0,13542652,g5/12mA/12mA,95,86,0,19
39.033,HR,107,1,13627144,g4/12mA/12mA,95,86,0,19
39.033,HR,107,2,11662678,g4/12mA/12mA,95,86,0,19
39.033,HR,107,3,13071923,g4/12mA/12mA,95,86,0,19
39.033,HR,108,0,13542208,g5/12mA/12mA,95,86,0,19
39.033,HR,108,1,13626403,g4/12mA/12mA,95,86,0,19
39.033,HR,108,2,11662278,g4/12mA/12mA,95,86,0,19
39.033,HR,108,3,13071539,g4/12mA/12mA,95,86,0,19
39.033,HR,109,0,13545032,g5/12mA/12mA,95,86,0,19
39.033,HR,109,1,13629185,g4/12mA/12mA,95,86,0,19
39.033,HR,109,2,11664156,g4/12mA/12mA,95,86,0,19
39.033,HR,109,3,13073485,g4/12mA/12mA,95,86,0,19
39.036,HR,110,0,13541833,g5/12mA/12mA,95,86,0,19
39.036,HR,110,1,13626598,g4/12mA/12mA,95,86,0,19
39.036,HR,110,2,11662245,g4/12mA/12mA,95,86,0,19
39.036,HR,110,3,13071257,g4/12mA/12mA,95,86,0,19
39.036,HR,111,0,13540944,g5/12mA/12mA,95,86,0,19
39.036,HR,111,1,13626165,g4/12mA/12mA,95,86,0,19
39.036,HR,111,2,11661732,g4/12mA/12mA,95,86,0,19
39.036,HR,111,3,13071087,g4/12mA/12mA,95,86,0,19
39.036,HR,112,0,13541978,g5/12mA/12mA,95,86,0,19
39.036,HR,112,1,13626651,g4/12mA/12mA,95,86,0,19
39.036,HR,112,2,11662236,g4/12mA/12mA,95,86,0,19
39.036,HR,112,3,13071301,g4/12mA/12mA,95,86,0,19
39.036,HR,113,0,13541407,g5/12mA/12mA,95,86,0,19
39.036,HR,113,1,13626319,g4/12mA/12mA,95,86,0,19
39.036,HR,113,2,11661928,g4/12mA/12mA,95,86,0,19
39.036,HR,113,3,13071376,g4/12mA/12mA,95,86,0,19
39.036,HR,114,0,13543154,g5/12mA/12mA,95,86,0,19
39.036,HR,114,1,13627555,g4/12mA/12mA,95,86,0,19
39.036,HR,114,2,11663115,g4/12mA/12mA,95,86,0,19
39.036,HR,114,3,13071957,g4/12mA/12mA,95,86,0,19
39.036,HR,115,0,13541927,g5/12mA/12mA,95,86,0,19
39.036,HR,115,1,13627188,g4/12mA/12mA,95,86,0,19
39.036,HR,115,2,11662715,g4/12mA/12mA,95,86,0,19
39.036,HR,115,3,13071590,g4/12mA/12mA,95,86,0,19
39.095,HR,116,0,13541253,g5/12mA/12mA,95,86,0,19
39.095,HR,116,1,13626309,g4/12mA/12mA,95,86,0,19
39.095,HR,116,2,11662176,g4/12mA/12mA,95,86,0,19
39.095,HR,116,3,13071293,g4/12mA/12mA,95,86,0,19
39.095,HR,117,0,13540716,g5/12mA/12mA,95,86,0,19
39.095,HR,117,1,13626420,g4/12mA/12mA,95,86,0,19
39.095,HR,117,2,11661750,g4/12mA/12mA,95,86,0,19
39.095,HR,117,3,13071181,g4/12mA/12mA,95,86,0,19
39.095,HR,118,0,13538753,g5/12mA/12mA,95,86,0,19
39.095,HR,118,1,13625005,g4/12mA/12mA,95,86,0,19
39.095,HR,118,2,11660615,g4/12mA/12mA,95,86,0,19
39.095,HR,118,3,13069851,g4/12mA/12mA,95,86,0,19
39.095,HR,119,0,13540416,g5/12mA/12mA,94,94,0,19
39.095,HR,119,1,13626020,g4/12mA/12mA,94,94,0,19
39.095,HR,119,2,11661468,g4/12mA/12mA,94,94,0,19
39.095,HR,119,3,13070593,g4/12mA/12mA,94,94,0,19
39.095,HR,120,0,13542063,g5/12mA/12mA,94,94,0,19
39.095,HR,120,1,13626787,g4/12mA/12mA,94,94,0,19
39.095,HR,120,2,11662210,g4/12mA/12mA,94,94,0,19
39.095,HR,120,3,13071505,g4/12mA/12mA,94,94,0,19
39.124,HRV,93,0,13542013,g5/12mA/12mA,94,94,0,19
39.124,HRV,93,1,13626591,g4/12mA/12mA,94,94,0,19
39.124,HRV,93,2,11662270,g4/12mA/12mA,94,94,0,19
39.124,HRV,93,3,13071470,g4/12mA/12mA,94,94,0,19
39.124,HRV,94,0,13541671,g5/12mA/12mA,94,94,0,19
39.124,HRV,94,1,13626889,g4/12mA/12mA,94,94,0,19
39.124,HRV,94,2,11662126,g4/12mA/12mA,94,94,0,19
39.124,HRV,94,3,13071727,g4/12mA/12mA,94,94,0,19
39.124,HRV,95,0,13540331,g5/12mA/12mA,94,94,0,19
39.124,HRV,95,1,13625721,g4/12mA/12mA,94,94,0,19
39.124,HRV,95,2,11661426,g4/12mA/12mA,94,94,0,19
39.124,HRV,95,3,13070763,g4/12mA/12mA,94,94,0,19
39.124,HRV,96,0,13540168,g5/12mA/12mA,94,94,0,19
39.124,HRV,96,1,13625430,g4/12mA/12mA,94,94,0,19
39.124,HRV,96,2,11661461,g4/12mA/12mA,94,94,0,19
39.124,HRV,96,3,13070644,g4/12mA/12mA,94,94,0,19
39.124,HRV,97,0,13540025,g5/12mA/12mA,94,94,0,19
39.124,HRV,97,1,13625422,g4/12mA/12mA,94,94,0,19
39.124,HRV,97,2,11661264,g4/12mA/12mA,94,94,0,19
39.124,HRV,97,3,13070506,g4/12mA/12mA,94,94,0,19
39.127,HRV,104,0,13540680,g5/12mA/12mA,94,94,0,19
39.127,HRV,104,1,13625943,g4/12mA/12mA,94,94,0,19
39.127,HRV,104,2,11661741,g4/12mA/12mA,94,94,0,19
39.127,HRV,104,3,13070917,g4/12mA/12mA,94,94,0,19
39.127,HRV,105,0,13541449,g5/12mA/12mA,94,94,0,19
39.127,HRV,105,1,13626190,g4/12mA/12mA,94,94,0,19
39.127,HRV,105,2,11661972,g4/12mA/12mA,94,94,0,19
39.127,HRV,105,3,13071267,g4/12mA/12mA,94,94,0,19
39.127,HRV,106,0,13542925,g5/12mA/12mA,94,94,0,19
39.127,HRV,106,1,13627649,g4/12mA/12mA,94,94,0,19
39.127,HRV,106,2,11663038,g4/12mA/12mA,94,94,0,19
39.127,HRV,106,3,13071865,g4/12mA/12mA,94,94,0,19
39.127,HRV,107,0,13542652,g5/12mA/12mA,94,94,0,19
39.127,HRV,107,1,13627144,g4/12mA/12mA,94,94,0,19
39.127,HRV,107,2,11662678,g4/12mA/12mA,94,94,0,19
39.127,HRV,107,3,13071923,g4/12mA/12mA,94,94,0,19
39.127,HRV,108,0,13542208,g5/12mA/12mA,94,94,0,19
39.127,HRV,108,1,13626403,g4/12mA/12mA,94,94,0,19
39.127,HRV,108,2,11662278,g4/12mA/12mA,94,94,0,19
39.127,HRV,108,3,13071539,g4/12mA/12mA,94,94,0,19
39.127,HRV,109,0,13545032,g5/12mA/12mA,94,94,0,19
39.127,HRV,109,1,13629185,g4/12mA/12mA,94,94,0,19
39.128,HRV,109,2,11664156,g4/12mA/12mA,94,94,0,19
39.128,HRV,109,3,13073485,g4/12mA/12mA,94,94,0,19
39.158,HRV,110,0,13541833,g5/12mA/12mA,94,94,0,19
39.158,HRV,110,1,13626598,g4/12mA/12mA,94,94,0,19
39.158,HRV,110,2,11662245,g4/12mA/12mA,94,94,0,19
39.158,HRV,110,3,13071257,g4/12mA/12mA,94,94,0,19
39.158,HRV,111,0,13540944,g5/12mA/12mA,94,94,0,19
39.158,HRV,111,1,13626165,g4/12mA/12mA,94,94,0,19
39.158,HRV,111,2,11661732,g4/12mA/12mA,94,94,0,19
39.158,HRV,111,3,13071087,g4/12mA/12mA,94,94,0,19
39.158,HRV,112,0,13541978,g5/12mA/12mA,94,94,0,19
39.158,HRV,112,1,13626651,g4/12mA/12mA,94,94,0,19
39.158,HRV,112,2,11662236,g4/12mA/12mA,94,94,0,19
39.158,HRV,112,3,13071301,g4/12mA/12mA,94,94,0,19
39.158,HRV,113,0,13541407,g5/12mA/12mA,94,94,0,19
39.158,HRV,113,1,13626319,g4/12mA/12mA,94,94,0,19
39.158,HRV,113,2,11661928,g4/12mA/12mA,94,94,0,19
39.158,HRV,113,3,13071376,g4/12mA/12mA,94,94,0,19
39.158,HRV,114,0,13543154,g5/12mA/12mA,94,94,0,19
39.158,HRV,114,1,13627555,g4/12mA/12mA,94,94,0,19
39.158,HRV,114,2,11663115,g4/12mA/12mA,94,94,0,19
39.158,HRV,114,3,13071957,g4/12mA/12mA,94,94,0,19
39.158,HRV,115,0,13541927,g5/12mA/12mA,94,94,0,19
39.158,HRV,115,1,13627188,g4/12mA/12mA,94,94,0,19
39.158,HRV,115,2,11662715,g4/12mA/12mA,94,94,0,19
39.158,HRV,115,3,13071590,g4/12mA/12mA,94,94,0,19
39.183,HRV,121,0,13543293,g5/12mA/12mA,94,94,0,19
39.183,HRV,121,1,13628245,g4/12mA/12mA,94,94,0,19
39.183,HRV,121,2,11663808,g4/12mA/12mA,94,94,0,19
39.183,HRV,121,3,13072614,g4/12mA/12mA,94,94,0,19
39.183,HRV,122,0,13540664,g5/12mA/12mA,94,94,0,19
39.183,HRV,122,1,13626283,g4/12mA/12mA,94,94,0,19
39.183,HRV,122,2,11662373,g4/12mA/12mA,94,94,0,19
39.183,HRV,122,3,13071061,g4/12mA/12mA,94,94,0,19
39.183,HRV,123,0,13541357,g5/12mA/12mA,94,94,0,19
39.183,HRV,123,1,13626660,g4/12mA/12mA,94,94,0,19
39.183,HRV,123,2,11662417,g4/12mA/12mA,94,94,0,19
39.183,HRV,123,3,13071257,g4/12mA/12mA,94,94,0,19
39.183,HRV,124,0,13539624,g5/12mA/12mA,94,94,0,19
39.183,HRV,124,1,13625884,g4/12mA/12mA,94,94,0,19
39.183,HRV,124,2,11661540,g4/12mA/12mA,94,94,0,19
39.183,HRV,124,3,13070719,g4/12mA/12mA,94,94,0,19
39.183,HRV,125,0,13542370,g5/12mA/12mA,94,94,0,19
39.183,HRV,125,1,13627205,g4/12mA/12mA,94,94,0,19
39.183,HRV,125,2,11663253,g4/12mA/12mA,94,94,0,19
39.183,HRV,125,3,13071803,g4/12mA/12mA,94,94,0,19
39.183,HRV,126,0,13541048,g5/12mA/12mA,94,94,0,19
39.183,HRV,126,1,13626821,g4/12mA/12mA,94,94,0,19
39.183,HRV,126,2,11662477,g4/12mA/12mA,94,94,0,19
39.183,HRV,126,3,13071266,g4/12mA/12mA,94,94,0,19
39.187,SPO2,99,0,13022242,g1/73mA/0mA,94,94,0,19
39.187,SPO2,99,1,13273556,g1/36mA/0mA,94,94,0,19
39.187,SPO2,100,0,13022819,g1/73mA/0mA,94,94,0,19
39.187,SPO2,100,1,13273951,g1/36mA/0mA,94,94,0,19
39.187,SPO2,101,0,13024216,g1/73mA/0mA,94,94,0,19
39.187,SPO2,101,1,13274657,g1/36mA/0mA,94,94,0,19
39.187,SPO2,102,0,13023706,g1/73mA/0mA,94,94,0,19
39.187,SPO2,102,1,13274039,g1/36mA/0mA,94,94,0,19
39.187,SPO2,103,0,13021749,g1/73mA/0mA,94,94,0,19
39.187,SPO2,103,1,13273271,g1/36mA/0mA,94,94,0,19
39.187,SPO2,104,0,13023182,g1/73mA/0mA,94,94,0,19
39.187,SPO2,104,1,13274609,g1/36mA/0mA,94,94,0,19
39.187,SPO2,105,0,13023594,g1/73mA/0mA,94,94,0,19
39.187,SPO2,105,1,13274722,g1/36mA/0mA,94,94,0,19
39.187,SPO2,106,0,13025324,g1/73mA/0mA,94,94,0,19
39.187,SPO2,106,1,13275738,g1/36mA/0mA,94,94,0,19
39.245,SPO2,114,0,13026662,g1/73mA/0mA,94,94,0,19
39.245,SPO2,114,1,13276329,g1/36mA/0mA,94,94,0,19
39.245,SPO2,115,0,13026140,g1/73mA/0mA,94,94,0,19
39.245,SPO2,115,1,13276193,g1/36mA/0mA,94,94,0,19
39.245,SPO2,116,0,13025080,g1/73mA/0mA,94,94,0,19
39.245,SPO2,116,1,13275158,g1/36mA/0mA,94,94,0,19
39.245,SPO2,117,0,13025075,g1/73mA/0mA,94,94,0,19
39.245,SPO2,117,1,13275424,g1/36mA/0mA,94,94,0,19
39.245,SPO2,118,0,13022879,g1/73mA/0mA,94,94,0,19
39.245,SPO2,118,1,13273932,g1/36mA/0mA,94,94,0,19
39.245,SPO2,119,0,13025138,g1/73mA/0mA,94,94,0,20
39.245,SPO2,119,1,13275883,g1/36mA/0mA,94,94,0,20
39.303,HR,127,0,13541576,g5/12mA/12mA,94,94,0,20
39.303,HR,127,1,13626429,g4/12mA/12mA,94,94,0,20
39.303,HR,127,2,11662126,g4/12mA/12mA,94,94,0,20
39.303,HR,127,3,13071573,g4/12mA/12mA,94,94,0,20
39.303,HR,128,0,13542747,g5/12mA/12mA,94,94,0,20
39.303,HR,128,1,13627317,g4/12mA/12mA,94,94,0,20
39.303,HR,128,2,11663004,g4/12mA/12mA,94,94,0,20
39.303,HR,128,3,13072069,g4/12mA/12mA,94,94,0,20
39.303,HR,129,0,13542217,g5/12mA/12mA,94,94,0,20
39.303,HR,129,1,13627077,g4/12mA/12mA,94,94,0,20
39.303,HR,129,2,11662782,g4/12mA/12mA,94,94,0,20
39.303,HR,129,3,13071820,g4/12mA/12mA,94,94,0,20
39.303,HR,130,0,13543154,g5/12mA/12mA,94,94,0,20
39.303,HR,130,1,13627656,g4/12mA/12mA,94,94,0,20
39.303,HR,130,2,11663004,g4/12mA/12mA,94,94,0,20
39.303,HR,130,3,13072231,g4/12mA/12mA,94,94,0,20
39.303,HR,131,0,13541764,g5/12mA/12mA,94,94,0,20
39.303,HR,131,1,13626472,g4/12mA/12mA,94,94,0,20
39.303,HR,131,2,11662474,g4/12mA/12mA,94,94,0,20
39.303,HR,131,3,13071505,g4/12mA/12mA,94,94,0,20
39.303,HR,132,0,13540221,g5/12mA/12mA,94,94,0,20
39.303,HR,132,1,13625762,g4/12mA/12mA,94,94,0,20
39.303,HR,132,2,11661408,g4/12mA/12mA,94,94,0,20
39.303,HR,132,3,13070754,g4/12mA/12mA,94,94,0,20
39.306,HR,139,0,13541184,g5/12mA/12mA,94,94,0,20
39.306,HR,139,1,13626079,g4/12mA/12mA,94,94,0,20
39.306,HR,139,2,11661894,g4/12mA/12mA,94,94,0,20
39.306,HR,139,3,13070806,g4/12mA/12mA,94,94,0,20
39.306,HR,140,0,13539197,g5/12mA/12mA,94,94,0,20
39.306,HR,140,1,13625141,g4/12mA/12mA,94,94,0,20
39.306,HR,140,2,11660965,g4/12mA/12mA,94,94,0,20
39.306,HR,140,3,13070013,g4/12mA/12mA,94,94,0,20
39.306,HR,141,0,13539777,g5/12mA/12mA,94,94,0,20
39.306,HR,141,1,13625389,g4/12mA/12mA,94,94,0,20
39.306,HR,141,2,11661502,g4/12mA/12mA,94,94,0,20
39.306,HR,141,3,13070396,g4/12mA/12mA,94,94,0,20
39.306,HR,142,0,13540809,g5/12mA/12mA,94,94,0,20
39.306,HR,142,1,13625908,g4/12mA/12mA,94,94,0,20
39.306,HR,142,2,11661716,g4/12mA/12mA,94,94,0,20
39.306,HR,142,3,13070679,g4/12mA/12mA,94,94,0,20
39.306,HR,143,0,13540887,g5/12mA/12mA,94,94,0,20
39.306,HR,143,1,13626104,g4/12mA/12mA,94,94,0,20
39.306,HR,143,2,11661706,g4/12mA/12mA,94,94,0,20
39.306,HR,143,3,13070831,g4/12mA/12mA,94,94,0,20
39.332,HR,144,0,13543394,g5/12mA/12mA,94,96,0,20
39.332,HR,144,1,13628205,g4/12mA/12mA,94,96,0,20
39.332,HR,144,2,11663355,g4/12mA/12mA,94,96,0,20
39.332,HR,144,3,13072512,g4/12mA/12mA,94,96,0,20
39.332,HR,145,0,13542712,g5/12mA/12mA,94,96,0,20
39.332,HR,145,1,13627528,g4/12mA/12mA,94,96,0,20
39.332,HR,145,2,11662953,g4/12mA/12mA,94,96,0,20
39.332,HR,145,3,13071957,g4/12mA/12mA,94,96,0,20
39.332,HR,146,0,13541968,g5/12mA/12mA,94,96,0,20
39.332,HR,146,1,13626794,g4/12mA/12mA,94,96,0,20
39.332,HR,146,2,11662451,g4/12mA/12mA,94,96,0,20
39.332,HR,146,3,13071736,g4/12mA/12mA,94,96,0,20
39.336,HRV,139,0,13541184,g5/12mA/12mA,94,96,0,20
39.336,HRV,139,1,13626079,g4/12mA/12mA,94,96,0,20
39.336,HRV,139,2,11661894,g4/12mA/12mA,94,96,0,20
39.336,HRV,139,3,13070806,g4/12mA/12mA,94,96,0,20
39.336,HRV,140,0,13539197,g5/12mA/12mA,94,96,0,20
39.336,HRV,140,1,13625141,g4/12mA/12mA,94,96,0,20
39.336,HRV,140,2,11660965,g4/12mA/12mA,94,96,0,20
39.336,HRV,140,3,13070013,g4/12mA/12mA,94,96,0,20
39.336,HRV,141,0,13539777,g5/12mA/12mA,94,96,0,20
39.336,HRV,141,1,13625389,g4/12mA/12mA,94,96,0,20
39.336,HRV,141,2,11661502,g4/12mA/12mA,94,96,0,20
39.336,HRV,141,3,13070396,g4/12mA/12mA,94,96,0,20
39.336,HRV,142,0,13540809,g5/12mA/12mA,94,96,0,20
39.336,HRV,142,1,13625908,g4/12mA/12mA,94,96,0,20
39.336,HRV,142,2,11661716,g4/12mA/12mA,94,96,0,20
39.336,HRV,142,3,13070679,g4/12mA/12mA,94,96,0,20
39.336,HRV,143,0,13540887,g5/12mA/12mA,94,96,0,20
39.336,HRV,143,1,13626104,g4/12mA/12mA,94,96,0,20
39.336,HRV,143,2,11661706,g4/12mA/12mA,94,96,0,20
39.336,HRV,143,3,13070831,g4/12mA/12mA,94,96,0,20
39.368,SPO2,126,0,13018048,g1/73mA/0mA,94,96,0,20
39.368,SPO2,126,1,13270558,g1/36mA/0mA,94,96,0,20
39.368,SPO2,127,0,13018498,g1/73mA/0mA,94,96,0,20
39.368,SPO2,127,1,13270884,g1/36mA/0mA,94,96,0,20
39.368,SPO2,128,0,13019375,g1/73mA/0mA,94,96,0,20
39.368,SPO2,128,1,13271419,g1/36mA/0mA,94,96,0,20
39.369,SPO2,129,0,13018896,g1/73mA/0mA,94,96,0,20
39.369,SPO2,129,1,13271008,g1/36mA/0mA,94,96,0,20
39.369,SPO2,130,0,13019131,g1/73mA/0mA,94,96,0,20
39.369,SPO2,130,1,13270588,g1/36mA/0mA,94,96,0,20
39.369,SPO2,131,0,13018101,g1/73mA/0mA,94,96,0,20
39.369,SPO2,131,1,13269998,g1/36mA/0mA,94,96,0,20
39.369,SPO2,132,0,13017070,g1/73mA/0mA,94,96,0,20
39.369,SPO2,132,1,13269751,g1/36mA/0mA,94,96,0,20
39.369,SPO2,133,0,13016924,g1/73mA/0mA,94,96,0,20
39.369,SPO2,133,1,13269303,g1/36mA/0mA,94,96,0,20
39.369,SPO2,134,0,13017813,g1/73mA/0mA,94,96,0,20
39.369,SPO2,134,1,13271493,g1/36mA/0mA,94,96,0,20
39.369,SPO2,135,0,13018893,g1/73mA/0mA,94,96,0,20
39.369,SPO2,135,1,13271929,g1/36mA/0mA,94,96,0,20
39.369,SPO2,136,0,13020851,g1/73mA/0mA,94,96,0,20
39.369,SPO2,136,1,13272531,g1/36mA/0mA,94,96,0,20
39.369,SPO2,137,0,13017555,g1/73mA/0mA,94,96,0,20
39.369,SPO2,137,1,13269874,g1/36mA/0mA,94,96,0,20
39.369,SPO2,138,0,13017781,g1/73mA/0mA,94,96,0,20
39.369,SPO2,138,1,13269826,g1/36mA/0mA,94,96,0,20
39.369,SPO2,139,0,13017492,g1/73mA/0mA,94,96,0,20
39.369,SPO2,139,1,13269686,g1/36mA/0mA,94,96,0,20
39.369,SPO2,140,0,13016013,g1/73mA/0mA,94,96,0,20
39.369,SPO2,140,1,13269043,g1/36mA/0mA,94,96,0,20
40.355,HR,147,0,13541039,g5/12mA/12mA,94,96,0,20
40.355,HR,147,1,13626292,g4/12mA/12mA,94,96,0,20
40.355,HR,147,2,11662176,g4/12mA/12mA,94,96,0,20
40.355,HR,147,3,13071447,g4/12mA/12mA,94,96,0,20
40.355,HR,148,0,13541023,g5/12mA/12mA,94,96,0,20
40.355,HR,148,1,13625669,g4/12mA/12mA,94,96,0,20
40.355,HR,148,2,11661408,g4/12mA/12mA,94,96,0,20
40.355,HR,148,3,13070686,g4/12mA/12mA,94,96,0,20
40.355,HR,149,0,13541167,g5/12mA/12mA,94,96,0,20
40.355,HR,149,1,13626232,g4/12mA/12mA,94,96,0,20
40.355,HR,149,2,11661623,g4/12mA/12mA,94,96,0,20
40.355,HR,149,3,13070720,g4/12mA/12mA,94,96,0,20
40.355,HR,150,0,13541389,g5/12mA/12mA,94,96,0,20
40.355,HR,150,1,13626582,g4/12mA/12mA,94,96,0,20
40.355,HR,150,2,11661903,g4/12mA/12mA,94,96,0,20
40.355,HR,150,3,13071044,g4/12mA/12mA,94,96,0,20
40.355,HR,151,0,13540443,g5/12mA/12mA,94,96,0,20
40.355,HR,151,1,13625559,g4/12mA/12mA,94,96,0,20
40.355,HR,151,2,11661264,g4/12mA/12mA,94,96,0,20
40.355,HR,151,3,13070763,g4/12mA/12mA,94,96,0,20
40.355,HR,152,0,13540586,g5/12mA/12mA,94,96,0,20
40.355,HR,152,1,13626052,g4/12mA/12mA,94,96,0,20
40.355,HR,152,2,11661706,g4/12mA/12mA,94,96,0,20
40.355,HR,152,3,13070763,g4/12mA/12mA,94,96,0,20
40.387,HR,153,0,13540996,g5/12mA/12mA,94,96,0,20
40.387,HR,153,1,13625925,g4/12mA/12mA,94,96,0,20
40.387,HR,153,2,11661835,g4/12mA/12mA,94,96,0,20
40.387,HR,153,3,13070797,g4/12mA/12mA,94,96,0,20
40.387,HR,154,0,13540792,g5/12mA/12mA,94,96,0,20
40.387,HR,154,1,13625788,g4/12mA/12mA,94,96,0,20
40.387,HR,154,2,11661178,g4/12mA/12mA,94,96,0,20
40.387,HR,154,3,13070873,g4/12mA/12mA,94,96,0,20
40.387,HR,155,0,13540179,g5/12mA/12mA,94,96,0,20
40.387,HR,155,1,13625217,g4/12mA/12mA,94,96,0,20
40.387,HR,155,2,11661392,g4/12mA/12mA,94,96,0,20
40.387,HR,155,3,13070130,g4/12mA/12mA,94,96,0,20
40.387,HR,156,0,13540809,g5/12mA/12mA,94,96,0,20
40.387,HR,156,1,13626301,g4/12mA/12mA,94,96,0,20
40.387,HR,156,2,11661939,g4/12mA/12mA,94,96,0,20
40.387,HR,156,3,13071240,g4/12mA/12mA,94,96,0,20
40.387,HR,157,0,13539938,g5/12mA/12mA,94,96,0,20
40.387,HR,157,1,13625464,g4/12mA/12mA,94,96,0,20
40.387,HR,157,2,11661153,g4/12mA/12mA,94,96,0,20
40.387,HR,157,3,13070217,g4/12mA/12mA,94,96,0,20
40.387,HR,158,0,13538473,g5/12mA/12mA,94,96,0,20
40.387,HR,158,1,13624278,g4/12mA/12mA,94,96,0,20
40.387,HR,158,2,11660282,g4/12mA/12mA,94,96,0,20
40.387,HR,158,3,13069577,g4/12mA/12mA,94,96,0,20
40.416,HR,159,0,13540834,g5/12mA/12mA,94,96,0,20
40.416,HR,159,1,13625898,g4/12mA/12mA,94,96,0,20
40.416,HR,159,2,11661835,g4/12mA/12mA,94,96,0,20
40.416,HR,159,3,13070976,g4/12mA/12mA,94,96,0,20
40.416,HR,160,0,13541244,g5/12mA/12mA,94,96,0,20
40.416,HR,160,1,13626309,g4/12mA/12mA,94,96,0,20
40.416,HR,160,2,11661774,g4/12mA/12mA,94,96,0,20
40.416,HR,160,3,13071189,g4/12mA/12mA,94,96,0,20
40.416,HR,161,0,13540142,g5/12mA/12mA,94,96,0,20
40.416,HR,161,1,13625337,g4/12mA/12mA,94,96,0,20
40.416,HR,161,2,11661357,g4/12mA/12mA,94,96,0,20
40.416,HR,161,3,13070456,g4/12mA/12mA,94,96,0,20
40.416,HR,162,0,13541287,g5/12mA/12mA,94,96,0,20
40.416,HR,162,1,13626455,g4/12mA/12mA,94,96,0,20
40.416,HR,162,2,11662006,g4/12mA/12mA,94,96,0,20
40.416,HR,162,3,13070737,g4/12mA/12mA,94,96,0,20
40.416,HR,163,0,13540545,g5/12mA/12mA,94,96,0,20
40.417,HR,163,1,13625626,g4/12mA/12mA,94,96,0,20
40.417,HR,163,2,11661519,g4/12mA/12mA,94,96,0,20
40.417,HR,163,3,13070729,g4/12mA/12mA,94,96,0,20
40.417,HR,164,0,13541704,g5/12mA/12mA,94,96,0,20
40.417,HR,164,1,13626410,g4/12mA/12mA,94,96,0,20
40.417,HR,164,2,11662151,g4/12mA/12mA,94,96,0,20
40.417,HR,164,3,13071316,g4/12mA/12mA,94,96,0,20
40.417,HR,165,0,13541287,g5/12mA/12mA,94,96,0,20
40.417,HR,165,1,13626447,g4/12mA/12mA,94,96,0,20
40.417,HR,165,2,11661826,g4/12mA/12mA,94,96,0,20
40.417,HR,165,3,13070966,g4/12mA/12mA,94,96,0,20
40.417,HR,166,0,13541287,g5/12mA/12mA,94,96,0,20
40.417,HR,166,1,13626505,g4/12mA/12mA,94,96,0,20
40.417,HR,166,2,11661939,g4/12mA/12mA,94,96,0,20
40.417,HR,166,3,13071248,g4/12mA/12mA,94,96,0,20
40.417,HR,167,0,13540843,g5/12mA/12mA,94,96,0,20
40.417,HR,167,1,13626549,g4/12mA/12mA,94,96,0,20
40.417,HR,167,2,11662109,g4/12mA/12mA,94,96,0,20
40.417,HR,167,3,13071104,g4/12mA/12mA,94,96,0,20
40.417,HR,168,0,13542089,g5/12mA/12mA,94,96,0,20
40.417,HR,168,1,13626855,g4/12mA/12mA,94,96,0,20
40.417,HR,168,2,11662424,g4/12mA/12mA,94,96,0,20
40.417,HR,168,3,13071786,g4/12mA/12mA,94,96,0,20
40.417,HR,169,0,13540749,g5/12mA/12mA,92,98,0,20
40.417,HR,169,1,13626165,g4/12mA/12mA,92,98,0,20
40.417,HR,169,2,11661905,g4/12mA/12mA,92,98,0,20
40.417,HR,169,3,13070883,g4/12mA/12mA,92,98,0,20
40.447,HR,170,0,13541440,g5/12mA/12mA,92,98,0,20
40.447,HR,170,1,13626530,g4/12mA/12mA,92,98,0,20
40.447,HR,170,2,11662134,g4/12mA/12mA,92,98,0,20
40.447,HR,170,3,13071359,g4/12mA/12mA,92,98,0,20
40.447,HR,171,0,13539998,g5/12mA/12mA,92,98,0,20
40.447,HR,171,1,13625354,g4/12mA/12mA,92,98,0,20
40.447,HR,171,2,11661555,g4/12mA/12mA,92,98,0,20
40.447,HR,171,3,13070849,g4/12mA/12mA,92,98,0,20
40.447,HR,172,0,13539307,g5/12mA/12mA,92,98,0,20
40.447,HR,172,1,13624953,g4/12mA/12mA,92,98,0,20
40.447,HR,172,2,11660930,g4/12mA/12mA,92,98,0,20
40.447,HR,172,3,13070070,g4/12mA/12mA,92,98,0,20
40.447,HR,173,0,13540322,g5/12mA/12mA,92,98,0,20
40.447,HR,173,1,13625977,g4/12mA/12mA,92,98,0,20
40.447,HR,173,2,11661468,g4/12mA/12mA,92,98,0,20
40.447,HR,173,3,13070985,g4/12mA/12mA,92,98,0,20
40.447,HR,174,0,13540179,g5/12mA/12mA,92,98,0,20
40.447,HR,174,1,13625788,g4/12mA/12mA,92,98,0,20
40.447,HR,174,2,11661426,g4/12mA/12mA,92,98,0,20
40.447,HR,174,3,13070608,g4/12mA/12mA,92,98,0,20
40.447,HR,175,0,13540827,g5/12mA/12mA,92,98,0,20
40.447,HR,175,1,13625788,g4/12mA/12mA,92,98,0,20
40.447,HR,175,2,11662041,g4/12mA/12mA,92,98,0,20
40.447,HR,175,3,13071071,g4/12mA/12mA,92,98,0,20
40.473,HR,176,0,13538771,g5/12mA/12mA,92,98,0,20
40.473,HR,176,1,13624704,g4/12mA/12mA,92,98,0,20
40.473,HR,176,2,11660700,g4/12mA/12mA,92,98,0,20
40.473,HR,176,3,13069884,g4/12mA/12mA,92,98,0,20
40.473,HR,177,0,13541815,g5/12mA/12mA,92,98,0,20
40.473,HR,177,1,13626462,g4/12mA/12mA,92,98,0,20
40.473,HR,177,2,11662023,g4/12mA/12mA,92,98,0,20
40.473,HR,177,3,13071497,g4/12mA/12mA,92,98,0,20
40.473,HR,178,0,13539735,g5/12mA/12mA,92,98,0,20
40.473,HR,178,1,13625559,g4/12mA/12mA,92,98,0,20
40.473,HR,178,2,11661348,g4/12mA/12mA,92,98,0,20
40.473,HR,178,3,13070737,g4/12mA/12mA,92,98,0,20
40.473,HR,179,0,13539708,g5/12mA/12mA,92,98,0,20
40.473,HR,179,1,13625013,g4/12mA/12mA,92,98,0,20
40.473,HR,179,2,11660965,g4/12mA/12mA,92,98,0,20
40.473,HR,179,3,13070319,g4/12mA/12mA,92,98,0,20
40.473,HR,180,0,13540273,g5/12mA/12mA,92,98,0,20
40.473,HR,180,1,13625721,g4/12mA/12mA,92,98,0,20
40.473,HR,180,2,11661555,g4/12mA/12mA,92,98,0,20
40.473,HR,180,3,13070942,g4/12mA/12mA,92,98,0,20
40.508,HRV,153,0,13541297,g5/12mA/12mA,92,98,0,20
40.508,HRV,153,1,13625977,g4/12mA/12mA,92,98,0,20
40.508,HRV,153,2,11661835,g4/12mA/12mA,92,98,0,20
40.508,HRV,153,3,13070865,g4/12mA/12mA,92,98,0,20
40.508,HRV,154,0,13541093,g5/12mA/12mA,92,98,0,20
40.508,HRV,154,1,13625840,g4/12mA/12mA,92,98,0,20
40.508,HRV,154,2,11661178,g4/12mA/12mA,92,98,0,20
40.508,HRV,154,3,13070941,g4/12mA/12mA,92,98,0,20
40.508,HRV,155,0,13540480,g5/12mA/12mA,92,98,0,20
40.508,HRV,155,1,13625269,g4/12mA/12mA,92,98,0,20
40.508,HRV,155,2,11661392,g4/12mA/12mA,92,98,0,20
40.508,HRV,155,3,13070198,g4/12mA/12mA,92,98,0,20
40.508,HRV,156,0,13541110,g5/12mA/12mA,92,98,0,20
40.508,HRV,156,1,13626353,g4/12mA/12mA,92,98,0,20
40.508,HRV,156,2,11661939,g4/12mA/12mA,92,98,0,20
40.508,HRV,156,3,13071308,g4/12mA/12mA,92,98,0,20
40.508,HRV,157,0,13540239,g5/12mA/12mA,92,98,0,20
40.508,HRV,157,1,13625516,g4/12mA/12mA,92,98,0,20
40.508,HRV,157,2,11661153,g4/12mA/12mA,92,98,0,20
40.508,HRV,157,3,13070285,g4/12mA/12mA,92,98,0,20
40.508,HRV,158,0,13538774,g5/12mA/12mA,92,98,0,20
40.508,HRV,158,1,13624330,g4/12mA/12mA,92,98,0,20
40.508,HRV,158,2,11660282,g4/12mA/12mA,92,98,0,20
40.508,HRV,158,3,13069645,g4/12mA/12mA,92,98,0,20
40.534,HRV,159,0,13540834,g5/12mA/12mA,92,98,0,20
40.534,HRV,159,1,13625898,g4/12mA/12mA,92,98,0,20
40.534,HRV,159,2,11661835,g4/12mA/12mA,92,98,0,20
40.534,HRV,159,3,13070976,g4/12mA/12mA,92,98,0,20
40.534,HRV,160,0,13541244,g5/12mA/12mA,92,98,0,20
40.534,HRV,160,1,13626309,g4/12mA/12mA,92,98,0,20
40.534,HRV,160,2,11661774,g4/12mA/12mA,92,98,0,20
40.534,HRV,160,3,13071189,g4/12mA/12mA,92,98,0,20
40.534,HRV,161,0,13540142,g5/12mA/12mA,92,98,0,20
40.534,HRV,161,1,13625337,g4/12mA/12mA,92,98,0,20
40.534,HRV,161,2,11661357,g4/12mA/12mA,92,98,0,20
40.534,HRV,161,3,13070456,g4/12mA/12mA,92,98,0,20
40.534,HRV,162,0,13541287,g5/12mA/12mA,92,98,0,20
40.534,HRV,162,1,13626455,g4/12mA/12mA,92,98,0,20
40.534,HRV,162,2,11662006,g4/12mA/12mA,92,98,0,20
40.534,HRV,162,3,13070737,g4/12mA/12mA,92,98,0,20
40.534,HRV,163,0,13540545,g5/12mA/12mA,92,98,0,20
40.535,HRV,163,1,13625626,g4/12mA/12mA,92,98,0,20
40.535,HRV,163,2,11661519,g4/12mA/12mA,92,98,0,20
40.535,HRV,163,3,13070729,g4/12mA/12mA,92,98,0,20
40.535,HRV,164,0,13541704,g5/12mA/12mA,92,98,0,20
40.535,HRV,164,1,13626410,g4/12mA/12mA,92,98,0,20
40.535,HRV,164,2,11662151,g4/12mA/12mA,92,98,0,20
40.535,HRV,164,3,13071316,g4/12mA/12mA,92,98,0,20
40.536,HRV,170,0,13541440,g5/12mA/12mA,92,98,0,20
40.536,HRV,170,1,13626530,g4/12mA/12mA,92,98,0,20
40.536,HRV,170,2,11662134,g4/12mA/12mA,92,98,0,20
40.536,HRV,170,3,13071359,g4/12mA/12mA,92,98,0,20
40.536,HRV,171,0,13539998,g5/12mA/12mA,92,98,0,20
40.536,HRV,171,1,13625354,g4/12mA/12mA,92,98,0,20
40.536,HRV,171,2,11661555,g4/12mA/12mA,92,98,0,20
40.536,HRV,171,3,13070849,g4/12mA/12mA,92,98,0,20
40.536,HRV,172,0,13539307,g5/12mA/12mA,92,98,0,20
40.536,HRV,172,1,13624953,g4/12mA/12mA,92,98,0,20
40.536,HRV,172,2,11660930,g4/12mA/12mA,92,98,0,20
40.536,HRV,172,3,13070070,g4/12mA/12mA,92,98,0,20
40.536,HRV,173,0,13540322,g5/12mA/12mA,92,98,0,20
40.536,HRV,173,1,13625977,g4/12mA/12mA,92,98,0,20
40.536,HRV,173,2,11661468,g4/12mA/12mA,92,98,0,20
40.536,HRV,173,3,13070985,g4/12mA/12mA,92,98,0,20
40.536,HRV,174,0,13540179,g5/12mA/12mA,92,98,0,20
40.536,HRV,174,1,13625788,g4/12mA/12mA,92,98,0,20
40.536,HRV,174,2,11661426,g4/12mA/12mA,92,98,0,20
40.536,HRV,174,3,13070608,g4/12mA/12mA,92,98,0,20
40.536,HRV,175,0,13540827,g5/12mA/12mA,92,98,0,20
40.536,HRV,175,1,13625788,g4/12mA/12mA,92,98,0,20
40.536,HRV,175,2,11662041,g4/12mA/12mA,92,98,0,20
40.536,HRV,175,3,13071071,g4/12mA/12mA,92,98,0,20
40.565,SPO2,154,0,13016136,g1/73mA/0mA,92,98,0,20
40.565,SPO2,154,1,13269477,g1/36mA/0mA,92,98,0,20
40.565,SPO2,155,0,13015366,g1/73mA/0mA,92,98,0,20
40.565,SPO2,155,1,13268597,g1/36mA/0mA,92,98,0,20
40.565,SPO2,156,0,13015541,g1/73mA/0mA,92,98,0,20
40.565,SPO2,156,1,13267840,g1/36mA/0mA,92,98,0,20
40.565,SPO2,157,0,13014350,g1/73mA/0mA,92,98,0,20
40.565,SPO2,157,1,13267233,g1/36mA/0mA,92,98,0,20
40.565,SPO2,158,0,13013998,g1/73mA/0mA,92,98,0,20
40.565,SPO2,158,1,13267846,g1/36mA/0mA,92,98,0,20
40.565,SPO2,159,0,13016760,g1/73mA/0mA,92,98,0,20
40.565,SPO2,159,1,13269872,g1/36mA/0mA,92,98,0,20
40.565,SPO2,160,0,13016726,g1/73mA/0mA,92,98,0,20
40.565,SPO2,160,1,13269734,g1/36mA/0mA,92,98,0,20
40.565,SPO2,161,0,13015754,g1/73mA/0mA,92,98,0,20
40.565,SPO2,161,1,13268916,g1/36mA/0mA,92,98,0,20
40.566,SPO2,175,0,13017703,g1/73mA/0mA,92,98,0,20
40.566,SPO2,175,1,13269958,g1/36mA/0mA,92,98,0,20
40.566,SPO2,176,0,13015440,g1/73mA/0mA,92,98,0,20
40.566,SPO2,176,1,13268541,g1/36mA/0mA,92,98,0,20
40.566,SPO2,177,0,13018084,g1/73mA/0mA,92,98,0,20
40.566,SPO2,177,1,13270432,g1/36mA/0mA,92,98,0,20
40.566,SPO2,178,0,13016667,g1/73mA/0mA,92,98,0,20
40.566,SPO2,178,1,13269142,g1/36mA/0mA,92,98,0,20
40.566,SPO2,179,0,13016286,g1/73mA/0mA,92,98,0,20
40.566,SPO2,179,1,13269274,g1/36mA/0mA,92,98,0,20
40.597,HR,186,0,13539652,g5/12mA/12mA,92,98,0,20
40.597,HR,186,1,13624647,g4/12mA/12mA,92,98,0,20
40.597,HR,186,2,11661204,g4/12mA/12mA,92,98,0,20
40.598,HR,186,3,13070087,g4/12mA/12mA,92,98,0,20
40.598,HR,187,0,13540095,g5/12mA/12mA,92,98,0,20
40.598,HR,187,1,13625354,g4/12mA/12mA,92,98,0,20
40.598,HR,187,2,11661477,g4/12mA/12mA,92,98,0,20
40.598,HR,187,3,13070565,g4/12mA/12mA,92,98,0,20
40.598,HR,188,0,13541102,g5/12mA/12mA,92,98,0,20
40.598,HR,188,1,13625856,g4/12mA/12mA,92,98,0,20
40.598,HR,188,2,11662030,g4/12mA/12mA,92,98,0,20
40.598,HR,188,3,13071129,g4/12mA/12mA,92,98,0,20
40.598,HR,189,0,13539286,g5/12mA/12mA,92,98,0,20
40.598,HR,189,1,13624774,g4/12mA/12mA,92,98,0,20
40.598,HR,189,2,11661315,g4/12mA/12mA,92,98,0,20
40.598,HR,189,3,13070602,g4/12mA/12mA,92,98,0,20
40.598,HR,190,0,13538797,g5/12mA/12mA,92,98,0,20
40.598,HR,190,1,13624765,g4/12mA/12mA,92,98,0,20
40.598,HR,190,2,11660915,g4/12mA/12mA,92,98,0,20
40.598,HR,190,3,13069765,g4/12mA/12mA,92,98,0,20
40.598,HR,191,0,13540966,g5/12mA/12mA,92,98,0,20
40.598,HR,191,1,13625618,g4/12mA/12mA,92,98,0,20
40.598,HR,191,2,11662116,g4/12mA/12mA,92,98,0,20
40.598,HR,191,3,13071367,g4/12mA/12mA,92,98,0,20
40.623,HRV,181,0,13539802,g5/12mA/12mA,92,98,0,20
40.623,HRV,181,1,13625644,g4/12mA/12mA,92,98,0,20
40.623,HRV,181,2,11661126,g4/12mA/12mA,92,98,0,20
40.623,HRV,181,3,13070456,g4/12mA/12mA,92,98,0,20
40.623,HRV,182,0,13542318,g5/12mA/12mA,92,98,0,20
40.623,HRV,182,1,13626923,g4/12mA/12mA,92,98,0,20
40.623,HRV,182,2,11662655,g4/12mA/12mA,92,98,0,20
40.623,HRV,182,3,13071607,g4/12mA/12mA,92,98,0,20
40.623,HRV,183,0,13540673,g5/12mA/12mA,92,98,0,20
40.623,HRV,183,1,13625773,g4/12mA/12mA,92,98,0,20
40.623,HRV,183,2,11661579,g4/12mA/12mA,92,98,0,20
40.623,HRV,183,3,13070976,g4/12mA/12mA,92,98,0,20
40.623,HRV,184,0,13541637,g5/12mA/12mA,92,98,0,20
40.623,HRV,184,1,13626677,g4/12mA/12mA,92,98,0,20
40.624,HRV,184,2,11662433,g4/12mA/12mA,92,98,0,20
40.624,HRV,184,3,13071512,g4/12mA/12mA,92,98,0,20
40.624,HRV,185,0,13540774,g5/12mA/12mA,92,98,0,20
40.624,HRV,185,1,13626275,g4/12mA/12mA,92,98,0,20
40.624,HRV,185,2,11661615,g4/12mA/12mA,92,98,0,20
40.624,HRV,185,3,13071019,g4/12mA/12mA,92,98,0,20
40.626,SPO2,187,0,13017206,g1/73mA/0mA,92,98,0,20
40.626,SPO2,187,1,13269688,g1/36mA/0mA,92,98,0,20
40.626,SPO2,188,0,13017982,g1/73mA/0mA,92,98,0,20
40.626,SPO2,188,1,13270080,g1/36mA/0mA,92,98,0,20
40.626,SPO2,189,0,13016439,g1/73mA/0mA,92,98,0,20
40.626,SPO2,189,1,13268914,g1/36mA/0mA,92,98,0,20
40.626,SPO2,190,0,13016342,g1/73mA/0mA,92,98,0,20
40.626,SPO2,190,1,13269462,g1/36mA/0mA,92,98,0,20
40.626,SPO2,191,0,13018258,g1/73mA/0mA,92,98,0,20
40.626,SPO2,191,1,13270720,g1/36mA/0mA,92,98,0,20
42.906,HR,192,0,13541483,g5/12mA/12mA,92,98,0,20
42.906,HR,192,1,13626677,g4/12mA/12mA,92,98,0,20
42.906,HR,192,2,11662364,g4/12mA/12mA,92,98,0,20
42.906,HR,192,3,13070874,g4/12mA/12mA,92,98,0,20
42.906,HR,193,0,13540631,g5/12mA/12mA,92,98,0,20
42.906,HR,193,1,13626062,g4/12mA/12mA,92,98,0,20
42.906,HR,193,2,11661868,g4/12mA/12mA,92,98,0,20
42.906,HR,193,3,13070840,g4/12mA/12mA,92,98,0,20
42.906,HR,194,0,13539102,g5/12mA/12mA,90,98,0,20
42.906,HR,194,1,13624587,g4/12mA/12mA,90,98,0,20
42.906,HR,194,2,11660455,g4/12mA/12mA,90,98,0,20
42.906,HR,194,3,13069765,g4/12mA/12mA,90,98,0,20
42.906,HR,195,0,13539818,g5/12mA/12mA,90,98,0,20
42.906,HR,195,1,13625737,g4/12mA/12mA,90,98,0,20
42.906,HR,195,2,11661555,g4/12mA/12mA,90,98,0,20
42.906,HR,195,3,13070634,g4/12mA/12mA,90,98,0,20
42.906,HR,196,0,13539324,g5/12mA/12mA,90,98,0,20
42.906,HR,196,1,13624817,g4/12mA/12mA,90,98,0,20
42.906,HR,196,2,11660734,g4/12mA/12mA,90,98,0,20
42.906,HR,196,3,13069806,g4/12mA/12mA,90,98,0,20
42.935,HR,197,0,13537969,g5/12mA/12mA,90,98,0,20
42.935,HR,197,1,13623938,g4/12mA/12mA,90,98,0,20
42.935,HR,197,2,11660044,g4/12mA/12mA,90,98,0,20
42.935,HR,197,3,13069192,g4/12mA/12mA,90,98,0,20
42.935,HR,198,0,13541227,g5/12mA/12mA,90,98,0,20
42.935,HR,198,1,13626037,g4/12mA/12mA,90,98,0,20
42.935,HR,198,2,11661981,g4/12mA/12mA,90,98,0,20
42.935,HR,198,3,13071000,g4/12mA/12mA,90,98,0,20
42.935,HR,199,0,13542943,g5/12mA/12mA,90,98,0,20
42.935,HR,199,1,13627531,g4/12mA/12mA,90,98,0,20
42.935,HR,199,2,11663148,g4/12mA/12mA,90,98,0,20
42.935,HR,199,3,13072025,g4/12mA/12mA,90,98,0,20
42.935,HR,200,0,13541798,g5/12mA/12mA,90,98,0,20
42.935,HR,200,1,13626523,g4/12mA/12mA,90,98,0,20
42.935,HR,200,2,11662210,g4/12mA/12mA,90,98,0,20
42.935,HR,200,3,13071565,g4/12mA/12mA,90,98,0,20
42.935,HR,201,0,13540947,g5/12mA/12mA,90,98,0,20
42.935,HR,201,1,13626804,g4/12mA/12mA,90,98,0,20
42.935,HR,201,2,11662330,g4/12mA/12mA,90,98,0,20
42.935,HR,201,3,13071308,g4/12mA/12mA,90,98,0,20
42.935,HR,202,0,13539598,g5/12mA/12mA,90,98,0,20
42.935,HR,202,1,13625464,g4/12mA/12mA,90,98,0,20
42.935,HR,202,2,11661187,g4/12mA/12mA,90,98,0,20
42.935,HR,202,3,13070190,g4/12mA/12mA,90,98,0,20
42.997,HR,203,0,13539588,g5/12mA/12mA,90,98,0,20
42.997,HR,203,1,13625285,g4/12mA/12mA,90,98,0,20
42.997,HR,203,2,11660878,g4/12mA/12mA,90,98,0,20
42.997,HR,203,3,13070174,g4/12mA/12mA,90,98,0,20
42.997,HR,204,0,13541313,g5/12mA/12mA,90,98,0,20
42.997,HR,204,1,13626692,g4/12mA/12mA,90,98,0,20
42.997,HR,204,2,11662151,g4/12mA/12mA,90,98,0,20
42.997,HR,204,3,13071128,g4/12mA/12mA,90,98,0,20
42.997,HR,205,0,13538804,g5/12mA/12mA,90,98,0,20
42.997,HR,205,1,13624587,g4/12mA/12mA,90,98,0,20
42.997,HR,205,2,11660846,g4/12mA/12mA,90,98,0,20
42.997,HR,205,3,13069765,g4/12mA/12mA,90,98,0,20
42.997,HR,206,0,13538760,g5/12mA/12mA,90,98,0,20
42.997,HR,206,1,13624919,g4/12mA/12mA,90,98,0,20
42.997,HR,206,2,11660760,g4/12mA/12mA,90,98,0,20
42.997,HR,206,3,13070002,g4/12mA/12mA,90,98,0,20
42.997,HR,207,0,13539622,g5/12mA/12mA,90,98,0,20
42.997,HR,207,1,13625731,g4/12mA/12mA,90,98,0,20
42.997,HR,207,2,11661332,g4/12mA/12mA,90,98,0,20
42.997,HR,207,3,13070396,g4/12mA/12mA,90,98,0,20
42.997,HR,208,0,13540425,g5/12mA/12mA,90,98,0,20
42.997,HR,208,1,13625679,g4/12mA/12mA,90,98,0,20
42.997,HR,208,2,11661886,g4/12mA/12mA,90,98,0,20
42.997,HR,208,3,13070883,g4/12mA/12mA,90,98,0,20
43.028,HR,209,0,13540297,g5/12mA/12mA,90,98,0,20
43.028,HR,209,1,13625712,g4/12mA/12mA,90,98,0,20
43.028,HR,209,2,11661725,g4/12mA/12mA,90,98,0,20
43.028,HR,209,3,13070754,g4/12mA/12mA,90,98,0,20
43.028,HR,210,0,13540560,g5/12mA/12mA,90,98,0,20
43.028,HR,210,1,13625814,g4/12mA/12mA,90,98,0,20
43.028,HR,210,2,11661759,g4/12mA/12mA,90,98,0,20
43.028,HR,210,3,13070754,g4/12mA/12mA,90,98,0,20
43.028,HR,211,0,13539171,g5/12mA/12mA,90,98,0,20
43.028,HR,211,1,13624731,g4/12mA/12mA,90,98,0,20
43.028,HR,211,2,11660640,g4/12mA/12mA,90,98,0,20
43.028,HR,211,3,13069926,g4/12mA/12mA,90,98,0,20
43.028,HR,212,0,13540545,g5/12mA/12mA,90,98,0,20
43.028,HR,212,1,13625977,g4/12mA/12mA,90,98,0,20
43.028,HR,212,2,11662075,g4/12mA/12mA,90,98,0,20
43.028,HR,212,3,13070533,g4/12mA/12mA,90,98,0,20
43.028,HR,213,0,13538352,g5/12mA/12mA,90,98,0,20
43.028,HR,213,1,13624740,g4/12mA/12mA,90,98,0,20
43.028,HR,213,2,11660674,g4/12mA/12mA,90,98,0,20
43.028,HR,213,3,13069772,g4/12mA/12mA,90,98,0,20
43.028,HR,214,0,13539444,g5/12mA/12mA,90,98,0,20
43.028,HR,214,1,13624919,g4/12mA/12mA,90,98,0,20
43.028,HR,214,2,11660854,g4/12mA/12mA,90,98,0,20
43.028,HR,214,3,13070002,g4/12mA/12mA,90,98,0,20
43.028,HR,215,0,13541294,g5/12mA/12mA,90,98,0,20
43.028,HR,215,1,13626334,g4/12mA/12mA,90,98,0,20
43.028,HR,215,2,11662169,g4/12mA/12mA,90,98,0,20
43.028,HR,215,3,13071019,g4/12mA/12mA,90,98,0,20
43.028,HR,216,0,13540910,g5/12mA/12mA,90,98,0,20
43.028,HR,216,1,13626029,g4/12mA/12mA,90,98,0,20
43.028,HR,216,2,11661988,g4/12mA/12mA,90,98,0,20
43.028,HR,216,3,13070958,g4/12mA/12mA,90,98,0,20
43.028,HR,217,0,13540485,g5/12mA/12mA,90,98,0,20
43.028,HR,217,1,13625984,g4/12mA/12mA,90,98,0,20
43.028,HR,217,2,11661810,g4/12mA/12mA,90,98,0,20
43.028,HR,217,3,13070651,g4/12mA/12mA,90,98,0,20
43.028,HR,218,0,13539529,g5/12mA/12mA,90,98,0,20
43.028,HR,218,1,13625704,g4/12mA/12mA,90,98,0,20
43.028,HR,218,2,11661111,g4/12mA/12mA,90,98,0,20
43.028,HR,218,3,13069994,g4/12mA/12mA,90,98,0,20
43.028,HR,219,0,13539769,g5/12mA/12mA,88,99,0,20
43.028,HR,219,1,13625344,g4/12mA/12mA,88,99,0,20
43.028,HR,219,2,11661126,g4/12mA/12mA,88,99,0,20
43.028,HR,219,3,13070360,g4/12mA/12mA,88,99,0,20
43.056,HRV,192,0,13541483,g5/12mA/12mA,88,99,0,20
43.056,HRV,192,1,13626677,g4/12mA/12mA,88,99,0,20
43.056,HRV,192,2,11662364,g4/12mA/12mA,88,99,0,20
43.056,HRV,192,3,13070874,g4/12mA/12mA,88,99,0,20
43.056,HRV,193,0,13540631,g5/12mA/12mA,88,99,0,20
43.056,HRV,193,1,13626062,g4/12mA/12mA,88,99,0,20
43.056,HRV,193,2,11661868,g4/12mA/12mA,88,99,0,20
43.056,HRV,193,3,13070840,g4/12mA/12mA,88,99,0,20
43.056,HRV,194,0,13539102,g5/12mA/12mA,88,99,0,20
43.056,HRV,194,1,13624587,g4/12mA/12mA,88,99,0,20
43.056,HRV,194,2,11660455,g4/12mA/12mA,88,99,0,20
43.056,HRV,194,3,13069765,g4/12mA/12mA,88,99,0,20
43.056,HRV,195,0,13539818,g5/12mA/12mA,88,99,0,20
43.056,HRV,195,1,13625737,g4/12mA/12mA,88,99,0,20
43.056,HRV,195,2,11661555,g4/12mA/12mA,88,99,0,20
43.056,HRV,195,3,13070634,g4/12mA/12mA,88,99,0,20
43.082,HRV,202,0,13539598,g5/12mA/12mA,88,99,0,20
43.082,HRV,202,1,13625464,g4/12mA/12mA,88,99,0,20
43.082,HRV,202,2,11661187,g4/12mA/12mA,88,99,0,20
43.082,HRV,202,3,13070190,g4/12mA/12mA,88,99,0,20
43.082,HRV,203,0,13539588,g5/12mA/12mA,88,99,0,20
43.082,HRV,203,1,13625285,g4/12mA/12mA,88,99,0,20
43.082,HRV,203,2,11660878,g4/12mA/12mA,88,99,0,20
43.082,HRV,203,3,13070174,g4/12mA/12mA,88,99,0,20
43.082,HRV,204,0,13541313,g5/12mA/12mA,88,99,0,20
43.082,HRV,204,1,13626692,g4/12mA/12mA,88,99,0,20
43.082,HRV,204,2,11662151,g4/12mA/12mA,88,99,0,20
43.082,HRV,204,3,13071128,g4/12mA/12mA,88,99,0,20
43.082,HRV,205,0,13538804,g5/12mA/12mA,88,99,0,20
43.082,HRV,205,1,13624587,g4/12mA/12mA,88,99,0,20
43.082,HRV,205,2,11660846,g4/12mA/12mA,88,99,0,20
43.082,HRV,205,3,13069765,g4/12mA/12mA,88,99,0,20
43.082,HRV,206,0,13538760,g5/12mA/12mA,88,99,0,20
43.082,HRV,206,1,13624919,g4/12mA/12mA,88,99,0,20
43.082,HRV,206,2,11660760,g4/12mA/12mA,88,99,0,20
43.082,HRV,206,3,13070002,g4/12mA/12mA,88,99,0,20
43.083,HRV,207,0,13539622,g5/12mA/12mA,88,99,0,20
43.083,HRV,207,1,13625731,g4/12mA/12mA,88,99,0,20
43.083,HRV,207,2,11661332,g4/12mA/12mA,88,99,0,20
43.083,HRV,207,3,13070396,g4/12mA/12mA,88,99,0,20
43.086,HRV,214,0,13539444,g5/12mA/12mA,88,99,0,20
43.086,HRV,214,1,13624919,g4/12mA/12mA,88,99,0,20
43.086,HRV,214,2,11660854,g4/12mA/12mA,88,99,0,20
43.086,HRV,214,3,13070002,g4/12mA/12mA,88,99,0,20
43.086,HRV,215,0,13541294,g5/12mA/12mA,88,99,0,20
43.086,HRV,215,1,13626334,g4/12mA/12mA,88,99,0,20
43.086,HRV,215,2,11662169,g4/12mA/12mA,88,99,0,20
43.086,HRV,215,3,13071019,g4/12mA/12mA,88,99,0,20
43.086,HRV,216,0,13540910,g5/12mA/12mA,88,99,0,20
43.086,HRV,216,1,13626029,g4/12mA/12mA,88,99,0,20
43.086,HRV,216,2,11661988,g4/12mA/12mA,88,99,0,20
43.086,HRV,216,3,13070958,g4/12mA/12mA,88,99,0,20
43.086,HRV,217,0,13540485,g5/12mA/12mA,88,99,0,20
43.086,HRV,217,1,13625984,g4/12mA/12mA,88,99,0,20
43.086,HRV,217,2,11661810,g4/12mA/12mA,88,99,0,20
43.086,HRV,217,3,13070651,g4/12mA/12mA,88,99,0,20
43.086,HRV,218,0,13539529,g5/12mA/12mA,88,99,0,20
43.086,HRV,218,1,13625704,g4/12mA/12mA,88,99,0,20
43.086,HRV,218,2,11661111,g4/12mA/12mA,88,99,0,20
43.086,HRV,218,3,13069994,g4/12mA/12mA,88,99,0,20
43.117,HRV,219,0,13539769,g5/12mA/12mA,88,99,0,20
43.117,HRV,219,1,13625344,g4/12mA/12mA,88,99,0,20
43.117,HRV,219,2,11661126,g4/12mA/12mA,88,99,0,20
43.117,HRV,219,3,13070360,g4/12mA/12mA,88,99,0,20
43.117,HRV,220,0,13539896,g5/12mA/12mA,88,99,0,20
43.117,HRV,220,1,13625464,g4/12mA/12mA,88,99,0,20
43.117,HRV,220,2,11661297,g4/12mA/12mA,88,99,0,20
43.117,HRV,220,3,13070634,g4/12mA/12mA,88,99,0,20
43.117,HRV,221,0,13540186,g5/12mA/12mA,88,99,0,20
43.117,HRV,221,1,13625576,g4/12mA/12mA,88,99,0,20
43.117,HRV,221,2,11661605,g4/12mA/12mA,88,99,0,20
43.117,HRV,221,3,13070353,g4/12mA/12mA,88,99,0,20
43.117,HRV,222,0,13542013,g5/12mA/12mA,88,99,0,20
43.117,HRV,222,1,13626642,g4/12mA/12mA,88,99,0,20
43.117,HRV,222,2,11662610,g4/12mA/12mA,88,99,0,20
43.117,HRV,222,3,13071282,g4/12mA/12mA,88,99,0,20
43.117,HRV,223,0,13542004,g5/12mA/12mA,88,99,0,20
43.117,HRV,223,1,13626564,g4/12mA/12mA,88,99,0,20
43.117,HRV,223,2,11662323,g4/12mA/12mA,88,99,0,20
43.117,HRV,223,3,13071181,g4/12mA/12mA,88,99,0,20
43.117,SPO2,198,0,13021097,g1/73mA/0mA,88,99,0,20
43.117,SPO2,198,1,13272512,g1/36mA/0mA,88,99,0,20
43.117,SPO2,199,0,13022397,g1/73mA/0mA,88,99,0,20
43.117,SPO2,199,1,13273268,g1/36mA/0mA,88,99,0,20
43.117,SPO2,200,0,13021575,g1/73mA/0mA,88,99,0,20
43.117,SPO2,200,1,13272620,g1/36mA/0mA,88,99,0,20
43.117,SPO2,201,0,13020731,g1/73mA/0mA,88,99,0,20
43.117,SPO2,201,1,13271637,g1/36mA/0mA,88,99,0,20
43.117,SPO2,202,0,13019434,g1/73mA/0mA,88,99,0,20
43.117,SPO2,202,1,13271185,g1/36mA/0mA,88,99,0,20
43.117,SPO2,203,0,13019208,g1/73mA/0mA,88,99,0,20
43.117,SPO2,203,1,13271069,g1/36mA/0mA,88,99,0,20
43.117,SPO2,204,0,13020667,g1/73mA/0mA,88,99,0,20
43.117,SPO2,204,1,13271898,g1/36mA/0mA,88,99,0,20
43.117,SPO2,205,0,13018300,g1/73mA/0mA,88,99,0,20
43.117,SPO2,205,1,13269982,g1/36mA/0mA,88,99,0,20
43.175,SPO2,213,0,13016740,g1/73mA/0mA,88,99,0,20
43.175,SPO2,213,1,13269309,g1/36mA/0mA,88,99,0,20
43.175,SPO2,214,0,13018003,g1/73mA/0mA,88,99,0,20
43.175,SPO2,214,1,13270476,g1/36mA/0mA,88,99,0,20
43.175,SPO2,215,0,13019138,g1/73mA/0mA,88,99,0,20
43.175,SPO2,215,1,13270874,g1/36mA/0mA,88,99,0,20
43.175,SPO2,216,0,13019117,g1/73mA/0mA,88,99,0,20
43.175,SPO2,216,1,13271244,g1/36mA/0mA,88,99,0,20
43.175,SPO2,217,0,13018467,g1/73mA/0mA,88,99,0,20
43.175,SPO2,217,1,13270332,g1/36mA/0mA,88,99,0,20
43.175,SPO2,218,0,13017056,g1/73mA/0mA,88,99,0,20
43.175,SPO2,218,1,13269271,g1/36mA/0mA,88,99,0,20
43.178,SPO2,219,0,13016276,g1/73mA/0mA,88,99,87,19
43.178,SPO2,219,1,13269142,g1/36mA/0mA,88,99,87,19
43.178,SPO2,220,0,13016806,g1/73mA/0mA,88,99,87,19
43.178,SPO2,220,1,13269743,g1/36mA/0mA,88,99,87,19
43.179,SPO2,221,0,13016841,g1/73mA/0mA,88,99,87,19
43.179,SPO2,221,1,13269825,g1/36mA/0mA,88,99,87,19
43.179,SPO2,222,0,13018608,g1/73mA/0mA,88,99,87,19
43.179,SPO2,222,1,13270773,g1/36mA/0mA,88,99,87,19
43.179,SPO2,223,0,13017655,g1/73mA/0mA,88,99,87,19
43.179,SPO2,223,1,13269604,g1/36mA/0mA,88,99,87,19
43.179,SPO2,224,0,13016301,g1/73mA/0mA,88,99,87,19
43.179,SPO2,224,1,13268920,g1/36mA/0mA,88,99,87,19
43.207,HR,232,0,13539488,g5/12mA/12mA,88,99,87,19
43.207,HR,232,1,13624991,g4/12mA/12mA,88,99,87,19
43.207,HR,232,2,11660793,g4/12mA/12mA,88,99,87,19
43.207,HR,232,3,13070171,g4/12mA/12mA,88,99,87,19
43.207,HR,233,0,13538951,g5/12mA/12mA,88,99,87,19
43.207,HR,233,1,13624712,g4/12mA/12mA,88,99,87,19
43.207,HR,233,2,11660605,g4/12mA/12mA,88,99,87,19
43.207,HR,233,3,13069942,g4/12mA/12mA,88,99,87,19
43.207,HR,234,0,13539736,g5/12mA/12mA,88,99,87,19
43.207,HR,234,1,13624907,g4/12mA/12mA,88,99,87,19
43.207,HR,234,2,11660810,g4/12mA/12mA,88,99,87,19
43.207,HR,234,3,13070052,g4/12mA/12mA,88,99,87,19
43.207,HR,235,0,13539419,g5/12mA/12mA,88,99,87,19
43.207,HR,235,1,13624923,g4/12mA/12mA,88,99,87,19
43.207,HR,235,2,11660571,g4/12mA/12mA,88,99,87,19
43.207,HR,235,3,13070018,g4/12mA/12mA,88,99,87,19
43.207,HR,236,0,13538704,g5/12mA/12mA,88,99,87,19
43.207,HR,236,1,13624498,g4/12mA/12mA,88,99,87,19
43.207,HR,236,2,11660613,g4/12mA/12mA,88,99,87,19
43.207,HR,236,3,13069933,g4/12mA/12mA,88,99,87,19
43.207,HR,237,0,13538907,g5/12mA/12mA,88,99,87,19
43.207,HR,237,1,13624591,g4/12mA/12mA,88,99,87,19
43.207,HR,237,2,11660699,g4/12mA/12mA,88,99,87,19
43.207,HR,237,3,13069933,g4/12mA/12mA,88,99,87,19
43.208,HR,244,0,13538847,g5/12mA/12mA,88,99,87,19
43.208,HR,244,1,13624617,g4/12mA/12mA,88,99,87,19
43.208,HR,244,2,11660725,g4/12mA/12mA,88,99,87,19
43.208,HR,244,3,13069906,g4/12mA/12mA,88,99,87,19
43.294,HRV,238,0,13540947,g5/12mA/12mA,88,99,87,19
43.294,HRV,238,1,13626316,g4/12mA/12mA,88,99,87,19
43.294,HRV,238,2,11661879,g4/12mA/12mA,88,99,87,19
43.294,HRV,238,3,13071147,g4/12mA/12mA,88,99,87,19
43.294,HRV,239,0,13540818,g5/12mA/12mA,88,99,87,19
43.294,HRV,239,1,13625950,g4/12mA/12mA,88,99,87,19
43.294,HRV,239,2,11661776,g4/12mA/12mA,88,99,87,19
43.294,HRV,239,3,13070993,g4/12mA/12mA,88,99,87,19
43.294,HRV,240,0,13539922,g5/12mA/12mA,88,99,87,19
43.294,HRV,240,1,13625166,g4/12mA/12mA,88,99,87,19
43.294,HRV,240,2,11661307,g4/12mA/12mA,88,99,87,19
43.294,HRV,240,3,13070192,g4/12mA/12mA,88,99,87,19
43.294,HRV,241,0,13539111,g5/12mA/12mA,88,99,87,19
43.294,HRV,241,1,13624800,g4/12mA/12mA,88,99,87,19
43.294,HRV,241,2,11660829,g4/12mA/12mA,88,99,87,19
43.294,HRV,241,3,13070021,g4/12mA/12mA,88,99,87,19
43.294,HRV,242,0,13539351,g5/12mA/12mA,88,99,87,19
43.294,HRV,242,1,13625174,g4/12mA/12mA,88,99,87,19
43.294,HRV,242,2,11661032,g4/12mA/12mA,88,99,87,19
43.294,HRV,242,3,13070404,g4/12mA/12mA,88,99,87,19
43.294,HRV,243,0,13540656,g5/12mA/12mA,88,99,87,19
43.294,HRV,243,1,13625968,g4/12mA/12mA,88,99,87,19
43.294,HRV,243,2,11661579,g4/12mA/12mA,88,99,87,19
43.294,HRV,243,3,13070805,g4/12mA/12mA,88,99,87,19
43.303,HRV,244,0,13540596,g5/12mA/12mA,88,99,87,19
43.303,HRV,244,1,13625994,g4/12mA/12mA,88,99,87,19
43.303,HRV,244,2,11661605,g4/12mA/12mA,88,99,87,19
43.303,HRV,244,3,13070778,g4/12mA/12mA,88,99,87,19
43.323,SPO2,232,0,13015990,g1/73mA/0mA,88,99,87,19
43.323,SPO2,232,1,13268399,g1/36mA/0mA,88,99,87,19
43.323,SPO2,233,0,13015815,g1/73mA/0mA,88,99,87,19
43.323,SPO2,233,1,13268610,g1/36mA/0mA,88,99,87,19
43.323,SPO2,234,0,13015866,g1/73mA/0mA,88,99,87,19
43.323,SPO2,234,1,13268515,g1/36mA/0mA,88,99,87,19
43.323,SPO2,235,0,13016311,g1/73mA/0mA,88,99,87,19
43.323,SPO2,235,1,13269462,g1/36mA/0mA,88,99,87,19
43.323,SPO2,236,0,13015433,g1/73mA/0mA,88,99,87,19
43.323,SPO2,236,1,13268174,g1/36mA/0mA,88,99,87,19
43.323,SPO2,237,0,13015667,g1/73mA/0mA,88,99,87,19
43.323,SPO2,237,1,13268206,g1/36mA/0mA,88,99,87,19
43.323,SPO2,238,0,13015967,g1/73mA/0mA,88,99,87,19
43.323,SPO2,238,1,13268521,g1/36mA/0mA,88,99,87,19
43.323,SPO2,239,0,13015633,g1/73mA/0mA,88,99,87,19
43.323,SPO2,239,1,13268077,g1/36mA/0mA,88,99,87,19
43.326,SPO2,240,0,13015960,g1/73mA/0mA,88,99,87,19
43.326,SPO2,240,1,13268769,g1/36mA/0mA,88,99,87,19
43.326,SPO2,241,0,13015761,g1/73mA/0mA,88,99,87,19
43.326,SPO2,241,1,13268802,g1/36mA/0mA,88,99,87,19
43.326,SPO2,242,0,13015993,g1/73mA/0mA,88,99,87,19
43.326,SPO2,242,1,13268804,g1/36mA/0mA,88,99,87,19
43.326,SPO2,243,0,13016958,g1/73mA/0mA,88,99,87,19
43.326,SPO2,243,1,13269496,g1/36mA/0mA,88,99,87,19
43.326,SPO2,244,0,13016806,g1/73mA/0mA,88,99,87,19
43.326,SPO2,244,1,13269105,g1/36mA/0mA,88,99,87,19
44.287,HR,245,0,13541440,g5/12mA/12mA,88,99,87,19
44.287,HR,245,1,13626582,g4/12mA/12mA,88,99,87,19
44.287,HR,245,2,11662417,g4/12mA/12mA,88,99,87,19
44.287,HR,245,3,13071233,g4/12mA/12mA,88,99,87,19
44.287,HR,246,0,13539231,g5/12mA/12mA,88,99,87,19
44.287,HR,246,1,13625073,g4/12mA/12mA,88,99,87,19
44.287,HR,246,2,11660871,g4/12mA/12mA,88,99,87,19
44.287,HR,246,3,13070225,g4/12mA/12mA,88,99,87,19
44.287,HR,247,0,13539400,g5/12mA/12mA,88,99,87,19
44.287,HR,247,1,13625295,g4/12mA/12mA,88,99,87,19
44.287,HR,247,2,11661093,g4/12mA/12mA,88,99,87,19
44.287,HR,247,3,13070174,g4/12mA/12mA,88,99,87,19
44.287,HR,248,0,13539657,g5/12mA/12mA,88,99,87,19
44.287,HR,248,1,13625303,g4/12mA/12mA,88,99,87,19
44.287,HR,248,2,11661213,g4/12mA/12mA,88,99,87,19
44.287,HR,248,3,13070431,g4/12mA/12mA,88,99,87,19
44.288,HR,249,0,13540613,g5/12mA/12mA,88,99,87,19
44.288,HR,249,1,13625848,g4/12mA/12mA,88,99,87,19
44.288,HR,249,2,11661537,g4/12mA/12mA,88,99,87,19
44.288,HR,249,3,13070576,g4/12mA/12mA,88,99,87,19
44.288,HR,250,0,13539615,g5/12mA/12mA,88,99,87,19
44.288,HR,250,1,13625319,g4/12mA/12mA,88,99,87,19
44.288,HR,250,2,11661137,g4/12mA/12mA,88,99,87,19
44.288,HR,250,3,13070106,g4/12mA/12mA,88,99,87,19
44.317,HR,251,0,13540297,g5/12mA/12mA,88,99,87,19
44.317,HR,251,1,13625882,g4/12mA/12mA,88,99,87,19
44.317,HR,251,2,11661649,g4/12mA/12mA,88,99,87,19
44.317,HR,251,3,13070702,g4/12mA/12mA,88,99,87,19
44.317,HR,252,0,13540800,g5/12mA/12mA,88,99,87,19
44.317,HR,252,1,13626292,g4/12mA/12mA,88,99,87,19
44.317,HR,252,2,11661912,g4/12mA/12mA,88,99,87,19
44.317,HR,252,3,13070883,g4/12mA/12mA,88,99,87,19
44.317,HR,253,0,13543496,g5/12mA/12mA,88,99,87,19
44.317,HR,253,1,13627930,g4/12mA/12mA,88,99,87,19
44.317,HR,253,2,11663252,g4/12mA/12mA,88,99,87,19
44.317,HR,253,3,13072333,g4/12mA/12mA,88,99,87,19
44.317,HR,254,0,13540596,g5/12mA/12mA,88,99,87,19
44.317,HR,254,1,13625746,g4/12mA/12mA,88,99,87,19
44.317,HR,254,2,11661537,g4/12mA/12mA,88,99,87,19
44.317,HR,254,3,13070540,g4/12mA/12mA,88,99,87,19
44.317,HR,255,0,13540970,g5/12mA/12mA,88,99,87,19
44.317,HR,255,1,13626223,g4/12mA/12mA,88,99,87,19
44.317,HR,255,2,11661630,g4/12mA/12mA,88,99,87,19
44.317,HR,255,3,13070883,g4/12mA/12mA,88,99,87,19
44.317,HR,0,0,13541202,g5/12mA/12mA,88,99,87,19
44.317,HR,0,1,13626753,g4/12mA/12mA,88,99,87,19
44.317,HR,0,2,11662373,g4/12mA/12mA,88,99,87,19
44.317,HR,0,3,13071223,g4/12mA/12mA,88,99,87,19
44.317,HR,1,0,13541858,g5/12mA/12mA,88,99,87,19
44.317,HR,1,1,13626352,g4/12mA/12mA,88,99,87,19
44.317,HR,1,2,11662048,g4/12mA/12mA,88,99,87,19
44.317,HR,1,3,13071061,g4/12mA/12mA,88,99,87,19
44.317,HR,2,0,13541237,g5/12mA/12mA,88,99,87,19
44.317,HR,2,1,13626420,g4/12mA/12mA,88,99,87,19
44.317,HR,2,2,11661955,g4/12mA/12mA,88,99,87,19
44.317,HR,2,3,13071121,g4/12mA/12mA,88,99,87,19
44.317,HR,3,0,13540399,g5/12mA/12mA,88,99,87,19
44.317,HR,3,1,13625584,g4/12mA/12mA,88,99,87,19
44.317,HR,3,2,11661555,g4/12mA/12mA,88,99,87,19
44.318,HR,3,3,13070627,g4/12mA/12mA,88,99,87,19
44.318,HR,4,0,13540333,g5/12mA/12mA,88,99,87,19
44.318,HR,4,1,13626225,g4/12mA/12mA,88,99,87,19
44.318,HR,4,2,11661596,g4/12mA/12mA,88,99,87,19
44.318,HR,4,3,13070831,g4/12mA/12mA,88,99,87,19
44.318,HR,5,0,13540586,g5/12mA/12mA,88,99,87,19
44.318,HR,5,1,13625781,g4/12mA/12mA,88,99,87,19
44.318,HR,5,2,11661315,g4/12mA/12mA,88,99,87,19
44.318,HR,5,3,13070574,g4/12mA/12mA,88,99,87,19
44.318,HR,6,0,13539837,g5/12mA/12mA,88,99,87,19
44.318,HR,6,1,13625694,g4/12mA/12mA,88,99,87,19
44.318,HR,6,2,11661171,g4/12mA/12mA,88,99,87,19
44.318,HR,6,3,13070389,g4/12mA/12mA,88,99,87,19
44.350,HR,7,0,13539367,g5/12mA/12mA,88,99,87,19
44.350,HR,7,1,13624902,g4/12mA/12mA,88,99,87,19
44.350,HR,7,2,11660674,g4/12mA/12mA,88,99,87,19
44.350,HR,7,3,13069935,g4/12mA/12mA,88,99,87,19
44.350,HR,8,0,13539622,g5/12mA/12mA,88,99,87,19
44.350,HR,8,1,13625516,g4/12mA/12mA,88,99,87,19
44.350,HR,8,2,11660990,g4/12mA/12mA,88,99,87,19
44.350,HR,8,3,13070387,g4/12mA/12mA,88,99,87,19
44.350,HR,9,0,13540144,g5/12mA/12mA,88,99,87,19
44.350,HR,9,1,13625593,g4/12mA/12mA,88,99,87,19
44.350,HR,9,2,11661264,g4/12mA/12mA,88,99,87,19
44.350,HR,9,3,13070319,g4/12mA/12mA,88,99,87,19
44.350,HR,10,0,13541227,g5/12mA/12mA,88,99,87,19
44.350,HR,10,1,13626455,g4/12mA/12mA,88,99,87,19
44.350,HR,10,2,11661886,g4/12mA/12mA,88,99,87,19
44.350,HR,10,3,13071095,g4/12mA/12mA,88,99,87,19
44.350,HR,11,0,13540588,g5/12mA/12mA,88,99,87,19
44.350,HR,11,1,13625875,g4/12mA/12mA,88,99,87,19
44.350,HR,11,2,11661826,g4/12mA/12mA,88,99,87,19
44.350,HR,11,3,13070907,g4/12mA/12mA,88,99,87,19
44.350,HR,12,0,13540416,g5/12mA/12mA,88,99,87,19
44.350,HR,12,1,13625830,g4/12mA/12mA,88,99,87,19
44.350,HR,12,2,11661596,g4/12mA/12mA,88,99,87,19
44.350,HR,12,3,13070754,g4/12mA/12mA,88,99,87,19
44.372,HR,13,0,13540221,g5/12mA/12mA,87,99,87,19
44.372,HR,13,1,13625430,g4/12mA/12mA,87,99,87,19
44.372,HR,13,2,11661357,g4/12mA/12mA,87,99,87,19
44.372,HR,13,3,13070404,g4/12mA/12mA,87,99,87,19
44.372,HR,14,0,13540390,g5/12mA/12mA,87,99,87,19
44.372,HR,14,1,13625917,g4/12mA/12mA,87,99,87,19
44.372,HR,14,2,11661630,g4/12mA/12mA,87,99,87,19
44.372,HR,14,3,13070653,g4/12mA/12mA,87,99,87,19
44.372,HR,15,0,13540596,g5/12mA/12mA,87,99,87,19
44.372,HR,15,1,13625864,g4/12mA/12mA,87,99,87,19
44.372,HR,15,2,11661741,g4/12mA/12mA,87,99,87,19
44.372,HR,15,3,13070763,g4/12mA/12mA,87,99,87,19
44.372,HR,16,0,13540594,g5/12mA/12mA,87,99,87,19
44.372,HR,16,1,13626044,g4/12mA/12mA,87,99,87,19
44.372,HR,16,2,11661903,g4/12mA/12mA,87,99,87,19
44.372,HR,16,3,13070729,g4/12mA/12mA,87,99,87,19
44.372,HR,17,0,13540485,g5/12mA/12mA,87,99,87,19
44.372,HR,17,1,13625679,g4/12mA/12mA,87,99,87,19
44.372,HR,17,2,11661341,g4/12mA/12mA,87,99,87,19
44.372,HR,17,3,13070593,g4/12mA/12mA,87,99,87,19
44.376,HRV,245,0,13541440,g5/12mA/12mA,87,99,87,19
44.376,HRV,245,1,13626582,g4/12mA/12mA,87,99,87,19
44.376,HRV,245,2,11662417,g4/12mA/12mA,87,99,87,19
44.376,HRV,245,3,13071233,g4/12mA/12mA,87,99,87,19
44.376,HRV,246,0,13539231,g5/12mA/12mA,87,99,87,19
44.376,HRV,246,1,13625073,g4/12mA/12mA,87,99,87,19
44.376,HRV,246,2,11660871,g4/12mA/12mA,87,99,87,19
44.376,HRV,246,3,13070225,g4/12mA/12mA,87,99,87,19
44.376,HRV,247,0,13539400,g5/12mA/12mA,87,99,87,19
44.376,HRV,247,1,13625295,g4/12mA/12mA,87,99,87,19
44.376,HRV,247,2,11661093,g4/12mA/12mA,87,99,87,19
44.376,HRV,247,3,13070174,g4/12mA/12mA,87,99,87,19
44.376,HRV,248,0,13539657,g5/12mA/12mA,87,99,87,19
44.376,HRV,248,1,13625303,g4/12mA/12mA,87,99,87,19
44.376,HRV,248,2,11661213,g4/12mA/12mA,87,99,87,19
44.376,HRV,248,3,13070431,g4/12mA/12mA,87,99,87,19
44.376,HRV,249,0,13540613,g5/12mA/12mA,87,99,87,19
44.376,HRV,249,1,13625848,g4/12mA/12mA,87,99,87,19
44.376,HRV,249,2,11661537,g4/12mA/12mA,87,99,87,19
44.377,HRV,249,3,13070576,g4/12mA/12mA,87,99,87,19
44.377,HRV,250,0,13539615,g5/12mA/12mA,87,99,87,19
44.377,HRV,250,1,13625319,g4/12mA/12mA,87,99,87,19
44.377,HRV,250,2,11661137,g4/12mA/12mA,87,99,87,19
44.377,HRV,250,3,13070106,g4/12mA/12mA,87,99,87,19
44.437,HRV,251,0,13540297,g5/12mA/12mA,87,99,87,19
44.437,HRV,251,1,13625882,g4/12mA/12mA,87,99,87,19
44.437,HRV,251,2,11661649,g4/12mA/12mA,87,99,87,19
44.437,HRV,251,3,13070702,g4/12mA/12mA,87,99,87,19
44.437,HRV,252,0,13540800,g5/12mA/12mA,87,99,87,19
44.437,HRV,252,1,13626292,g4/12mA/12mA,87,99,87,19
44.437,HRV,252,2,11661912,g4/12mA/12mA,87,99,87,19
44.437,HRV,252,3,13070883,g4/12mA/12mA,87,99,87,19
44.437,HRV,253,0,13543496,g5/12mA/12mA,87,99,87,19
44.437,HRV,253,1,13627930,g4/12mA/12mA,87,99,87,19
44.437,HRV,253,2,11663252,g4/12mA/12mA,87,99,87,19
44.437,HRV,253,3,13072333,g4/12mA/12mA,87,99,87,19
44.437,HRV,254,0,13540596,g5/12mA/12mA,87,99,87,19
44.437,HRV,254,1,13625746,g4/12mA/12mA,87,99,87,19
44.437,HRV,254,2,11661537,g4/12mA/12mA,87,99,87,19
44.437,HRV,254,3,13070540,g4/12mA/12mA,87,99,87,19
44.437,HRV,255,0,13540970,g5/12mA/12mA,87,99,87,19
44.437,HRV,255,1,13626223,g4/12mA/12mA,87,99,87,19
44.437,HRV,255,2,11661630,g4/12mA/12mA,87,99,87,19
44.437,HRV,255,3,13070883,g4/12mA/12mA,87,99,87,19
44.437,HRV,0,0,13541202,g5/12mA/12mA,87,99,87,19
44.437,HRV,0,1,13626753,g4/12mA/12mA,87,99,87,19
44.437,HRV,0,2,11662373,g4/12mA/12mA,87,99,87,19
44.437,HRV,0,3,13071223,g4/12mA/12mA,87,99,87,19
44.462,HRV,7,0,13540732,g5/12mA/12mA,87,99,87,19
44.462,HRV,7,1,13625961,g4/12mA/12mA,87,99,87,19
44.462,HRV,7,2,11661876,g4/12mA/12mA,87,99,87,19
44.462,HRV,7,3,13070769,g4/12mA/12mA,87,99,87,19
44.462,HRV,8,0,13540987,g5/12mA/12mA,87,99,87,19
44.462,HRV,8,1,13626575,g4/12mA/12mA,87,99,87,19
44.462,HRV,8,2,11662192,g4/12mA/12mA,87,99,87,19
44.462,HRV,8,3,13071221,g4/12mA/12mA,87,99,87,19
44.462,HRV,9,0,13541509,g5/12mA/12mA,87,99,87,19
44.462,HRV,9,1,13626652,g4/12mA/12mA,87,99,87,19
44.462,HRV,9,2,11662466,g4/12mA/12mA,87,99,87,19
44.462,HRV,9,3,13071153,g4/12mA/12mA,87,99,87,19
44.462,HRV,10,0,13542592,g5/12mA/12mA,87,99,87,19
44.462,HRV,10,1,13627514,g4/12mA/12mA,87,99,87,19
44.462,HRV,10,2,11663088,g4/12mA/12mA,87,99,87,19
44.462,HRV,10,3,13071929,g4/12mA/12mA,87,99,87,19
44.462,HRV,11,0,13541953,g5/12mA/12mA,87,99,87,19
44.462,HRV,11,1,13626934,g4/12mA/12mA,87,99,87,19
44.462,HRV,11,2,11663028,g4/12mA/12mA,87,99,87,19
44.462,HRV,11,3,13071741,g4/12mA/12mA,87,99,87,19
44.462,HRV,12,0,13541781,g5/12mA/12mA,87,99,87,19
44.462,HRV,12,1,13626889,g4/12mA/12mA,87,99,87,19
44.462,HRV,12,2,11662798,g4/12mA/12mA,87,99,87,19
44.462,HRV,12,3,13071588,g4/12mA/12mA,87,99,87,19
44.496,SPO2,245,0,13017622,g1/73mA/0mA,87,99,87,19
44.496,SPO2,245,1,13269709,g1/36mA/0mA,87,99,87,19
44.496,SPO2,246,0,13015789,g1/73mA/0mA,87,99,87,19
44.496,SPO2,246,1,13268598,g1/36mA/0mA,87,99,87,19
44.496,SPO2,247,0,13015822,g1/73mA/0mA,87,99,87,19
44.496,SPO2,247,1,13268813,g1/36mA/0mA,87,99,87,19
44.496,SPO2,248,0,13016247,g1/73mA/0mA,87,99,87,19
44.496,SPO2,248,1,13269193,g1/36mA/0mA,87,99,87,19
44.496,SPO2,249,0,13017015,g1/73mA/0mA,87,99,87,19
44.496,SPO2,249,1,13269683,g1/36mA/0mA,87,99,87,19
44.496,SPO2,250,0,13016259,g1/73mA/0mA,87,99,87,19
44.496,SPO2,250,1,13269211,g1/36mA/0mA,87,99,87,19
44.496,SPO2,251,0,13016945,g1/73mA/0mA,87,99,87,19
44.496,SPO2,251,1,13269393,g1/36mA/0mA,87,99,87,19
44.529,SPO2,252,0,13017757,g1/73mA/0mA,87,99,87,19
44.529,SPO2,252,1,13270222,g1/36mA/0mA,87,99,87,19
44.529,SPO2,253,0,13019678,g1/73mA/0mA,87,99,87,19
44.529,SPO2,253,1,13271506,g1/36mA/0mA,87,99,87,19
44.529,SPO2,254,0,13016772,g1/73mA/0mA,87,99,87,19
44.529,SPO2,254,1,13269141,g1/36mA/0mA,87,99,87,19
44.529,SPO2,255,0,13017100,g1/73mA/0mA,87,99,87,19
44.529,SPO2,255,1,13269419,g1/36mA/0mA,87,99,87,19
44.529,SPO2,0,0,13017847,g1/73mA/0mA,87,99,87,19
44.529,SPO2,0,1,13269907,g1/36mA/0mA,87,99,87,19
44.529,SPO2,1,0,13017727,g1/73mA/0mA,87,99,87,19
44.529,SPO2,1,1,13269935,g1/36mA/0mA,87,99,87,19
44.529,SPO2,2,0,13017515,g1/73mA/0mA,87,99,87,19
44.529,SPO2,2,1,13270133,g1/36mA/0mA,87,99,87,19
44.529,SPO2,3,0,13016770,g1/73mA/0mA,87,99,87,19
44.529,SPO2,3,1,13269553,g1/36mA/0mA,87,99,87,19
44.530,SPO2,17,0,13017051,g1/73mA/0mA,87,99,87,19
44.530,SPO2,17,1,13269866,g1/36mA/0mA,87,99,87,19
44.530,SPO2,18,0,13017979,g1/73mA/0mA,87,99,87,19
44.530,SPO2,18,1,13270104,g1/36mA/0mA,87,99,87,19
44.530,SPO2,19,0,13017538,g1/73mA/0mA,87,99,87,19
44.530,SPO2,19,1,13270097,g1/36mA/0mA,87,99,87,19
44.530,SPO2,20,0,13018565,g1/73mA/0mA,87,99,87,19
44.530,SPO2,20,1,13270435,g1/36mA/0mA,87,99,87,19
44.530,SPO2,21,0,13017283,g1/73mA/0mA,87,99,87,19
44.530,SPO2,21,1,13269512,g1/36mA/0mA,87,99,87,19
44.556,HR,29,0,13542900,g5/12mA/12mA,87,99,87,19
44.556,HR,29,1,13627641,g4/12mA/12mA,87,99,87,19
44.556,HR,29,2,11662842,g4/12mA/12mA,87,99,87,19
44.556,HR,29,3,13072197,g4/12mA/12mA,87,99,87,19
44.556,HR,30,0,13540179,g5/12mA/12mA,87,99,87,19
44.556,HR,30,1,13625772,g4/12mA/12mA,87,99,87,19
44.556,HR,30,2,11661547,g4/12mA/12mA,87,99,87,19
44.556,HR,30,3,13070909,g4/12mA/12mA,87,99,87,19
44.556,HR,31,0,13541579,g5/12mA/12mA,87,99,87,19
44.556,HR,31,1,13626319,g4/12mA/12mA,87,99,87,19
44.556,HR,31,2,11661758,g4/12mA/12mA,87,99,87,19
44.556,HR,31,3,13071182,g4/12mA/12mA,87,99,87,19
44.556,HR,32,0,13540228,g5/12mA/12mA,87,99,87,19
44.556,HR,32,1,13625619,g4/12mA/12mA,87,99,87,19
44.556,HR,32,2,11661290,g4/12mA/12mA,87,99,87,19
44.556,HR,32,3,13070559,g4/12mA/12mA,87,99,87,19
44.557,HRV,23,0,13539844,g5/12mA/12mA,87,99,87,19
44.557,HRV,23,1,13624809,g4/12mA/12mA,87,99,87,19
44.557,HRV,23,2,11661009,g4/12mA/12mA,87,99,87,19
44.557,HRV,23,3,13069833,g4/12mA/12mA,87,99,87,19
44.557,HRV,24,0,13540843,g5/12mA/12mA,87,99,87,19
44.557,HRV,24,1,13625968,g4/12mA/12mA,87,99,87,19
44.557,HRV,24,2,11661886,g4/12mA/12mA,87,99,87,19
44.557,HRV,24,3,13070976,g4/12mA/12mA,87,99,87,19
44.557,HRV,25,0,13539537,g5/12mA/12mA,87,99,87,19
44.557,HRV,25,1,13625362,g4/12mA/12mA,87,99,87,19
44.557,HRV,25,2,11661341,g4/12mA/12mA,87,99,87,19
44.557,HRV,25,3,13070259,g4/12mA/12mA,87,99,87,19
44.557,HRV,26,0,13540631,g5/12mA/12mA,87,99,87,19
44.557,HRV,26,1,13626207,g4/12mA/12mA,87,99,87,19
44.557,HRV,26,2,11661852,g4/12mA/12mA,87,99,87,19
44.557,HRV,26,3,13070806,g4/12mA/12mA,87,99,87,19
44.557,HRV,27,0,13540315,g5/12mA/12mA,87,99,87,19
44.557,HRV,27,1,13625799,g4/12mA/12mA,87,99,87,19
44.557,HRV,27,2,11661537,g4/12mA/12mA,87,99,87,19
44.557,HRV,27,3,13070582,g4/12mA/12mA,87,99,87,19
44.557,HRV,28,0,13540399,g5/12mA/12mA,87,99,87,19
44.557,HRV,28,1,13625721,g4/12mA/12mA,87,99,87,19
44.557,HRV,28,2,11661477,g4/12mA/12mA,87,99,87,19
44.557,HRV,28,3,13070472,g4/12mA/12mA,87,99,87,19
44.580,SPO2,29,0,13019691,g1/73mA/0mA,87,99,87,19
44.580,SPO2,29,1,13270949,g1/36mA/0mA,87,99,87,19
44.580,SPO2,30,0,13017139,g1/73mA/0mA,87,99,87,19
44.580,SPO2,30,1,13269102,g1/36mA/0mA,87,99,87,19
44.580,SPO2,31,0,13017695,g1/73mA/0mA,87,99,87,19
44.580,SPO2,31,1,13269644,g1/36mA/0mA,87,99,87,19
44.581,SPO2,32,0,13017047,g1/73mA/0mA,87,99,87,19
44.581,SPO2,32,1,13269290,g1/36mA/0mA,87,99,87,19
46.417,HR,33,0,13540758,g5/12mA/12mA,87,99,87,19
46.417,HR,33,1,13626148,g4/12mA/12mA,87,99,87,19
46.417,HR,33,2,11661964,g4/12mA/12mA,87,99,87,19
46.417,HR,33,3,13070788,g4/12mA/12mA,87,99,87,19
46.417,HR,34,0,13540537,g5/12mA/12mA,87,99,87,19
46.417,HR,34,1,13626172,g4/12mA/12mA,87,99,87,19
46.417,HR,34,2,11661845,g4/12mA/12mA,87,99,87,19
46.417,HR,34,3,13070642,g4/12mA/12mA,87,99,87,19
46.417,HR,35,0,13541500,g5/12mA/12mA,87,99,87,19
46.417,HR,35,1,13626695,g4/12mA/12mA,87,99,87,19
46.417,HR,35,2,11662109,g4/12mA/12mA,87,99,87,19
46.417,HR,35,3,13071181,g4/12mA/12mA,87,99,87,19
46.417,HR,36,0,13541338,g5/12mA/12mA,87,99,87,19
46.417,HR,36,1,13626155,g4/12mA/12mA,87,99,87,19
46.417,HR,36,2,11661964,g4/12mA/12mA,87,99,87,19
46.417,HR,36,3,13070883,g4/12mA/12mA,87,99,87,19
46.417,HR,37,0,13541697,g5/12mA/12mA,87,99,87,19
46.417,HR,37,1,13626394,g4/12mA/12mA,87,99,87,19
46.417,HR,37,2,11662210,g4/12mA/12mA,87,99,87,19
46.417,HR,37,3,13071274,g4/12mA/12mA,87,99,87,19
46.443,HR,38,0,13540510,g5/12mA/12mA,86,99,87,19
46.443,HR,38,1,13625857,g4/12mA/12mA,86,99,87,19
46.443,HR,38,2,11661921,g4/12mA/12mA,86,99,87,19
46.443,HR,38,3,13070720,g4/12mA/12mA,86,99,87,19
46.443,HR,39,0,13540613,g5/12mA/12mA,86,99,87,19
46.443,HR,39,1,13625908,g4/12mA/12mA,86,99,87,19
46.443,HR,39,2,11661741,g4/12mA/12mA,86,99,87,19
46.443,HR,39,3,13070747,g4/12mA/12mA,86,99,87,19
46.443,HR,40,0,13540887,g5/12mA/12mA,86,99,87,19
46.443,HR,40,1,13626284,g4/12mA/12mA,86,99,87,19
46.443,HR,40,2,11661921,g4/12mA/12mA,86,99,87,19
46.443,HR,40,3,13070932,g4/12mA/12mA,86,99,87,19
46.443,HR,41,0,13540733,g5/12mA/12mA,86,99,87,19
46.443,HR,41,1,13626018,g4/12mA/12mA,86,99,87,19
46.443,HR,41,2,11661683,g4/12mA/12mA,86,99,87,19
46.443,HR,41,3,13070634,g4/12mA/12mA,86,99,87,19
46.443,HR,42,0,13540774,g5/12mA/12mA,86,99,87,19
46.443,HR,42,1,13625619,g4/12mA/12mA,86,99,87,19
46.443,HR,42,2,11661435,g4/12mA/12mA,86,99,87,19
46.443,HR,42,3,13070321,g4/12mA/12mA,86,99,87,19
46.449,HR,43,0,13540390,g5/12mA/12mA,86,99,87,19
46.449,HR,43,1,13625908,g4/12mA/12mA,86,99,87,19
46.449,HR,43,2,11661785,g4/12mA/12mA,86,99,87,19
46.449,HR,43,3,13070499,g4/12mA/12mA,86,99,87,19
46.449,HR,44,0,13540408,g5/12mA/12mA,86,99,87,19
46.449,HR,44,1,13625619,g4/12mA/12mA,86,99,87,19
46.449,HR,44,2,11661513,g4/12mA/12mA,86,99,87,19
46.449,HR,44,3,13070489,g4/12mA/12mA,86,99,87,19
46.449,HR,45,0,13540356,g5/12mA/12mA,86,99,87,19
46.449,HR,45,1,13625635,g4/12mA/12mA,86,99,87,19
46.449,HR,45,2,11661247,g4/12mA/12mA,86,99,87,19
46.449,HR,45,3,13070251,g4/12mA/12mA,86,99,87,19
46.449,HR,46,0,13540818,g5/12mA/12mA,86,99,87,19
46.449,HR,46,1,13626489,g4/12mA/12mA,86,99,87,19
46.449,HR,46,2,11661921,g4/12mA/12mA,86,99,87,19
46.449,HR,46,3,13070849,g4/12mA/12mA,86,99,87,19
46.449,HR,47,0,13541271,g5/12mA/12mA,86,99,87,19
46.449,HR,47,1,13626394,g4/12mA/12mA,86,99,87,19
46.449,HR,47,2,11661886,g4/12mA/12mA,86,99,87,19
46.449,HR,47,3,13070849,g4/12mA/12mA,86,99,87,19
46.449,HR,48,0,13540563,g5/12mA/12mA,86,99,87,19
46.449,HR,48,1,13625917,g4/12mA/12mA,86,99,87,19
46.449,HR,48,2,11661732,g4/12mA/12mA,86,99,87,19
46.449,HR,48,3,13070969,g4/12mA/12mA,86,99,87,19
46.477,HR,49,0,13540817,g5/12mA/12mA,86,99,87,19
46.477,HR,49,1,13626266,g4/12mA/12mA,86,99,87,19
46.477,HR,49,2,11661785,g4/12mA/12mA,86,99,87,19
46.477,HR,49,3,13071044,g4/12mA/12mA,86,99,87,19
46.477,HR,50,0,13538591,g5/12mA/12mA,86,99,87,19
46.477,HR,50,1,13624740,g4/12mA/12mA,86,99,87,19
46.477,HR,50,2,11660640,g4/12mA/12mA,86,99,87,19
46.477,HR,50,3,13069619,g4/12mA/12mA,86,99,87,19
46.477,HR,51,0,13541671,g5/12mA/12mA,86,99,87,19
46.477,HR,51,1,13626692,g4/12mA/12mA,86,99,87,19
46.477,HR,51,2,11662160,g4/12mA/12mA,86,99,87,19
46.477,HR,51,3,13071376,g4/12mA/12mA,86,99,87,19
46.477,HR,52,0,13542004,g5/12mA/12mA,86,99,87,19
46.477,HR,52,1,13626821,g4/12mA/12mA,86,99,87,19
46.477,HR,52,2,11662509,g4/12mA/12mA,86,99,87,19
46.477,HR,52,3,13071233,g4/12mA/12mA,86,99,87,19
46.477,HR,53,0,13542337,g5/12mA/12mA,86,99,87,19
46.477,HR,53,1,13626993,g4/12mA/12mA,86,99,87,19
46.477,HR,53,2,11662451,g4/12mA/12mA,86,99,87,19
46.477,HR,53,3,13071760,g4/12mA/12mA,86,99,87,19
46.477,HR,54,0,13540416,g5/12mA/12mA,86,99,87,19
46.477,HR,54,1,13625806,g4/12mA/12mA,86,99,87,19
46.477,HR,54,2,11661528,g4/12mA/12mA,86,99,87,19
46.477,HR,54,3,13070354,g4/12mA/12mA,86,99,87,19
46.504,HR,55,0,13541090,g5/12mA/12mA,86,99,87,19
46.504,HR,55,1,13626327,g4/12mA/12mA,86,99,87,19
46.504,HR,55,2,11661837,g4/12mA/12mA,86,99,87,19
46.504,HR,55,3,13070985,g4/12mA/12mA,86,99,87,19
46.504,HR,56,0,13540161,g5/12mA/12mA,86,99,87,19
46.504,HR,56,1,13625524,g4/12mA/12mA,86,99,87,19
46.504,HR,56,2,11661298,g4/12mA/12mA,86,99,87,19
46.504,HR,56,3,13070480,g4/12mA/12mA,86,99,87,19
46.504,HR,57,0,13541558,g5/12mA/12mA,86,99,87,19
46.504,HR,57,1,13626189,g4/12mA/12mA,86,99,87,19
46.504,HR,57,2,11662015,g4/12mA/12mA,86,99,87,19
46.504,HR,57,3,13071131,g4/12mA/12mA,86,99,87,19
46.504,HR,58,0,13541457,g5/12mA/12mA,86,99,87,19
46.504,HR,58,1,13626361,g4/12mA/12mA,86,99,87,19
46.504,HR,58,2,11662083,g4/12mA/12mA,86,99,87,19
46.504,HR,58,3,13071157,g4/12mA/12mA,86,99,87,19
46.504,HR,59,0,13540459,g5/12mA/12mA,86,99,87,19
46.504,HR,59,1,13625584,g4/12mA/12mA,86,99,87,19
46.504,HR,59,2,11661383,g4/12mA/12mA,86,99,87,19
46.504,HR,59,3,13070890,g4/12mA/12mA,86,99,87,19
46.504,HR,60,0,13539615,g5/12mA/12mA,86,99,87,19
46.504,HR,60,1,13625190,g4/12mA/12mA,86,99,87,19
46.504,HR,60,2,11661290,g4/12mA/12mA,86,99,87,19
46.504,HR,60,3,13070073,g4/12mA/12mA,86,99,87,19
46.505,HR,66,0,13541715,g5/12mA/12mA,86,99,87,19
46.505,HR,66,1,13626651,g4/12mA/12mA,86,99,87,19
46.505,HR,66,2,11662203,g4/12mA/12mA,86,99,87,19
46.505,HR,66,3,13071121,g4/12mA/12mA,86,99,87,19
46.533,HRV,33,0,13540758,g5/12mA/12mA,86,99,87,19
46.533,HRV,33,1,13626148,g4/12mA/12mA,86,99,87,19
46.533,HRV,33,2,11661964,g4/12mA/12mA,86,99,87,19
46.533,HRV,33,3,13070788,g4/12mA/12mA,86,99,87,19
46.533,HRV,34,0,13540537,g5/12mA/12mA,86,99,87,19
46.533,HRV,34,1,13626172,g4/12mA/12mA,86,99,87,19
46.533,HRV,34,2,11661845,g4/12mA/12mA,86,99,87,19
46.533,HRV,34,3,13070642,g4/12mA/12mA,86,99,87,19
46.533,HRV,35,0,13541500,g5/12mA/12mA,86,99,87,19
46.533,HRV,35,1,13626695,g4/12mA/12mA,86,99,87,19
46.533,HRV,35,2,11662109,g4/12mA/12mA,86,99,87,19
46.533,HRV,35,3,13071181,g4/12mA/12mA,86,99,87,19
46.533,HRV,36,0,13541338,g5/12mA/12mA,86,99,87,19
46.533,HRV,36,1,13626155,g4/12mA/12mA,86,99,87,19
46.533,HRV,36,2,11661964,g4/12mA/12mA,86,99,87,19
46.533,HRV,36,3,13070883,g4/12mA/12mA,86,99,87,19
46.533,HRV,37,0,13541697,g5/12mA/12mA,86,99,87,19
46.533,HRV,37,1,13626394,g4/12mA/12mA,86,99,87,19
46.533,HRV,37,2,11662210,g4/12mA/12mA,86,99,87,19
46.533,HRV,37,3,13071274,g4/12mA/12mA,86,99,87,19
46.562,HRV,43,0,13540390,g5/12mA/12mA,86,99,87,19
46.562,HRV,43,1,13625908,g4/12mA/12mA,86,99,87,19
46.562,HRV,43,2,11661785,g4/12mA/12mA,86,99,87,19
46.562,HRV,43,3,13070499,g4/12mA/12mA,86,99,87,19
46.562,HRV,44,0,13540408,g5/12mA/12mA,86,99,87,19
46.562,HRV,44,1,13625619,g4/12mA/12mA,86,99,87,19
46.562,HRV,44,2,11661513,g4/12mA/12mA,86,99,87,19
46.562,HRV,44,3,13070489,g4/12mA/12mA,86,99,87,19
46.562,HRV,45,0,13540356,g5/12mA/12mA,86,99,87,19
46.562,HRV,45,1,13625635,g4/12mA/12mA,86,99,87,19
46.562,HRV,45,2,11661247,g4/12mA/12mA,86,99,87,19
46.562,HRV,45,3,13070251,g4/12mA/12mA,86,99,87,19
46.562,HRV,46,0,13540818,g5/12mA/12mA,86,99,87,19
46.562,HRV,46,1,13626489,g4/12mA/12mA,86,99,87,19
46.562,HRV,46,2,11661921,g4/12mA/12mA,86,99,87,19
46.562,HRV,46,3,13070849,g4/12mA/12mA,86,99,87,19
46.562,HRV,47,0,13541271,g5/12mA/12mA,86,99,87,19
46.562,HRV,47,1,13626394,g4/12mA/12mA,86,99,87,19
46.562,HRV,47,2,11661886,g4/12mA/12mA,86,99,87,19
46.562,HRV,47,3,13070849,g4/12mA/12mA,86,99,87,19
46.562,HRV,48,0,13540563,g5/12mA/12mA,86,99,87,19
46.562,HRV,48,1,13625917,g4/12mA/12mA,86,99,87,19
46.562,HRV,48,2,11661732,g4/12mA/12mA,86,99,87,19
46.562,HRV,48,3,13070969,g4/12mA/12mA,86,99,87,19
46.625,HRV,61,0,13542457,g5/12mA/12mA,86,99,87,19
46.625,HRV,61,1,13627419,g4/12mA/12mA,86,99,87,19
46.625,HRV,61,2,11662893,g4/12mA/12mA,86,99,87,19
46.625,HRV,61,3,13071865,g4/12mA/12mA,86,99,87,19
46.625,HRV,62,0,13539651,g5/12mA/12mA,86,99,87,19
46.625,HRV,62,1,13625186,g4/12mA/12mA,86,99,87,19
46.625,HRV,62,2,11660972,g4/12mA/12mA,86,99,87,19
46.625,HRV,62,3,13070379,g4/12mA/12mA,86,99,87,19
46.625,HRV,63,0,13541041,g5/12mA/12mA,86,99,87,19
46.625,HRV,63,1,13626406,g4/12mA/12mA,86,99,87,19
46.625,HRV,63,2,11661749,g4/12mA/12mA,86,99,87,19
46.625,HRV,63,3,13071138,g4/12mA/12mA,86,99,87,19
46.625,HRV,64,0,13541210,g5/12mA/12mA,86,99,87,19
46.625,HRV,64,1,13626627,g4/12mA/12mA,86,99,87,19
46.625,HRV,64,2,11661944,g4/12mA/12mA,86,99,87,19
46.625,HRV,64,3,13071343,g4/12mA/12mA,86,99,87,19
46.625,HRV,65,0,13541962,g5/12mA/12mA,86,99,87,19
46.625,HRV,65,1,13626764,g4/12mA/12mA,86,99,87,19
46.625,HRV,65,2,11662174,g4/12mA/12mA,86,99,87,19
46.625,HRV,65,3,13071770,g4/12mA/12mA,86,99,87,19
46.626,HRV,66,0,13541715,g5/12mA/12mA,86,99,87,19
46.626,HRV,66,1,13626651,g4/12mA/12mA,86,99,87,19
46.626,HRV,66,2,11662203,g4/12mA/12mA,86,99,87,19
46.626,HRV,66,3,13071121,g4/12mA/12mA,86,99,87,19
46.652,SPO2,39,0,13017330,g1/73mA/0mA,86,99,87,19
46.652,SPO2,39,1,13269768,g1/36mA/0mA,86,99,87,19
46.652,SPO2,40,0,13017192,g1/73mA/0mA,86,99,87,19
46.652,SPO2,40,1,13269314,g1/36mA/0mA,86,99,87,19
46.652,SPO2,41,0,13017164,g1/73mA/0mA,86,99,87,19
46.652,SPO2,41,1,13269421,g1/36mA/0mA,86,99,87,19
46.652,SPO2,42,0,13016753,g1/73mA/0mA,86,99,87,19
46.652,SPO2,42,1,13269277,g1/36mA/0mA,86,99,87,19
46.652,SPO2,43,0,13017047,g1/73mA/0mA,86,99,87,19
46.652,SPO2,43,1,13269172,g1/36mA/0mA,86,99,87,19
46.652,SPO2,44,0,13016644,g1/73mA/0mA,86,99,87,19
46.652,SPO2,44,1,13269100,g1/36mA/0mA,86,99,87,19
46.652,SPO2,45,0,13016817,g1/73mA/0mA,86,99,87,19
46.652,SPO2,45,1,13269372,g1/36mA/0mA,86,99,87,19
46.652,SPO2,46,0,13017569,g1/73mA/0mA,86,99,87,19
46.652,SPO2,46,1,13269674,g1/36mA/0mA,86,99,87,19
46.664,SPO2,54,0,13016067,g1/73mA/0mA,86,99,87,19
46.664,SPO2,54,1,13268844,g1/36mA/0mA,86,99,87,19
46.664,SPO2,55,0,13016978,g1/73mA/0mA,86,99,87,19
46.664,SPO2,55,1,13269783,g1/36mA/0mA,86,99,87,19
46.664,SPO2,56,0,13015989,g1/73mA/0mA,86,99,87,19
46.664,SPO2,56,1,13269096,g1/36mA/0mA,86,99,87,19
46.664,SPO2,57,0,13016980,g1/73mA/0mA,86,99,87,19
46.664,SPO2,57,1,13269397,g1/36mA/0mA,86,99,87,19
46.664,SPO2,58,0,13017166,g1/73mA/0mA,86,99,87,19
46.664,SPO2,58,1,13269446,g1/36mA/0mA,86,99,87,19
46.664,SPO2,59,0,13016361,g1/73mA/0mA,86,99,87,19
46.664,SPO2,59,1,13269304,g1/36mA/0mA,86,99,87,19
46.664,SPO2,60,0,13015724,g1/73mA/0mA,86,99,87,19
46.664,SPO2,60,1,13268847,g1/36mA/0mA,86,99,87,19
46.664,SPO2,61,0,13016965,g1/73mA/0mA,86,99,87,19
46.664,SPO2,61,1,13269203,g1/36mA/0mA,86,99,87,19
46.685,HR,67,0,13540758,g5/12mA/12mA,86,99,87,19
46.685,HR,67,1,13625994,g4/12mA/12mA,86,99,87,19
46.685,HR,67,2,11661964,g4/12mA/12mA,86,99,87,19
46.685,HR,67,3,13070574,g4/12mA/12mA,86,99,87,19
46.685,HR,68,0,13541425,g5/12mA/12mA,86,99,87,19
46.685,HR,68,1,13626530,g4/12mA/12mA,86,99,87,19
46.685,HR,68,2,11661964,g4/12mA/12mA,86,99,87,19
46.685,HR,68,3,13071113,g4/12mA/12mA,86,99,87,19
46.685,HR,69,0,13540416,g5/12mA/12mA,86,99,87,19
46.685,HR,69,1,13625917,g4/12mA/12mA,86,99,87,19
46.685,HR,69,2,11661672,g4/12mA/12mA,86,99,87,19
46.685,HR,69,3,13070695,g4/12mA/12mA,86,99,87,19
46.685,HR,70,0,13540408,g5/12mA/12mA,86,99,87,19
46.685,HR,70,1,13625935,g4/12mA/12mA,86,99,87,19
46.685,HR,70,2,11661638,g4/12mA/12mA,86,99,87,19
46.685,HR,70,3,13070763,g4/12mA/12mA,86,99,87,19
46.685,HR,71,0,13540620,g5/12mA/12mA,86,99,87,19
46.685,HR,71,1,13625738,g4/12mA/12mA,86,99,87,19
46.685,HR,71,2,11661596,g4/12mA/12mA,86,99,87,19
46.685,HR,71,3,13070489,g4/12mA/12mA,86,99,87,19
46.685,HR,72,0,13542559,g5/12mA/12mA,86,99,87,19
46.685,HR,72,1,13627197,g4/12mA/12mA,86,99,87,19
46.685,HR,72,2,11662697,g4/12mA/12mA,86,99,87,19
46.685,HR,72,3,13071590,g4/12mA/12mA,86,99,87,19
46.716,HR,73,0,13540119,g5/12mA/12mA,86,99,87,19
46.716,HR,73,1,13625799,g4/12mA/12mA,86,99,87,19
46.716,HR,73,2,11661623,g4/12mA/12mA,86,99,87,19
46.716,HR,73,3,13070668,g4/12mA/12mA,86,99,87,19
46.716,HR,74,0,13542235,g5/12mA/12mA,86,99,87,19
46.716,HR,74,1,13626940,g4/12mA/12mA,86,99,87,19
46.716,HR,74,2,11662482,g4/12mA/12mA,86,99,87,19
46.716,HR,74,3,13071512,g4/12mA/12mA,86,99,87,19
46.716,HR,75,0,13539400,g5/12mA/12mA,86,99,87,19
46.716,HR,75,1,13625344,g4/12mA/12mA,86,99,87,19
46.716,HR,75,2,11661025,g4/12mA/12mA,86,99,87,19
46.716,HR,75,3,13069943,g4/12mA/12mA,86,99,87,19
46.716,HR,76,0,13540144,g5/12mA/12mA,86,99,87,19
46.716,HR,76,1,13626121,g4/12mA/12mA,86,99,87,19
46.716,HR,76,2,11661656,g4/12mA/12mA,86,99,87,19
46.716,HR,76,3,13070642,g4/12mA/12mA,86,99,87,19
46.716,HR,77,0,13540758,g5/12mA/12mA,86,99,87,19
46.716,HR,77,1,13626139,g4/12mA/12mA,86,99,87,19
46.716,HR,77,2,11661392,g4/12mA/12mA,86,99,87,19
46.716,HR,77,3,13070379,g4/12mA/12mA,86,99,87,19
46.716,HR,78,0,13540733,g5/12mA/12mA,86,99,87,19
46.716,HR,78,1,13626079,g4/12mA/12mA,86,99,87,19
46.716,HR,78,2,11661510,g4/12mA/12mA,86,99,87,19
46.716,HR,78,3,13070379,g4/12mA/12mA,86,99,87,19
46.716,HR,85,0,13540764,g5/12mA/12mA,86,99,87,19
46.716,HR,85,1,13626129,g4/12mA/12mA,86,99,87,19
46.716,HR,85,2,11661568,g4/12mA/12mA,86,99,87,19
46.716,HR,85,3,13070422,g4/12mA/12mA,86,99,87,19
46.717,HRV,67,0,13540758,g5/12mA/12mA,86,99,87,19
46.717,HRV,67,1,13625994,g4/12mA/12mA,86,99,87,19
46.717,HRV,67,2,11661964,g4/12mA/12mA,86,99,87,19
46.717,HRV,67,3,13070574,g4/12mA/12mA,86,99,87,19
46.717,HRV,68,0,13541425,g5/12mA/12mA,86,99,87,19
46.717,HRV,68,1,13626530,g4/12mA/12mA,86,99,87,19
46.717,HRV,68,2,11661964,g4/12mA/12mA,86,99,87,19
46.717,HRV,68,3,13071113,g4/12mA/12mA,86,99,87,19
46.717,HRV,69,0,13540416,g5/12mA/12mA,86,99,87,19
46.717,HRV,69,1,13625917,g4/12mA/12mA,86,99,87,19
46.717,HRV,69,2,11661672,g4/12mA/12mA,86,99,87,19
46.717,HRV,69,3,13070695,g4/12mA/12mA,86,99,87,19
46.717,HRV,70,0,13540408,g5/12mA/12mA,86,99,87,19
46.717,HRV,70,1,13625935,g4/12mA/12mA,86,99,87,19
46.717,HRV,70,2,11661638,g4/12mA/12mA,86,99,87,19
46.717,HRV,70,3,13070763,g4/12mA/12mA,86,99,87,19
46.717,HRV,71,0,13540620,g5/12mA/12mA,86,99,87,19
46.717,HRV,71,1,13625738,g4/12mA/12mA,86,99,87,19
46.717,HRV,71,2,11661596,g4/12mA/12mA,86,99,87,19
46.717,HRV,71,3,13070489,g4/12mA/12mA,86,99,87,19
46.717,HRV,72,0,13542559,g5/12mA/12mA,86,99,87,19
46.717,HRV,72,1,13627197,g4/12mA/12mA,86,99,87,19
46.717,HRV,72,2,11662697,g4/12mA/12mA,86,99,87,19
46.717,HRV,72,3,13071590,g4/12mA/12mA,86,99,87,19
46.746,HRV,79,0,13540733,g5/12mA/12mA,86,99,87,19
46.746,HRV,79,1,13625875,g4/12mA/12mA,86,99,87,19
46.746,HRV,79,2,11661451,g4/12mA/12mA,86,99,87,19
46.746,HRV,79,3,13070345,g4/12mA/12mA,86,99,87,19
46.746,HRV,80,0,13543052,g5/12mA/12mA,86,99,87,19
46.746,HRV,80,1,13627581,g4/12mA/12mA,86,99,87,19
46.746,HRV,80,2,11663141,g4/12mA/12mA,86,99,87,19
46.746,HRV,80,3,13072103,g4/12mA/12mA,86,99,87,19
46.746,HRV,81,0,13544358,g5/12mA/12mA,86,99,87,19
46.746,HRV,81,1,13628630,g4/12mA/12mA,86,99,87,19
46.746,HRV,81,2,11663772,g4/12mA/12mA,86,99,87,19
46.746,HRV,81,3,13072657,g4/12mA/12mA,86,99,87,19
46.746,HRV,82,0,13540733,g5/12mA/12mA,86,99,87,19
46.746,HRV,82,1,13626214,g4/12mA/12mA,86,99,87,19
46.746,HRV,82,2,11661835,g4/12mA/12mA,86,99,87,19
46.746,HRV,82,3,13070806,g4/12mA/12mA,86,99,87,19
46.746,HRV,83,0,13540485,g5/12mA/12mA,86,99,87,19
46.746,HRV,83,1,13625977,g4/12mA/12mA,86,99,87,19
46.746,HRV,83,2,11661792,g4/12mA/12mA,86,99,87,19
46.746,HRV,83,3,13070771,g4/12mA/12mA,86,99,87,19
46.746,HRV,84,0,13538823,g5/12mA/12mA,86,99,87,19
46.746,HRV,84,1,13625005,g4/12mA/12mA,86,99,87,19
46.746,HRV,84,2,11660787,g4/12mA/12mA,86,99,87,19
46.746,HRV,84,3,13069645,g4/12mA/12mA,86,99,87,19
46.774,SPO2,73,0,13015074,g1/73mA/0mA,86,99,87,19
46.774,SPO2,73,1,13267886,g1/36mA/0mA,86,99,87,19
46.774,SPO2,74,0,13016645,g1/73mA/0mA,86,99,87,19
46.774,SPO2,74,1,13269004,g1/36mA/0mA,86,99,87,19
46.774,SPO2,75,0,13014186,g1/73mA/0mA,86,99,87,19
46.774,SPO2,75,1,13267248,g1/36mA/0mA,86,99,87,19
46.774,SPO2,76,0,13015093,g1/73mA/0mA,86,99,87,19
46.774,SPO2,76,1,13267782,g1/36mA/0mA,86,99,87,19
46.774,SPO2,77,0,13014985,g1/73mA/0mA,86,99,87,19
46.774,SPO2,77,1,13267833,g1/36mA/0mA,86,99,87,19
46.774,SPO2,78,0,13015257,g1/73mA/0mA,86,99,87,19
46.774,SPO2,78,1,13268075,g1/36mA/0mA,86,99,87,19
46.774,SPO2,79,0,13015373,g1/73mA/0mA,86,99,87,19
46.774,SPO2,79,1,13268451,g1/36mA/0mA,86,99,87,19
46.774,SPO2,80,0,13017846,g1/73mA/0mA,86,99,87,19
46.774,SPO2,80,1,13269984,g1/36mA/0mA,86,99,87,19
46.776,SPO2,81,0,13019620,g1/73mA/0mA,86,99,87,19
46.776,SPO2,81,1,13270657,g1/36mA/0mA,86,99,87,19
46.776,SPO2,82,0,13016820,g1/73mA/0mA,86,99,87,19
46.776,SPO2,82,1,13269077,g1/36mA/0mA,86,99,87,19
46.776,SPO2,83,0,13016955,g1/73mA/0mA,86,99,87,19
46.776,SPO2,83,1,13269269,g1/36mA/0mA,86,99,87,19
46.776,SPO2,84,0,13015219,g1/73mA/0mA,86,99,87,19
46.776,SPO2,84,1,13268256,g1/36mA/0mA,86,99,87,19
46.776,SPO2,85,0,13015901,g1/73mA/0mA,86,99,87,19
46.776,SPO2,85,1,13269329,g1/36mA/0mA,86,99,87,19
48.907,HR,86,0,13536919,g5/12mA/12mA,86,99,87,19
48.907,HR,86,1,13623424,g4/12mA/12mA,86,99,87,19
48.907,HR,86,2,11659642,g4/12mA/12mA,86,99,87,19
48.907,HR,86,3,13068672,g4/12mA/12mA,86,99,87,19
48.907,HR,87,0,13539998,g5/12mA/12mA,86,99,87,19
48.907,HR,87,1,13625737,g4/12mA/12mA,86,99,87,19
48.907,HR,87,2,11661502,g4/12mA/12mA,86,99,87,19
48.907,HR,87,3,13070413,g4/12mA/12mA,86,99,87,19
48.907,HR,88,0,13538992,g5/12mA/12mA,86,97,87,19
48.907,HR,88,1,13625166,g4/12mA/12mA,86,97,87,19
48.907,HR,88,2,11661035,g4/12mA/12mA,86,97,87,19
48.907,HR,88,3,13070217,g4/12mA/12mA,86,97,87,19
48.907,HR,89,0,13541576,g5/12mA/12mA,86,97,87,19
48.907,HR,89,1,13626651,g4/12mA/12mA,86,97,87,19
48.907,HR,89,2,11662229,g4/12mA/12mA,86,97,87,19
48.907,HR,89,3,13071087,g4/12mA/12mA,86,97,87,19
48.907,HR,90,0,13540980,g5/12mA/12mA,86,97,87,19
48.907,HR,90,1,13626369,g4/12mA/12mA,86,97,87,19
48.907,HR,90,2,11661861,g4/12mA/12mA,86,97,87,19
48.907,HR,90,3,13070702,g4/12mA/12mA,86,97,87,19
48.934,HR,91,0,13540665,g5/12mA/12mA,86,97,87,19
48.934,HR,91,1,13625652,g4/12mA/12mA,86,97,87,19
48.934,HR,91,2,11661495,g4/12mA/12mA,86,97,87,19
48.934,HR,91,3,13070551,g4/12mA/12mA,86,97,87,19
48.934,HR,92,0,13540195,g5/12mA/12mA,86,97,87,19
48.934,HR,92,1,13625687,g4/12mA/12mA,86,97,87,19
48.934,HR,92,2,11661315,g4/12mA/12mA,86,97,87,19
48.934,HR,92,3,13070540,g4/12mA/12mA,86,97,87,19
48.934,HR,93,0,13539837,g5/12mA/12mA,86,97,87,19
48.934,HR,93,1,13625559,g4/12mA/12mA,86,97,87,19
48.934,HR,93,2,11661358,g4/12mA/12mA,86,97,87,19
48.934,HR,93,3,13070319,g4/12mA/12mA,86,97,87,19
48.934,HR,94,0,13540416,g5/12mA/12mA,86,97,87,19
48.934,HR,94,1,13625533,g4/12mA/12mA,86,97,87,19
48.934,HR,94,2,11661264,g4/12mA/12mA,86,97,87,19
48.934,HR,94,3,13070360,g4/12mA/12mA,86,97,87,19
48.934,HR,95,0,13539964,g5/12mA/12mA,86,97,87,19
48.934,HR,95,1,13625652,g4/12mA/12mA,86,97,87,19
48.934,HR,95,2,11661366,g4/12mA/12mA,86,97,87,19
48.934,HR,95,3,13070567,g4/12mA/12mA,86,97,87,19
48.934,HR,96,0,13539795,g5/12mA/12mA,86,97,87,19
48.934,HR,96,1,13625917,g4/12mA/12mA,86,97,87,19
48.934,HR,96,2,11661521,g4/12mA/12mA,86,97,87,19
48.934,HR,96,3,13070455,g4/12mA/12mA,86,97,87,19
48.962,HR,97,0,13540970,g5/12mA/12mA,86,97,87,19
48.962,HR,97,1,13626104,g4/12mA/12mA,86,97,87,19
48.962,HR,97,2,11661886,g4/12mA/12mA,86,97,87,19
48.962,HR,97,3,13070942,g4/12mA/12mA,86,97,87,19
48.962,HR,98,0,13540647,g5/12mA/12mA,86,97,87,19
48.962,HR,98,1,13626037,g4/12mA/12mA,86,97,87,19
48.962,HR,98,2,11661665,g4/12mA/12mA,86,97,87,19
48.962,HR,98,3,13070661,g4/12mA/12mA,86,97,87,19
48.962,HR,99,0,13541056,g5/12mA/12mA,86,97,87,19
48.962,HR,99,1,13626207,g4/12mA/12mA,86,97,87,19
48.962,HR,99,2,11661792,g4/12mA/12mA,86,97,87,19
48.962,HR,99,3,13070788,g4/12mA/12mA,86,97,87,19
48.962,HR,100,0,13540262,g5/12mA/12mA,86,97,87,19
48.962,HR,100,1,13625661,g4/12mA/12mA,86,97,87,19
48.963,HR,100,2,11661547,g4/12mA/12mA,86,97,87,19
48.963,HR,100,3,13070729,g4/12mA/12mA,86,97,87,19
48.963,HR,101,0,13540186,g5/12mA/12mA,86,97,87,19
48.963,HR,101,1,13625430,g4/12mA/12mA,86,97,87,19
48.963,HR,101,2,11661307,g4/12mA/12mA,86,97,87,19
48.963,HR,101,3,13070235,g4/12mA/12mA,86,97,87,19
48.963,HR,102,0,13540101,g5/12mA/12mA,86,97,87,19
48.963,HR,102,1,13625943,g4/12mA/12mA,86,97,87,19
48.963,HR,102,2,11661426,g4/12mA/12mA,86,97,87,19
48.963,HR,102,3,13070533,g4/12mA/12mA,86,97,87,19
48.998,HR,103,0,13539147,g5/12mA/12mA,86,97,87,19
48.998,HR,103,1,13624867,g4/12mA/12mA,86,97,87,19
48.998,HR,103,2,11660803,g4/12mA/12mA,86,97,87,19
48.998,HR,103,3,13069851,g4/12mA/12mA,86,97,87,19
48.998,HR,104,0,13540903,g5/12mA/12mA,86,97,87,19
48.998,HR,104,1,13626259,g4/12mA/12mA,86,97,87,19
48.998,HR,104,2,11661939,g4/12mA/12mA,86,97,87,19
48.998,HR,104,3,13070909,g4/12mA/12mA,86,97,87,19
48.998,HR,105,0,13540545,g5/12mA/12mA,86,97,87,19
48.998,HR,105,1,13626343,g4/12mA/12mA,86,97,87,19
48.998,HR,105,2,11661921,g4/12mA/12mA,86,97,87,19
48.998,HR,105,3,13070668,g4/12mA/12mA,86,97,87,19
48.998,HR,106,0,13540288,g5/12mA/12mA,86,97,87,19
48.998,HR,106,1,13626002,g4/12mA/12mA,86,97,87,19
48.998,HR,106,2,11661589,g4/12mA/12mA,86,97,87,19
48.998,HR,106,3,13070754,g4/12mA/12mA,86,97,87,19
48.998,HR,107,0,13540970,g5/12mA/12mA,86,97,87,19
48.998,HR,107,1,13626410,g4/12mA/12mA,86,97,87,19
48.998,HR,107,2,11662065,g4/12mA/12mA,86,97,87,19
48.998,HR,107,3,13071053,g4/12mA/12mA,86,97,87,19
48.998,HR,108,0,13541305,g5/12mA/12mA,86,97,87,19
48.998,HR,108,1,13626564,g4/12mA/12mA,86,97,87,19
48.998,HR,108,2,11662203,g4/12mA/12mA,86,97,87,19
48.998,HR,108,3,13070958,g4/12mA/12mA,86,97,87,19
49.024,HR,109,0,13540280,g5/12mA/12mA,86,97,87,19
49.024,HR,109,1,13625875,g4/12mA/12mA,86,97,87,19
49.024,HR,109,2,11661665,g4/12mA/12mA,86,97,87,19
49.024,HR,109,3,13070695,g4/12mA/12mA,86,97,87,19
49.024,HR,110,0,13540280,g5/12mA/12mA,86,97,87,19
49.024,HR,110,1,13625799,g4/12mA/12mA,86,97,87,19
49.024,HR,110,2,11661868,g4/12mA/12mA,86,97,87,19
49.024,HR,110,3,13070225,g4/12mA/12mA,86,97,87,19
49.024,HR,111,0,13539188,g5/12mA/12mA,86,97,87,19
49.024,HR,111,1,13625310,g4/12mA/12mA,86,97,87,19
49.024,HR,111,2,11660949,g4/12mA/12mA,86,97,87,19
49.024,HR,111,3,13070099,g4/12mA/12mA,86,97,87,19
49.024,HR,112,0,13539615,g5/12mA/12mA,86,97,87,19
49.024,HR,112,1,13625133,g4/12mA/12mA,86,97,87,19
49.024,HR,112,2,11661118,g4/12mA/12mA,86,97,87,19
49.024,HR,112,3,13070183,g4/12mA/12mA,86,97,87,19
49.024,HR,113,0,13539931,g5/12mA/12mA,86,96,87,19
49.024,HR,113,1,13625251,g4/12mA/12mA,86,96,87,19
49.024,HR,113,2,11661280,g4/12mA/12mA,86,96,87,19
49.024,HR,113,3,13070319,g4/12mA/12mA,86,96,87,19
49.052,HRV,86,0,13536919,g5/12mA/12mA,86,96,87,19
49.052,HRV,86,1,13623424,g4/12mA/12mA,86,96,87,19
49.052,HRV,86,2,11659642,g4/12mA/12mA,86,96,87,19
49.052,HRV,86,3,13068672,g4/12mA/12mA,86,96,87,19
49.052,HRV,87,0,13539998,g5/12mA/12mA,86,96,87,19
49.052,HRV,87,1,13625737,g4/12mA/12mA,86,96,87,19
49.052,HRV,87,2,11661502,g4/12mA/12mA,86,96,87,19
49.052,HRV,87,3,13070413,g4/12mA/12mA,86,96,87,19
49.052,HRV,88,0,13538992,g5/12mA/12mA,86,96,87,19
49.052,HRV,88,1,13625166,g4/12mA/12mA,86,96,87,19
49.052,HRV,88,2,11661035,g4/12mA/12mA,86,96,87,19
49.052,HRV,88,3,13070217,g4/12mA/12mA,86,96,87,19
49.052,HRV,89,0,13541576,g5/12mA/12mA,86,96,87,19
49.052,HRV,89,1,13626651,g4/12mA/12mA,86,96,87,19
49.052,HRV,89,2,11662229,g4/12mA/12mA,86,96,87,19
49.052,HRV,89,3,13071087,g4/12mA/12mA,86,96,87,19
49.056,HRV,96,0,13539795,g5/12mA/12mA,86,96,87,19
49.056,HRV,96,1,13625917,g4/12mA/12mA,86,96,87,19
49.056,HRV,96,2,11661521,g4/12mA/12mA,86,96,87,19
49.056,HRV,96,3,13070455,g4/12mA/12mA,86,96,87,19
49.056,HRV,97,0,13540970,g5/12mA/12mA,86,96,87,19
49.056,HRV,97,1,13626104,g4/12mA/12mA,86,96,87,19
49.056,HRV,97,2,11661886,g4/12mA/12mA,86,96,87,19
49.056,HRV,97,3,13070942,g4/12mA/12mA,86,96,87,19
49.056,HRV,98,0,13540647,g5/12mA/12mA,86,96,87,19
49.056,HRV,98,1,13626037,g4/12mA/12mA,86,96,87,19
49.056,HRV,98,2,11661665,g4/12mA/12mA,86,96,87,19
49.056,HRV,98,3,13070661,g4/12mA/12mA,86,96,87,19
49.056,HRV,99,0,13541056,g5/12mA/12mA,86,96,87,19
49.056,HRV,99,1,13626207,g4/12mA/12mA,86,96,87,19
49.056,HRV,99,2,11661792,g4/12mA/12mA,86,96,87,19
49.056,HRV,99,3,13070788,g4/12mA/12mA,86,96,87,19
49.056,HRV,100,0,13540262,g5/12mA/12mA,86,96,87,19
49.056,HRV,100,1,13625661,g4/12mA/12mA,86,96,87,19
49.056,HRV,100,2,11661547,g4/12mA/12mA,86,96,87,19
49.056,HRV,100,3,13070729,g4/12mA/12mA,86,96,87,19
49.056,HRV,101,0,13540186,g5/12mA/12mA,86,96,87,19
49.056,HRV,101,1,13625430,g4/12mA/12mA,86,96,87,19
49.056,HRV,101,2,11661307,g4/12mA/12mA,86,96,87,19
49.056,HRV,101,3,13070235,g4/12mA/12mA,86,96,87,19
49.087,HRV,102,0,13540101,g5/12mA/12mA,86,96,87,19
49.087,HRV,102,1,13625943,g4/12mA/12mA,86,96,87,19
49.087,HRV,102,2,11661426,g4/12mA/12mA,86,96,87,19
49.087,HRV,102,3,13070533,g4/12mA/12mA,86,96,87,19
49.087,HRV,103,0,13539147,g5/12mA/12mA,86,96,87,19
49.087,HRV,103,1,13624867,g4/12mA/12mA,86,96,87,19
49.087,HRV,103,2,11660803,g4/12mA/12mA,86,96,87,19
49.087,HRV,103,3,13069851,g4/12mA/12mA,86,96,87,19
49.087,HRV,104,0,13540903,g5/12mA/12mA,86,96,87,19
49.087,HRV,104,1,13626259,g4/12mA/12mA,86,96,87,19
49.087,HRV,104,2,11661939,g4/12mA/12mA,86,96,87,19
49.087,HRV,104,3,13070909,g4/12mA/12mA,86,96,87,19
49.087,HRV,105,0,13540545,g5/12mA/12mA,86,96,87,19
49.087,HRV,105,1,13626343,g4/12mA/12mA,86,96,87,19
49.087,HRV,105,2,11661921,g4/12mA/12mA,86,96,87,19
49.087,HRV,105,3,13070668,g4/12mA/12mA,86,96,87,19
49.087,HRV,106,0,13540288,g5/12mA/12mA,86,96,87,19
49.087,HRV,106,1,13626002,g4/12mA/12mA,86,96,87,19
49.087,HRV,106,2,11661589,g4/12mA/12mA,86,96,87,19
49.087,HRV,106,3,13070754,g4/12mA/12mA,86,96,87,19
49.087,HRV,107,0,13540970,g5/12mA/12mA,86,96,87,19
49.087,HRV,107,1,13626410,g4/12mA/12mA,86,96,87,19
49.087,HRV,107,2,11662065,g4/12mA/12mA,86,96,87,19
49.087,HRV,107,3,13071053,g4/12mA/12mA,86,96,87,19
49.088,HRV,118,0,13539214,g5/12mA/12mA,86,96,87,19
49.088,HRV,118,1,13625303,g4/12mA/12mA,86,96,87,19
49.088,HRV,118,2,11660990,g4/12mA/12mA,86,96,87,19
49.088,HRV,118,3,13070062,g4/12mA/12mA,86,96,87,19
49.088,HRV,119,0,13539317,g5/12mA/12mA,86,96,87,19
49.088,HRV,119,1,13624994,g4/12mA/12mA,86,96,87,19
49.088,HRV,119,2,11661126,g4/12mA/12mA,86,96,87,19
49.088,HRV,119,3,13069833,g4/12mA/12mA,86,96,87,19
49.115,SPO2,92,0,13015523,g1/73mA/0mA,86,96,87,19
49.115,SPO2,92,1,13269124,g1/36mA/0mA,86,96,87,19
49.115,SPO2,93,0,13015648,g1/73mA/0mA,86,96,87,19
49.115,SPO2,93,1,13269338,g1/36mA/0mA,86,96,87,19
49.115,SPO2,94,0,13015730,g1/73mA/0mA,86,96,87,19
49.115,SPO2,94,1,13269535,g1/36mA/0mA,86,96,87,19
49.115,SPO2,95,0,13015679,g1/73mA/0mA,86,96,87,19
49.115,SPO2,95,1,13269437,g1/36mA/0mA,86,96,87,19
49.115,SPO2,96,0,13015732,g1/73mA/0mA,86,96,87,19
49.115,SPO2,96,1,13269352,g1/36mA/0mA,86,96,87,19
49.115,SPO2,97,0,13016568,g1/73mA/0mA,86,96,87,19
49.115,SPO2,97,1,13270149,g1/36mA/0mA,86,96,87,19
49.115,SPO2,98,0,13016289,g1/73mA/0mA,86,96,87,19
49.115,SPO2,98,1,13269860,g1/36mA/0mA,86,96,87,19
49.115,SPO2,99,0,13016764,g1/73mA/0mA,86,96,87,19
49.115,SPO2,99,1,13270273,g1/36mA/0mA,86,96,87,19
49.142,SPO2,100,0,13016578,g1/73mA/0mA,86,96,87,19
49.142,SPO2,100,1,13269252,g1/36mA/0mA,86,96,87,19
49.142,SPO2,101,0,13016289,g1/73mA/0mA,86,96,87,19
49.142,SPO2,101,1,13268958,g1/36mA/0mA,86,96,87,19
49.142,SPO2,102,0,13016547,g1/73mA/0mA,86,96,87,19
49.142,SPO2,102,1,13269363,g1/36mA/0mA,86,96,87,19
49.142,SPO2,103,0,13015945,g1/73mA/0mA,86,96,87,19
49.142,SPO2,103,1,13268906,g1/36mA/0mA,86,96,87,19
49.142,SPO2,104,0,13017319,g1/73mA/0mA,86,96,87,19
49.142,SPO2,104,1,13269728,g1/36mA/0mA,86,96,87,19
49.142,SPO2,105,0,13017406,g1/73mA/0mA,86,96,87,19
49.142,SPO2,105,1,13270058,g1/36mA/0mA,86,96,87,19
49.142,SPO2,106,0,13016669,g1/73mA/0mA,86,96,87,19
49.142,SPO2,106,1,13269142,g1/36mA/0mA,86,96,87,19
49.146,HR,120,0,13538787,g5/12mA/12mA,86,96,87,19
49.146,HR,120,1,13624901,g4/12mA/12mA,86,96,87,19
49.146,HR,120,2,11660607,g4/12mA/12mA,86,96,87,19
49.146,HR,120,3,13069824,g4/12mA/12mA,86,96,87,19
49.146,HR,121,0,13540280,g5/12mA/12mA,86,96,87,19
49.146,HR,121,1,13625788,g4/12mA/12mA,86,96,87,19
49.146,HR,121,2,11661605,g4/12mA/12mA,86,96,87,19
49.146,HR,121,3,13070540,g4/12mA/12mA,86,96,87,19
49.146,HR,122,0,13539991,g5/12mA/12mA,86,96,87,19
49.146,HR,122,1,13625551,g4/12mA/12mA,86,96,87,19
49.146,HR,122,2,11661204,g4/12mA/12mA,86,96,87,19
49.146,HR,122,3,13070242,g4/12mA/12mA,86,96,87,19
49.146,HR,123,0,13539317,g5/12mA/12mA,86,96,87,19
49.146,HR,123,1,13624670,g4/12mA/12mA,86,96,87,19
49.146,HR,123,2,11660745,g4/12mA/12mA,86,96,87,19
49.146,HR,123,3,13069806,g4/12mA/12mA,86,96,87,19
49.146,HR,124,0,13539340,g5/12mA/12mA,86,96,87,19
49.146,HR,124,1,13625439,g4/12mA/12mA,86,96,87,19
49.146,HR,124,2,11661187,g4/12mA/12mA,86,96,87,19
49.146,HR,124,3,13069944,g4/12mA/12mA,86,96,87,19
49.146,HR,125,0,13539180,g5/12mA/12mA,86,96,87,19
49.146,HR,125,1,13625208,g4/12mA/12mA,86,96,87,19
49.146,HR,125,2,11661213,g4/12mA/12mA,86,96,87,19
49.146,HR,125,3,13070149,g4/12mA/12mA,86,96,87,19
49.176,HR,126,0,13540101,g5/12mA/12mA,86,96,87,19
49.176,HR,126,1,13625378,g4/12mA/12mA,86,96,87,19
49.176,HR,126,2,11661273,g4/12mA/12mA,86,96,87,19
49.176,HR,126,3,13070276,g4/12mA/12mA,86,96,87,19
49.176,HR,127,0,13540673,g5/12mA/12mA,86,96,87,19
49.176,HR,127,1,13626052,g4/12mA/12mA,86,96,87,19
49.176,HR,127,2,11661905,g4/12mA/12mA,86,96,87,19
49.176,HR,127,3,13070490,g4/12mA/12mA,86,96,87,19
49.176,HR,128,0,13539588,g5/12mA/12mA,86,96,87,19
49.176,HR,128,1,13625344,g4/12mA/12mA,86,96,87,19
49.176,HR,128,2,11661229,g4/12mA/12mA,86,96,87,19
49.176,HR,128,3,13070336,g4/12mA/12mA,86,96,87,19
49.176,HR,129,0,13541782,g5/12mA/12mA,86,96,87,19
49.176,HR,129,1,13626574,g4/12mA/12mA,86,96,87,19
49.176,HR,129,2,11662263,g4/12mA/12mA,86,96,87,19
49.176,HR,129,3,13071131,g4/12mA/12mA,86,96,87,19
49.176,HR,130,0,13540221,g5/12mA/12mA,86,96,87,19
49.176,HR,130,1,13626104,g4/12mA/12mA,86,96,87,19
49.176,HR,130,2,11661656,g4/12mA/12mA,86,96,87,19
49.176,HR,130,3,13070285,g4/12mA/12mA,86,96,87,19
49.176,HR,131,0,13540467,g5/12mA/12mA,86,96,87,19
49.176,HR,131,1,13625891,g4/12mA/12mA,86,96,87,19
49.176,HR,131,2,11661589,g4/12mA/12mA,86,96,87,19
49.176,HR,131,3,13070585,g4/12mA/12mA,86,96,87,19
49.177,HR,138,0,13540654,g5/12mA/12mA,87,96,87,19
49.177,HR,138,1,13626445,g4/12mA/12mA,87,96,87,19
49.177,HR,138,2,11661614,g4/12mA/12mA,87,96,87,19
49.177,HR,138,3,13070883,g4/12mA/12mA,87,96,87,19
49.177,HR,139,0,13540169,g5/12mA/12mA,87,96,87,19
49.177,HR,139,1,13626550,g4/12mA/12mA,87,96,87,19
49.177,HR,139,2,11661844,g4/12mA/12mA,87,96,87,19
49.177,HR,139,3,13070849,g4/12mA/12mA,87,96,87,19
49.206,HRV,132,0,13540331,g5/12mA/12mA,87,96,87,19
49.206,HRV,132,1,13625608,g4/12mA/12mA,87,96,87,19
49.206,HRV,132,2,11661322,g4/12mA/12mA,87,96,87,19
49.206,HRV,132,3,13070235,g4/12mA/12mA,87,96,87,19
49.206,HRV,133,0,13540255,g5/12mA/12mA,87,96,87,19
49.206,HRV,133,1,13625796,g4/12mA/12mA,87,96,87,19
49.206,HRV,133,2,11661570,g4/12mA/12mA,87,96,87,19
49.206,HRV,133,3,13070379,g4/12mA/12mA,87,96,87,19
49.206,HRV,134,0,13539197,g5/12mA/12mA,87,96,87,19
49.206,HRV,134,1,13624953,g4/12mA/12mA,87,96,87,19
49.206,HRV,134,2,11660956,g4/12mA/12mA,87,96,87,19
49.206,HRV,134,3,13069790,g4/12mA/12mA,87,96,87,19
49.206,HRV,135,0,13538940,g5/12mA/12mA,87,96,87,19
49.206,HRV,135,1,13625235,g4/12mA/12mA,87,96,87,19
49.206,HRV,135,2,11660930,g4/12mA/12mA,87,96,87,19
49.206,HRV,135,3,13069585,g4/12mA/12mA,87,96,87,19
49.206,HRV,136,0,13540168,g5/12mA/12mA,87,96,87,19
49.206,HRV,136,1,13625422,g4/12mA/12mA,87,96,87,19
49.206,HRV,136,2,11661324,g4/12mA/12mA,87,96,87,19
49.206,HRV,136,3,13070174,g4/12mA/12mA,87,96,87,19
49.206,HRV,137,0,13540305,g5/12mA/12mA,87,96,87,19
49.206,HRV,137,1,13625498,g4/12mA/12mA,87,96,87,19
49.206,HRV,137,2,11661417,g4/12mA/12mA,87,96,87,19
49.206,HRV,137,3,13070242,g4/12mA/12mA,87,96,87,19
49.207,HRV,138,0,13540492,g5/12mA/12mA,87,96,87,19
49.207,HRV,138,1,13626052,g4/12mA/12mA,87,96,87,19
49.207,HRV,138,2,11661442,g4/12mA/12mA,87,96,87,19
49.207,HRV,138,3,13070540,g4/12mA/12mA,87,96,87,19
49.207,HRV,139,0,13540007,g5/12mA/12mA,87,96,87,19
49.207,HRV,139,1,13626157,g4/12mA/12mA,87,96,87,19
49.207,HRV,139,2,11661672,g4/12mA/12mA,87,96,87,19
49.207,HRV,139,3,13070506,g4/12mA/12mA,87,96,87,19
49.235,SPO2,126,0,13017110,g1/73mA/0mA,87,96,87,19
49.235,SPO2,126,1,13268806,g1/36mA/0mA,87,96,87,19
49.235,SPO2,127,0,13018028,g1/73mA/0mA,87,96,87,19
49.235,SPO2,127,1,13269731,g1/36mA/0mA,87,96,87,19
49.235,SPO2,128,0,13017281,g1/73mA/0mA,87,96,87,19
49.235,SPO2,128,1,13269354,g1/36mA/0mA,87,96,87,19
49.235,SPO2,129,0,13018554,g1/73mA/0mA,87,96,87,19
49.235,SPO2,129,1,13270081,g1/36mA/0mA,87,96,87,19
49.235,SPO2,130,0,13017611,g1/73mA/0mA,87,96,87,19
49.235,SPO2,130,1,13269513,g1/36mA/0mA,87,96,87,19
49.235,SPO2,131,0,13017509,g1/73mA/0mA,87,96,87,19
49.235,SPO2,131,1,13269116,g1/36mA/0mA,87,96,87,19
49.235,SPO2,132,0,13017383,g1/73mA/0mA,87,96,87,19
49.235,SPO2,132,1,13269338,g1/36mA/0mA,87,96,87,19
49.235,SPO2,133,0,13017100,g1/73mA/0mA,87,96,87,19
49.235,SPO2,133,1,13269043,g1/36mA/0mA,87,96,87,19
49.291,SPO2,134,0,13015386,g1/73mA/0mA,87,96,87,19
49.291,SPO2,134,1,13268437,g1/36mA/0mA,87,96,87,19
49.291,SPO2,135,0,13015350,g1/73mA/0mA,87,96,87,19
49.291,SPO2,135,1,13268385,g1/36mA/0mA,87,96,87,19
49.291,SPO2,136,0,13016438,g1/73mA/0mA,87,96,87,19
49.291,SPO2,136,1,13269318,g1/36mA/0mA,87,96,87,19
49.291,SPO2,137,0,13016460,g1/73mA/0mA,87,96,87,19
49.291,SPO2,137,1,13269204,g1/36mA/0mA,87,96,87,19
49.291,SPO2,138,0,13016598,g1/73mA/0mA,87,96,88,19
49.291,SPO2,138,1,13269502,g1/36mA/0mA,87,96,88,19
49.291,SPO2,139,0,13016643,g1/73mA/0mA,87,96,88,19
49.291,SPO2,139,1,13269229,g1/36mA/0mA,87,96,88,19
50.318,HR,140,0,13540348,g5/12mA/12mA,87,96,88,19
50.318,HR,140,1,13625498,g4/12mA/12mA,87,96,88,19
50.318,HR,140,2,11661484,g4/12mA/12mA,87,96,88,19
50.318,HR,140,3,13070294,g4/12mA/12mA,87,96,88,19
50.318,HR,141,0,13539411,g5/12mA/12mA,87,96,88,19
50.318,HR,141,1,13625031,g4/12mA/12mA,87,96,88,19
50.318,HR,141,2,11660871,g4/12mA/12mA,87,96,88,19
50.318,HR,141,3,13070013,g4/12mA/12mA,87,96,88,19
50.318,HR,142,0,13539529,g5/12mA/12mA,87,96,88,19
50.318,HR,142,1,13625524,g4/12mA/12mA,87,96,88,19
50.318,HR,142,2,11661084,g4/12mA/12mA,87,96,88,19
50.318,HR,142,3,13069892,g4/12mA/12mA,87,96,88,19
50.318,HR,143,0,13539573,g5/12mA/12mA,87,96,88,19
50.318,HR,143,1,13624911,g4/12mA/12mA,87,96,88,19
50.318,HR,143,2,11660734,g4/12mA/12mA,87,96,88,19
50.318,HR,143,3,13069987,g4/12mA/12mA,87,96,88,19
50.318,HR,144,0,13539403,g5/12mA/12mA,87,96,88,19
50.318,HR,144,1,13625141,g4/12mA/12mA,87,96,88,19
50.318,HR,144,2,11661194,g4/12mA/12mA,87,96,88,19
50.318,HR,144,3,13070046,g4/12mA/12mA,87,96,88,19
50.318,HR,145,0,13539171,g5/12mA/12mA,87,96,88,19
50.318,HR,145,1,13625038,g4/12mA/12mA,87,96,88,19
50.318,HR,145,2,11660863,g4/12mA/12mA,87,96,88,19
50.318,HR,145,3,13069474,g4/12mA/12mA,87,96,88,19
50.347,HR,146,0,13541090,g5/12mA/12mA,87,96,88,19
50.347,HR,146,1,13625891,g4/12mA/12mA,87,96,88,19
50.347,HR,146,2,11661647,g4/12mA/12mA,87,96,88,19
50.347,HR,146,3,13070780,g4/12mA/12mA,87,96,88,19
50.347,HR,147,0,13540348,g5/12mA/12mA,87,96,88,19
50.347,HR,147,1,13625984,g4/12mA/12mA,87,96,88,19
50.347,HR,147,2,11661921,g4/12mA/12mA,87,96,88,19
50.347,HR,147,3,13070574,g4/12mA/12mA,87,96,88,19
50.347,HR,148,0,13540845,g5/12mA/12mA,87,96,88,19
50.347,HR,148,1,13626394,g4/12mA/12mA,87,96,88,19
50.347,HR,148,2,11662006,g4/12mA/12mA,87,96,88,19
50.347,HR,148,3,13071044,g4/12mA/12mA,87,96,88,19
50.347,HR,149,0,13540809,g5/12mA/12mA,87,96,88,19
50.347,HR,149,1,13625814,g4/12mA/12mA,87,96,88,19
50.347,HR,149,2,11661612,g4/12mA/12mA,87,96,88,19
50.347,HR,149,3,13070363,g4/12mA/12mA,87,96,88,19
50.347,HR,150,0,13538763,g5/12mA/12mA,87,96,88,19
50.347,HR,150,1,13624663,g4/12mA/12mA,87,96,88,19
50.347,HR,150,2,11660633,g4/12mA/12mA,87,96,88,19
50.347,HR,150,3,13069331,g4/12mA/12mA,87,96,88,19
50.347,HR,151,0,13539291,g5/12mA/12mA,87,96,88,19
50.347,HR,151,1,13624858,g4/12mA/12mA,87,96,88,19
50.347,HR,151,2,11660787,g4/12mA/12mA,87,96,88,19
50.347,HR,151,3,13069884,g4/12mA/12mA,87,96,88,19
50.348,HR,152,0,13540887,g5/12mA/12mA,87,96,88,19
50.348,HR,152,1,13625848,g4/12mA/12mA,87,96,88,19
50.348,HR,152,2,11662092,g4/12mA/12mA,87,96,88,19
50.348,HR,152,3,13070593,g4/12mA/12mA,87,96,88,19
50.348,HR,153,0,13540111,g5/12mA/12mA,87,96,88,19
50.348,HR,153,1,13625830,g4/12mA/12mA,87,96,88,19
50.348,HR,153,2,11661792,g4/12mA/12mA,87,96,88,19
50.348,HR,153,3,13070618,g4/12mA/12mA,87,96,88,19
50.348,HR,154,0,13540570,g5/12mA/12mA,87,96,88,19
50.348,HR,154,1,13625635,g4/12mA/12mA,87,96,88,19
50.348,HR,154,2,11661792,g4/12mA/12mA,87,96,88,19
50.348,HR,154,3,13070396,g4/12mA/12mA,87,96,88,19
50.348,HR,155,0,13538728,g5/12mA/12mA,87,96,88,19
50.348,HR,155,1,13624790,g4/12mA/12mA,87,96,88,19
50.348,HR,155,2,11660734,g4/12mA/12mA,87,96,88,19
50.348,HR,155,3,13069474,g4/12mA/12mA,87,96,88,19
50.348,HR,156,0,13539896,g5/12mA/12mA,87,96,88,19
50.348,HR,156,1,13625430,g4/12mA/12mA,87,96,88,19
50.348,HR,156,2,11661384,g4/12mA/12mA,87,96,88,19
50.348,HR,156,3,13069953,g4/12mA/12mA,87,96,88,19
50.348,HR,157,0,13539727,g5/12mA/12mA,87,96,88,19
50.348,HR,157,1,13625498,g4/12mA/12mA,87,96,88,19
50.348,HR,157,2,11661375,g4/12mA/12mA,87,96,88,19
50.348,HR,157,3,13069712,g4/12mA/12mA,87,96,88,19
50.375,HR,158,0,13538062,g5/12mA/12mA,87,96,88,19
50.375,HR,158,1,13624202,g4/12mA/12mA,87,96,88,19
50.375,HR,158,2,11659754,g4/12mA/12mA,87,96,88,19
50.375,HR,158,3,13069124,g4/12mA/12mA,87,96,88,19
50.375,HR,159,0,13540142,g5/12mA/12mA,87,96,88,19
50.375,HR,159,1,13625848,g4/12mA/12mA,87,96,88,19
50.375,HR,159,2,11661767,g4/12mA/12mA,87,96,88,19
50.375,HR,159,3,13070310,g4/12mA/12mA,87,96,88,19
50.375,HR,160,0,13539309,g5/12mA/12mA,87,96,88,19
50.375,HR,160,1,13624926,g4/12mA/12mA,87,96,88,19
50.375,HR,160,2,11660753,g4/12mA/12mA,87,96,88,19
50.375,HR,160,3,13069611,g4/12mA/12mA,87,96,88,19
50.375,HR,161,0,13538923,g5/12mA/12mA,87,96,88,19
50.375,HR,161,1,13624688,g4/12mA/12mA,87,96,88,19
50.375,HR,161,2,11660753,g4/12mA/12mA,87,96,88,19
50.375,HR,161,3,13069628,g4/12mA/12mA,87,96,88,19
50.375,HR,162,0,13539333,g5/12mA/12mA,87,96,88,19
50.375,HR,162,1,13625003,g4/12mA/12mA,87,96,88,19
50.375,HR,162,2,11661043,g4/12mA/12mA,87,96,88,19
50.375,HR,162,3,13069867,g4/12mA/12mA,87,96,88,19
50.405,HR,163,0,13539837,g5/12mA/12mA,87,97,88,19
50.405,HR,163,1,13625728,g4/12mA/12mA,87,97,88,19
50.405,HR,163,2,11661623,g4/12mA/12mA,87,97,88,19
50.405,HR,163,3,13070456,g4/12mA/12mA,87,97,88,19
50.405,HR,164,0,13538481,g5/12mA/12mA,87,97,88,19
50.405,HR,164,1,13624338,g4/12mA/12mA,87,97,88,19
50.405,HR,164,2,11660650,g4/12mA/12mA,87,97,88,19
50.405,HR,164,3,13069320,g4/12mA/12mA,87,97,88,19
50.405,HR,165,0,13541305,g5/12mA/12mA,87,97,88,19
50.405,HR,165,1,13626719,g4/12mA/12mA,87,97,88,19
50.405,HR,165,2,11662467,g4/12mA/12mA,87,97,88,19
50.405,HR,165,3,13071353,g4/12mA/12mA,87,97,88,19
50.405,HR,166,0,13540025,g5/12mA/12mA,87,97,88,19
50.405,HR,166,1,13625584,g4/12mA/12mA,87,97,88,19
50.405,HR,166,2,11661502,g4/12mA/12mA,87,97,88,19
50.405,HR,166,3,13070268,g4/12mA/12mA,87,97,88,19
50.405,HR,167,0,13539717,g5/12mA/12mA,87,97,88,19
50.405,HR,167,1,13625422,g4/12mA/12mA,87,97,88,19
50.405,HR,167,2,11661289,g4/12mA/12mA,87,97,88,19
50.405,HR,167,3,13070062,g4/12mA/12mA,87,97,88,19
50.408,HRV,140,0,13540348,g5/12mA/12mA,87,97,88,19
50.408,HRV,140,1,13625498,g4/12mA/12mA,87,97,88,19
50.408,HRV,140,2,11661484,g4/12mA/12mA,87,97,88,19
50.408,HRV,140,3,13070294,g4/12mA/12mA,87,97,88,19
50.408,HRV,141,0,13539411,g5/12mA/12mA,87,97,88,19
50.408,HRV,141,1,13625031,g4/12mA/12mA,87,97,88,19
50.408,HRV,141,2,11660871,g4/12mA/12mA,87,97,88,19
50.408,HRV,141,3,13070013,g4/12mA/12mA,87,97,88,19
50.408,HRV,142,0,13539529,g5/12mA/12mA,87,97,88,19
50.408,HRV,142,1,13625524,g4/12mA/12mA,87,97,88,19
50.408,HRV,142,2,11661084,g4/12mA/12mA,87,97,88,19
50.408,HRV,142,3,13069892,g4/12mA/12mA,87,97,88,19
50.408,HRV,143,0,13539573,g5/12mA/12mA,87,97,88,19
50.408,HRV,143,1,13624911,g4/12mA/12mA,87,97,88,19
50.408,HRV,143,2,11660734,g4/12mA/12mA,87,97,88,19
50.408,HRV,143,3,13069987,g4/12mA/12mA,87,97,88,19
50.408,HRV,144,0,13539403,g5/12mA/12mA,87,97,88,19
50.408,HRV,144,1,13625141,g4/12mA/12mA,87,97,88,19
50.408,HRV,144,2,11661194,g4/12mA/12mA,87,97,88,19
50.408,HRV,144,3,13070046,g4/12mA/12mA,87,97,88,19
50.408,HRV,145,0,13539171,g5/12mA/12mA,87,97,88,19
50.408,HRV,145,1,13625038,g4/12mA/12mA,87,97,88,19
50.408,HRV,145,2,11660863,g4/12mA/12mA,87,97,88,19
50.408,HRV,145,3,13069474,g4/12mA/12mA,87,97,88,19
50.435,HRV,146,0,13541090,g5/12mA/12mA,87,97,88,19
50.435,HRV,146,1,13625891,g4/12mA/12mA,87,97,88,19
50.435,HRV,146,2,11661647,g4/12mA/12mA,87,97,88,19
50.435,HRV,146,3,13070780,g4/12mA/12mA,87,97,88,19
50.435,HRV,147,0,13540348,g5/12mA/12mA,87,97,88,19
50.435,HRV,147,1,13625984,g4/12mA/12mA,87,97,88,19
50.435,HRV,147,2,11661921,g4/12mA/12mA,87,97,88,19
50.435,HRV,147,3,13070574,g4/12mA/12mA,87,97,88,19
50.435,HRV,148,0,13540845,g5/12mA/12mA,87,97,88,19
50.435,HRV,148,1,13626394,g4/12mA/12mA,87,97,88,19
50.435,HRV,148,2,11662006,g4/12mA/12mA,87,97,88,19
50.435,HRV,148,3,13071044,g4/12mA/12mA,87,97,88,19
50.435,HRV,149,0,13540809,g5/12mA/12mA,87,97,88,19
50.435,HRV,149,1,13625814,g4/12mA/12mA,87,97,88,19
50.435,HRV,149,2,11661612,g4/12mA/12mA,87,97,88,19
50.435,HRV,149,3,13070363,g4/12mA/12mA,87,97,88,19
50.435,HRV,150,0,13538763,g5/12mA/12mA,87,97,88,19
50.436,HRV,150,1,13624663,g4/12mA/12mA,87,97,88,19
50.436,HRV,150,2,11660633,g4/12mA/12mA,87,97,88,19
50.436,HRV,150,3,13069331,g4/12mA/12mA,87,97,88,19
50.436,HRV,151,0,13539291,g5/12mA/12mA,87,97,88,19
50.436,HRV,151,1,13624858,g4/12mA/12mA,87,97,88,19
50.436,HRV,151,2,11660787,g4/12mA/12mA,87,97,88,19
50.436,HRV,151,3,13069884,g4/12mA/12mA,87,97,88,19
50.466,HRV,158,0,13537626,g5/12mA/12mA,87,97,88,19
50.466,HRV,158,1,13623562,g4/12mA/12mA,87,97,88,19
50.466,HRV,158,2,11659166,g4/12mA/12mA,87,97,88,19
50.466,HRV,158,3,13069296,g4/12mA/12mA,87,97,88,19
50.466,HRV,159,0,13539706,g5/12mA/12mA,87,97,88,19
50.466,HRV,159,1,13625208,g4/12mA/12mA,87,97,88,19
50.466,HRV,159,2,11661179,g4/12mA/12mA,87,97,88,19
50.466,HRV,159,3,13070482,g4/12mA/12mA,87,97,88,19
50.466,HRV,160,0,13538873,g5/12mA/12mA,87,97,88,19
50.466,HRV,160,1,13624286,g4/12mA/12mA,87,97,88,19
50.466,HRV,160,2,11660165,g4/12mA/12mA,87,97,88,19
50.466,HRV,160,3,13069783,g4/12mA/12mA,87,97,88,19
50.466,HRV,161,0,13538487,g5/12mA/12mA,87,97,88,19
50.466,HRV,161,1,13624048,g4/12mA/12mA,87,97,88,19
50.466,HRV,161,2,11660165,g4/12mA/12mA,87,97,88,19
50.466,HRV,161,3,13069800,g4/12mA/12mA,87,97,88,19
50.466,HRV,162,0,13538897,g5/12mA/12mA,87,97,88,19
50.466,HRV,162,1,13624363,g4/12mA/12mA,87,97,88,19
50.466,HRV,162,2,11660455,g4/12mA/12mA,87,97,88,19
50.466,HRV,162,3,13070039,g4/12mA/12mA,87,97,88,19
50.496,SPO2,140,0,13016413,g1/73mA/0mA,87,97,88,19
50.496,SPO2,140,1,13268859,g1/36mA/0mA,87,97,88,19
50.496,SPO2,141,0,13015641,g1/73mA/0mA,87,97,88,19
50.496,SPO2,141,1,13268808,g1/36mA/0mA,87,97,88,19
50.496,SPO2,142,0,13015881,g1/73mA/0mA,87,97,88,19
50.496,SPO2,142,1,13268911,g1/36mA/0mA,87,97,88,19
50.496,SPO2,143,0,13015474,g1/73mA/0mA,87,97,88,19
50.496,SPO2,143,1,13268466,g1/36mA/0mA,87,97,88,19
50.496,SPO2,144,0,13015552,g1/73mA/0mA,87,97,88,19
50.496,SPO2,144,1,13268644,g1/36mA/0mA,87,97,88,19
50.496,SPO2,145,0,13015592,g1/73mA/0mA,87,97,88,19
50.496,SPO2,145,1,13268666,g1/36mA/0mA,87,97,88,19
50.497,SPO2,146,0,13017319,g1/73mA/0mA,87,97,88,19
50.497,SPO2,146,1,13269950,g1/36mA/0mA,87,97,88,19
50.527,SPO2,147,0,13016719,g1/73mA/0mA,87,97,88,19
50.527,SPO2,147,1,13269520,g1/36mA/0mA,87,97,88,19
50.527,SPO2,148,0,13016868,g1/73mA/0mA,87,97,88,19
50.527,SPO2,148,1,13269133,g1/36mA/0mA,87,97,88,19
50.527,SPO2,149,0,13016437,g1/73mA/0mA,87,97,88,19
50.527,SPO2,149,1,13268889,g1/36mA/0mA,87,97,88,19
50.527,SPO2,150,0,13014653,g1/73mA/0mA,87,97,88,19
50.527,SPO2,150,1,13267997,g1/36mA/0mA,87,97,88,19
50.527,SPO2,151,0,13015561,g1/73mA/0mA,87,97,88,19
50.527,SPO2,151,1,13268754,g1/36mA/0mA,87,97,88,19
50.527,SPO2,152,0,13017002,g1/73mA/0mA,87,97,88,19
50.527,SPO2,152,1,13269559,g1/36mA/0mA,87,97,88,19
50.527,SPO2,153,0,13016487,g1/73mA/0mA,87,97,88,19
50.527,SPO2,153,1,13269112,g1/36mA/0mA,87,97,88,19
50.527,SPO2,154,0,13016230,g1/73mA/0mA,87,97,88,19
50.527,SPO2,154,1,13268666,g1/36mA/0mA,87,97,88,19
50.527,SPO2,162,0,13016745,g1/73mA/0mA,87,97,88,19
50.527,SPO2,162,1,13268963,g1/36mA/0mA,87,97,88,19
50.527,SPO2,163,0,13017374,g1/73mA/0mA,87,97,87,20
50.527,SPO2,163,1,13269282,g1/36mA/0mA,87,97,87,20
50.527,SPO2,164,0,13016065,g1/73mA/0mA,87,97,87,20
50.527,SPO2,164,1,13268522,g1/36mA/0mA,87,97,87,20
50.527,SPO2,165,0,13018353,g1/73mA/0mA,87,97,87,20
50.527,SPO2,165,1,13269901,g1/36mA/0mA,87,97,87,20
50.527,SPO2,166,0,13017107,g1/73mA/0mA,87,97,87,20
50.527,SPO2,166,1,13269106,g1/36mA/0mA,87,97,87,20
50.527,SPO2,167,0,13017271,g1/73mA/0mA,87,97,87,20
50.527,SPO2,167,1,13269447,g1/36mA/0mA,87,97,87,20
50.558,HR,174,0,13538694,g5/12mA/12mA,87,97,87,20
50.558,HR,174,1,13625028,g4/12mA/12mA,87,97,87,20
50.558,HR,174,2,11660880,g4/12mA/12mA,87,97,87,20
50.558,HR,174,3,13069919,g4/12mA/12mA,87,97,87,20
50.558,HR,175,0,13540101,g5/12mA/12mA,87,97,87,20
50.558,HR,175,1,13625687,g4/12mA/12mA,87,97,87,20
50.558,HR,175,2,11661366,g4/12mA/12mA,87,97,87,20
50.558,HR,175,3,13070028,g4/12mA/12mA,87,97,87,20
50.558,HR,176,0,13540545,g5/12mA/12mA,87,97,87,20
50.558,HR,176,1,13626044,g4/12mA/12mA,87,97,87,20
50.558,HR,176,2,11661835,g4/12mA/12mA,87,97,87,20
50.558,HR,176,3,13070815,g4/12mA/12mA,87,97,87,20
50.559,HR,177,0,13540596,g5/12mA/12mA,87,97,87,20
50.559,HR,177,1,13626027,g4/12mA/12mA,87,97,87,20
50.559,HR,177,2,11661716,g4/12mA/12mA,87,97,87,20
50.559,HR,177,3,13070702,g4/12mA/12mA,87,97,87,20
50.559,HR,178,0,13538736,g5/12mA/12mA,87,97,87,20
50.559,HR,178,1,13624809,g4/12mA/12mA,87,97,87,20
50.559,HR,178,2,11660598,g4/12mA/12mA,87,97,87,20
50.559,HR,178,3,13069474,g4/12mA/12mA,87,97,87,20
50.559,HR,179,0,13537362,g5/12mA/12mA,87,97,87,20
50.559,HR,179,1,13623706,g4/12mA/12mA,87,97,87,20
50.559,HR,179,2,11659728,g4/12mA/12mA,87,97,87,20
50.559,HR,179,3,13068528,g4/12mA/12mA,87,97,87,20
50.586,HRV,174,0,13538694,g5/12mA/12mA,87,97,87,20
50.586,HRV,174,1,13625028,g4/12mA/12mA,87,97,87,20
50.586,HRV,174,2,11660880,g4/12mA/12mA,87,97,87,20
50.586,HRV,174,3,13069919,g4/12mA/12mA,87,97,87,20
50.586,HRV,175,0,13540101,g5/12mA/12mA,87,97,87,20
50.586,HRV,175,1,13625687,g4/12mA/12mA,87,97,87,20
50.586,HRV,175,2,11661366,g4/12mA/12mA,87,97,87,20
50.586,HRV,175,3,13070028,g4/12mA/12mA,87,97,87,20
50.586,HRV,176,0,13540545,g5/12mA/12mA,87,97,87,20
50.586,HRV,176,1,13626044,g4/12mA/12mA,87,97,87,20
50.586,HRV,176,2,11661835,g4/12mA/12mA,87,97,87,20
50.586,HRV,176,3,13070815,g4/12mA/12mA,87,97,87,20
50.586,HRV,177,0,13540596,g5/12mA/12mA,87,97,87,20
50.586,HRV,177,1,13626027,g4/12mA/12mA,87,97,87,20
50.586,HRV,177,2,11661716,g4/12mA/12mA,87,97,87,20
50.586,HRV,177,3,13070702,g4/12mA/12mA,87,97,87,20
50.586,HRV,178,0,13538736,g5/12mA/12mA,87,97,87,20
50.586,HRV,178,1,13624809,g4/12mA/12mA,87,97,87,20
50.586,HRV,178,2,11660598,g4/12mA/12mA,87,97,87,20
50.586,HRV,178,3,13069474,g4/12mA/12mA,87,97,87,20
50.586,HRV,179,0,13537362,g5/12mA/12mA,87,97,87,20
50.586,HRV,179,1,13623706,g4/12mA/12mA,87,97,87,20
50.586,HRV,179,2,11659728,g4/12mA/12mA,87,97,87,20
50.586,HRV,179,3,13068528,g4/12mA/12mA,87,97,87,20
50.589,SPO2,173,0,13015071,g1/73mA/0mA,87,97,87,20
50.589,SPO2,173,1,13267799,g1/36mA/0mA,87,97,87,20
50.589,SPO2,174,0,13015119,g1/73mA/0mA,87,97,87,20
50.589,SPO2,174,1,13268506,g1/36mA/0mA,87,97,87,20
50.589,SPO2,175,0,13016547,g1/73mA/0mA,87,97,87,20
50.589,SPO2,175,1,13269515,g1/36mA/0mA,87,97,87,20
50.589,SPO2,176,0,13016974,g1/73mA/0mA,87,97,87,20
50.589,SPO2,176,1,13269481,g1/36mA/0mA,87,97,87,20
50.589,SPO2,177,0,13016779,g1/73mA/0mA,87,97,87,20
50.589,SPO2,177,1,13269179,g1/36mA/0mA,87,97,87,20
50.589,SPO2,178,0,13014878,g1/73mA/0mA,87,97,87,20
50.589,SPO2,178,1,13268177,g1/36mA/0mA,87,97,87,20
50.589,SPO2,179,0,13013595,g1/73mA/0mA,87,97,87,20
50.589,SPO2,179,1,13267437,g1/36mA/0mA,87,97,87,20
50.612,SPO2,180,0,13015711,g1/73mA/0mA,87,97,87,20
50.612,SPO2,180,1,13269204,g1/36mA/0mA,87,97,87,20
50.612,SPO2,181,0,13016478,g1/73mA/0mA,87,97,87,20
50.612,SPO2,181,1,13269465,g1/36mA/0mA,87,97,87,20
50.612,SPO2,182,0,13016189,g1/73mA/0mA,87,97,87,20
50.613,SPO2,182,1,13269015,g1/36mA/0mA,87,97,87,20
50.613,SPO2,183,0,13017108,g1/73mA/0mA,87,97,87,20
50.613,SPO2,183,1,13269675,g1/36mA/0mA,87,97,87,20
52.446,HR,184,0,13539735,g5/12mA/12mA,87,97,87,20
52.446,HR,184,1,13625295,g4/12mA/12mA,87,97,87,20
52.446,HR,184,2,11661084,g4/12mA/12mA,87,97,87,20
52.446,HR,184,3,13069806,g4/12mA/12mA,87,97,87,20
52.446,HR,185,0,13540416,g5/12mA/12mA,87,97,87,20
52.446,HR,185,1,13625449,g4/12mA/12mA,87,97,87,20
52.446,HR,185,2,11661596,g4/12mA/12mA,87,97,87,20
52.446,HR,185,3,13070198,g4/12mA/12mA,87,97,87,20
52.446,HR,186,0,13538847,g5/12mA/12mA,87,97,87,20
52.446,HR,186,1,13624577,g4/12mA/12mA,87,97,87,20
52.446,HR,186,2,11660624,g4/12mA/12mA,87,97,87,20
52.446,HR,186,3,13069595,g4/12mA/12mA,87,97,87,20
52.446,HR,187,0,13539758,g5/12mA/12mA,87,97,87,20
52.446,HR,187,1,13625575,g4/12mA/12mA,87,97,87,20
52.446,HR,187,2,11661392,g4/12mA/12mA,87,97,87,20
52.446,HR,187,3,13070088,g4/12mA/12mA,87,97,87,20
52.446,HR,188,0,13539487,g5/12mA/12mA,87,96,87,20
52.446,HR,188,1,13625286,g4/12mA/12mA,87,96,87,20
52.446,HR,188,2,11661307,g4/12mA/12mA,87,96,87,20
52.446,HR,188,3,13069968,g4/12mA/12mA,87,96,87,20
52.473,HR,189,0,13539538,g5/12mA/12mA,87,96,87,20
52.473,HR,189,1,13625098,g4/12mA/12mA,87,96,87,20
52.473,HR,189,2,11661137,g4/12mA/12mA,87,96,87,20
52.473,HR,189,3,13069902,g4/12mA/12mA,87,96,87,20
52.473,HR,190,0,13540792,g5/12mA/12mA,87,96,87,20
52.473,HR,190,1,13625728,g4/12mA/12mA,87,96,87,20
52.473,HR,190,2,11661589,g4/12mA/12mA,87,96,87,20
52.473,HR,190,3,13070310,g4/12mA/12mA,87,96,87,20
52.473,HR,191,0,13540792,g5/12mA/12mA,87,96,87,20
52.473,HR,191,1,13626266,g4/12mA/12mA,87,96,87,20
52.473,HR,191,2,11661894,g4/12mA/12mA,87,96,87,20
52.473,HR,191,3,13070805,g4/12mA/12mA,87,96,87,20
52.473,HR,192,0,13539648,g5/12mA/12mA,87,96,87,20
52.473,HR,192,1,13625755,g4/12mA/12mA,87,96,87,20
52.473,HR,192,2,11661547,g4/12mA/12mA,87,96,87,20
52.473,HR,192,3,13070354,g4/12mA/12mA,87,96,87,20
52.473,HR,193,0,13540101,g5/12mA/12mA,87,96,87,20
52.473,HR,193,1,13625498,g4/12mA/12mA,87,96,87,20
52.473,HR,193,2,11661521,g4/12mA/12mA,87,96,87,20
52.473,HR,193,3,13070242,g4/12mA/12mA,87,96,87,20
52.473,HR,194,0,13540563,g5/12mA/12mA,87,96,87,20
52.473,HR,194,1,13625841,g4/12mA/12mA,87,96,87,20
52.473,HR,194,2,11661801,g4/12mA/12mA,87,96,87,20
52.473,HR,194,3,13070704,g4/12mA/12mA,87,96,87,20
52.506,HR,195,0,13539069,g5/12mA/12mA,87,96,87,20
52.506,HR,195,1,13624595,g4/12mA/12mA,87,96,87,20
52.506,HR,195,2,11660787,g4/12mA/12mA,87,96,87,20
52.506,HR,195,3,13069577,g4/12mA/12mA,87,96,87,20
52.506,HR,196,0,13538624,g5/12mA/12mA,87,96,87,20
52.506,HR,196,1,13624757,g4/12mA/12mA,87,96,87,20
52.506,HR,196,2,11660667,g4/12mA/12mA,87,96,87,20
52.506,HR,196,3,13069449,g4/12mA/12mA,87,96,87,20
52.506,HR,197,0,13539162,g5/12mA/12mA,87,96,87,20
52.506,HR,197,1,13624987,g4/12mA/12mA,87,96,87,20
52.506,HR,197,2,11661129,g4/12mA/12mA,87,96,87,20
52.506,HR,197,3,13069926,g4/12mA/12mA,87,96,87,20
52.506,HR,198,0,13539735,g5/12mA/12mA,87,96,87,20
52.506,HR,198,1,13625533,g4/12mA/12mA,87,96,87,20
52.506,HR,198,2,11661118,g4/12mA/12mA,87,96,87,20
52.506,HR,198,3,13070225,g4/12mA/12mA,87,96,87,20
52.506,HR,199,0,13540074,g5/12mA/12mA,87,96,87,20
52.506,HR,199,1,13625738,g4/12mA/12mA,87,96,87,20
52.506,HR,199,2,11661612,g4/12mA/12mA,87,96,87,20
52.506,HR,199,3,13070327,g4/12mA/12mA,87,96,87,20
52.506,HR,200,0,13539931,g5/12mA/12mA,87,96,87,20
52.506,HR,200,1,13625661,g4/12mA/12mA,87,96,87,20
52.506,HR,200,2,11661332,g4/12mA/12mA,87,96,87,20
52.506,HR,200,3,13070217,g4/12mA/12mA,87,96,87,20
52.533,HR,201,0,13539837,g5/12mA/12mA,87,96,87,20
52.534,HR,201,1,13625652,g4/12mA/12mA,87,96,87,20
52.534,HR,201,2,11661348,g4/12mA/12mA,87,96,87,20
52.534,HR,201,3,13070174,g4/12mA/12mA,87,96,87,20
52.534,HR,202,0,13541927,g5/12mA/12mA,87,96,87,20
52.534,HR,202,1,13626966,g4/12mA/12mA,87,96,87,20
52.534,HR,202,2,11662621,g4/12mA/12mA,87,96,87,20
52.534,HR,202,3,13071027,g4/12mA/12mA,87,96,87,20
52.534,HR,203,0,13538745,g5/12mA/12mA,87,96,87,20
52.534,HR,203,1,13625046,g4/12mA/12mA,87,96,87,20
52.534,HR,203,2,11660836,g4/12mA/12mA,87,96,87,20
52.534,HR,203,3,13069636,g4/12mA/12mA,87,96,87,20
52.534,HR,204,0,13540348,g5/12mA/12mA,87,96,87,20
52.534,HR,204,1,13626190,g4/12mA/12mA,87,96,87,20
52.534,HR,204,2,11661510,g4/12mA/12mA,87,96,87,20
52.534,HR,204,3,13070499,g4/12mA/12mA,87,96,87,20
52.534,HR,205,0,13540153,g5/12mA/12mA,87,96,87,20
52.534,HR,205,1,13625694,g4/12mA/12mA,87,96,87,20
52.534,HR,205,2,11661390,g4/12mA/12mA,87,96,87,20
52.534,HR,205,3,13070499,g4/12mA/12mA,87,96,87,20
52.534,HR,206,0,13540910,g5/12mA/12mA,87,96,87,20
52.534,HR,206,1,13625977,g4/12mA/12mA,87,96,87,20
52.534,HR,206,2,11661852,g4/12mA/12mA,87,96,87,20
52.534,HR,206,3,13070634,g4/12mA/12mA,87,96,87,20
52.561,HR,207,0,13540680,g5/12mA/12mA,87,96,87,20
52.561,HR,207,1,13626282,g4/12mA/12mA,87,96,87,20
52.561,HR,207,2,11662075,g4/12mA/12mA,87,96,87,20
52.561,HR,207,3,13070702,g4/12mA/12mA,87,96,87,20
52.561,HR,208,0,13539001,g5/12mA/12mA,87,96,87,20
52.561,HR,208,1,13624509,g4/12mA/12mA,87,96,87,20
52.561,HR,208,2,11660769,g4/12mA/12mA,87,96,87,20
52.561,HR,208,3,13069738,g4/12mA/12mA,87,96,87,20
52.561,HR,209,0,13538301,g5/12mA/12mA,87,96,87,20
52.561,HR,209,1,13624287,g4/12mA/12mA,87,96,87,20
52.561,HR,209,2,11660403,g4/12mA/12mA,87,96,87,20
52.561,HR,209,3,13069200,g4/12mA/12mA,87,96,87,20
52.561,HR,210,0,13539317,g5/12mA/12mA,87,96,87,20
52.561,HR,210,1,13625337,g4/12mA/12mA,87,96,87,20
52.561,HR,210,2,11661137,g4/12mA/12mA,87,96,87,20
52.561,HR,210,3,13070039,g4/12mA/12mA,87,96,87,20
52.561,HR,211,0,13538923,g5/12mA/12mA,87,96,87,20
52.561,HR,211,1,13624893,g4/12mA/12mA,87,96,87,20
52.561,HR,211,2,11661043,g4/12mA/12mA,87,96,87,20
52.561,HR,211,3,13069517,g4/12mA/12mA,87,96,87,20
52.561,HR,212,0,13538693,g5/12mA/12mA,87,96,87,20
52.561,HR,212,1,13624901,g4/12mA/12mA,87,96,87,20
52.561,HR,212,2,11660803,g4/12mA/12mA,87,96,87,20
52.561,HR,212,3,13069595,g4/12mA/12mA,87,96,87,20
52.625,HR,213,0,13539027,g5/12mA/12mA,86,97,87,20
52.625,HR,213,1,13624978,g4/12mA/12mA,86,97,87,20
52.625,HR,213,2,11661009,g4/12mA/12mA,86,97,87,20
52.625,HR,213,3,13069875,g4/12mA/12mA,86,97,87,20
52.625,HR,214,0,13539273,g5/12mA/12mA,86,97,87,20
52.625,HR,214,1,13625422,g4/12mA/12mA,86,97,87,20
52.625,HR,214,2,11661383,g4/12mA/12mA,86,97,87,20
52.625,HR,214,3,13070088,g4/12mA/12mA,86,97,87,20
52.625,HR,215,0,13540851,g5/12mA/12mA,86,97,87,20
52.625,HR,215,1,13626275,g4/12mA/12mA,86,97,87,20
52.625,HR,215,2,11662100,g4/12mA/12mA,86,97,87,20
52.626,HR,215,3,13070822,g4/12mA/12mA,86,97,87,20
52.626,HR,216,0,13540869,g5/12mA/12mA,86,97,87,20
52.626,HR,216,1,13626189,g4/12mA/12mA,86,97,87,20
52.626,HR,216,2,11661988,g4/12mA/12mA,86,97,87,20
52.626,HR,216,3,13070805,g4/12mA/12mA,86,97,87,20
52.626,HR,217,0,13539957,g5/12mA/12mA,86,97,87,20
52.626,HR,217,1,13625344,g4/12mA/12mA,86,97,87,20
52.626,HR,217,2,11661358,g4/12mA/12mA,86,97,87,20
52.626,HR,217,3,13070156,g4/12mA/12mA,86,97,87,20
52.627,HRV,193,0,13540101,g5/12mA/12mA,86,97,87,20
52.627,HRV,193,1,13625498,g4/12mA/12mA,86,97,87,20
52.627,HRV,193,2,11661521,g4/12mA/12mA,86,97,87,20
52.627,HRV,193,3,13070242,g4/12mA/12mA,86,97,87,20
52.627,HRV,194,0,13540563,g5/12mA/12mA,86,97,87,20
52.627,HRV,194,1,13625841,g4/12mA/12mA,86,97,87,20
52.627,HRV,194,2,11661801,g4/12mA/12mA,86,97,87,20
52.627,HRV,194,3,13070704,g4/12mA/12mA,86,97,87,20
52.627,HRV,195,0,13539069,g5/12mA/12mA,86,97,87,20
52.627,HRV,195,1,13624595,g4/12mA/12mA,86,97,87,20
52.627,HRV,195,2,11660787,g4/12mA/12mA,86,97,87,20
52.627,HRV,195,3,13069577,g4/12mA/12mA,86,97,87,20
52.627,HRV,196,0,13538624,g5/12mA/12mA,86,97,87,20
52.627,HRV,196,1,13624757,g4/12mA/12mA,86,97,87,20
52.627,HRV,196,2,11660667,g4/12mA/12mA,86,97,87,20
52.627,HRV,196,3,13069449,g4/12mA/12mA,86,97,87,20
52.627,HRV,197,0,13539162,g5/12mA/12mA,86,97,87,20
52.627,HRV,197,1,13624987,g4/12mA/12mA,86,97,87,20
52.627,HRV,197,2,11661129,g4/12mA/12mA,86,97,87,20
52.627,HRV,197,3,13069926,g4/12mA/12mA,86,97,87,20
52.627,HRV,198,0,13539735,g5/12mA/12mA,86,97,87,20
52.627,HRV,198,1,13625533,g4/12mA/12mA,86,97,87,20
52.627,HRV,198,2,11661118,g4/12mA/12mA,86,97,87,20
52.627,HRV,198,3,13070225,g4/12mA/12mA,86,97,87,20
52.655,HRV,205,0,13540153,g5/12mA/12mA,86,97,87,20
52.655,HRV,205,1,13625694,g4/12mA/12mA,86,97,87,20
52.655,HRV,205,2,11661390,g4/12mA/12mA,86,97,87,20
52.655,HRV,205,3,13070499,g4/12mA/12mA,86,97,87,20
52.655,HRV,206,0,13540910,g5/12mA/12mA,86,97,87,20
52.655,HRV,206,1,13625977,g4/12mA/12mA,86,97,87,20
52.655,HRV,206,2,11661852,g4/12mA/12mA,86,97,87,20
52.655,HRV,206,3,13070634,g4/12mA/12mA,86,97,87,20
52.655,HRV,207,0,13540680,g5/12mA/12mA,86,97,87,20
52.655,HRV,207,1,13626282,g4/12mA/12mA,86,97,87,20
52.655,HRV,207,2,11662075,g4/12mA/12mA,86,97,87,20
52.655,HRV,207,3,13070702,g4/12mA/12mA,86,97,87,20
52.655,HRV,208,0,13539001,g5/12mA/12mA,86,97,87,20
52.655,HRV,208,1,13624509,g4/12mA/12mA,86,97,87,20
52.655,HRV,208,2,11660769,g4/12mA/12mA,86,97,87,20
52.655,HRV,208,3,13069738,g4/12mA/12mA,86,97,87,20
52.655,HRV,209,0,13538301,g5/12mA/12mA,86,97,87,20
52.655,HRV,209,1,13624287,g4/12mA/12mA,86,97,87,20
52.655,HRV,209,2,11660403,g4/12mA/12mA,86,97,87,20
52.655,HRV,209,3,13069200,g4/12mA/12mA,86,97,87,20
52.655,HRV,210,0,13539317,g5/12mA/12mA,86,97,87,20
52.655,HRV,210,1,13625337,g4/12mA/12mA,86,97,87,20
52.655,HRV,210,2,11661137,g4/12mA/12mA,86,97,87,20
52.655,HRV,210,3,13070039,g4/12mA/12mA,86,97,87,20
52.656,HRV,216,0,13540869,g5/12mA/12mA,86,97,87,20
52.656,HRV,216,1,13626189,g4/12mA/12mA,86,97,87,20
52.656,HRV,216,2,11661988,g4/12mA/12mA,86,97,87,20
52.656,HRV,216,3,13070805,g4/12mA/12mA,86,97,87,20
52.656,HRV,217,0,13539957,g5/12mA/12mA,86,97,87,20
52.656,HRV,217,1,13625344,g4/12mA/12mA,86,97,87,20
52.656,HRV,217,2,11661358,g4/12mA/12mA,86,97,87,20
52.656,HRV,217,3,13070156,g4/12mA/12mA,86,97,87,20
52.688,SPO2,190,0,13018081,g1/73mA/0mA,86,97,87,20
52.688,SPO2,190,1,13270374,g1/36mA/0mA,86,97,87,20
52.688,SPO2,191,0,13018574,g1/73mA/0mA,86,97,87,20
52.688,SPO2,191,1,13270766,g1/36mA/0mA,86,97,87,20
52.688,SPO2,192,0,13017826,g1/73mA/0mA,86,97,87,20
52.688,SPO2,192,1,13270196,g1/36mA/0mA,86,97,87,20
52.688,SPO2,193,0,13017468,g1/73mA/0mA,86,97,87,20
52.688,SPO2,193,1,13269756,g1/36mA/0mA,86,97,87,20
52.688,SPO2,194,0,13018123,g1/73mA/0mA,86,97,87,20
52.688,SPO2,194,1,13270097,g1/36mA/0mA,86,97,87,20
52.688,SPO2,195,0,13016340,g1/73mA/0mA,86,97,87,20
52.688,SPO2,195,1,13268953,g1/36mA/0mA,86,97,87,20
52.688,SPO2,196,0,13016815,g1/73mA/0mA,86,97,87,20
52.688,SPO2,196,1,13269775,g1/36mA/0mA,86,97,87,20
52.688,SPO2,197,0,13017329,g1/73mA/0mA,86,97,87,20
52.688,SPO2,197,1,13270306,g1/36mA/0mA,86,97,87,20
52.712,SPO2,198,0,13016091,g1/73mA/0mA,86,97,87,20
52.712,SPO2,198,1,13269232,g1/36mA/0mA,86,97,87,20
52.712,SPO2,199,0,13016069,g1/73mA/0mA,86,97,87,20
52.712,SPO2,199,1,13268766,g1/36mA/0mA,86,97,87,20
52.712,SPO2,200,0,13016004,g1/73mA/0mA,86,97,87,20
52.712,SPO2,200,1,13269304,g1/36mA/0mA,86,97,87,20
52.712,SPO2,201,0,13016224,g1/73mA/0mA,86,97,87,20
52.712,SPO2,201,1,13269175,g1/36mA/0mA,86,97,87,20
52.712,SPO2,202,0,13017799,g1/73mA/0mA,86,97,87,20
52.712,SPO2,202,1,13269950,g1/36mA/0mA,86,97,87,20
52.713,SPO2,203,0,13015243,g1/73mA/0mA,86,97,87,20
52.713,SPO2,203,1,13268611,g1/36mA/0mA,86,97,87,20
52.713,SPO2,204,0,13016531,g1/73mA/0mA,86,97,87,20
52.713,SPO2,204,1,13269256,g1/36mA/0mA,86,97,87,20
52.717,SPO2,213,0,13015665,g1/73mA/0mA,86,97,87,19
52.717,SPO2,213,1,13268911,g1/36mA/0mA,86,97,87,19
52.717,SPO2,214,0,13016253,g1/73mA/0mA,86,97,87,19
52.717,SPO2,214,1,13269230,g1/36mA/0mA,86,97,87,19
52.717,SPO2,215,0,13017128,g1/73mA/0mA,86,97,87,19
52.717,SPO2,215,1,13269461,g1/36mA/0mA,86,97,87,19
52.717,SPO2,216,0,13017902,g1/73mA/0mA,86,97,87,19
52.717,SPO2,216,1,13270596,g1/36mA/0mA,86,97,87,19
52.743,HR,218,0,13539588,g5/12mA/12mA,86,97,87,19
52.743,HR,218,1,13625251,g4/12mA/12mA,86,97,87,19
52.743,HR,218,2,11661298,g4/12mA/12mA,86,97,87,19
52.743,HR,218,3,13070363,g4/12mA/12mA,86,97,87,19
52.743,HR,219,0,13539411,g5/12mA/12mA,86,97,87,19
52.743,HR,219,1,13625397,g4/12mA/12mA,86,97,87,19
52.743,HR,219,2,11661358,g4/12mA/12mA,86,97,87,19
52.743,HR,219,3,13070115,g4/12mA/12mA,86,97,87,19
52.743,HR,220,0,13540996,g5/12mA/12mA,86,97,87,19
52.743,HR,220,1,13626146,g4/12mA/12mA,86,97,87,19
52.743,HR,220,2,11662066,g4/12mA/12mA,86,97,87,19
52.743,HR,220,3,13070805,g4/12mA/12mA,86,97,87,19
52.743,HR,221,0,13540450,g5/12mA/12mA,86,97,87,19
52.743,HR,221,1,13625762,g4/12mA/12mA,86,97,87,19
52.743,HR,221,2,11661579,g4/12mA/12mA,86,97,87,19
52.743,HR,221,3,13070310,g4/12mA/12mA,86,97,87,19
52.743,HR,222,0,13539547,g5/12mA/12mA,86,97,87,19
52.743,HR,222,1,13625242,g4/12mA/12mA,86,97,87,19
52.743,HR,222,2,11661204,g4/12mA/12mA,86,97,87,19
52.743,HR,222,3,13069971,g4/12mA/12mA,86,97,87,19
52.743,HR,223,0,13539529,g5/12mA/12mA,86,97,87,19
52.743,HR,223,1,13625013,g4/12mA/12mA,86,97,87,19
52.743,HR,223,2,11661204,g4/12mA/12mA,86,97,87,19
52.743,HR,223,3,13069919,g4/12mA/12mA,86,97,87,19
52.746,HR,230,0,13539878,g5/12mA/12mA,86,97,87,19
52.746,HR,230,1,13625875,g4/12mA/12mA,86,97,87,19
52.746,HR,230,2,11661521,g4/12mA/12mA,86,97,87,19
52.746,HR,230,3,13070039,g4/12mA/12mA,86,97,87,19
52.746,HR,231,0,13538813,g5/12mA/12mA,86,97,87,19
52.746,HR,231,1,13624953,g4/12mA/12mA,86,97,87,19
52.746,HR,231,2,11661390,g4/12mA/12mA,86,97,87,19
52.746,HR,231,3,13069790,g4/12mA/12mA,86,97,87,19
52.746,HR,232,0,13539129,g5/12mA/12mA,86,97,87,19
52.746,HR,232,1,13624790,g4/12mA/12mA,86,97,87,19
52.746,HR,232,2,11660872,g4/12mA/12mA,86,97,87,19
52.746,HR,232,3,13069842,g4/12mA/12mA,86,97,87,19
52.746,HR,233,0,13538157,g5/12mA/12mA,86,97,87,19
52.746,HR,233,1,13624255,g4/12mA/12mA,86,97,87,19
52.746,HR,233,2,11660198,g4/12mA/12mA,86,97,87,19
52.746,HR,233,3,13069109,g4/12mA/12mA,86,97,87,19
52.746,HR,234,0,13537976,g5/12mA/12mA,86,97,87,19
52.746,HR,234,1,13623903,g4/12mA/12mA,86,97,87,19
52.746,HR,234,2,11660385,g4/12mA/12mA,86,97,87,19
52.746,HR,234,3,13069430,g4/12mA/12mA,86,97,87,19
52.746,HR,235,0,13539427,g5/12mA/12mA,86,97,87,19
52.746,HR,235,1,13625020,g4/12mA/12mA,86,97,87,19
52.746,HR,235,2,11660949,g4/12mA/12mA,86,97,87,19
52.746,HR,235,3,13069621,g4/12mA/12mA,86,97,87,19
52.775,HRV,224,0,13540716,g5/12mA/12mA,86,97,87,19
52.775,HRV,224,1,13626093,g4/12mA/12mA,86,97,87,19
52.775,HRV,224,2,11661709,g4/12mA/12mA,86,97,87,19
52.775,HRV,224,3,13070600,g4/12mA/12mA,86,97,87,19
52.775,HRV,225,0,13538807,g5/12mA/12mA,86,97,87,19
52.775,HRV,225,1,13624986,g4/12mA/12mA,86,97,87,19
52.775,HRV,225,2,11660710,g4/12mA/12mA,86,97,87,19
52.775,HRV,225,3,13069437,g4/12mA/12mA,86,97,87,19
52.775,HRV,226,0,13539086,g5/12mA/12mA,86,97,87,19
52.775,HRV,226,1,13624944,g4/12mA/12mA,86,97,87,19
52.775,HRV,226,2,11660744,g4/12mA/12mA,86,97,87,19
52.775,HRV,226,3,13069643,g4/12mA/12mA,86,97,87,19
52.775,HRV,227,0,13538567,g5/12mA/12mA,86,97,87,19
52.775,HRV,227,1,13624771,g4/12mA/12mA,86,97,87,19
52.775,HRV,227,2,11660539,g4/12mA/12mA,86,97,87,19
52.775,HRV,227,3,13069659,g4/12mA/12mA,86,97,87,19
52.775,HRV,228,0,13540086,g5/12mA/12mA,86,97,87,19
52.775,HRV,228,1,13625505,g4/12mA/12mA,86,97,87,19
52.775,HRV,228,2,11661204,g4/12mA/12mA,86,97,87,19
52.775,HRV,228,3,13070079,g4/12mA/12mA,86,97,87,19
52.775,HRV,229,0,13539761,g5/12mA/12mA,86,97,87,19
52.775,HRV,229,1,13625539,g4/12mA/12mA,86,97,87,19
52.775,HRV,229,2,11661469,g4/12mA/12mA,86,97,87,19
52.775,HRV,229,3,13070205,g4/12mA/12mA,86,97,87,19
52.801,HRV,230,0,13539878,g5/12mA/12mA,86,97,87,19
52.801,HRV,230,1,13625875,g4/12mA/12mA,86,97,87,19
52.801,HRV,230,2,11661521,g4/12mA/12mA,86,97,87,19
52.801,HRV,230,3,13070039,g4/12mA/12mA,86,97,87,19
52.801,HRV,231,0,13538813,g5/12mA/12mA,86,97,87,19
52.801,HRV,231,1,13624953,g4/12mA/12mA,86,97,87,19
52.801,HRV,231,2,11661390,g4/12mA/12mA,86,97,87,19
52.801,HRV,231,3,13069790,g4/12mA/12mA,86,97,87,19
52.801,HRV,232,0,13539129,g5/12mA/12mA,86,97,87,19
52.801,HRV,232,1,13624790,g4/12mA/12mA,86,97,87,19
52.801,HRV,232,2,11660872,g4/12mA/12mA,86,97,87,19
52.801,HRV,232,3,13069842,g4/12mA/12mA,86,97,87,19
52.801,HRV,233,0,13538157,g5/12mA/12mA,86,97,87,19
52.801,HRV,233,1,13624255,g4/12mA/12mA,86,97,87,19
52.801,HRV,233,2,11660198,g4/12mA/12mA,86,97,87,19
52.801,HRV,233,3,13069109,g4/12mA/12mA,86,97,87,19
52.801,HRV,234,0,13537976,g5/12mA/12mA,86,97,87,19
52.801,HRV,234,1,13623903,g4/12mA/12mA,86,97,87,19
52.801,HRV,234,2,11660385,g4/12mA/12mA,86,97,87,19
52.801,HRV,234,3,13069430,g4/12mA/12mA,86,97,87,19
52.801,HRV,235,0,13539427,g5/12mA/12mA,86,97,87,19
52.801,HRV,235,1,13625020,g4/12mA/12mA,86,97,87,19
52.801,HRV,235,2,11660949,g4/12mA/12mA,86,97,87,19
52.801,HRV,235,3,13069621,g4/12mA/12mA,86,97,87,19
52.807,SPO2,217,0,13016220,g1/73mA/0mA,86,97,87,19
52.807,SPO2,217,1,13269321,g1/36mA/0mA,86,97,87,19
52.807,SPO2,218,0,13016334,g1/73mA/0mA,86,97,87,19
52.807,SPO2,218,1,13269482,g1/36mA/0mA,86,97,87,19
52.807,SPO2,219,0,13016309,g1/73mA/0mA,86,97,87,19
52.807,SPO2,219,1,13269499,g1/36mA/0mA,86,97,87,19
52.807,SPO2,220,0,13017558,g1/73mA/0mA,86,97,87,19
52.807,SPO2,220,1,13270201,g1/36mA/0mA,86,97,87,19
52.807,SPO2,221,0,13016550,g1/73mA/0mA,86,97,87,19
52.807,SPO2,221,1,13269184,g1/36mA/0mA,86,97,87,19
52.807,SPO2,222,0,13016104,g1/73mA/0mA,86,97,87,19
52.807,SPO2,222,1,13269375,g1/36mA/0mA,86,97,87,19
52.807,SPO2,223,0,13015600,g1/73mA/0mA,86,97,87,19
52.807,SPO2,223,1,13268656,g1/36mA/0mA,86,97,87,19
52.833,SPO2,224,0,13016007,g1/73mA/0mA,86,97,87,19
52.833,SPO2,224,1,13268751,g1/36mA/0mA,86,97,87,19
52.833,SPO2,225,0,13014613,g1/73mA/0mA,86,97,87,19
52.833,SPO2,225,1,13267810,g1/36mA/0mA,86,97,87,19
52.833,SPO2,226,0,13014921,g1/73mA/0mA,86,97,87,19
52.833,SPO2,226,1,13268194,g1/36mA/0mA,86,97,87,19
52.833,SPO2,227,0,13014675,g1/73mA/0mA,86,97,87,19
52.833,SPO2,227,1,13268158,g1/36mA/0mA,86,97,87,19
52.833,SPO2,228,0,13016223,g1/73mA/0mA,86,97,87,19
52.833,SPO2,228,1,13269363,g1/36mA/0mA,86,97,87,19
52.833,SPO2,229,0,13015637,g1/73mA/0mA,86,97,87,19
52.833,SPO2,229,1,13268628,g1/36mA/0mA,86,97,87,19
52.833,SPO2,230,0,13016345,g1/73mA/0mA,86,97,87,19
52.833,SPO2,230,1,13269082,g1/36mA/0mA,86,97,87,19
52.833,SPO2,231,0,13015617,g1/73mA/0mA,86,97,87,19
52.833,SPO2,231,1,13268651,g1/36mA/0mA,86,97,87,19
54.941,HR,237,0,13539573,g5/12mA/12mA,86,97,87,19
54.941,HR,237,1,13625190,g4/12mA/12mA,86,97,87,19
54.941,HR,237,2,11660803,g4/12mA/12mA,86,97,87,19
54.941,HR,237,3,13070046,g4/12mA/12mA,86,97,87,19
54.941,HR,238,0,13540333,g5/12mA/12mA,86,98,87,19
54.941,HR,238,1,13626020,g4/12mA/12mA,86,98,87,19
54.941,HR,238,2,11662006,g4/12mA/12mA,86,98,87,19
54.941,HR,238,3,13070431,g4/12mA/12mA,86,98,87,19
54.941,HR,239,0,13543198,g5/12mA/12mA,86,98,87,19
54.941,HR,239,1,13628077,g4/12mA/12mA,86,98,87,19
54.941,HR,239,2,11663593,g4/12mA/12mA,86,98,87,19
54.941,HR,239,3,13072050,g4/12mA/12mA,86,98,87,19
54.941,HR,240,0,13540620,g5/12mA/12mA,86,98,87,19
54.941,HR,240,1,13625619,g4/12mA/12mA,86,98,87,19
54.941,HR,240,2,11661495,g4/12mA/12mA,86,98,87,19
54.941,HR,240,3,13070396,g4/12mA/12mA,86,98,87,19
54.941,HR,241,0,13539351,g5/12mA/12mA,86,98,87,19
54.941,HR,241,1,13625344,g4/12mA/12mA,86,98,87,19
54.941,HR,241,2,11661171,g4/12mA/12mA,86,98,87,19
54.941,HR,241,3,13070115,g4/12mA/12mA,86,98,87,19
54.963,HR,242,0,13538651,g5/12mA/12mA,86,98,87,19
54.964,HR,242,1,13624722,g4/12mA/12mA,86,98,87,19
54.964,HR,242,2,11660700,g4/12mA/12mA,86,98,87,19
54.964,HR,242,3,13069433,g4/12mA/12mA,86,98,87,19
54.964,HR,243,0,13538820,g5/12mA/12mA,86,98,87,19
54.964,HR,243,1,13624782,g4/12mA/12mA,86,98,87,19
54.964,HR,243,2,11660812,g4/12mA/12mA,86,98,87,19
54.964,HR,243,3,13069296,g4/12mA/12mA,86,98,87,19
54.964,HR,244,0,13539333,g5/12mA/12mA,86,98,87,19
54.964,HR,244,1,13625038,g4/12mA/12mA,86,98,87,19
54.964,HR,244,2,11660983,g4/12mA/12mA,86,98,87,19
54.964,HR,244,3,13069765,g4/12mA/12mA,86,98,87,19
54.964,HR,245,0,13539554,g5/12mA/12mA,86,98,87,19
54.964,HR,245,1,13625397,g4/12mA/12mA,86,98,87,19
54.964,HR,245,2,11661153,g4/12mA/12mA,86,98,87,19
54.964,HR,245,3,13070183,g4/12mA/12mA,86,98,87,19
54.964,HR,246,0,13539444,g5/12mA/12mA,86,98,87,19
54.964,HR,246,1,13624969,g4/12mA/12mA,86,98,87,19
54.964,HR,246,2,11661025,g4/12mA/12mA,86,98,87,19
54.964,HR,246,3,13069892,g4/12mA/12mA,86,98,87,19
54.964,HR,247,0,13540333,g5/12mA/12mA,86,98,87,19
54.964,HR,247,1,13625509,g4/12mA/12mA,86,98,87,19
54.964,HR,247,2,11661315,g4/12mA/12mA,86,98,87,19
54.964,HR,247,3,13070115,g4/12mA/12mA,86,98,87,19
54.968,HR,248,0,13537934,g5/12mA/12mA,86,98,87,19
54.968,HR,248,1,13624380,g4/12mA/12mA,86,98,87,19
54.968,HR,248,2,11660290,g4/12mA/12mA,86,98,87,19
54.968,HR,248,3,13069107,g4/12mA/12mA,86,98,87,19
54.968,HR,249,0,13537976,g5/12mA/12mA,86,98,87,19
54.968,HR,249,1,13624312,g4/12mA/12mA,86,98,87,19
54.968,HR,249,2,11660188,g4/12mA/12mA,86,98,87,19
54.968,HR,249,3,13068955,g4/12mA/12mA,86,98,87,19
54.968,HR,250,0,13538872,g5/12mA/12mA,86,98,87,19
54.968,HR,250,1,13624749,g4/12mA/12mA,86,98,87,19
54.968,HR,250,2,11660745,g4/12mA/12mA,86,98,87,19
54.968,HR,250,3,13069595,g4/12mA/12mA,86,98,87,19
54.968,HR,251,0,13539333,g5/12mA/12mA,86,98,87,19
54.968,HR,251,1,13625031,g4/12mA/12mA,86,98,87,19
54.968,HR,251,2,11660956,g4/12mA/12mA,86,98,87,19
54.968,HR,251,3,13070013,g4/12mA/12mA,86,98,87,19
54.968,HR,252,0,13539724,g5/12mA/12mA,86,98,87,19
54.968,HR,252,1,13625303,g4/12mA/12mA,86,98,87,19
54.968,HR,252,2,11661322,g4/12mA/12mA,86,98,87,19
54.968,HR,252,3,13069884,g4/12mA/12mA,86,98,87,19
54.968,HR,253,0,13538037,g5/12mA/12mA,86,98,87,19
54.969,HR,253,1,13624433,g4/12mA/12mA,86,98,87,19
54.969,HR,253,2,11660181,g4/12mA/12mA,86,98,87,19
54.969,HR,253,3,13068887,g4/12mA/12mA,86,98,87,19
54.999,HR,254,0,13540331,g5/12mA/12mA,86,98,87,19
54.999,HR,254,1,13625635,g4/12mA/12mA,86,98,87,19
54.999,HR,254,2,11661623,g4/12mA/12mA,86,98,87,19
54.999,HR,254,3,13070183,g4/12mA/12mA,86,98,87,19
54.999,HR,255,0,13541253,g5/12mA/12mA,86,98,87,19
54.999,HR,255,1,13626292,g4/12mA/12mA,86,98,87,19
54.999,HR,255,2,11661936,g4/12mA/12mA,86,98,87,19
54.999,HR,255,3,13070780,g4/12mA/12mA,86,98,87,19
54.999,HR,0,0,13540433,g5/12mA/12mA,86,98,87,19
54.999,HR,0,1,13625875,g4/12mA/12mA,86,98,87,19
54.999,HR,0,2,11661596,g4/12mA/12mA,86,98,87,19
54.999,HR,0,3,13070242,g4/12mA/12mA,86,98,87,19
54.999,HR,1,0,13539309,g5/12mA/12mA,86,98,87,19
54.999,HR,1,1,13624817,g4/12mA/12mA,86,98,87,19
54.999,HR,1,2,11661009,g4/12mA/12mA,86,98,87,19
54.999,HR,1,3,13069994,g4/12mA/12mA,86,98,87,19
54.999,HR,2,0,13538248,g5/12mA/12mA,86,98,87,19
54.999,HR,2,1,13624425,g4/12mA/12mA,86,98,87,19
54.999,HR,2,2,11660580,g4/12mA/12mA,86,98,87,19
54.999,HR,2,3,13069415,g4/12mA/12mA,86,98,87,19
54.999,HR,3,0,13539137,g5/12mA/12mA,86,98,87,19
54.999,HR,3,1,13625141,g4/12mA/12mA,86,98,87,19
54.999,HR,3,2,11660760,g4/12mA/12mA,86,98,87,19
54.999,HR,3,3,13069757,g4/12mA/12mA,86,98,87,19
55.022,HR,4,0,13539795,g5/12mA/12mA,86,98,87,19
55.022,HR,4,1,13625635,g4/12mA/12mA,86,98,87,19
55.022,HR,4,2,11661615,g4/12mA/12mA,86,98,87,19
55.022,HR,4,3,13070328,g4/12mA/12mA,86,98,87,19
55.022,HR,5,0,13540785,g5/12mA/12mA,86,98,87,19
55.022,HR,5,1,13626309,g4/12mA/12mA,86,98,87,19
55.022,HR,5,2,11662083,g4/12mA/12mA,86,98,87,19
55.022,HR,5,3,13070506,g4/12mA/12mA,86,98,87,19
55.022,HR,6,0,13540333,g5/12mA/12mA,86,98,87,19
55.022,HR,6,1,13625712,g4/12mA/12mA,86,98,87,19
55.022,HR,6,2,11661468,g4/12mA/12mA,86,98,87,19
55.022,HR,6,3,13070149,g4/12mA/12mA,86,98,87,19
55.022,HR,7,0,13538259,g5/12mA/12mA,87,98,87,19
55.022,HR,7,1,13624425,g4/12mA/12mA,87,98,87,19
55.022,HR,7,2,11660332,g4/12mA/12mA,87,98,87,19
55.022,HR,7,3,13069433,g4/12mA/12mA,87,98,87,19
55.022,HR,8,0,13540101,g5/12mA/12mA,87,98,87,19
55.022,HR,8,1,13625960,g4/12mA/12mA,87,98,87,19
55.022,HR,8,2,11661826,g4/12mA/12mA,87,98,87,19
55.022,HR,8,3,13070431,g4/12mA/12mA,87,98,87,19
55.027,HR,9,0,13540783,g5/12mA/12mA,87,98,87,19
55.027,HR,9,1,13625925,g4/12mA/12mA,87,98,87,19
55.027,HR,9,2,11661759,g4/12mA/12mA,87,98,87,19
55.027,HR,9,3,13070533,g4/12mA/12mA,87,98,87,19
55.027,HR,10,0,13538403,g5/12mA/12mA,87,98,87,19
55.027,HR,10,1,13624474,g4/12mA/12mA,87,98,87,19
55.027,HR,10,2,11660479,g4/12mA/12mA,87,98,87,19
55.027,HR,10,3,13069388,g4/12mA/12mA,87,98,87,19
55.027,HR,11,0,13539444,g5/12mA/12mA,87,98,87,19
55.027,HR,11,1,13625412,g4/12mA/12mA,87,98,87,19
55.027,HR,11,2,11661043,g4/12mA/12mA,87,98,87,19
55.027,HR,11,3,13069757,g4/12mA/12mA,87,98,87,19
55.027,HR,12,0,13540221,g5/12mA/12mA,87,98,87,19
55.027,HR,12,1,13625694,g4/12mA/12mA,87,98,87,19
55.027,HR,12,2,11661570,g4/12mA/12mA,87,98,87,19
55.027,HR,12,3,13070506,g4/12mA/12mA,87,98,87,19
55.027,HR,13,0,13538130,g5/12mA/12mA,87,98,87,19
55.027,HR,13,1,13624373,g4/12mA/12mA,87,98,87,19
55.027,HR,13,2,11660316,g4/12mA/12mA,87,98,87,19
55.027,HR,13,3,13069226,g4/12mA/12mA,87,98,87,19
55.027,HR,14,0,13539374,g5/12mA/12mA,87,98,87,19
55.027,HR,14,1,13625268,g4/12mA/12mA,87,98,87,19
55.027,HR,14,2,11661178,g4/12mA/12mA,87,98,87,19
55.027,HR,14,3,13069909,g4/12mA/12mA,87,98,87,19
55.058,HRV,237,0,13539573,g5/12mA/12mA,87,98,87,19
55.058,HRV,237,1,13625190,g4/12mA/12mA,87,98,87,19
55.058,HRV,237,2,11660803,g4/12mA/12mA,87,98,87,19
55.058,HRV,237,3,13070046,g4/12mA/12mA,87,98,87,19
55.058,HRV,238,0,13540333,g5/12mA/12mA,87,98,87,19
55.058,HRV,238,1,13626020,g4/12mA/12mA,87,98,87,19
55.058,HRV,238,2,11662006,g4/12mA/12mA,87,98,87,19
55.058,HRV,238,3,13070431,g4/12mA/12mA,87,98,87,19
55.058,HRV,239,0,13543198,g5/12mA/12mA,87,98,87,19
55.058,HRV,239,1,13628077,g4/12mA/12mA,87,98,87,19
55.058,HRV,239,2,11663593,g4/12mA/12mA,87,98,87,19
55.058,HRV,239,3,13072050,g4/12mA/12mA,87,98,87,19
55.058,HRV,240,0,13540620,g5/12mA/12mA,87,98,87,19
55.058,HRV,240,1,13625619,g4/12mA/12mA,87,98,87,19
55.058,HRV,240,2,11661495,g4/12mA/12mA,87,98,87,19
55.058,HRV,240,3,13070396,g4/12mA/12mA,87,98,87,19
55.082,HRV,247,0,13540333,g5/12mA/12mA,87,98,87,19
55.082,HRV,247,1,13625509,g4/12mA/12mA,87,98,87,19
55.082,HRV,247,2,11661315,g4/12mA/12mA,87,98,87,19
55.082,HRV,247,3,13070115,g4/12mA/12mA,87,98,87,19
55.082,HRV,248,0,13537934,g5/12mA/12mA,87,98,87,19
55.082,HRV,248,1,13624380,g4/12mA/12mA,87,98,87,19
55.082,HRV,248,2,11660290,g4/12mA/12mA,87,98,87,19
55.082,HRV,248,3,13069107,g4/12mA/12mA,87,98,87,19
55.082,HRV,249,0,13537976,g5/12mA/12mA,87,98,87,19
55.082,HRV,249,1,13624312,g4/12mA/12mA,87,98,87,19
55.082,HRV,249,2,11660188,g4/12mA/12mA,87,98,87,19
55.082,HRV,249,3,13068955,g4/12mA/12mA,87,98,87,19
55.082,HRV,250,0,13538872,g5/12mA/12mA,87,98,87,19
55.082,HRV,250,1,13624749,g4/12mA/12mA,87,98,87,19
55.082,HRV,250,2,11660745,g4/12mA/12mA,87,98,87,19
55.082,HRV,250,3,13069595,g4/12mA/12mA,87,98,87,19
55.082,HRV,251,0,13539333,g5/12mA/12mA,87,98,87,19
55.082,HRV,251,1,13625031,g4/12mA/12mA,87,98,87,19
55.082,HRV,251,2,11660956,g4/12mA/12mA,87,98,87,19
55.082,HRV,251,3,13070013,g4/12mA/12mA,87,98,87,19
55.082,HRV,252,0,13539724,g5/12mA/12mA,87,98,87,19
55.082,HRV,252,1,13625303,g4/12mA/12mA,87,98,87,19
55.082,HRV,252,2,11661322,g4/12mA/12mA,87,98,87,19
55.082,HRV,252,3,13069884,g4/12mA/12mA,87,98,87,19
55.087,HRV,8,0,13541566,g5/12mA/12mA,87,98,87,19
55.087,HRV,8,1,13626838,g4/12mA/12mA,87,98,87,19
55.087,HRV,8,2,11662816,g4/12mA/12mA,87,98,87,19
55.087,HRV,8,3,13070882,g4/12mA/12mA,87,98,87,19
55.087,HRV,9,0,13542248,g5/12mA/12mA,87,98,87,19
55.087,HRV,9,1,13626803,g4/12mA/12mA,87,98,87,19
55.087,HRV,9,2,11662749,g4/12mA/12mA,87,98,87,19
55.087,HRV,9,3,13070984,g4/12mA/12mA,87,98,87,19
55.087,HRV,10,0,13539868,g5/12mA/12mA,87,98,87,19
55.087,HRV,10,1,13625352,g4/12mA/12mA,87,98,87,19
55.087,HRV,10,2,11661469,g4/12mA/12mA,87,98,87,19
55.087,HRV,10,3,13069839,g4/12mA/12mA,87,98,87,19
55.087,HRV,11,0,13540909,g5/12mA/12mA,87,98,87,19
55.087,HRV,11,1,13626290,g4/12mA/12mA,87,98,87,19
55.087,HRV,11,2,11662033,g4/12mA/12mA,87,98,87,19
55.087,HRV,11,3,13070208,g4/12mA/12mA,87,98,87,19
55.087,HRV,12,0,13541686,g5/12mA/12mA,87,98,87,19
55.087,HRV,12,1,13626572,g4/12mA/12mA,87,98,87,19
55.087,HRV,12,2,11662560,g4/12mA/12mA,87,98,87,19
55.087,HRV,12,3,13070957,g4/12mA/12mA,87,98,87,19
55.087,HRV,13,0,13539595,g5/12mA/12mA,87,98,87,19
55.087,HRV,13,1,13625251,g4/12mA/12mA,87,98,87,19
55.087,HRV,13,2,11661306,g4/12mA/12mA,87,98,87,19
55.087,HRV,13,3,13069677,g4/12mA/12mA,87,98,87,19
55.087,HRV,14,0,13539374,g5/12mA/12mA,87,98,87,19
55.087,HRV,14,1,13625268,g4/12mA/12mA,87,98,87,19
55.087,HRV,14,2,11661178,g4/12mA/12mA,87,98,87,19
55.087,HRV,14,3,13069909,g4/12mA/12mA,87,98,87,19
55.148,SPO2,243,0,13015646,g1/73mA/0mA,87,98,87,19
55.148,SPO2,243,1,13268715,g1/36mA/0mA,87,98,87,19
55.148,SPO2,244,0,13016200,g1/73mA/0mA,87,98,87,19
55.148,SPO2,244,1,13269181,g1/36mA/0mA,87,98,87,19
55.148,SPO2,245,0,13016493,g1/73mA/0mA,87,98,87,19
55.148,SPO2,245,1,13269358,g1/36mA/0mA,87,98,87,19
55.148,SPO2,246,0,13015908,g1/73mA/0mA,87,98,87,19
55.148,SPO2,246,1,13268616,g1/36mA/0mA,87,98,87,19
55.148,SPO2,247,0,13016041,g1/73mA/0mA,87,98,87,19
55.148,SPO2,247,1,13268715,g1/36mA/0mA,87,98,87,19
55.148,SPO2,248,0,13014747,g1/73mA/0mA,87,98,87,19
55.148,SPO2,248,1,13267957,g1/36mA/0mA,87,98,87,19
55.148,SPO2,249,0,13014441,g1/73mA/0mA,87,98,87,19
55.148,SPO2,249,1,13267758,g1/36mA/0mA,87,98,87,19
55.148,SPO2,250,0,13015809,g1/73mA/0mA,87,98,87,19
55.148,SPO2,250,1,13269066,g1/36mA/0mA,87,98,87,19
55.175,SPO2,8,0,13016144,g1/73mA/0mA,87,98,87,19
55.175,SPO2,8,1,13268772,g1/36mA/0mA,87,98,87,19
55.175,SPO2,9,0,13016602,g1/73mA/0mA,87,98,87,19
55.175,SPO2,9,1,13269196,g1/36mA/0mA,87,98,87,19
55.175,SPO2,10,0,13014664,g1/73mA/0mA,87,98,87,19
55.175,SPO2,10,1,13268076,g1/36mA/0mA,87,98,87,19
55.175,SPO2,11,0,13015567,g1/73mA/0mA,87,98,87,19
55.175,SPO2,11,1,13268938,g1/36mA/0mA,87,98,87,19
55.175,SPO2,12,0,13016430,g1/73mA/0mA,87,98,87,19
55.175,SPO2,12,1,13269270,g1/36mA/0mA,87,98,87,19
55.175,SPO2,13,0,13014323,g1/73mA/0mA,87,98,87,19
55.175,SPO2,13,1,13268022,g1/36mA/0mA,87,98,87,19
55.181,HR,15,0,13539155,g5/12mA/12mA,87,98,87,19
55.181,HR,15,1,13625005,g4/12mA/12mA,87,98,87,19
55.181,HR,15,2,11660787,g4/12mA/12mA,87,98,87,19
55.181,HR,15,3,13069508,g4/12mA/12mA,87,98,87,19
55.181,HR,16,0,13538429,g5/12mA/12mA,87,98,87,19
55.181,HR,16,1,13624680,g4/12mA/12mA,87,98,87,19
55.181,HR,16,2,11660410,g4/12mA/12mA,87,98,87,19
55.181,HR,16,3,13069278,g4/12mA/12mA,87,98,87,19
55.181,HR,17,0,13541620,g5/12mA/12mA,87,98,87,19
55.181,HR,17,1,13626821,g4/12mA/12mA,87,98,87,19
55.181,HR,17,2,11662229,g4/12mA/12mA,87,98,87,19
55.181,HR,17,3,13070883,g4/12mA/12mA,87,98,87,19
55.181,HR,18,0,13540271,g5/12mA/12mA,87,98,87,19
55.181,HR,18,1,13625344,g4/12mA/12mA,87,98,87,19
55.181,HR,18,2,11661273,g4/12mA/12mA,87,98,87,19
55.181,HR,18,3,13070183,g4/12mA/12mA,87,98,87,19
55.181,HR,19,0,13540297,g5/12mA/12mA,87,98,87,19
55.181,HR,19,1,13625661,g4/12mA/12mA,87,98,87,19
55.181,HR,19,2,11661581,g4/12mA/12mA,87,98,87,19
55.181,HR,19,3,13070268,g4/12mA/12mA,87,98,87,19
55.181,HR,20,0,13537951,g5/12mA/12mA,87,98,87,19
55.181,HR,20,1,13624365,g4/12mA/12mA,87,98,87,19
55.181,HR,20,2,11660455,g4/12mA/12mA,87,98,87,19
55.181,HR,20,3,13069158,g4/12mA/12mA,87,98,87,19
55.210,HR,21,0,13540273,g5/12mA/12mA,87,98,87,19
55.210,HR,21,1,13625422,g4/12mA/12mA,87,98,87,19
55.210,HR,21,2,11661596,g4/12mA/12mA,87,98,87,19
55.210,HR,21,3,13070190,g4/12mA/12mA,87,98,87,19
55.210,HR,22,0,13537958,g5/12mA/12mA,87,98,87,19
55.210,HR,22,1,13624270,g4/12mA/12mA,87,98,87,19
55.210,HR,22,2,11660547,g4/12mA/12mA,87,98,87,19
55.210,HR,22,3,13069236,g4/12mA/12mA,87,98,87,19
55.210,HR,23,0,13540168,g5/12mA/12mA,87,98,87,19
55.210,HR,23,1,13625703,g4/12mA/12mA,87,98,87,19
55.210,HR,23,2,11661819,g4/12mA/12mA,87,98,87,19
55.210,HR,23,3,13070421,g4/12mA/12mA,87,98,87,19
55.210,HR,24,0,13538658,g5/12mA/12mA,87,98,87,19
55.210,HR,24,1,13624953,g4/12mA/12mA,87,98,87,19
55.210,HR,24,2,11661009,g4/12mA/12mA,87,98,87,19
55.210,HR,24,3,13069765,g4/12mA/12mA,87,98,87,19
55.210,HR,25,0,13538376,g5/12mA/12mA,87,98,87,19
55.210,HR,25,1,13624740,g4/12mA/12mA,87,98,87,19
55.210,HR,25,2,11660494,g4/12mA/12mA,87,98,87,19
55.210,HR,25,3,13069535,g4/12mA/12mA,87,98,87,19
55.210,HR,26,0,13538830,g5/12mA/12mA,87,98,87,19
55.210,HR,26,1,13625193,g4/12mA/12mA,87,98,87,19
55.210,HR,26,2,11661025,g4/12mA/12mA,87,98,87,19
55.210,HR,26,3,13069688,g4/12mA/12mA,87,98,87,19
55.211,HR,32,0,13537217,g5/12mA/12mA,87,97,87,19
55.211,HR,32,1,13624334,g4/12mA/12mA,87,97,87,19
55.211,HR,32,2,11660265,g4/12mA/12mA,87,97,87,19
55.211,HR,32,3,13068962,g4/12mA/12mA,87,97,87,19
55.211,HR,33,0,13537396,g5/12mA/12mA,87,97,87,19
55.211,HR,33,1,13624485,g4/12mA/12mA,87,97,87,19
55.211,HR,33,2,11660214,g4/12mA/12mA,87,97,87,19
55.211,HR,33,3,13069234,g4/12mA/12mA,87,97,87,19
55.211,HR,34,0,13537422,g5/12mA/12mA,87,97,87,19
55.211,HR,34,1,13624332,g4/12mA/12mA,87,97,87,19
55.211,HR,34,2,11660250,g4/12mA/12mA,87,97,87,19
55.211,HR,34,3,13068740,g4/12mA/12mA,87,97,87,19
55.238,HRV,21,0,13541696,g5/12mA/12mA,87,97,87,19
55.238,HRV,21,1,13626325,g4/12mA/12mA,87,97,87,19
55.238,HRV,21,2,11662319,g4/12mA/12mA,87,97,87,19
55.238,HRV,21,3,13070941,g4/12mA/12mA,87,97,87,19
55.238,HRV,22,0,13539381,g5/12mA/12mA,87,97,87,19
55.238,HRV,22,1,13625173,g4/12mA/12mA,87,97,87,19
55.238,HRV,22,2,11661270,g4/12mA/12mA,87,97,87,19
55.238,HRV,22,3,13069987,g4/12mA/12mA,87,97,87,19
55.238,HRV,23,0,13541591,g5/12mA/12mA,87,97,87,19
55.238,HRV,23,1,13626606,g4/12mA/12mA,87,97,87,19
55.238,HRV,23,2,11662542,g4/12mA/12mA,87,97,87,19
55.238,HRV,23,3,13071172,g4/12mA/12mA,87,97,87,19
55.238,HRV,24,0,13540081,g5/12mA/12mA,87,97,87,19
55.238,HRV,24,1,13625856,g4/12mA/12mA,87,97,87,19
55.238,HRV,24,2,11661732,g4/12mA/12mA,87,97,87,19
55.238,HRV,24,3,13070516,g4/12mA/12mA,87,97,87,19
55.238,HRV,25,0,13539799,g5/12mA/12mA,87,97,87,19
55.238,HRV,25,1,13625643,g4/12mA/12mA,87,97,87,19
55.238,HRV,25,2,11661217,g4/12mA/12mA,87,97,87,19
55.238,HRV,25,3,13070286,g4/12mA/12mA,87,97,87,19
55.238,HRV,26,0,13540253,g5/12mA/12mA,87,97,87,19
55.238,HRV,26,1,13626096,g4/12mA/12mA,87,97,87,19
55.238,HRV,26,2,11661748,g4/12mA/12mA,87,97,87,19
55.238,HRV,26,3,13070439,g4/12mA/12mA,87,97,87,19
55.239,HRV,32,0,13538640,g5/12mA/12mA,87,97,87,19
55.239,HRV,32,1,13625237,g4/12mA/12mA,87,97,87,19
55.239,HRV,32,2,11660988,g4/12mA/12mA,87,97,87,19
55.239,HRV,32,3,13069713,g4/12mA/12mA,87,97,87,19
55.239,HRV,33,0,13538819,g5/12mA/12mA,87,97,87,19
55.239,HRV,33,1,13625388,g4/12mA/12mA,87,97,87,19
55.239,HRV,33,2,11660937,g4/12mA/12mA,87,97,87,19
55.239,HRV,33,3,13069985,g4/12mA/12mA,87,97,87,19
55.239,HRV,34,0,13538845,g5/12mA/12mA,87,97,87,19
55.239,HRV,34,1,13625235,g4/12mA/12mA,87,97,87,19
55.239,HRV,34,2,11660973,g4/12mA/12mA,87,97,87,19
55.239,HRV,34,3,13069491,g4/12mA/12mA,87,97,87,19
55.269,SPO2,21,0,13016624,g1/73mA/0mA,87,97,87,19
55.269,SPO2,21,1,13269993,g1/36mA/0mA,87,97,87,19
55.269,SPO2,22,0,13014356,g1/73mA/0mA,87,97,87,19
55.269,SPO2,22,1,13267943,g1/36mA/0mA,87,97,87,19
55.269,SPO2,23,0,13016868,g1/73mA/0mA,87,97,87,19
55.269,SPO2,23,1,13270037,g1/36mA/0mA,87,97,87,19
55.269,SPO2,24,0,13015567,g1/73mA/0mA,87,97,87,19
55.269,SPO2,24,1,13269233,g1/36mA/0mA,87,97,87,19
55.269,SPO2,25,0,13015268,g1/73mA/0mA,87,97,87,19
55.269,SPO2,25,1,13269035,g1/36mA/0mA,87,97,87,19
55.269,SPO2,26,0,13015960,g1/73mA/0mA,87,97,87,19
55.269,SPO2,26,1,13269326,g1/36mA/0mA,87,97,87,19
55.269,SPO2,27,0,13016379,g1/73mA/0mA,87,97,87,19
55.271,SPO2,27,1,13269619,g1/36mA/0mA,87,97,87,19
55.271,SPO2,28,0,13015564,g1/73mA/0mA,87,97,87,19
55.271,SPO2,28,1,13268704,g1/36mA/0mA,87,97,87,19
55.293,SPO2,29,0,13015996,g1/73mA/0mA,87,97,87,19
55.293,SPO2,29,1,13268861,g1/36mA/0mA,87,97,87,19
55.293,SPO2,30,0,13015013,g1/73mA/0mA,87,97,87,19
55.293,SPO2,30,1,13268379,g1/36mA/0mA,87,97,87,19
55.293,SPO2,31,0,13016482,g1/73mA/0mA,87,97,87,19
55.293,SPO2,31,1,13269172,g1/36mA/0mA,87,97,87,19
55.293,SPO2,32,0,13015506,g1/73mA/0mA,87,97,87,21
55.293,SPO2,32,1,13268826,g1/36mA/0mA,87,97,87,21
55.293,SPO2,33,0,13015367,g1/73mA/0mA,87,97,87,21
55.293,SPO2,33,1,13268601,g1/36mA/0mA,87,97,87,21
55.293,SPO2,34,0,13015591,g1/73mA/0mA,87,97,87,21
55.293,SPO2,34,1,13269112,g1/36mA/0mA,87,97,87,21
56.349,HR,35,0,13538771,g5/12mA/12mA,87,97,87,21
56.349,HR,35,1,13624459,g4/12mA/12mA,87,97,87,21
56.350,HR,35,2,11660539,g4/12mA/12mA,87,97,87,21
56.350,HR,35,3,13069354,g4/12mA/12mA,87,97,87,21
56.350,HR,36,0,13539027,g5/12mA/12mA,87,97,87,21
56.350,HR,36,1,13624824,g4/12mA/12mA,87,97,87,21
56.350,HR,36,2,11660787,g4/12mA/12mA,87,97,87,21
56.350,HR,36,3,13069483,g4/12mA/12mA,87,97,87,21
56.350,HR,37,0,13540443,g5/12mA/12mA,87,97,87,21
56.350,HR,37,1,13625968,g4/12mA/12mA,87,97,87,21
56.350,HR,37,2,11661921,g4/12mA/12mA,87,97,87,21
56.350,HR,37,3,13070558,g4/12mA/12mA,87,97,87,21
56.350,HR,38,0,13541704,g5/12mA/12mA,87,97,87,21
56.350,HR,38,1,13626489,g4/12mA/12mA,87,97,87,21
56.350,HR,38,2,11662577,g4/12mA/12mA,87,97,87,21
56.350,HR,38,3,13071104,g4/12mA/12mA,87,97,87,21
56.350,HR,39,0,13538967,g5/12mA/12mA,87,97,87,21
56.350,HR,39,1,13625046,g4/12mA/12mA,87,97,87,21
56.350,HR,39,2,11660709,g4/12mA/12mA,87,97,87,21
56.350,HR,39,3,13069585,g4/12mA/12mA,87,97,87,21
56.350,HR,40,0,13540025,g5/12mA/12mA,87,97,87,21
56.350,HR,40,1,13625473,g4/12mA/12mA,87,97,87,21
56.350,HR,40,2,11661417,g4/12mA/12mA,87,97,87,21
56.350,HR,40,3,13070004,g4/12mA/12mA,87,97,87,21
56.377,HR,41,0,13538199,g5/12mA/12mA,87,97,87,21
56.377,HR,41,1,13624680,g4/12mA/12mA,87,97,87,21
56.377,HR,41,2,11660530,g4/12mA/12mA,87,97,87,21
56.377,HR,41,3,13069354,g4/12mA/12mA,87,97,87,21
56.377,HR,42,0,13540691,g5/12mA/12mA,87,97,87,21
56.377,HR,42,1,13626122,g4/12mA/12mA,87,97,87,21
56.377,HR,42,2,11662057,g4/12mA/12mA,87,97,87,21
56.377,HR,42,3,13071068,g4/12mA/12mA,87,97,87,21
56.377,HR,43,0,13541689,g5/12mA/12mA,87,97,87,21
56.377,HR,43,1,13626541,g4/12mA/12mA,87,97,87,21
56.377,HR,43,2,11662790,g4/12mA/12mA,87,97,87,21
56.377,HR,43,3,13071274,g4/12mA/12mA,87,97,87,21
56.377,HR,44,0,13540563,g5/12mA/12mA,87,97,87,21
56.377,HR,44,1,13625626,g4/12mA/12mA,87,97,87,21
56.377,HR,44,2,11661801,g4/12mA/12mA,87,97,87,21
56.377,HR,44,3,13070363,g4/12mA/12mA,87,97,87,21
56.377,HR,45,0,13539238,g5/12mA/12mA,87,97,87,21
56.377,HR,45,1,13624851,g4/12mA/12mA,87,97,87,21
56.377,HR,45,2,11661069,g4/12mA/12mA,87,97,87,21
56.377,HR,45,3,13069884,g4/12mA/12mA,87,97,87,21
56.377,HR,46,0,13539751,g5/12mA/12mA,87,97,87,21
56.377,HR,46,1,13625848,g4/12mA/12mA,87,97,87,21
56.377,HR,46,2,11661690,g4/12mA/12mA,87,97,87,21
56.377,HR,46,3,13070276,g4/12mA/12mA,87,97,87,21
56.378,HR,47,0,13537626,g5/12mA/12mA,87,97,87,21
56.378,HR,47,1,13624090,g4/12mA/12mA,87,97,87,21
56.378,HR,47,2,11660241,g4/12mA/12mA,87,97,87,21
56.378,HR,47,3,13069056,g4/12mA/12mA,87,97,87,21
56.378,HR,48,0,13540485,g5/12mA/12mA,87,97,87,21
56.378,HR,48,1,13625661,g4/12mA/12mA,87,97,87,21
56.378,HR,48,2,11661792,g4/12mA/12mA,87,97,87,21
56.378,HR,48,3,13070438,g4/12mA/12mA,87,97,87,21
56.378,HR,49,0,13539622,g5/12mA/12mA,87,97,87,21
56.378,HR,49,1,13625353,g4/12mA/12mA,87,97,87,21
56.378,HR,49,2,11661307,g4/12mA/12mA,87,97,87,21
56.378,HR,49,3,13070088,g4/12mA/12mA,87,97,87,21
56.378,HR,50,0,13539973,g5/12mA/12mA,87,97,87,21
56.378,HR,50,1,13625593,g4/12mA/12mA,87,97,87,21
56.378,HR,50,2,11661255,g4/12mA/12mA,87,97,87,21
56.378,HR,50,3,13069944,g4/12mA/12mA,87,97,87,21
56.378,HR,51,0,13539155,g5/12mA/12mA,87,97,87,21
56.378,HR,51,1,13625183,g4/12mA/12mA,87,97,87,21
56.378,HR,51,2,11661153,g4/12mA/12mA,87,97,87,21
56.378,HR,51,3,13069748,g4/12mA/12mA,87,97,87,21
56.378,HR,52,0,13539444,g5/12mA/12mA,87,97,87,21
56.378,HR,52,1,13625380,g4/12mA/12mA,87,97,87,21
56.378,HR,52,2,11661502,g4/12mA/12mA,87,97,87,21
56.378,HR,52,3,13070251,g4/12mA/12mA,87,97,87,21
56.437,HR,53,0,13539095,g5/12mA/12mA,87,97,87,21
56.437,HR,53,1,13624722,g4/12mA/12mA,87,97,87,21
56.437,HR,53,2,11660914,g4/12mA/12mA,87,97,87,21
56.437,HR,53,3,13069602,g4/12mA/12mA,87,97,87,21
56.437,HR,54,0,13539622,g5/12mA/12mA,87,97,87,21
56.437,HR,54,1,13625473,g4/12mA/12mA,87,97,87,21
56.437,HR,54,2,11661298,g4/12mA/12mA,87,97,87,21
56.437,HR,54,3,13069806,g4/12mA/12mA,87,97,87,21
56.437,HR,55,0,13537611,g5/12mA/12mA,87,97,87,21
56.437,HR,55,1,13624270,g4/12mA/12mA,87,97,87,21
56.437,HR,55,2,11660078,g4/12mA/12mA,87,97,87,21
56.437,HR,55,3,13069124,g4/12mA/12mA,87,97,87,21
56.437,HR,56,0,13539871,g5/12mA/12mA,87,97,87,21
56.437,HR,56,1,13625268,g4/12mA/12mA,87,97,87,21
56.437,HR,56,2,11661137,g4/12mA/12mA,87,97,87,21
56.437,HR,56,3,13070310,g4/12mA/12mA,87,97,87,21
56.437,HR,57,0,13539027,g5/12mA/12mA,87,97,87,21
56.437,HR,57,1,13625362,g4/12mA/12mA,87,97,87,21
56.437,HR,57,2,11661153,g4/12mA/12mA,87,97,87,21
56.437,HR,57,3,13069738,g4/12mA/12mA,87,97,87,21
56.449,HR,58,0,13541202,g5/12mA/12mA,87,97,87,21
56.449,HR,58,1,13626677,g4/12mA/12mA,87,97,87,21
56.449,HR,58,2,11662229,g4/12mA/12mA,87,97,87,21
56.449,HR,58,3,13070773,g4/12mA/12mA,87,97,87,21
56.449,HR,59,0,13539478,g5/12mA/12mA,87,97,87,21
56.449,HR,59,1,13624936,g4/12mA/12mA,87,97,87,21
56.449,HR,59,2,11661220,g4/12mA/12mA,87,97,87,21
56.449,HR,59,3,13069697,g4/12mA/12mA,87,97,87,21
56.449,HR,60,0,13540774,g5/12mA/12mA,87,97,87,21
56.449,HR,60,1,13626284,g4/12mA/12mA,87,97,87,21
56.449,HR,60,2,11662090,g4/12mA/12mA,87,97,87,21
56.449,HR,60,3,13070788,g4/12mA/12mA,87,97,87,21
56.449,HR,61,0,13539648,g5/12mA/12mA,87,97,87,21
56.449,HR,61,1,13625566,g4/12mA/12mA,87,97,87,21
56.449,HR,61,2,11661615,g4/12mA/12mA,87,97,87,21
56.449,HR,61,3,13070336,g4/12mA/12mA,87,97,87,21
56.449,HR,62,0,13540989,g5/12mA/12mA,87,97,87,21
56.449,HR,62,1,13626369,g4/12mA/12mA,87,97,87,21
56.449,HR,62,2,11661939,g4/12mA/12mA,87,97,87,21
56.449,HR,62,3,13070729,g4/12mA/12mA,87,97,87,21
56.449,HR,63,0,13539418,g5/12mA/12mA,87,97,87,21
56.449,HR,63,1,13625875,g4/12mA/12mA,87,97,87,21
56.449,HR,63,2,11661264,g4/12mA/12mA,87,97,87,21
56.449,HR,63,3,13070164,g4/12mA/12mA,87,97,87,21
56.467,HRV,35,0,13538771,g5/12mA/12mA,87,97,87,21
56.467,HRV,35,1,13624459,g4/12mA/12mA,87,97,87,21
56.467,HRV,35,2,11660539,g4/12mA/12mA,87,97,87,21
56.467,HRV,35,3,13069354,g4/12mA/12mA,87,97,87,21
56.467,HRV,36,0,13539027,g5/12mA/12mA,87,97,87,21
56.467,HRV,36,1,13624824,g4/12mA/12mA,87,97,87,21
56.467,HRV,36,2,11660787,g4/12mA/12mA,87,97,87,21
56.467,HRV,36,3,13069483,g4/12mA/12mA,87,97,87,21
56.467,HRV,37,0,13540443,g5/12mA/12mA,87,97,87,21
56.467,HRV,37,1,13625968,g4/12mA/12mA,87,97,87,21
56.467,HRV,37,2,11661921,g4/12mA/12mA,87,97,87,21
56.467,HRV,37,3,13070558,g4/12mA/12mA,87,97,87,21
56.467,HRV,38,0,13541704,g5/12mA/12mA,87,97,87,21
56.467,HRV,38,1,13626489,g4/12mA/12mA,87,97,87,21
56.467,HRV,38,2,11662577,g4/12mA/12mA,87,97,87,21
56.467,HRV,38,3,13071104,g4/12mA/12mA,87,97,87,21
56.467,HRV,39,0,13538967,g5/12mA/12mA,87,97,87,21
56.467,HRV,39,1,13625046,g4/12mA/12mA,87,97,87,21
56.467,HRV,39,2,11660709,g4/12mA/12mA,87,97,87,21
56.467,HRV,39,3,13069585,g4/12mA/12mA,87,97,87,21
56.467,HRV,40,0,13540025,g5/12mA/12mA,87,97,87,21
56.467,HRV,40,1,13625473,g4/12mA/12mA,87,97,87,21
56.467,HRV,40,2,11661417,g4/12mA/12mA,87,97,87,21
56.467,HRV,40,3,13070004,g4/12mA/12mA,87,97,87,21
56.491,HRV,47,0,13537626,g5/12mA/12mA,87,97,87,21
56.491,HRV,47,1,13624090,g4/12mA/12mA,87,97,87,21
56.491,HRV,47,2,11660241,g4/12mA/12mA,87,97,87,21
56.491,HRV,47,3,13069056,g4/12mA/12mA,87,97,87,21
56.491,HRV,48,0,13540485,g5/12mA/12mA,87,97,87,21
56.491,HRV,48,1,13625661,g4/12mA/12mA,87,97,87,21
56.491,HRV,48,2,11661792,g4/12mA/12mA,87,97,87,21
56.491,HRV,48,3,13070438,g4/12mA/12mA,87,97,87,21
56.491,HRV,49,0,13539622,g5/12mA/12mA,87,97,87,21
56.491,HRV,49,1,13625353,g4/12mA/12mA,87,97,87,21
56.491,HRV,49,2,11661307,g4/12mA/12mA,87,97,87,21
56.491,HRV,49,3,13070088,g4/12mA/12mA,87,97,87,21
56.492,HRV,50,0,13539973,g5/12mA/12mA,87,97,87,21
56.492,HRV,50,1,13625593,g4/12mA/12mA,87,97,87,21
56.492,HRV,50,2,11661255,g4/12mA/12mA,87,97,87,21
56.492,HRV,50,3,13069944,g4/12mA/12mA,87,97,87,21
56.492,HRV,51,0,13539155,g5/12mA/12mA,87,97,87,21
56.492,HRV,51,1,13625183,g4/12mA/12mA,87,97,87,21
56.492,HRV,51,2,11661153,g4/12mA/12mA,87,97,87,21
56.492,HRV,51,3,13069748,g4/12mA/12mA,87,97,87,21
56.492,HRV,52,0,13539444,g5/12mA/12mA,87,97,87,21
56.492,HRV,52,1,13625380,g4/12mA/12mA,87,97,87,21
56.492,HRV,52,2,11661502,g4/12mA/12mA,87,97,87,21
56.492,HRV,52,3,13070251,g4/12mA/12mA,87,97,87,21
56.496,HRV,58,0,13541202,g5/12mA/12mA,87,97,87,21
56.496,HRV,58,1,13626677,g4/12mA/12mA,87,97,87,21
56.496,HRV,58,2,11662229,g4/12mA/12mA,87,97,87,21
56.496,HRV,58,3,13070773,g4/12mA/12mA,87,97,87,21
56.496,HRV,59,0,13539478,g5/12mA/12mA,87,97,87,21
56.496,HRV,59,1,13624936,g4/12mA/12mA,87,97,87,21
56.496,HRV,59,2,11661220,g4/12mA/12mA,87,97,87,21
56.496,HRV,59,3,13069697,g4/12mA/12mA,87,97,87,21
56.496,HRV,60,0,13540774,g5/12mA/12mA,87,97,87,21
56.496,HRV,60,1,13626284,g4/12mA/12mA,87,97,87,21
56.496,HRV,60,2,11662090,g4/12mA/12mA,87,97,87,21
56.496,HRV,60,3,13070788,g4/12mA/12mA,87,97,87,21
56.496,HRV,61,0,13539648,g5/12mA/12mA,87,97,87,21
56.496,HRV,61,1,13625566,g4/12mA/12mA,87,97,87,21
56.496,HRV,61,2,11661615,g4/12mA/12mA,87,97,87,21
56.496,HRV,61,3,13070336,g4/12mA/12mA,87,97,87,21
56.496,HRV,62,0,13540989,g5/12mA/12mA,87,97,87,21
56.496,HRV,62,1,13626369,g4/12mA/12mA,87,97,87,21
56.496,HRV,62,2,11661939,g4/12mA/12mA,87,97,87,21
56.496,HRV,62,3,13070729,g4/12mA/12mA,87,97,87,21
56.496,HRV,63,0,13539418,g5/12mA/12mA,87,97,87,21
56.496,HRV,63,1,13625875,g4/12mA/12mA,87,97,87,21
56.496,HRV,63,2,11661264,g4/12mA/12mA,87,97,87,21
56.496,HRV,63,3,13070164,g4/12mA/12mA,87,97,87,21
56.523,HRV,64,0,13540025,g5/12mA/12mA,87,97,87,21
56.523,HRV,64,1,13625823,g4/12mA/12mA,87,97,87,21
56.523,HRV,64,2,11661408,g4/12mA/12mA,87,97,87,21
56.523,HRV,64,3,13070141,g4/12mA/12mA,87,97,87,21
56.523,HRV,65,0,13539922,g5/12mA/12mA,87,97,87,21
56.523,HRV,65,1,13625635,g4/12mA/12mA,87,97,87,21
56.523,HRV,65,2,11661375,g4/12mA/12mA,87,97,87,21
56.523,HRV,65,3,13070217,g4/12mA/12mA,87,97,87,21
56.523,HRV,66,0,13541263,g5/12mA/12mA,87,97,87,21
56.523,HRV,66,1,13626480,g4/12mA/12mA,87,97,87,21
56.523,HRV,66,2,11662075,g4/12mA/12mA,87,97,87,21
56.523,HRV,66,3,13070898,g4/12mA/12mA,87,97,87,21
56.523,HRV,67,0,13537652,g5/12mA/12mA,87,97,87,21
56.523,HRV,67,1,13623913,g4/12mA/12mA,87,97,87,21
56.523,HRV,67,2,11660267,g4/12mA/12mA,87,97,87,21
56.523,HRV,67,3,13069236,g4/12mA/12mA,87,97,87,21
56.523,HRV,68,0,13539949,g5/12mA/12mA,87,97,87,21
56.523,HRV,68,1,13625584,g4/12mA/12mA,87,97,87,21
56.523,HRV,68,2,11661537,g4/12mA/12mA,87,97,87,21
56.523,HRV,68,3,13070021,g4/12mA/12mA,87,97,87,21
56.528,SPO2,50,0,13015936,g1/73mA/0mA,87,97,87,21
56.528,SPO2,50,1,13268691,g1/36mA/0mA,87,97,87,21
56.528,SPO2,51,0,13015371,g1/73mA/0mA,87,97,87,21
56.528,SPO2,51,1,13268641,g1/36mA/0mA,87,97,87,21
56.528,SPO2,52,0,13016069,g1/73mA/0mA,87,97,87,21
56.528,SPO2,52,1,13269267,g1/36mA/0mA,87,97,87,21
56.528,SPO2,53,0,13014983,g1/73mA/0mA,87,97,87,21
56.528,SPO2,53,1,13268175,g1/36mA/0mA,87,97,87,21
56.528,SPO2,54,0,13015575,g1/73mA/0mA,87,97,87,21
56.528,SPO2,54,1,13268614,g1/36mA/0mA,87,97,87,21
56.528,SPO2,55,0,13014229,g1/73mA/0mA,87,97,87,21
56.528,SPO2,55,1,13268143,g1/36mA/0mA,87,97,87,21
56.528,SPO2,56,0,13015946,g1/73mA/0mA,87,97,87,21
56.528,SPO2,56,1,13269283,g1/36mA/0mA,87,97,87,21
56.557,SPO2,63,0,13015687,g1/73mA/0mA,87,97,87,21
56.557,SPO2,63,1,13268923,g1/36mA/0mA,87,97,87,21
56.558,SPO2,64,0,13016259,g1/73mA/0mA,87,97,87,21
56.558,SPO2,64,1,13269415,g1/36mA/0mA,87,97,87,21
56.558,SPO2,65,0,13016169,g1/73mA/0mA,87,97,87,21
56.558,SPO2,65,1,13269091,g1/36mA/0mA,87,97,87,21
56.558,SPO2,66,0,13016815,g1/73mA/0mA,87,97,87,21
56.558,SPO2,66,1,13269439,g1/36mA/0mA,87,97,87,21
56.558,SPO2,67,0,13013614,g1/73mA/0mA,87,97,87,21
56.558,SPO2,67,1,13267017,g1/36mA/0mA,87,97,87,21
56.580,HR,69,0,13539351,g5/12mA/12mA,87,97,87,21
56.580,HR,69,1,13624963,g4/12mA/12mA,87,97,87,21
56.580,HR,69,2,11661144,g4/12mA/12mA,87,97,87,21
56.580,HR,69,3,13069687,g4/12mA/12mA,87,97,87,21
56.580,HR,70,0,13540126,g5/12mA/12mA,87,97,87,21
56.580,HR,70,1,13625984,g4/12mA/12mA,87,97,87,21
56.580,HR,70,2,11661767,g4/12mA/12mA,87,97,87,21
56.581,HR,70,3,13070328,g4/12mA/12mA,87,97,87,21
56.581,HR,71,0,13540058,g5/12mA/12mA,87,97,87,21
56.581,HR,71,1,13625652,g4/12mA/12mA,87,97,87,21
56.581,HR,71,2,11661495,g4/12mA/12mA,87,97,87,21
56.581,HR,71,3,13069994,g4/12mA/12mA,87,97,87,21
56.581,HR,72,0,13539171,g5/12mA/12mA,87,97,87,21
56.581,HR,72,1,13625122,g4/12mA/12mA,87,97,87,21
56.581,HR,72,2,11661126,g4/12mA/12mA,87,97,87,21
56.581,HR,72,3,13069559,g4/12mA/12mA,87,97,87,21
56.581,HR,73,0,13538470,g5/12mA/12mA,87,97,87,21
56.581,HR,73,1,13624587,g4/12mA/12mA,87,97,87,21
56.581,HR,73,2,11660615,g4/12mA/12mA,87,97,87,21
56.581,HR,73,3,13069493,g4/12mA/12mA,87,97,87,21
56.587,HRV,69,0,13539351,g5/12mA/12mA,87,97,87,21
56.587,HRV,69,1,13624963,g4/12mA/12mA,87,97,87,21
56.587,HRV,69,2,11661144,g4/12mA/12mA,87,97,87,21
56.587,HRV,69,3,13069687,g4/12mA/12mA,87,97,87,21
56.587,HRV,70,0,13540126,g5/12mA/12mA,87,97,87,21
56.587,HRV,70,1,13625984,g4/12mA/12mA,87,97,87,21
56.587,HRV,70,2,11661767,g4/12mA/12mA,87,97,87,21
56.587,HRV,70,3,13070328,g4/12mA/12mA,87,97,87,21
56.587,HRV,71,0,13540058,g5/12mA/12mA,87,97,87,21
56.587,HRV,71,1,13625652,g4/12mA/12mA,87,97,87,21
56.587,HRV,71,2,11661495,g4/12mA/12mA,87,97,87,21
56.587,HRV,71,3,13069994,g4/12mA/12mA,87,97,87,21
56.587,HRV,72,0,13539171,g5/12mA/12mA,87,97,87,21
56.587,HRV,72,1,13625122,g4/12mA/12mA,87,97,87,21
56.587,HRV,72,2,11661126,g4/12mA/12mA,87,97,87,21
56.587,HRV,72,3,13069559,g4/12mA/12mA,87,97,87,21
56.587,HRV,73,0,13538470,g5/12mA/12mA,87,97,87,21
56.587,HRV,73,1,13624587,g4/12mA/12mA,87,97,87,21
56.587,HRV,73,2,11660615,g4/12mA/12mA,87,97,87,21
56.587,HRV,73,3,13069493,g4/12mA/12mA,87,97,87,21
56.590,SPO2,75,0,13012130,g1/73mA/0mA,87,97,87,21
56.590,SPO2,75,1,13265826,g1/36mA/0mA,87,97,87,21
56.590,SPO2,76,0,13011834,g1/73mA/0mA,87,97,87,21
56.590,SPO2,76,1,13265486,g1/36mA/0mA,87,97,87,21
56.590,SPO2,77,0,13011528,g1/73mA/0mA,87,97,87,21
56.590,SPO2,77,1,13265430,g1/36mA/0mA,87,97,87,21
56.590,SPO2,78,0,13010875,g1/73mA/0mA,87,97,87,21
56.590,SPO2,78,1,13264976,g1/36mA/0mA,87,97,87,21
58.479,HR,79,0,13540503,g5/12mA/12mA,87,97,87,21
58.479,HR,79,1,13625788,g4/12mA/12mA,87,97,87,21
58.479,HR,79,2,11661425,g4/12mA/12mA,87,97,87,21
58.479,HR,79,3,13070396,g4/12mA/12mA,87,97,87,21
58.479,HR,80,0,13538539,g5/12mA/12mA,87,97,87,21
58.479,HR,80,1,13624527,g4/12mA/12mA,87,97,87,21
58.479,HR,80,2,11660505,g4/12mA/12mA,87,97,87,21
58.479,HR,80,3,13069065,g4/12mA/12mA,87,97,87,21
58.479,HR,81,0,13539317,g5/12mA/12mA,87,97,87,21
58.479,HR,81,1,13625397,g4/12mA/12mA,87,97,87,21
58.479,HR,81,2,11661032,g4/12mA/12mA,87,97,87,21
58.479,HR,81,3,13069765,g4/12mA/12mA,87,97,87,21
58.479,HR,82,0,13538916,g5/12mA/12mA,87,97,87,21
58.479,HR,82,1,13625328,g4/12mA/12mA,87,97,87,21
58.479,HR,82,2,11661043,g4/12mA/12mA,87,97,87,21
58.479,HR,82,3,13069858,g4/12mA/12mA,87,97,87,21
58.479,HR,83,0,13539188,g5/12mA/12mA,87,97,87,21
58.479,HR,83,1,13625380,g4/12mA/12mA,87,97,87,21
58.479,HR,83,2,11661118,g4/12mA/12mA,87,97,87,21
58.479,HR,83,3,13069688,g4/12mA/12mA,87,97,87,21
58.504,HR,84,0,13538070,g5/12mA/12mA,87,97,87,21
58.504,HR,84,1,13624398,g4/12mA/12mA,87,97,87,21
58.504,HR,84,2,11660479,g4/12mA/12mA,87,97,87,21
58.504,HR,84,3,13069109,g4/12mA/12mA,87,97,87,21
58.504,HR,85,0,13538872,g5/12mA/12mA,87,97,87,21
58.504,HR,85,1,13624858,g4/12mA/12mA,87,97,87,21
58.504,HR,85,2,11660923,g4/12mA/12mA,87,97,87,21
58.504,HR,85,3,13069542,g4/12mA/12mA,87,97,87,21
58.504,HR,86,0,13536304,g5/12mA/12mA,87,97,87,21
58.504,HR,86,1,13623092,g4/12mA/12mA,87,97,87,21
58.504,HR,86,2,11659224,g4/12mA/12mA,87,97,87,21
58.504,HR,86,3,13068100,g4/12mA/12mA,87,97,87,21
58.504,HR,87,0,13536859,g5/12mA/12mA,87,97,87,21
58.504,HR,87,1,13623808,g4/12mA/12mA,87,97,87,21
58.504,HR,87,2,11659804,g4/12mA/12mA,87,97,87,21
58.504,HR,87,3,13068835,g4/12mA/12mA,87,97,87,21
58.504,HR,88,0,13536997,g5/12mA/12mA,87,97,87,21
58.504,HR,88,1,13623570,g4/12mA/12mA,87,97,87,21
58.504,HR,88,2,11659958,g4/12mA/12mA,87,97,87,21
58.504,HR,88,3,13068706,g4/12mA/12mA,87,97,87,21
58.504,HR,89,0,13537593,g5/12mA/12mA,87,97,87,21
58.504,HR,89,1,13624133,g4/12mA/12mA,87,97,87,21
58.504,HR,89,2,11660275,g4/12mA/12mA,87,97,87,21
58.504,HR,89,3,13069219,g4/12mA/12mA,87,97,87,21
58.508,HR,90,0,13537875,g5/12mA/12mA,87,97,87,21
58.508,HR,90,1,13624380,g4/12mA/12mA,87,97,87,21
58.508,HR,90,2,11660361,g4/12mA/12mA,87,97,87,21
58.508,HR,90,3,13069048,g4/12mA/12mA,87,97,87,21
58.508,HR,91,0,13540144,g5/12mA/12mA,87,97,87,21
58.508,HR,91,1,13625867,g4/12mA/12mA,87,97,87,21
58.508,HR,91,2,11661477,g4/12mA/12mA,87,97,87,21
58.508,HR,91,3,13070389,g4/12mA/12mA,87,97,87,21
58.508,HR,92,0,13538334,g5/12mA/12mA,87,97,87,21
58.508,HR,92,1,13624670,g4/12mA/12mA,87,97,87,21
58.508,HR,92,2,11660590,g4/12mA/12mA,87,97,87,21
58.508,HR,92,3,13069364,g4/12mA/12mA,87,97,87,21
58.508,HR,93,0,13539889,g5/12mA/12mA,87,97,87,21
58.508,HR,93,1,13626130,g4/12mA/12mA,87,97,87,21
58.508,HR,93,2,11661801,g4/12mA/12mA,87,97,87,21
58.508,HR,93,3,13070447,g4/12mA/12mA,87,97,87,21
58.508,HR,94,0,13540246,g5/12mA/12mA,87,97,87,21
58.508,HR,94,1,13625687,g4/12mA/12mA,87,97,87,21
58.508,HR,94,2,11661408,g4/12mA/12mA,87,97,87,21
58.508,HR,94,3,13070516,g4/12mA/12mA,87,97,87,21
58.508,HR,95,0,13539317,g5/12mA/12mA,87,97,87,21
58.508,HR,95,1,13625159,g4/12mA/12mA,87,97,87,21
58.508,HR,95,2,11661025,g4/12mA/12mA,87,97,87,21
58.508,HR,95,3,13069525,g4/12mA/12mA,87,97,87,21
58.538,HR,96,0,13539547,g5/12mA/12mA,87,97,87,21
58.538,HR,96,1,13625483,g4/12mA/12mA,87,97,87,21
58.538,HR,96,2,11661262,g4/12mA/12mA,87,97,87,21
58.538,HR,96,3,13069688,g4/12mA/12mA,87,97,87,21
58.538,HR,97,0,13540067,g5/12mA/12mA,87,97,87,21
58.538,HR,97,1,13625943,g4/12mA/12mA,87,97,87,21
58.538,HR,97,2,11661435,g4/12mA/12mA,87,97,87,21
58.538,HR,97,3,13070431,g4/12mA/12mA,87,97,87,21
58.538,HR,98,0,13538778,g5/12mA/12mA,87,97,87,21
58.539,HR,98,1,13625268,g4/12mA/12mA,87,97,87,21
58.539,HR,98,2,11661043,g4/12mA/12mA,87,97,87,21
58.539,HR,98,3,13069483,g4/12mA/12mA,87,97,87,21
58.539,HR,99,0,13539913,g5/12mA/12mA,87,97,87,21
58.539,HR,99,1,13625721,g4/12mA/12mA,87,97,87,21
58.539,HR,99,2,11661510,g4/12mA/12mA,87,97,87,21
58.539,HR,99,3,13069833,g4/12mA/12mA,87,97,87,21
58.539,HR,100,0,13539818,g5/12mA/12mA,87,97,87,21
58.539,HR,100,1,13625208,g4/12mA/12mA,87,97,87,21
58.539,HR,100,2,11661077,g4/12mA/12mA,87,97,87,21
58.539,HR,100,3,13069892,g4/12mA/12mA,87,97,87,21
58.539,HR,101,0,13538275,g5/12mA/12mA,87,97,87,21
58.539,HR,101,1,13624560,g4/12mA/12mA,87,97,87,21
58.539,HR,101,2,11660649,g4/12mA/12mA,87,97,87,21
58.539,HR,101,3,13069449,g4/12mA/12mA,87,97,87,21
58.561,HR,102,0,13539708,g5/12mA/12mA,87,97,87,21
58.561,HR,102,1,13625746,g4/12mA/12mA,87,97,87,21
58.561,HR,102,2,11661477,g4/12mA/12mA,87,97,87,21
58.561,HR,102,3,13070226,g4/12mA/12mA,87,97,87,21
58.561,HR,103,0,13541407,g5/12mA/12mA,87,97,87,21
58.561,HR,103,1,13626771,g4/12mA/12mA,87,97,87,21
58.561,HR,103,2,11662406,g4/12mA/12mA,87,97,87,21
58.561,HR,103,3,13070806,g4/12mA/12mA,87,97,87,21
58.561,HR,104,0,13538463,g5/12mA/12mA,87,97,87,21
58.561,HR,104,1,13624485,g4/12mA/12mA,87,97,87,21
58.561,HR,104,2,11660573,g4/12mA/12mA,87,97,87,21
58.561,HR,104,3,13069245,g4/12mA/12mA,87,97,87,21
58.561,HR,105,0,13538139,g5/12mA/12mA,87,97,87,21
58.561,HR,105,1,13624459,g4/12mA/12mA,87,97,87,21
58.561,HR,105,2,11660445,g4/12mA/12mA,87,97,87,21
58.561,HR,105,3,13069236,g4/12mA/12mA,87,97,87,21
58.561,HR,106,0,13543771,g5/12mA/12mA,87,97,87,21
58.561,HR,106,1,13628169,g4/12mA/12mA,87,97,87,21
58.561,HR,106,2,11663755,g4/12mA/12mA,87,97,87,21
58.561,HR,106,3,13072059,g4/12mA/12mA,87,97,87,21
58.567,HR,107,0,13558853,g5/12mA/12mA,88,97,87,21
58.567,HR,107,1,13638133,g4/12mA/12mA,88,97,87,21
58.567,HR,107,2,11672252,g4/12mA/12mA,88,97,87,21
58.567,HR,107,3,13080395,g4/12mA/12mA,88,97,87,21
58.567,HR,108,0,13540331,g5/12mA/12mA,88,97,87,21
58.567,HR,108,1,13625473,g4/12mA/12mA,88,97,87,21
58.567,HR,108,2,11661537,g4/12mA/12mA,88,97,87,21
58.567,HR,108,3,13070328,g4/12mA/12mA,88,97,87,21
58.567,HR,109,0,13538241,g5/12mA/12mA,88,97,87,21
58.567,HR,109,1,13624749,g4/12mA/12mA,88,97,87,21
58.567,HR,109,2,11660549,g4/12mA/12mA,88,97,87,21
58.567,HR,109,3,13069320,g4/12mA/12mA,88,97,87,21
58.567,HR,110,0,13538727,g5/12mA/12mA,88,97,87,21
58.567,HR,110,1,13625088,g4/12mA/12mA,88,97,87,21
58.567,HR,110,2,11661025,g4/12mA/12mA,88,97,87,21
58.567,HR,110,3,13069433,g4/12mA/12mA,88,97,87,21
58.567,HR,111,0,13539453,g5/12mA/12mA,88,97,87,21
58.567,HR,111,1,13624953,g4/12mA/12mA,88,97,87,21
58.567,HR,111,2,11660949,g4/12mA/12mA,88,97,87,21
58.567,HR,111,3,13069814,g4/12mA/12mA,88,97,87,21
58.569,HR,112,0,13540707,g5/12mA/12mA,88,97,87,21
58.569,HR,112,1,13626248,g4/12mA/12mA,88,97,87,21
58.569,HR,112,2,11662143,g4/12mA/12mA,88,97,87,21
58.569,HR,112,3,13070593,g4/12mA/12mA,88,97,87,21
58.598,HRV,84,0,13537352,g5/12mA/12mA,88,97,87,21
58.598,HRV,84,1,13623605,g4/12mA/12mA,88,97,87,21
58.598,HRV,84,2,11659976,g4/12mA/12mA,88,97,87,21
58.598,HRV,84,3,13068914,g4/12mA/12mA,88,97,87,21
58.598,HRV,85,0,13538154,g5/12mA/12mA,88,97,87,21
58.598,HRV,85,1,13624065,g4/12mA/12mA,88,97,87,21
58.598,HRV,85,2,11660420,g4/12mA/12mA,88,97,87,21
58.598,HRV,85,3,13069347,g4/12mA/12mA,88,97,87,21
58.598,HRV,86,0,13535586,g5/12mA/12mA,88,97,87,21
58.598,HRV,86,1,13622299,g4/12mA/12mA,88,97,87,21
58.598,HRV,86,2,11658721,g4/12mA/12mA,88,97,87,21
58.598,HRV,86,3,13067905,g4/12mA/12mA,88,97,87,21
58.598,HRV,87,0,13536141,g5/12mA/12mA,88,97,87,21
58.598,HRV,87,1,13623015,g4/12mA/12mA,88,97,87,21
58.598,HRV,87,2,11659301,g4/12mA/12mA,88,97,87,21
58.598,HRV,87,3,13068640,g4/12mA/12mA,88,97,87,21
58.598,HRV,88,0,13536279,g5/12mA/12mA,88,97,87,21
58.598,HRV,88,1,13622777,g4/12mA/12mA,88,97,87,21
58.598,HRV,88,2,11659455,g4/12mA/12mA,88,97,87,21
58.598,HRV,88,3,13068511,g4/12mA/12mA,88,97,87,21
58.598,HRV,89,0,13536875,g5/12mA/12mA,88,97,87,21
58.598,HRV,89,1,13623340,g4/12mA/12mA,88,97,87,21
58.598,HRV,89,2,11659772,g4/12mA/12mA,88,97,87,21
58.598,HRV,89,3,13069024,g4/12mA/12mA,88,97,87,21
58.623,HRV,102,0,13539708,g5/12mA/12mA,88,97,87,21
58.623,HRV,102,1,13625746,g4/12mA/12mA,88,97,87,21
58.623,HRV,102,2,11661477,g4/12mA/12mA,88,97,87,21
58.623,HRV,102,3,13070226,g4/12mA/12mA,88,97,87,21
58.623,HRV,103,0,13541407,g5/12mA/12mA,88,97,87,21
58.623,HRV,103,1,13626771,g4/12mA/12mA,88,97,87,21
58.623,HRV,103,2,11662406,g4/12mA/12mA,88,97,87,21
58.623,HRV,103,3,13070806,g4/12mA/12mA,88,97,87,21
58.623,HRV,104,0,13538463,g5/12mA/12mA,88,97,87,21
58.623,HRV,104,1,13624485,g4/12mA/12mA,88,97,87,21
58.623,HRV,104,2,11660573,g4/12mA/12mA,88,97,87,21
58.623,HRV,104,3,13069245,g4/12mA/12mA,88,97,87,21
58.623,HRV,105,0,13538139,g5/12mA/12mA,88,97,87,21
58.623,HRV,105,1,13624459,g4/12mA/12mA,88,97,87,21
58.623,HRV,105,2,11660445,g4/12mA/12mA,88,97,87,21
58.623,HRV,105,3,13069236,g4/12mA/12mA,88,97,87,21
58.623,HRV,106,0,13543771,g5/12mA/12mA,88,97,87,21
58.623,HRV,106,1,13628169,g4/12mA/12mA,88,97,87,21
58.623,HRV,106,2,11663755,g4/12mA/12mA,88,97,87,21
58.623,HRV,106,3,13072059,g4/12mA/12mA,88,97,87,21
58.661,HRV,107,0,13558853,g5/12mA/12mA,88,97,87,21
58.661,HRV,107,1,13638133,g4/12mA/12mA,88,97,87,21
58.661,HRV,107,2,11672252,g4/12mA/12mA,88,97,87,21
58.661,HRV,107,3,13080395,g4/12mA/12mA,88,97,87,21
58.661,HRV,108,0,13540331,g5/12mA/12mA,88,97,87,21
58.661,HRV,108,1,13625473,g4/12mA/12mA,88,97,87,21
58.661,HRV,108,2,11661537,g4/12mA/12mA,88,97,87,21
58.661,HRV,108,3,13070328,g4/12mA/12mA,88,97,87,21
58.661,HRV,109,0,13538241,g5/12mA/12mA,88,97,87,21
58.661,HRV,109,1,13624749,g4/12mA/12mA,88,97,87,21
58.661,HRV,109,2,11660549,g4/12mA/12mA,88,97,87,21
58.661,HRV,109,3,13069320,g4/12mA/12mA,88,97,87,21
58.661,HRV,110,0,13538727,g5/12mA/12mA,88,97,87,21
58.661,HRV,110,1,13625088,g4/12mA/12mA,88,97,87,21
58.661,HRV,110,2,11661025,g4/12mA/12mA,88,97,87,21
58.661,HRV,110,3,13069433,g4/12mA/12mA,88,97,87,21
58.661,HRV,111,0,13539453,g5/12mA/12mA,88,97,87,21
58.661,HRV,111,1,13624953,g4/12mA/12mA,88,97,87,21
58.661,HRV,111,2,11660949,g4/12mA/12mA,88,97,87,21
58.661,HRV,111,3,13069814,g4/12mA/12mA,88,97,87,21
58.682,SPO2,79,0,13016073,g1/73mA/0mA,88,97,87,21
58.682,SPO2,79,1,13268925,g1/36mA/0mA,88,97,87,21
58.682,SPO2,80,0,13014540,g1/73mA/0mA,88,97,87,21
58.682,SPO2,80,1,13268028,g1/36mA/0mA,88,97,87,21
58.682,SPO2,81,0,13015421,g1/73mA/0mA,88,97,87,21
58.682,SPO2,81,1,13268536,g1/36mA/0mA,88,97,87,21
58.682,SPO2,82,0,13015186,g1/73mA/0mA,88,97,86,19
58.682,SPO2,82,1,13268285,g1/36mA/0mA,88,97,86,19
58.682,SPO2,83,0,13015319,g1/73mA/0mA,88,97,86,19
58.682,SPO2,83,1,13268511,g1/36mA/0mA,88,97,86,19
58.682,SPO2,84,0,13013950,g1/73mA/0mA,88,97,86,19
58.682,SPO2,84,1,13267764,g1/36mA/0mA,88,97,86,19
58.687,SPO2,85,0,13014706,g1/73mA/0mA,88,97,86,19
58.687,SPO2,85,1,13267925,g1/36mA/0mA,88,97,86,19
58.687,SPO2,86,0,13012881,g1/73mA/0mA,88,97,86,19
58.687,SPO2,86,1,13267210,g1/36mA/0mA,88,97,86,19
58.687,SPO2,87,0,13012605,g1/73mA/0mA,88,97,86,19
58.687,SPO2,87,1,13266135,g1/36mA/0mA,88,97,86,19
58.687,SPO2,88,0,13013167,g1/73mA/0mA,88,97,86,19
58.687,SPO2,88,1,13266789,g1/36mA/0mA,88,97,86,19
58.687,SPO2,89,0,13014278,g1/73mA/0mA,88,97,86,19
58.687,SPO2,89,1,13268291,g1/36mA/0mA,88,97,86,19
58.687,SPO2,90,0,13013958,g1/73mA/0mA,88,97,86,19
58.687,SPO2,90,1,13267643,g1/36mA/0mA,88,97,86,19
58.687,SPO2,91,0,13015790,g1/73mA/0mA,88,97,86,19
58.687,SPO2,91,1,13268623,g1/36mA/0mA,88,97,86,19
58.687,SPO2,92,0,13014275,g1/73mA/0mA,88,97,86,19
58.687,SPO2,92,1,13268004,g1/36mA/0mA,88,97,86,19
58.716,SPO2,100,0,13013643,g1/73mA/0mA,88,97,86,19
58.716,SPO2,100,1,13267536,g1/36mA/0mA,88,97,86,19
58.716,SPO2,101,0,13012746,g1/73mA/0mA,88,97,86,19
58.716,SPO2,101,1,13267121,g1/36mA/0mA,88,97,86,19
58.716,SPO2,102,0,13014951,g1/73mA/0mA,88,97,86,19
58.716,SPO2,102,1,13268535,g1/36mA/0mA,88,97,86,19
58.716,SPO2,103,0,13015841,g1/73mA/0mA,88,97,86,19
58.716,SPO2,103,1,13268888,g1/36mA/0mA,88,97,86,19
58.716,SPO2,104,0,13012595,g1/73mA/0mA,88,97,86,19
58.716,SPO2,104,1,13266883,g1/36mA/0mA,88,97,86,19
58.716,SPO2,105,0,13012667,g1/73mA/0mA,88,97,86,19
58.716,SPO2,105,1,13266986,g1/36mA/0mA,88,97,86,19
58.716,SPO2,106,0,13017518,g1/73mA/0mA,88,97,86,19
58.716,SPO2,106,1,13269642,g1/36mA/0mA,88,97,86,19
58.750,HR,119,0,13538686,g5/12mA/12mA,88,97,86,19
58.750,HR,119,1,13624908,g4/12mA/12mA,88,97,86,19
58.750,HR,119,2,11660794,g4/12mA/12mA,88,97,86,19
58.750,HR,119,3,13069696,g4/12mA/12mA,88,97,86,19
58.750,HR,120,0,13539599,g5/12mA/12mA,88,97,86,19
58.750,HR,120,1,13625820,g4/12mA/12mA,88,97,86,19
58.750,HR,120,2,11661595,g4/12mA/12mA,88,97,86,19
58.750,HR,120,3,13070200,g4/12mA/12mA,88,97,86,19
58.750,HR,121,0,13536604,g5/12mA/12mA,88,97,86,19
58.750,HR,121,1,13624004,g4/12mA/12mA,88,97,86,19
58.750,HR,121,2,11660002,g4/12mA/12mA,88,97,86,19
58.750,HR,121,3,13068655,g4/12mA/12mA,88,97,86,19
58.750,HR,122,0,13537755,g5/12mA/12mA,88,97,86,19
58.750,HR,122,1,13624532,g4/12mA/12mA,88,97,86,19
58.750,HR,122,2,11660435,g4/12mA/12mA,88,97,86,19
58.750,HR,122,3,13069108,g4/12mA/12mA,88,97,86,19
58.750,HR,123,0,13536577,g5/12mA/12mA,88,97,86,19
58.750,HR,123,1,13623482,g4/12mA/12mA,88,97,86,19
58.750,HR,123,2,11659643,g4/12mA/12mA,88,97,86,19
58.750,HR,123,3,13068511,g4/12mA/12mA,88,97,86,19
58.750,HR,124,0,13537123,g5/12mA/12mA,88,97,86,19
58.750,HR,124,1,13624046,g4/12mA/12mA,88,97,86,19
58.750,HR,124,2,11659915,g4/12mA/12mA,88,97,86,19
58.750,HR,124,3,13068938,g4/12mA/12mA,88,97,86,19
58.771,HR,131,0,13535792,g5/12mA/12mA,88,97,86,19
58.771,HR,131,1,13623100,g4/12mA/12mA,88,97,86,19
58.771,HR,131,2,11658992,g4/12mA/12mA,88,97,86,19
58.771,HR,131,3,13068401,g4/12mA/12mA,88,97,86,19
58.774,HRV,113,0,13540570,g5/12mA/12mA,88,97,86,19
58.774,HRV,113,1,13625960,g4/12mA/12mA,88,97,86,19
58.774,HRV,113,2,11661835,g4/12mA/12mA,88,97,86,19
58.774,HRV,113,3,13070558,g4/12mA/12mA,88,97,86,19
58.774,HRV,114,0,13539573,g5/12mA/12mA,88,97,86,19
58.774,HRV,114,1,13625542,g4/12mA/12mA,88,97,86,19
58.774,HRV,114,2,11661562,g4/12mA/12mA,88,97,86,19
58.774,HRV,114,3,13069953,g4/12mA/12mA,88,97,86,19
58.774,HRV,115,0,13538677,g5/12mA/12mA,88,97,86,19
58.774,HRV,115,1,13624552,g4/12mA/12mA,88,97,86,19
58.774,HRV,115,2,11660683,g4/12mA/12mA,88,97,86,19
58.774,HRV,115,3,13069048,g4/12mA/12mA,88,97,86,19
58.774,HRV,116,0,13538660,g5/12mA/12mA,88,97,86,19
58.774,HRV,116,1,13624936,g4/12mA/12mA,88,97,86,19
58.774,HRV,116,2,11660923,g4/12mA/12mA,88,97,86,19
58.774,HRV,116,3,13069373,g4/12mA/12mA,88,97,86,19
58.774,HRV,117,0,13537807,g5/12mA/12mA,88,97,86,19
58.774,HRV,117,1,13624278,g4/12mA/12mA,88,97,86,19
58.774,HRV,117,2,11660290,g4/12mA/12mA,88,97,86,19
58.774,HRV,117,3,13069116,g4/12mA/12mA,88,97,86,19
58.774,HRV,118,0,13538582,g5/12mA/12mA,88,97,86,19
58.774,HRV,118,1,13624740,g4/12mA/12mA,88,97,86,19
58.774,HRV,118,2,11660906,g4/12mA/12mA,88,97,86,19
58.774,HRV,118,3,13069151,g4/12mA/12mA,88,97,86,19
58.779,HRV,125,0,13535743,g5/12mA/12mA,88,97,86,19
58.779,HRV,125,1,13623171,g4/12mA/12mA,88,97,86,19
58.779,HRV,125,2,11659243,g4/12mA/12mA,88,97,86,19
58.779,HRV,125,3,13067855,g4/12mA/12mA,88,97,86,19
58.779,HRV,126,0,13535571,g5/12mA/12mA,88,97,86,19
58.779,HRV,126,1,13622718,g4/12mA/12mA,88,97,86,19
58.779,HRV,126,2,11659224,g4/12mA/12mA,88,97,86,19
58.779,HRV,126,3,13067726,g4/12mA/12mA,88,97,86,19
58.779,HRV,127,0,13535657,g5/12mA/12mA,88,97,86,19
58.779,HRV,127,1,13622999,g4/12mA/12mA,88,97,86,19
58.779,HRV,127,2,11659167,g4/12mA/12mA,88,97,86,19
58.779,HRV,127,3,13067734,g4/12mA/12mA,88,97,86,19
58.779,HRV,128,0,13536007,g5/12mA/12mA,88,97,86,19
58.779,HRV,128,1,13623281,g4/12mA/12mA,88,97,86,19
58.779,HRV,128,2,11659677,g4/12mA/12mA,88,97,86,19
58.779,HRV,128,3,13068229,g4/12mA/12mA,88,97,86,19
58.779,HRV,129,0,13538146,g5/12mA/12mA,88,97,86,19
58.779,HRV,129,1,13624722,g4/12mA/12mA,88,97,86,19
58.779,HRV,129,2,11660633,g4/12mA/12mA,88,97,86,19
58.779,HRV,129,3,13069381,g4/12mA/12mA,88,97,86,19
58.779,HRV,130,0,13538343,g5/12mA/12mA,88,97,86,19
58.779,HRV,130,1,13624893,g4/12mA/12mA,88,97,86,19
58.779,HRV,130,2,11661001,g4/12mA/12mA,88,97,86,19
58.779,HRV,130,3,13069142,g4/12mA/12mA,88,97,86,19
58.805,SPO2,119,0,13015314,g1/73mA/0mA,88,97,86,19
58.805,SPO2,119,1,13267730,g1/36mA/0mA,88,97,86,19
58.805,SPO2,120,0,13016280,g1/73mA/0mA,88,97,86,19
58.805,SPO2,120,1,13268398,g1/36mA/0mA,88,97,86,19
58.805,SPO2,121,0,13013780,g1/73mA/0mA,88,97,86,19
58.805,SPO2,121,1,13266673,g1/36mA/0mA,88,97,86,19
58.805,SPO2,122,0,13014876,g1/73mA/0mA,88,97,86,19
58.805,SPO2,122,1,13267648,g1/36mA/0mA,88,97,86,19
58.805,SPO2,123,0,13014160,g1/73mA/0mA,88,97,86,19
58.805,SPO2,123,1,13267982,g1/36mA/0mA,88,97,86,19
58.805,SPO2,124,0,13014435,g1/73mA/0mA,88,97,86,19
58.805,SPO2,124,1,13267809,g1/36mA/0mA,88,97,86,19
58.805,SPO2,125,0,13015098,g1/73mA/0mA,88,97,86,19
58.805,SPO2,125,1,13268091,g1/36mA/0mA,88,97,86,19
58.805,SPO2,126,0,13015172,g1/73mA/0mA,88,97,86,19
58.805,SPO2,126,1,13268195,g1/36mA/0mA,88,97,86,19
58.834,SPO2,127,0,13011937,g1/73mA/0mA,88,97,86,19
58.834,SPO2,127,1,13266195,g1/36mA/0mA,88,97,86,19
58.834,SPO2,128,0,13012681,g1/73mA/0mA,88,97,86,19
58.834,SPO2,128,1,13266904,g1/36mA/0mA,88,97,86,19
58.834,SPO2,129,0,13015293,g1/73mA/0mA,88,97,86,19
58.834,SPO2,129,1,13269400,g1/36mA/0mA,88,97,86,19
58.834,SPO2,130,0,13014277,g1/73mA/0mA,88,97,86,19
58.834,SPO2,130,1,13267330,g1/36mA/0mA,88,97,86,19
58.834,SPO2,131,0,13012619,g1/73mA/0mA,88,97,86,19
58.834,SPO2,131,1,13266056,g1/36mA/0mA,88,97,86,19
